ticker,timeframe,hv1y_date,hv1y_volume,days_since_hv1y,hv1y_occ_1y,total_hv1y_count,is_hv1y_also_hve,hv1y_to_hve_ratio,all_hv1y_details
AMPL,monthly,2026-05-31,45876000,0,3,3,False,0.7460203628628995,"[{'date': Timestamp('2026-05-31 00:00:00'), 'volume': np.int64(45876000)}, {'date': Timestamp('2025-08-31 00:00:00'), 'volume': np.int64(41176900)}, {'date': Timestamp('2025-06-30 00:00:00'), 'volume': np.int64(26944700)}]"
ETD,monthly,2026-05-31,8288163,0,7,7,False,0.8212525638866044,"[{'date': Timestamp('2026-05-31 00:00:00'), 'volume': np.int64(8288163)}, {'date': Timestamp('2026-03-31 00:00:00'), 'volume': np.int64(8222100)}, {'date': Timestamp('2026-01-31 00:00:00'), 'volume': np.int64(7906700)}, {'date': Timestamp('2025-11-30 00:00:00'), 'volume': np.int64(6560300)}, {'date': Timestamp('2025-08-31 00:00:00'), 'volume': np.int64(6394100)}, {'date': Timestamp('2025-07-31 00:00:00'), 'volume': np.int64(5117900)}, {'date': Timestamp('2025-06-30 00:00:00'), 'volume': np.int64(5000700)}]"
WEST,monthly,2026-05-31,18769785,0,4,4,True,1.0,"[{'date': Timestamp('2026-05-31 00:00:00'), 'volume': np.int64(18769785)}, {'date': Timestamp('2025-08-31 00:00:00'), 'volume': np.int64(13460300)}, {'date': Timestamp('2025-07-31 00:00:00'), 'volume': np.int64(6736700)}, {'date': Timestamp('2025-06-30 00:00:00'), 'volume': np.int64(5533400)}]"
TSCO,monthly,2026-05-31,205298234,0,5,5,False,0.8671757999691649,"[{'date': Timestamp('2026-05-31 00:00:00'), 'volume': np.int64(205298234)}, {'date': Timestamp('2026-04-30 00:00:00'), 'volume': np.int64(195851600)}, {'date': Timestamp('2026-01-31 00:00:00'), 'volume': np.int64(183714900)}, {'date': Timestamp('2025-07-31 00:00:00'), 'volume': np.int64(138034200)}, {'date': Timestamp('2025-06-30 00:00:00'), 'volume': np.int64(123421500)}]"
FMAO,monthly,2026-05-31,1753197,0,5,5,False,0.5530938860495931,"[{'date': Timestamp('2026-05-31 00:00:00'), 'volume': np.int64(1753197)}, {'date': Timestamp('2026-04-30 00:00:00'), 'volume': np.int64(1040400)}, {'date': Timestamp('2026-03-31 00:00:00'), 'volume': np.int64(1003200)}, {'date': Timestamp('2025-07-31 00:00:00'), 'volume': np.int64(578500)}, {'date': Timestamp('2025-06-30 00:00:00'), 'volume': np.int64(373700)}]"
CHMG,monthly,2026-05-31,643895,0,3,3,False,0.6229031633936345,"[{'date': Timestamp('2026-05-31 00:00:00'), 'volume': np.int64(643895)}, {'date': Timestamp('2025-07-31 00:00:00'), 'volume': np.int64(411400)}, {'date': Timestamp('2025-06-30 00:00:00'), 'volume': np.int64(281700)}]"
MBCN,monthly,2026-02-28,690700,0,5,5,False,0.4861687900330823,"[{'date': Timestamp('2026-02-28 00:00:00'), 'volume': np.int64(690700)}, {'date': Timestamp('2025-10-31 00:00:00'), 'volume': np.int64(482800)}, {'date': Timestamp('2025-06-30 00:00:00'), 'volume': np.int64(200500)}, {'date': Timestamp('2025-04-30 00:00:00'), 'volume': np.int64(184400)}, {'date': Timestamp('2025-03-31 00:00:00'), 'volume': np.int64(161300)}]"
ANET,monthly,2026-05-31,213420650,0,2,2,False,0.5164888977731656,"[{'date': Timestamp('2026-05-31 00:00:00'), 'volume': np.int64(213420650)}, {'date': Timestamp('2025-06-30 00:00:00'), 'volume': np.int64(207512500)}]"
FWRD,monthly,2026-05-31,36415362,0,4,4,False,0.964280074038179,"[{'date': Timestamp('2026-05-31 00:00:00'), 'volume': np.int64(36415362)}, {'date': Timestamp('2025-10-31 00:00:00'), 'volume': np.int64(22585600)}, {'date': Timestamp('2025-08-31 00:00:00'), 'volume': np.int64(13329600)}, {'date': Timestamp('2025-06-30 00:00:00'), 'volume': np.int64(12619500)}]"
IPGP,monthly,2026-05-31,11797463,0,8,8,False,0.6260560599869455,"[{'date': Timestamp('2026-05-31 00:00:00'), 'volume': np.int64(11797463)}, {'date': Timestamp('2026-03-31 00:00:00'), 'volume': np.int64(10381700)}, {'date': Timestamp('2026-01-31 00:00:00'), 'volume': np.int64(7571600)}, {'date': Timestamp('2025-12-31 00:00:00'), 'volume': np.int64(6132700)}, {'date': Timestamp('2025-11-30 00:00:00'), 'volume': np.int64(5346600)}, {'date': Timestamp('2025-09-30 00:00:00'), 'volume': np.int64(5220500)}, {'date': Timestamp('2025-08-31 00:00:00'), 'volume': np.int64(4976700)}, {'date': Timestamp('2025-06-30 00:00:00'), 'volume': np.int64(4790000)}]"
ATII,monthly,2026-05-31,5957838,0,3,3,True,1.0,"[{'date': Timestamp('2026-05-31 00:00:00'), 'volume': np.int64(5957838)}, {'date': Timestamp('2026-04-30 00:00:00'), 'volume': np.int64(5701100)}, {'date': Timestamp('2025-06-30 00:00:00'), 'volume': np.int64(1536100)}]"
TAVI,monthly,2026-05-31,1707576,0,4,4,True,1.0,"[{'date': Timestamp('2026-05-31 00:00:00'), 'volume': np.int64(1707576)}, {'date': Timestamp('2025-10-31 00:00:00'), 'volume': np.int64(1210400)}, {'date': Timestamp('2025-09-30 00:00:00'), 'volume': np.int64(430500)}, {'date': Timestamp('2025-06-30 00:00:00'), 'volume': np.int64(131500)}]"
TECH,monthly,2026-05-31,57725856,0,5,5,False,0.971699611662579,"[{'date': Timestamp('2026-05-31 00:00:00'), 'volume': np.int64(57725856)}, {'date': Timestamp('2025-09-30 00:00:00'), 'volume': np.int64(51704500)}, {'date': Timestamp('2025-08-31 00:00:00'), 'volume': np.int64(46214700)}, {'date': Timestamp('2025-07-31 00:00:00'), 'volume': np.int64(45010000)}, {'date': Timestamp('2025-06-30 00:00:00'), 'volume': np.int64(44332400)}]"
AGYS,monthly,2026-05-31,8400947,0,5,5,True,1.0,"[{'date': Timestamp('2026-05-31 00:00:00'), 'volume': np.int64(8400947)}, {'date': Timestamp('2026-01-31 00:00:00'), 'volume': np.int64(6785200)}, {'date': Timestamp('2025-10-31 00:00:00'), 'volume': np.int64(6190800)}, {'date': Timestamp('2025-07-31 00:00:00'), 'volume': np.int64(5977700)}, {'date': Timestamp('2025-06-30 00:00:00'), 'volume': np.int64(5592100)}]"
NGG,monthly,2026-05-31,31517026,0,3,3,True,1.0,"[{'date': Timestamp('2026-05-31 00:00:00'), 'volume': np.int64(31517026)}, {'date': Timestamp('2026-03-31 00:00:00'), 'volume': np.int64(29552900)}, {'date': Timestamp('2025-06-30 00:00:00'), 'volume': np.int64(21592800)}]"
ETR,monthly,2026-05-31,68401201,0,5,5,False,0.6434368803266043,"[{'date': Timestamp('2026-05-31 00:00:00'), 'volume': np.int64(68401201)}, {'date': Timestamp('2026-03-31 00:00:00'), 'volume': np.int64(64483000)}, {'date': Timestamp('2025-10-31 00:00:00'), 'volume': np.int64(64245900)}, {'date': Timestamp('2025-07-31 00:00:00'), 'volume': np.int64(58433200)}, {'date': Timestamp('2025-06-30 00:00:00'), 'volume': np.int64(55803100)}]"
NXG,monthly,2026-05-31,1983810,0,4,4,True,1.0,"[{'date': Timestamp('2026-05-31 00:00:00'), 'volume': np.int64(1983810)}, {'date': Timestamp('2026-03-31 00:00:00'), 'volume': np.int64(1611900)}, {'date': Timestamp('2025-07-31 00:00:00'), 'volume': np.int64(1276500)}, {'date': Timestamp('2025-06-30 00:00:00'), 'volume': np.int64(654700)}]"
RLJ,monthly,2026-05-31,52620434,0,5,5,False,0.6059637069656462,"[{'date': Timestamp('2026-05-31 00:00:00'), 'volume': np.int64(52620434)}, {'date': Timestamp('2025-12-31 00:00:00'), 'volume': np.int64(50741600)}, {'date': Timestamp('2025-10-31 00:00:00'), 'volume': np.int64(50636500)}, {'date': Timestamp('2025-08-31 00:00:00'), 'volume': np.int64(50527700)}, {'date': Timestamp('2025-06-30 00:00:00'), 'volume': np.int64(32655200)}]"
MBBC,monthly,2026-05-31,351462,0,3,3,True,1.0,"[{'date': Timestamp('2026-05-31 00:00:00'), 'volume': np.int64(351462)}, {'date': Timestamp('2026-04-30 00:00:00'), 'volume': np.int64(255600)}, {'date': Timestamp('2025-06-30 00:00:00'), 'volume': np.int64(210200)}]"
MRVI,monthly,2026-05-31,46781386,0,4,4,False,0.480138536082707,"[{'date': Timestamp('2026-05-31 00:00:00'), 'volume': np.int64(46781386)}, {'date': Timestamp('2026-03-31 00:00:00'), 'volume': np.int64(39791900)}, {'date': Timestamp('2025-10-31 00:00:00'), 'volume': np.int64(38854400)}, {'date': Timestamp('2025-06-30 00:00:00'), 'volume': np.int64(37004000)}]"
HESM,monthly,2026-05-31,45714134,0,5,5,True,1.0,"[{'date': Timestamp('2026-05-31 00:00:00'), 'volume': np.int64(45714134)}, {'date': Timestamp('2026-04-30 00:00:00'), 'volume': np.int64(42947300)}, {'date': Timestamp('2025-09-30 00:00:00'), 'volume': np.int64(37679700)}, {'date': Timestamp('2025-07-31 00:00:00'), 'volume': np.int64(37475000)}, {'date': Timestamp('2025-06-30 00:00:00'), 'volume': np.int64(28969700)}]"
SIBN,monthly,2026-05-31,14879254,0,4,4,True,1.0,"[{'date': Timestamp('2026-05-31 00:00:00'), 'volume': np.int64(14879254)}, {'date': Timestamp('2026-04-30 00:00:00'), 'volume': np.int64(13921600)}, {'date': Timestamp('2025-11-30 00:00:00'), 'volume': np.int64(13854400)}, {'date': Timestamp('2025-06-30 00:00:00'), 'volume': np.int64(10857300)}]"
DRTS,monthly,2026-05-31,17598915,0,7,7,False,0.663381531978092,"[{'date': Timestamp('2026-05-31 00:00:00'), 'volume': np.int64(17598915)}, {'date': Timestamp('2026-01-31 00:00:00'), 'volume': np.int64(10139100)}, {'date': Timestamp('2025-12-31 00:00:00'), 'volume': np.int64(5830400)}, {'date': Timestamp('2025-10-31 00:00:00'), 'volume': np.int64(1440100)}, {'date': Timestamp('2025-09-30 00:00:00'), 'volume': np.int64(1423800)}, {'date': Timestamp('2025-08-31 00:00:00'), 'volume': np.int64(1314300)}, {'date': Timestamp('2025-06-30 00:00:00'), 'volume': np.int64(948200)}]"
CLBK,monthly,2026-05-31,6574170,0,6,6,False,0.8470667817706253,"[{'date': Timestamp('2026-05-31 00:00:00'), 'volume': np.int64(6574170)}, {'date': Timestamp('2026-03-31 00:00:00'), 'volume': np.int64(6243900)}, {'date': Timestamp('2026-02-28 00:00:00'), 'volume': np.int64(3826800)}, {'date': Timestamp('2025-10-31 00:00:00'), 'volume': np.int64(3224500)}, {'date': Timestamp('2025-09-30 00:00:00'), 'volume': np.int64(2921000)}, {'date': Timestamp('2025-06-30 00:00:00'), 'volume': np.int64(2645000)}]"
MGEE,monthly,2026-05-31,6591839,0,3,3,False,0.34628277999579743,"[{'date': Timestamp('2026-05-31 00:00:00'), 'volume': np.int64(6591839)}, {'date': Timestamp('2026-03-31 00:00:00'), 'volume': np.int64(5732500)}, {'date': Timestamp('2025-06-30 00:00:00'), 'volume': np.int64(3714500)}]"
SONY,monthly,2026-05-31,135185721,0,4,4,False,0.6937386094511342,"[{'date': Timestamp('2026-05-31 00:00:00'), 'volume': np.int64(135185721)}, {'date': Timestamp('2026-01-31 00:00:00'), 'volume': np.int64(126684800)}, {'date': Timestamp('2025-10-31 00:00:00'), 'volume': np.int64(98905600)}, {'date': Timestamp('2025-06-30 00:00:00'), 'volume': np.int64(96106500)}]"
DOCS,monthly,2026-05-31,95960201,0,6,6,True,1.0,"[{'date': Timestamp('2026-05-31 00:00:00'), 'volume': np.int64(95960201)}, {'date': Timestamp('2026-04-30 00:00:00'), 'volume': np.int64(64634100)}, {'date': Timestamp('2026-02-28 00:00:00'), 'volume': np.int64(63557400)}, {'date': Timestamp('2025-12-31 00:00:00'), 'volume': np.int64(62546300)}, {'date': Timestamp('2025-11-30 00:00:00'), 'volume': np.int64(46916400)}, {'date': Timestamp('2025-06-30 00:00:00'), 'volume': np.int64(42759900)}]"
FVCB,monthly,2026-05-31,3644460,0,5,5,True,1.0,"[{'date': Timestamp('2026-05-31 00:00:00'), 'volume': np.int64(3644460)}, {'date': Timestamp('2026-04-30 00:00:00'), 'volume': np.int64(3108700)}, {'date': Timestamp('2026-03-31 00:00:00'), 'volume': np.int64(1326800)}, {'date': Timestamp('2025-07-31 00:00:00'), 'volume': np.int64(1146500)}, {'date': Timestamp('2025-06-30 00:00:00'), 'volume': np.int64(904800)}]"
CLDT,monthly,2026-05-31,8269369,0,5,5,False,0.3546421786212072,"[{'date': Timestamp('2026-05-31 00:00:00'), 'volume': np.int64(8269369)}, {'date': Timestamp('2025-10-31 00:00:00'), 'volume': np.int64(7404200)}, {'date': Timestamp('2025-09-30 00:00:00'), 'volume': np.int64(5863800)}, {'date': Timestamp('2025-08-31 00:00:00'), 'volume': np.int64(5528900)}, {'date': Timestamp('2025-06-30 00:00:00'), 'volume': np.int64(5404700)}]"
JRVR,monthly,2026-05-31,11330435,0,4,4,False,0.32206943698283974,"[{'date': Timestamp('2026-05-31 00:00:00'), 'volume': np.int64(11330435)}, {'date': Timestamp('2026-03-31 00:00:00'), 'volume': np.int64(6737800)}, {'date': Timestamp('2025-08-31 00:00:00'), 'volume': np.int64(6531100)}, {'date': Timestamp('2025-06-30 00:00:00'), 'volume': np.int64(5640200)}]"
SHAK,monthly,2026-05-31,52789103,0,5,5,False,0.9925506295912593,"[{'date': Timestamp('2026-05-31 00:00:00'), 'volume': np.int64(52789103)}, {'date': Timestamp('2025-12-31 00:00:00'), 'volume': np.int64(39205700)}, {'date': Timestamp('2025-10-31 00:00:00'), 'volume': np.int64(31749000)}, {'date': Timestamp('2025-07-31 00:00:00'), 'volume': np.int64(31276100)}, {'date': Timestamp('2025-06-30 00:00:00'), 'volume': np.int64(26064000)}]"
ELLO,monthly,2026-05-31,279528,0,3,3,False,0.6301352569882778,"[{'date': Timestamp('2026-05-31 00:00:00'), 'volume': np.int64(279528)}, {'date': Timestamp('2025-07-31 00:00:00'), 'volume': np.int64(186000)}, {'date': Timestamp('2025-06-30 00:00:00'), 'volume': np.int64(93300)}]"
MEI,monthly,2026-05-31,24103934,0,4,4,True,1.0,"[{'date': Timestamp('2026-05-31 00:00:00'), 'volume': np.int64(24103934)}, {'date': Timestamp('2026-03-31 00:00:00'), 'volume': np.int64(13433700)}, {'date': Timestamp('2025-07-31 00:00:00'), 'volume': np.int64(12518600)}, {'date': Timestamp('2025-06-30 00:00:00'), 'volume': np.int64(5875000)}]"
ASGN,monthly,2026-04-30,31640647,0,5,5,True,1.0,"[{'date': Timestamp('2026-04-30 00:00:00'), 'volume': np.int64(31640647)}, {'date': Timestamp('2026-03-31 00:00:00'), 'volume': np.int64(23465370)}, {'date': Timestamp('2025-10-31 00:00:00'), 'volume': np.int64(14076300)}, {'date': Timestamp('2025-07-31 00:00:00'), 'volume': np.int64(13958500)}, {'date': Timestamp('2025-05-31 00:00:00'), 'volume': np.int64(10248300)}]"
FMS,monthly,2026-05-31,14986831,0,4,4,False,0.42117834027951473,"[{'date': Timestamp('2026-05-31 00:00:00'), 'volume': np.int64(14986831)}, {'date': Timestamp('2026-01-31 00:00:00'), 'volume': np.int64(13883000)}, {'date': Timestamp('2025-11-30 00:00:00'), 'volume': np.int64(10777400)}, {'date': Timestamp('2025-06-30 00:00:00'), 'volume': np.int64(7996600)}]"
VSH,monthly,2026-05-31,86106610,0,6,6,True,1.0,"[{'date': Timestamp('2026-05-31 00:00:00'), 'volume': np.int64(86106610)}, {'date': Timestamp('2026-04-30 00:00:00'), 'volume': np.int64(57874400)}, {'date': Timestamp('2026-01-31 00:00:00'), 'volume': np.int64(47484200)}, {'date': Timestamp('2025-08-31 00:00:00'), 'volume': np.int64(41600100)}, {'date': Timestamp('2025-07-31 00:00:00'), 'volume': np.int64(31530500)}, {'date': Timestamp('2025-06-30 00:00:00'), 'volume': np.int64(31509700)}]"
VNT,monthly,2026-05-31,40179718,0,4,4,False,0.39614849855904655,"[{'date': Timestamp('2026-05-31 00:00:00'), 'volume': np.int64(40179718)}, {'date': Timestamp('2025-10-31 00:00:00'), 'volume': np.int64(25976200)}, {'date': Timestamp('2025-07-31 00:00:00'), 'volume': np.int64(22118700)}, {'date': Timestamp('2025-06-30 00:00:00'), 'volume': np.int64(17189400)}]"
CIK,monthly,2026-05-31,12934033,0,4,4,False,0.31972356119820633,"[{'date': Timestamp('2026-05-31 00:00:00'), 'volume': np.int64(12934033)}, {'date': Timestamp('2025-11-30 00:00:00'), 'volume': np.int64(12025900)}, {'date': Timestamp('2025-10-31 00:00:00'), 'volume': np.int64(10106900)}, {'date': Timestamp('2025-06-30 00:00:00'), 'volume': np.int64(9409900)}]"
RANG,monthly,2026-05-31,1398478,0,4,4,False,0.7590523230568823,"[{'date': Timestamp('2026-05-31 00:00:00'), 'volume': np.int64(1398478)}, {'date': Timestamp('2025-10-31 00:00:00'), 'volume': np.int64(1001900)}, {'date': Timestamp('2025-07-31 00:00:00'), 'volume': np.int64(429800)}, {'date': Timestamp('2025-06-30 00:00:00'), 'volume': np.int64(34200)}]"
NUW,monthly,2026-05-31,1007977,0,4,4,False,0.6273585610257049,"[{'date': Timestamp('2026-05-31 00:00:00'), 'volume': np.int64(1007977)}, {'date': Timestamp('2025-12-31 00:00:00'), 'volume': np.int64(918500)}, {'date': Timestamp('2025-07-31 00:00:00'), 'volume': np.int64(904800)}, {'date': Timestamp('2025-06-30 00:00:00'), 'volume': np.int64(809600)}]"
ERII,monthly,2026-05-31,24515014,0,5,5,True,1.0,"[{'date': Timestamp('2026-05-31 00:00:00'), 'volume': np.int64(24515014)}, {'date': Timestamp('2026-03-31 00:00:00'), 'volume': np.int64(21141300)}, {'date': Timestamp('2025-11-30 00:00:00'), 'volume': np.int64(13575300)}, {'date': Timestamp('2025-09-30 00:00:00'), 'volume': np.int64(9993600)}, {'date': Timestamp('2025-06-30 00:00:00'), 'volume': np.int64(8736700)}]"
TYG,monthly,2026-05-31,4204354,0,6,6,False,0.5290042685439452,"[{'date': Timestamp('2026-05-31 00:00:00'), 'volume': np.int64(4204354)}, {'date': Timestamp('2026-01-31 00:00:00'), 'volume': np.int64(3900500)}, {'date': Timestamp('2025-12-31 00:00:00'), 'volume': np.int64(2804200)}, {'date': Timestamp('2025-11-30 00:00:00'), 'volume': np.int64(2020500)}, {'date': Timestamp('2025-07-31 00:00:00'), 'volume': np.int64(1786100)}, {'date': Timestamp('2025-06-30 00:00:00'), 'volume': np.int64(1263800)}]"
RXO,monthly,2026-05-31,58034801,0,6,6,True,1.0,"[{'date': Timestamp('2026-05-31 00:00:00'), 'volume': np.int64(58034801)}, {'date': Timestamp('2025-11-30 00:00:00'), 'volume': np.int64(49602200)}, {'date': Timestamp('2025-09-30 00:00:00'), 'volume': np.int64(46678200)}, {'date': Timestamp('2025-08-31 00:00:00'), 'volume': np.int64(42840200)}, {'date': Timestamp('2025-07-31 00:00:00'), 'volume': np.int64(36253200)}, {'date': Timestamp('2025-06-30 00:00:00'), 'volume': np.int64(34308800)}]"
COR,monthly,2026-05-31,39273860,0,4,4,False,0.6562794101919683,"[{'date': Timestamp('2026-05-31 00:00:00'), 'volume': np.int64(39273860)}, {'date': Timestamp('2025-09-30 00:00:00'), 'volume': np.int64(37947400)}, {'date': Timestamp('2025-08-31 00:00:00'), 'volume': np.int64(29253400)}, {'date': Timestamp('2025-06-30 00:00:00'), 'volume': np.int64(27210800)}]"
USCB,monthly,2026-05-31,1386959,0,6,6,False,0.6173316419637691,"[{'date': Timestamp('2026-05-31 00:00:00'), 'volume': np.int64(1386959)}, {'date': Timestamp('2025-12-31 00:00:00'), 'volume': np.int64(982100)}, {'date': Timestamp('2025-11-30 00:00:00'), 'volume': np.int64(595300)}, {'date': Timestamp('2025-10-31 00:00:00'), 'volume': np.int64(579700)}, {'date': Timestamp('2025-07-31 00:00:00'), 'volume': np.int64(547700)}, {'date': Timestamp('2025-06-30 00:00:00'), 'volume': np.int64(487200)}]"
CEVA,monthly,2026-05-31,15481988,0,6,6,True,1.0,"[{'date': Timestamp('2026-05-31 00:00:00'), 'volume': np.int64(15481988)}, {'date': Timestamp('2025-12-31 00:00:00'), 'volume': np.int64(13907700)}, {'date': Timestamp('2025-11-30 00:00:00'), 'volume': np.int64(13708100)}, {'date': Timestamp('2025-09-30 00:00:00'), 'volume': np.int64(6969700)}, {'date': Timestamp('2025-08-31 00:00:00'), 'volume': np.int64(5763600)}, {'date': Timestamp('2025-06-30 00:00:00'), 'volume': np.int64(5508400)}]"
AORT,monthly,2026-05-31,16083860,0,4,4,True,1.0,"[{'date': Timestamp('2026-05-31 00:00:00'), 'volume': np.int64(16083860)}, {'date': Timestamp('2025-08-31 00:00:00'), 'volume': np.int64(12893900)}, {'date': Timestamp('2025-07-31 00:00:00'), 'volume': np.int64(6874500)}, {'date': Timestamp('2025-06-30 00:00:00'), 'volume': np.int64(6727400)}]"
RELY,monthly,2026-05-31,108785954,0,5,5,True,1.0,"[{'date': Timestamp('2026-05-31 00:00:00'), 'volume': np.int64(108785954)}, {'date': Timestamp('2025-11-30 00:00:00'), 'volume': np.int64(105466600)}, {'date': Timestamp('2025-08-31 00:00:00'), 'volume': np.int64(95755300)}, {'date': Timestamp('2025-07-31 00:00:00'), 'volume': np.int64(81400500)}, {'date': Timestamp('2025-06-30 00:00:00'), 'volume': np.int64(70278100)}]"
APTV,monthly,2026-05-31,61808958,0,5,5,False,0.6924023551710927,"[{'date': Timestamp('2026-05-31 00:00:00'), 'volume': np.int64(61808958)}, {'date': Timestamp('2026-04-30 00:00:00'), 'volume': np.int64(57295100)}, {'date': Timestamp('2025-08-31 00:00:00'), 'volume': np.int64(56619100)}, {'date': Timestamp('2025-07-31 00:00:00'), 'volume': np.int64(51442500)}, {'date': Timestamp('2025-06-30 00:00:00'), 'volume': np.int64(47138100)}]"
FSEA,monthly,2026-05-31,1538780,0,4,4,True,1.0,"[{'date': Timestamp('2026-05-31 00:00:00'), 'volume': np.int64(1538780)}, {'date': Timestamp('2026-04-30 00:00:00'), 'volume': np.int64(188400)}, {'date': Timestamp('2025-09-30 00:00:00'), 'volume': np.int64(103800)}, {'date': Timestamp('2025-06-30 00:00:00'), 'volume': np.int64(103100)}]"
BSBK,monthly,2026-05-31,232811,0,6,6,False,0.11125442033833509,"[{'date': Timestamp('2026-05-31 00:00:00'), 'volume': np.int64(232811)}, {'date': Timestamp('2026-03-31 00:00:00'), 'volume': np.int64(201700)}, {'date': Timestamp('2025-12-31 00:00:00'), 'volume': np.int64(198100)}, {'date': Timestamp('2025-08-31 00:00:00'), 'volume': np.int64(178800)}, {'date': Timestamp('2025-07-31 00:00:00'), 'volume': np.int64(127400)}, {'date': Timestamp('2025-06-30 00:00:00'), 'volume': np.int64(84400)}]"
LAW,monthly,2026-05-31,9348156,0,4,4,False,0.31359969405418464,"[{'date': Timestamp('2026-05-31 00:00:00'), 'volume': np.int64(9348156)}, {'date': Timestamp('2026-03-31 00:00:00'), 'volume': np.int64(8239000)}, {'date': Timestamp('2025-11-30 00:00:00'), 'volume': np.int64(5537400)}, {'date': Timestamp('2025-06-30 00:00:00'), 'volume': np.int64(4319000)}]"
JBK,monthly,2026-05-31,34972,0,3,3,False,0.49535410764872523,"[{'date': Timestamp('2026-05-31 00:00:00'), 'volume': np.int64(34972)}, {'date': Timestamp('2025-09-30 00:00:00'), 'volume': np.int64(23200)}, {'date': Timestamp('2025-06-30 00:00:00'), 'volume': np.int64(19300)}]"
DXC,monthly,2026-05-31,105574799,0,8,8,False,0.6414349152690659,"[{'date': Timestamp('2026-05-31 00:00:00'), 'volume': np.int64(105574799)}, {'date': Timestamp('2026-04-30 00:00:00'), 'volume': np.int64(66608300)}, {'date': Timestamp('2026-03-31 00:00:00'), 'volume': np.int64(54735500)}, {'date': Timestamp('2025-12-31 00:00:00'), 'volume': np.int64(47882700)}, {'date': Timestamp('2025-10-31 00:00:00'), 'volume': np.int64(42614800)}, {'date': Timestamp('2025-09-30 00:00:00'), 'volume': np.int64(40277200)}, {'date': Timestamp('2025-07-31 00:00:00'), 'volume': np.int64(40118500)}, {'date': Timestamp('2025-06-30 00:00:00'), 'volume': np.int64(36057300)}]"
QTRX,monthly,2026-05-31,24011612,0,3,3,False,0.7195719418747172,"[{'date': Timestamp('2026-05-31 00:00:00'), 'volume': np.int64(24011612)}, {'date': Timestamp('2026-04-30 00:00:00'), 'volume': np.int64(20754000)}, {'date': Timestamp('2025-06-30 00:00:00'), 'volume': np.int64(18285700)}]"
BFAM,monthly,2026-05-31,31290529,0,5,5,True,1.0,"[{'date': Timestamp('2026-05-31 00:00:00'), 'volume': np.int64(31290529)}, {'date': Timestamp('2025-10-31 00:00:00'), 'volume': np.int64(19198900)}, {'date': Timestamp('2025-08-31 00:00:00'), 'volume': np.int64(14083000)}, {'date': Timestamp('2025-07-31 00:00:00'), 'volume': np.int64(11439200)}, {'date': Timestamp('2025-06-30 00:00:00'), 'volume': np.int64(9884800)}]"
ECCC,monthly,2026-05-31,243229,0,3,3,False,0.2704347342672893,"[{'date': Timestamp('2026-05-31 00:00:00'), 'volume': np.int64(243229)}, {'date': Timestamp('2025-12-31 00:00:00'), 'volume': np.int64(230000)}, {'date': Timestamp('2025-06-30 00:00:00'), 'volume': np.int64(70600)}]"
AGO,monthly,2026-05-31,8012500,0,3,3,False,0.16047820000040056,"[{'date': Timestamp('2026-05-31 00:00:00'), 'volume': np.int64(8012500)}, {'date': Timestamp('2025-08-31 00:00:00'), 'volume': np.int64(7675100)}, {'date': Timestamp('2025-06-30 00:00:00'), 'volume': np.int64(6980600)}]"
PODD,monthly,2026-05-31,26283633,0,5,5,False,0.7524895716727409,"[{'date': Timestamp('2026-05-31 00:00:00'), 'volume': np.int64(26283633)}, {'date': Timestamp('2026-04-30 00:00:00'), 'volume': np.int64(22630800)}, {'date': Timestamp('2026-03-31 00:00:00'), 'volume': np.int64(21512800)}, {'date': Timestamp('2026-01-31 00:00:00'), 'volume': np.int64(18325800)}, {'date': Timestamp('2025-06-30 00:00:00'), 'volume': np.int64(16913100)}]"
SLRC,monthly,2026-05-31,10607037,0,4,4,False,0.8968265791854438,"[{'date': Timestamp('2026-05-31 00:00:00'), 'volume': np.int64(10607037)}, {'date': Timestamp('2025-10-31 00:00:00'), 'volume': np.int64(7569600)}, {'date': Timestamp('2025-09-30 00:00:00'), 'volume': np.int64(4913800)}, {'date': Timestamp('2025-06-30 00:00:00'), 'volume': np.int64(4211600)}]"
BOTJ,monthly,2026-05-31,248434,0,2,2,False,0.7358827014218009,"[{'date': Timestamp('2026-05-31 00:00:00'), 'volume': np.int64(248434)}, {'date': Timestamp('2025-06-30 00:00:00'), 'volume': np.int64(248100)}]"
AURA,monthly,2026-05-31,15181989,0,4,4,True,1.0,"[{'date': Timestamp('2026-05-31 00:00:00'), 'volume': np.int64(15181989)}, {'date': Timestamp('2025-10-31 00:00:00'), 'volume': np.int64(6605200)}, {'date': Timestamp('2025-09-30 00:00:00'), 'volume': np.int64(5768800)}, {'date': Timestamp('2025-06-30 00:00:00'), 'volume': np.int64(5050700)}]"
MCW,monthly,2026-05-31,105701974,0,4,4,True,1.0,"[{'date': Timestamp('2026-05-31 00:00:00'), 'volume': np.int64(105701974)}, {'date': Timestamp('2026-03-31 00:00:00'), 'volume': np.int64(55768871)}, {'date': Timestamp('2025-07-31 00:00:00'), 'volume': np.int64(46267400)}, {'date': Timestamp('2025-06-30 00:00:00'), 'volume': np.int64(33541300)}]"
QCOM,monthly,2026-05-31,455750234,0,6,6,True,1.0,"[{'date': Timestamp('2026-05-31 00:00:00'), 'volume': np.int64(455750234)}, {'date': Timestamp('2026-04-30 00:00:00'), 'volume': np.int64(341971800)}, {'date': Timestamp('2026-03-31 00:00:00'), 'volume': np.int64(284505500)}, {'date': Timestamp('2025-10-31 00:00:00'), 'volume': np.int64(267402100)}, {'date': Timestamp('2025-07-31 00:00:00'), 'volume': np.int64(177031200)}, {'date': Timestamp('2025-06-30 00:00:00'), 'volume': np.int64(168025100)}]"
CGNX,monthly,2026-05-31,46699778,0,4,4,False,0.5760000246682125,"[{'date': Timestamp('2026-05-31 00:00:00'), 'volume': np.int64(46699778)}, {'date': Timestamp('2025-08-31 00:00:00'), 'volume': np.int64(44851700)}, {'date': Timestamp('2025-07-31 00:00:00'), 'volume': np.int64(43473800)}, {'date': Timestamp('2025-06-30 00:00:00'), 'volume': np.int64(33755100)}]"
WTF,monthly,2026-05-31,4953825,0,4,4,False,0.11223949954912295,"[{'date': Timestamp('2026-05-31 00:00:00'), 'volume': np.int64(4953825)}, {'date': Timestamp('2025-09-30 00:00:00'), 'volume': np.int64(4386500)}, {'date': Timestamp('2025-07-31 00:00:00'), 'volume': np.int64(2139200)}, {'date': Timestamp('2025-06-30 00:00:00'), 'volume': np.int64(1933600)}]"
AWF,monthly,2026-05-31,10775125,0,9,9,False,0.6921684696027545,"[{'date': Timestamp('2026-05-31 00:00:00'), 'volume': np.int64(10775125)}, {'date': Timestamp('2026-03-31 00:00:00'), 'volume': np.int64(9069800)}, {'date': Timestamp('2026-01-31 00:00:00'), 'volume': np.int64(6491300)}, {'date': Timestamp('2025-12-31 00:00:00'), 'volume': np.int64(5828100)}, {'date': Timestamp('2025-10-31 00:00:00'), 'volume': np.int64(5495300)}, {'date': Timestamp('2025-09-30 00:00:00'), 'volume': np.int64(4634800)}, {'date': Timestamp('2025-08-31 00:00:00'), 'volume': np.int64(4609800)}, {'date': Timestamp('2025-07-31 00:00:00'), 'volume': np.int64(3809800)}, {'date': Timestamp('2025-06-30 00:00:00'), 'volume': np.int64(2932100)}]"
ZTS,monthly,2026-05-31,156519070,0,5,5,True,1.0,"[{'date': Timestamp('2026-05-31 00:00:00'), 'volume': np.int64(156519070)}, {'date': Timestamp('2025-12-31 00:00:00'), 'volume': np.int64(131754700)}, {'date': Timestamp('2025-11-30 00:00:00'), 'volume': np.int64(105935600)}, {'date': Timestamp('2025-07-31 00:00:00'), 'volume': np.int64(70386200)}, {'date': Timestamp('2025-06-30 00:00:00'), 'volume': np.int64(58660600)}]"
CLX,monthly,2026-05-31,58154184,0,7,7,False,0.7141335966166134,"[{'date': Timestamp('2026-05-31 00:00:00'), 'volume': np.int64(58154184)}, {'date': Timestamp('2026-04-30 00:00:00'), 'volume': np.int64(52408700)}, {'date': Timestamp('2025-12-31 00:00:00'), 'volume': np.int64(49834800)}, {'date': Timestamp('2025-11-30 00:00:00'), 'volume': np.int64(48181100)}, {'date': Timestamp('2025-09-30 00:00:00'), 'volume': np.int64(42800500)}, {'date': Timestamp('2025-07-31 00:00:00'), 'volume': np.int64(38859200)}, {'date': Timestamp('2025-06-30 00:00:00'), 'volume': np.int64(37723300)}]"
WEN,monthly,2026-05-31,235264296,0,4,4,True,1.0,"[{'date': Timestamp('2026-05-31 00:00:00'), 'volume': np.int64(235264296)}, {'date': Timestamp('2026-03-31 00:00:00'), 'volume': np.int64(184316000)}, {'date': Timestamp('2025-07-31 00:00:00'), 'volume': np.int64(161342200)}, {'date': Timestamp('2025-06-30 00:00:00'), 'volume': np.int64(146266400)}]"
FLO,monthly,2026-05-31,157869726,0,6,6,True,1.0,"[{'date': Timestamp('2026-05-31 00:00:00'), 'volume': np.int64(157869726)}, {'date': Timestamp('2026-03-31 00:00:00'), 'volume': np.int64(124445900)}, {'date': Timestamp('2025-09-30 00:00:00'), 'volume': np.int64(104793400)}, {'date': Timestamp('2025-08-31 00:00:00'), 'volume': np.int64(61628900)}, {'date': Timestamp('2025-07-31 00:00:00'), 'volume': np.int64(57701100)}, {'date': Timestamp('2025-06-30 00:00:00'), 'volume': np.int64(57015400)}]"
PKST,monthly,2026-02-28,18386300,0,2,2,True,1.0,"[{'date': Timestamp('2026-02-28 00:00:00'), 'volume': np.int64(18386300)}, {'date': Timestamp('2025-03-31 00:00:00'), 'volume': np.int64(6334100)}]"
XRX,monthly,2026-05-31,138336749,0,5,5,True,1.0,"[{'date': Timestamp('2026-05-31 00:00:00'), 'volume': np.int64(138336749)}, {'date': Timestamp('2026-04-30 00:00:00'), 'volume': np.int64(122525400)}, {'date': Timestamp('2025-09-30 00:00:00'), 'volume': np.int64(117960500)}, {'date': Timestamp('2025-07-31 00:00:00'), 'volume': np.int64(97014000)}, {'date': Timestamp('2025-06-30 00:00:00'), 'volume': np.int64(62990500)}]"
TKR,monthly,2026-05-31,18716393,0,4,4,False,0.8898796148817306,"[{'date': Timestamp('2026-05-31 00:00:00'), 'volume': np.int64(18716393)}, {'date': Timestamp('2026-03-31 00:00:00'), 'volume': np.int64(17319000)}, {'date': Timestamp('2025-07-31 00:00:00'), 'volume': np.int64(15612900)}, {'date': Timestamp('2025-06-30 00:00:00'), 'volume': np.int64(11549700)}]"
VEEV,monthly,2026-05-31,77144807,0,5,5,True,1.0,"[{'date': Timestamp('2026-05-31 00:00:00'), 'volume': np.int64(77144807)}, {'date': Timestamp('2026-03-31 00:00:00'), 'volume': np.int64(47630800)}, {'date': Timestamp('2026-01-31 00:00:00'), 'volume': np.int64(36919800)}, {'date': Timestamp('2025-12-31 00:00:00'), 'volume': np.int64(34253300)}, {'date': Timestamp('2025-06-30 00:00:00'), 'volume': np.int64(31140800)}]"
QSEA,monthly,2026-05-31,2470620,0,3,3,False,0.5449456293976223,"[{'date': Timestamp('2026-05-31 00:00:00'), 'volume': np.int64(2470620)}, {'date': Timestamp('2025-07-31 00:00:00'), 'volume': np.int64(469000)}, {'date': Timestamp('2025-06-30 00:00:00'), 'volume': np.int64(420500)}]"
TFSA,monthly,2026-02-28,34700,0,5,5,False,0.11240686750890833,"[{'date': Timestamp('2026-02-28 00:00:00'), 'volume': np.int64(34700)}, {'date': Timestamp('2025-12-31 00:00:00'), 'volume': np.int64(30200)}, {'date': Timestamp('2025-07-31 00:00:00'), 'volume': np.int64(18500)}, {'date': Timestamp('2025-04-30 00:00:00'), 'volume': np.int64(15600)}, {'date': Timestamp('2025-03-31 00:00:00'), 'volume': np.int64(8600)}]"
CNCK,monthly,2026-05-31,56097694,0,3,3,True,1.0,"[{'date': Timestamp('2026-05-31 00:00:00'), 'volume': np.int64(56097694)}, {'date': Timestamp('2025-12-31 00:00:00'), 'volume': np.int64(34469000)}, {'date': Timestamp('2025-06-30 00:00:00'), 'volume': np.int64(1338900)}]"
RELL,monthly,2026-05-31,4313330,0,3,3,False,0.6016725020574983,"[{'date': Timestamp('2026-05-31 00:00:00'), 'volume': np.int64(4313330)}, {'date': Timestamp('2025-10-31 00:00:00'), 'volume': np.int64(3398900)}, {'date': Timestamp('2025-06-30 00:00:00'), 'volume': np.int64(895100)}]"
PAHC,monthly,2026-05-31,8212977,0,4,4,True,1.0,"[{'date': Timestamp('2026-05-31 00:00:00'), 'volume': np.int64(8212977)}, {'date': Timestamp('2025-09-30 00:00:00'), 'volume': np.int64(7331100)}, {'date': Timestamp('2025-07-31 00:00:00'), 'volume': np.int64(7046400)}, {'date': Timestamp('2025-06-30 00:00:00'), 'volume': np.int64(4963700)}]"
GTM,monthly,2026-05-31,208980247,0,5,5,False,0.8340420580516213,"[{'date': Timestamp('2026-05-31 00:00:00'), 'volume': np.int64(208980247)}, {'date': Timestamp('2026-03-31 00:00:00'), 'volume': np.int64(208575400)}, {'date': Timestamp('2026-02-28 00:00:00'), 'volume': np.int64(131134700)}, {'date': Timestamp('2025-08-31 00:00:00'), 'volume': np.int64(117321800)}, {'date': Timestamp('2025-06-30 00:00:00'), 'volume': np.int64(82780000)}]"
ULH,monthly,2026-05-31,1742154,0,4,4,False,0.7797663593232477,"[{'date': Timestamp('2026-05-31 00:00:00'), 'volume': np.int64(1742154)}, {'date': Timestamp('2025-12-31 00:00:00'), 'volume': np.int64(1422700)}, {'date': Timestamp('2025-07-31 00:00:00'), 'volume': np.int64(1357800)}, {'date': Timestamp('2025-06-30 00:00:00'), 'volume': np.int64(752000)}]"
NVST,monthly,2026-05-31,69354603,0,4,4,False,0.7528535761699393,"[{'date': Timestamp('2026-05-31 00:00:00'), 'volume': np.int64(69354603)}, {'date': Timestamp('2026-03-31 00:00:00'), 'volume': np.int64(53589900)}, {'date': Timestamp('2025-07-31 00:00:00'), 'volume': np.int64(50510900)}, {'date': Timestamp('2025-06-30 00:00:00'), 'volume': np.int64(37924400)}]"
WK,monthly,2026-05-31,22636599,0,4,4,True,1.0,"[{'date': Timestamp('2026-05-31 00:00:00'), 'volume': np.int64(22636599)}, {'date': Timestamp('2025-08-31 00:00:00'), 'volume': np.int64(20725500)}, {'date': Timestamp('2025-07-31 00:00:00'), 'volume': np.int64(11535000)}, {'date': Timestamp('2025-06-30 00:00:00'), 'volume': np.int64(9790300)}]"
PBH,monthly,2026-05-31,13441004,0,4,4,False,0.6689596066174275,"[{'date': Timestamp('2026-05-31 00:00:00'), 'volume': np.int64(13441004)}, {'date': Timestamp('2025-08-31 00:00:00'), 'volume': np.int64(12808000)}, {'date': Timestamp('2025-07-31 00:00:00'), 'volume': np.int64(9498800)}, {'date': Timestamp('2025-06-30 00:00:00'), 'volume': np.int64(6728000)}]"
CDW,monthly,2026-05-31,42572586,0,6,6,False,0.9744797939914163,"[{'date': Timestamp('2026-05-31 00:00:00'), 'volume': np.int64(42572586)}, {'date': Timestamp('2025-12-31 00:00:00'), 'volume': np.int64(40748200)}, {'date': Timestamp('2025-11-30 00:00:00'), 'volume': np.int64(32429800)}, {'date': Timestamp('2025-09-30 00:00:00'), 'volume': np.int64(31410500)}, {'date': Timestamp('2025-08-31 00:00:00'), 'volume': np.int64(28182400)}, {'date': Timestamp('2025-06-30 00:00:00'), 'volume': np.int64(25365500)}]"
NYAX,monthly,2026-05-31,667507,0,3,3,False,0.9365890276413639,"[{'date': Timestamp('2026-05-31 00:00:00'), 'volume': np.int64(667507)}, {'date': Timestamp('2026-04-30 00:00:00'), 'volume': np.int64(536400)}, {'date': Timestamp('2025-06-30 00:00:00'), 'volume': np.int64(495700)}]"
RYAN,monthly,2026-05-31,49986248,0,6,6,True,1.0,"[{'date': Timestamp('2026-05-31 00:00:00'), 'volume': np.int64(49986248)}, {'date': Timestamp('2026-04-30 00:00:00'), 'volume': np.int64(43269700)}, {'date': Timestamp('2025-09-30 00:00:00'), 'volume': np.int64(40133000)}, {'date': Timestamp('2025-08-31 00:00:00'), 'volume': np.int64(30108500)}, {'date': Timestamp('2025-07-31 00:00:00'), 'volume': np.int64(25575500)}, {'date': Timestamp('2025-06-30 00:00:00'), 'volume': np.int64(18301900)}]"
PDFS,monthly,2026-05-31,16671672,0,7,7,True,1.0,"[{'date': Timestamp('2026-05-31 00:00:00'), 'volume': np.int64(16671672)}, {'date': Timestamp('2026-04-30 00:00:00'), 'volume': np.int64(9909700)}, {'date': Timestamp('2026-03-31 00:00:00'), 'volume': np.int64(7429100)}, {'date': Timestamp('2025-09-30 00:00:00'), 'volume': np.int64(7000700)}, {'date': Timestamp('2025-08-31 00:00:00'), 'volume': np.int64(6991800)}, {'date': Timestamp('2025-07-31 00:00:00'), 'volume': np.int64(5816200)}, {'date': Timestamp('2025-06-30 00:00:00'), 'volume': np.int64(4804600)}]"
HUBS,monthly,2026-05-31,34703922,0,7,7,True,1.0,"[{'date': Timestamp('2026-05-31 00:00:00'), 'volume': np.int64(34703922)}, {'date': Timestamp('2026-04-30 00:00:00'), 'volume': np.int64(31536100)}, {'date': Timestamp('2026-03-31 00:00:00'), 'volume': np.int64(28436100)}, {'date': Timestamp('2026-01-31 00:00:00'), 'volume': np.int64(24557700)}, {'date': Timestamp('2025-08-31 00:00:00'), 'volume': np.int64(22730300)}, {'date': Timestamp('2025-07-31 00:00:00'), 'volume': np.int64(16450300)}, {'date': Timestamp('2025-06-30 00:00:00'), 'volume': np.int64(15944200)}]"
KVYO,monthly,2026-05-31,141250761,0,8,8,True,1.0,"[{'date': Timestamp('2026-05-31 00:00:00'), 'volume': np.int64(141250761)}, {'date': Timestamp('2026-04-30 00:00:00'), 'volume': np.int64(91305000)}, {'date': Timestamp('2026-03-31 00:00:00'), 'volume': np.int64(80055800)}, {'date': Timestamp('2026-01-31 00:00:00'), 'volume': np.int64(73627100)}, {'date': Timestamp('2025-10-31 00:00:00'), 'volume': np.int64(67275100)}, {'date': Timestamp('2025-09-30 00:00:00'), 'volume': np.int64(65159100)}, {'date': Timestamp('2025-08-31 00:00:00'), 'volume': np.int64(55502300)}, {'date': Timestamp('2025-06-30 00:00:00'), 'volume': np.int64(38571400)}]"
PLNT,monthly,2026-05-31,69791944,0,4,4,False,0.7843280802759176,"[{'date': Timestamp('2026-05-31 00:00:00'), 'volume': np.int64(69791944)}, {'date': Timestamp('2026-01-31 00:00:00'), 'volume': np.int64(39389800)}, {'date': Timestamp('2025-11-30 00:00:00'), 'volume': np.int64(32535300)}, {'date': Timestamp('2025-06-30 00:00:00'), 'volume': np.int64(30126700)}]"
PRTC,monthly,2026-05-31,314061,0,4,4,True,1.0,"[{'date': Timestamp('2026-05-31 00:00:00'), 'volume': np.int64(314061)}, {'date': Timestamp('2026-04-30 00:00:00'), 'volume': np.int64(127400)}, {'date': Timestamp('2025-09-30 00:00:00'), 'volume': np.int64(121300)}, {'date': Timestamp('2025-06-30 00:00:00'), 'volume': np.int64(120700)}]"
FTAIN,monthly,2026-05-31,643205,0,2,2,False,0.17922564645563976,"[{'date': Timestamp('2026-05-31 00:00:00'), 'volume': np.int64(643205)}, {'date': Timestamp('2025-06-30 00:00:00'), 'volume': np.int64(401200)}]"
BELFB,monthly,2026-05-31,5110275,0,5,5,False,0.8494896687002343,"[{'date': Timestamp('2026-05-31 00:00:00'), 'volume': np.int64(5110275)}, {'date': Timestamp('2026-04-30 00:00:00'), 'volume': np.int64(4091600)}, {'date': Timestamp('2026-03-31 00:00:00'), 'volume': np.int64(3953700)}, {'date': Timestamp('2025-07-31 00:00:00'), 'volume': np.int64(3942500)}, {'date': Timestamp('2025-06-30 00:00:00'), 'volume': np.int64(3420600)}]"
BRC,monthly,2026-05-31,5677419,0,3,3,False,0.3266977592616036,"[{'date': Timestamp('2026-05-31 00:00:00'), 'volume': np.int64(5677419)}, {'date': Timestamp('2026-04-30 00:00:00'), 'volume': np.int64(5456700)}, {'date': Timestamp('2025-06-30 00:00:00'), 'volume': np.int64(5019100)}]"
TYL,monthly,2026-05-31,12581550,0,5,5,False,0.7412029809420012,"[{'date': Timestamp('2026-05-31 00:00:00'), 'volume': np.int64(12581550)}, {'date': Timestamp('2026-03-31 00:00:00'), 'volume': np.int64(11281900)}, {'date': Timestamp('2025-10-31 00:00:00'), 'volume': np.int64(8667900)}, {'date': Timestamp('2025-07-31 00:00:00'), 'volume': np.int64(7707500)}, {'date': Timestamp('2025-06-30 00:00:00'), 'volume': np.int64(5664900)}]"
BDC,monthly,2026-05-31,9069377,0,4,4,False,0.817340801355419,"[{'date': Timestamp('2026-05-31 00:00:00'), 'volume': np.int64(9069377)}, {'date': Timestamp('2026-03-31 00:00:00'), 'volume': np.int64(8043500)}, {'date': Timestamp('2025-07-31 00:00:00'), 'volume': np.int64(6860700)}, {'date': Timestamp('2025-06-30 00:00:00'), 'volume': np.int64(5450700)}]"
PSEC,monthly,2026-05-31,106740198,0,6,6,False,0.7496321584155078,"[{'date': Timestamp('2026-05-31 00:00:00'), 'volume': np.int64(106740198)}, {'date': Timestamp('2026-04-30 00:00:00'), 'volume': np.int64(98963900)}, {'date': Timestamp('2026-03-31 00:00:00'), 'volume': np.int64(94907600)}, {'date': Timestamp('2025-12-31 00:00:00'), 'volume': np.int64(93512600)}, {'date': Timestamp('2025-08-31 00:00:00'), 'volume': np.int64(92029500)}, {'date': Timestamp('2025-06-30 00:00:00'), 'volume': np.int64(61954200)}]"
RAMP,monthly,2026-05-31,32137271,0,4,4,False,0.9699650794992213,"[{'date': Timestamp('2026-05-31 00:00:00'), 'volume': np.int64(32137271)}, {'date': Timestamp('2026-03-31 00:00:00'), 'volume': np.int64(17391900)}, {'date': Timestamp('2025-08-31 00:00:00'), 'volume': np.int64(16122800)}, {'date': Timestamp('2025-06-30 00:00:00'), 'volume': np.int64(9996900)}]"
RZB,monthly,2026-05-31,5095192,0,2,2,True,1.0,"[{'date': Timestamp('2026-05-31 00:00:00'), 'volume': np.int64(5095192)}, {'date': Timestamp('2025-06-30 00:00:00'), 'volume': np.int64(3987100)}]"
BAFN,monthly,2026-05-31,1555850,0,5,5,True,1.0,"[{'date': Timestamp('2026-05-31 00:00:00'), 'volume': np.int64(1555850)}, {'date': Timestamp('2026-04-30 00:00:00'), 'volume': np.int64(562700)}, {'date': Timestamp('2025-08-31 00:00:00'), 'volume': np.int64(516300)}, {'date': Timestamp('2025-07-31 00:00:00'), 'volume': np.int64(386800)}, {'date': Timestamp('2025-06-30 00:00:00'), 'volume': np.int64(201200)}]"
OTEX,monthly,2026-05-31,48637613,0,4,4,True,1.0,"[{'date': Timestamp('2026-05-31 00:00:00'), 'volume': np.int64(48637613)}, {'date': Timestamp('2026-03-31 00:00:00'), 'volume': np.int64(42469600)}, {'date': Timestamp('2025-09-30 00:00:00'), 'volume': np.int64(36749100)}, {'date': Timestamp('2025-06-30 00:00:00'), 'volume': np.int64(36541200)}]"
BRBR,monthly,2026-05-31,99185808,0,4,4,True,1.0,"[{'date': Timestamp('2026-05-31 00:00:00'), 'volume': np.int64(99185808)}, {'date': Timestamp('2025-08-31 00:00:00'), 'volume': np.int64(95488800)}, {'date': Timestamp('2025-07-31 00:00:00'), 'volume': np.int64(52658000)}, {'date': Timestamp('2025-06-30 00:00:00'), 'volume': np.int64(49302300)}]"
ALGT,monthly,2026-05-31,11191434,0,6,6,False,0.9685528092221415,"[{'date': Timestamp('2026-05-31 00:00:00'), 'volume': np.int64(11191434)}, {'date': Timestamp('2026-03-31 00:00:00'), 'volume': np.int64(11072000)}, {'date': Timestamp('2026-01-31 00:00:00'), 'volume': np.int64(10696400)}, {'date': Timestamp('2025-08-31 00:00:00'), 'volume': np.int64(10407000)}, {'date': Timestamp('2025-07-31 00:00:00'), 'volume': np.int64(9436200)}, {'date': Timestamp('2025-06-30 00:00:00'), 'volume': np.int64(7235700)}]"
HRB,monthly,2026-05-31,48762119,0,4,4,False,0.31688838358204785,"[{'date': Timestamp('2026-05-31 00:00:00'), 'volume': np.int64(48762119)}, {'date': Timestamp('2026-03-31 00:00:00'), 'volume': np.int64(48735400)}, {'date': Timestamp('2025-08-31 00:00:00'), 'volume': np.int64(43633300)}, {'date': Timestamp('2025-06-30 00:00:00'), 'volume': np.int64(25243000)}]"
GEHC,monthly,2026-05-31,105060710,0,4,4,False,0.7293821121391385,"[{'date': Timestamp('2026-05-31 00:00:00'), 'volume': np.int64(105060710)}, {'date': Timestamp('2026-04-30 00:00:00'), 'volume': np.int64(95617800)}, {'date': Timestamp('2025-07-31 00:00:00'), 'volume': np.int64(86763000)}, {'date': Timestamp('2025-06-30 00:00:00'), 'volume': np.int64(74977100)}]"
PSIG,monthly,2026-05-31,17343144,0,6,6,False,0.6657146702212098,"[{'date': Timestamp('2026-05-31 00:00:00'), 'volume': np.int64(17343144)}, {'date': Timestamp('2026-04-30 00:00:00'), 'volume': np.int64(8825400)}, {'date': Timestamp('2026-03-31 00:00:00'), 'volume': np.int64(2645000)}, {'date': Timestamp('2025-12-31 00:00:00'), 'volume': np.int64(2399700)}, {'date': Timestamp('2025-08-31 00:00:00'), 'volume': np.int64(1124130)}, {'date': Timestamp('2025-06-30 00:00:00'), 'volume': np.int64(611381)}]"
IWC,monthly,2026-05-31,3228727,0,10,10,False,0.8910766131257934,"[{'date': Timestamp('2026-05-31 00:00:00'), 'volume': np.int64(3228727)}, {'date': Timestamp('2026-04-30 00:00:00'), 'volume': np.int64(3196700)}, {'date': Timestamp('2026-01-31 00:00:00'), 'volume': np.int64(2688200)}, {'date': Timestamp('2025-12-31 00:00:00'), 'volume': np.int64(1314300)}, {'date': Timestamp('2025-11-30 00:00:00'), 'volume': np.int64(1042200)}, {'date': Timestamp('2025-10-31 00:00:00'), 'volume': np.int64(988600)}, {'date': Timestamp('2025-09-30 00:00:00'), 'volume': np.int64(858100)}, {'date': Timestamp('2025-08-31 00:00:00'), 'volume': np.int64(779500)}, {'date': Timestamp('2025-07-31 00:00:00'), 'volume': np.int64(730200)}, {'date': Timestamp('2025-06-30 00:00:00'), 'volume': np.int64(640300)}]"
PRIM,monthly,2026-05-31,42772165,0,5,5,True,1.0,"[{'date': Timestamp('2026-05-31 00:00:00'), 'volume': np.int64(42772165)}, {'date': Timestamp('2025-12-31 00:00:00'), 'volume': np.int64(29913500)}, {'date': Timestamp('2025-08-31 00:00:00'), 'volume': np.int64(20678000)}, {'date': Timestamp('2025-07-31 00:00:00'), 'volume': np.int64(18327300)}, {'date': Timestamp('2025-06-30 00:00:00'), 'volume': np.int64(15908700)}]"
EPAM,monthly,2026-05-31,31708910,0,7,7,False,0.6214752459723256,"[{'date': Timestamp('2026-05-31 00:00:00'), 'volume': np.int64(31708910)}, {'date': Timestamp('2026-04-30 00:00:00'), 'volume': np.int64(29444700)}, {'date': Timestamp('2026-03-31 00:00:00'), 'volume': np.int64(27401800)}, {'date': Timestamp('2025-11-30 00:00:00'), 'volume': np.int64(21602200)}, {'date': Timestamp('2025-09-30 00:00:00'), 'volume': np.int64(18826400)}, {'date': Timestamp('2025-08-31 00:00:00'), 'volume': np.int64(18574000)}, {'date': Timestamp('2025-06-30 00:00:00'), 'volume': np.int64(13867000)}]"
LFST,monthly,2026-05-31,103397938,0,5,5,True,1.0,"[{'date': Timestamp('2026-05-31 00:00:00'), 'volume': np.int64(103397938)}, {'date': Timestamp('2026-04-30 00:00:00'), 'volume': np.int64(81342500)}, {'date': Timestamp('2025-08-31 00:00:00'), 'volume': np.int64(66414000)}, {'date': Timestamp('2025-07-31 00:00:00'), 'volume': np.int64(52578800)}, {'date': Timestamp('2025-06-30 00:00:00'), 'volume': np.int64(42635300)}]"
NSTS,monthly,2026-05-31,497267,0,4,4,False,0.2138966792842395,"[{'date': Timestamp('2026-05-31 00:00:00'), 'volume': np.int64(497267)}, {'date': Timestamp('2025-12-31 00:00:00'), 'volume': np.int64(191100)}, {'date': Timestamp('2025-10-31 00:00:00'), 'volume': np.int64(120600)}, {'date': Timestamp('2025-06-30 00:00:00'), 'volume': np.int64(91000)}]"
LFUS,monthly,2026-05-31,6752164,0,6,6,False,0.7290021809073438,"[{'date': Timestamp('2026-05-31 00:00:00'), 'volume': np.int64(6752164)}, {'date': Timestamp('2026-03-31 00:00:00'), 'volume': np.int64(6407400)}, {'date': Timestamp('2026-01-31 00:00:00'), 'volume': np.int64(4841600)}, {'date': Timestamp('2025-12-31 00:00:00'), 'volume': np.int64(4326000)}, {'date': Timestamp('2025-07-31 00:00:00'), 'volume': np.int64(4230000)}, {'date': Timestamp('2025-06-30 00:00:00'), 'volume': np.int64(3380100)}]"
IROQ,monthly,2026-01-31,320200,28,4,4,True,1.0,"[{'date': Timestamp('2026-01-31 00:00:00'), 'volume': np.int64(320200)}, {'date': Timestamp('2025-11-30 00:00:00'), 'volume': np.int64(147400)}, {'date': Timestamp('2025-10-31 00:00:00'), 'volume': np.int64(93400)}, {'date': Timestamp('2025-03-31 00:00:00'), 'volume': np.int64(73800)}]"
SNCY,monthly,2026-01-31,41896400,28,3,3,True,1.0,"[{'date': Timestamp('2026-01-31 00:00:00'), 'volume': np.int64(41896400)}, {'date': Timestamp('2025-04-30 00:00:00'), 'volume': np.int64(29901600)}, {'date': Timestamp('2025-03-31 00:00:00'), 'volume': np.int64(17352100)}]"
TECTP,monthly,2026-01-31,274700,28,4,4,True,1.0,"[{'date': Timestamp('2026-01-31 00:00:00'), 'volume': np.int64(274700)}, {'date': Timestamp('2025-08-31 00:00:00'), 'volume': np.int64(149200)}, {'date': Timestamp('2025-04-30 00:00:00'), 'volume': np.int64(125500)}, {'date': Timestamp('2025-03-31 00:00:00'), 'volume': np.int64(62100)}]"
NQP,monthly,2026-01-31,2434200,28,5,5,False,0.8465604785421159,"[{'date': Timestamp('2026-01-31 00:00:00'), 'volume': np.int64(2434200)}, {'date': Timestamp('2025-12-31 00:00:00'), 'volume': np.int64(2353900)}, {'date': Timestamp('2025-10-31 00:00:00'), 'volume': np.int64(2306900)}, {'date': Timestamp('2025-04-30 00:00:00'), 'volume': np.int64(2264000)}, {'date': Timestamp('2025-03-31 00:00:00'), 'volume': np.int64(1431100)}]"
OS,monthly,2026-01-31,123529300,28,3,3,True,1.0,"[{'date': Timestamp('2026-01-31 00:00:00'), 'volume': np.int64(123529300)}, {'date': Timestamp('2025-08-31 00:00:00'), 'volume': np.int64(43996700)}, {'date': Timestamp('2025-03-31 00:00:00'), 'volume': np.int64(31413000)}]"
ONTF,monthly,2026-01-31,9209700,28,4,4,False,0.2834015447579777,"[{'date': Timestamp('2026-01-31 00:00:00'), 'volume': np.int64(9209700)}, {'date': Timestamp('2025-12-31 00:00:00'), 'volume': np.int64(6787400)}, {'date': Timestamp('2025-06-30 00:00:00'), 'volume': np.int64(5213900)}, {'date': Timestamp('2025-03-31 00:00:00'), 'volume': np.int64(3903600)}]"
RWAYZ,monthly,2026-01-31,283100,28,4,4,False,0.7399372713016205,"[{'date': Timestamp('2026-01-31 00:00:00'), 'volume': np.int64(283100)}, {'date': Timestamp('2025-08-31 00:00:00'), 'volume': np.int64(139000)}, {'date': Timestamp('2025-04-30 00:00:00'), 'volume': np.int64(110700)}, {'date': Timestamp('2025-03-31 00:00:00'), 'volume': np.int64(47100)}]"
BLFY,monthly,2026-01-31,9984300,28,6,6,False,0.7799868756152055,"[{'date': Timestamp('2026-01-31 00:00:00'), 'volume': np.int64(9984300)}, {'date': Timestamp('2025-12-31 00:00:00'), 'volume': np.int64(5556700)}, {'date': Timestamp('2025-11-30 00:00:00'), 'volume': np.int64(4135400)}, {'date': Timestamp('2025-06-30 00:00:00'), 'volume': np.int64(1223800)}, {'date': Timestamp('2025-04-30 00:00:00'), 'volume': np.int64(1186000)}, {'date': Timestamp('2025-03-31 00:00:00'), 'volume': np.int64(1044500)}]"
GLDD,monthly,2026-01-31,19778800,28,3,3,True,1.0,"[{'date': Timestamp('2026-01-31 00:00:00'), 'volume': np.int64(19778800)}, {'date': Timestamp('2025-05-31 00:00:00'), 'volume': np.int64(14474200)}, {'date': Timestamp('2025-03-31 00:00:00'), 'volume': np.int64(9364100)}]"
LNKB,monthly,2026-01-31,4454600,28,6,6,True,1.0,"[{'date': Timestamp('2026-01-31 00:00:00'), 'volume': np.int64(4454600)}, {'date': Timestamp('2025-12-31 00:00:00'), 'volume': np.int64(4274500)}, {'date': Timestamp('2025-11-30 00:00:00'), 'volume': np.int64(2863000)}, {'date': Timestamp('2025-10-31 00:00:00'), 'volume': np.int64(2364900)}, {'date': Timestamp('2025-06-30 00:00:00'), 'volume': np.int64(1276200)}, {'date': Timestamp('2025-03-31 00:00:00'), 'volume': np.int64(991200)}]"
BBU,monthly,2026-03-31,2300081,30,5,5,False,0.7818572671243657,"[{'date': Timestamp('2026-03-31 00:00:00'), 'volume': np.int64(2300081)}, {'date': Timestamp('2025-10-31 00:00:00'), 'volume': np.int64(2045200)}, {'date': Timestamp('2025-09-30 00:00:00'), 'volume': np.int64(1241300)}, {'date': Timestamp('2025-07-31 00:00:00'), 'volume': np.int64(609200)}, {'date': Timestamp('2025-05-31 00:00:00'), 'volume': np.int64(541300)}]"
CARE,monthly,2026-04-30,7688800,31,4,4,True,1.0,"[{'date': Timestamp('2026-04-30 00:00:00'), 'volume': np.int64(7688800)}, {'date': Timestamp('2026-03-31 00:00:00'), 'volume': np.int64(4928300)}, {'date': Timestamp('2025-10-31 00:00:00'), 'volume': np.int64(2370000)}, {'date': Timestamp('2025-06-30 00:00:00'), 'volume': np.int64(2358600)}]"
CVLT,monthly,2026-04-30,25147800,31,7,7,False,0.9830002306246017,"[{'date': Timestamp('2026-04-30 00:00:00'), 'volume': np.int64(25147800)}, {'date': Timestamp('2026-03-31 00:00:00'), 'volume': np.int64(23862500)}, {'date': Timestamp('2026-01-31 00:00:00'), 'volume': np.int64(22334700)}, {'date': Timestamp('2025-10-31 00:00:00'), 'volume': np.int64(20133900)}, {'date': Timestamp('2025-09-30 00:00:00'), 'volume': np.int64(18120700)}, {'date': Timestamp('2025-07-31 00:00:00'), 'volume': np.int64(11211700)}, {'date': Timestamp('2025-06-30 00:00:00'), 'volume': np.int64(11059600)}]"
KN,monthly,2026-04-30,16634200,31,5,5,False,0.5489708158557393,"[{'date': Timestamp('2026-04-30 00:00:00'), 'volume': np.int64(16634200)}, {'date': Timestamp('2025-12-31 00:00:00'), 'volume': np.int64(16295600)}, {'date': Timestamp('2025-10-31 00:00:00'), 'volume': np.int64(15851000)}, {'date': Timestamp('2025-07-31 00:00:00'), 'volume': np.int64(15376600)}, {'date': Timestamp('2025-06-30 00:00:00'), 'volume': np.int64(12113500)}]"
POWWP,monthly,2026-04-30,141100,31,3,3,False,0.18291418200674098,"[{'date': Timestamp('2026-04-30 00:00:00'), 'volume': np.int64(141100)}, {'date': Timestamp('2025-07-31 00:00:00'), 'volume': np.int64(91600)}, {'date': Timestamp('2025-06-30 00:00:00'), 'volume': np.int64(44400)}]"
BNL,monthly,2026-04-30,88020800,31,5,5,False,0.811945321025429,"[{'date': Timestamp('2026-04-30 00:00:00'), 'volume': np.int64(88020800)}, {'date': Timestamp('2025-12-31 00:00:00'), 'volume': np.int64(41564000)}, {'date': Timestamp('2025-10-31 00:00:00'), 'volume': np.int64(41191700)}, {'date': Timestamp('2025-08-31 00:00:00'), 'volume': np.int64(35859900)}, {'date': Timestamp('2025-06-30 00:00:00'), 'volume': np.int64(35326500)}]"
WASH,monthly,2026-04-30,4872000,31,5,5,False,0.8674595826508084,"[{'date': Timestamp('2026-04-30 00:00:00'), 'volume': np.int64(4872000)}, {'date': Timestamp('2026-03-31 00:00:00'), 'volume': np.int64(4283000)}, {'date': Timestamp('2025-10-31 00:00:00'), 'volume': np.int64(4100900)}, {'date': Timestamp('2025-07-31 00:00:00'), 'volume': np.int64(3512700)}, {'date': Timestamp('2025-06-30 00:00:00'), 'volume': np.int64(2986000)}]"
LOKV,monthly,2026-04-30,3631300,31,4,4,True,1.0,"[{'date': Timestamp('2026-04-30 00:00:00'), 'volume': np.int64(3631300)}, {'date': Timestamp('2025-12-31 00:00:00'), 'volume': np.int64(3284300)}, {'date': Timestamp('2025-08-31 00:00:00'), 'volume': np.int64(2630600)}, {'date': Timestamp('2025-06-30 00:00:00'), 'volume': np.int64(1683400)}]"
TCBX,monthly,2026-04-30,1921800,31,4,4,False,0.6775967844298709,"[{'date': Timestamp('2026-04-30 00:00:00'), 'volume': np.int64(1921800)}, {'date': Timestamp('2025-09-30 00:00:00'), 'volume': np.int64(1751700)}, {'date': Timestamp('2025-07-31 00:00:00'), 'volume': np.int64(1484600)}, {'date': Timestamp('2025-06-30 00:00:00'), 'volume': np.int64(1348600)}]"
PDCC,monthly,2026-04-30,207300,31,6,6,True,1.0,"[{'date': Timestamp('2026-04-30 00:00:00'), 'volume': np.int64(207300)}, {'date': Timestamp('2026-03-31 00:00:00'), 'volume': np.int64(112000)}, {'date': Timestamp('2026-01-31 00:00:00'), 'volume': np.int64(85300)}, {'date': Timestamp('2025-12-31 00:00:00'), 'volume': np.int64(81000)}, {'date': Timestamp('2025-07-31 00:00:00'), 'volume': np.int64(76800)}, {'date': Timestamp('2025-06-30 00:00:00'), 'volume': np.int64(53100)}]"
ATEX,monthly,2026-04-30,7042000,31,7,7,True,1.0,"[{'date': Timestamp('2026-04-30 00:00:00'), 'volume': np.int64(7042000)}, {'date': Timestamp('2026-03-31 00:00:00'), 'volume': np.int64(6381600)}, {'date': Timestamp('2026-01-31 00:00:00'), 'volume': np.int64(6145800)}, {'date': Timestamp('2025-11-30 00:00:00'), 'volume': np.int64(4741200)}, {'date': Timestamp('2025-08-31 00:00:00'), 'volume': np.int64(4708000)}, {'date': Timestamp('2025-07-31 00:00:00'), 'volume': np.int64(4051700)}, {'date': Timestamp('2025-06-30 00:00:00'), 'volume': np.int64(3919400)}]"
CWBC,monthly,2026-04-30,4969900,31,4,4,True,1.0,"[{'date': Timestamp('2026-04-30 00:00:00'), 'volume': np.int64(4969900)}, {'date': Timestamp('2025-12-31 00:00:00'), 'volume': np.int64(3866500)}, {'date': Timestamp('2025-07-31 00:00:00'), 'volume': np.int64(1707600)}, {'date': Timestamp('2025-06-30 00:00:00'), 'volume': np.int64(1534400)}]"
MRBK,monthly,2026-04-30,3241600,31,3,3,True,1.0,"[{'date': Timestamp('2026-04-30 00:00:00'), 'volume': np.int64(3241600)}, {'date': Timestamp('2025-12-31 00:00:00'), 'volume': np.int64(2125400)}, {'date': Timestamp('2025-06-30 00:00:00'), 'volume': np.int64(2021200)}]"
VC,monthly,2026-04-30,14892700,31,4,4,True,1.0,"[{'date': Timestamp('2026-04-30 00:00:00'), 'volume': np.int64(14892700)}, {'date': Timestamp('2025-10-31 00:00:00'), 'volume': np.int64(12138700)}, {'date': Timestamp('2025-07-31 00:00:00'), 'volume': np.int64(11797800)}, {'date': Timestamp('2025-06-30 00:00:00'), 'volume': np.int64(8098400)}]"
ACNB,monthly,2026-04-30,1641200,31,3,3,False,0.7578850150080813,"[{'date': Timestamp('2026-04-30 00:00:00'), 'volume': np.int64(1641200)}, {'date': Timestamp('2026-03-31 00:00:00'), 'volume': np.int64(1267000)}, {'date': Timestamp('2025-06-30 00:00:00'), 'volume': np.int64(765500)}]"
WTTR,monthly,2026-04-30,42595800,31,5,5,False,0.9028991006153462,"[{'date': Timestamp('2026-04-30 00:00:00'), 'volume': np.int64(42595800)}, {'date': Timestamp('2026-03-31 00:00:00'), 'volume': np.int64(35326100)}, {'date': Timestamp('2025-09-30 00:00:00'), 'volume': np.int64(27776800)}, {'date': Timestamp('2025-07-31 00:00:00'), 'volume': np.int64(25741000)}, {'date': Timestamp('2025-06-30 00:00:00'), 'volume': np.int64(17336800)}]"
RLAY,monthly,2026-04-30,79390400,31,4,4,True,1.0,"[{'date': Timestamp('2026-04-30 00:00:00'), 'volume': np.int64(79390400)}, {'date': Timestamp('2026-03-31 00:00:00'), 'volume': np.int64(57194400)}, {'date': Timestamp('2025-07-31 00:00:00'), 'volume': np.int64(56083900)}, {'date': Timestamp('2025-06-30 00:00:00'), 'volume': np.int64(32776300)}]"
COHU,monthly,2026-04-30,25443100,31,5,5,True,1.0,"[{'date': Timestamp('2026-04-30 00:00:00'), 'volume': np.int64(25443100)}, {'date': Timestamp('2025-10-31 00:00:00'), 'volume': np.int64(22657200)}, {'date': Timestamp('2025-09-30 00:00:00'), 'volume': np.int64(19331300)}, {'date': Timestamp('2025-08-31 00:00:00'), 'volume': np.int64(8553900)}, {'date': Timestamp('2025-06-30 00:00:00'), 'volume': np.int64(7900300)}]"
WEX,monthly,2026-04-30,12961800,31,2,2,False,0.4150698091456385,"[{'date': Timestamp('2026-04-30 00:00:00'), 'volume': np.int64(12961800)}, {'date': Timestamp('2025-06-30 00:00:00'), 'volume': np.int64(11534800)}]"
NXPI,monthly,2026-04-30,74032100,31,5,5,False,0.4985920880805322,"[{'date': Timestamp('2026-04-30 00:00:00'), 'volume': np.int64(74032100)}, {'date': Timestamp('2025-12-31 00:00:00'), 'volume': np.int64(65949300)}, {'date': Timestamp('2025-10-31 00:00:00'), 'volume': np.int64(63089100)}, {'date': Timestamp('2025-07-31 00:00:00'), 'volume': np.int64(60252700)}, {'date': Timestamp('2025-06-30 00:00:00'), 'volume': np.int64(47334000)}]"
SNX,monthly,2026-04-30,19897000,31,2,2,False,0.6777207437659024,"[{'date': Timestamp('2026-04-30 00:00:00'), 'volume': np.int64(19897000)}, {'date': Timestamp('2025-06-30 00:00:00'), 'volume': np.int64(19863000)}]"
FUND,monthly,2026-04-30,844100,31,3,3,False,0.3754058261062931,"[{'date': Timestamp('2026-04-30 00:00:00'), 'volume': np.int64(844100)}, {'date': Timestamp('2025-07-31 00:00:00'), 'volume': np.int64(821600)}, {'date': Timestamp('2025-06-30 00:00:00'), 'volume': np.int64(702200)}]"
DLR,monthly,2026-04-30,45866100,31,3,3,False,0.32236845342058007,"[{'date': Timestamp('2026-04-30 00:00:00'), 'volume': np.int64(45866100)}, {'date': Timestamp('2025-12-31 00:00:00'), 'volume': np.int64(44125900)}, {'date': Timestamp('2025-06-30 00:00:00'), 'volume': np.int64(38857300)}]"
DBD,monthly,2026-04-30,15363600,31,4,4,True,1.0,"[{'date': Timestamp('2026-04-30 00:00:00'), 'volume': np.int64(15363600)}, {'date': Timestamp('2026-03-31 00:00:00'), 'volume': np.int64(5847900)}, {'date': Timestamp('2025-07-31 00:00:00'), 'volume': np.int64(5318000)}, {'date': Timestamp('2025-06-30 00:00:00'), 'volume': np.int64(4943200)}]"
TENB,monthly,2026-04-30,75882400,31,3,3,True,1.0,"[{'date': Timestamp('2026-04-30 00:00:00'), 'volume': np.int64(75882400)}, {'date': Timestamp('2026-03-31 00:00:00'), 'volume': np.int64(60886400)}, {'date': Timestamp('2025-06-30 00:00:00'), 'volume': np.int64(40544700)}]"
MBUU,monthly,2026-04-30,8223600,31,7,7,True,1.0,"[{'date': Timestamp('2026-04-30 00:00:00'), 'volume': np.int64(8223600)}, {'date': Timestamp('2026-03-31 00:00:00'), 'volume': np.int64(7617000)}, {'date': Timestamp('2025-11-30 00:00:00'), 'volume': np.int64(5100700)}, {'date': Timestamp('2025-09-30 00:00:00'), 'volume': np.int64(4594400)}, {'date': Timestamp('2025-08-31 00:00:00'), 'volume': np.int64(3871300)}, {'date': Timestamp('2025-07-31 00:00:00'), 'volume': np.int64(2927400)}, {'date': Timestamp('2025-06-30 00:00:00'), 'volume': np.int64(2903500)}]"
UMBF,monthly,2026-04-30,15129000,31,2,2,False,0.868798704468321,"[{'date': Timestamp('2026-04-30 00:00:00'), 'volume': np.int64(15129000)}, {'date': Timestamp('2025-06-30 00:00:00'), 'volume': np.int64(13757900)}]"
ATLO,monthly,2026-04-30,1440900,31,6,6,False,0.7098379230503966,"[{'date': Timestamp('2026-04-30 00:00:00'), 'volume': np.int64(1440900)}, {'date': Timestamp('2026-03-31 00:00:00'), 'volume': np.int64(1000500)}, {'date': Timestamp('2025-12-31 00:00:00'), 'volume': np.int64(600300)}, {'date': Timestamp('2025-10-31 00:00:00'), 'volume': np.int64(508000)}, {'date': Timestamp('2025-09-30 00:00:00'), 'volume': np.int64(372700)}, {'date': Timestamp('2025-06-30 00:00:00'), 'volume': np.int64(322200)}]"
EPRT,monthly,2026-04-30,51877200,31,5,5,True,1.0,"[{'date': Timestamp('2026-04-30 00:00:00'), 'volume': np.int64(51877200)}, {'date': Timestamp('2026-03-31 00:00:00'), 'volume': np.int64(48607600)}, {'date': Timestamp('2025-10-31 00:00:00'), 'volume': np.int64(46260500)}, {'date': Timestamp('2025-07-31 00:00:00'), 'volume': np.int64(42992400)}, {'date': Timestamp('2025-06-30 00:00:00'), 'volume': np.int64(41085200)}]"
UBCP,monthly,2026-04-30,501300,31,3,3,True,1.0,"[{'date': Timestamp('2026-04-30 00:00:00'), 'volume': np.int64(501300)}, {'date': Timestamp('2025-12-31 00:00:00'), 'volume': np.int64(180700)}, {'date': Timestamp('2025-06-30 00:00:00'), 'volume': np.int64(166800)}]"
BPYPN,monthly,2026-04-30,465700,31,4,4,False,0.10622961290175414,"[{'date': Timestamp('2026-04-30 00:00:00'), 'volume': np.int64(465700)}, {'date': Timestamp('2025-09-30 00:00:00'), 'volume': np.int64(434000)}, {'date': Timestamp('2025-08-31 00:00:00'), 'volume': np.int64(416900)}, {'date': Timestamp('2025-06-30 00:00:00'), 'volume': np.int64(313400)}]"
RAAQ,monthly,2026-04-30,5110900,31,2,2,True,1.0,"[{'date': Timestamp('2026-04-30 00:00:00'), 'volume': np.int64(5110900)}, {'date': Timestamp('2025-06-30 00:00:00'), 'volume': np.int64(3396600)}]"
ADTN,monthly,2026-04-30,54428300,31,4,4,True,1.0,"[{'date': Timestamp('2026-04-30 00:00:00'), 'volume': np.int64(54428300)}, {'date': Timestamp('2025-09-30 00:00:00'), 'volume': np.int64(49668900)}, {'date': Timestamp('2025-07-31 00:00:00'), 'volume': np.int64(25206800)}, {'date': Timestamp('2025-06-30 00:00:00'), 'volume': np.int64(21998200)}]"
CBAN,monthly,2026-04-30,7222600,31,5,5,True,1.0,"[{'date': Timestamp('2026-04-30 00:00:00'), 'volume': np.int64(7222600)}, {'date': Timestamp('2026-03-31 00:00:00'), 'volume': np.int64(4914100)}, {'date': Timestamp('2025-12-31 00:00:00'), 'volume': np.int64(2110400)}, {'date': Timestamp('2025-07-31 00:00:00'), 'volume': np.int64(1437300)}, {'date': Timestamp('2025-06-30 00:00:00'), 'volume': np.int64(1062600)}]"
AOMN,monthly,2026-04-30,666000,31,6,6,True,1.0,"[{'date': Timestamp('2026-04-30 00:00:00'), 'volume': np.int64(666000)}, {'date': Timestamp('2025-10-31 00:00:00'), 'volume': np.int64(386500)}, {'date': Timestamp('2025-09-30 00:00:00'), 'volume': np.int64(140900)}, {'date': Timestamp('2025-08-31 00:00:00'), 'volume': np.int64(140000)}, {'date': Timestamp('2025-07-31 00:00:00'), 'volume': np.int64(121700)}, {'date': Timestamp('2025-06-30 00:00:00'), 'volume': np.int64(77100)}]"
PII,monthly,2026-04-30,42079600,31,3,3,False,0.912324520038592,"[{'date': Timestamp('2026-04-30 00:00:00'), 'volume': np.int64(42079600)}, {'date': Timestamp('2025-07-31 00:00:00'), 'volume': np.int64(38468800)}, {'date': Timestamp('2025-06-30 00:00:00'), 'volume': np.int64(33336500)}]"
RWAY,monthly,2026-04-30,15439200,31,5,5,True,1.0,"[{'date': Timestamp('2026-04-30 00:00:00'), 'volume': np.int64(15439200)}, {'date': Timestamp('2026-03-31 00:00:00'), 'volume': np.int64(12370300)}, {'date': Timestamp('2025-11-30 00:00:00'), 'volume': np.int64(8742900)}, {'date': Timestamp('2025-07-31 00:00:00'), 'volume': np.int64(7209000)}, {'date': Timestamp('2025-06-30 00:00:00'), 'volume': np.int64(5658800)}]"
MNR,monthly,2026-04-30,27848600,31,2,2,True,1.0,"[{'date': Timestamp('2026-04-30 00:00:00'), 'volume': np.int64(27848600)}, {'date': Timestamp('2025-06-30 00:00:00'), 'volume': np.int64(9416600)}]"
REG,monthly,2026-04-30,30664900,31,6,6,False,0.6958004510861919,"[{'date': Timestamp('2026-04-30 00:00:00'), 'volume': np.int64(30664900)}, {'date': Timestamp('2026-03-31 00:00:00'), 'volume': np.int64(29420900)}, {'date': Timestamp('2025-12-31 00:00:00'), 'volume': np.int64(26600300)}, {'date': Timestamp('2025-08-31 00:00:00'), 'volume': np.int64(25144700)}, {'date': Timestamp('2025-07-31 00:00:00'), 'volume': np.int64(24780800)}, {'date': Timestamp('2025-06-30 00:00:00'), 'volume': np.int64(22227200)}]"
DIOD,monthly,2026-04-30,12490200,31,4,4,False,0.9583077584090351,"[{'date': Timestamp('2026-04-30 00:00:00'), 'volume': np.int64(12490200)}, {'date': Timestamp('2026-03-31 00:00:00'), 'volume': np.int64(11525700)}, {'date': Timestamp('2025-08-31 00:00:00'), 'volume': np.int64(10502600)}, {'date': Timestamp('2025-06-30 00:00:00'), 'volume': np.int64(10120300)}]"
BBOT,monthly,2026-04-30,10611900,31,5,5,True,1.0,"[{'date': Timestamp('2026-04-30 00:00:00'), 'volume': np.int64(10611900)}, {'date': Timestamp('2025-09-30 00:00:00'), 'volume': np.int64(8369800)}, {'date': Timestamp('2025-08-31 00:00:00'), 'volume': np.int64(3170900)}, {'date': Timestamp('2025-07-31 00:00:00'), 'volume': np.int64(2163300)}, {'date': Timestamp('2025-06-30 00:00:00'), 'volume': np.int64(1980300)}]"
SILA,monthly,2026-04-30,23757800,31,2,2,True,1.0,"[{'date': Timestamp('2026-04-30 00:00:00'), 'volume': np.int64(23757800)}, {'date': Timestamp('2025-06-30 00:00:00'), 'volume': np.int64(16508100)}]"
PFXNZ,monthly,2026-04-30,319800,31,4,4,True,1.0,"[{'date': Timestamp('2026-04-30 00:00:00'), 'volume': np.int64(319800)}, {'date': Timestamp('2026-01-31 00:00:00'), 'volume': np.int64(61100)}, {'date': Timestamp('2025-12-31 00:00:00'), 'volume': np.int64(47700)}, {'date': Timestamp('2025-06-30 00:00:00'), 'volume': np.int64(46700)}]"
ALOT,monthly,2026-04-30,1368400,31,4,4,False,0.7667824722626919,"[{'date': Timestamp('2026-04-30 00:00:00'), 'volume': np.int64(1368400)}, {'date': Timestamp('2025-12-31 00:00:00'), 'volume': np.int64(674700)}, {'date': Timestamp('2025-09-30 00:00:00'), 'volume': np.int64(579300)}, {'date': Timestamp('2025-06-30 00:00:00'), 'volume': np.int64(476400)}]"
KRC,monthly,2026-04-30,49974000,31,4,4,True,1.0,"[{'date': Timestamp('2026-04-30 00:00:00'), 'volume': np.int64(49974000)}, {'date': Timestamp('2026-03-31 00:00:00'), 'volume': np.int64(47129600)}, {'date': Timestamp('2025-07-31 00:00:00'), 'volume': np.int64(41656600)}, {'date': Timestamp('2025-06-30 00:00:00'), 'volume': np.int64(25234900)}]"
IRMD,monthly,2026-04-30,2216800,31,5,5,False,0.8956767676767676,"[{'date': Timestamp('2026-04-30 00:00:00'), 'volume': np.int64(2216800)}, {'date': Timestamp('2025-12-31 00:00:00'), 'volume': np.int64(1797400)}, {'date': Timestamp('2025-11-30 00:00:00'), 'volume': np.int64(1566500)}, {'date': Timestamp('2025-10-31 00:00:00'), 'volume': np.int64(1456200)}, {'date': Timestamp('2025-06-30 00:00:00'), 'volume': np.int64(1262000)}]"
ADX,monthly,2026-04-30,6962500,31,4,4,False,0.42492615286966284,"[{'date': Timestamp('2026-04-30 00:00:00'), 'volume': np.int64(6962500)}, {'date': Timestamp('2025-11-30 00:00:00'), 'volume': np.int64(6905000)}, {'date': Timestamp('2025-07-31 00:00:00'), 'volume': np.int64(6689600)}, {'date': Timestamp('2025-06-30 00:00:00'), 'volume': np.int64(6111400)}]"
LPL,monthly,2026-04-30,49599000,31,7,7,True,1.0,"[{'date': Timestamp('2026-04-30 00:00:00'), 'volume': np.int64(49599000)}, {'date': Timestamp('2026-03-31 00:00:00'), 'volume': np.int64(38669200)}, {'date': Timestamp('2025-10-31 00:00:00'), 'volume': np.int64(16682600)}, {'date': Timestamp('2025-09-30 00:00:00'), 'volume': np.int64(13298800)}, {'date': Timestamp('2025-08-31 00:00:00'), 'volume': np.int64(12809000)}, {'date': Timestamp('2025-07-31 00:00:00'), 'volume': np.int64(6906600)}, {'date': Timestamp('2025-06-30 00:00:00'), 'volume': np.int64(4155000)}]"
FXNC,monthly,2026-04-30,2006600,31,2,2,True,1.0,"[{'date': Timestamp('2026-04-30 00:00:00'), 'volume': np.int64(2006600)}, {'date': Timestamp('2025-06-30 00:00:00'), 'volume': np.int64(1520500)}]"
MKC,monthly,2026-04-30,99468700,31,7,7,True,1.0,"[{'date': Timestamp('2026-04-30 00:00:00'), 'volume': np.int64(99468700)}, {'date': Timestamp('2026-01-31 00:00:00'), 'volume': np.int64(94153500)}, {'date': Timestamp('2025-10-31 00:00:00'), 'volume': np.int64(65861200)}, {'date': Timestamp('2025-09-30 00:00:00'), 'volume': np.int64(54068300)}, {'date': Timestamp('2025-08-31 00:00:00'), 'volume': np.int64(49020800)}, {'date': Timestamp('2025-07-31 00:00:00'), 'volume': np.int64(48879500)}, {'date': Timestamp('2025-06-30 00:00:00'), 'volume': np.int64(48097900)}]"
AZN,monthly,2026-04-30,43157200,31,5,5,True,1.0,"[{'date': Timestamp('2026-04-30 00:00:00'), 'volume': np.int64(43157200)}, {'date': Timestamp('2026-03-31 00:00:00'), 'volume': np.int64(42592200)}, {'date': Timestamp('2026-02-28 00:00:00'), 'volume': np.int64(25516500)}, {'date': Timestamp('2025-08-31 00:00:00'), 'volume': np.int64(147000)}, {'date': Timestamp('2025-06-30 00:00:00'), 'volume': np.int64(65800)}]"
DCO,monthly,2026-04-30,4603000,31,5,5,True,1.0,"[{'date': Timestamp('2026-04-30 00:00:00'), 'volume': np.int64(4603000)}, {'date': Timestamp('2026-03-31 00:00:00'), 'volume': np.int64(3986100)}, {'date': Timestamp('2025-10-31 00:00:00'), 'volume': np.int64(3529900)}, {'date': Timestamp('2025-07-31 00:00:00'), 'volume': np.int64(3152500)}, {'date': Timestamp('2025-06-30 00:00:00'), 'volume': np.int64(3013300)}]"
SENEA,monthly,2026-04-30,2765700,31,2,2,False,0.8874093563498684,"[{'date': Timestamp('2026-04-30 00:00:00'), 'volume': np.int64(2765700)}, {'date': Timestamp('2025-06-30 00:00:00'), 'volume': np.int64(2466300)}]"
SSSS,monthly,2026-04-30,8756800,31,2,2,False,0.3756993307019049,"[{'date': Timestamp('2026-04-30 00:00:00'), 'volume': np.int64(8756800)}, {'date': Timestamp('2025-06-30 00:00:00'), 'volume': np.int64(7417200)}]"
UVSP,monthly,2026-04-30,4623000,31,5,5,True,1.0,"[{'date': Timestamp('2026-04-30 00:00:00'), 'volume': np.int64(4623000)}, {'date': Timestamp('2026-03-31 00:00:00'), 'volume': np.int64(4252900)}, {'date': Timestamp('2025-12-31 00:00:00'), 'volume': np.int64(3847600)}, {'date': Timestamp('2025-07-31 00:00:00'), 'volume': np.int64(2540900)}, {'date': Timestamp('2025-06-30 00:00:00'), 'volume': np.int64(2076500)}]"
SITE,monthly,2026-04-30,16391900,31,4,4,True,1.0,"[{'date': Timestamp('2026-04-30 00:00:00'), 'volume': np.int64(16391900)}, {'date': Timestamp('2025-10-31 00:00:00'), 'volume': np.int64(14686100)}, {'date': Timestamp('2025-07-31 00:00:00'), 'volume': np.int64(14560700)}, {'date': Timestamp('2025-06-30 00:00:00'), 'volume': np.int64(9018900)}]"
TAYD,monthly,2026-04-30,1205100,31,3,3,True,1.0,"[{'date': Timestamp('2026-04-30 00:00:00'), 'volume': np.int64(1205100)}, {'date': Timestamp('2026-03-31 00:00:00'), 'volume': np.int64(979500)}, {'date': Timestamp('2025-06-30 00:00:00'), 'volume': np.int64(699200)}]"
VMI,monthly,2026-04-30,4864500,31,5,5,True,1.0,"[{'date': Timestamp('2026-04-30 00:00:00'), 'volume': np.int64(4864500)}, {'date': Timestamp('2026-03-31 00:00:00'), 'volume': np.int64(4212600)}, {'date': Timestamp('2025-08-31 00:00:00'), 'volume': np.int64(4178200)}, {'date': Timestamp('2025-07-31 00:00:00'), 'volume': np.int64(4122400)}, {'date': Timestamp('2025-06-30 00:00:00'), 'volume': np.int64(4060700)}]"
LCII,monthly,2026-04-30,8750800,31,5,5,False,0.7273361980833326,"[{'date': Timestamp('2026-04-30 00:00:00'), 'volume': np.int64(8750800)}, {'date': Timestamp('2026-01-31 00:00:00'), 'volume': np.int64(8097200)}, {'date': Timestamp('2025-10-31 00:00:00'), 'volume': np.int64(7273100)}, {'date': Timestamp('2025-07-31 00:00:00'), 'volume': np.int64(7140600)}, {'date': Timestamp('2025-06-30 00:00:00'), 'volume': np.int64(7022200)}]"
FBIZ,monthly,2026-04-30,1135100,31,2,2,False,0.5032363894307501,"[{'date': Timestamp('2026-04-30 00:00:00'), 'volume': np.int64(1135100)}, {'date': Timestamp('2025-06-30 00:00:00'), 'volume': np.int64(1097000)}]"
MCB,monthly,2026-04-30,3829100,31,5,5,False,0.1992392786155079,"[{'date': Timestamp('2026-04-30 00:00:00'), 'volume': np.int64(3829100)}, {'date': Timestamp('2026-01-31 00:00:00'), 'volume': np.int64(3766200)}, {'date': Timestamp('2025-10-31 00:00:00'), 'volume': np.int64(2902200)}, {'date': Timestamp('2025-07-31 00:00:00'), 'volume': np.int64(2541300)}, {'date': Timestamp('2025-06-30 00:00:00'), 'volume': np.int64(1711400)}]"
OPY,monthly,2026-04-30,1721700,31,2,2,False,0.5234403502371398,"[{'date': Timestamp('2026-04-30 00:00:00'), 'volume': np.int64(1721700)}, {'date': Timestamp('2025-06-30 00:00:00'), 'volume': np.int64(1558600)}]"
ICFI,monthly,2026-04-30,8601800,31,4,4,True,1.0,"[{'date': Timestamp('2026-04-30 00:00:00'), 'volume': np.int64(8601800)}, {'date': Timestamp('2026-03-31 00:00:00'), 'volume': np.int64(7241400)}, {'date': Timestamp('2025-08-31 00:00:00'), 'volume': np.int64(4459100)}, {'date': Timestamp('2025-06-30 00:00:00'), 'volume': np.int64(3469200)}]"
GSBC,monthly,2026-04-30,1961700,31,3,3,True,1.0,"[{'date': Timestamp('2026-04-30 00:00:00'), 'volume': np.int64(1961700)}, {'date': Timestamp('2025-07-31 00:00:00'), 'volume': np.int64(1693400)}, {'date': Timestamp('2025-06-30 00:00:00'), 'volume': np.int64(1433200)}]"
SAP,monthly,2026-04-30,80376700,31,7,7,True,1.0,"[{'date': Timestamp('2026-04-30 00:00:00'), 'volume': np.int64(80376700)}, {'date': Timestamp('2026-03-31 00:00:00'), 'volume': np.int64(67026600)}, {'date': Timestamp('2026-01-31 00:00:00'), 'volume': np.int64(54283300)}, {'date': Timestamp('2025-09-30 00:00:00'), 'volume': np.int64(42232500)}, {'date': Timestamp('2025-08-31 00:00:00'), 'volume': np.int64(32335200)}, {'date': Timestamp('2025-07-31 00:00:00'), 'volume': np.int64(31470500)}, {'date': Timestamp('2025-06-30 00:00:00'), 'volume': np.int64(22061400)}]"
VLYPN,monthly,2026-04-30,934700,31,4,4,False,0.3387330579111401,"[{'date': Timestamp('2026-04-30 00:00:00'), 'volume': np.int64(934700)}, {'date': Timestamp('2025-09-30 00:00:00'), 'volume': np.int64(898500)}, {'date': Timestamp('2025-07-31 00:00:00'), 'volume': np.int64(460200)}, {'date': Timestamp('2025-06-30 00:00:00'), 'volume': np.int64(282000)}]"
CHTR,monthly,2026-04-30,64951500,31,3,3,True,1.0,"[{'date': Timestamp('2026-04-30 00:00:00'), 'volume': np.int64(64951500)}, {'date': Timestamp('2025-07-31 00:00:00'), 'volume': np.int64(47231200)}, {'date': Timestamp('2025-06-30 00:00:00'), 'volume': np.int64(23188400)}]"
ATRC,monthly,2026-04-30,15445700,31,3,3,False,0.6820046362733193,"[{'date': Timestamp('2026-04-30 00:00:00'), 'volume': np.int64(15445700)}, {'date': Timestamp('2025-07-31 00:00:00'), 'volume': np.int64(13113400)}, {'date': Timestamp('2025-06-30 00:00:00'), 'volume': np.int64(9448900)}]"
SKM,monthly,2026-04-30,42461700,31,5,5,True,1.0,"[{'date': Timestamp('2026-04-30 00:00:00'), 'volume': np.int64(42461700)}, {'date': Timestamp('2026-03-31 00:00:00'), 'volume': np.int64(35683300)}, {'date': Timestamp('2026-01-31 00:00:00'), 'volume': np.int64(27914300)}, {'date': Timestamp('2025-11-30 00:00:00'), 'volume': np.int64(16212900)}, {'date': Timestamp('2025-06-30 00:00:00'), 'volume': np.int64(11393400)}]"
PLPC,monthly,2026-04-30,3832800,31,3,3,True,1.0,"[{'date': Timestamp('2026-04-30 00:00:00'), 'volume': np.int64(3832800)}, {'date': Timestamp('2026-03-31 00:00:00'), 'volume': np.int64(3659200)}, {'date': Timestamp('2025-06-30 00:00:00'), 'volume': np.int64(3001500)}]"
DMAA,monthly,2026-04-30,5662900,31,3,3,True,1.0,"[{'date': Timestamp('2026-04-30 00:00:00'), 'volume': np.int64(5662900)}, {'date': Timestamp('2026-03-31 00:00:00'), 'volume': np.int64(2343600)}, {'date': Timestamp('2025-06-30 00:00:00'), 'volume': np.int64(1003200)}]"
CXH,monthly,2026-04-30,1770500,31,3,3,True,1.0,"[{'date': Timestamp('2026-04-30 00:00:00'), 'volume': np.int64(1770500)}, {'date': Timestamp('2025-07-31 00:00:00'), 'volume': np.int64(1208900)}, {'date': Timestamp('2025-06-30 00:00:00'), 'volume': np.int64(346300)}]"
FRST,monthly,2026-04-30,6295200,31,5,5,True,1.0,"[{'date': Timestamp('2026-04-30 00:00:00'), 'volume': np.int64(6295200)}, {'date': Timestamp('2026-03-31 00:00:00'), 'volume': np.int64(2392000)}, {'date': Timestamp('2025-08-31 00:00:00'), 'volume': np.int64(2235300)}, {'date': Timestamp('2025-07-31 00:00:00'), 'volume': np.int64(2098300)}, {'date': Timestamp('2025-06-30 00:00:00'), 'volume': np.int64(1618300)}]"
AESI,monthly,2026-04-30,145954000,31,5,5,True,1.0,"[{'date': Timestamp('2026-04-30 00:00:00'), 'volume': np.int64(145954000)}, {'date': Timestamp('2025-11-30 00:00:00'), 'volume': np.int64(75928900)}, {'date': Timestamp('2025-10-31 00:00:00'), 'volume': np.int64(60056000)}, {'date': Timestamp('2025-09-30 00:00:00'), 'volume': np.int64(40089400)}, {'date': Timestamp('2025-06-30 00:00:00'), 'volume': np.int64(39959700)}]"
AVO,monthly,2026-04-30,23015100,31,4,4,True,1.0,"[{'date': Timestamp('2026-04-30 00:00:00'), 'volume': np.int64(23015100)}, {'date': Timestamp('2026-01-31 00:00:00'), 'volume': np.int64(20520500)}, {'date': Timestamp('2025-09-30 00:00:00'), 'volume': np.int64(14288600)}, {'date': Timestamp('2025-06-30 00:00:00'), 'volume': np.int64(11236800)}]"
CWT,monthly,2026-04-30,12634800,31,5,5,True,1.0,"[{'date': Timestamp('2026-04-30 00:00:00'), 'volume': np.int64(12634800)}, {'date': Timestamp('2026-03-31 00:00:00'), 'volume': np.int64(10523800)}, {'date': Timestamp('2025-12-31 00:00:00'), 'volume': np.int64(10269900)}, {'date': Timestamp('2025-10-31 00:00:00'), 'volume': np.int64(9255800)}, {'date': Timestamp('2025-06-30 00:00:00'), 'volume': np.int64(7459700)}]"
COSO,monthly,2026-04-30,2348900,31,7,7,True,1.0,"[{'date': Timestamp('2026-04-30 00:00:00'), 'volume': np.int64(2348900)}, {'date': Timestamp('2026-03-31 00:00:00'), 'volume': np.int64(2230700)}, {'date': Timestamp('2026-01-31 00:00:00'), 'volume': np.int64(1636900)}, {'date': Timestamp('2025-12-31 00:00:00'), 'volume': np.int64(1635600)}, {'date': Timestamp('2025-09-30 00:00:00'), 'volume': np.int64(1582400)}, {'date': Timestamp('2025-07-31 00:00:00'), 'volume': np.int64(861600)}, {'date': Timestamp('2025-06-30 00:00:00'), 'volume': np.int64(10100)}]"
ZBH,monthly,2026-04-30,54095300,31,3,3,False,0.8580100051707128,"[{'date': Timestamp('2026-04-30 00:00:00'), 'volume': np.int64(54095300)}, {'date': Timestamp('2025-11-30 00:00:00'), 'volume': np.int64(50537100)}, {'date': Timestamp('2025-06-30 00:00:00'), 'volume': np.int64(39128200)}]"
GRC,monthly,2026-04-30,4520100,31,7,7,True,1.0,"[{'date': Timestamp('2026-04-30 00:00:00'), 'volume': np.int64(4520100)}, {'date': Timestamp('2026-03-31 00:00:00'), 'volume': np.int64(3740400)}, {'date': Timestamp('2025-10-31 00:00:00'), 'volume': np.int64(2263700)}, {'date': Timestamp('2025-09-30 00:00:00'), 'volume': np.int64(1732900)}, {'date': Timestamp('2025-08-31 00:00:00'), 'volume': np.int64(1488400)}, {'date': Timestamp('2025-07-31 00:00:00'), 'volume': np.int64(1261200)}, {'date': Timestamp('2025-06-30 00:00:00'), 'volume': np.int64(1164200)}]"
RY,monthly,2026-04-30,40305100,31,4,4,False,0.710174472898731,"[{'date': Timestamp('2026-04-30 00:00:00'), 'volume': np.int64(40305100)}, {'date': Timestamp('2026-01-31 00:00:00'), 'volume': np.int64(30857400)}, {'date': Timestamp('2025-07-31 00:00:00'), 'volume': np.int64(27324900)}, {'date': Timestamp('2025-06-30 00:00:00'), 'volume': np.int64(17803300)}]"
MCI,monthly,2026-04-30,974200,31,3,3,False,0.6226511568452,"[{'date': Timestamp('2026-04-30 00:00:00'), 'volume': np.int64(974200)}, {'date': Timestamp('2026-03-31 00:00:00'), 'volume': np.int64(913300)}, {'date': Timestamp('2025-06-30 00:00:00'), 'volume': np.int64(867400)}]"
RJF,monthly,2026-04-30,30650400,31,6,6,False,0.4515163902730055,"[{'date': Timestamp('2026-04-30 00:00:00'), 'volume': np.int64(30650400)}, {'date': Timestamp('2026-03-31 00:00:00'), 'volume': np.int64(30396900)}, {'date': Timestamp('2025-10-31 00:00:00'), 'volume': np.int64(30164100)}, {'date': Timestamp('2025-09-30 00:00:00'), 'volume': np.int64(24930600)}, {'date': Timestamp('2025-07-31 00:00:00'), 'volume': np.int64(24565700)}, {'date': Timestamp('2025-06-30 00:00:00'), 'volume': np.int64(23017100)}]"
MXL,monthly,2026-04-30,115671900,31,3,3,True,1.0,"[{'date': Timestamp('2026-04-30 00:00:00'), 'volume': np.int64(115671900)}, {'date': Timestamp('2025-07-31 00:00:00'), 'volume': np.int64(37754400)}, {'date': Timestamp('2025-06-30 00:00:00'), 'volume': np.int64(21435400)}]"
SGI,monthly,2026-04-30,60388500,31,5,5,False,0.322797131476148,"[{'date': Timestamp('2026-04-30 00:00:00'), 'volume': np.int64(60388500)}, {'date': Timestamp('2026-03-31 00:00:00'), 'volume': np.int64(60374700)}, {'date': Timestamp('2025-08-31 00:00:00'), 'volume': np.int64(57536500)}, {'date': Timestamp('2025-07-31 00:00:00'), 'volume': np.int64(52133600)}, {'date': Timestamp('2025-06-30 00:00:00'), 'volume': np.int64(44748600)}]"
MAS,monthly,2026-04-30,71251800,31,6,6,False,0.6312541307340791,"[{'date': Timestamp('2026-04-30 00:00:00'), 'volume': np.int64(71251800)}, {'date': Timestamp('2026-03-31 00:00:00'), 'volume': np.int64(56631400)}, {'date': Timestamp('2025-12-31 00:00:00'), 'volume': np.int64(52576600)}, {'date': Timestamp('2025-11-30 00:00:00'), 'volume': np.int64(51291400)}, {'date': Timestamp('2025-07-31 00:00:00'), 'volume': np.int64(50000500)}, {'date': Timestamp('2025-06-30 00:00:00'), 'volume': np.int64(44303000)}]"
NOW,monthly,2026-04-30,591096000,31,7,7,True,1.0,"[{'date': Timestamp('2026-04-30 00:00:00'), 'volume': np.int64(591096000)}, {'date': Timestamp('2026-03-31 00:00:00'), 'volume': np.int64(368327200)}, {'date': Timestamp('2026-01-31 00:00:00'), 'volume': np.int64(323835600)}, {'date': Timestamp('2025-12-31 00:00:00'), 'volume': np.int64(209296000)}, {'date': Timestamp('2025-08-31 00:00:00'), 'volume': np.int64(200842000)}, {'date': Timestamp('2025-07-31 00:00:00'), 'volume': np.int64(169851500)}, {'date': Timestamp('2025-06-30 00:00:00'), 'volume': np.int64(112149500)}]"
BHRB,monthly,2026-04-30,2959900,31,5,5,True,1.0,"[{'date': Timestamp('2026-04-30 00:00:00'), 'volume': np.int64(2959900)}, {'date': Timestamp('2026-03-31 00:00:00'), 'volume': np.int64(2246300)}, {'date': Timestamp('2025-12-31 00:00:00'), 'volume': np.int64(1870900)}, {'date': Timestamp('2025-07-31 00:00:00'), 'volume': np.int64(1660400)}, {'date': Timestamp('2025-06-30 00:00:00'), 'volume': np.int64(1326900)}]"
TEL,monthly,2026-04-30,52641000,31,4,4,False,0.7394759429052256,"[{'date': Timestamp('2026-04-30 00:00:00'), 'volume': np.int64(52641000)}, {'date': Timestamp('2026-03-31 00:00:00'), 'volume': np.int64(52198500)}, {'date': Timestamp('2025-07-31 00:00:00'), 'volume': np.int64(45372800)}, {'date': Timestamp('2025-06-30 00:00:00'), 'volume': np.int64(34606200)}]"
CHKP,monthly,2026-04-30,31637100,31,5,5,False,0.6426112231653738,"[{'date': Timestamp('2026-04-30 00:00:00'), 'volume': np.int64(31637100)}, {'date': Timestamp('2026-01-31 00:00:00'), 'volume': np.int64(25216200)}, {'date': Timestamp('2025-12-31 00:00:00'), 'volume': np.int64(21151600)}, {'date': Timestamp('2025-07-31 00:00:00'), 'volume': np.int64(21151200)}, {'date': Timestamp('2025-06-30 00:00:00'), 'volume': np.int64(13686600)}]"
MSEX,monthly,2026-04-30,4033500,31,3,3,False,0.5330804609854092,"[{'date': Timestamp('2026-04-30 00:00:00'), 'volume': np.int64(4033500)}, {'date': Timestamp('2025-07-31 00:00:00'), 'volume': np.int64(3829800)}, {'date': Timestamp('2025-06-30 00:00:00'), 'volume': np.int64(2114000)}]"
TPB,monthly,2026-04-30,12135200,31,5,5,True,1.0,"[{'date': Timestamp('2026-04-30 00:00:00'), 'volume': np.int64(12135200)}, {'date': Timestamp('2026-03-31 00:00:00'), 'volume': np.int64(11375200)}, {'date': Timestamp('2025-08-31 00:00:00'), 'volume': np.int64(9431100)}, {'date': Timestamp('2025-07-31 00:00:00'), 'volume': np.int64(8133500)}, {'date': Timestamp('2025-06-30 00:00:00'), 'volume': np.int64(5950500)}]"
VIRT,monthly,2026-04-30,29868200,31,5,5,False,0.6378060030408118,"[{'date': Timestamp('2026-04-30 00:00:00'), 'volume': np.int64(29868200)}, {'date': Timestamp('2026-01-31 00:00:00'), 'volume': np.int64(25370400)}, {'date': Timestamp('2025-09-30 00:00:00'), 'volume': np.int64(24595700)}, {'date': Timestamp('2025-07-31 00:00:00'), 'volume': np.int64(19652100)}, {'date': Timestamp('2025-06-30 00:00:00'), 'volume': np.int64(15793600)}]"
FSBC,monthly,2026-04-30,2053100,31,4,4,False,0.5720375581622134,"[{'date': Timestamp('2026-04-30 00:00:00'), 'volume': np.int64(2053100)}, {'date': Timestamp('2026-03-31 00:00:00'), 'volume': np.int64(1904400)}, {'date': Timestamp('2025-10-31 00:00:00'), 'volume': np.int64(1622300)}, {'date': Timestamp('2025-06-30 00:00:00'), 'volume': np.int64(1183500)}]"
LPX,monthly,2026-04-30,23963800,31,3,3,False,0.3553735798803844,"[{'date': Timestamp('2026-04-30 00:00:00'), 'volume': np.int64(23963800)}, {'date': Timestamp('2025-08-31 00:00:00'), 'volume': np.int64(21339600)}, {'date': Timestamp('2025-06-30 00:00:00'), 'volume': np.int64(19721000)}]"
GAB,monthly,2026-04-30,26886100,31,4,4,False,0.7032305432034247,"[{'date': Timestamp('2026-04-30 00:00:00'), 'volume': np.int64(26886100)}, {'date': Timestamp('2026-03-31 00:00:00'), 'volume': np.int64(25471100)}, {'date': Timestamp('2025-09-30 00:00:00'), 'volume': np.int64(12951300)}, {'date': Timestamp('2025-06-30 00:00:00'), 'volume': np.int64(12305100)}]"
CDNS,monthly,2026-04-30,52585000,31,4,4,False,0.7734680669549613,"[{'date': Timestamp('2026-04-30 00:00:00'), 'volume': np.int64(52585000)}, {'date': Timestamp('2026-03-31 00:00:00'), 'volume': np.int64(51600400)}, {'date': Timestamp('2025-07-31 00:00:00'), 'volume': np.int64(42349300)}, {'date': Timestamp('2025-06-30 00:00:00'), 'volume': np.int64(34299900)}]"
WTRG,monthly,2026-04-30,50963400,31,5,5,True,1.0,"[{'date': Timestamp('2026-04-30 00:00:00'), 'volume': np.int64(50963400)}, {'date': Timestamp('2025-10-31 00:00:00'), 'volume': np.int64(49078100)}, {'date': Timestamp('2025-08-31 00:00:00'), 'volume': np.int64(44165200)}, {'date': Timestamp('2025-07-31 00:00:00'), 'volume': np.int64(38685900)}, {'date': Timestamp('2025-06-30 00:00:00'), 'volume': np.int64(37776100)}]"
CHW,monthly,2026-04-30,4816500,31,6,6,False,0.4019645480037388,"[{'date': Timestamp('2026-04-30 00:00:00'), 'volume': np.int64(4816500)}, {'date': Timestamp('2025-10-31 00:00:00'), 'volume': np.int64(4626100)}, {'date': Timestamp('2025-09-30 00:00:00'), 'volume': np.int64(4312600)}, {'date': Timestamp('2025-08-31 00:00:00'), 'volume': np.int64(3814100)}, {'date': Timestamp('2025-07-31 00:00:00'), 'volume': np.int64(3382800)}, {'date': Timestamp('2025-06-30 00:00:00'), 'volume': np.int64(3074500)}]"
EPD,monthly,2026-04-30,105159500,31,4,4,False,0.25233675358920504,"[{'date': Timestamp('2026-04-30 00:00:00'), 'volume': np.int64(105159500)}, {'date': Timestamp('2025-10-31 00:00:00'), 'volume': np.int64(94069700)}, {'date': Timestamp('2025-07-31 00:00:00'), 'volume': np.int64(90842300)}, {'date': Timestamp('2025-06-30 00:00:00'), 'volume': np.int64(78252000)}]"
ONBPP,monthly,2026-04-30,481200,31,4,4,False,0.4197853964930646,"[{'date': Timestamp('2026-04-30 00:00:00'), 'volume': np.int64(481200)}, {'date': Timestamp('2025-12-31 00:00:00'), 'volume': np.int64(238300)}, {'date': Timestamp('2025-08-31 00:00:00'), 'volume': np.int64(159000)}, {'date': Timestamp('2025-06-30 00:00:00'), 'volume': np.int64(126700)}]"
BLKB,monthly,2026-04-30,12387000,31,5,5,False,0.8645852963963399,"[{'date': Timestamp('2026-04-30 00:00:00'), 'volume': np.int64(12387000)}, {'date': Timestamp('2026-03-31 00:00:00'), 'volume': np.int64(12356700)}, {'date': Timestamp('2025-09-30 00:00:00'), 'volume': np.int64(7654900)}, {'date': Timestamp('2025-08-31 00:00:00'), 'volume': np.int64(7171100)}, {'date': Timestamp('2025-06-30 00:00:00'), 'volume': np.int64(6172900)}]"
HNNAZ,monthly,2026-04-30,44700,31,6,6,False,0.30325644504748983,"[{'date': Timestamp('2026-04-30 00:00:00'), 'volume': np.int64(44700)}, {'date': Timestamp('2026-03-31 00:00:00'), 'volume': np.int64(36200)}, {'date': Timestamp('2025-12-31 00:00:00'), 'volume': np.int64(26300)}, {'date': Timestamp('2025-08-31 00:00:00'), 'volume': np.int64(21800)}, {'date': Timestamp('2025-07-31 00:00:00'), 'volume': np.int64(16100)}, {'date': Timestamp('2025-06-30 00:00:00'), 'volume': np.int64(8700)}]"
PDM,monthly,2026-04-30,27034100,31,3,3,False,0.6241639249639249,"[{'date': Timestamp('2026-04-30 00:00:00'), 'volume': np.int64(27034100)}, {'date': Timestamp('2026-03-31 00:00:00'), 'volume': np.int64(22324900)}, {'date': Timestamp('2025-06-30 00:00:00'), 'volume': np.int64(21260400)}]"
FLXS,monthly,2026-04-30,1404500,31,5,5,False,0.4509552095039332,"[{'date': Timestamp('2026-04-30 00:00:00'), 'volume': np.int64(1404500)}, {'date': Timestamp('2025-10-31 00:00:00'), 'volume': np.int64(1027800)}, {'date': Timestamp('2025-09-30 00:00:00'), 'volume': np.int64(739700)}, {'date': Timestamp('2025-08-31 00:00:00'), 'volume': np.int64(704400)}, {'date': Timestamp('2025-06-30 00:00:00'), 'volume': np.int64(544000)}]"
PAC,monthly,2026-04-30,3414300,31,3,3,False,0.9145283119944286,"[{'date': Timestamp('2026-04-30 00:00:00'), 'volume': np.int64(3414300)}, {'date': Timestamp('2026-03-31 00:00:00'), 'volume': np.int64(2626900)}, {'date': Timestamp('2025-06-30 00:00:00'), 'volume': np.int64(2330500)}]"
BATRK,monthly,2026-04-30,7967600,31,2,2,False,0.9971091393745228,"[{'date': Timestamp('2026-04-30 00:00:00'), 'volume': np.int64(7967600)}, {'date': Timestamp('2025-06-30 00:00:00'), 'volume': np.int64(7855500)}]"
BATRA,monthly,2026-04-30,1697100,31,2,2,False,0.4282145740815503,"[{'date': Timestamp('2026-04-30 00:00:00'), 'volume': np.int64(1697100)}, {'date': Timestamp('2025-06-30 00:00:00'), 'volume': np.int64(1669300)}]"
SRAD,monthly,2026-04-30,107277200,31,7,7,True,1.0,"[{'date': Timestamp('2026-04-30 00:00:00'), 'volume': np.int64(107277200)}, {'date': Timestamp('2026-01-31 00:00:00'), 'volume': np.int64(64401200)}, {'date': Timestamp('2025-10-31 00:00:00'), 'volume': np.int64(55276700)}, {'date': Timestamp('2025-09-30 00:00:00'), 'volume': np.int64(43979600)}, {'date': Timestamp('2025-08-31 00:00:00'), 'volume': np.int64(40687100)}, {'date': Timestamp('2025-07-31 00:00:00'), 'volume': np.int64(39951000)}, {'date': Timestamp('2025-06-30 00:00:00'), 'volume': np.int64(39890400)}]"
VTR,monthly,2026-04-30,90000500,31,2,2,False,0.4822025389429965,"[{'date': Timestamp('2026-04-30 00:00:00'), 'volume': np.int64(90000500)}, {'date': Timestamp('2025-06-30 00:00:00'), 'volume': np.int64(77373600)}]"
FVN,monthly,2026-04-30,430400,31,3,3,False,0.22001840302627543,"[{'date': Timestamp('2026-04-30 00:00:00'), 'volume': np.int64(430400)}, {'date': Timestamp('2025-09-30 00:00:00'), 'volume': np.int64(177000)}, {'date': Timestamp('2025-06-30 00:00:00'), 'volume': np.int64(161800)}]"
COUR,monthly,2026-04-30,122951900,31,3,3,True,1.0,"[{'date': Timestamp('2026-04-30 00:00:00'), 'volume': np.int64(122951900)}, {'date': Timestamp('2025-07-31 00:00:00'), 'volume': np.int64(94001000)}, {'date': Timestamp('2025-06-30 00:00:00'), 'volume': np.int64(29233600)}]"
ZM,monthly,2026-04-30,92095600,31,5,5,False,0.24793031559995005,"[{'date': Timestamp('2026-04-30 00:00:00'), 'volume': np.int64(92095600)}, {'date': Timestamp('2026-03-31 00:00:00'), 'volume': np.int64(86657700)}, {'date': Timestamp('2025-08-31 00:00:00'), 'volume': np.int64(81233700)}, {'date': Timestamp('2025-07-31 00:00:00'), 'volume': np.int64(74239100)}, {'date': Timestamp('2025-06-30 00:00:00'), 'volume': np.int64(47745200)}]"
TMUS,monthly,2026-04-30,140249800,31,5,5,False,0.5191254989996872,"[{'date': Timestamp('2026-04-30 00:00:00'), 'volume': np.int64(140249800)}, {'date': Timestamp('2026-03-31 00:00:00'), 'volume': np.int64(121796200)}, {'date': Timestamp('2026-01-31 00:00:00'), 'volume': np.int64(119934900)}, {'date': Timestamp('2025-10-31 00:00:00'), 'volume': np.int64(116416000)}, {'date': Timestamp('2025-06-30 00:00:00'), 'volume': np.int64(103986800)}]"
SCHW,monthly,2026-04-30,254504600,31,4,4,False,0.2476479706369741,"[{'date': Timestamp('2026-04-30 00:00:00'), 'volume': np.int64(254504600)}, {'date': Timestamp('2025-09-30 00:00:00'), 'volume': np.int64(216317200)}, {'date': Timestamp('2025-07-31 00:00:00'), 'volume': np.int64(193066800)}, {'date': Timestamp('2025-06-30 00:00:00'), 'volume': np.int64(151919700)}]"
XYL,monthly,2026-04-30,53857300,31,6,6,False,0.7030428425971856,"[{'date': Timestamp('2026-04-30 00:00:00'), 'volume': np.int64(53857300)}, {'date': Timestamp('2026-03-31 00:00:00'), 'volume': np.int64(43300400)}, {'date': Timestamp('2026-01-31 00:00:00'), 'volume': np.int64(28181200)}, {'date': Timestamp('2025-11-30 00:00:00'), 'volume': np.int64(27790800)}, {'date': Timestamp('2025-10-31 00:00:00'), 'volume': np.int64(27657900)}, {'date': Timestamp('2025-06-30 00:00:00'), 'volume': np.int64(26313400)}]"
LBRDP,monthly,2026-04-30,396700,31,4,4,False,0.4599953617810761,"[{'date': Timestamp('2026-04-30 00:00:00'), 'volume': np.int64(396700)}, {'date': Timestamp('2026-01-31 00:00:00'), 'volume': np.int64(294300)}, {'date': Timestamp('2025-07-31 00:00:00'), 'volume': np.int64(217400)}, {'date': Timestamp('2025-06-30 00:00:00'), 'volume': np.int64(126000)}]"
JOUT,monthly,2026-04-30,1960700,31,3,3,True,1.0,"[{'date': Timestamp('2026-04-30 00:00:00'), 'volume': np.int64(1960700)}, {'date': Timestamp('2025-07-31 00:00:00'), 'volume': np.int64(1503000)}, {'date': Timestamp('2025-06-30 00:00:00'), 'volume': np.int64(1325300)}]"
GFL,monthly,2026-04-30,63057600,31,6,6,False,0.99992388491399,"[{'date': Timestamp('2026-04-30 00:00:00'), 'volume': np.int64(63057600)}, {'date': Timestamp('2025-12-31 00:00:00'), 'volume': np.int64(36023400)}, {'date': Timestamp('2025-11-30 00:00:00'), 'volume': np.int64(30336500)}, {'date': Timestamp('2025-09-30 00:00:00'), 'volume': np.int64(29452000)}, {'date': Timestamp('2025-07-31 00:00:00'), 'volume': np.int64(26291800)}, {'date': Timestamp('2025-06-30 00:00:00'), 'volume': np.int64(21408600)}]"
NHPBP,monthly,2026-04-30,376600,31,4,4,False,0.25276864219075107,"[{'date': Timestamp('2026-04-30 00:00:00'), 'volume': np.int64(376600)}, {'date': Timestamp('2025-08-31 00:00:00'), 'volume': np.int64(323300)}, {'date': Timestamp('2025-07-31 00:00:00'), 'volume': np.int64(165400)}, {'date': Timestamp('2025-06-30 00:00:00'), 'volume': np.int64(141700)}]"
BELFA,monthly,2026-04-30,1708300,31,6,6,True,1.0,"[{'date': Timestamp('2026-04-30 00:00:00'), 'volume': np.int64(1708300)}, {'date': Timestamp('2026-03-31 00:00:00'), 'volume': np.int64(1558400)}, {'date': Timestamp('2026-01-31 00:00:00'), 'volume': np.int64(1335300)}, {'date': Timestamp('2025-12-31 00:00:00'), 'volume': np.int64(577000)}, {'date': Timestamp('2025-11-30 00:00:00'), 'volume': np.int64(538900)}, {'date': Timestamp('2025-06-30 00:00:00'), 'volume': np.int64(286500)}]"
SWK,monthly,2026-04-30,52261200,31,3,3,False,0.6274297939469903,"[{'date': Timestamp('2026-04-30 00:00:00'), 'volume': np.int64(52261200)}, {'date': Timestamp('2025-07-31 00:00:00'), 'volume': np.int64(50892400)}, {'date': Timestamp('2025-06-30 00:00:00'), 'volume': np.int64(43719100)}]"
NWPX,monthly,2026-04-30,2893600,31,7,7,True,1.0,"[{'date': Timestamp('2026-04-30 00:00:00'), 'volume': np.int64(2893600)}, {'date': Timestamp('2026-03-31 00:00:00'), 'volume': np.int64(2861400)}, {'date': Timestamp('2026-01-31 00:00:00'), 'volume': np.int64(1563800)}, {'date': Timestamp('2025-09-30 00:00:00'), 'volume': np.int64(1438800)}, {'date': Timestamp('2025-08-31 00:00:00'), 'volume': np.int64(1407800)}, {'date': Timestamp('2025-07-31 00:00:00'), 'volume': np.int64(1379100)}, {'date': Timestamp('2025-06-30 00:00:00'), 'volume': np.int64(1105000)}]"
FSUN,monthly,2026-04-30,6645100,31,4,4,True,1.0,"[{'date': Timestamp('2026-04-30 00:00:00'), 'volume': np.int64(6645100)}, {'date': Timestamp('2026-03-31 00:00:00'), 'volume': np.int64(3992100)}, {'date': Timestamp('2025-10-31 00:00:00'), 'volume': np.int64(3973300)}, {'date': Timestamp('2025-06-30 00:00:00'), 'volume': np.int64(3698500)}]"
SPXX,monthly,2026-04-30,6886000,31,5,5,True,1.0,"[{'date': Timestamp('2026-04-30 00:00:00'), 'volume': np.int64(6886000)}, {'date': Timestamp('2026-03-31 00:00:00'), 'volume': np.int64(1635500)}, {'date': Timestamp('2025-10-31 00:00:00'), 'volume': np.int64(1306100)}, {'date': Timestamp('2025-09-30 00:00:00'), 'volume': np.int64(1105000)}, {'date': Timestamp('2025-06-30 00:00:00'), 'volume': np.int64(1013500)}]"
SPFI,monthly,2026-04-30,2409300,31,5,5,True,1.0,"[{'date': Timestamp('2026-04-30 00:00:00'), 'volume': np.int64(2409300)}, {'date': Timestamp('2026-03-31 00:00:00'), 'volume': np.int64(2370800)}, {'date': Timestamp('2026-01-31 00:00:00'), 'volume': np.int64(1524700)}, {'date': Timestamp('2025-07-31 00:00:00'), 'volume': np.int64(1418400)}, {'date': Timestamp('2025-06-30 00:00:00'), 'volume': np.int64(875100)}]"
SYY,monthly,2026-04-30,123650900,31,6,6,False,0.5995968449749155,"[{'date': Timestamp('2026-04-30 00:00:00'), 'volume': np.int64(123650900)}, {'date': Timestamp('2026-03-31 00:00:00'), 'volume': np.int64(102653300)}, {'date': Timestamp('2026-01-31 00:00:00'), 'volume': np.int64(88165500)}, {'date': Timestamp('2025-10-31 00:00:00'), 'volume': np.int64(69519000)}, {'date': Timestamp('2025-07-31 00:00:00'), 'volume': np.int64(65678900)}, {'date': Timestamp('2025-06-30 00:00:00'), 'volume': np.int64(56668700)}]"
CXM,monthly,2026-04-30,102731400,31,3,3,True,1.0,"[{'date': Timestamp('2026-04-30 00:00:00'), 'volume': np.int64(102731400)}, {'date': Timestamp('2026-03-31 00:00:00'), 'volume': np.int64(75501100)}, {'date': Timestamp('2025-06-30 00:00:00'), 'volume': np.int64(64699200)}]"
PFIS,monthly,2026-04-30,1252200,31,5,5,True,1.0,"[{'date': Timestamp('2026-04-30 00:00:00'), 'volume': np.int64(1252200)}, {'date': Timestamp('2026-03-31 00:00:00'), 'volume': np.int64(1011000)}, {'date': Timestamp('2025-09-30 00:00:00'), 'volume': np.int64(988700)}, {'date': Timestamp('2025-07-31 00:00:00'), 'volume': np.int64(851500)}, {'date': Timestamp('2025-06-30 00:00:00'), 'volume': np.int64(428100)}]"
CAC,monthly,2026-04-30,2145800,31,5,5,False,0.998046511627907,"[{'date': Timestamp('2026-04-30 00:00:00'), 'volume': np.int64(2145800)}, {'date': Timestamp('2026-01-31 00:00:00'), 'volume': np.int64(2142100)}, {'date': Timestamp('2025-10-31 00:00:00'), 'volume': np.int64(1912700)}, {'date': Timestamp('2025-07-31 00:00:00'), 'volume': np.int64(1766900)}, {'date': Timestamp('2025-06-30 00:00:00'), 'volume': np.int64(1101700)}]"
GGG,monthly,2026-04-30,26376000,31,5,5,False,0.8843528291511876,"[{'date': Timestamp('2026-04-30 00:00:00'), 'volume': np.int64(26376000)}, {'date': Timestamp('2026-03-31 00:00:00'), 'volume': np.int64(22418700)}, {'date': Timestamp('2025-10-31 00:00:00'), 'volume': np.int64(19610800)}, {'date': Timestamp('2025-07-31 00:00:00'), 'volume': np.int64(16763000)}, {'date': Timestamp('2025-06-30 00:00:00'), 'volume': np.int64(14651500)}]"
PEBK,monthly,2026-04-30,827100,31,5,5,False,0.744799639801891,"[{'date': Timestamp('2026-04-30 00:00:00'), 'volume': np.int64(827100)}, {'date': Timestamp('2026-03-31 00:00:00'), 'volume': np.int64(554800)}, {'date': Timestamp('2026-02-28 00:00:00'), 'volume': np.int64(305800)}, {'date': Timestamp('2025-12-31 00:00:00'), 'volume': np.int64(252500)}, {'date': Timestamp('2025-06-30 00:00:00'), 'volume': np.int64(198900)}]"
FSTR,monthly,2026-04-30,2792000,31,4,4,False,0.988843633787852,"[{'date': Timestamp('2026-04-30 00:00:00'), 'volume': np.int64(2792000)}, {'date': Timestamp('2026-03-31 00:00:00'), 'volume': np.int64(824500)}, {'date': Timestamp('2025-08-31 00:00:00'), 'volume': np.int64(732000)}, {'date': Timestamp('2025-06-30 00:00:00'), 'volume': np.int64(647800)}]"
TSBK,monthly,2026-04-30,1057000,31,5,5,False,0.5862451469772602,"[{'date': Timestamp('2026-04-30 00:00:00'), 'volume': np.int64(1057000)}, {'date': Timestamp('2026-03-31 00:00:00'), 'volume': np.int64(580400)}, {'date': Timestamp('2025-09-30 00:00:00'), 'volume': np.int64(544700)}, {'date': Timestamp('2025-07-31 00:00:00'), 'volume': np.int64(345900)}, {'date': Timestamp('2025-06-30 00:00:00'), 'volume': np.int64(241200)}]"
JMSB,monthly,2026-04-30,1057100,31,4,4,False,0.24579148065476192,"[{'date': Timestamp('2026-04-30 00:00:00'), 'volume': np.int64(1057100)}, {'date': Timestamp('2026-03-31 00:00:00'), 'volume': np.int64(732500)}, {'date': Timestamp('2025-07-31 00:00:00'), 'volume': np.int64(495000)}, {'date': Timestamp('2025-06-30 00:00:00'), 'volume': np.int64(395700)}]"
CUZ,monthly,2026-04-30,46617600,31,4,4,False,0.8189157854056143,"[{'date': Timestamp('2026-04-30 00:00:00'), 'volume': np.int64(46617600)}, {'date': Timestamp('2026-03-31 00:00:00'), 'volume': np.int64(42971300)}, {'date': Timestamp('2025-07-31 00:00:00'), 'volume': np.int64(35496700)}, {'date': Timestamp('2025-06-30 00:00:00'), 'volume': np.int64(31341300)}]"
ELSE,monthly,2026-04-30,655200,31,2,2,False,0.02651193279759159,"[{'date': Timestamp('2026-04-30 00:00:00'), 'volume': np.int64(655200)}, {'date': Timestamp('2025-06-30 00:00:00'), 'volume': np.int64(583300)}]"
CMU,monthly,2026-04-30,4643400,31,3,3,True,1.0,"[{'date': Timestamp('2026-04-30 00:00:00'), 'volume': np.int64(4643400)}, {'date': Timestamp('2025-07-31 00:00:00'), 'volume': np.int64(3313900)}, {'date': Timestamp('2025-06-30 00:00:00'), 'volume': np.int64(1179500)}]"
OCSL,monthly,2026-04-30,24260200,31,5,5,True,1.0,"[{'date': Timestamp('2026-04-30 00:00:00'), 'volume': np.int64(24260200)}, {'date': Timestamp('2025-10-31 00:00:00'), 'volume': np.int64(20961100)}, {'date': Timestamp('2025-09-30 00:00:00'), 'volume': np.int64(15959300)}, {'date': Timestamp('2025-07-31 00:00:00'), 'volume': np.int64(13370700)}, {'date': Timestamp('2025-06-30 00:00:00'), 'volume': np.int64(13275100)}]"
FHB,monthly,2026-04-30,38743500,31,7,7,False,0.6159362689144031,"[{'date': Timestamp('2026-04-30 00:00:00'), 'volume': np.int64(38743500)}, {'date': Timestamp('2026-03-31 00:00:00'), 'volume': np.int64(34406900)}, {'date': Timestamp('2026-01-31 00:00:00'), 'volume': np.int64(31647400)}, {'date': Timestamp('2025-11-30 00:00:00'), 'volume': np.int64(27877700)}, {'date': Timestamp('2025-10-31 00:00:00'), 'volume': np.int64(26277300)}, {'date': Timestamp('2025-07-31 00:00:00'), 'volume': np.int64(25217100)}, {'date': Timestamp('2025-06-30 00:00:00'), 'volume': np.int64(17349100)}]"
MZTI,monthly,2026-04-30,6728500,31,4,4,True,1.0,"[{'date': Timestamp('2026-04-30 00:00:00'), 'volume': np.int64(6728500)}, {'date': Timestamp('2026-03-31 00:00:00'), 'volume': np.int64(6601400)}, {'date': Timestamp('2025-12-31 00:00:00'), 'volume': np.int64(3449100)}, {'date': Timestamp('2025-06-30 00:00:00'), 'volume': np.int64(3324100)}]"
VRSK,monthly,2026-04-30,43468700,31,7,7,True,1.0,"[{'date': Timestamp('2026-04-30 00:00:00'), 'volume': np.int64(43468700)}, {'date': Timestamp('2026-03-31 00:00:00'), 'volume': np.int64(40280500)}, {'date': Timestamp('2025-10-31 00:00:00'), 'volume': np.int64(34694100)}, {'date': Timestamp('2025-09-30 00:00:00'), 'volume': np.int64(27271000)}, {'date': Timestamp('2025-08-31 00:00:00'), 'volume': np.int64(22985800)}, {'date': Timestamp('2025-07-31 00:00:00'), 'volume': np.int64(22699300)}, {'date': Timestamp('2025-06-30 00:00:00'), 'volume': np.int64(16982300)}]"
QLYS,monthly,2026-04-30,19752900,31,6,6,True,1.0,"[{'date': Timestamp('2026-04-30 00:00:00'), 'volume': np.int64(19752900)}, {'date': Timestamp('2026-03-31 00:00:00'), 'volume': np.int64(14411600)}, {'date': Timestamp('2025-11-30 00:00:00'), 'volume': np.int64(9530200)}, {'date': Timestamp('2025-08-31 00:00:00'), 'volume': np.int64(7513100)}, {'date': Timestamp('2025-07-31 00:00:00'), 'volume': np.int64(6470400)}, {'date': Timestamp('2025-06-30 00:00:00'), 'volume': np.int64(6195500)}]"
SMBC,monthly,2026-04-30,2399500,31,4,4,True,1.0,"[{'date': Timestamp('2026-04-30 00:00:00'), 'volume': np.int64(2399500)}, {'date': Timestamp('2025-10-31 00:00:00'), 'volume': np.int64(1612400)}, {'date': Timestamp('2025-07-31 00:00:00'), 'volume': np.int64(1223800)}, {'date': Timestamp('2025-06-30 00:00:00'), 'volume': np.int64(831800)}]"
CR,monthly,2026-04-30,12226700,31,3,3,True,1.0,"[{'date': Timestamp('2026-04-30 00:00:00'), 'volume': np.int64(12226700)}, {'date': Timestamp('2026-01-31 00:00:00'), 'volume': np.int64(10109200)}, {'date': Timestamp('2025-06-30 00:00:00'), 'volume': np.int64(7657400)}]"
IP,monthly,2026-04-30,154921600,31,5,5,False,0.5342385730611637,"[{'date': Timestamp('2026-04-30 00:00:00'), 'volume': np.int64(154921600)}, {'date': Timestamp('2026-01-31 00:00:00'), 'volume': np.int64(149471200)}, {'date': Timestamp('2025-10-31 00:00:00'), 'volume': np.int64(114586100)}, {'date': Timestamp('2025-07-31 00:00:00'), 'volume': np.int64(103850000)}, {'date': Timestamp('2025-06-30 00:00:00'), 'volume': np.int64(73138800)}]"
RMAX,monthly,2026-04-30,26031600,31,4,4,True,1.0,"[{'date': Timestamp('2026-04-30 00:00:00'), 'volume': np.int64(26031600)}, {'date': Timestamp('2025-08-31 00:00:00'), 'volume': np.int64(5848900)}, {'date': Timestamp('2025-07-31 00:00:00'), 'volume': np.int64(5174400)}, {'date': Timestamp('2025-06-30 00:00:00'), 'volume': np.int64(4041000)}]"
SCHL,monthly,2026-04-30,17217500,31,6,6,True,1.0,"[{'date': Timestamp('2026-04-30 00:00:00'), 'volume': np.int64(17217500)}, {'date': Timestamp('2026-03-31 00:00:00'), 'volume': np.int64(12131200)}, {'date': Timestamp('2025-12-31 00:00:00'), 'volume': np.int64(9726500)}, {'date': Timestamp('2025-09-30 00:00:00'), 'volume': np.int64(9306400)}, {'date': Timestamp('2025-07-31 00:00:00'), 'volume': np.int64(6673600)}, {'date': Timestamp('2025-06-30 00:00:00'), 'volume': np.int64(5967100)}]"
TWN,monthly,2026-04-30,741700,31,5,5,True,1.0,"[{'date': Timestamp('2026-04-30 00:00:00'), 'volume': np.int64(741700)}, {'date': Timestamp('2026-03-31 00:00:00'), 'volume': np.int64(662100)}, {'date': Timestamp('2026-01-31 00:00:00'), 'volume': np.int64(625600)}, {'date': Timestamp('2025-10-31 00:00:00'), 'volume': np.int64(566100)}, {'date': Timestamp('2025-06-30 00:00:00'), 'volume': np.int64(245900)}]"
BNS,monthly,2026-04-30,66966800,31,3,3,True,1.0,"[{'date': Timestamp('2026-04-30 00:00:00'), 'volume': np.int64(66966800)}, {'date': Timestamp('2025-07-31 00:00:00'), 'volume': np.int64(48426500)}, {'date': Timestamp('2025-06-30 00:00:00'), 'volume': np.int64(43957800)}]"
MPLX,monthly,2026-04-30,46706500,31,4,4,False,0.28645419670592853,"[{'date': Timestamp('2026-04-30 00:00:00'), 'volume': np.int64(46706500)}, {'date': Timestamp('2025-10-31 00:00:00'), 'volume': np.int64(34554300)}, {'date': Timestamp('2025-08-31 00:00:00'), 'volume': np.int64(31781900)}, {'date': Timestamp('2025-06-30 00:00:00'), 'volume': np.int64(24297900)}]"
PCTY,monthly,2026-04-30,17201600,31,5,5,False,0.7001628134158254,"[{'date': Timestamp('2026-04-30 00:00:00'), 'volume': np.int64(17201600)}, {'date': Timestamp('2026-03-31 00:00:00'), 'volume': np.int64(15180100)}, {'date': Timestamp('2025-11-30 00:00:00'), 'volume': np.int64(14662300)}, {'date': Timestamp('2025-10-31 00:00:00'), 'volume': np.int64(12840500)}, {'date': Timestamp('2025-06-30 00:00:00'), 'volume': np.int64(12282500)}]"
QDEL,monthly,2026-04-30,58565600,31,4,4,True,1.0,"[{'date': Timestamp('2026-04-30 00:00:00'), 'volume': np.int64(58565600)}, {'date': Timestamp('2026-03-31 00:00:00'), 'volume': np.int64(38514100)}, {'date': Timestamp('2025-11-30 00:00:00'), 'volume': np.int64(35983400)}, {'date': Timestamp('2025-06-30 00:00:00'), 'volume': np.int64(31590300)}]"
CAE,monthly,2026-04-30,19447500,31,5,5,False,0.9684913496877521,"[{'date': Timestamp('2026-04-30 00:00:00'), 'volume': np.int64(19447500)}, {'date': Timestamp('2026-03-31 00:00:00'), 'volume': np.int64(17280700)}, {'date': Timestamp('2025-08-31 00:00:00'), 'volume': np.int64(14742000)}, {'date': Timestamp('2025-07-31 00:00:00'), 'volume': np.int64(13306000)}, {'date': Timestamp('2025-06-30 00:00:00'), 'volume': np.int64(11455900)}]"
ASND,monthly,2026-04-30,17015200,31,6,6,False,0.5760736715589186,"[{'date': Timestamp('2026-04-30 00:00:00'), 'volume': np.int64(17015200)}, {'date': Timestamp('2025-12-31 00:00:00'), 'volume': np.int64(15913800)}, {'date': Timestamp('2025-11-30 00:00:00'), 'volume': np.int64(11253900)}, {'date': Timestamp('2025-08-31 00:00:00'), 'volume': np.int64(11222200)}, {'date': Timestamp('2025-07-31 00:00:00'), 'volume': np.int64(9986400)}, {'date': Timestamp('2025-06-30 00:00:00'), 'volume': np.int64(8832100)}]"
RSG,monthly,2026-04-30,34170500,31,4,4,False,0.7279069519741818,"[{'date': Timestamp('2026-04-30 00:00:00'), 'volume': np.int64(34170500)}, {'date': Timestamp('2025-12-31 00:00:00'), 'volume': np.int64(33246700)}, {'date': Timestamp('2025-07-31 00:00:00'), 'volume': np.int64(32571200)}, {'date': Timestamp('2025-06-30 00:00:00'), 'volume': np.int64(25735700)}]"
FND,monthly,2026-04-30,60928300,31,7,7,False,0.9653537194010933,"[{'date': Timestamp('2026-04-30 00:00:00'), 'volume': np.int64(60928300)}, {'date': Timestamp('2026-03-31 00:00:00'), 'volume': np.int64(56728300)}, {'date': Timestamp('2026-01-31 00:00:00'), 'volume': np.int64(54550800)}, {'date': Timestamp('2025-10-31 00:00:00'), 'volume': np.int64(53950100)}, {'date': Timestamp('2025-08-31 00:00:00'), 'volume': np.int64(46893800)}, {'date': Timestamp('2025-07-31 00:00:00'), 'volume': np.int64(41960600)}, {'date': Timestamp('2025-06-30 00:00:00'), 'volume': np.int64(35312100)}]"
MKL,monthly,2026-04-30,1442200,31,3,3,False,0.7321183816437382,"[{'date': Timestamp('2026-04-30 00:00:00'), 'volume': np.int64(1442200)}, {'date': Timestamp('2026-03-31 00:00:00'), 'volume': np.int64(1156500)}, {'date': Timestamp('2025-06-30 00:00:00'), 'volume': np.int64(988200)}]"
WW,monthly,2026-04-30,8746900,31,5,5,True,1.0,"[{'date': Timestamp('2026-04-30 00:00:00'), 'volume': np.int64(8746900)}, {'date': Timestamp('2025-11-30 00:00:00'), 'volume': np.int64(7590900)}, {'date': Timestamp('2025-08-31 00:00:00'), 'volume': np.int64(7286900)}, {'date': Timestamp('2025-07-31 00:00:00'), 'volume': np.int64(7061100)}, {'date': Timestamp('2025-06-30 00:00:00'), 'volume': np.int64(617900)}]"
SFST,monthly,2026-04-30,3549200,31,5,5,True,1.0,"[{'date': Timestamp('2026-04-30 00:00:00'), 'volume': np.int64(3549200)}, {'date': Timestamp('2026-03-31 00:00:00'), 'volume': np.int64(2256100)}, {'date': Timestamp('2025-12-31 00:00:00'), 'volume': np.int64(1368500)}, {'date': Timestamp('2025-07-31 00:00:00'), 'volume': np.int64(609500)}, {'date': Timestamp('2025-06-30 00:00:00'), 'volume': np.int64(358200)}]"
TBRG,monthly,2026-04-30,9797400,31,2,2,True,1.0,"[{'date': Timestamp('2026-04-30 00:00:00'), 'volume': np.int64(9797400)}, {'date': Timestamp('2025-06-30 00:00:00'), 'volume': np.int64(4323800)}]"
AZO,monthly,2026-04-30,4277400,31,3,3,False,0.43361109421568034,"[{'date': Timestamp('2026-04-30 00:00:00'), 'volume': np.int64(4277400)}, {'date': Timestamp('2025-12-31 00:00:00'), 'volume': np.int64(3858600)}, {'date': Timestamp('2025-06-30 00:00:00'), 'volume': np.int64(3241300)}]"
WING,monthly,2026-04-30,30470500,31,6,6,True,1.0,"[{'date': Timestamp('2026-04-30 00:00:00'), 'volume': np.int64(30470500)}, {'date': Timestamp('2026-03-31 00:00:00'), 'volume': np.int64(24726700)}, {'date': Timestamp('2025-11-30 00:00:00'), 'volume': np.int64(20198800)}, {'date': Timestamp('2025-09-30 00:00:00'), 'volume': np.int64(19553800)}, {'date': Timestamp('2025-07-31 00:00:00'), 'volume': np.int64(16962000)}, {'date': Timestamp('2025-06-30 00:00:00'), 'volume': np.int64(14323800)}]"
ST,monthly,2026-04-30,42846600,31,4,4,False,0.6669084434040089,"[{'date': Timestamp('2026-04-30 00:00:00'), 'volume': np.int64(42846600)}, {'date': Timestamp('2026-03-31 00:00:00'), 'volume': np.int64(39179800)}, {'date': Timestamp('2025-07-31 00:00:00'), 'volume': np.int64(38799900)}, {'date': Timestamp('2025-06-30 00:00:00'), 'volume': np.int64(29265400)}]"
NCNO,monthly,2026-04-30,79150700,31,7,7,True,1.0,"[{'date': Timestamp('2026-04-30 00:00:00'), 'volume': np.int64(79150700)}, {'date': Timestamp('2026-03-31 00:00:00'), 'volume': np.int64(49413500)}, {'date': Timestamp('2025-12-31 00:00:00'), 'volume': np.int64(47813100)}, {'date': Timestamp('2025-10-31 00:00:00'), 'volume': np.int64(46153100)}, {'date': Timestamp('2025-09-30 00:00:00'), 'volume': np.int64(44464700)}, {'date': Timestamp('2025-08-31 00:00:00'), 'volume': np.int64(39947700)}, {'date': Timestamp('2025-06-30 00:00:00'), 'volume': np.int64(31866200)}]"
TMP,monthly,2026-04-30,1416300,31,5,5,False,0.8883522549081101,"[{'date': Timestamp('2026-04-30 00:00:00'), 'volume': np.int64(1416300)}, {'date': Timestamp('2026-03-31 00:00:00'), 'volume': np.int64(1414400)}, {'date': Timestamp('2025-12-31 00:00:00'), 'volume': np.int64(1350500)}, {'date': Timestamp('2025-07-31 00:00:00'), 'volume': np.int64(1193700)}, {'date': Timestamp('2025-06-30 00:00:00'), 'volume': np.int64(1036000)}]"
FRSH,monthly,2026-04-30,204614000,31,4,4,True,1.0,"[{'date': Timestamp('2026-04-30 00:00:00'), 'volume': np.int64(204614000)}, {'date': Timestamp('2026-03-31 00:00:00'), 'volume': np.int64(123199900)}, {'date': Timestamp('2025-07-31 00:00:00'), 'volume': np.int64(110920700)}, {'date': Timestamp('2025-06-30 00:00:00'), 'volume': np.int64(47042700)}]"
CGNT,monthly,2026-04-30,11675100,31,3,3,False,0.2840573997839479,"[{'date': Timestamp('2026-04-30 00:00:00'), 'volume': np.int64(11675100)}, {'date': Timestamp('2026-03-31 00:00:00'), 'volume': np.int64(9990900)}, {'date': Timestamp('2025-06-30 00:00:00'), 'volume': np.int64(9256900)}]"
GEGGL,monthly,2026-04-30,135000,31,5,5,False,0.5144817073170732,"[{'date': Timestamp('2026-04-30 00:00:00'), 'volume': np.int64(135000)}, {'date': Timestamp('2025-10-31 00:00:00'), 'volume': np.int64(110000)}, {'date': Timestamp('2025-09-30 00:00:00'), 'volume': np.int64(44300)}, {'date': Timestamp('2025-08-31 00:00:00'), 'volume': np.int64(37700)}, {'date': Timestamp('2025-06-30 00:00:00'), 'volume': np.int64(24200)}]"
STM,monthly,2026-04-30,245730600,31,4,4,True,1.0,"[{'date': Timestamp('2026-04-30 00:00:00'), 'volume': np.int64(245730600)}, {'date': Timestamp('2026-03-31 00:00:00'), 'volume': np.int64(199336500)}, {'date': Timestamp('2025-07-31 00:00:00'), 'volume': np.int64(191119800)}, {'date': Timestamp('2025-06-30 00:00:00'), 'volume': np.int64(151154100)}]"
EFX,monthly,2026-04-30,37602400,31,6,6,True,1.0,"[{'date': Timestamp('2026-04-30 00:00:00'), 'volume': np.int64(37602400)}, {'date': Timestamp('2026-03-31 00:00:00'), 'volume': np.int64(34491700)}, {'date': Timestamp('2026-01-31 00:00:00'), 'volume': np.int64(33901800)}, {'date': Timestamp('2025-10-31 00:00:00'), 'volume': np.int64(32730200)}, {'date': Timestamp('2025-07-31 00:00:00'), 'volume': np.int64(23809200)}, {'date': Timestamp('2025-06-30 00:00:00'), 'volume': np.int64(17714000)}]"
WWD,monthly,2026-04-30,17507400,31,4,4,False,0.6829304446533545,"[{'date': Timestamp('2026-04-30 00:00:00'), 'volume': np.int64(17507400)}, {'date': Timestamp('2026-03-31 00:00:00'), 'volume': np.int64(13925900)}, {'date': Timestamp('2025-07-31 00:00:00'), 'volume': np.int64(13140000)}, {'date': Timestamp('2025-06-30 00:00:00'), 'volume': np.int64(11567000)}]"
BSX,monthly,2026-04-30,374347800,31,7,7,True,1.0,"[{'date': Timestamp('2026-04-30 00:00:00'), 'volume': np.int64(374347800)}, {'date': Timestamp('2026-03-31 00:00:00'), 'volume': np.int64(326830700)}, {'date': Timestamp('2026-02-28 00:00:00'), 'volume': np.int64(249535200)}, {'date': Timestamp('2026-01-31 00:00:00'), 'volume': np.int64(246534500)}, {'date': Timestamp('2025-09-30 00:00:00'), 'volume': np.int64(226943200)}, {'date': Timestamp('2025-07-31 00:00:00'), 'volume': np.int64(167039000)}, {'date': Timestamp('2025-06-30 00:00:00'), 'volume': np.int64(161086800)}]"
ESAB,monthly,2026-04-30,14684100,31,4,4,False,0.9880431710829105,"[{'date': Timestamp('2026-04-30 00:00:00'), 'volume': np.int64(14684100)}, {'date': Timestamp('2026-03-31 00:00:00'), 'volume': np.int64(14123100)}, {'date': Timestamp('2025-08-31 00:00:00'), 'volume': np.int64(11657300)}, {'date': Timestamp('2025-06-30 00:00:00'), 'volume': np.int64(6252400)}]"
FELE,monthly,2026-04-30,7138700,31,2,2,False,0.9943725536627154,"[{'date': Timestamp('2026-04-30 00:00:00'), 'volume': np.int64(7138700)}, {'date': Timestamp('2025-06-30 00:00:00'), 'volume': np.int64(7045200)}]"
FERA,monthly,2026-04-30,3904300,31,2,2,True,1.0,"[{'date': Timestamp('2026-04-30 00:00:00'), 'volume': np.int64(3904300)}, {'date': Timestamp('2025-06-30 00:00:00'), 'volume': np.int64(3186100)}]"
TD,monthly,2026-04-30,62398700,31,4,4,False,0.6625430290314566,"[{'date': Timestamp('2026-04-30 00:00:00'), 'volume': np.int64(62398700)}, {'date': Timestamp('2025-12-31 00:00:00'), 'volume': np.int64(51122100)}, {'date': Timestamp('2025-07-31 00:00:00'), 'volume': np.int64(44650100)}, {'date': Timestamp('2025-06-30 00:00:00'), 'volume': np.int64(37485100)}]"
AVNS,monthly,2026-04-30,49580400,31,4,4,True,1.0,"[{'date': Timestamp('2026-04-30 00:00:00'), 'volume': np.int64(49580400)}, {'date': Timestamp('2025-08-31 00:00:00'), 'volume': np.int64(17075200)}, {'date': Timestamp('2025-07-31 00:00:00'), 'volume': np.int64(9558900)}, {'date': Timestamp('2025-06-30 00:00:00'), 'volume': np.int64(8802900)}]"
AFBI,monthly,2026-04-30,485600,31,4,4,False,0.3640717557240462,"[{'date': Timestamp('2026-04-30 00:00:00'), 'volume': np.int64(485600)}, {'date': Timestamp('2026-03-31 00:00:00'), 'volume': np.int64(479400)}, {'date': Timestamp('2025-07-31 00:00:00'), 'volume': np.int64(336600)}, {'date': Timestamp('2025-06-30 00:00:00'), 'volume': np.int64(87900)}]"
KALU,monthly,2026-04-30,6314800,31,6,6,True,1.0,"[{'date': Timestamp('2026-04-30 00:00:00'), 'volume': np.int64(6314800)}, {'date': Timestamp('2026-03-31 00:00:00'), 'volume': np.int64(5086800)}, {'date': Timestamp('2025-12-31 00:00:00'), 'volume': np.int64(4609400)}, {'date': Timestamp('2025-10-31 00:00:00'), 'volume': np.int64(4325000)}, {'date': Timestamp('2025-07-31 00:00:00'), 'volume': np.int64(3123400)}, {'date': Timestamp('2025-06-30 00:00:00'), 'volume': np.int64(2586300)}]"
PRA,monthly,2026-04-30,20235400,31,3,3,False,0.6477608118057556,"[{'date': Timestamp('2026-04-30 00:00:00'), 'volume': np.int64(20235400)}, {'date': Timestamp('2025-07-31 00:00:00'), 'volume': np.int64(15980200)}, {'date': Timestamp('2025-06-30 00:00:00'), 'volume': np.int64(7966400)}]"
SOR,monthly,2026-04-30,355500,31,4,4,False,0.41098265895953756,"[{'date': Timestamp('2026-04-30 00:00:00'), 'volume': np.int64(355500)}, {'date': Timestamp('2025-12-31 00:00:00'), 'volume': np.int64(280500)}, {'date': Timestamp('2025-07-31 00:00:00'), 'volume': np.int64(252600)}, {'date': Timestamp('2025-06-30 00:00:00'), 'volume': np.int64(215500)}]"
GF,monthly,2026-04-30,1149600,31,2,2,False,0.9974837310195228,"[{'date': Timestamp('2026-04-30 00:00:00'), 'volume': np.int64(1149600)}, {'date': Timestamp('2025-06-30 00:00:00'), 'volume': np.int64(446800)}]"
ATMU,monthly,2026-04-30,36605200,31,3,3,False,0.23931302076693503,"[{'date': Timestamp('2026-04-30 00:00:00'), 'volume': np.int64(36605200)}, {'date': Timestamp('2025-08-31 00:00:00'), 'volume': np.int64(18761100)}, {'date': Timestamp('2025-06-30 00:00:00'), 'volume': np.int64(14276600)}]"
WSBC,monthly,2026-04-30,14574800,31,4,4,False,0.9107200879802044,"[{'date': Timestamp('2026-04-30 00:00:00'), 'volume': np.int64(14574800)}, {'date': Timestamp('2025-10-31 00:00:00'), 'volume': np.int64(14001700)}, {'date': Timestamp('2025-07-31 00:00:00'), 'volume': np.int64(13510400)}, {'date': Timestamp('2025-06-30 00:00:00'), 'volume': np.int64(11266100)}]"
FCCO,monthly,2026-04-30,1660100,31,3,3,False,0.9458720300837559,"[{'date': Timestamp('2026-04-30 00:00:00'), 'volume': np.int64(1660100)}, {'date': Timestamp('2026-03-31 00:00:00'), 'volume': np.int64(1582100)}, {'date': Timestamp('2025-06-30 00:00:00'), 'volume': np.int64(1553100)}]"
FNWB,monthly,2026-04-30,1339100,31,2,2,False,0.6445417789757413,"[{'date': Timestamp('2026-04-30 00:00:00'), 'volume': np.int64(1339100)}, {'date': Timestamp('2025-06-30 00:00:00'), 'volume': np.int64(1059000)}]"
KEN,monthly,2026-04-30,571500,31,4,4,False,0.32990821451249785,"[{'date': Timestamp('2026-04-30 00:00:00'), 'volume': np.int64(571500)}, {'date': Timestamp('2026-03-31 00:00:00'), 'volume': np.int64(479500)}, {'date': Timestamp('2025-07-31 00:00:00'), 'volume': np.int64(444700)}, {'date': Timestamp('2025-06-30 00:00:00'), 'volume': np.int64(435800)}]"
NPO,monthly,2026-04-30,5777700,31,4,4,True,1.0,"[{'date': Timestamp('2026-04-30 00:00:00'), 'volume': np.int64(5777700)}, {'date': Timestamp('2026-03-31 00:00:00'), 'volume': np.int64(5071200)}, {'date': Timestamp('2025-10-31 00:00:00'), 'volume': np.int64(4754300)}, {'date': Timestamp('2025-06-30 00:00:00'), 'volume': np.int64(2987700)}]"
DTF,monthly,2026-04-30,295500,31,5,5,False,0.16173170598215753,"[{'date': Timestamp('2026-04-30 00:00:00'), 'volume': np.int64(295500)}, {'date': Timestamp('2025-10-31 00:00:00'), 'volume': np.int64(232900)}, {'date': Timestamp('2025-08-31 00:00:00'), 'volume': np.int64(116000)}, {'date': Timestamp('2025-07-31 00:00:00'), 'volume': np.int64(100400)}, {'date': Timestamp('2025-06-30 00:00:00'), 'volume': np.int64(96100)}]"
EEA,monthly,2026-04-30,1128900,31,6,6,True,1.0,"[{'date': Timestamp('2026-04-30 00:00:00'), 'volume': np.int64(1128900)}, {'date': Timestamp('2026-03-31 00:00:00'), 'volume': np.int64(1039900)}, {'date': Timestamp('2026-01-31 00:00:00'), 'volume': np.int64(542500)}, {'date': Timestamp('2025-12-31 00:00:00'), 'volume': np.int64(524800)}, {'date': Timestamp('2025-07-31 00:00:00'), 'volume': np.int64(470400)}, {'date': Timestamp('2025-06-30 00:00:00'), 'volume': np.int64(438900)}]"
CICB,monthly,2026-04-30,1297800,31,3,3,False,0.7017031630170316,"[{'date': Timestamp('2026-04-30 00:00:00'), 'volume': np.int64(1297800)}, {'date': Timestamp('2025-12-31 00:00:00'), 'volume': np.int64(285900)}, {'date': Timestamp('2025-06-30 00:00:00'), 'volume': np.int64(173800)}]"
LNN,monthly,2026-04-30,4290200,31,4,4,True,1.0,"[{'date': Timestamp('2026-04-30 00:00:00'), 'volume': np.int64(4290200)}, {'date': Timestamp('2025-10-31 00:00:00'), 'volume': np.int64(4032500)}, {'date': Timestamp('2025-07-31 00:00:00'), 'volume': np.int64(3548800)}, {'date': Timestamp('2025-06-30 00:00:00'), 'volume': np.int64(2449400)}]"
MPB,monthly,2026-04-30,3898500,31,5,5,True,1.0,"[{'date': Timestamp('2026-04-30 00:00:00'), 'volume': np.int64(3898500)}, {'date': Timestamp('2026-03-31 00:00:00'), 'volume': np.int64(3522500)}, {'date': Timestamp('2025-09-30 00:00:00'), 'volume': np.int64(3372100)}, {'date': Timestamp('2025-07-31 00:00:00'), 'volume': np.int64(2645800)}, {'date': Timestamp('2025-06-30 00:00:00'), 'volume': np.int64(1887600)}]"
FRT,monthly,2026-04-30,19080100,31,4,4,False,0.7398714150548309,"[{'date': Timestamp('2026-04-30 00:00:00'), 'volume': np.int64(19080100)}, {'date': Timestamp('2025-08-31 00:00:00'), 'volume': np.int64(17873200)}, {'date': Timestamp('2025-07-31 00:00:00'), 'volume': np.int64(16991800)}, {'date': Timestamp('2025-06-30 00:00:00'), 'volume': np.int64(12948100)}]"
LECO,monthly,2026-04-30,8997700,31,2,2,False,0.6795383999577068,"[{'date': Timestamp('2026-04-30 00:00:00'), 'volume': np.int64(8997700)}, {'date': Timestamp('2025-06-30 00:00:00'), 'volume': np.int64(8295800)}]"
TMHC,monthly,2026-04-30,31625200,31,4,4,False,0.3451903419354768,"[{'date': Timestamp('2026-04-30 00:00:00'), 'volume': np.int64(31625200)}, {'date': Timestamp('2025-10-31 00:00:00'), 'volume': np.int64(29927700)}, {'date': Timestamp('2025-07-31 00:00:00'), 'volume': np.int64(29107400)}, {'date': Timestamp('2025-06-30 00:00:00'), 'volume': np.int64(19829700)}]"
ISTR,monthly,2026-04-30,3839600,31,5,5,True,1.0,"[{'date': Timestamp('2026-04-30 00:00:00'), 'volume': np.int64(3839600)}, {'date': Timestamp('2026-03-31 00:00:00'), 'volume': np.int64(3483800)}, {'date': Timestamp('2026-01-31 00:00:00'), 'volume': np.int64(1254400)}, {'date': Timestamp('2025-07-31 00:00:00'), 'volume': np.int64(1089900)}, {'date': Timestamp('2025-06-30 00:00:00'), 'volume': np.int64(467400)}]"
LBTYK,monthly,2026-04-30,32080200,31,3,3,False,0.13266570642602912,"[{'date': Timestamp('2026-04-30 00:00:00'), 'volume': np.int64(32080200)}, {'date': Timestamp('2026-03-31 00:00:00'), 'volume': np.int64(29242300)}, {'date': Timestamp('2025-06-30 00:00:00'), 'volume': np.int64(26195200)}]"
ACTU,monthly,2026-04-30,4599500,31,2,2,True,1.0,"[{'date': Timestamp('2026-04-30 00:00:00'), 'volume': np.int64(4599500)}, {'date': Timestamp('2025-06-30 00:00:00'), 'volume': np.int64(2753600)}]"
RPAY,monthly,2026-04-30,59483800,31,4,4,True,1.0,"[{'date': Timestamp('2026-04-30 00:00:00'), 'volume': np.int64(59483800)}, {'date': Timestamp('2026-03-31 00:00:00'), 'volume': np.int64(32826100)}, {'date': Timestamp('2025-11-30 00:00:00'), 'volume': np.int64(28668200)}, {'date': Timestamp('2025-06-30 00:00:00'), 'volume': np.int64(28325600)}]"
FGBI,monthly,2026-04-30,768300,31,5,5,False,0.49915540540540543,"[{'date': Timestamp('2026-04-30 00:00:00'), 'volume': np.int64(768300)}, {'date': Timestamp('2025-12-31 00:00:00'), 'volume': np.int64(503100)}, {'date': Timestamp('2025-11-30 00:00:00'), 'volume': np.int64(457200)}, {'date': Timestamp('2025-10-31 00:00:00'), 'volume': np.int64(329400)}, {'date': Timestamp('2025-06-30 00:00:00'), 'volume': np.int64(308200)}]"
INGN,monthly,2026-04-30,6464200,31,4,4,False,0.3708918571559717,"[{'date': Timestamp('2026-04-30 00:00:00'), 'volume': np.int64(6464200)}, {'date': Timestamp('2026-03-31 00:00:00'), 'volume': np.int64(5744000)}, {'date': Timestamp('2025-08-31 00:00:00'), 'volume': np.int64(5582500)}, {'date': Timestamp('2025-06-30 00:00:00'), 'volume': np.int64(4136100)}]"
NKE,monthly,2026-04-30,605340100,31,3,3,True,1.0,"[{'date': Timestamp('2026-04-30 00:00:00'), 'volume': np.int64(605340100)}, {'date': Timestamp('2025-12-31 00:00:00'), 'volume': np.int64(504665700)}, {'date': Timestamp('2025-06-30 00:00:00'), 'volume': np.int64(413297100)}]"
ISBA,monthly,2026-04-30,945500,31,2,2,True,1.0,"[{'date': Timestamp('2026-04-30 00:00:00'), 'volume': np.int64(945500)}, {'date': Timestamp('2025-06-30 00:00:00'), 'volume': np.int64(737500)}]"
WTBA,monthly,2026-04-30,1010700,31,5,5,False,0.8423903983997333,"[{'date': Timestamp('2026-04-30 00:00:00'), 'volume': np.int64(1010700)}, {'date': Timestamp('2025-10-31 00:00:00'), 'volume': np.int64(957400)}, {'date': Timestamp('2025-09-30 00:00:00'), 'volume': np.int64(858900)}, {'date': Timestamp('2025-08-31 00:00:00'), 'volume': np.int64(724800)}, {'date': Timestamp('2025-06-30 00:00:00'), 'volume': np.int64(677500)}]"
JOF,monthly,2026-04-30,2925400,31,3,3,True,1.0,"[{'date': Timestamp('2026-04-30 00:00:00'), 'volume': np.int64(2925400)}, {'date': Timestamp('2026-03-31 00:00:00'), 'volume': np.int64(2413400)}, {'date': Timestamp('2025-06-30 00:00:00'), 'volume': np.int64(1878300)}]"
STRS,monthly,2026-04-30,536200,31,4,4,False,0.23535091954527498,"[{'date': Timestamp('2026-04-30 00:00:00'), 'volume': np.int64(536200)}, {'date': Timestamp('2026-03-31 00:00:00'), 'volume': np.int64(404000)}, {'date': Timestamp('2025-07-31 00:00:00'), 'volume': np.int64(353400)}, {'date': Timestamp('2025-06-30 00:00:00'), 'volume': np.int64(289500)}]"
CMS,monthly,2026-04-30,61710000,31,3,3,False,0.7048036520501666,"[{'date': Timestamp('2026-04-30 00:00:00'), 'volume': np.int64(61710000)}, {'date': Timestamp('2026-01-31 00:00:00'), 'volume': np.int64(60910700)}, {'date': Timestamp('2025-06-30 00:00:00'), 'volume': np.int64(52940800)}]"
AWR,monthly,2026-04-30,8052400,31,6,6,False,0.7876286239680739,"[{'date': Timestamp('2026-04-30 00:00:00'), 'volume': np.int64(8052400)}, {'date': Timestamp('2025-11-30 00:00:00'), 'volume': np.int64(6485000)}, {'date': Timestamp('2025-10-31 00:00:00'), 'volume': np.int64(6297700)}, {'date': Timestamp('2025-09-30 00:00:00'), 'volume': np.int64(6050700)}, {'date': Timestamp('2025-07-31 00:00:00'), 'volume': np.int64(5288400)}, {'date': Timestamp('2025-06-30 00:00:00'), 'volume': np.int64(4029900)}]"
RM,monthly,2026-04-30,1385500,31,4,4,False,0.41890911289834915,"[{'date': Timestamp('2026-04-30 00:00:00'), 'volume': np.int64(1385500)}, {'date': Timestamp('2025-12-31 00:00:00'), 'volume': np.int64(1218400)}, {'date': Timestamp('2025-08-31 00:00:00'), 'volume': np.int64(1096700)}, {'date': Timestamp('2025-06-30 00:00:00'), 'volume': np.int64(1003600)}]"
PAL,monthly,2026-04-30,8384100,31,5,5,False,0.8024521204812358,"[{'date': Timestamp('2026-04-30 00:00:00'), 'volume': np.int64(8384100)}, {'date': Timestamp('2026-03-31 00:00:00'), 'volume': np.int64(5696600)}, {'date': Timestamp('2025-11-30 00:00:00'), 'volume': np.int64(4629300)}, {'date': Timestamp('2025-09-30 00:00:00'), 'volume': np.int64(4179900)}, {'date': Timestamp('2025-06-30 00:00:00'), 'volume': np.int64(3884600)}]"
CVLG,monthly,2026-04-30,3684400,31,3,3,False,0.2922781576734519,"[{'date': Timestamp('2026-04-30 00:00:00'), 'volume': np.int64(3684400)}, {'date': Timestamp('2026-01-31 00:00:00'), 'volume': np.int64(3357700)}, {'date': Timestamp('2025-06-30 00:00:00'), 'volume': np.int64(3218400)}]"
G,monthly,2026-04-30,56009900,31,4,4,False,0.8794392053787043,"[{'date': Timestamp('2026-04-30 00:00:00'), 'volume': np.int64(56009900)}, {'date': Timestamp('2025-11-30 00:00:00'), 'volume': np.int64(48181900)}, {'date': Timestamp('2025-08-31 00:00:00'), 'volume': np.int64(43327500)}, {'date': Timestamp('2025-06-30 00:00:00'), 'volume': np.int64(34833800)}]"
CAF,monthly,2026-04-30,1641500,31,8,8,False,0.4992852145877057,"[{'date': Timestamp('2026-04-30 00:00:00'), 'volume': np.int64(1641500)}, {'date': Timestamp('2026-03-31 00:00:00'), 'volume': np.int64(1410300)}, {'date': Timestamp('2025-12-31 00:00:00'), 'volume': np.int64(966600)}, {'date': Timestamp('2025-11-30 00:00:00'), 'volume': np.int64(876500)}, {'date': Timestamp('2025-10-31 00:00:00'), 'volume': np.int64(873000)}, {'date': Timestamp('2025-09-30 00:00:00'), 'volume': np.int64(493000)}, {'date': Timestamp('2025-07-31 00:00:00'), 'volume': np.int64(453700)}, {'date': Timestamp('2025-06-30 00:00:00'), 'volume': np.int64(295700)}]"
SDGR,monthly,2026-04-30,30805200,31,3,3,False,0.6481020967192214,"[{'date': Timestamp('2026-04-30 00:00:00'), 'volume': np.int64(30805200)}, {'date': Timestamp('2025-08-31 00:00:00'), 'volume': np.int64(28944800)}, {'date': Timestamp('2025-06-30 00:00:00'), 'volume': np.int64(25638200)}]"
ZWS,monthly,2026-04-30,28305500,31,3,3,False,0.4603931074489411,"[{'date': Timestamp('2026-04-30 00:00:00'), 'volume': np.int64(28305500)}, {'date': Timestamp('2025-07-31 00:00:00'), 'volume': np.int64(25274300)}, {'date': Timestamp('2025-06-30 00:00:00'), 'volume': np.int64(14061500)}]"
JBSS,monthly,2026-04-30,2078600,31,4,4,False,0.8311075569772091,"[{'date': Timestamp('2026-04-30 00:00:00'), 'volume': np.int64(2078600)}, {'date': Timestamp('2025-10-31 00:00:00'), 'volume': np.int64(1885700)}, {'date': Timestamp('2025-08-31 00:00:00'), 'volume': np.int64(1840900)}, {'date': Timestamp('2025-06-30 00:00:00'), 'volume': np.int64(1790700)}]"
VOYA,monthly,2026-04-30,28943000,31,3,3,False,0.44363683183553726,"[{'date': Timestamp('2026-04-30 00:00:00'), 'volume': np.int64(28943000)}, {'date': Timestamp('2026-03-31 00:00:00'), 'volume': np.int64(23190700)}, {'date': Timestamp('2025-06-30 00:00:00'), 'volume': np.int64(18232000)}]"
IYT,monthly,2026-04-30,27480800,31,5,5,False,0.7270206776863002,"[{'date': Timestamp('2026-04-30 00:00:00'), 'volume': np.int64(27480800)}, {'date': Timestamp('2026-03-31 00:00:00'), 'volume': np.int64(17670800)}, {'date': Timestamp('2025-10-31 00:00:00'), 'volume': np.int64(11964100)}, {'date': Timestamp('2025-07-31 00:00:00'), 'volume': np.int64(11865400)}, {'date': Timestamp('2025-06-30 00:00:00'), 'volume': np.int64(8591200)}]"
ESE,monthly,2026-04-30,7846600,31,4,4,True,1.0,"[{'date': Timestamp('2026-04-30 00:00:00'), 'volume': np.int64(7846600)}, {'date': Timestamp('2026-03-31 00:00:00'), 'volume': np.int64(6168900)}, {'date': Timestamp('2025-08-31 00:00:00'), 'volume': np.int64(5144300)}, {'date': Timestamp('2025-06-30 00:00:00'), 'volume': np.int64(4154700)}]"
ETY,monthly,2026-04-30,7392600,31,4,4,False,0.30606744364170824,"[{'date': Timestamp('2026-04-30 00:00:00'), 'volume': np.int64(7392600)}, {'date': Timestamp('2026-03-31 00:00:00'), 'volume': np.int64(5740200)}, {'date': Timestamp('2025-07-31 00:00:00'), 'volume': np.int64(5204300)}, {'date': Timestamp('2025-06-30 00:00:00'), 'volume': np.int64(4148900)}]"
ADUS,monthly,2026-04-30,5058000,31,4,4,True,1.0,"[{'date': Timestamp('2026-04-30 00:00:00'), 'volume': np.int64(5058000)}, {'date': Timestamp('2026-03-31 00:00:00'), 'volume': np.int64(4984200)}, {'date': Timestamp('2025-08-31 00:00:00'), 'volume': np.int64(4004200)}, {'date': Timestamp('2025-06-30 00:00:00'), 'volume': np.int64(3264800)}]"
DBL,monthly,2026-04-30,2173700,31,4,4,False,0.5299897595942848,"[{'date': Timestamp('2026-04-30 00:00:00'), 'volume': np.int64(2173700)}, {'date': Timestamp('2026-03-31 00:00:00'), 'volume': np.int64(2078200)}, {'date': Timestamp('2025-07-31 00:00:00'), 'volume': np.int64(2072200)}, {'date': Timestamp('2025-06-30 00:00:00'), 'volume': np.int64(1448000)}]"
AVT,monthly,2026-04-30,27827200,31,5,5,False,0.9671490734175807,"[{'date': Timestamp('2026-04-30 00:00:00'), 'volume': np.int64(27827200)}, {'date': Timestamp('2026-01-31 00:00:00'), 'volume': np.int64(26927100)}, {'date': Timestamp('2025-09-30 00:00:00'), 'volume': np.int64(24037100)}, {'date': Timestamp('2025-07-31 00:00:00'), 'volume': np.int64(16279100)}, {'date': Timestamp('2025-06-30 00:00:00'), 'volume': np.int64(12302900)}]"
XOMAP,monthly,2026-04-30,88500,31,4,4,False,0.38261997405966275,"[{'date': Timestamp('2026-04-30 00:00:00'), 'volume': np.int64(88500)}, {'date': Timestamp('2025-08-31 00:00:00'), 'volume': np.int64(29100)}, {'date': Timestamp('2025-07-31 00:00:00'), 'volume': np.int64(24400)}, {'date': Timestamp('2025-06-30 00:00:00'), 'volume': np.int64(13100)}]"
SION,monthly,2026-04-30,9570900,31,4,4,True,1.0,"[{'date': Timestamp('2026-04-30 00:00:00'), 'volume': np.int64(9570900)}, {'date': Timestamp('2025-10-31 00:00:00'), 'volume': np.int64(7765300)}, {'date': Timestamp('2025-09-30 00:00:00'), 'volume': np.int64(6750900)}, {'date': Timestamp('2025-06-30 00:00:00'), 'volume': np.int64(4984400)}]"
INTG,monthly,2026-04-30,755400,31,4,4,True,1.0,"[{'date': Timestamp('2026-04-30 00:00:00'), 'volume': np.int64(755400)}, {'date': Timestamp('2026-01-31 00:00:00'), 'volume': np.int64(390500)}, {'date': Timestamp('2025-10-31 00:00:00'), 'volume': np.int64(330800)}, {'date': Timestamp('2025-06-30 00:00:00'), 'volume': np.int64(135100)}]"
PKBK,monthly,2026-04-30,2306700,31,6,6,False,0.8529748918389232,"[{'date': Timestamp('2026-04-30 00:00:00'), 'volume': np.int64(2306700)}, {'date': Timestamp('2026-01-31 00:00:00'), 'volume': np.int64(1816800)}, {'date': Timestamp('2025-12-31 00:00:00'), 'volume': np.int64(898600)}, {'date': Timestamp('2025-09-30 00:00:00'), 'volume': np.int64(713200)}, {'date': Timestamp('2025-08-31 00:00:00'), 'volume': np.int64(674400)}, {'date': Timestamp('2025-06-30 00:00:00'), 'volume': np.int64(502500)}]"
BCH,monthly,2026-04-30,10425100,31,4,4,True,1.0,"[{'date': Timestamp('2026-04-30 00:00:00'), 'volume': np.int64(10425100)}, {'date': Timestamp('2026-03-31 00:00:00'), 'volume': np.int64(9373900)}, {'date': Timestamp('2025-07-31 00:00:00'), 'volume': np.int64(8607000)}, {'date': Timestamp('2025-06-30 00:00:00'), 'volume': np.int64(5124400)}]"
SMPL,monthly,2026-04-30,87194300,31,5,5,True,1.0,"[{'date': Timestamp('2026-04-30 00:00:00'), 'volume': np.int64(87194300)}, {'date': Timestamp('2026-01-31 00:00:00'), 'volume': np.int64(48022400)}, {'date': Timestamp('2025-10-31 00:00:00'), 'volume': np.int64(43114000)}, {'date': Timestamp('2025-07-31 00:00:00'), 'volume': np.int64(33170100)}, {'date': Timestamp('2025-06-30 00:00:00'), 'volume': np.int64(24787800)}]"
CVBF,monthly,2026-04-30,49419000,31,5,5,True,1.0,"[{'date': Timestamp('2026-04-30 00:00:00'), 'volume': np.int64(49419000)}, {'date': Timestamp('2026-03-31 00:00:00'), 'volume': np.int64(32263800)}, {'date': Timestamp('2025-12-31 00:00:00'), 'volume': np.int64(31317500)}, {'date': Timestamp('2025-07-31 00:00:00'), 'volume': np.int64(20214500)}, {'date': Timestamp('2025-06-30 00:00:00'), 'volume': np.int64(16766500)}]"
LYTS,monthly,2026-04-30,8879300,31,5,5,True,1.0,"[{'date': Timestamp('2026-04-30 00:00:00'), 'volume': np.int64(8879300)}, {'date': Timestamp('2026-03-31 00:00:00'), 'volume': np.int64(5109400)}, {'date': Timestamp('2025-09-30 00:00:00'), 'volume': np.int64(4838000)}, {'date': Timestamp('2025-08-31 00:00:00'), 'volume': np.int64(4252700)}, {'date': Timestamp('2025-06-30 00:00:00'), 'volume': np.int64(2247700)}]"
ETG,monthly,2026-04-30,3652600,31,6,6,False,0.30062551440329216,"[{'date': Timestamp('2026-04-30 00:00:00'), 'volume': np.int64(3652600)}, {'date': Timestamp('2026-03-31 00:00:00'), 'volume': np.int64(3167900)}, {'date': Timestamp('2026-01-31 00:00:00'), 'volume': np.int64(2624400)}, {'date': Timestamp('2025-10-31 00:00:00'), 'volume': np.int64(2545300)}, {'date': Timestamp('2025-07-31 00:00:00'), 'volume': np.int64(2305000)}, {'date': Timestamp('2025-06-30 00:00:00'), 'volume': np.int64(2240000)}]"
VINP,monthly,2026-04-30,2387700,31,5,5,False,0.2906052602753064,"[{'date': Timestamp('2026-04-30 00:00:00'), 'volume': np.int64(2387700)}, {'date': Timestamp('2026-03-31 00:00:00'), 'volume': np.int64(2032000)}, {'date': Timestamp('2025-10-31 00:00:00'), 'volume': np.int64(1349500)}, {'date': Timestamp('2025-07-31 00:00:00'), 'volume': np.int64(1160400)}, {'date': Timestamp('2025-06-30 00:00:00'), 'volume': np.int64(977100)}]"
WTS,monthly,2026-04-30,5569800,31,4,4,False,0.5639561374198839,"[{'date': Timestamp('2026-04-30 00:00:00'), 'volume': np.int64(5569800)}, {'date': Timestamp('2025-08-31 00:00:00'), 'volume': np.int64(5096600)}, {'date': Timestamp('2025-07-31 00:00:00'), 'volume': np.int64(4251300)}, {'date': Timestamp('2025-06-30 00:00:00'), 'volume': np.int64(3560400)}]"
MGRC,monthly,2026-04-30,6085700,31,3,3,False,0.6429960061703611,"[{'date': Timestamp('2026-04-30 00:00:00'), 'volume': np.int64(6085700)}, {'date': Timestamp('2026-03-31 00:00:00'), 'volume': np.int64(3764400)}, {'date': Timestamp('2025-06-30 00:00:00'), 'volume': np.int64(3516500)}]"
HCI,monthly,2026-04-30,4616200,31,4,4,False,0.9688942993871211,"[{'date': Timestamp('2026-04-30 00:00:00'), 'volume': np.int64(4616200)}, {'date': Timestamp('2025-10-31 00:00:00'), 'volume': np.int64(3895400)}, {'date': Timestamp('2025-09-30 00:00:00'), 'volume': np.int64(3648300)}, {'date': Timestamp('2025-06-30 00:00:00'), 'volume': np.int64(3392200)}]"
VKQ,monthly,2026-04-30,5970300,31,6,6,False,0.9932125567699756,"[{'date': Timestamp('2026-04-30 00:00:00'), 'volume': np.int64(5970300)}, {'date': Timestamp('2025-12-31 00:00:00'), 'volume': np.int64(4821700)}, {'date': Timestamp('2025-09-30 00:00:00'), 'volume': np.int64(4821500)}, {'date': Timestamp('2025-08-31 00:00:00'), 'volume': np.int64(4707400)}, {'date': Timestamp('2025-07-31 00:00:00'), 'volume': np.int64(4319200)}, {'date': Timestamp('2025-06-30 00:00:00'), 'volume': np.int64(4145600)}]"
OVLY,monthly,2026-04-30,708200,31,4,4,False,0.497995921524506,"[{'date': Timestamp('2026-04-30 00:00:00'), 'volume': np.int64(708200)}, {'date': Timestamp('2026-03-31 00:00:00'), 'volume': np.int64(504800)}, {'date': Timestamp('2025-07-31 00:00:00'), 'volume': np.int64(461800)}, {'date': Timestamp('2025-06-30 00:00:00'), 'volume': np.int64(270300)}]"
TEAM,monthly,2026-04-30,164175100,31,6,6,True,1.0,"[{'date': Timestamp('2026-04-30 00:00:00'), 'volume': np.int64(164175100)}, {'date': Timestamp('2026-03-31 00:00:00'), 'volume': np.int64(133385000)}, {'date': Timestamp('2026-01-31 00:00:00'), 'volume': np.int64(95448300)}, {'date': Timestamp('2025-10-31 00:00:00'), 'volume': np.int64(76576200)}, {'date': Timestamp('2025-08-31 00:00:00'), 'volume': np.int64(64621600)}, {'date': Timestamp('2025-06-30 00:00:00'), 'volume': np.int64(47203600)}]"
WSR,monthly,2026-04-30,15614600,31,3,3,True,1.0,"[{'date': Timestamp('2026-04-30 00:00:00'), 'volume': np.int64(15614600)}, {'date': Timestamp('2026-03-31 00:00:00'), 'volume': np.int64(6484600)}, {'date': Timestamp('2025-06-30 00:00:00'), 'volume': np.int64(5338400)}]"
APLE,monthly,2026-04-30,89188100,31,4,4,False,0.7386771442509253,"[{'date': Timestamp('2026-04-30 00:00:00'), 'volume': np.int64(89188100)}, {'date': Timestamp('2025-10-31 00:00:00'), 'volume': np.int64(71319700)}, {'date': Timestamp('2025-07-31 00:00:00'), 'volume': np.int64(67159200)}, {'date': Timestamp('2025-06-30 00:00:00'), 'volume': np.int64(67107500)}]"
MX,monthly,2026-04-30,36168900,31,5,5,False,0.8447243410389235,"[{'date': Timestamp('2026-04-30 00:00:00'), 'volume': np.int64(36168900)}, {'date': Timestamp('2025-11-30 00:00:00'), 'volume': np.int64(12583700)}, {'date': Timestamp('2025-08-31 00:00:00'), 'volume': np.int64(9314100)}, {'date': Timestamp('2025-07-31 00:00:00'), 'volume': np.int64(3544000)}, {'date': Timestamp('2025-06-30 00:00:00'), 'volume': np.int64(3261700)}]"
NKSH,monthly,2026-04-30,1616200,31,3,3,True,1.0,"[{'date': Timestamp('2026-04-30 00:00:00'), 'volume': np.int64(1616200)}, {'date': Timestamp('2026-03-31 00:00:00'), 'volume': np.int64(597600)}, {'date': Timestamp('2025-06-30 00:00:00'), 'volume': np.int64(373200)}]"
LION,monthly,2026-04-30,80724200,31,5,5,True,1.0,"[{'date': Timestamp('2026-04-30 00:00:00'), 'volume': np.int64(80724200)}, {'date': Timestamp('2025-12-31 00:00:00'), 'volume': np.int64(74308400)}, {'date': Timestamp('2025-09-30 00:00:00'), 'volume': np.int64(60981800)}, {'date': Timestamp('2025-07-31 00:00:00'), 'volume': np.int64(51467500)}, {'date': Timestamp('2025-06-30 00:00:00'), 'volume': np.int64(49456500)}]"
AIRG,monthly,2026-04-30,2139600,31,5,5,False,0.3124050928629833,"[{'date': Timestamp('2026-04-30 00:00:00'), 'volume': np.int64(2139600)}, {'date': Timestamp('2026-03-31 00:00:00'), 'volume': np.int64(1899400)}, {'date': Timestamp('2025-11-30 00:00:00'), 'volume': np.int64(1182200)}, {'date': Timestamp('2025-07-31 00:00:00'), 'volume': np.int64(888000)}, {'date': Timestamp('2025-06-30 00:00:00'), 'volume': np.int64(234600)}]"
CASY,monthly,2026-04-30,16972900,31,3,3,True,1.0,"[{'date': Timestamp('2026-04-30 00:00:00'), 'volume': np.int64(16972900)}, {'date': Timestamp('2026-03-31 00:00:00'), 'volume': np.int64(10828200)}, {'date': Timestamp('2025-06-30 00:00:00'), 'volume': np.int64(10333900)}]"
MYI,monthly,2026-04-30,7395800,31,7,7,False,0.8631382388982902,"[{'date': Timestamp('2026-04-30 00:00:00'), 'volume': np.int64(7395800)}, {'date': Timestamp('2025-12-31 00:00:00'), 'volume': np.int64(6788300)}, {'date': Timestamp('2025-10-31 00:00:00'), 'volume': np.int64(4563400)}, {'date': Timestamp('2025-09-30 00:00:00'), 'volume': np.int64(4056400)}, {'date': Timestamp('2025-08-31 00:00:00'), 'volume': np.int64(3722200)}, {'date': Timestamp('2025-07-31 00:00:00'), 'volume': np.int64(3650500)}, {'date': Timestamp('2025-06-30 00:00:00'), 'volume': np.int64(3322200)}]"
NOK,monthly,2026-04-30,2158950400,31,5,5,False,0.6436685382079869,"[{'date': Timestamp('2026-04-30 00:00:00'), 'volume': np.int64(2158950400)}, {'date': Timestamp('2025-10-31 00:00:00'), 'volume': np.int64(1646924300)}, {'date': Timestamp('2025-09-30 00:00:00'), 'volume': np.int64(685214400)}, {'date': Timestamp('2025-07-31 00:00:00'), 'volume': np.int64(526865100)}, {'date': Timestamp('2025-06-30 00:00:00'), 'volume': np.int64(300189800)}]"
BCBP,monthly,2026-04-30,2226700,31,3,3,False,0.5896044060795425,"[{'date': Timestamp('2026-04-30 00:00:00'), 'volume': np.int64(2226700)}, {'date': Timestamp('2026-01-31 00:00:00'), 'volume': np.int64(1948700)}, {'date': Timestamp('2025-06-30 00:00:00'), 'volume': np.int64(1927500)}]"
FORM,monthly,2026-04-30,40667700,31,5,5,True,1.0,"[{'date': Timestamp('2026-04-30 00:00:00'), 'volume': np.int64(40667700)}, {'date': Timestamp('2025-10-31 00:00:00'), 'volume': np.int64(32471900)}, {'date': Timestamp('2025-08-31 00:00:00'), 'volume': np.int64(17829000)}, {'date': Timestamp('2025-07-31 00:00:00'), 'volume': np.int64(15289700)}, {'date': Timestamp('2025-06-30 00:00:00'), 'volume': np.int64(14108900)}]"
LEG,monthly,2026-04-30,81809500,31,2,2,False,0.8110622789789733,"[{'date': Timestamp('2026-04-30 00:00:00'), 'volume': np.int64(81809500)}, {'date': Timestamp('2025-06-30 00:00:00'), 'volume': np.int64(58943500)}]"
CTBI,monthly,2026-04-30,2203600,31,4,4,True,1.0,"[{'date': Timestamp('2026-04-30 00:00:00'), 'volume': np.int64(2203600)}, {'date': Timestamp('2026-03-31 00:00:00'), 'volume': np.int64(2075000)}, {'date': Timestamp('2025-10-31 00:00:00'), 'volume': np.int64(1724100)}, {'date': Timestamp('2025-06-30 00:00:00'), 'volume': np.int64(1285300)}]"
NNN,monthly,2026-04-30,34042500,31,5,5,False,0.6279699098327997,"[{'date': Timestamp('2026-04-30 00:00:00'), 'volume': np.int64(34042500)}, {'date': Timestamp('2025-12-31 00:00:00'), 'volume': np.int64(33558400)}, {'date': Timestamp('2025-08-31 00:00:00'), 'volume': np.int64(29032700)}, {'date': Timestamp('2025-07-31 00:00:00'), 'volume': np.int64(26369500)}, {'date': Timestamp('2025-06-30 00:00:00'), 'volume': np.int64(20237200)}]"
DDI,monthly,2026-04-30,3155500,31,2,2,False,0.7163775880857247,"[{'date': Timestamp('2026-04-30 00:00:00'), 'volume': np.int64(3155500)}, {'date': Timestamp('2025-06-30 00:00:00'), 'volume': np.int64(2614700)}]"
BCML,monthly,2026-04-30,933000,31,3,3,False,0.21415782950006887,"[{'date': Timestamp('2026-04-30 00:00:00'), 'volume': np.int64(933000)}, {'date': Timestamp('2026-03-31 00:00:00'), 'volume': np.int64(613300)}, {'date': Timestamp('2025-06-30 00:00:00'), 'volume': np.int64(579900)}]"
HOMB,monthly,2026-04-30,34778900,31,6,6,False,0.6615127399438514,"[{'date': Timestamp('2026-04-30 00:00:00'), 'volume': np.int64(34778900)}, {'date': Timestamp('2026-03-31 00:00:00'), 'volume': np.int64(33804600)}, {'date': Timestamp('2025-12-31 00:00:00'), 'volume': np.int64(29426200)}, {'date': Timestamp('2025-10-31 00:00:00'), 'volume': np.int64(26764000)}, {'date': Timestamp('2025-07-31 00:00:00'), 'volume': np.int64(24936000)}, {'date': Timestamp('2025-06-30 00:00:00'), 'volume': np.int64(17874900)}]"
CBL,monthly,2026-04-30,4124400,31,4,4,False,0.50690100165919,"[{'date': Timestamp('2026-04-30 00:00:00'), 'volume': np.int64(4124400)}, {'date': Timestamp('2026-03-31 00:00:00'), 'volume': np.int64(3635300)}, {'date': Timestamp('2025-12-31 00:00:00'), 'volume': np.int64(3629300)}, {'date': Timestamp('2025-06-30 00:00:00'), 'volume': np.int64(3069400)}]"
EGO,monthly,2026-04-30,74474100,31,5,5,False,0.6730047506260217,"[{'date': Timestamp('2026-04-30 00:00:00'), 'volume': np.int64(74474100)}, {'date': Timestamp('2026-03-31 00:00:00'), 'volume': np.int64(56818000)}, {'date': Timestamp('2025-10-31 00:00:00'), 'volume': np.int64(55364400)}, {'date': Timestamp('2025-09-30 00:00:00'), 'volume': np.int64(49621000)}, {'date': Timestamp('2025-06-30 00:00:00'), 'volume': np.int64(40392800)}]"
RDY,monthly,2026-04-30,55321500,31,3,3,False,0.9790688125838434,"[{'date': Timestamp('2026-04-30 00:00:00'), 'volume': np.int64(55321500)}, {'date': Timestamp('2026-03-31 00:00:00'), 'volume': np.int64(49194200)}, {'date': Timestamp('2025-06-30 00:00:00'), 'volume': np.int64(35133100)}]"
BLD,monthly,2026-04-30,18976700,31,3,3,True,1.0,"[{'date': Timestamp('2026-04-30 00:00:00'), 'volume': np.int64(18976700)}, {'date': Timestamp('2025-07-31 00:00:00'), 'volume': np.int64(9515500)}, {'date': Timestamp('2025-06-30 00:00:00'), 'volume': np.int64(8806900)}]"
SZZL,monthly,2026-04-30,4689600,31,2,2,True,1.0,"[{'date': Timestamp('2026-04-30 00:00:00'), 'volume': np.int64(4689600)}, {'date': Timestamp('2025-06-30 00:00:00'), 'volume': np.int64(1420400)}]"
SXI,monthly,2026-04-30,4336400,31,6,6,True,1.0,"[{'date': Timestamp('2026-04-30 00:00:00'), 'volume': np.int64(4336400)}, {'date': Timestamp('2026-03-31 00:00:00'), 'volume': np.int64(4251500)}, {'date': Timestamp('2025-12-31 00:00:00'), 'volume': np.int64(3443500)}, {'date': Timestamp('2025-10-31 00:00:00'), 'volume': np.int64(3323700)}, {'date': Timestamp('2025-08-31 00:00:00'), 'volume': np.int64(2836000)}, {'date': Timestamp('2025-06-30 00:00:00'), 'volume': np.int64(2575900)}]"
GIB,monthly,2026-04-30,11376300,31,7,7,True,1.0,"[{'date': Timestamp('2026-04-30 00:00:00'), 'volume': np.int64(11376300)}, {'date': Timestamp('2026-03-31 00:00:00'), 'volume': np.int64(9595800)}, {'date': Timestamp('2026-01-31 00:00:00'), 'volume': np.int64(7308700)}, {'date': Timestamp('2025-10-31 00:00:00'), 'volume': np.int64(7299200)}, {'date': Timestamp('2025-08-31 00:00:00'), 'volume': np.int64(7219400)}, {'date': Timestamp('2025-07-31 00:00:00'), 'volume': np.int64(6358000)}, {'date': Timestamp('2025-06-30 00:00:00'), 'volume': np.int64(5009500)}]"
TNL,monthly,2026-04-30,20441200,31,3,3,False,0.5672312746969764,"[{'date': Timestamp('2026-04-30 00:00:00'), 'volume': np.int64(20441200)}, {'date': Timestamp('2025-07-31 00:00:00'), 'volume': np.int64(17520000)}, {'date': Timestamp('2025-06-30 00:00:00'), 'volume': np.int64(13404100)}]"
SEIC,monthly,2026-04-30,24557600,31,3,3,False,0.9913490689046863,"[{'date': Timestamp('2026-04-30 00:00:00'), 'volume': np.int64(24557600)}, {'date': Timestamp('2025-07-31 00:00:00'), 'volume': np.int64(21393100)}, {'date': Timestamp('2025-06-30 00:00:00'), 'volume': np.int64(20206600)}]"
MFAO,monthly,2026-04-30,715800,31,4,4,False,0.9604186233731383,"[{'date': Timestamp('2026-04-30 00:00:00'), 'volume': np.int64(715800)}, {'date': Timestamp('2025-10-31 00:00:00'), 'volume': np.int64(405300)}, {'date': Timestamp('2025-08-31 00:00:00'), 'volume': np.int64(276000)}, {'date': Timestamp('2025-06-30 00:00:00'), 'volume': np.int64(249800)}]"
SPMC,monthly,2026-04-30,883600,31,4,4,False,0.8568657874321179,"[{'date': Timestamp('2026-04-30 00:00:00'), 'volume': np.int64(883600)}, {'date': Timestamp('2026-03-31 00:00:00'), 'volume': np.int64(873500)}, {'date': Timestamp('2025-10-31 00:00:00'), 'volume': np.int64(702900)}, {'date': Timestamp('2025-06-30 00:00:00'), 'volume': np.int64(584400)}]"
IFS,monthly,2026-04-30,7242100,31,3,3,True,1.0,"[{'date': Timestamp('2026-04-30 00:00:00'), 'volume': np.int64(7242100)}, {'date': Timestamp('2026-03-31 00:00:00'), 'volume': np.int64(5628200)}, {'date': Timestamp('2025-06-30 00:00:00'), 'volume': np.int64(5622300)}]"
HYI,monthly,2026-04-30,1843200,31,5,5,False,0.47941321819647825,"[{'date': Timestamp('2026-04-30 00:00:00'), 'volume': np.int64(1843200)}, {'date': Timestamp('2025-12-31 00:00:00'), 'volume': np.int64(1766000)}, {'date': Timestamp('2025-10-31 00:00:00'), 'volume': np.int64(1669300)}, {'date': Timestamp('2025-07-31 00:00:00'), 'volume': np.int64(1533900)}, {'date': Timestamp('2025-06-30 00:00:00'), 'volume': np.int64(993300)}]"
BMI,monthly,2026-04-30,17576000,31,3,3,True,1.0,"[{'date': Timestamp('2026-04-30 00:00:00'), 'volume': np.int64(17576000)}, {'date': Timestamp('2025-07-31 00:00:00'), 'volume': np.int64(9721400)}, {'date': Timestamp('2025-06-30 00:00:00'), 'volume': np.int64(3963300)}]"
PROV,monthly,2026-04-30,217300,31,5,5,False,0.1619828550130451,"[{'date': Timestamp('2026-04-30 00:00:00'), 'volume': np.int64(217300)}, {'date': Timestamp('2025-12-31 00:00:00'), 'volume': np.int64(212400)}, {'date': Timestamp('2025-09-30 00:00:00'), 'volume': np.int64(168900)}, {'date': Timestamp('2025-07-31 00:00:00'), 'volume': np.int64(158500)}, {'date': Timestamp('2025-06-30 00:00:00'), 'volume': np.int64(112100)}]"
PLBC,monthly,2026-04-30,1305900,31,6,6,True,1.0,"[{'date': Timestamp('2026-04-30 00:00:00'), 'volume': np.int64(1305900)}, {'date': Timestamp('2026-03-31 00:00:00'), 'volume': np.int64(958900)}, {'date': Timestamp('2025-12-31 00:00:00'), 'volume': np.int64(436300)}, {'date': Timestamp('2025-09-30 00:00:00'), 'volume': np.int64(410700)}, {'date': Timestamp('2025-07-31 00:00:00'), 'volume': np.int64(402900)}, {'date': Timestamp('2025-06-30 00:00:00'), 'volume': np.int64(225900)}]"
HTBK,monthly,2025-12-31,24472000,59,5,5,True,1.0,"[{'date': Timestamp('2025-12-31 00:00:00'), 'volume': np.int64(24472000)}, {'date': Timestamp('2025-07-31 00:00:00'), 'volume': np.int64(12950000)}, {'date': Timestamp('2025-06-30 00:00:00'), 'volume': np.int64(9627000)}, {'date': Timestamp('2025-04-30 00:00:00'), 'volume': np.int64(7284900)}, {'date': Timestamp('2025-03-31 00:00:00'), 'volume': np.int64(7000300)}]"
BTA,monthly,2025-12-31,1333100,59,4,4,False,0.6173474113179587,"[{'date': Timestamp('2025-12-31 00:00:00'), 'volume': np.int64(1333100)}, {'date': Timestamp('2025-07-31 00:00:00'), 'volume': np.int64(1116300)}, {'date': Timestamp('2025-04-30 00:00:00'), 'volume': np.int64(1063300)}, {'date': Timestamp('2025-03-31 00:00:00'), 'volume': np.int64(443200)}]"
BKN,monthly,2025-12-31,1961000,59,3,3,False,0.7312525636722974,"[{'date': Timestamp('2025-12-31 00:00:00'), 'volume': np.int64(1961000)}, {'date': Timestamp('2025-04-30 00:00:00'), 'volume': np.int64(1684600)}, {'date': Timestamp('2025-03-31 00:00:00'), 'volume': np.int64(1041200)}]"
SEE,monthly,2025-12-31,87400000,59,4,4,True,1.0,"[{'date': Timestamp('2025-12-31 00:00:00'), 'volume': np.int64(87400000)}, {'date': Timestamp('2025-11-30 00:00:00'), 'volume': np.int64(72284900)}, {'date': Timestamp('2025-04-30 00:00:00'), 'volume': np.int64(46157900)}, {'date': Timestamp('2025-03-31 00:00:00'), 'volume': np.int64(41530800)}]"
MYD,monthly,2025-12-31,4881800,59,3,3,False,0.7085958138589717,"[{'date': Timestamp('2025-12-31 00:00:00'), 'volume': np.int64(4881800)}, {'date': Timestamp('2025-04-30 00:00:00'), 'volume': np.int64(3873900)}, {'date': Timestamp('2025-03-31 00:00:00'), 'volume': np.int64(2338000)}]"
MRCC,monthly,2025-12-31,2957600,59,5,5,False,0.3999134620585213,"[{'date': Timestamp('2025-12-31 00:00:00'), 'volume': np.int64(2957600)}, {'date': Timestamp('2025-08-31 00:00:00'), 'volume': np.int64(2687300)}, {'date': Timestamp('2025-05-31 00:00:00'), 'volume': np.int64(2091200)}, {'date': Timestamp('2025-04-30 00:00:00'), 'volume': np.int64(1827900)}, {'date': Timestamp('2025-03-31 00:00:00'), 'volume': np.int64(1755300)}]"
ECCW,monthly,2025-12-31,261200,59,4,4,False,0.5293879205512768,"[{'date': Timestamp('2025-12-31 00:00:00'), 'volume': np.int64(261200)}, {'date': Timestamp('2025-05-31 00:00:00'), 'volume': np.int64(158000)}, {'date': Timestamp('2025-04-30 00:00:00'), 'volume': np.int64(109100)}, {'date': Timestamp('2025-03-31 00:00:00'), 'volume': np.int64(53600)}]"
ALEX,monthly,2025-12-31,34041500,59,3,3,True,1.0,"[{'date': Timestamp('2025-12-31 00:00:00'), 'volume': np.int64(34041500)}, {'date': Timestamp('2025-04-30 00:00:00'), 'volume': np.int64(13937100)}, {'date': Timestamp('2025-03-31 00:00:00'), 'volume': np.int64(11884100)}]"
MVF,monthly,2025-12-31,3897600,59,3,3,False,0.42403934026720047,"[{'date': Timestamp('2025-12-31 00:00:00'), 'volume': np.int64(3897600)}, {'date': Timestamp('2025-04-30 00:00:00'), 'volume': np.int64(2979300)}, {'date': Timestamp('2025-03-31 00:00:00'), 'volume': np.int64(1890900)}]"
KIM,monthly,2026-03-31,125696700,61,5,5,False,0.6025347389331068,"[{'date': Timestamp('2026-03-31 00:00:00'), 'volume': np.int64(125696700)}, {'date': Timestamp('2026-01-31 00:00:00'), 'volume': np.int64(108375400)}, {'date': Timestamp('2025-10-31 00:00:00'), 'volume': np.int64(107629700)}, {'date': Timestamp('2025-07-31 00:00:00'), 'volume': np.int64(92911900)}, {'date': Timestamp('2025-06-30 00:00:00'), 'volume': np.int64(85636300)}]"
^NYA,monthly,2026-03-31,129104600000,61,5,5,False,0.7960310602595623,"[{'date': Timestamp('2026-03-31 00:00:00'), 'volume': np.int64(129104600000)}, {'date': Timestamp('2025-10-31 00:00:00'), 'volume': np.int64(128450070000)}, {'date': Timestamp('2025-09-30 00:00:00'), 'volume': np.int64(114074610000)}, {'date': Timestamp('2025-07-31 00:00:00'), 'volume': np.int64(114004890000)}, {'date': Timestamp('2025-06-30 00:00:00'), 'volume': np.int64(106456300000)}]"
SPLV,monthly,2026-03-31,85347800,61,7,7,False,0.37330015024242175,"[{'date': Timestamp('2026-03-31 00:00:00'), 'volume': np.int64(85347800)}, {'date': Timestamp('2026-01-31 00:00:00'), 'volume': np.int64(82947400)}, {'date': Timestamp('2025-11-30 00:00:00'), 'volume': np.int64(77846100)}, {'date': Timestamp('2025-10-31 00:00:00'), 'volume': np.int64(68623800)}, {'date': Timestamp('2025-08-31 00:00:00'), 'volume': np.int64(64893000)}, {'date': Timestamp('2025-07-31 00:00:00'), 'volume': np.int64(50107300)}, {'date': Timestamp('2025-06-30 00:00:00'), 'volume': np.int64(36832800)}]"
NFBK,monthly,2026-03-31,7500300,61,4,4,False,0.44746921534937,"[{'date': Timestamp('2026-03-31 00:00:00'), 'volume': np.int64(7500300)}, {'date': Timestamp('2026-02-28 00:00:00'), 'volume': np.int64(6307900)}, {'date': Timestamp('2025-10-31 00:00:00'), 'volume': np.int64(4516500)}, {'date': Timestamp('2025-06-30 00:00:00'), 'volume': np.int64(4294000)}]"
TCI,monthly,2026-03-31,181800,61,2,2,False,0.6603705049037414,"[{'date': Timestamp('2026-03-31 00:00:00'), 'volume': np.int64(181800)}, {'date': Timestamp('2025-06-30 00:00:00'), 'volume': np.int64(121900)}]"
ITUB,monthly,2026-03-31,698135600,61,4,4,False,0.42396674392014444,"[{'date': Timestamp('2026-03-31 00:00:00'), 'volume': np.int64(698135600)}, {'date': Timestamp('2025-08-31 00:00:00'), 'volume': np.int64(660903826)}, {'date': Timestamp('2025-07-31 00:00:00'), 'volume': np.int64(621500352)}, {'date': Timestamp('2025-06-30 00:00:00'), 'volume': np.int64(557925250)}]"
LYG,monthly,2026-03-31,538244300,61,2,2,False,0.754725973729509,"[{'date': Timestamp('2026-03-31 00:00:00'), 'volume': np.int64(538244300)}, {'date': Timestamp('2025-06-30 00:00:00'), 'volume': np.int64(293764600)}]"
PG,monthly,2026-03-31,252591200,61,5,5,False,0.7352571583096413,"[{'date': Timestamp('2026-03-31 00:00:00'), 'volume': np.int64(252591200)}, {'date': Timestamp('2026-01-31 00:00:00'), 'volume': np.int64(241975400)}, {'date': Timestamp('2025-12-31 00:00:00'), 'volume': np.int64(234367800)}, {'date': Timestamp('2025-07-31 00:00:00'), 'volume': np.int64(196076400)}, {'date': Timestamp('2025-06-30 00:00:00'), 'volume': np.int64(163008500)}]"
FCFS,monthly,2026-03-31,7830200,61,4,4,False,0.7278084509136876,"[{'date': Timestamp('2026-03-31 00:00:00'), 'volume': np.int64(7830200)}, {'date': Timestamp('2025-10-31 00:00:00'), 'volume': np.int64(7500600)}, {'date': Timestamp('2025-07-31 00:00:00'), 'volume': np.int64(7464500)}, {'date': Timestamp('2025-06-30 00:00:00'), 'volume': np.int64(6085000)}]"
UWMC,monthly,2026-03-31,422507900,61,6,6,True,1.0,"[{'date': Timestamp('2026-03-31 00:00:00'), 'volume': np.int64(422507900)}, {'date': Timestamp('2026-01-31 00:00:00'), 'volume': np.int64(381910000)}, {'date': Timestamp('2025-12-31 00:00:00'), 'volume': np.int64(253644900)}, {'date': Timestamp('2025-08-31 00:00:00'), 'volume': np.int64(219088200)}, {'date': Timestamp('2025-07-31 00:00:00'), 'volume': np.int64(151571800)}, {'date': Timestamp('2025-06-30 00:00:00'), 'volume': np.int64(147284100)}]"
AMBP,monthly,2026-03-31,41704600,61,3,3,False,0.7776806043235764,"[{'date': Timestamp('2026-03-31 00:00:00'), 'volume': np.int64(41704600)}, {'date': Timestamp('2025-07-31 00:00:00'), 'volume': np.int64(41374000)}, {'date': Timestamp('2025-06-30 00:00:00'), 'volume': np.int64(34873300)}]"
SPOK,monthly,2026-03-31,3969700,61,5,5,False,0.2699888459655041,"[{'date': Timestamp('2026-03-31 00:00:00'), 'volume': np.int64(3969700)}, {'date': Timestamp('2025-12-31 00:00:00'), 'volume': np.int64(3632700)}, {'date': Timestamp('2025-08-31 00:00:00'), 'volume': np.int64(3583200)}, {'date': Timestamp('2025-07-31 00:00:00'), 'volume': np.int64(2322400)}, {'date': Timestamp('2025-06-30 00:00:00'), 'volume': np.int64(2143800)}]"
MITT,monthly,2026-03-31,8319400,61,2,2,False,0.15523063945399207,"[{'date': Timestamp('2026-03-31 00:00:00'), 'volume': np.int64(8319400)}, {'date': Timestamp('2025-06-30 00:00:00'), 'volume': np.int64(5441500)}]"
RCG,monthly,2026-03-31,235900,61,4,4,False,0.16008414766558088,"[{'date': Timestamp('2026-03-31 00:00:00'), 'volume': np.int64(235900)}, {'date': Timestamp('2026-01-31 00:00:00'), 'volume': np.int64(223300)}, {'date': Timestamp('2025-07-31 00:00:00'), 'volume': np.int64(221900)}, {'date': Timestamp('2025-06-30 00:00:00'), 'volume': np.int64(149300)}]"
MDY,monthly,2026-03-31,38458000,61,4,4,False,0.5719103930712858,"[{'date': Timestamp('2026-03-31 00:00:00'), 'volume': np.int64(38458000)}, {'date': Timestamp('2025-11-30 00:00:00'), 'volume': np.int64(20776800)}, {'date': Timestamp('2025-10-31 00:00:00'), 'volume': np.int64(19421200)}, {'date': Timestamp('2025-06-30 00:00:00'), 'volume': np.int64(16102700)}]"
BWG,monthly,2026-03-31,2380400,61,4,4,False,0.7670049943612051,"[{'date': Timestamp('2026-03-31 00:00:00'), 'volume': np.int64(2380400)}, {'date': Timestamp('2025-09-30 00:00:00'), 'volume': np.int64(2372300)}, {'date': Timestamp('2025-07-31 00:00:00'), 'volume': np.int64(2099200)}, {'date': Timestamp('2025-06-30 00:00:00'), 'volume': np.int64(1626200)}]"
DCOMG,monthly,2026-03-31,93400,61,6,6,False,0.1460744447919925,"[{'date': Timestamp('2026-03-31 00:00:00'), 'volume': np.int64(93400)}, {'date': Timestamp('2025-12-31 00:00:00'), 'volume': np.int64(71000)}, {'date': Timestamp('2025-10-31 00:00:00'), 'volume': np.int64(62900)}, {'date': Timestamp('2025-08-31 00:00:00'), 'volume': np.int64(52700)}, {'date': Timestamp('2025-07-31 00:00:00'), 'volume': np.int64(36900)}, {'date': Timestamp('2025-06-30 00:00:00'), 'volume': np.int64(17000)}]"
MBC,monthly,2026-03-31,57837500,61,4,4,False,0.5604609855198297,"[{'date': Timestamp('2026-03-31 00:00:00'), 'volume': np.int64(57837500)}, {'date': Timestamp('2025-11-30 00:00:00'), 'volume': np.int64(44057200)}, {'date': Timestamp('2025-08-31 00:00:00'), 'volume': np.int64(40189300)}, {'date': Timestamp('2025-06-30 00:00:00'), 'volume': np.int64(18934600)}]"
MITP,monthly,2026-03-31,256600,61,5,5,False,0.44750610394140217,"[{'date': Timestamp('2026-03-31 00:00:00'), 'volume': np.int64(256600)}, {'date': Timestamp('2026-01-31 00:00:00'), 'volume': np.int64(186700)}, {'date': Timestamp('2025-09-30 00:00:00'), 'volume': np.int64(171400)}, {'date': Timestamp('2025-07-31 00:00:00'), 'volume': np.int64(117200)}, {'date': Timestamp('2025-06-30 00:00:00'), 'volume': np.int64(113200)}]"
MITN,monthly,2026-03-31,240100,61,4,4,False,0.7472766884531591,"[{'date': Timestamp('2026-03-31 00:00:00'), 'volume': np.int64(240100)}, {'date': Timestamp('2025-10-31 00:00:00'), 'volume': np.int64(117100)}, {'date': Timestamp('2025-07-31 00:00:00'), 'volume': np.int64(88900)}, {'date': Timestamp('2025-06-30 00:00:00'), 'volume': np.int64(52600)}]"
NMR,monthly,2026-03-31,56897300,61,7,7,False,0.27202347258026266,"[{'date': Timestamp('2026-03-31 00:00:00'), 'volume': np.int64(56897300)}, {'date': Timestamp('2026-01-31 00:00:00'), 'volume': np.int64(26701500)}, {'date': Timestamp('2025-12-31 00:00:00'), 'volume': np.int64(20617100)}, {'date': Timestamp('2025-11-30 00:00:00'), 'volume': np.int64(16121800)}, {'date': Timestamp('2025-10-31 00:00:00'), 'volume': np.int64(14941800)}, {'date': Timestamp('2025-07-31 00:00:00'), 'volume': np.int64(13108000)}, {'date': Timestamp('2025-06-30 00:00:00'), 'volume': np.int64(9665500)}]"
LOCO,monthly,2026-03-31,9996500,61,2,2,False,0.5331153905637536,"[{'date': Timestamp('2026-03-31 00:00:00'), 'volume': np.int64(9996500)}, {'date': Timestamp('2025-06-30 00:00:00'), 'volume': np.int64(8139100)}]"
TVE,monthly,2026-03-31,776600,61,3,3,False,0.8609756097560975,"[{'date': Timestamp('2026-03-31 00:00:00'), 'volume': np.int64(776600)}, {'date': Timestamp('2025-09-30 00:00:00'), 'volume': np.int64(518900)}, {'date': Timestamp('2025-06-30 00:00:00'), 'volume': np.int64(479800)}]"
EFSC,monthly,2026-03-31,6730200,61,3,3,False,0.9396570981793813,"[{'date': Timestamp('2026-03-31 00:00:00'), 'volume': np.int64(6730200)}, {'date': Timestamp('2025-12-31 00:00:00'), 'volume': np.int64(4343400)}, {'date': Timestamp('2025-06-30 00:00:00'), 'volume': np.int64(3977300)}]"
CM,monthly,2026-03-31,36192600,61,3,3,False,0.7180729489071949,"[{'date': Timestamp('2026-03-31 00:00:00'), 'volume': np.int64(36192600)}, {'date': Timestamp('2025-12-31 00:00:00'), 'volume': np.int64(29552900)}, {'date': Timestamp('2025-06-30 00:00:00'), 'volume': np.int64(29374700)}]"
ABCB,monthly,2026-03-31,13497700,61,4,4,False,0.87231072478754,"[{'date': Timestamp('2026-03-31 00:00:00'), 'volume': np.int64(13497700)}, {'date': Timestamp('2025-10-31 00:00:00'), 'volume': np.int64(10566300)}, {'date': Timestamp('2025-07-31 00:00:00'), 'volume': np.int64(9997000)}, {'date': Timestamp('2025-06-30 00:00:00'), 'volume': np.int64(6633500)}]"
PPG,monthly,2026-03-31,53259900,61,4,4,False,0.8451081696058799,"[{'date': Timestamp('2026-03-31 00:00:00'), 'volume': np.int64(53259900)}, {'date': Timestamp('2026-01-31 00:00:00'), 'volume': np.int64(47114600)}, {'date': Timestamp('2025-07-31 00:00:00'), 'volume': np.int64(43375700)}, {'date': Timestamp('2025-06-30 00:00:00'), 'volume': np.int64(36762000)}]"
BF-B,monthly,2026-03-31,173535000,61,2,2,True,1.0,"[{'date': Timestamp('2026-03-31 00:00:00'), 'volume': np.int64(173535000)}, {'date': Timestamp('2025-06-30 00:00:00'), 'volume': np.int64(157350700)}]"
GPC,monthly,2026-03-31,48475800,61,4,4,True,1.0,"[{'date': Timestamp('2026-03-31 00:00:00'), 'volume': np.int64(48475800)}, {'date': Timestamp('2025-09-30 00:00:00'), 'volume': np.int64(28831200)}, {'date': Timestamp('2025-07-31 00:00:00'), 'volume': np.int64(28653500)}, {'date': Timestamp('2025-06-30 00:00:00'), 'volume': np.int64(20644000)}]"
SRCE,monthly,2026-03-31,3602900,61,2,2,True,1.0,"[{'date': Timestamp('2026-03-31 00:00:00'), 'volume': np.int64(3602900)}, {'date': Timestamp('2025-06-30 00:00:00'), 'volume': np.int64(2524800)}]"
MTCH,monthly,2026-03-31,164711900,61,3,3,True,1.0,"[{'date': Timestamp('2026-03-31 00:00:00'), 'volume': np.int64(164711900)}, {'date': Timestamp('2025-08-31 00:00:00'), 'volume': np.int64(101254500)}, {'date': Timestamp('2025-06-30 00:00:00'), 'volume': np.int64(82963700)}]"
BVN,monthly,2026-03-31,40590500,61,5,5,False,0.5709999198162244,"[{'date': Timestamp('2026-03-31 00:00:00'), 'volume': np.int64(40590500)}, {'date': Timestamp('2025-12-31 00:00:00'), 'volume': np.int64(39172800)}, {'date': Timestamp('2025-10-31 00:00:00'), 'volume': np.int64(34873200)}, {'date': Timestamp('2025-09-30 00:00:00'), 'volume': np.int64(30998700)}, {'date': Timestamp('2025-06-30 00:00:00'), 'volume': np.int64(23991300)}]"
REFI,monthly,2026-03-31,4368700,61,4,4,False,0.9953067687330553,"[{'date': Timestamp('2026-03-31 00:00:00'), 'volume': np.int64(4368700)}, {'date': Timestamp('2025-09-30 00:00:00'), 'volume': np.int64(3551000)}, {'date': Timestamp('2025-07-31 00:00:00'), 'volume': np.int64(2183200)}, {'date': Timestamp('2025-06-30 00:00:00'), 'volume': np.int64(2131100)}]"
EXPO,monthly,2026-03-31,11502300,61,4,4,False,0.5779730768650979,"[{'date': Timestamp('2026-03-31 00:00:00'), 'volume': np.int64(11502300)}, {'date': Timestamp('2025-09-30 00:00:00'), 'volume': np.int64(9995200)}, {'date': Timestamp('2025-08-31 00:00:00'), 'volume': np.int64(9632600)}, {'date': Timestamp('2025-06-30 00:00:00'), 'volume': np.int64(6662000)}]"
BBSI,monthly,2026-03-31,7704100,61,6,6,False,0.9114689319009985,"[{'date': Timestamp('2026-03-31 00:00:00'), 'volume': np.int64(7704100)}, {'date': Timestamp('2025-11-30 00:00:00'), 'volume': np.int64(5493800)}, {'date': Timestamp('2025-10-31 00:00:00'), 'volume': np.int64(3909800)}, {'date': Timestamp('2025-08-31 00:00:00'), 'volume': np.int64(3572500)}, {'date': Timestamp('2025-07-31 00:00:00'), 'volume': np.int64(3537400)}, {'date': Timestamp('2025-06-30 00:00:00'), 'volume': np.int64(3038000)}]"
SE,monthly,2026-03-31,143511400,61,5,5,False,0.6300049035510578,"[{'date': Timestamp('2026-03-31 00:00:00'), 'volume': np.int64(143511400)}, {'date': Timestamp('2025-11-30 00:00:00'), 'volume': np.int64(111728500)}, {'date': Timestamp('2025-08-31 00:00:00'), 'volume': np.int64(102518300)}, {'date': Timestamp('2025-07-31 00:00:00'), 'volume': np.int64(89674700)}, {'date': Timestamp('2025-06-30 00:00:00'), 'volume': np.int64(75792700)}]"
EML,monthly,2026-03-31,455500,61,3,3,False,0.3662458792313259,"[{'date': Timestamp('2026-03-31 00:00:00'), 'volume': np.int64(455500)}, {'date': Timestamp('2025-12-31 00:00:00'), 'volume': np.int64(353800)}, {'date': Timestamp('2025-06-30 00:00:00'), 'volume': np.int64(245000)}]"
SLM,monthly,2026-03-31,97930300,61,6,6,False,0.5714993510616445,"[{'date': Timestamp('2026-03-31 00:00:00'), 'volume': np.int64(97930300)}, {'date': Timestamp('2025-12-31 00:00:00'), 'volume': np.int64(78019400)}, {'date': Timestamp('2025-10-31 00:00:00'), 'volume': np.int64(76838600)}, {'date': Timestamp('2025-09-30 00:00:00'), 'volume': np.int64(68891400)}, {'date': Timestamp('2025-07-31 00:00:00'), 'volume': np.int64(51324800)}, {'date': Timestamp('2025-06-30 00:00:00'), 'volume': np.int64(38201700)}]"
MMSI,monthly,2026-03-31,19589000,61,3,3,True,1.0,"[{'date': Timestamp('2026-03-31 00:00:00'), 'volume': np.int64(19589000)}, {'date': Timestamp('2025-07-31 00:00:00'), 'volume': np.int64(17221700)}, {'date': Timestamp('2025-06-30 00:00:00'), 'volume': np.int64(11288600)}]"
ASTE,monthly,2026-03-31,5692100,61,4,4,True,1.0,"[{'date': Timestamp('2026-03-31 00:00:00'), 'volume': np.int64(5692100)}, {'date': Timestamp('2025-08-31 00:00:00'), 'volume': np.int64(4698300)}, {'date': Timestamp('2025-07-31 00:00:00'), 'volume': np.int64(3548800)}, {'date': Timestamp('2025-06-30 00:00:00'), 'volume': np.int64(3291700)}]"
TSQ,monthly,2026-03-31,4653600,61,2,2,True,1.0,"[{'date': Timestamp('2026-03-31 00:00:00'), 'volume': np.int64(4653600)}, {'date': Timestamp('2025-06-30 00:00:00'), 'volume': np.int64(3754600)}]"
MU,monthly,2026-03-31,1023284500,61,5,5,True,1.0,"[{'date': Timestamp('2026-03-31 00:00:00'), 'volume': np.int64(1023284500)}, {'date': Timestamp('2026-01-31 00:00:00'), 'volume': np.int64(749894600)}, {'date': Timestamp('2025-12-31 00:00:00'), 'volume': np.int64(579404500)}, {'date': Timestamp('2025-09-30 00:00:00'), 'volume': np.int64(576098500)}, {'date': Timestamp('2025-06-30 00:00:00'), 'volume': np.int64(506275700)}]"
BF-A,monthly,2026-03-31,6708100,61,3,3,True,1.0,"[{'date': Timestamp('2026-03-31 00:00:00'), 'volume': np.int64(6708100)}, {'date': Timestamp('2025-09-30 00:00:00'), 'volume': np.int64(5622900)}, {'date': Timestamp('2025-06-30 00:00:00'), 'volume': np.int64(5579500)}]"
TSLX,monthly,2026-03-31,28454100,61,3,3,True,1.0,"[{'date': Timestamp('2026-03-31 00:00:00'), 'volume': np.int64(28454100)}, {'date': Timestamp('2025-10-31 00:00:00'), 'volume': np.int64(13971900)}, {'date': Timestamp('2025-06-30 00:00:00'), 'volume': np.int64(11291500)}]"
PLXS,monthly,2026-03-31,8139000,61,4,4,True,1.0,"[{'date': Timestamp('2026-03-31 00:00:00'), 'volume': np.int64(8139000)}, {'date': Timestamp('2026-01-31 00:00:00'), 'volume': np.int64(6620700)}, {'date': Timestamp('2025-07-31 00:00:00'), 'volume': np.int64(4776600)}, {'date': Timestamp('2025-06-30 00:00:00'), 'volume': np.int64(3208400)}]"
FA,monthly,2026-03-31,29312500,61,2,2,False,0.924780813144586,"[{'date': Timestamp('2026-03-31 00:00:00'), 'volume': np.int64(29312500)}, {'date': Timestamp('2025-06-30 00:00:00'), 'volume': np.int64(24981500)}]"
^N100,monthly,2026-03-31,8989006700,61,3,3,False,0.7290527895952622,"[{'date': Timestamp('2026-03-31 00:00:00'), 'volume': np.int64(8989006700)}, {'date': Timestamp('2025-10-31 00:00:00'), 'volume': np.int64(6343577500)}, {'date': Timestamp('2025-06-30 00:00:00'), 'volume': np.int64(6248920400)}]"
TPL,monthly,2026-03-31,11122600,61,3,3,False,0.4635401689525691,"[{'date': Timestamp('2026-03-31 00:00:00'), 'volume': np.int64(11122600)}, {'date': Timestamp('2025-07-31 00:00:00'), 'volume': np.int64(10031400)}, {'date': Timestamp('2025-06-30 00:00:00'), 'volume': np.int64(9673200)}]"
^BFX,monthly,2026-03-31,153322900,61,3,3,False,0.1290099548330656,"[{'date': Timestamp('2026-03-31 00:00:00'), 'volume': np.int64(153322900)}, {'date': Timestamp('2025-11-30 00:00:00'), 'volume': np.int64(108496600)}, {'date': Timestamp('2025-06-30 00:00:00'), 'volume': np.int64(107311600)}]"
^STOXX50E,monthly,2026-03-31,666294800,61,3,3,False,0.32140581870148816,"[{'date': Timestamp('2026-03-31 00:00:00'), 'volume': np.int64(666294800)}, {'date': Timestamp('2025-07-31 00:00:00'), 'volume': np.int64(506499100)}, {'date': Timestamp('2025-06-30 00:00:00'), 'volume': np.int64(488369100)}]"
LAD,monthly,2026-03-31,7822500,61,4,4,False,0.6021708171355991,"[{'date': Timestamp('2026-03-31 00:00:00'), 'volume': np.int64(7822500)}, {'date': Timestamp('2025-10-31 00:00:00'), 'volume': np.int64(7537000)}, {'date': Timestamp('2025-07-31 00:00:00'), 'volume': np.int64(7321600)}, {'date': Timestamp('2025-06-30 00:00:00'), 'volume': np.int64(4517700)}]"
VEGI,monthly,2026-03-31,3293700,61,3,3,False,0.8322047602203244,"[{'date': Timestamp('2026-03-31 00:00:00'), 'volume': np.int64(3293700)}, {'date': Timestamp('2026-01-31 00:00:00'), 'volume': np.int64(485300)}, {'date': Timestamp('2025-06-30 00:00:00'), 'volume': np.int64(465500)}]"
SMH,monthly,2026-03-31,241592000,61,4,4,False,0.642612241423795,"[{'date': Timestamp('2026-03-31 00:00:00'), 'volume': np.int64(241592000)}, {'date': Timestamp('2025-10-31 00:00:00'), 'volume': np.int64(185016700)}, {'date': Timestamp('2025-09-30 00:00:00'), 'volume': np.int64(176632600)}, {'date': Timestamp('2025-06-30 00:00:00'), 'volume': np.int64(167624600)}]"
SPHB,monthly,2026-03-31,11262300,61,4,4,False,0.2619297911036481,"[{'date': Timestamp('2026-03-31 00:00:00'), 'volume': np.int64(11262300)}, {'date': Timestamp('2025-10-31 00:00:00'), 'volume': np.int64(8359600)}, {'date': Timestamp('2025-07-31 00:00:00'), 'volume': np.int64(8339600)}, {'date': Timestamp('2025-06-30 00:00:00'), 'volume': np.int64(6063200)}]"
FRME,monthly,2026-03-31,10232100,61,4,4,True,1.0,"[{'date': Timestamp('2026-03-31 00:00:00'), 'volume': np.int64(10232100)}, {'date': Timestamp('2025-10-31 00:00:00'), 'volume': np.int64(7884400)}, {'date': Timestamp('2025-07-31 00:00:00'), 'volume': np.int64(7465600)}, {'date': Timestamp('2025-06-30 00:00:00'), 'volume': np.int64(7198700)}]"
PB,monthly,2026-03-31,27303300,61,6,6,True,1.0,"[{'date': Timestamp('2026-03-31 00:00:00'), 'volume': np.int64(27303300)}, {'date': Timestamp('2025-10-31 00:00:00'), 'volume': np.int64(25639500)}, {'date': Timestamp('2025-09-30 00:00:00'), 'volume': np.int64(22085400)}, {'date': Timestamp('2025-08-31 00:00:00'), 'volume': np.int64(20216800)}, {'date': Timestamp('2025-07-31 00:00:00'), 'volume': np.int64(18281800)}, {'date': Timestamp('2025-06-30 00:00:00'), 'volume': np.int64(13710700)}]"
VLYPO,monthly,2026-03-31,204500,61,2,2,False,0.14478901161144153,"[{'date': Timestamp('2026-03-31 00:00:00'), 'volume': np.int64(204500)}, {'date': Timestamp('2025-06-30 00:00:00'), 'volume': np.int64(204100)}]"
ASB,monthly,2026-03-31,58359200,61,6,6,False,0.9507233155219601,"[{'date': Timestamp('2026-03-31 00:00:00'), 'volume': np.int64(58359200)}, {'date': Timestamp('2026-01-31 00:00:00'), 'volume': np.int64(49206500)}, {'date': Timestamp('2025-12-31 00:00:00'), 'volume': np.int64(46134100)}, {'date': Timestamp('2025-10-31 00:00:00'), 'volume': np.int64(38960100)}, {'date': Timestamp('2025-07-31 00:00:00'), 'volume': np.int64(37956400)}, {'date': Timestamp('2025-06-30 00:00:00'), 'volume': np.int64(23757700)}]"
TDW,monthly,2026-03-31,21257100,61,3,3,False,0.6917017011805439,"[{'date': Timestamp('2026-03-31 00:00:00'), 'volume': np.int64(21257100)}, {'date': Timestamp('2025-08-31 00:00:00'), 'volume': np.int64(21185700)}, {'date': Timestamp('2025-06-30 00:00:00'), 'volume': np.int64(19436900)}]"
PEG,monthly,2026-03-31,67032200,61,5,5,False,0.5826723468764207,"[{'date': Timestamp('2026-03-31 00:00:00'), 'volume': np.int64(67032200)}, {'date': Timestamp('2026-01-31 00:00:00'), 'volume': np.int64(66890800)}, {'date': Timestamp('2025-12-31 00:00:00'), 'volume': np.int64(65019800)}, {'date': Timestamp('2025-10-31 00:00:00'), 'volume': np.int64(61661800)}, {'date': Timestamp('2025-06-30 00:00:00'), 'volume': np.int64(59420700)}]"
IHD,monthly,2026-03-31,3057200,61,4,4,True,1.0,"[{'date': Timestamp('2026-03-31 00:00:00'), 'volume': np.int64(3057200)}, {'date': Timestamp('2026-01-31 00:00:00'), 'volume': np.int64(2382700)}, {'date': Timestamp('2025-07-31 00:00:00'), 'volume': np.int64(1458200)}, {'date': Timestamp('2025-06-30 00:00:00'), 'volume': np.int64(1094500)}]"
MFG,monthly,2026-03-31,117816300,61,3,3,True,1.0,"[{'date': Timestamp('2026-03-31 00:00:00'), 'volume': np.int64(117816300)}, {'date': Timestamp('2025-07-31 00:00:00'), 'volume': np.int64(88860100)}, {'date': Timestamp('2025-06-30 00:00:00'), 'volume': np.int64(44638000)}]"
CIM,monthly,2026-03-31,18581500,61,6,6,False,0.2839186398259612,"[{'date': Timestamp('2026-03-31 00:00:00'), 'volume': np.int64(18581500)}, {'date': Timestamp('2025-12-31 00:00:00'), 'volume': np.int64(17514000)}, {'date': Timestamp('2025-11-30 00:00:00'), 'volume': np.int64(15809600)}, {'date': Timestamp('2025-10-31 00:00:00'), 'volume': np.int64(14537900)}, {'date': Timestamp('2025-09-30 00:00:00'), 'volume': np.int64(13791600)}, {'date': Timestamp('2025-06-30 00:00:00'), 'volume': np.int64(10951700)}]"
EQH,monthly,2026-03-31,90611500,61,3,3,False,0.6474960233354818,"[{'date': Timestamp('2026-03-31 00:00:00'), 'volume': np.int64(90611500)}, {'date': Timestamp('2025-08-31 00:00:00'), 'volume': np.int64(65823000)}, {'date': Timestamp('2025-06-30 00:00:00'), 'volume': np.int64(53122100)}]"
RMT,monthly,2026-03-31,3258300,61,4,4,False,0.4209254857379082,"[{'date': Timestamp('2026-03-31 00:00:00'), 'volume': np.int64(3258300)}, {'date': Timestamp('2026-01-31 00:00:00'), 'volume': np.int64(3097400)}, {'date': Timestamp('2025-07-31 00:00:00'), 'volume': np.int64(3016700)}, {'date': Timestamp('2025-06-30 00:00:00'), 'volume': np.int64(2475600)}]"
BLW,monthly,2026-03-31,3442500,61,4,4,False,0.39400945393780545,"[{'date': Timestamp('2026-03-31 00:00:00'), 'volume': np.int64(3442500)}, {'date': Timestamp('2025-12-31 00:00:00'), 'volume': np.int64(2659100)}, {'date': Timestamp('2025-09-30 00:00:00'), 'volume': np.int64(2527100)}, {'date': Timestamp('2025-06-30 00:00:00'), 'volume': np.int64(1842800)}]"
BGB,monthly,2026-03-31,4675400,61,5,5,False,0.37191653872771674,"[{'date': Timestamp('2026-03-31 00:00:00'), 'volume': np.int64(4675400)}, {'date': Timestamp('2025-10-31 00:00:00'), 'volume': np.int64(3676700)}, {'date': Timestamp('2025-08-31 00:00:00'), 'volume': np.int64(3282300)}, {'date': Timestamp('2025-07-31 00:00:00'), 'volume': np.int64(2613200)}, {'date': Timestamp('2025-06-30 00:00:00'), 'volume': np.int64(2202900)}]"
FMBH,monthly,2026-03-31,3050300,61,4,4,True,1.0,"[{'date': Timestamp('2026-03-31 00:00:00'), 'volume': np.int64(3050300)}, {'date': Timestamp('2026-01-31 00:00:00'), 'volume': np.int64(2204900)}, {'date': Timestamp('2025-12-31 00:00:00'), 'volume': np.int64(2163000)}, {'date': Timestamp('2025-06-30 00:00:00'), 'volume': np.int64(1679900)}]"
BLX,monthly,2026-03-31,3601100,61,6,6,False,0.543103188248424,"[{'date': Timestamp('2026-03-31 00:00:00'), 'volume': np.int64(3601100)}, {'date': Timestamp('2026-01-31 00:00:00'), 'volume': np.int64(3192900)}, {'date': Timestamp('2025-10-31 00:00:00'), 'volume': np.int64(3132400)}, {'date': Timestamp('2025-09-30 00:00:00'), 'volume': np.int64(2758100)}, {'date': Timestamp('2025-07-31 00:00:00'), 'volume': np.int64(2641600)}, {'date': Timestamp('2025-06-30 00:00:00'), 'volume': np.int64(2459100)}]"
SN,monthly,2026-03-31,49041000,61,3,3,False,0.9134256301558417,"[{'date': Timestamp('2026-03-31 00:00:00'), 'volume': np.int64(49041000)}, {'date': Timestamp('2025-10-31 00:00:00'), 'volume': np.int64(48295300)}, {'date': Timestamp('2025-06-30 00:00:00'), 'volume': np.int64(36770100)}]"
CCEP,monthly,2026-03-31,44965500,61,5,5,False,0.5751314224319864,"[{'date': Timestamp('2026-03-31 00:00:00'), 'volume': np.int64(44965500)}, {'date': Timestamp('2025-09-30 00:00:00'), 'volume': np.int64(42252200)}, {'date': Timestamp('2025-08-31 00:00:00'), 'volume': np.int64(41236600)}, {'date': Timestamp('2025-07-31 00:00:00'), 'volume': np.int64(36628400)}, {'date': Timestamp('2025-06-30 00:00:00'), 'volume': np.int64(33091200)}]"
TRMD,monthly,2026-03-31,26037000,61,2,2,False,0.8927022440128229,"[{'date': Timestamp('2026-03-31 00:00:00'), 'volume': np.int64(26037000)}, {'date': Timestamp('2025-06-30 00:00:00'), 'volume': np.int64(19089100)}]"
PSX,monthly,2026-03-31,85570200,61,2,2,False,0.6091485252546537,"[{'date': Timestamp('2026-03-31 00:00:00'), 'volume': np.int64(85570200)}, {'date': Timestamp('2025-06-30 00:00:00'), 'volume': np.int64(78061800)}]"
TRI,monthly,2026-03-31,55872400,61,3,3,True,1.0,"[{'date': Timestamp('2026-03-31 00:00:00'), 'volume': np.int64(55872400)}, {'date': Timestamp('2025-07-31 00:00:00'), 'volume': np.int64(51829700)}, {'date': Timestamp('2025-06-30 00:00:00'), 'volume': np.int64(10860400)}]"
MEOH,monthly,2026-03-31,47831200,61,2,2,True,1.0,"[{'date': Timestamp('2026-03-31 00:00:00'), 'volume': np.int64(47831200)}, {'date': Timestamp('2025-06-30 00:00:00'), 'volume': np.int64(14938200)}]"
CNXC,monthly,2026-03-31,38648700,61,6,6,True,1.0,"[{'date': Timestamp('2026-03-31 00:00:00'), 'volume': np.int64(38648700)}, {'date': Timestamp('2026-01-31 00:00:00'), 'volume': np.int64(24336100)}, {'date': Timestamp('2025-12-31 00:00:00'), 'volume': np.int64(22650100)}, {'date': Timestamp('2025-11-30 00:00:00'), 'volume': np.int64(22095300)}, {'date': Timestamp('2025-09-30 00:00:00'), 'volume': np.int64(21870900)}, {'date': Timestamp('2025-06-30 00:00:00'), 'volume': np.int64(16780200)}]"
RRX,monthly,2026-03-31,26544900,61,4,4,True,1.0,"[{'date': Timestamp('2026-03-31 00:00:00'), 'volume': np.int64(26544900)}, {'date': Timestamp('2025-08-31 00:00:00'), 'volume': np.int64(18773200)}, {'date': Timestamp('2025-07-31 00:00:00'), 'volume': np.int64(17450800)}, {'date': Timestamp('2025-06-30 00:00:00'), 'volume': np.int64(12492600)}]"
VYX,monthly,2026-03-31,56943500,61,5,5,False,0.6755071443123647,"[{'date': Timestamp('2026-03-31 00:00:00'), 'volume': np.int64(56943500)}, {'date': Timestamp('2025-12-31 00:00:00'), 'volume': np.int64(50205800)}, {'date': Timestamp('2025-11-30 00:00:00'), 'volume': np.int64(45057100)}, {'date': Timestamp('2025-07-31 00:00:00'), 'volume': np.int64(38971400)}, {'date': Timestamp('2025-06-30 00:00:00'), 'volume': np.int64(33246100)}]"
ATNI,monthly,2026-03-31,2301900,61,4,4,False,0.3913531341913327,"[{'date': Timestamp('2026-03-31 00:00:00'), 'volume': np.int64(2301900)}, {'date': Timestamp('2025-12-31 00:00:00'), 'volume': np.int64(1212200)}, {'date': Timestamp('2025-11-30 00:00:00'), 'volume': np.int64(1160700)}, {'date': Timestamp('2025-06-30 00:00:00'), 'volume': np.int64(1003300)}]"
VLTO,monthly,2026-03-31,43418300,61,7,7,False,0.438180078677698,"[{'date': Timestamp('2026-03-31 00:00:00'), 'volume': np.int64(43418300)}, {'date': Timestamp('2025-12-31 00:00:00'), 'volume': np.int64(37812800)}, {'date': Timestamp('2025-11-30 00:00:00'), 'volume': np.int64(35496500)}, {'date': Timestamp('2025-10-31 00:00:00'), 'volume': np.int64(32991600)}, {'date': Timestamp('2025-09-30 00:00:00'), 'volume': np.int64(28809100)}, {'date': Timestamp('2025-07-31 00:00:00'), 'volume': np.int64(27681700)}, {'date': Timestamp('2025-06-30 00:00:00'), 'volume': np.int64(24060800)}]"
BX,monthly,2026-03-31,246896800,61,4,4,False,0.9946888807328804,"[{'date': Timestamp('2026-03-31 00:00:00'), 'volume': np.int64(246896800)}, {'date': Timestamp('2025-10-31 00:00:00'), 'volume': np.int64(94579700)}, {'date': Timestamp('2025-07-31 00:00:00'), 'volume': np.int64(87431500)}, {'date': Timestamp('2025-06-30 00:00:00'), 'volume': np.int64(68098500)}]"
MET,monthly,2026-03-31,89565300,61,5,5,False,0.3612388193400562,"[{'date': Timestamp('2026-03-31 00:00:00'), 'volume': np.int64(89565300)}, {'date': Timestamp('2025-09-30 00:00:00'), 'volume': np.int64(78192700)}, {'date': Timestamp('2025-08-31 00:00:00'), 'volume': np.int64(69926200)}, {'date': Timestamp('2025-07-31 00:00:00'), 'volume': np.int64(61221800)}, {'date': Timestamp('2025-06-30 00:00:00'), 'volume': np.int64(56659000)}]"
AMWD,monthly,2026-03-31,6421100,61,3,3,True,1.0,"[{'date': Timestamp('2026-03-31 00:00:00'), 'volume': np.int64(6421100)}, {'date': Timestamp('2025-08-31 00:00:00'), 'volume': np.int64(6160000)}, {'date': Timestamp('2025-06-30 00:00:00'), 'volume': np.int64(3548600)}]"
KMPR,monthly,2026-03-31,27329100,61,5,5,True,1.0,"[{'date': Timestamp('2026-03-31 00:00:00'), 'volume': np.int64(27329100)}, {'date': Timestamp('2025-10-31 00:00:00'), 'volume': np.int64(24494000)}, {'date': Timestamp('2025-08-31 00:00:00'), 'volume': np.int64(24081800)}, {'date': Timestamp('2025-07-31 00:00:00'), 'volume': np.int64(13400300)}, {'date': Timestamp('2025-06-30 00:00:00'), 'volume': np.int64(11451600)}]"
AME,monthly,2026-03-31,33483500,61,3,3,False,0.5539791998252864,"[{'date': Timestamp('2026-03-31 00:00:00'), 'volume': np.int64(33483500)}, {'date': Timestamp('2025-07-31 00:00:00'), 'volume': np.int64(31260400)}, {'date': Timestamp('2025-06-30 00:00:00'), 'volume': np.int64(27697300)}]"
HURN,monthly,2026-03-31,6086100,61,3,3,True,1.0,"[{'date': Timestamp('2026-03-31 00:00:00'), 'volume': np.int64(6086100)}, {'date': Timestamp('2025-08-31 00:00:00'), 'volume': np.int64(4590200)}, {'date': Timestamp('2025-06-30 00:00:00'), 'volume': np.int64(3873500)}]"
CRM,monthly,2026-03-31,289214200,61,3,3,True,1.0,"[{'date': Timestamp('2026-03-31 00:00:00'), 'volume': np.int64(289214200)}, {'date': Timestamp('2025-09-30 00:00:00'), 'volume': np.int64(220428400)}, {'date': Timestamp('2025-06-30 00:00:00'), 'volume': np.int64(173731400)}]"
RRBI,monthly,2026-03-31,1512300,61,5,5,True,1.0,"[{'date': Timestamp('2026-03-31 00:00:00'), 'volume': np.int64(1512300)}, {'date': Timestamp('2026-01-31 00:00:00'), 'volume': np.int64(852900)}, {'date': Timestamp('2025-10-31 00:00:00'), 'volume': np.int64(773400)}, {'date': Timestamp('2025-07-31 00:00:00'), 'volume': np.int64(397900)}, {'date': Timestamp('2025-06-30 00:00:00'), 'volume': np.int64(294400)}]"
TIGO,monthly,2026-03-31,33146400,61,3,3,True,1.0,"[{'date': Timestamp('2026-03-31 00:00:00'), 'volume': np.int64(33146400)}, {'date': Timestamp('2025-07-31 00:00:00'), 'volume': np.int64(25201800)}, {'date': Timestamp('2025-06-30 00:00:00'), 'volume': np.int64(21238000)}]"
GPN,monthly,2026-03-31,78815300,61,3,3,False,0.7720458083014077,"[{'date': Timestamp('2026-03-31 00:00:00'), 'volume': np.int64(78815300)}, {'date': Timestamp('2026-01-31 00:00:00'), 'volume': np.int64(66626000)}, {'date': Timestamp('2025-06-30 00:00:00'), 'volume': np.int64(59533700)}]"
ATLCZ,monthly,2026-03-31,787600,61,4,4,False,0.49681448306314263,"[{'date': Timestamp('2026-03-31 00:00:00'), 'volume': np.int64(787600)}, {'date': Timestamp('2025-08-31 00:00:00'), 'volume': np.int64(758900)}, {'date': Timestamp('2025-07-31 00:00:00'), 'volume': np.int64(534000)}, {'date': Timestamp('2025-06-30 00:00:00'), 'volume': np.int64(456500)}]"
DELL,monthly,2026-03-31,216324400,61,4,4,False,0.5985716696965421,"[{'date': Timestamp('2026-03-31 00:00:00'), 'volume': np.int64(216324400)}, {'date': Timestamp('2025-10-31 00:00:00'), 'volume': np.int64(184359600)}, {'date': Timestamp('2025-09-30 00:00:00'), 'volume': np.int64(137576800)}, {'date': Timestamp('2025-06-30 00:00:00'), 'volume': np.int64(122360400)}]"
AOD,monthly,2026-03-31,16143400,61,5,5,False,0.8013084288430133,"[{'date': Timestamp('2026-03-31 00:00:00'), 'volume': np.int64(16143400)}, {'date': Timestamp('2025-10-31 00:00:00'), 'volume': np.int64(13439600)}, {'date': Timestamp('2025-08-31 00:00:00'), 'volume': np.int64(10709500)}, {'date': Timestamp('2025-07-31 00:00:00'), 'volume': np.int64(10115800)}, {'date': Timestamp('2025-06-30 00:00:00'), 'volume': np.int64(8929600)}]"
PINE,monthly,2026-03-31,4278900,61,6,6,False,0.732801287869706,"[{'date': Timestamp('2026-03-31 00:00:00'), 'volume': np.int64(4278900)}, {'date': Timestamp('2025-12-31 00:00:00'), 'volume': np.int64(4222800)}, {'date': Timestamp('2025-11-30 00:00:00'), 'volume': np.int64(2750100)}, {'date': Timestamp('2025-10-31 00:00:00'), 'volume': np.int64(2390000)}, {'date': Timestamp('2025-07-31 00:00:00'), 'volume': np.int64(2313600)}, {'date': Timestamp('2025-06-30 00:00:00'), 'volume': np.int64(1614400)}]"
IOSP,monthly,2026-03-31,6710000,61,4,4,False,0.9483428732951735,"[{'date': Timestamp('2026-03-31 00:00:00'), 'volume': np.int64(6710000)}, {'date': Timestamp('2025-12-31 00:00:00'), 'volume': np.int64(5716100)}, {'date': Timestamp('2025-11-30 00:00:00'), 'volume': np.int64(5100000)}, {'date': Timestamp('2025-06-30 00:00:00'), 'volume': np.int64(4914700)}]"
MAIN,monthly,2026-03-31,21961200,61,6,6,False,0.6949109100747083,"[{'date': Timestamp('2026-03-31 00:00:00'), 'volume': np.int64(21961200)}, {'date': Timestamp('2025-10-31 00:00:00'), 'volume': np.int64(15175100)}, {'date': Timestamp('2025-09-30 00:00:00'), 'volume': np.int64(12220500)}, {'date': Timestamp('2025-08-31 00:00:00'), 'volume': np.int64(10969700)}, {'date': Timestamp('2025-07-31 00:00:00'), 'volume': np.int64(10291900)}, {'date': Timestamp('2025-06-30 00:00:00'), 'volume': np.int64(9025700)}]"
DUK,monthly,2026-03-31,107256800,61,6,6,False,0.7914071544573874,"[{'date': Timestamp('2026-03-31 00:00:00'), 'volume': np.int64(107256800)}, {'date': Timestamp('2026-01-31 00:00:00'), 'volume': np.int64(79401500)}, {'date': Timestamp('2025-12-31 00:00:00'), 'volume': np.int64(73398300)}, {'date': Timestamp('2025-08-31 00:00:00'), 'volume': np.int64(67880800)}, {'date': Timestamp('2025-07-31 00:00:00'), 'volume': np.int64(59818000)}, {'date': Timestamp('2025-06-30 00:00:00'), 'volume': np.int64(57764700)}]"
IIF,monthly,2026-03-31,1260600,61,5,5,False,0.593167701863354,"[{'date': Timestamp('2026-03-31 00:00:00'), 'volume': np.int64(1260600)}, {'date': Timestamp('2026-01-31 00:00:00'), 'volume': np.int64(1073800)}, {'date': Timestamp('2025-12-31 00:00:00'), 'volume': np.int64(869000)}, {'date': Timestamp('2025-07-31 00:00:00'), 'volume': np.int64(684000)}, {'date': Timestamp('2025-06-30 00:00:00'), 'volume': np.int64(468000)}]"
IAF,monthly,2026-03-31,1169700,61,6,6,True,1.0,"[{'date': Timestamp('2026-03-31 00:00:00'), 'volume': np.int64(1169700)}, {'date': Timestamp('2026-01-31 00:00:00'), 'volume': np.int64(563700)}, {'date': Timestamp('2025-10-31 00:00:00'), 'volume': np.int64(460601)}, {'date': Timestamp('2025-08-31 00:00:00'), 'volume': np.int64(451265)}, {'date': Timestamp('2025-07-31 00:00:00'), 'volume': np.int64(339965)}, {'date': Timestamp('2025-06-30 00:00:00'), 'volume': np.int64(325068)}]"
IEX,monthly,2026-03-31,19891400,61,3,3,False,0.9497149623291923,"[{'date': Timestamp('2026-03-31 00:00:00'), 'volume': np.int64(19891400)}, {'date': Timestamp('2025-07-31 00:00:00'), 'volume': np.int64(16807800)}, {'date': Timestamp('2025-06-30 00:00:00'), 'volume': np.int64(14274000)}]"
TY,monthly,2026-03-31,1148200,61,4,4,False,0.27348513719512196,"[{'date': Timestamp('2026-03-31 00:00:00'), 'volume': np.int64(1148200)}, {'date': Timestamp('2025-12-31 00:00:00'), 'volume': np.int64(1121400)}, {'date': Timestamp('2025-07-31 00:00:00'), 'volume': np.int64(1060700)}, {'date': Timestamp('2025-06-30 00:00:00'), 'volume': np.int64(902600)}]"
PWR,monthly,2026-03-31,26332900,61,3,3,False,0.4784320494186047,"[{'date': Timestamp('2026-03-31 00:00:00'), 'volume': np.int64(26332900)}, {'date': Timestamp('2025-07-31 00:00:00'), 'volume': np.int64(25800000)}, {'date': Timestamp('2025-06-30 00:00:00'), 'volume': np.int64(22841400)}]"
PATH,monthly,2026-03-31,829790800,61,5,5,True,1.0,"[{'date': Timestamp('2026-03-31 00:00:00'), 'volume': np.int64(829790800)}, {'date': Timestamp('2025-10-31 00:00:00'), 'volume': np.int64(774799700)}, {'date': Timestamp('2025-09-30 00:00:00'), 'volume': np.int64(375134400)}, {'date': Timestamp('2025-07-31 00:00:00'), 'volume': np.int64(280574000)}, {'date': Timestamp('2025-06-30 00:00:00'), 'volume': np.int64(207647500)}]"
ECVT,monthly,2026-03-31,57531600,61,3,3,True,1.0,"[{'date': Timestamp('2026-03-31 00:00:00'), 'volume': np.int64(57531600)}, {'date': Timestamp('2025-07-31 00:00:00'), 'volume': np.int64(42651500)}, {'date': Timestamp('2025-06-30 00:00:00'), 'volume': np.int64(25018500)}]"
CCU,monthly,2026-03-31,6117900,61,3,3,False,0.5838805115480054,"[{'date': Timestamp('2026-03-31 00:00:00'), 'volume': np.int64(6117900)}, {'date': Timestamp('2025-07-31 00:00:00'), 'volume': np.int64(5066900)}, {'date': Timestamp('2025-06-30 00:00:00'), 'volume': np.int64(3272700)}]"
ECAT,monthly,2026-03-31,14277800,61,5,5,False,0.97580612091472,"[{'date': Timestamp('2026-03-31 00:00:00'), 'volume': np.int64(14277800)}, {'date': Timestamp('2026-01-31 00:00:00'), 'volume': np.int64(9086600)}, {'date': Timestamp('2025-08-31 00:00:00'), 'volume': np.int64(8692600)}, {'date': Timestamp('2025-07-31 00:00:00'), 'volume': np.int64(7244000)}, {'date': Timestamp('2025-06-30 00:00:00'), 'volume': np.int64(6122500)}]"
PDO,monthly,2026-03-31,21603100,61,6,6,False,0.8757291628663043,"[{'date': Timestamp('2026-03-31 00:00:00'), 'volume': np.int64(21603100)}, {'date': Timestamp('2025-12-31 00:00:00'), 'volume': np.int64(16114800)}, {'date': Timestamp('2025-10-31 00:00:00'), 'volume': np.int64(15876400)}, {'date': Timestamp('2025-09-30 00:00:00'), 'volume': np.int64(10591600)}, {'date': Timestamp('2025-07-31 00:00:00'), 'volume': np.int64(9601900)}, {'date': Timestamp('2025-06-30 00:00:00'), 'volume': np.int64(7386400)}]"
PAYX,monthly,2026-03-31,97395100,61,4,4,True,1.0,"[{'date': Timestamp('2026-03-31 00:00:00'), 'volume': np.int64(97395100)}, {'date': Timestamp('2025-12-31 00:00:00'), 'volume': np.int64(81347500)}, {'date': Timestamp('2025-09-30 00:00:00'), 'volume': np.int64(66325500)}, {'date': Timestamp('2025-06-30 00:00:00'), 'volume': np.int64(52121300)}]"
SXC,monthly,2026-03-31,59395300,61,4,4,True,1.0,"[{'date': Timestamp('2026-03-31 00:00:00'), 'volume': np.int64(59395300)}, {'date': Timestamp('2025-11-30 00:00:00'), 'volume': np.int64(30284500)}, {'date': Timestamp('2025-08-31 00:00:00'), 'volume': np.int64(24363600)}, {'date': Timestamp('2025-06-30 00:00:00'), 'volume': np.int64(23785600)}]"
FWONK,monthly,2026-03-31,49692200,61,6,6,False,0.7831134243636776,"[{'date': Timestamp('2026-03-31 00:00:00'), 'volume': np.int64(49692200)}, {'date': Timestamp('2026-01-31 00:00:00'), 'volume': np.int64(37346000)}, {'date': Timestamp('2025-10-31 00:00:00'), 'volume': np.int64(33200200)}, {'date': Timestamp('2025-08-31 00:00:00'), 'volume': np.int64(23221900)}, {'date': Timestamp('2025-07-31 00:00:00'), 'volume': np.int64(20201700)}, {'date': Timestamp('2025-06-30 00:00:00'), 'volume': np.int64(20082200)}]"
LBTYA,monthly,2026-03-31,49171600,61,4,4,False,0.3899599949117309,"[{'date': Timestamp('2026-03-31 00:00:00'), 'volume': np.int64(49171600)}, {'date': Timestamp('2025-10-31 00:00:00'), 'volume': np.int64(48123200)}, {'date': Timestamp('2025-08-31 00:00:00'), 'volume': np.int64(43163500)}, {'date': Timestamp('2025-06-30 00:00:00'), 'volume': np.int64(37619700)}]"
MFIC,monthly,2026-03-31,31603800,61,4,4,False,0.9501701682440802,"[{'date': Timestamp('2026-03-31 00:00:00'), 'volume': np.int64(31603800)}, {'date': Timestamp('2025-12-31 00:00:00'), 'volume': np.int64(17980000)}, {'date': Timestamp('2025-09-30 00:00:00'), 'volume': np.int64(11122000)}, {'date': Timestamp('2025-06-30 00:00:00'), 'volume': np.int64(9315600)}]"
MGA,monthly,2026-03-31,40596400,61,4,4,False,0.6665648669461233,"[{'date': Timestamp('2026-03-31 00:00:00'), 'volume': np.int64(40596400)}, {'date': Timestamp('2025-09-30 00:00:00'), 'volume': np.int64(35207100)}, {'date': Timestamp('2025-07-31 00:00:00'), 'volume': np.int64(28646700)}, {'date': Timestamp('2025-06-30 00:00:00'), 'volume': np.int64(27389900)}]"
FHI,monthly,2026-03-31,18377400,61,2,2,False,0.5395469278466741,"[{'date': Timestamp('2026-03-31 00:00:00'), 'volume': np.int64(18377400)}, {'date': Timestamp('2025-06-30 00:00:00'), 'volume': np.int64(17448900)}]"
WABC,monthly,2026-03-31,5227000,61,5,5,False,0.8613898913992848,"[{'date': Timestamp('2026-03-31 00:00:00'), 'volume': np.int64(5227000)}, {'date': Timestamp('2025-10-31 00:00:00'), 'volume': np.int64(3471900)}, {'date': Timestamp('2025-09-30 00:00:00'), 'volume': np.int64(3298100)}, {'date': Timestamp('2025-08-31 00:00:00'), 'volume': np.int64(3139200)}, {'date': Timestamp('2025-06-30 00:00:00'), 'volume': np.int64(2672900)}]"
PRH,monthly,2026-03-31,564400,61,3,3,False,0.10352923912245947,"[{'date': Timestamp('2026-03-31 00:00:00'), 'volume': np.int64(564400)}, {'date': Timestamp('2025-11-30 00:00:00'), 'volume': np.int64(547600)}, {'date': Timestamp('2025-06-30 00:00:00'), 'volume': np.int64(418800)}]"
PNW,monthly,2026-03-31,29485000,61,4,4,False,0.8308044305812673,"[{'date': Timestamp('2026-03-31 00:00:00'), 'volume': np.int64(29485000)}, {'date': Timestamp('2025-11-30 00:00:00'), 'volume': np.int64(28387500)}, {'date': Timestamp('2025-10-31 00:00:00'), 'volume': np.int64(26245000)}, {'date': Timestamp('2025-06-30 00:00:00'), 'volume': np.int64(26214200)}]"
STRA,monthly,2026-03-31,7777300,61,3,3,False,0.8782649938454936,"[{'date': Timestamp('2026-03-31 00:00:00'), 'volume': np.int64(7777300)}, {'date': Timestamp('2025-07-31 00:00:00'), 'volume': np.int64(4299200)}, {'date': Timestamp('2025-06-30 00:00:00'), 'volume': np.int64(3481500)}]"
LXFR,monthly,2026-03-31,7585000,61,4,4,True,1.0,"[{'date': Timestamp('2026-03-31 00:00:00'), 'volume': np.int64(7585000)}, {'date': Timestamp('2025-08-31 00:00:00'), 'volume': np.int64(2899900)}, {'date': Timestamp('2025-07-31 00:00:00'), 'volume': np.int64(2669800)}, {'date': Timestamp('2025-06-30 00:00:00'), 'volume': np.int64(2406900)}]"
TEN,monthly,2026-03-31,15306900,61,2,2,True,1.0,"[{'date': Timestamp('2026-03-31 00:00:00'), 'volume': np.int64(15306900)}, {'date': Timestamp('2025-06-30 00:00:00'), 'volume': np.int64(9366200)}]"
SFBS,monthly,2026-03-31,9398300,61,3,3,True,1.0,"[{'date': Timestamp('2026-03-31 00:00:00'), 'volume': np.int64(9398300)}, {'date': Timestamp('2025-12-31 00:00:00'), 'volume': np.int64(6908300)}, {'date': Timestamp('2025-06-30 00:00:00'), 'volume': np.int64(5716000)}]"
PSO,monthly,2026-03-31,26776100,61,4,4,True,1.0,"[{'date': Timestamp('2026-03-31 00:00:00'), 'volume': np.int64(26776100)}, {'date': Timestamp('2026-01-31 00:00:00'), 'volume': np.int64(20725400)}, {'date': Timestamp('2025-10-31 00:00:00'), 'volume': np.int64(17651300)}, {'date': Timestamp('2025-06-30 00:00:00'), 'volume': np.int64(15163500)}]"
WSBF,monthly,2026-03-31,1588500,61,3,3,False,0.297377239455604,"[{'date': Timestamp('2026-03-31 00:00:00'), 'volume': np.int64(1588500)}, {'date': Timestamp('2025-09-30 00:00:00'), 'volume': np.int64(1425800)}, {'date': Timestamp('2025-06-30 00:00:00'), 'volume': np.int64(1082800)}]"
BNT,monthly,2026-03-31,1049200,61,4,4,False,0.271090096374958,"[{'date': Timestamp('2026-03-31 00:00:00'), 'volume': np.int64(1049200)}, {'date': Timestamp('2025-09-30 00:00:00'), 'volume': np.int64(745650)}, {'date': Timestamp('2025-07-31 00:00:00'), 'volume': np.int64(419250)}, {'date': Timestamp('2025-06-30 00:00:00'), 'volume': np.int64(285900)}]"
LPG,monthly,2026-03-31,13838200,61,2,2,False,0.5142706366785094,"[{'date': Timestamp('2026-03-31 00:00:00'), 'volume': np.int64(13838200)}, {'date': Timestamp('2025-06-30 00:00:00'), 'volume': np.int64(13189500)}]"
NMFC,monthly,2026-03-31,33607200,61,6,6,False,0.7213734067717299,"[{'date': Timestamp('2026-03-31 00:00:00'), 'volume': np.int64(33607200)}, {'date': Timestamp('2025-12-31 00:00:00'), 'volume': np.int64(17566100)}, {'date': Timestamp('2025-10-31 00:00:00'), 'volume': np.int64(17501300)}, {'date': Timestamp('2025-09-30 00:00:00'), 'volume': np.int64(15634000)}, {'date': Timestamp('2025-08-31 00:00:00'), 'volume': np.int64(10097000)}, {'date': Timestamp('2025-06-30 00:00:00'), 'volume': np.int64(9635700)}]"
BTZ,monthly,2026-03-31,9417200,61,8,8,False,0.5090763625355432,"[{'date': Timestamp('2026-03-31 00:00:00'), 'volume': np.int64(9417200)}, {'date': Timestamp('2026-01-31 00:00:00'), 'volume': np.int64(6598000)}, {'date': Timestamp('2025-12-31 00:00:00'), 'volume': np.int64(5478700)}, {'date': Timestamp('2025-10-31 00:00:00'), 'volume': np.int64(4979200)}, {'date': Timestamp('2025-09-30 00:00:00'), 'volume': np.int64(4828900)}, {'date': Timestamp('2025-08-31 00:00:00'), 'volume': np.int64(4220300)}, {'date': Timestamp('2025-07-31 00:00:00'), 'volume': np.int64(3778700)}, {'date': Timestamp('2025-06-30 00:00:00'), 'volume': np.int64(3245600)}]"
BWMN,monthly,2026-03-31,5189300,61,4,4,True,1.0,"[{'date': Timestamp('2026-03-31 00:00:00'), 'volume': np.int64(5189300)}, {'date': Timestamp('2025-08-31 00:00:00'), 'volume': np.int64(3573200)}, {'date': Timestamp('2025-07-31 00:00:00'), 'volume': np.int64(3061800)}, {'date': Timestamp('2025-06-30 00:00:00'), 'volume': np.int64(2168500)}]"
NSA,monthly,2026-03-31,64175600,61,4,4,True,1.0,"[{'date': Timestamp('2026-03-31 00:00:00'), 'volume': np.int64(64175600)}, {'date': Timestamp('2026-01-31 00:00:00'), 'volume': np.int64(33484500)}, {'date': Timestamp('2025-10-31 00:00:00'), 'volume': np.int64(29381200)}, {'date': Timestamp('2025-06-30 00:00:00'), 'volume': np.int64(25177500)}]"
EDD,monthly,2026-03-31,13284500,61,4,4,True,1.0,"[{'date': Timestamp('2026-03-31 00:00:00'), 'volume': np.int64(13284500)}, {'date': Timestamp('2026-01-31 00:00:00'), 'volume': np.int64(10838000)}, {'date': Timestamp('2025-07-31 00:00:00'), 'volume': np.int64(10303000)}, {'date': Timestamp('2025-06-30 00:00:00'), 'volume': np.int64(5403000)}]"
CHYM,monthly,2026-03-31,120353300,61,3,3,True,1.0,"[{'date': Timestamp('2026-03-31 00:00:00'), 'volume': np.int64(120353300)}, {'date': Timestamp('2025-11-30 00:00:00'), 'volume': np.int64(97837100)}, {'date': Timestamp('2025-06-30 00:00:00'), 'volume': np.int64(94703900)}]"
DRDB,monthly,2026-03-31,5264500,61,3,3,True,1.0,"[{'date': Timestamp('2026-03-31 00:00:00'), 'volume': np.int64(5264500)}, {'date': Timestamp('2025-07-31 00:00:00'), 'volume': np.int64(2514300)}, {'date': Timestamp('2025-06-30 00:00:00'), 'volume': np.int64(2454800)}]"
GJH,monthly,2026-03-31,129400,61,3,3,True,1.0,"[{'date': Timestamp('2026-03-31 00:00:00'), 'volume': np.int64(129400)}, {'date': Timestamp('2025-08-31 00:00:00'), 'volume': np.int64(63400)}, {'date': Timestamp('2025-06-30 00:00:00'), 'volume': np.int64(35800)}]"
FLOC,monthly,2026-03-31,18532200,61,4,4,True,1.0,"[{'date': Timestamp('2026-03-31 00:00:00'), 'volume': np.int64(18532200)}, {'date': Timestamp('2025-10-31 00:00:00'), 'volume': np.int64(9362700)}, {'date': Timestamp('2025-08-31 00:00:00'), 'volume': np.int64(8274000)}, {'date': Timestamp('2025-06-30 00:00:00'), 'volume': np.int64(7965300)}]"
QQQX,monthly,2026-03-31,3755200,61,2,2,False,0.4835125217279341,"[{'date': Timestamp('2026-03-31 00:00:00'), 'volume': np.int64(3755200)}, {'date': Timestamp('2025-06-30 00:00:00'), 'volume': np.int64(3586800)}]"
BANF,monthly,2026-03-31,3941200,61,3,3,False,0.5347480394019158,"[{'date': Timestamp('2026-03-31 00:00:00'), 'volume': np.int64(3941200)}, {'date': Timestamp('2025-07-31 00:00:00'), 'volume': np.int64(3301300)}, {'date': Timestamp('2025-06-30 00:00:00'), 'volume': np.int64(2277600)}]"
NMFCZ,monthly,2026-03-31,426700,61,4,4,False,0.42018709995076314,"[{'date': Timestamp('2026-03-31 00:00:00'), 'volume': np.int64(426700)}, {'date': Timestamp('2025-10-31 00:00:00'), 'volume': np.int64(379500)}, {'date': Timestamp('2025-09-30 00:00:00'), 'volume': np.int64(352000)}, {'date': Timestamp('2025-06-30 00:00:00'), 'volume': np.int64(277300)}]"
SF,monthly,2026-03-31,33039200,61,4,4,True,1.0,"[{'date': Timestamp('2026-03-31 00:00:00'), 'volume': np.int64(33039200)}, {'date': Timestamp('2025-10-31 00:00:00'), 'volume': np.int64(18904400)}, {'date': Timestamp('2025-07-31 00:00:00'), 'volume': np.int64(16841500)}, {'date': Timestamp('2025-06-30 00:00:00'), 'volume': np.int64(13120700)}]"
COP,monthly,2026-03-31,266655700,61,3,3,False,0.7769391669490471,"[{'date': Timestamp('2026-03-31 00:00:00'), 'volume': np.int64(266655700)}, {'date': Timestamp('2026-01-31 00:00:00'), 'volume': np.int64(187487000)}, {'date': Timestamp('2025-06-30 00:00:00'), 'volume': np.int64(176755500)}]"
NVS,monthly,2026-03-31,52821000,61,4,4,False,0.6324550333223975,"[{'date': Timestamp('2026-03-31 00:00:00'), 'volume': np.int64(52821000)}, {'date': Timestamp('2025-10-31 00:00:00'), 'volume': np.int64(43241600)}, {'date': Timestamp('2025-07-31 00:00:00'), 'volume': np.int64(43143800)}, {'date': Timestamp('2025-06-30 00:00:00'), 'volume': np.int64(24838000)}]"
MPC,monthly,2026-03-31,69632600,61,2,2,False,0.21802825650913568,"[{'date': Timestamp('2026-03-31 00:00:00'), 'volume': np.int64(69632600)}, {'date': Timestamp('2025-06-30 00:00:00'), 'volume': np.int64(56889200)}]"
TPGXL,monthly,2026-03-31,899500,61,3,3,False,0.12497221295987551,"[{'date': Timestamp('2026-03-31 00:00:00'), 'volume': np.int64(899500)}, {'date': Timestamp('2025-12-31 00:00:00'), 'volume': np.int64(741900)}, {'date': Timestamp('2025-06-30 00:00:00'), 'volume': np.int64(666600)}]"
BCAT,monthly,2026-03-31,18789600,61,4,4,False,0.9766818101485586,"[{'date': Timestamp('2026-03-31 00:00:00'), 'volume': np.int64(18789600)}, {'date': Timestamp('2025-12-31 00:00:00'), 'volume': np.int64(15074000)}, {'date': Timestamp('2025-07-31 00:00:00'), 'volume': np.int64(13625400)}, {'date': Timestamp('2025-06-30 00:00:00'), 'volume': np.int64(10801900)}]"
WM,monthly,2026-03-31,48431600,61,6,6,False,0.47752935283747383,"[{'date': Timestamp('2026-03-31 00:00:00'), 'volume': np.int64(48431600)}, {'date': Timestamp('2026-01-31 00:00:00'), 'volume': np.int64(45243400)}, {'date': Timestamp('2025-11-30 00:00:00'), 'volume': np.int64(42702600)}, {'date': Timestamp('2025-10-31 00:00:00'), 'volume': np.int64(39824400)}, {'date': Timestamp('2025-07-31 00:00:00'), 'volume': np.int64(37419300)}, {'date': Timestamp('2025-06-30 00:00:00'), 'volume': np.int64(31158300)}]"
AEP,monthly,2026-03-31,87200100,61,4,4,False,0.7333193173074093,"[{'date': Timestamp('2026-03-31 00:00:00'), 'volume': np.int64(87200100)}, {'date': Timestamp('2025-10-31 00:00:00'), 'volume': np.int64(84155900)}, {'date': Timestamp('2025-07-31 00:00:00'), 'volume': np.int64(69743600)}, {'date': Timestamp('2025-06-30 00:00:00'), 'volume': np.int64(51302800)}]"
LDP,monthly,2026-03-31,1921500,61,4,4,False,0.3743643696300193,"[{'date': Timestamp('2026-03-31 00:00:00'), 'volume': np.int64(1921500)}, {'date': Timestamp('2025-12-31 00:00:00'), 'volume': np.int64(1833200)}, {'date': Timestamp('2025-07-31 00:00:00'), 'volume': np.int64(1541000)}, {'date': Timestamp('2025-06-30 00:00:00'), 'volume': np.int64(1078400)}]"
LGIH,monthly,2026-03-31,13238700,61,4,4,False,0.9165916612431976,"[{'date': Timestamp('2026-03-31 00:00:00'), 'volume': np.int64(13238700)}, {'date': Timestamp('2025-08-31 00:00:00'), 'volume': np.int64(9290900)}, {'date': Timestamp('2025-07-31 00:00:00'), 'volume': np.int64(8498200)}, {'date': Timestamp('2025-06-30 00:00:00'), 'volume': np.int64(7119400)}]"
IBOC,monthly,2026-03-31,11934600,61,6,6,False,0.9535855539131477,"[{'date': Timestamp('2026-03-31 00:00:00'), 'volume': np.int64(11934600)}, {'date': Timestamp('2025-12-31 00:00:00'), 'volume': np.int64(6861900)}, {'date': Timestamp('2025-10-31 00:00:00'), 'volume': np.int64(4750500)}, {'date': Timestamp('2025-08-31 00:00:00'), 'volume': np.int64(4650300)}, {'date': Timestamp('2025-07-31 00:00:00'), 'volume': np.int64(4484300)}, {'date': Timestamp('2025-06-30 00:00:00'), 'volume': np.int64(4367600)}]"
OTTR,monthly,2026-03-31,6623000,61,5,5,False,0.3846332539636448,"[{'date': Timestamp('2026-03-31 00:00:00'), 'volume': np.int64(6623000)}, {'date': Timestamp('2025-12-31 00:00:00'), 'volume': np.int64(5475500)}, {'date': Timestamp('2025-11-30 00:00:00'), 'volume': np.int64(5092200)}, {'date': Timestamp('2025-09-30 00:00:00'), 'volume': np.int64(4584300)}, {'date': Timestamp('2025-06-30 00:00:00'), 'volume': np.int64(4316900)}]"
NRC,monthly,2026-03-31,2546700,61,4,4,False,0.8523377623079755,"[{'date': Timestamp('2026-03-31 00:00:00'), 'volume': np.int64(2546700)}, {'date': Timestamp('2025-10-31 00:00:00'), 'volume': np.int64(2284700)}, {'date': Timestamp('2025-08-31 00:00:00'), 'volume': np.int64(2227900)}, {'date': Timestamp('2025-06-30 00:00:00'), 'volume': np.int64(2122800)}]"
NTES,monthly,2026-03-31,20117300,61,3,3,False,0.15798037545007285,"[{'date': Timestamp('2026-03-31 00:00:00'), 'volume': np.int64(20117300)}, {'date': Timestamp('2025-08-31 00:00:00'), 'volume': np.int64(18758100)}, {'date': Timestamp('2025-06-30 00:00:00'), 'volume': np.int64(18562400)}]"
MBWM,monthly,2026-03-31,2806500,61,3,3,True,1.0,"[{'date': Timestamp('2026-03-31 00:00:00'), 'volume': np.int64(2806500)}, {'date': Timestamp('2025-07-31 00:00:00'), 'volume': np.int64(2186100)}, {'date': Timestamp('2025-06-30 00:00:00'), 'volume': np.int64(1546700)}]"
WBS,monthly,2026-03-31,110748600,61,5,5,True,1.0,"[{'date': Timestamp('2026-03-31 00:00:00'), 'volume': np.int64(110748600)}, {'date': Timestamp('2026-02-28 00:00:00'), 'volume': np.int64(67505100)}, {'date': Timestamp('2025-10-31 00:00:00'), 'volume': np.int64(38535200)}, {'date': Timestamp('2025-07-31 00:00:00'), 'volume': np.int64(33546600)}, {'date': Timestamp('2025-06-30 00:00:00'), 'volume': np.int64(28631200)}]"
THFF,monthly,2026-03-31,1873500,61,5,5,False,0.6976874092280192,"[{'date': Timestamp('2026-03-31 00:00:00'), 'volume': np.int64(1873500)}, {'date': Timestamp('2025-10-31 00:00:00'), 'volume': np.int64(1580900)}, {'date': Timestamp('2025-09-30 00:00:00'), 'volume': np.int64(1258100)}, {'date': Timestamp('2025-07-31 00:00:00'), 'volume': np.int64(1235600)}, {'date': Timestamp('2025-06-30 00:00:00'), 'volume': np.int64(1113800)}]"
HWCPZ,monthly,2026-03-31,601000,61,4,4,False,0.3345766297389078,"[{'date': Timestamp('2026-03-31 00:00:00'), 'volume': np.int64(601000)}, {'date': Timestamp('2025-12-31 00:00:00'), 'volume': np.int64(235700)}, {'date': Timestamp('2025-07-31 00:00:00'), 'volume': np.int64(181300)}, {'date': Timestamp('2025-06-30 00:00:00'), 'volume': np.int64(171500)}]"
BOE,monthly,2026-03-31,4053900,61,3,3,False,0.40872519761251813,"[{'date': Timestamp('2026-03-31 00:00:00'), 'volume': np.int64(4053900)}, {'date': Timestamp('2025-10-31 00:00:00'), 'volume': np.int64(4005500)}, {'date': Timestamp('2025-06-30 00:00:00'), 'volume': np.int64(3043200)}]"
PAA,monthly,2026-03-31,90117800,61,4,4,False,0.3557183756394068,"[{'date': Timestamp('2026-03-31 00:00:00'), 'volume': np.int64(90117800)}, {'date': Timestamp('2026-01-31 00:00:00'), 'volume': np.int64(79255700)}, {'date': Timestamp('2025-10-31 00:00:00'), 'volume': np.int64(71956900)}, {'date': Timestamp('2025-06-30 00:00:00'), 'volume': np.int64(69869600)}]"
PFN,monthly,2026-03-31,15219400,61,7,7,False,0.8469384915887123,"[{'date': Timestamp('2026-03-31 00:00:00'), 'volume': np.int64(15219400)}, {'date': Timestamp('2025-12-31 00:00:00'), 'volume': np.int64(14002100)}, {'date': Timestamp('2025-10-31 00:00:00'), 'volume': np.int64(10060700)}, {'date': Timestamp('2025-09-30 00:00:00'), 'volume': np.int64(7247600)}, {'date': Timestamp('2025-08-31 00:00:00'), 'volume': np.int64(6770100)}, {'date': Timestamp('2025-07-31 00:00:00'), 'volume': np.int64(6551400)}, {'date': Timestamp('2025-06-30 00:00:00'), 'volume': np.int64(5730900)}]"
BDJ,monthly,2026-03-31,10663500,61,5,5,False,0.36006361512176016,"[{'date': Timestamp('2026-03-31 00:00:00'), 'volume': np.int64(10663500)}, {'date': Timestamp('2025-12-31 00:00:00'), 'volume': np.int64(10389000)}, {'date': Timestamp('2025-10-31 00:00:00'), 'volume': np.int64(9779500)}, {'date': Timestamp('2025-07-31 00:00:00'), 'volume': np.int64(9263600)}, {'date': Timestamp('2025-06-30 00:00:00'), 'volume': np.int64(7136300)}]"
APO,monthly,2026-03-31,136474400,61,4,4,False,0.7015124155007296,"[{'date': Timestamp('2026-03-31 00:00:00'), 'volume': np.int64(136474400)}, {'date': Timestamp('2025-10-31 00:00:00'), 'volume': np.int64(84722400)}, {'date': Timestamp('2025-08-31 00:00:00'), 'volume': np.int64(73509000)}, {'date': Timestamp('2025-06-30 00:00:00'), 'volume': np.int64(58965900)}]"
MMS,monthly,2026-03-31,15826800,61,4,4,False,0.7217061792910984,"[{'date': Timestamp('2026-03-31 00:00:00'), 'volume': np.int64(15826800)}, {'date': Timestamp('2025-08-31 00:00:00'), 'volume': np.int64(14055100)}, {'date': Timestamp('2025-07-31 00:00:00'), 'volume': np.int64(9510900)}, {'date': Timestamp('2025-06-30 00:00:00'), 'volume': np.int64(8329800)}]"
OOMA,monthly,2026-03-31,6586400,61,3,3,False,0.933777557241086,"[{'date': Timestamp('2026-03-31 00:00:00'), 'volume': np.int64(6586400)}, {'date': Timestamp('2025-12-31 00:00:00'), 'volume': np.int64(6071500)}, {'date': Timestamp('2025-06-30 00:00:00'), 'volume': np.int64(3827700)}]"
PLAY,monthly,2026-03-31,40957800,61,3,3,False,0.1336700066381689,"[{'date': Timestamp('2026-03-31 00:00:00'), 'volume': np.int64(40957800)}, {'date': Timestamp('2025-09-30 00:00:00'), 'volume': np.int64(37626800)}, {'date': Timestamp('2025-06-30 00:00:00'), 'volume': np.int64(32755300)}]"
RZC,monthly,2026-03-31,3856800,61,2,2,False,0.5796909757710575,"[{'date': Timestamp('2026-03-31 00:00:00'), 'volume': np.int64(3856800)}, {'date': Timestamp('2025-06-30 00:00:00'), 'volume': np.int64(1087500)}]"
NESR,monthly,2026-03-31,57874900,61,3,3,True,1.0,"[{'date': Timestamp('2026-03-31 00:00:00'), 'volume': np.int64(57874900)}, {'date': Timestamp('2025-10-31 00:00:00'), 'volume': np.int64(24576000)}, {'date': Timestamp('2025-06-30 00:00:00'), 'volume': np.int64(21622600)}]"
^RUT,monthly,2026-03-31,129104600000,61,5,5,False,0.7960310602595623,"[{'date': Timestamp('2026-03-31 00:00:00'), 'volume': np.int64(129104600000)}, {'date': Timestamp('2025-10-31 00:00:00'), 'volume': np.int64(128450070000)}, {'date': Timestamp('2025-09-30 00:00:00'), 'volume': np.int64(114074610000)}, {'date': Timestamp('2025-07-31 00:00:00'), 'volume': np.int64(114004890000)}, {'date': Timestamp('2025-06-30 00:00:00'), 'volume': np.int64(106456300000)}]"
^GDAXI,monthly,2026-03-31,1721117200,61,2,2,False,0.3565790244334887,"[{'date': Timestamp('2026-03-31 00:00:00'), 'volume': np.int64(1721117200)}, {'date': Timestamp('2025-06-30 00:00:00'), 'volume': np.int64(1260382600)}]"
JPM,monthly,2026-03-31,244150000,61,5,5,False,0.3324796307712588,"[{'date': Timestamp('2026-03-31 00:00:00'), 'volume': np.int64(244150000)}, {'date': Timestamp('2026-01-31 00:00:00'), 'volume': np.int64(243473900)}, {'date': Timestamp('2025-12-31 00:00:00'), 'volume': np.int64(211615600)}, {'date': Timestamp('2025-07-31 00:00:00'), 'volume': np.int64(198593200)}, {'date': Timestamp('2025-06-30 00:00:00'), 'volume': np.int64(174361400)}]"
PJT,monthly,2026-03-31,8781600,61,3,3,False,0.8078451574919047,"[{'date': Timestamp('2026-03-31 00:00:00'), 'volume': np.int64(8781600)}, {'date': Timestamp('2025-07-31 00:00:00'), 'volume': np.int64(6158200)}, {'date': Timestamp('2025-06-30 00:00:00'), 'volume': np.int64(4059100)}]"
HLI,monthly,2026-03-31,14335200,61,4,4,False,0.8244875422734488,"[{'date': Timestamp('2026-03-31 00:00:00'), 'volume': np.int64(14335200)}, {'date': Timestamp('2025-10-31 00:00:00'), 'volume': np.int64(11318700)}, {'date': Timestamp('2025-07-31 00:00:00'), 'volume': np.int64(9593900)}, {'date': Timestamp('2025-06-30 00:00:00'), 'volume': np.int64(7106200)}]"
CPK,monthly,2026-03-31,4069000,61,4,4,False,0.5273116050022678,"[{'date': Timestamp('2026-03-31 00:00:00'), 'volume': np.int64(4069000)}, {'date': Timestamp('2025-10-31 00:00:00'), 'volume': np.int64(3144300)}, {'date': Timestamp('2025-09-30 00:00:00'), 'volume': np.int64(3112500)}, {'date': Timestamp('2025-06-30 00:00:00'), 'volume': np.int64(3025400)}]"
GDDY,monthly,2026-03-31,49885400,61,4,4,False,0.7686845791260318,"[{'date': Timestamp('2026-03-31 00:00:00'), 'volume': np.int64(49885400)}, {'date': Timestamp('2025-08-31 00:00:00'), 'volume': np.int64(49478900)}, {'date': Timestamp('2025-07-31 00:00:00'), 'volume': np.int64(31373300)}, {'date': Timestamp('2025-06-30 00:00:00'), 'volume': np.int64(27378900)}]"
LNC,monthly,2026-03-31,57041700,61,3,3,False,0.578460493157353,"[{'date': Timestamp('2026-03-31 00:00:00'), 'volume': np.int64(57041700)}, {'date': Timestamp('2025-07-31 00:00:00'), 'volume': np.int64(46397900)}, {'date': Timestamp('2025-06-30 00:00:00'), 'volume': np.int64(36151200)}]"
SAFT,monthly,2026-03-31,2116600,61,4,4,False,0.772002772002772,"[{'date': Timestamp('2026-03-31 00:00:00'), 'volume': np.int64(2116600)}, {'date': Timestamp('2025-08-31 00:00:00'), 'volume': np.int64(2075700)}, {'date': Timestamp('2025-07-31 00:00:00'), 'volume': np.int64(1878900)}, {'date': Timestamp('2025-06-30 00:00:00'), 'volume': np.int64(1705500)}]"
WFC,monthly,2026-03-31,420231100,61,3,3,False,0.34367386341062645,"[{'date': Timestamp('2026-03-31 00:00:00'), 'volume': np.int64(420231100)}, {'date': Timestamp('2025-07-31 00:00:00'), 'volume': np.int64(417623500)}, {'date': Timestamp('2025-06-30 00:00:00'), 'volume': np.int64(356076100)}]"
FBRT,monthly,2026-03-31,28915100,61,4,4,False,0.5782256742110041,"[{'date': Timestamp('2026-03-31 00:00:00'), 'volume': np.int64(28915100)}, {'date': Timestamp('2025-12-31 00:00:00'), 'volume': np.int64(16447600)}, {'date': Timestamp('2025-11-30 00:00:00'), 'volume': np.int64(15754800)}, {'date': Timestamp('2025-06-30 00:00:00'), 'volume': np.int64(14475800)}]"
DX,monthly,2026-03-31,154614300,61,5,5,True,1.0,"[{'date': Timestamp('2026-03-31 00:00:00'), 'volume': np.int64(154614300)}, {'date': Timestamp('2026-01-31 00:00:00'), 'volume': np.int64(153276000)}, {'date': Timestamp('2025-09-30 00:00:00'), 'volume': np.int64(118031000)}, {'date': Timestamp('2025-07-31 00:00:00'), 'volume': np.int64(87672400)}, {'date': Timestamp('2025-06-30 00:00:00'), 'volume': np.int64(76306200)}]"
LYB,monthly,2026-03-31,227969100,61,6,6,True,1.0,"[{'date': Timestamp('2026-03-31 00:00:00'), 'volume': np.int64(227969100)}, {'date': Timestamp('2026-01-31 00:00:00'), 'volume': np.int64(130099000)}, {'date': Timestamp('2025-12-31 00:00:00'), 'volume': np.int64(122955200)}, {'date': Timestamp('2025-09-30 00:00:00'), 'volume': np.int64(108039400)}, {'date': Timestamp('2025-08-31 00:00:00'), 'volume': np.int64(107520700)}, {'date': Timestamp('2025-06-30 00:00:00'), 'volume': np.int64(88793200)}]"
^FTSE,monthly,2026-03-31,25074334500,61,5,5,False,0.6701907375775921,"[{'date': Timestamp('2026-03-31 00:00:00'), 'volume': np.int64(25074334500)}, {'date': Timestamp('2025-11-30 00:00:00'), 'volume': np.int64(17237441700)}, {'date': Timestamp('2025-10-31 00:00:00'), 'volume': np.int64(16695198700)}, {'date': Timestamp('2025-07-31 00:00:00'), 'volume': np.int64(16413955100)}, {'date': Timestamp('2025-06-30 00:00:00'), 'volume': np.int64(16366617200)}]"
DNOW,monthly,2026-03-31,77353400,61,4,4,True,1.0,"[{'date': Timestamp('2026-03-31 00:00:00'), 'volume': np.int64(77353400)}, {'date': Timestamp('2025-11-30 00:00:00'), 'volume': np.int64(66850200)}, {'date': Timestamp('2025-07-31 00:00:00'), 'volume': np.int64(32168200)}, {'date': Timestamp('2025-06-30 00:00:00'), 'volume': np.int64(20125600)}]"
FSK,monthly,2026-03-31,107493600,61,7,7,True,1.0,"[{'date': Timestamp('2026-03-31 00:00:00'), 'volume': np.int64(107493600)}, {'date': Timestamp('2025-12-31 00:00:00'), 'volume': np.int64(65455900)}, {'date': Timestamp('2025-10-31 00:00:00'), 'volume': np.int64(62482900)}, {'date': Timestamp('2025-09-30 00:00:00'), 'volume': np.int64(62047100)}, {'date': Timestamp('2025-08-31 00:00:00'), 'volume': np.int64(54565000)}, {'date': Timestamp('2025-07-31 00:00:00'), 'volume': np.int64(26071800)}, {'date': Timestamp('2025-06-30 00:00:00'), 'volume': np.int64(23480600)}]"
DCBO,monthly,2026-03-31,4346700,61,4,4,True,1.0,"[{'date': Timestamp('2026-03-31 00:00:00'), 'volume': np.int64(4346700)}, {'date': Timestamp('2026-01-31 00:00:00'), 'volume': np.int64(2553700)}, {'date': Timestamp('2025-08-31 00:00:00'), 'volume': np.int64(2187700)}, {'date': Timestamp('2025-06-30 00:00:00'), 'volume': np.int64(1635700)}]"
ELPC,monthly,2026-03-31,11749300,61,5,5,True,1.0,"[{'date': Timestamp('2026-03-31 00:00:00'), 'volume': np.int64(11749300)}, {'date': Timestamp('2026-01-31 00:00:00'), 'volume': np.int64(3873400)}, {'date': Timestamp('2025-12-31 00:00:00'), 'volume': np.int64(778500)}, {'date': Timestamp('2025-07-31 00:00:00'), 'volume': np.int64(148400)}, {'date': Timestamp('2025-06-30 00:00:00'), 'volume': np.int64(68200)}]"
DIS,monthly,2026-03-31,257332200,61,3,3,False,0.41550711682862906,"[{'date': Timestamp('2026-03-31 00:00:00'), 'volume': np.int64(257332200)}, {'date': Timestamp('2025-11-30 00:00:00'), 'volume': np.int64(238702700)}, {'date': Timestamp('2025-06-30 00:00:00'), 'volume': np.int64(200972400)}]"
CHDN,monthly,2026-03-31,23747000,61,3,3,False,0.7864755482841076,"[{'date': Timestamp('2026-03-31 00:00:00'), 'volume': np.int64(23747000)}, {'date': Timestamp('2025-10-31 00:00:00'), 'volume': np.int64(18815600)}, {'date': Timestamp('2025-06-30 00:00:00'), 'volume': np.int64(15569100)}]"
ASG,monthly,2026-03-31,6466600,61,5,5,False,0.7635522074364455,"[{'date': Timestamp('2026-03-31 00:00:00'), 'volume': np.int64(6466600)}, {'date': Timestamp('2026-01-31 00:00:00'), 'volume': np.int64(5739900)}, {'date': Timestamp('2025-11-30 00:00:00'), 'volume': np.int64(5273600)}, {'date': Timestamp('2025-07-31 00:00:00'), 'volume': np.int64(4661700)}, {'date': Timestamp('2025-06-30 00:00:00'), 'volume': np.int64(3512200)}]"
CNOBP,monthly,2026-03-31,187500,61,3,3,False,0.13188436378982907,"[{'date': Timestamp('2026-03-31 00:00:00'), 'volume': np.int64(187500)}, {'date': Timestamp('2025-07-31 00:00:00'), 'volume': np.int64(164100)}, {'date': Timestamp('2025-06-30 00:00:00'), 'volume': np.int64(113700)}]"
ATEN,monthly,2026-03-31,25061600,61,3,3,False,0.6740431941045157,"[{'date': Timestamp('2026-03-31 00:00:00'), 'volume': np.int64(25061600)}, {'date': Timestamp('2025-07-31 00:00:00'), 'volume': np.int64(18755300)}, {'date': Timestamp('2025-06-30 00:00:00'), 'volume': np.int64(15508200)}]"
DVN,monthly,2026-03-31,421418500,61,3,3,True,1.0,"[{'date': Timestamp('2026-03-31 00:00:00'), 'volume': np.int64(421418500)}, {'date': Timestamp('2026-01-31 00:00:00'), 'volume': np.int64(203990300)}, {'date': Timestamp('2025-06-30 00:00:00'), 'volume': np.int64(169770400)}]"
MMM,monthly,2026-03-31,93988900,61,3,3,False,0.25757840209391464,"[{'date': Timestamp('2026-03-31 00:00:00'), 'volume': np.int64(93988900)}, {'date': Timestamp('2025-07-31 00:00:00'), 'volume': np.int64(90785900)}, {'date': Timestamp('2025-06-30 00:00:00'), 'volume': np.int64(55918200)}]"
ROL,monthly,2026-03-31,66304000,61,6,6,False,0.719045754795247,"[{'date': Timestamp('2026-03-31 00:00:00'), 'volume': np.int64(66304000)}, {'date': Timestamp('2025-11-30 00:00:00'), 'volume': np.int64(62891200)}, {'date': Timestamp('2025-10-31 00:00:00'), 'volume': np.int64(42431600)}, {'date': Timestamp('2025-09-30 00:00:00'), 'volume': np.int64(38014200)}, {'date': Timestamp('2025-07-31 00:00:00'), 'volume': np.int64(36086500)}, {'date': Timestamp('2025-06-30 00:00:00'), 'volume': np.int64(34694300)}]"
ECL,monthly,2026-03-31,38148700,61,4,4,False,0.24652112270126567,"[{'date': Timestamp('2026-03-31 00:00:00'), 'volume': np.int64(38148700)}, {'date': Timestamp('2025-10-31 00:00:00'), 'volume': np.int64(32168000)}, {'date': Timestamp('2025-09-30 00:00:00'), 'volume': np.int64(31351100)}, {'date': Timestamp('2025-06-30 00:00:00'), 'volume': np.int64(27444700)}]"
DAL,monthly,2026-03-31,352956200,61,3,3,False,0.2611033362198819,"[{'date': Timestamp('2026-03-31 00:00:00'), 'volume': np.int64(352956200)}, {'date': Timestamp('2025-07-31 00:00:00'), 'volume': np.int64(249533200)}, {'date': Timestamp('2025-06-30 00:00:00'), 'volume': np.int64(188522500)}]"
XOM,monthly,2026-03-31,550007100,61,2,2,False,0.4695789348584605,"[{'date': Timestamp('2026-03-31 00:00:00'), 'volume': np.int64(550007100)}, {'date': Timestamp('2025-06-30 00:00:00'), 'volume': np.int64(410054300)}]"
VMC,monthly,2026-03-31,33968100,61,4,4,False,0.7773536458941211,"[{'date': Timestamp('2026-03-31 00:00:00'), 'volume': np.int64(33968100)}, {'date': Timestamp('2025-11-30 00:00:00'), 'volume': np.int64(23397000)}, {'date': Timestamp('2025-07-31 00:00:00'), 'volume': np.int64(21136000)}, {'date': Timestamp('2025-06-30 00:00:00'), 'volume': np.int64(19500000)}]"
PFSI,monthly,2026-03-31,15191300,61,4,4,False,0.4671141641247663,"[{'date': Timestamp('2026-03-31 00:00:00'), 'volume': np.int64(15191300)}, {'date': Timestamp('2026-01-31 00:00:00'), 'volume': np.int64(14324900)}, {'date': Timestamp('2025-07-31 00:00:00'), 'volume': np.int64(9933700)}, {'date': Timestamp('2025-06-30 00:00:00'), 'volume': np.int64(6775200)}]"
TFPM,monthly,2026-03-31,17050800,61,5,5,True,1.0,"[{'date': Timestamp('2026-03-31 00:00:00'), 'volume': np.int64(17050800)}, {'date': Timestamp('2025-10-31 00:00:00'), 'volume': np.int64(15329200)}, {'date': Timestamp('2025-09-30 00:00:00'), 'volume': np.int64(15063500)}, {'date': Timestamp('2025-08-31 00:00:00'), 'volume': np.int64(12332500)}, {'date': Timestamp('2025-06-30 00:00:00'), 'volume': np.int64(9509300)}]"
CNOB,monthly,2026-03-31,8008400,61,3,3,True,1.0,"[{'date': Timestamp('2026-03-31 00:00:00'), 'volume': np.int64(8008400)}, {'date': Timestamp('2025-07-31 00:00:00'), 'volume': np.int64(7388900)}, {'date': Timestamp('2025-06-30 00:00:00'), 'volume': np.int64(6808600)}]"
JPC,monthly,2026-03-31,32615400,61,6,6,True,1.0,"[{'date': Timestamp('2026-03-31 00:00:00'), 'volume': np.int64(32615400)}, {'date': Timestamp('2025-10-31 00:00:00'), 'volume': np.int64(25740500)}, {'date': Timestamp('2025-09-30 00:00:00'), 'volume': np.int64(22041500)}, {'date': Timestamp('2025-08-31 00:00:00'), 'volume': np.int64(16695200)}, {'date': Timestamp('2025-07-31 00:00:00'), 'volume': np.int64(16206200)}, {'date': Timestamp('2025-06-30 00:00:00'), 'volume': np.int64(15898100)}]"
CLMB,monthly,2026-03-31,7038500,61,2,2,True,1.0,"[{'date': Timestamp('2026-03-31 00:00:00'), 'volume': np.int64(7038500)}, {'date': Timestamp('2025-06-30 00:00:00'), 'volume': np.int64(2004300)}]"
SYBT,monthly,2026-03-31,4768400,61,4,4,True,1.0,"[{'date': Timestamp('2026-03-31 00:00:00'), 'volume': np.int64(4768400)}, {'date': Timestamp('2025-12-31 00:00:00'), 'volume': np.int64(3313400)}, {'date': Timestamp('2025-11-30 00:00:00'), 'volume': np.int64(3026600)}, {'date': Timestamp('2025-06-30 00:00:00'), 'volume': np.int64(2996200)}]"
BEN,monthly,2026-03-31,119185900,61,5,5,False,0.7375721105350382,"[{'date': Timestamp('2026-03-31 00:00:00'), 'volume': np.int64(119185900)}, {'date': Timestamp('2026-01-31 00:00:00'), 'volume': np.int64(114153500)}, {'date': Timestamp('2025-10-31 00:00:00'), 'volume': np.int64(104190500)}, {'date': Timestamp('2025-07-31 00:00:00'), 'volume': np.int64(86145300)}, {'date': Timestamp('2025-06-30 00:00:00'), 'volume': np.int64(83288000)}]"
MYRG,monthly,2026-03-31,6531300,61,6,6,False,0.9406757690978224,"[{'date': Timestamp('2026-03-31 00:00:00'), 'volume': np.int64(6531300)}, {'date': Timestamp('2025-12-31 00:00:00'), 'volume': np.int64(5421700)}, {'date': Timestamp('2025-10-31 00:00:00'), 'volume': np.int64(5401700)}, {'date': Timestamp('2025-09-30 00:00:00'), 'volume': np.int64(5129500)}, {'date': Timestamp('2025-08-31 00:00:00'), 'volume': np.int64(4251700)}, {'date': Timestamp('2025-06-30 00:00:00'), 'volume': np.int64(3794100)}]"
INSW,monthly,2026-03-31,15170300,61,2,2,False,0.6155228797948568,"[{'date': Timestamp('2026-03-31 00:00:00'), 'volume': np.int64(15170300)}, {'date': Timestamp('2025-06-30 00:00:00'), 'volume': np.int64(14186400)}]"
HBCP,monthly,2026-03-31,2821900,61,2,2,True,1.0,"[{'date': Timestamp('2026-03-31 00:00:00'), 'volume': np.int64(2821900)}, {'date': Timestamp('2025-06-30 00:00:00'), 'volume': np.int64(1465000)}]"
CWCO,monthly,2026-03-31,4397000,61,2,2,False,0.752537267452806,"[{'date': Timestamp('2026-03-31 00:00:00'), 'volume': np.int64(4397000)}, {'date': Timestamp('2025-06-30 00:00:00'), 'volume': np.int64(3443700)}]"
ASC,monthly,2026-03-31,17163500,61,3,3,False,0.7217164602737421,"[{'date': Timestamp('2026-03-31 00:00:00'), 'volume': np.int64(17163500)}, {'date': Timestamp('2026-01-31 00:00:00'), 'volume': np.int64(13320400)}, {'date': Timestamp('2025-06-30 00:00:00'), 'volume': np.int64(13134300)}]"
NLY,monthly,2026-03-31,204164800,61,4,4,False,0.6335799895714366,"[{'date': Timestamp('2026-03-31 00:00:00'), 'volume': np.int64(204164800)}, {'date': Timestamp('2025-09-30 00:00:00'), 'volume': np.int64(184481900)}, {'date': Timestamp('2025-07-31 00:00:00'), 'volume': np.int64(155274500)}, {'date': Timestamp('2025-06-30 00:00:00'), 'volume': np.int64(152396600)}]"
KRP,monthly,2026-03-31,19367300,61,3,3,False,0.7658358739536005,"[{'date': Timestamp('2026-03-31 00:00:00'), 'volume': np.int64(19367300)}, {'date': Timestamp('2025-12-31 00:00:00'), 'volume': np.int64(16517600)}, {'date': Timestamp('2025-06-30 00:00:00'), 'volume': np.int64(12216400)}]"
LMNR,monthly,2026-03-31,2224000,61,3,3,False,0.3736182508483688,"[{'date': Timestamp('2026-03-31 00:00:00'), 'volume': np.int64(2224000)}, {'date': Timestamp('2025-12-31 00:00:00'), 'volume': np.int64(2122000)}, {'date': Timestamp('2025-06-30 00:00:00'), 'volume': np.int64(2000200)}]"
TPVG,monthly,2026-03-31,13991100,61,5,5,False,0.9112882740293491,"[{'date': Timestamp('2026-03-31 00:00:00'), 'volume': np.int64(13991100)}, {'date': Timestamp('2025-12-31 00:00:00'), 'volume': np.int64(10392100)}, {'date': Timestamp('2025-08-31 00:00:00'), 'volume': np.int64(8778400)}, {'date': Timestamp('2025-07-31 00:00:00'), 'volume': np.int64(5824900)}, {'date': Timestamp('2025-06-30 00:00:00'), 'volume': np.int64(5118400)}]"
JHI,monthly,2026-03-31,596300,61,3,3,False,0.5906299524564184,"[{'date': Timestamp('2026-03-31 00:00:00'), 'volume': np.int64(596300)}, {'date': Timestamp('2025-09-30 00:00:00'), 'volume': np.int64(586900)}, {'date': Timestamp('2025-06-30 00:00:00'), 'volume': np.int64(402400)}]"
CTSH,monthly,2026-03-31,130727500,61,7,7,False,0.9990271659885613,"[{'date': Timestamp('2026-03-31 00:00:00'), 'volume': np.int64(130727500)}, {'date': Timestamp('2025-12-31 00:00:00'), 'volume': np.int64(101876500)}, {'date': Timestamp('2025-10-31 00:00:00'), 'volume': np.int64(99747100)}, {'date': Timestamp('2025-09-30 00:00:00'), 'volume': np.int64(96489000)}, {'date': Timestamp('2025-08-31 00:00:00'), 'volume': np.int64(84681400)}, {'date': Timestamp('2025-07-31 00:00:00'), 'volume': np.int64(79209700)}, {'date': Timestamp('2025-06-30 00:00:00'), 'volume': np.int64(70362500)}]"
DOX,monthly,2026-03-31,27010000,61,6,6,False,0.9121733433297535,"[{'date': Timestamp('2026-03-31 00:00:00'), 'volume': np.int64(27010000)}, {'date': Timestamp('2025-12-31 00:00:00'), 'volume': np.int64(25330900)}, {'date': Timestamp('2025-11-30 00:00:00'), 'volume': np.int64(24159900)}, {'date': Timestamp('2025-08-31 00:00:00'), 'volume': np.int64(20038400)}, {'date': Timestamp('2025-07-31 00:00:00'), 'volume': np.int64(14852700)}, {'date': Timestamp('2025-06-30 00:00:00'), 'volume': np.int64(14282600)}]"
STE,monthly,2026-03-31,20241600,61,4,4,True,1.0,"[{'date': Timestamp('2026-03-31 00:00:00'), 'volume': np.int64(20241600)}, {'date': Timestamp('2025-11-30 00:00:00'), 'volume': np.int64(14818600)}, {'date': Timestamp('2025-07-31 00:00:00'), 'volume': np.int64(14391900)}, {'date': Timestamp('2025-06-30 00:00:00'), 'volume': np.int64(10791500)}]"
FRPT,monthly,2026-03-31,41502000,61,5,5,False,0.9299209493251116,"[{'date': Timestamp('2026-03-31 00:00:00'), 'volume': np.int64(41502000)}, {'date': Timestamp('2025-09-30 00:00:00'), 'volume': np.int64(35747700)}, {'date': Timestamp('2025-08-31 00:00:00'), 'volume': np.int64(30648500)}, {'date': Timestamp('2025-07-31 00:00:00'), 'volume': np.int64(27271900)}, {'date': Timestamp('2025-06-30 00:00:00'), 'volume': np.int64(24031300)}]"
SW,monthly,2026-03-31,140153200,61,6,6,False,0.5994379141491063,"[{'date': Timestamp('2026-03-31 00:00:00'), 'volume': np.int64(140153200)}, {'date': Timestamp('2025-10-31 00:00:00'), 'volume': np.int64(122500400)}, {'date': Timestamp('2025-09-30 00:00:00'), 'volume': np.int64(87487500)}, {'date': Timestamp('2025-08-31 00:00:00'), 'volume': np.int64(86396300)}, {'date': Timestamp('2025-07-31 00:00:00'), 'volume': np.int64(77933100)}, {'date': Timestamp('2025-06-30 00:00:00'), 'volume': np.int64(77132600)}]"
AUNA,monthly,2026-03-31,12380500,61,6,6,False,0.8994188158372685,"[{'date': Timestamp('2026-03-31 00:00:00'), 'volume': np.int64(12380500)}, {'date': Timestamp('2026-01-31 00:00:00'), 'volume': np.int64(6841600)}, {'date': Timestamp('2025-12-31 00:00:00'), 'volume': np.int64(3346700)}, {'date': Timestamp('2025-11-30 00:00:00'), 'volume': np.int64(2303400)}, {'date': Timestamp('2025-09-30 00:00:00'), 'volume': np.int64(1927900)}, {'date': Timestamp('2025-06-30 00:00:00'), 'volume': np.int64(1306600)}]"
CWEN-A,monthly,2026-03-31,7337914,61,6,6,False,0.49884739611591966,"[{'date': Timestamp('2026-03-31 00:00:00'), 'volume': np.int64(7337914)}, {'date': Timestamp('2025-12-31 00:00:00'), 'volume': np.int64(5892689)}, {'date': Timestamp('2025-10-31 00:00:00'), 'volume': np.int64(5479889)}, {'date': Timestamp('2025-08-31 00:00:00'), 'volume': np.int64(5335250)}, {'date': Timestamp('2025-07-31 00:00:00'), 'volume': np.int64(3530208)}, {'date': Timestamp('2025-06-30 00:00:00'), 'volume': np.int64(3516453)}]"
NAD,monthly,2026-03-31,20723000,61,6,6,False,0.7114045115466345,"[{'date': Timestamp('2026-03-31 00:00:00'), 'volume': np.int64(20723000)}, {'date': Timestamp('2025-12-31 00:00:00'), 'volume': np.int64(19685200)}, {'date': Timestamp('2025-09-30 00:00:00'), 'volume': np.int64(15979100)}, {'date': Timestamp('2025-08-31 00:00:00'), 'volume': np.int64(15692900)}, {'date': Timestamp('2025-07-31 00:00:00'), 'volume': np.int64(15479000)}, {'date': Timestamp('2025-06-30 00:00:00'), 'volume': np.int64(13947900)}]"
PHK,monthly,2026-03-31,19913900,61,4,4,False,0.49333716496926844,"[{'date': Timestamp('2026-03-31 00:00:00'), 'volume': np.int64(19913900)}, {'date': Timestamp('2025-10-31 00:00:00'), 'volume': np.int64(17489600)}, {'date': Timestamp('2025-09-30 00:00:00'), 'volume': np.int64(15054400)}, {'date': Timestamp('2025-06-30 00:00:00'), 'volume': np.int64(11465200)}]"
NRO,monthly,2026-03-31,6072600,61,6,6,False,0.4556471820458533,"[{'date': Timestamp('2026-03-31 00:00:00'), 'volume': np.int64(6072600)}, {'date': Timestamp('2025-12-31 00:00:00'), 'volume': np.int64(5621900)}, {'date': Timestamp('2025-10-31 00:00:00'), 'volume': np.int64(4330000)}, {'date': Timestamp('2025-09-30 00:00:00'), 'volume': np.int64(4232800)}, {'date': Timestamp('2025-08-31 00:00:00'), 'volume': np.int64(3972300)}, {'date': Timestamp('2025-06-30 00:00:00'), 'volume': np.int64(3817100)}]"
CBSH,monthly,2026-03-31,30068500,61,5,5,True,1.0,"[{'date': Timestamp('2026-03-31 00:00:00'), 'volume': np.int64(30068500)}, {'date': Timestamp('2025-10-31 00:00:00'), 'volume': np.int64(26787810)}, {'date': Timestamp('2025-09-30 00:00:00'), 'volume': np.int64(21494655)}, {'date': Timestamp('2025-07-31 00:00:00'), 'volume': np.int64(20308995)}, {'date': Timestamp('2025-06-30 00:00:00'), 'volume': np.int64(14354025)}]"
CASH,monthly,2026-03-31,5606700,61,6,6,False,0.5220877176645871,"[{'date': Timestamp('2026-03-31 00:00:00'), 'volume': np.int64(5606700)}, {'date': Timestamp('2026-01-31 00:00:00'), 'volume': np.int64(5458300)}, {'date': Timestamp('2025-12-31 00:00:00'), 'volume': np.int64(5119700)}, {'date': Timestamp('2025-10-31 00:00:00'), 'volume': np.int64(4553600)}, {'date': Timestamp('2025-07-31 00:00:00'), 'volume': np.int64(4195600)}, {'date': Timestamp('2025-06-30 00:00:00'), 'volume': np.int64(3717800)}]"
PAYC,monthly,2026-03-31,46980200,61,5,5,True,1.0,"[{'date': Timestamp('2026-03-31 00:00:00'), 'volume': np.int64(46980200)}, {'date': Timestamp('2026-01-31 00:00:00'), 'volume': np.int64(19834800)}, {'date': Timestamp('2025-11-30 00:00:00'), 'volume': np.int64(17105900)}, {'date': Timestamp('2025-08-31 00:00:00'), 'volume': np.int64(14820700)}, {'date': Timestamp('2025-06-30 00:00:00'), 'volume': np.int64(13185600)}]"
DORM,monthly,2026-03-31,6857700,61,4,4,True,1.0,"[{'date': Timestamp('2026-03-31 00:00:00'), 'volume': np.int64(6857700)}, {'date': Timestamp('2025-10-31 00:00:00'), 'volume': np.int64(6213800)}, {'date': Timestamp('2025-08-31 00:00:00'), 'volume': np.int64(5660200)}, {'date': Timestamp('2025-06-30 00:00:00'), 'volume': np.int64(3757200)}]"
BR,monthly,2026-03-31,39587900,61,4,4,True,1.0,"[{'date': Timestamp('2026-03-31 00:00:00'), 'volume': np.int64(39587900)}, {'date': Timestamp('2026-02-28 00:00:00'), 'volume': np.int64(17266600)}, {'date': Timestamp('2025-07-31 00:00:00'), 'volume': np.int64(16840300)}, {'date': Timestamp('2025-06-30 00:00:00'), 'volume': np.int64(9055400)}]"
AGX,monthly,2026-03-31,14233800,61,2,2,True,1.0,"[{'date': Timestamp('2026-03-31 00:00:00'), 'volume': np.int64(14233800)}, {'date': Timestamp('2025-06-30 00:00:00'), 'volume': np.int64(10992900)}]"
RDVT,monthly,2026-03-31,3021200,61,3,3,False,0.8024009348772974,"[{'date': Timestamp('2026-03-31 00:00:00'), 'volume': np.int64(3021200)}, {'date': Timestamp('2025-12-31 00:00:00'), 'volume': np.int64(2515600)}, {'date': Timestamp('2025-06-30 00:00:00'), 'volume': np.int64(2421700)}]"
QCRH,monthly,2026-03-31,2915500,61,3,3,True,1.0,"[{'date': Timestamp('2026-03-31 00:00:00'), 'volume': np.int64(2915500)}, {'date': Timestamp('2025-07-31 00:00:00'), 'volume': np.int64(2813500)}, {'date': Timestamp('2025-06-30 00:00:00'), 'volume': np.int64(1842300)}]"
BUSE,monthly,2026-03-31,14913200,61,2,2,False,0.9745979257477829,"[{'date': Timestamp('2026-03-31 00:00:00'), 'volume': np.int64(14913200)}, {'date': Timestamp('2025-06-30 00:00:00'), 'volume': np.int64(12837900)}]"
LIVN,monthly,2026-03-31,19555600,61,4,4,False,0.9400962421340564,"[{'date': Timestamp('2026-03-31 00:00:00'), 'volume': np.int64(19555600)}, {'date': Timestamp('2025-08-31 00:00:00'), 'volume': np.int64(16284300)}, {'date': Timestamp('2025-07-31 00:00:00'), 'volume': np.int64(13198500)}, {'date': Timestamp('2025-06-30 00:00:00'), 'volume': np.int64(12028600)}]"
FORR,monthly,2026-03-31,3057700,61,5,5,False,0.43530935907291934,"[{'date': Timestamp('2026-03-31 00:00:00'), 'volume': np.int64(3057700)}, {'date': Timestamp('2025-10-31 00:00:00'), 'volume': np.int64(2650200)}, {'date': Timestamp('2025-08-31 00:00:00'), 'volume': np.int64(2059900)}, {'date': Timestamp('2025-07-31 00:00:00'), 'volume': np.int64(1552100)}, {'date': Timestamp('2025-06-30 00:00:00'), 'volume': np.int64(1512500)}]"
SYK,monthly,2026-03-31,49904700,61,7,7,False,0.629776671180272,"[{'date': Timestamp('2026-03-31 00:00:00'), 'volume': np.int64(49904700)}, {'date': Timestamp('2026-01-31 00:00:00'), 'volume': np.int64(39860100)}, {'date': Timestamp('2025-10-31 00:00:00'), 'volume': np.int64(35290600)}, {'date': Timestamp('2025-09-30 00:00:00'), 'volume': np.int64(26771600)}, {'date': Timestamp('2025-08-31 00:00:00'), 'volume': np.int64(26011700)}, {'date': Timestamp('2025-07-31 00:00:00'), 'volume': np.int64(25991700)}, {'date': Timestamp('2025-06-30 00:00:00'), 'volume': np.int64(23804600)}]"
TALK,monthly,2026-03-31,181798800,61,2,2,True,1.0,"[{'date': Timestamp('2026-03-31 00:00:00'), 'volume': np.int64(181798800)}, {'date': Timestamp('2025-06-30 00:00:00'), 'volume': np.int64(40142700)}]"
NABL,monthly,2026-03-31,33626400,61,2,2,True,1.0,"[{'date': Timestamp('2026-03-31 00:00:00'), 'volume': np.int64(33626400)}, {'date': Timestamp('2025-06-30 00:00:00'), 'volume': np.int64(24670400)}]"
ABT,monthly,2026-03-31,271427100,61,4,4,False,0.8717513322267844,"[{'date': Timestamp('2026-03-31 00:00:00'), 'volume': np.int64(271427100)}, {'date': Timestamp('2026-01-31 00:00:00'), 'volume': np.int64(238696600)}, {'date': Timestamp('2025-07-31 00:00:00'), 'volume': np.int64(166985500)}, {'date': Timestamp('2025-06-30 00:00:00'), 'volume': np.int64(118602100)}]"
BMO,monthly,2026-03-31,18628200,61,4,4,False,0.5734382840132861,"[{'date': Timestamp('2026-03-31 00:00:00'), 'volume': np.int64(18628200)}, {'date': Timestamp('2026-01-31 00:00:00'), 'volume': np.int64(17687600)}, {'date': Timestamp('2025-07-31 00:00:00'), 'volume': np.int64(17328300)}, {'date': Timestamp('2025-06-30 00:00:00'), 'volume': np.int64(11085200)}]"
BOKF,monthly,2026-03-31,8437500,61,5,5,False,0.6315635830145887,"[{'date': Timestamp('2026-03-31 00:00:00'), 'volume': np.int64(8437500)}, {'date': Timestamp('2025-11-30 00:00:00'), 'volume': np.int64(6834900)}, {'date': Timestamp('2025-10-31 00:00:00'), 'volume': np.int64(6052600)}, {'date': Timestamp('2025-07-31 00:00:00'), 'volume': np.int64(5909400)}, {'date': Timestamp('2025-06-30 00:00:00'), 'volume': np.int64(4439900)}]"
EWBC,monthly,2026-03-31,28901600,61,5,5,False,0.4506313166749304,"[{'date': Timestamp('2026-03-31 00:00:00'), 'volume': np.int64(28901600)}, {'date': Timestamp('2026-01-31 00:00:00'), 'volume': np.int64(24455900)}, {'date': Timestamp('2025-09-30 00:00:00'), 'volume': np.int64(21975900)}, {'date': Timestamp('2025-07-31 00:00:00'), 'volume': np.int64(20746800)}, {'date': Timestamp('2025-06-30 00:00:00'), 'volume': np.int64(16915900)}]"
NRT,monthly,2026-03-31,2755900,61,5,5,False,0.5430130832282472,"[{'date': Timestamp('2026-03-31 00:00:00'), 'volume': np.int64(2755900)}, {'date': Timestamp('2026-01-31 00:00:00'), 'volume': np.int64(2710900)}, {'date': Timestamp('2025-11-30 00:00:00'), 'volume': np.int64(1596700)}, {'date': Timestamp('2025-08-31 00:00:00'), 'volume': np.int64(989500)}, {'date': Timestamp('2025-06-30 00:00:00'), 'volume': np.int64(524100)}]"
IHG,monthly,2026-03-31,5358700,61,2,2,False,0.332052719960838,"[{'date': Timestamp('2026-03-31 00:00:00'), 'volume': np.int64(5358700)}, {'date': Timestamp('2025-06-30 00:00:00'), 'volume': np.int64(4984200)}]"
BEPC,monthly,2026-03-31,34161100,61,4,4,True,1.0,"[{'date': Timestamp('2026-03-31 00:00:00'), 'volume': np.int64(34161100)}, {'date': Timestamp('2025-11-30 00:00:00'), 'volume': np.int64(26302600)}, {'date': Timestamp('2025-10-31 00:00:00'), 'volume': np.int64(26112100)}, {'date': Timestamp('2025-06-30 00:00:00'), 'volume': np.int64(20610300)}]"
BBY,monthly,2026-03-31,127299600,61,5,5,True,1.0,"[{'date': Timestamp('2026-03-31 00:00:00'), 'volume': np.int64(127299600)}, {'date': Timestamp('2025-12-31 00:00:00'), 'volume': np.int64(102190400)}, {'date': Timestamp('2025-10-31 00:00:00'), 'volume': np.int64(77130300)}, {'date': Timestamp('2025-07-31 00:00:00'), 'volume': np.int64(76623900)}, {'date': Timestamp('2025-06-30 00:00:00'), 'volume': np.int64(73153400)}]"
DEO,monthly,2026-03-31,45074600,61,7,7,True,1.0,"[{'date': Timestamp('2026-03-31 00:00:00'), 'volume': np.int64(45074600)}, {'date': Timestamp('2026-01-31 00:00:00'), 'volume': np.int64(39819200)}, {'date': Timestamp('2025-12-31 00:00:00'), 'volume': np.int64(36108000)}, {'date': Timestamp('2025-10-31 00:00:00'), 'volume': np.int64(33344500)}, {'date': Timestamp('2025-08-31 00:00:00'), 'volume': np.int64(28855400)}, {'date': Timestamp('2025-07-31 00:00:00'), 'volume': np.int64(27697700)}, {'date': Timestamp('2025-06-30 00:00:00'), 'volume': np.int64(18995400)}]"
GIS,monthly,2026-03-31,232687200,61,6,6,True,1.0,"[{'date': Timestamp('2026-03-31 00:00:00'), 'volume': np.int64(232687200)}, {'date': Timestamp('2026-01-31 00:00:00'), 'volume': np.int64(171947000)}, {'date': Timestamp('2025-12-31 00:00:00'), 'volume': np.int64(155304000)}, {'date': Timestamp('2025-09-30 00:00:00'), 'volume': np.int64(136490600)}, {'date': Timestamp('2025-07-31 00:00:00'), 'volume': np.int64(131203700)}, {'date': Timestamp('2025-06-30 00:00:00'), 'volume': np.int64(118027000)}]"
EQBK,monthly,2026-03-31,2715200,61,4,4,True,1.0,"[{'date': Timestamp('2026-03-31 00:00:00'), 'volume': np.int64(2715200)}, {'date': Timestamp('2025-10-31 00:00:00'), 'volume': np.int64(2354700)}, {'date': Timestamp('2025-07-31 00:00:00'), 'volume': np.int64(2127300)}, {'date': Timestamp('2025-06-30 00:00:00'), 'volume': np.int64(1532500)}]"
GLNG,monthly,2026-03-31,74646200,61,2,2,True,1.0,"[{'date': Timestamp('2026-03-31 00:00:00'), 'volume': np.int64(74646200)}, {'date': Timestamp('2025-06-30 00:00:00'), 'volume': np.int64(33215700)}]"
CDRE,monthly,2026-03-31,10794700,61,3,3,False,0.8937489650604404,"[{'date': Timestamp('2026-03-31 00:00:00'), 'volume': np.int64(10794700)}, {'date': Timestamp('2025-08-31 00:00:00'), 'volume': np.int64(8583700)}, {'date': Timestamp('2025-06-30 00:00:00'), 'volume': np.int64(6544900)}]"
SAN,monthly,2026-03-31,370335300,61,4,4,True,1.0,"[{'date': Timestamp('2026-03-31 00:00:00'), 'volume': np.int64(370335300)}, {'date': Timestamp('2026-02-28 00:00:00'), 'volume': np.int64(222454600)}, {'date': Timestamp('2025-07-31 00:00:00'), 'volume': np.int64(148715200)}, {'date': Timestamp('2025-06-30 00:00:00'), 'volume': np.int64(142595100)}]"
KTB,monthly,2026-03-31,22868800,61,4,4,False,0.4832501812019128,"[{'date': Timestamp('2026-03-31 00:00:00'), 'volume': np.int64(22868800)}, {'date': Timestamp('2025-08-31 00:00:00'), 'volume': np.int64(18577300)}, {'date': Timestamp('2025-07-31 00:00:00'), 'volume': np.int64(15337700)}, {'date': Timestamp('2025-06-30 00:00:00'), 'volume': np.int64(12437100)}]"
PRU,monthly,2026-03-31,52820000,61,5,5,False,0.40992257880261007,"[{'date': Timestamp('2026-03-31 00:00:00'), 'volume': np.int64(52820000)}, {'date': Timestamp('2026-01-31 00:00:00'), 'volume': np.int64(36822300)}, {'date': Timestamp('2025-08-31 00:00:00'), 'volume': np.int64(34666400)}, {'date': Timestamp('2025-07-31 00:00:00'), 'volume': np.int64(34177800)}, {'date': Timestamp('2025-06-30 00:00:00'), 'volume': np.int64(31737300)}]"
HEI,monthly,2026-03-31,14139100,61,3,3,False,0.47049564913565045,"[{'date': Timestamp('2026-03-31 00:00:00'), 'volume': np.int64(14139100)}, {'date': Timestamp('2025-08-31 00:00:00'), 'volume': np.int64(10534800)}, {'date': Timestamp('2025-06-30 00:00:00'), 'volume': np.int64(9346100)}]"
HEI-A,monthly,2026-03-31,7862800,61,2,2,False,0.36198903370455454,"[{'date': Timestamp('2026-03-31 00:00:00'), 'volume': np.int64(7862800)}, {'date': Timestamp('2025-06-30 00:00:00'), 'volume': np.int64(6510500)}]"
KFY,monthly,2026-03-31,15600100,61,2,2,False,0.9751708100742,"[{'date': Timestamp('2026-03-31 00:00:00'), 'volume': np.int64(15600100)}, {'date': Timestamp('2025-06-30 00:00:00'), 'volume': np.int64(13371900)}]"
RTO,monthly,2026-03-31,39515500,61,5,5,False,0.6357297647757237,"[{'date': Timestamp('2026-03-31 00:00:00'), 'volume': np.int64(39515500)}, {'date': Timestamp('2026-01-31 00:00:00'), 'volume': np.int64(26382400)}, {'date': Timestamp('2025-08-31 00:00:00'), 'volume': np.int64(18885500)}, {'date': Timestamp('2025-07-31 00:00:00'), 'volume': np.int64(18546100)}, {'date': Timestamp('2025-06-30 00:00:00'), 'volume': np.int64(13723700)}]"
ESI,monthly,2026-03-31,66533600,61,4,4,False,0.599466609002775,"[{'date': Timestamp('2026-03-31 00:00:00'), 'volume': np.int64(66533600)}, {'date': Timestamp('2025-11-30 00:00:00'), 'volume': np.int64(55398300)}, {'date': Timestamp('2025-07-31 00:00:00'), 'volume': np.int64(52101400)}, {'date': Timestamp('2025-06-30 00:00:00'), 'volume': np.int64(42891300)}]"
O,monthly,2026-03-31,139344100,61,5,5,False,0.7323535270346336,"[{'date': Timestamp('2026-03-31 00:00:00'), 'volume': np.int64(139344100)}, {'date': Timestamp('2025-12-31 00:00:00'), 'volume': np.int64(138439500)}, {'date': Timestamp('2025-11-30 00:00:00'), 'volume': np.int64(123512900)}, {'date': Timestamp('2025-09-30 00:00:00'), 'volume': np.int64(117666500)}, {'date': Timestamp('2025-06-30 00:00:00'), 'volume': np.int64(116442400)}]"
NCSM,monthly,2026-03-31,831800,61,4,4,False,0.9387202347364857,"[{'date': Timestamp('2026-03-31 00:00:00'), 'volume': np.int64(831800)}, {'date': Timestamp('2025-09-30 00:00:00'), 'volume': np.int64(404700)}, {'date': Timestamp('2025-08-31 00:00:00'), 'volume': np.int64(261300)}, {'date': Timestamp('2025-06-30 00:00:00'), 'volume': np.int64(150200)}]"
VRM,monthly,2026-03-31,497900,61,2,2,True,1.0,"[{'date': Timestamp('2026-03-31 00:00:00'), 'volume': np.int64(497900)}, {'date': Timestamp('2025-06-30 00:00:00'), 'volume': np.int64(327200)}]"
MASI,monthly,2026-03-31,42661700,61,3,3,True,1.0,"[{'date': Timestamp('2026-03-31 00:00:00'), 'volume': np.int64(42661700)}, {'date': Timestamp('2025-08-31 00:00:00'), 'volume': np.int64(18255800)}, {'date': Timestamp('2025-06-30 00:00:00'), 'volume': np.int64(12626500)}]"
TIC,monthly,2026-03-31,84764600,61,4,4,True,1.0,"[{'date': Timestamp('2026-03-31 00:00:00'), 'volume': np.int64(84764600)}, {'date': Timestamp('2025-09-30 00:00:00'), 'volume': np.int64(80469100)}, {'date': Timestamp('2025-08-31 00:00:00'), 'volume': np.int64(66479000)}, {'date': Timestamp('2025-06-30 00:00:00'), 'volume': np.int64(46515400)}]"
TTWO,monthly,2026-03-31,43641500,61,2,2,False,0.4503776065585275,"[{'date': Timestamp('2026-03-31 00:00:00'), 'volume': np.int64(43641500)}, {'date': Timestamp('2025-06-30 00:00:00'), 'volume': np.int64(42214000)}]"
WSFS,monthly,2026-03-31,10034500,61,3,3,False,0.5414483588467951,"[{'date': Timestamp('2026-03-31 00:00:00'), 'volume': np.int64(10034500)}, {'date': Timestamp('2025-12-31 00:00:00'), 'volume': np.int64(9283200)}, {'date': Timestamp('2025-06-30 00:00:00'), 'volume': np.int64(7528100)}]"
HHH,monthly,2026-03-31,13483900,61,2,2,False,0.6500645706348074,"[{'date': Timestamp('2026-03-31 00:00:00'), 'volume': np.int64(13483900)}, {'date': Timestamp('2025-06-30 00:00:00'), 'volume': np.int64(9950400)}]"
MOG-A,monthly,2026-03-31,10137500,61,3,3,True,1.0,"[{'date': Timestamp('2026-03-31 00:00:00'), 'volume': np.int64(10137500)}, {'date': Timestamp('2025-07-31 00:00:00'), 'volume': np.int64(5422500)}, {'date': Timestamp('2025-06-30 00:00:00'), 'volume': np.int64(4674400)}]"
SHG,monthly,2026-03-31,9279600,61,4,4,True,1.0,"[{'date': Timestamp('2026-03-31 00:00:00'), 'volume': np.int64(9279600)}, {'date': Timestamp('2025-10-31 00:00:00'), 'volume': np.int64(6525300)}, {'date': Timestamp('2025-07-31 00:00:00'), 'volume': np.int64(5941900)}, {'date': Timestamp('2025-06-30 00:00:00'), 'volume': np.int64(3657200)}]"
NHS,monthly,2026-03-31,9849100,61,5,5,True,1.0,"[{'date': Timestamp('2026-03-31 00:00:00'), 'volume': np.int64(9849100)}, {'date': Timestamp('2025-12-31 00:00:00'), 'volume': np.int64(4442100)}, {'date': Timestamp('2025-10-31 00:00:00'), 'volume': np.int64(4335800)}, {'date': Timestamp('2025-09-30 00:00:00'), 'volume': np.int64(4252000)}, {'date': Timestamp('2025-06-30 00:00:00'), 'volume': np.int64(3737300)}]"
CHSCP,monthly,2026-03-31,417700,61,3,3,False,0.563697705802969,"[{'date': Timestamp('2026-03-31 00:00:00'), 'volume': np.int64(417700)}, {'date': Timestamp('2025-12-31 00:00:00'), 'volume': np.int64(380800)}, {'date': Timestamp('2025-06-30 00:00:00'), 'volume': np.int64(291900)}]"
IHS,monthly,2026-03-31,51236700,61,5,5,True,1.0,"[{'date': Timestamp('2026-03-31 00:00:00'), 'volume': np.int64(51236700)}, {'date': Timestamp('2026-01-31 00:00:00'), 'volume': np.int64(25949600)}, {'date': Timestamp('2025-12-31 00:00:00'), 'volume': np.int64(20933100)}, {'date': Timestamp('2025-07-31 00:00:00'), 'volume': np.int64(18998100)}, {'date': Timestamp('2025-06-30 00:00:00'), 'volume': np.int64(15658700)}]"
TFSL,monthly,2026-03-31,17811000,61,5,5,True,1.0,"[{'date': Timestamp('2026-03-31 00:00:00'), 'volume': np.int64(17811000)}, {'date': Timestamp('2025-12-31 00:00:00'), 'volume': np.int64(16837500)}, {'date': Timestamp('2025-10-31 00:00:00'), 'volume': np.int64(9664700)}, {'date': Timestamp('2025-09-30 00:00:00'), 'volume': np.int64(9500800)}, {'date': Timestamp('2025-06-30 00:00:00'), 'volume': np.int64(7523400)}]"
LIF,monthly,2026-03-31,46347100,61,3,3,True,1.0,"[{'date': Timestamp('2026-03-31 00:00:00'), 'volume': np.int64(46347100)}, {'date': Timestamp('2025-09-30 00:00:00'), 'volume': np.int64(25048300)}, {'date': Timestamp('2025-06-30 00:00:00'), 'volume': np.int64(19261600)}]"
ICL,monthly,2026-03-31,48397000,61,5,5,True,1.0,"[{'date': Timestamp('2026-03-31 00:00:00'), 'volume': np.int64(48397000)}, {'date': Timestamp('2026-01-31 00:00:00'), 'volume': np.int64(27233000)}, {'date': Timestamp('2025-12-31 00:00:00'), 'volume': np.int64(23244400)}, {'date': Timestamp('2025-11-30 00:00:00'), 'volume': np.int64(17581700)}, {'date': Timestamp('2025-06-30 00:00:00'), 'volume': np.int64(16086100)}]"
AGNC,monthly,2026-03-31,496885300,61,3,3,False,0.5565585629723369,"[{'date': Timestamp('2026-03-31 00:00:00'), 'volume': np.int64(496885300)}, {'date': Timestamp('2025-10-31 00:00:00'), 'volume': np.int64(492789500)}, {'date': Timestamp('2025-06-30 00:00:00'), 'volume': np.int64(476940900)}]"
TBB,monthly,2026-03-31,2282100,61,3,3,False,0.4278723563821809,"[{'date': Timestamp('2026-03-31 00:00:00'), 'volume': np.int64(2282100)}, {'date': Timestamp('2025-12-31 00:00:00'), 'volume': np.int64(2272200)}, {'date': Timestamp('2025-06-30 00:00:00'), 'volume': np.int64(1503200)}]"
HPQ,monthly,2026-03-31,426297400,61,4,4,False,0.9603786749126518,"[{'date': Timestamp('2026-03-31 00:00:00'), 'volume': np.int64(426297400)}, {'date': Timestamp('2026-01-31 00:00:00'), 'volume': np.int64(356063800)}, {'date': Timestamp('2025-10-31 00:00:00'), 'volume': np.int64(290837200)}, {'date': Timestamp('2025-06-30 00:00:00'), 'volume': np.int64(194611700)}]"
RSVR,monthly,2026-03-31,3007900,61,3,3,False,0.37762070956888544,"[{'date': Timestamp('2026-03-31 00:00:00'), 'volume': np.int64(3007900)}, {'date': Timestamp('2025-07-31 00:00:00'), 'volume': np.int64(2034300)}, {'date': Timestamp('2025-06-30 00:00:00'), 'volume': np.int64(1509500)}]"
DSX,monthly,2026-03-31,18883700,61,7,7,False,0.4879812928918829,"[{'date': Timestamp('2026-03-31 00:00:00'), 'volume': np.int64(18883700)}, {'date': Timestamp('2026-01-31 00:00:00'), 'volume': np.int64(13048900)}, {'date': Timestamp('2025-12-31 00:00:00'), 'volume': np.int64(12497700)}, {'date': Timestamp('2025-09-30 00:00:00'), 'volume': np.int64(8220000)}, {'date': Timestamp('2025-08-31 00:00:00'), 'volume': np.int64(6830200)}, {'date': Timestamp('2025-07-31 00:00:00'), 'volume': np.int64(5953200)}, {'date': Timestamp('2025-06-30 00:00:00'), 'volume': np.int64(5838300)}]"
HLMN,monthly,2026-03-31,40218000,61,3,3,False,0.6797358667232296,"[{'date': Timestamp('2026-03-31 00:00:00'), 'volume': np.int64(40218000)}, {'date': Timestamp('2025-07-31 00:00:00'), 'volume': np.int64(38241100)}, {'date': Timestamp('2025-06-30 00:00:00'), 'volume': np.int64(28238300)}]"
SIMA,monthly,2026-03-31,2377400,61,3,3,False,0.4610044599573395,"[{'date': Timestamp('2026-03-31 00:00:00'), 'volume': np.int64(2377400)}, {'date': Timestamp('2025-08-31 00:00:00'), 'volume': np.int64(1582500)}, {'date': Timestamp('2025-06-30 00:00:00'), 'volume': np.int64(1535800)}]"
JBI,monthly,2026-03-31,49134300,61,5,5,False,0.7080094758047085,"[{'date': Timestamp('2026-03-31 00:00:00'), 'volume': np.int64(49134300)}, {'date': Timestamp('2025-12-31 00:00:00'), 'volume': np.int64(45336700)}, {'date': Timestamp('2025-11-30 00:00:00'), 'volume': np.int64(35877200)}, {'date': Timestamp('2025-08-31 00:00:00'), 'volume': np.int64(27302000)}, {'date': Timestamp('2025-06-30 00:00:00'), 'volume': np.int64(25457200)}]"
FISK,monthly,2026-03-31,27800,61,3,3,False,0.236999147485081,"[{'date': Timestamp('2026-03-31 00:00:00'), 'volume': np.int64(27800)}, {'date': Timestamp('2025-08-31 00:00:00'), 'volume': np.int64(21600)}, {'date': Timestamp('2025-06-30 00:00:00'), 'volume': np.int64(4500)}]"
NKX,monthly,2026-03-31,4079800,61,2,2,False,0.7864371494111071,"[{'date': Timestamp('2026-03-31 00:00:00'), 'volume': np.int64(4079800)}, {'date': Timestamp('2025-06-30 00:00:00'), 'volume': np.int64(4008600)}]"
SBCF,monthly,2026-03-31,18244300,61,4,4,False,0.604181913917746,"[{'date': Timestamp('2026-03-31 00:00:00'), 'volume': np.int64(18244300)}, {'date': Timestamp('2025-12-31 00:00:00'), 'volume': np.int64(17567200)}, {'date': Timestamp('2025-07-31 00:00:00'), 'volume': np.int64(14279800)}, {'date': Timestamp('2025-06-30 00:00:00'), 'volume': np.int64(13476800)}]"
TTEC,monthly,2026-03-31,17653500,61,4,4,False,0.6318270318248844,"[{'date': Timestamp('2026-03-31 00:00:00'), 'volume': np.int64(17653500)}, {'date': Timestamp('2025-08-31 00:00:00'), 'volume': np.int64(13763300)}, {'date': Timestamp('2025-07-31 00:00:00'), 'volume': np.int64(5271400)}, {'date': Timestamp('2025-06-30 00:00:00'), 'volume': np.int64(5070600)}]"
CMCO,monthly,2026-03-31,11290100,61,3,3,False,0.5969649702577661,"[{'date': Timestamp('2026-03-31 00:00:00'), 'volume': np.int64(11290100)}, {'date': Timestamp('2025-07-31 00:00:00'), 'volume': np.int64(9426600)}, {'date': Timestamp('2025-06-30 00:00:00'), 'volume': np.int64(8966700)}]"
UBSI,monthly,2026-03-31,25012200,61,4,4,False,0.7428520514990867,"[{'date': Timestamp('2026-03-31 00:00:00'), 'volume': np.int64(25012200)}, {'date': Timestamp('2026-01-31 00:00:00'), 'volume': np.int64(20214500)}, {'date': Timestamp('2025-07-31 00:00:00'), 'volume': np.int64(19346900)}, {'date': Timestamp('2025-06-30 00:00:00'), 'volume': np.int64(16785400)}]"
PLOW,monthly,2026-03-31,5350100,61,3,3,False,0.8176330348137054,"[{'date': Timestamp('2026-03-31 00:00:00'), 'volume': np.int64(5350100)}, {'date': Timestamp('2025-07-31 00:00:00'), 'volume': np.int64(4239500)}, {'date': Timestamp('2025-06-30 00:00:00'), 'volume': np.int64(3866500)}]"
VICR,monthly,2026-03-31,21955400,61,4,4,True,1.0,"[{'date': Timestamp('2026-03-31 00:00:00'), 'volume': np.int64(21955400)}, {'date': Timestamp('2025-10-31 00:00:00'), 'volume': np.int64(14149800)}, {'date': Timestamp('2025-07-31 00:00:00'), 'volume': np.int64(8463300)}, {'date': Timestamp('2025-06-30 00:00:00'), 'volume': np.int64(4861900)}]"
CECO,monthly,2026-03-31,15899700,61,6,6,True,1.0,"[{'date': Timestamp('2026-03-31 00:00:00'), 'volume': np.int64(15899700)}, {'date': Timestamp('2025-10-31 00:00:00'), 'volume': np.int64(14008800)}, {'date': Timestamp('2025-09-30 00:00:00'), 'volume': np.int64(13266500)}, {'date': Timestamp('2025-08-31 00:00:00'), 'volume': np.int64(9072700)}, {'date': Timestamp('2025-07-31 00:00:00'), 'volume': np.int64(6978500)}, {'date': Timestamp('2025-06-30 00:00:00'), 'volume': np.int64(5667700)}]"
SLDE,monthly,2026-03-31,57087600,61,3,3,True,1.0,"[{'date': Timestamp('2026-03-31 00:00:00'), 'volume': np.int64(57087600)}, {'date': Timestamp('2025-09-30 00:00:00'), 'volume': np.int64(37578900)}, {'date': Timestamp('2025-06-30 00:00:00'), 'volume': np.int64(27362400)}]"
ALG,monthly,2026-03-31,4028500,61,2,2,True,1.0,"[{'date': Timestamp('2026-03-31 00:00:00'), 'volume': np.int64(4028500)}, {'date': Timestamp('2025-06-30 00:00:00'), 'volume': np.int64(3226400)}]"
ADP,monthly,2026-03-31,93534800,61,4,4,True,1.0,"[{'date': Timestamp('2026-03-31 00:00:00'), 'volume': np.int64(93534800)}, {'date': Timestamp('2025-12-31 00:00:00'), 'volume': np.int64(54943500)}, {'date': Timestamp('2025-09-30 00:00:00'), 'volume': np.int64(43477700)}, {'date': Timestamp('2025-06-30 00:00:00'), 'volume': np.int64(37043700)}]"
CHT,monthly,2026-03-31,5483100,61,7,7,False,0.8747068676716918,"[{'date': Timestamp('2026-03-31 00:00:00'), 'volume': np.int64(5483100)}, {'date': Timestamp('2026-01-31 00:00:00'), 'volume': np.int64(4130400)}, {'date': Timestamp('2025-12-31 00:00:00'), 'volume': np.int64(3488300)}, {'date': Timestamp('2025-11-30 00:00:00'), 'volume': np.int64(3396000)}, {'date': Timestamp('2025-10-31 00:00:00'), 'volume': np.int64(2828600)}, {'date': Timestamp('2025-08-31 00:00:00'), 'volume': np.int64(2803200)}, {'date': Timestamp('2025-06-30 00:00:00'), 'volume': np.int64(2800700)}]"
HFWA,monthly,2026-03-31,8070200,61,5,5,False,0.9645734228958,"[{'date': Timestamp('2026-03-31 00:00:00'), 'volume': np.int64(8070200)}, {'date': Timestamp('2026-01-31 00:00:00'), 'volume': np.int64(5376000)}, {'date': Timestamp('2025-12-31 00:00:00'), 'volume': np.int64(4475200)}, {'date': Timestamp('2025-09-30 00:00:00'), 'volume': np.int64(4123400)}, {'date': Timestamp('2025-06-30 00:00:00'), 'volume': np.int64(3492200)}]"
BBUC,monthly,2026-03-31,5157700,61,4,4,False,0.9054315005968682,"[{'date': Timestamp('2026-03-31 00:00:00'), 'volume': np.int64(5157700)}, {'date': Timestamp('2025-10-31 00:00:00'), 'volume': np.int64(4280500)}, {'date': Timestamp('2025-09-30 00:00:00'), 'volume': np.int64(2888100)}, {'date': Timestamp('2025-06-30 00:00:00'), 'volume': np.int64(2154000)}]"
SUNS,monthly,2026-03-31,2788700,61,3,3,False,0.7507201119875091,"[{'date': Timestamp('2026-03-31 00:00:00'), 'volume': np.int64(2788700)}, {'date': Timestamp('2025-12-31 00:00:00'), 'volume': np.int64(2576300)}, {'date': Timestamp('2025-06-30 00:00:00'), 'volume': np.int64(1500000)}]"
MUFG,monthly,2026-03-31,96247000,61,4,4,False,0.37192006773213654,"[{'date': Timestamp('2026-03-31 00:00:00'), 'volume': np.int64(96247000)}, {'date': Timestamp('2025-12-31 00:00:00'), 'volume': np.int64(88309800)}, {'date': Timestamp('2025-07-31 00:00:00'), 'volume': np.int64(87385000)}, {'date': Timestamp('2025-06-30 00:00:00'), 'volume': np.int64(79968200)}]"
BHE,monthly,2026-03-31,8966700,61,5,5,False,0.6972821649364284,"[{'date': Timestamp('2026-03-31 00:00:00'), 'volume': np.int64(8966700)}, {'date': Timestamp('2025-12-31 00:00:00'), 'volume': np.int64(7256100)}, {'date': Timestamp('2025-09-30 00:00:00'), 'volume': np.int64(6204500)}, {'date': Timestamp('2025-08-31 00:00:00'), 'volume': np.int64(5770900)}, {'date': Timestamp('2025-06-30 00:00:00'), 'volume': np.int64(5689500)}]"
HIW,monthly,2026-03-31,32531500,61,5,5,False,0.775259102857102,"[{'date': Timestamp('2026-03-31 00:00:00'), 'volume': np.int64(32531500)}, {'date': Timestamp('2025-12-31 00:00:00'), 'volume': np.int64(30728300)}, {'date': Timestamp('2025-08-31 00:00:00'), 'volume': np.int64(25493600)}, {'date': Timestamp('2025-07-31 00:00:00'), 'volume': np.int64(19810800)}, {'date': Timestamp('2025-06-30 00:00:00'), 'volume': np.int64(19023100)}]"
FWONA,monthly,2026-03-31,4286900,61,4,4,False,0.42334635299396894,"[{'date': Timestamp('2026-03-31 00:00:00'), 'volume': np.int64(4286900)}, {'date': Timestamp('2025-12-31 00:00:00'), 'volume': np.int64(3164500)}, {'date': Timestamp('2025-10-31 00:00:00'), 'volume': np.int64(2941800)}, {'date': Timestamp('2025-06-30 00:00:00'), 'volume': np.int64(2784700)}]"
PLUS,monthly,2026-03-31,4403700,61,4,4,False,0.7108015624495594,"[{'date': Timestamp('2026-03-31 00:00:00'), 'volume': np.int64(4403700)}, {'date': Timestamp('2025-11-30 00:00:00'), 'volume': np.int64(4329800)}, {'date': Timestamp('2025-09-30 00:00:00'), 'volume': np.int64(4135200)}, {'date': Timestamp('2025-06-30 00:00:00'), 'volume': np.int64(4123700)}]"
CATY,monthly,2026-03-31,14389300,61,3,3,False,0.6659863001018236,"[{'date': Timestamp('2026-03-31 00:00:00'), 'volume': np.int64(14389300)}, {'date': Timestamp('2025-12-31 00:00:00'), 'volume': np.int64(10520100)}, {'date': Timestamp('2025-06-30 00:00:00'), 'volume': np.int64(10064100)}]"
FTAIM,monthly,2026-03-31,112700,61,6,6,False,0.06780578785873292,"[{'date': Timestamp('2026-03-31 00:00:00'), 'volume': np.int64(112700)}, {'date': Timestamp('2026-01-31 00:00:00'), 'volume': np.int64(106900)}, {'date': Timestamp('2025-12-31 00:00:00'), 'volume': np.int64(96500)}, {'date': Timestamp('2025-11-30 00:00:00'), 'volume': np.int64(93200)}, {'date': Timestamp('2025-08-31 00:00:00'), 'volume': np.int64(85300)}, {'date': Timestamp('2025-06-30 00:00:00'), 'volume': np.int64(38300)}]"
CUBI,monthly,2026-03-31,9669800,61,4,4,False,0.30673725681766995,"[{'date': Timestamp('2026-03-31 00:00:00'), 'volume': np.int64(9669800)}, {'date': Timestamp('2025-09-30 00:00:00'), 'volume': np.int64(9299900)}, {'date': Timestamp('2025-07-31 00:00:00'), 'volume': np.int64(8935700)}, {'date': Timestamp('2025-06-30 00:00:00'), 'volume': np.int64(5556300)}]"
VNO,monthly,2026-03-31,54240800,61,4,4,False,0.4053432176632577,"[{'date': Timestamp('2026-03-31 00:00:00'), 'volume': np.int64(54240800)}, {'date': Timestamp('2025-09-30 00:00:00'), 'volume': np.int64(40060400)}, {'date': Timestamp('2025-08-31 00:00:00'), 'volume': np.int64(36441200)}, {'date': Timestamp('2025-06-30 00:00:00'), 'volume': np.int64(36254300)}]"
NC,monthly,2026-03-31,371700,61,4,4,False,0.23016905071521457,"[{'date': Timestamp('2026-03-31 00:00:00'), 'volume': np.int64(371700)}, {'date': Timestamp('2025-12-31 00:00:00'), 'volume': np.int64(264800)}, {'date': Timestamp('2025-09-30 00:00:00'), 'volume': np.int64(250100)}, {'date': Timestamp('2025-06-30 00:00:00'), 'volume': np.int64(218300)}]"
BIPC,monthly,2026-03-31,28260800,61,5,5,True,1.0,"[{'date': Timestamp('2026-03-31 00:00:00'), 'volume': np.int64(28260800)}, {'date': Timestamp('2025-10-31 00:00:00'), 'volume': np.int64(14409400)}, {'date': Timestamp('2025-08-31 00:00:00'), 'volume': np.int64(12369300)}, {'date': Timestamp('2025-07-31 00:00:00'), 'volume': np.int64(12248700)}, {'date': Timestamp('2025-06-30 00:00:00'), 'volume': np.int64(11741700)}]"
NMRK,monthly,2026-03-31,44443300,61,4,4,True,1.0,"[{'date': Timestamp('2026-03-31 00:00:00'), 'volume': np.int64(44443300)}, {'date': Timestamp('2025-08-31 00:00:00'), 'volume': np.int64(31256900)}, {'date': Timestamp('2025-07-31 00:00:00'), 'volume': np.int64(30547600)}, {'date': Timestamp('2025-06-30 00:00:00'), 'volume': np.int64(24796400)}]"
JQC,monthly,2026-03-31,22456800,61,5,5,False,0.49466605283504306,"[{'date': Timestamp('2026-03-31 00:00:00'), 'volume': np.int64(22456800)}, {'date': Timestamp('2025-12-31 00:00:00'), 'volume': np.int64(22018200)}, {'date': Timestamp('2025-10-31 00:00:00'), 'volume': np.int64(20575600)}, {'date': Timestamp('2025-07-31 00:00:00'), 'volume': np.int64(17317000)}, {'date': Timestamp('2025-06-30 00:00:00'), 'volume': np.int64(11786400)}]"
APEI,monthly,2026-03-31,11335300,61,2,2,False,0.866527027130331,"[{'date': Timestamp('2026-03-31 00:00:00'), 'volume': np.int64(11335300)}, {'date': Timestamp('2025-06-30 00:00:00'), 'volume': np.int64(6877900)}]"
VTS,monthly,2026-03-31,13094700,61,3,3,False,0.7807662954041356,"[{'date': Timestamp('2026-03-31 00:00:00'), 'volume': np.int64(13094700)}, {'date': Timestamp('2025-12-31 00:00:00'), 'volume': np.int64(9735900)}, {'date': Timestamp('2025-06-30 00:00:00'), 'volume': np.int64(9317000)}]"
VOC,monthly,2026-03-31,4633400,61,4,4,False,0.5885700494137672,"[{'date': Timestamp('2026-03-31 00:00:00'), 'volume': np.int64(4633400)}, {'date': Timestamp('2025-10-31 00:00:00'), 'volume': np.int64(2300000)}, {'date': Timestamp('2025-07-31 00:00:00'), 'volume': np.int64(2030000)}, {'date': Timestamp('2025-06-30 00:00:00'), 'volume': np.int64(1687700)}]"
CNNE,monthly,2026-03-31,18827500,61,2,2,False,0.587525822738989,"[{'date': Timestamp('2026-03-31 00:00:00'), 'volume': np.int64(18827500)}, {'date': Timestamp('2025-06-30 00:00:00'), 'volume': np.int64(18047600)}]"
LND,monthly,2026-03-31,2818300,61,7,7,False,0.8271358553693541,"[{'date': Timestamp('2026-03-31 00:00:00'), 'volume': np.int64(2818300)}, {'date': Timestamp('2026-01-31 00:00:00'), 'volume': np.int64(1379200)}, {'date': Timestamp('2025-12-31 00:00:00'), 'volume': np.int64(1024000)}, {'date': Timestamp('2025-11-30 00:00:00'), 'volume': np.int64(925800)}, {'date': Timestamp('2025-10-31 00:00:00'), 'volume': np.int64(903100)}, {'date': Timestamp('2025-07-31 00:00:00'), 'volume': np.int64(772400)}, {'date': Timestamp('2025-06-30 00:00:00'), 'volume': np.int64(754500)}]"
ADI,monthly,2026-03-31,86833000,61,4,4,False,0.7013243369632728,"[{'date': Timestamp('2026-03-31 00:00:00'), 'volume': np.int64(86833000)}, {'date': Timestamp('2025-08-31 00:00:00'), 'volume': np.int64(82586200)}, {'date': Timestamp('2025-07-31 00:00:00'), 'volume': np.int64(74221800)}, {'date': Timestamp('2025-06-30 00:00:00'), 'volume': np.int64(68403200)}]"
KF,monthly,2026-03-31,698400,61,5,5,False,0.9263828093911659,"[{'date': Timestamp('2026-03-31 00:00:00'), 'volume': np.int64(698400)}, {'date': Timestamp('2026-01-31 00:00:00'), 'volume': np.int64(387600)}, {'date': Timestamp('2025-12-31 00:00:00'), 'volume': np.int64(361200)}, {'date': Timestamp('2025-11-30 00:00:00'), 'volume': np.int64(359600)}, {'date': Timestamp('2025-06-30 00:00:00'), 'volume': np.int64(345200)}]"
AVAL,monthly,2026-03-31,4935000,61,4,4,False,0.3064608276615828,"[{'date': Timestamp('2026-03-31 00:00:00'), 'volume': np.int64(4935000)}, {'date': Timestamp('2026-01-31 00:00:00'), 'volume': np.int64(3032100)}, {'date': Timestamp('2025-10-31 00:00:00'), 'volume': np.int64(2828900)}, {'date': Timestamp('2025-06-30 00:00:00'), 'volume': np.int64(2651700)}]"
CIG-C,monthly,2026-03-31,143463,61,4,4,False,0.005628055674923774,"[{'date': Timestamp('2026-03-31 00:00:00'), 'volume': np.int64(143463)}, {'date': Timestamp('2026-01-31 00:00:00'), 'volume': np.int64(143455)}, {'date': Timestamp('2025-12-31 00:00:00'), 'volume': np.int64(136275)}, {'date': Timestamp('2025-06-30 00:00:00'), 'volume': np.int64(123715)}]"
MGYR,monthly,2026-03-31,214500,61,3,3,False,0.30245346869712353,"[{'date': Timestamp('2026-03-31 00:00:00'), 'volume': np.int64(214500)}, {'date': Timestamp('2025-07-31 00:00:00'), 'volume': np.int64(174500)}, {'date': Timestamp('2025-06-30 00:00:00'), 'volume': np.int64(165100)}]"
APA,monthly,2026-03-31,234662200,61,2,2,False,0.32390176921366426,"[{'date': Timestamp('2026-03-31 00:00:00'), 'volume': np.int64(234662200)}, {'date': Timestamp('2025-06-30 00:00:00'), 'volume': np.int64(176279800)}]"
DB,monthly,2026-03-31,89680200,61,3,3,False,0.3525004363008605,"[{'date': Timestamp('2026-03-31 00:00:00'), 'volume': np.int64(89680200)}, {'date': Timestamp('2025-07-31 00:00:00'), 'volume': np.int64(60048300)}, {'date': Timestamp('2025-06-30 00:00:00'), 'volume': np.int64(56755700)}]"
A,monthly,2026-03-31,51993200,61,4,4,False,0.7339536052422434,"[{'date': Timestamp('2026-03-31 00:00:00'), 'volume': np.int64(51993200)}, {'date': Timestamp('2025-12-31 00:00:00'), 'volume': np.int64(44354000)}, {'date': Timestamp('2025-07-31 00:00:00'), 'volume': np.int64(39964600)}, {'date': Timestamp('2025-06-30 00:00:00'), 'volume': np.int64(38279400)}]"
RYAAY,monthly,2026-03-31,37056400,61,3,3,False,0.45674190225846056,"[{'date': Timestamp('2026-03-31 00:00:00'), 'volume': np.int64(37056400)}, {'date': Timestamp('2025-07-31 00:00:00'), 'volume': np.int64(36498400)}, {'date': Timestamp('2025-06-30 00:00:00'), 'volume': np.int64(23541200)}]"
FNV,monthly,2026-03-31,23096100,61,3,3,False,0.6381513143716049,"[{'date': Timestamp('2026-03-31 00:00:00'), 'volume': np.int64(23096100)}, {'date': Timestamp('2025-10-31 00:00:00'), 'volume': np.int64(22764500)}, {'date': Timestamp('2025-06-30 00:00:00'), 'volume': np.int64(18464000)}]"
THO,monthly,2026-03-31,19815600,61,3,3,False,0.6069115066202346,"[{'date': Timestamp('2026-03-31 00:00:00'), 'volume': np.int64(19815600)}, {'date': Timestamp('2025-09-30 00:00:00'), 'volume': np.int64(17729600)}, {'date': Timestamp('2025-06-30 00:00:00'), 'volume': np.int64(17143600)}]"
HAFN,monthly,2026-03-31,56543100,61,2,2,False,0.8625962816114136,"[{'date': Timestamp('2026-03-31 00:00:00'), 'volume': np.int64(56543100)}, {'date': Timestamp('2025-06-30 00:00:00'), 'volume': np.int64(29447900)}]"
DPG,monthly,2026-03-31,1964600,61,3,3,False,0.29756297047998426,"[{'date': Timestamp('2026-03-31 00:00:00'), 'volume': np.int64(1964600)}, {'date': Timestamp('2025-07-31 00:00:00'), 'volume': np.int64(1925400)}, {'date': Timestamp('2025-06-30 00:00:00'), 'volume': np.int64(1430200)}]"
APAM,monthly,2026-03-31,19389800,61,3,3,False,0.5501573312980045,"[{'date': Timestamp('2026-03-31 00:00:00'), 'volume': np.int64(19389800)}, {'date': Timestamp('2025-07-31 00:00:00'), 'volume': np.int64(12899200)}, {'date': Timestamp('2025-06-30 00:00:00'), 'volume': np.int64(11692800)}]"
TFC,monthly,2026-03-31,223974800,61,5,5,False,0.4412767019681776,"[{'date': Timestamp('2026-03-31 00:00:00'), 'volume': np.int64(223974800)}, {'date': Timestamp('2026-01-31 00:00:00'), 'volume': np.int64(208587300)}, {'date': Timestamp('2025-10-31 00:00:00'), 'volume': np.int64(196752000)}, {'date': Timestamp('2025-07-31 00:00:00'), 'volume': np.int64(179922600)}, {'date': Timestamp('2025-06-30 00:00:00'), 'volume': np.int64(143791300)}]"
TRMK,monthly,2026-03-31,10286800,61,3,3,False,0.5174082308086956,"[{'date': Timestamp('2026-03-31 00:00:00'), 'volume': np.int64(10286800)}, {'date': Timestamp('2025-07-31 00:00:00'), 'volume': np.int64(7056200)}, {'date': Timestamp('2025-06-30 00:00:00'), 'volume': np.int64(6646700)}]"
LKFN,monthly,2026-03-31,4844400,61,3,3,False,0.47395145431598723,"[{'date': Timestamp('2026-03-31 00:00:00'), 'volume': np.int64(4844400)}, {'date': Timestamp('2025-07-31 00:00:00'), 'volume': np.int64(4578200)}, {'date': Timestamp('2025-06-30 00:00:00'), 'volume': np.int64(3026300)}]"
BCO,monthly,2026-03-31,13939000,61,3,3,False,0.7648033535247125,"[{'date': Timestamp('2026-03-31 00:00:00'), 'volume': np.int64(13939000)}, {'date': Timestamp('2025-08-31 00:00:00'), 'volume': np.int64(8046600)}, {'date': Timestamp('2025-06-30 00:00:00'), 'volume': np.int64(7410400)}]"
OTIS,monthly,2026-03-31,89657900,61,4,4,False,0.4706876421388178,"[{'date': Timestamp('2026-03-31 00:00:00'), 'volume': np.int64(89657900)}, {'date': Timestamp('2025-08-31 00:00:00'), 'volume': np.int64(82767300)}, {'date': Timestamp('2025-07-31 00:00:00'), 'volume': np.int64(66757500)}, {'date': Timestamp('2025-06-30 00:00:00'), 'volume': np.int64(45023300)}]"
MDT,monthly,2026-03-31,184852300,61,2,2,False,0.8110014921188834,"[{'date': Timestamp('2026-03-31 00:00:00'), 'volume': np.int64(184852300)}, {'date': Timestamp('2025-06-30 00:00:00'), 'volume': np.int64(171421500)}]"
GPOR,monthly,2026-03-31,8447700,61,4,4,True,1.0,"[{'date': Timestamp('2026-03-31 00:00:00'), 'volume': np.int64(8447700)}, {'date': Timestamp('2025-09-30 00:00:00'), 'volume': np.int64(6550900)}, {'date': Timestamp('2025-07-31 00:00:00'), 'volume': np.int64(6005600)}, {'date': Timestamp('2025-06-30 00:00:00'), 'volume': np.int64(4875900)}]"
NSSC,monthly,2026-03-31,20821300,61,4,4,False,0.6641499443386507,"[{'date': Timestamp('2026-03-31 00:00:00'), 'volume': np.int64(20821300)}, {'date': Timestamp('2025-09-30 00:00:00'), 'volume': np.int64(9964200)}, {'date': Timestamp('2025-08-31 00:00:00'), 'volume': np.int64(7896600)}, {'date': Timestamp('2025-06-30 00:00:00'), 'volume': np.int64(6498600)}]"
BAX,monthly,2026-03-31,215659900,61,5,5,True,1.0,"[{'date': Timestamp('2026-03-31 00:00:00'), 'volume': np.int64(215659900)}, {'date': Timestamp('2026-01-31 00:00:00'), 'volume': np.int64(178856300)}, {'date': Timestamp('2025-08-31 00:00:00'), 'volume': np.int64(174912700)}, {'date': Timestamp('2025-07-31 00:00:00'), 'volume': np.int64(159229200)}, {'date': Timestamp('2025-06-30 00:00:00'), 'volume': np.int64(70487400)}]"
BN,monthly,2026-03-31,143653500,61,5,5,False,0.5772235723571638,"[{'date': Timestamp('2026-03-31 00:00:00'), 'volume': np.int64(143653500)}, {'date': Timestamp('2026-01-31 00:00:00'), 'volume': np.int64(94001900)}, {'date': Timestamp('2025-11-30 00:00:00'), 'volume': np.int64(87346600)}, {'date': Timestamp('2025-07-31 00:00:00'), 'volume': np.int64(81261450)}, {'date': Timestamp('2025-06-30 00:00:00'), 'volume': np.int64(56018250)}]"
ALKT,monthly,2026-03-31,42005600,61,4,4,True,1.0,"[{'date': Timestamp('2026-03-31 00:00:00'), 'volume': np.int64(42005600)}, {'date': Timestamp('2025-08-31 00:00:00'), 'volume': np.int64(38072300)}, {'date': Timestamp('2025-07-31 00:00:00'), 'volume': np.int64(25016800)}, {'date': Timestamp('2025-06-30 00:00:00'), 'volume': np.int64(21556800)}]"
VRE,monthly,2026-03-31,32357900,61,5,5,False,0.8081938592262715,"[{'date': Timestamp('2026-03-31 00:00:00'), 'volume': np.int64(32357900)}, {'date': Timestamp('2025-12-31 00:00:00'), 'volume': np.int64(17587800)}, {'date': Timestamp('2025-09-30 00:00:00'), 'volume': np.int64(16430100)}, {'date': Timestamp('2025-07-31 00:00:00'), 'volume': np.int64(11180000)}, {'date': Timestamp('2025-06-30 00:00:00'), 'volume': np.int64(10805500)}]"
HVT,monthly,2026-03-31,3474400,61,3,3,False,0.30079562277610883,"[{'date': Timestamp('2026-03-31 00:00:00'), 'volume': np.int64(3474400)}, {'date': Timestamp('2025-11-30 00:00:00'), 'volume': np.int64(2411300)}, {'date': Timestamp('2025-06-30 00:00:00'), 'volume': np.int64(2370400)}]"
CIMN,monthly,2026-03-31,331500,61,4,4,False,0.5060296137994199,"[{'date': Timestamp('2026-03-31 00:00:00'), 'volume': np.int64(331500)}, {'date': Timestamp('2025-10-31 00:00:00'), 'volume': np.int64(267100)}, {'date': Timestamp('2025-07-31 00:00:00'), 'volume': np.int64(189700)}, {'date': Timestamp('2025-06-30 00:00:00'), 'volume': np.int64(145400)}]"
TS,monthly,2026-03-31,49907200,61,3,3,False,0.5156117951653129,"[{'date': Timestamp('2026-03-31 00:00:00'), 'volume': np.int64(49907200)}, {'date': Timestamp('2025-09-30 00:00:00'), 'volume': np.int64(44479600)}, {'date': Timestamp('2025-06-30 00:00:00'), 'volume': np.int64(33926600)}]"
BHP,monthly,2026-03-31,91292800,61,4,4,False,0.5886009829264013,"[{'date': Timestamp('2026-03-31 00:00:00'), 'volume': np.int64(91292800)}, {'date': Timestamp('2026-01-31 00:00:00'), 'volume': np.int64(90772000)}, {'date': Timestamp('2025-07-31 00:00:00'), 'volume': np.int64(83516000)}, {'date': Timestamp('2025-06-30 00:00:00'), 'volume': np.int64(59054400)}]"
CIB,monthly,2026-03-31,11712800,61,3,3,False,0.6149968758696371,"[{'date': Timestamp('2026-03-31 00:00:00'), 'volume': np.int64(11712800)}, {'date': Timestamp('2026-01-31 00:00:00'), 'volume': np.int64(8911300)}, {'date': Timestamp('2025-06-30 00:00:00'), 'volume': np.int64(8444900)}]"
ORI,monthly,2026-03-31,44054400,61,5,5,False,0.6621605169296256,"[{'date': Timestamp('2026-03-31 00:00:00'), 'volume': np.int64(44054400)}, {'date': Timestamp('2026-01-31 00:00:00'), 'volume': np.int64(42217900)}, {'date': Timestamp('2025-10-31 00:00:00'), 'volume': np.int64(36639900)}, {'date': Timestamp('2025-07-31 00:00:00'), 'volume': np.int64(36552200)}, {'date': Timestamp('2025-06-30 00:00:00'), 'volume': np.int64(29118100)}]"
ATS,monthly,2026-03-31,4286000,61,3,3,True,1.0,"[{'date': Timestamp('2026-03-31 00:00:00'), 'volume': np.int64(4286000)}, {'date': Timestamp('2025-07-31 00:00:00'), 'volume': np.int64(3678300)}, {'date': Timestamp('2025-06-30 00:00:00'), 'volume': np.int64(1988600)}]"
INGM,monthly,2026-03-31,38512600,61,5,5,True,1.0,"[{'date': Timestamp('2026-03-31 00:00:00'), 'volume': np.int64(38512600)}, {'date': Timestamp('2025-12-31 00:00:00'), 'volume': np.int64(8439500)}, {'date': Timestamp('2025-10-31 00:00:00'), 'volume': np.int64(8267900)}, {'date': Timestamp('2025-07-31 00:00:00'), 'volume': np.int64(8129900)}, {'date': Timestamp('2025-06-30 00:00:00'), 'volume': np.int64(7119900)}]"
BGR,monthly,2026-03-31,4299300,61,6,6,False,0.49461017222139136,"[{'date': Timestamp('2026-03-31 00:00:00'), 'volume': np.int64(4299300)}, {'date': Timestamp('2026-02-28 00:00:00'), 'volume': np.int64(2947400)}, {'date': Timestamp('2026-01-31 00:00:00'), 'volume': np.int64(2166600)}, {'date': Timestamp('2025-12-31 00:00:00'), 'volume': np.int64(1935900)}, {'date': Timestamp('2025-09-30 00:00:00'), 'volume': np.int64(1759800)}, {'date': Timestamp('2025-06-30 00:00:00'), 'volume': np.int64(1636300)}]"
QNST,monthly,2026-03-31,17415400,61,4,4,False,0.828417172077536,"[{'date': Timestamp('2026-03-31 00:00:00'), 'volume': np.int64(17415400)}, {'date': Timestamp('2025-08-31 00:00:00'), 'volume': np.int64(13208800)}, {'date': Timestamp('2025-07-31 00:00:00'), 'volume': np.int64(11126500)}, {'date': Timestamp('2025-06-30 00:00:00'), 'volume': np.int64(9835300)}]"
FIGS,monthly,2026-03-31,75685100,61,4,4,False,0.6998302323301999,"[{'date': Timestamp('2026-03-31 00:00:00'), 'volume': np.int64(75685100)}, {'date': Timestamp('2025-12-31 00:00:00'), 'volume': np.int64(59245100)}, {'date': Timestamp('2025-11-30 00:00:00'), 'volume': np.int64(54340500)}, {'date': Timestamp('2025-06-30 00:00:00'), 'volume': np.int64(48911500)}]"
ARKO,monthly,2026-03-31,21827700,61,2,2,False,0.7922595023084293,"[{'date': Timestamp('2026-03-31 00:00:00'), 'volume': np.int64(21827700)}, {'date': Timestamp('2025-06-30 00:00:00'), 'volume': np.int64(12662200)}]"
SUZ,monthly,2026-03-31,94349900,61,5,5,True,1.0,"[{'date': Timestamp('2026-03-31 00:00:00'), 'volume': np.int64(94349900)}, {'date': Timestamp('2025-12-31 00:00:00'), 'volume': np.int64(55803300)}, {'date': Timestamp('2025-11-30 00:00:00'), 'volume': np.int64(50717200)}, {'date': Timestamp('2025-07-31 00:00:00'), 'volume': np.int64(43858600)}, {'date': Timestamp('2025-06-30 00:00:00'), 'volume': np.int64(38999600)}]"
UGP,monthly,2026-03-31,77346300,61,4,4,True,1.0,"[{'date': Timestamp('2026-03-31 00:00:00'), 'volume': np.int64(77346300)}, {'date': Timestamp('2025-10-31 00:00:00'), 'volume': np.int64(65393900)}, {'date': Timestamp('2025-07-31 00:00:00'), 'volume': np.int64(48936100)}, {'date': Timestamp('2025-06-30 00:00:00'), 'volume': np.int64(44614600)}]"
RPD,monthly,2026-03-31,52372100,61,4,4,True,1.0,"[{'date': Timestamp('2026-03-31 00:00:00'), 'volume': np.int64(52372100)}, {'date': Timestamp('2025-11-30 00:00:00'), 'volume': np.int64(28169700)}, {'date': Timestamp('2025-08-31 00:00:00'), 'volume': np.int64(20493700)}, {'date': Timestamp('2025-06-30 00:00:00'), 'volume': np.int64(17499500)}]"
LOAR,monthly,2026-03-31,27217400,61,2,2,False,0.8060020610985418,"[{'date': Timestamp('2026-03-31 00:00:00'), 'volume': np.int64(27217400)}, {'date': Timestamp('2025-06-30 00:00:00'), 'volume': np.int64(22790300)}]"
MAR,monthly,2026-03-31,35534300,61,4,4,False,0.16598840604081708,"[{'date': Timestamp('2026-03-31 00:00:00'), 'volume': np.int64(35534300)}, {'date': Timestamp('2025-12-31 00:00:00'), 'volume': np.int64(34338000)}, {'date': Timestamp('2025-10-31 00:00:00'), 'volume': np.int64(33373700)}, {'date': Timestamp('2025-06-30 00:00:00'), 'volume': np.int64(30836400)}]"
CRT,monthly,2026-03-31,1371500,61,5,5,False,0.7247793690218253,"[{'date': Timestamp('2026-03-31 00:00:00'), 'volume': np.int64(1371500)}, {'date': Timestamp('2025-11-30 00:00:00'), 'volume': np.int64(778600)}, {'date': Timestamp('2025-10-31 00:00:00'), 'volume': np.int64(684400)}, {'date': Timestamp('2025-09-30 00:00:00'), 'volume': np.int64(601100)}, {'date': Timestamp('2025-06-30 00:00:00'), 'volume': np.int64(521800)}]"
TROW,monthly,2026-03-31,61161100,61,4,4,False,0.9634916334008626,"[{'date': Timestamp('2026-03-31 00:00:00'), 'volume': np.int64(61161100)}, {'date': Timestamp('2025-12-31 00:00:00'), 'volume': np.int64(40144600)}, {'date': Timestamp('2025-07-31 00:00:00'), 'volume': np.int64(38636000)}, {'date': Timestamp('2025-06-30 00:00:00'), 'volume': np.int64(28010600)}]"
VBF,monthly,2026-03-31,1684200,61,7,7,True,1.0,"[{'date': Timestamp('2026-03-31 00:00:00'), 'volume': np.int64(1684200)}, {'date': Timestamp('2025-12-31 00:00:00'), 'volume': np.int64(1251400)}, {'date': Timestamp('2025-11-30 00:00:00'), 'volume': np.int64(1013500)}, {'date': Timestamp('2025-10-31 00:00:00'), 'volume': np.int64(989300)}, {'date': Timestamp('2025-08-31 00:00:00'), 'volume': np.int64(846300)}, {'date': Timestamp('2025-07-31 00:00:00'), 'volume': np.int64(748300)}, {'date': Timestamp('2025-06-30 00:00:00'), 'volume': np.int64(657700)}]"
GTY,monthly,2026-03-31,11426900,61,3,3,True,1.0,"[{'date': Timestamp('2026-03-31 00:00:00'), 'volume': np.int64(11426900)}, {'date': Timestamp('2025-07-31 00:00:00'), 'volume': np.int64(9454000)}, {'date': Timestamp('2025-06-30 00:00:00'), 'volume': np.int64(7328100)}]"
ACNT,monthly,2026-03-31,4315600,61,2,2,True,1.0,"[{'date': Timestamp('2026-03-31 00:00:00'), 'volume': np.int64(4315600)}, {'date': Timestamp('2025-06-30 00:00:00'), 'volume': np.int64(2777200)}]"
NWBI,monthly,2026-03-31,39469000,61,3,3,True,1.0,"[{'date': Timestamp('2026-03-31 00:00:00'), 'volume': np.int64(39469000)}, {'date': Timestamp('2025-07-31 00:00:00'), 'volume': np.int64(23822200)}, {'date': Timestamp('2025-06-30 00:00:00'), 'volume': np.int64(13086500)}]"
COCO,monthly,2026-03-31,34951200,61,4,4,True,1.0,"[{'date': Timestamp('2026-03-31 00:00:00'), 'volume': np.int64(34951200)}, {'date': Timestamp('2025-09-30 00:00:00'), 'volume': np.int64(26696800)}, {'date': Timestamp('2025-07-31 00:00:00'), 'volume': np.int64(16465700)}, {'date': Timestamp('2025-06-30 00:00:00'), 'volume': np.int64(11504500)}]"
EFXT,monthly,2026-03-31,16946300,61,3,3,True,1.0,"[{'date': Timestamp('2026-03-31 00:00:00'), 'volume': np.int64(16946300)}, {'date': Timestamp('2025-08-31 00:00:00'), 'volume': np.int64(12801900)}, {'date': Timestamp('2025-06-30 00:00:00'), 'volume': np.int64(6015300)}]"
SEM,monthly,2026-03-31,83528500,61,3,3,True,1.0,"[{'date': Timestamp('2026-03-31 00:00:00'), 'volume': np.int64(83528500)}, {'date': Timestamp('2025-10-31 00:00:00'), 'volume': np.int64(30411400)}, {'date': Timestamp('2025-06-30 00:00:00'), 'volume': np.int64(25928200)}]"
NODK,monthly,2026-03-31,558200,61,2,2,False,0.4339241293532338,"[{'date': Timestamp('2026-03-31 00:00:00'), 'volume': np.int64(558200)}, {'date': Timestamp('2025-06-30 00:00:00'), 'volume': np.int64(428000)}]"
AVBP,monthly,2026-03-31,13134200,61,3,3,True,1.0,"[{'date': Timestamp('2026-03-31 00:00:00'), 'volume': np.int64(13134200)}, {'date': Timestamp('2025-12-31 00:00:00'), 'volume': np.int64(10282000)}, {'date': Timestamp('2025-06-30 00:00:00'), 'volume': np.int64(9871300)}]"
XRAY,monthly,2026-03-31,103786000,61,5,5,True,1.0,"[{'date': Timestamp('2026-03-31 00:00:00'), 'volume': np.int64(103786000)}, {'date': Timestamp('2026-01-31 00:00:00'), 'volume': np.int64(83217400)}, {'date': Timestamp('2025-08-31 00:00:00'), 'volume': np.int64(82809800)}, {'date': Timestamp('2025-07-31 00:00:00'), 'volume': np.int64(62487200)}, {'date': Timestamp('2025-06-30 00:00:00'), 'volume': np.int64(44373600)}]"
KEP,monthly,2026-03-31,18681600,61,2,2,True,1.0,"[{'date': Timestamp('2026-03-31 00:00:00'), 'volume': np.int64(18681600)}, {'date': Timestamp('2025-06-30 00:00:00'), 'volume': np.int64(17368700)}]"
RUSHB,monthly,2026-03-31,1834500,61,2,2,True,1.0,"[{'date': Timestamp('2026-03-31 00:00:00'), 'volume': np.int64(1834500)}, {'date': Timestamp('2025-06-30 00:00:00'), 'volume': np.int64(1638700)}]"
NVT,monthly,2026-03-31,53914300,61,4,4,True,1.0,"[{'date': Timestamp('2026-03-31 00:00:00'), 'volume': np.int64(53914300)}, {'date': Timestamp('2025-10-31 00:00:00'), 'volume': np.int64(52139400)}, {'date': Timestamp('2025-07-31 00:00:00'), 'volume': np.int64(45295300)}, {'date': Timestamp('2025-06-30 00:00:00'), 'volume': np.int64(32735700)}]"
RITM,monthly,2026-03-31,361023600,61,7,7,False,0.9183913785730657,"[{'date': Timestamp('2026-03-31 00:00:00'), 'volume': np.int64(361023600)}, {'date': Timestamp('2026-01-31 00:00:00'), 'volume': np.int64(194329500)}, {'date': Timestamp('2025-10-31 00:00:00'), 'volume': np.int64(151914100)}, {'date': Timestamp('2025-09-30 00:00:00'), 'volume': np.int64(129936900)}, {'date': Timestamp('2025-08-31 00:00:00'), 'volume': np.int64(104895600)}, {'date': Timestamp('2025-07-31 00:00:00'), 'volume': np.int64(95834700)}, {'date': Timestamp('2025-06-30 00:00:00'), 'volume': np.int64(79868700)}]"
AVD,monthly,2026-03-31,11580700,61,3,3,False,0.792769665728818,"[{'date': Timestamp('2026-03-31 00:00:00'), 'volume': np.int64(11580700)}, {'date': Timestamp('2025-07-31 00:00:00'), 'volume': np.int64(5670000)}, {'date': Timestamp('2025-06-30 00:00:00'), 'volume': np.int64(4949900)}]"
ARI,monthly,2026-03-31,33873700,61,2,2,False,0.39663314329339333,"[{'date': Timestamp('2026-03-31 00:00:00'), 'volume': np.int64(33873700)}, {'date': Timestamp('2025-06-30 00:00:00'), 'volume': np.int64(29797300)}]"
TWO,monthly,2026-03-31,111697200,61,4,4,True,1.0,"[{'date': Timestamp('2026-03-31 00:00:00'), 'volume': np.int64(111697200)}, {'date': Timestamp('2025-12-31 00:00:00'), 'volume': np.int64(75793800)}, {'date': Timestamp('2025-07-31 00:00:00'), 'volume': np.int64(53307500)}, {'date': Timestamp('2025-06-30 00:00:00'), 'volume': np.int64(36211400)}]"
OCS,monthly,2026-03-31,8095500,61,5,5,True,1.0,"[{'date': Timestamp('2026-03-31 00:00:00'), 'volume': np.int64(8095500)}, {'date': Timestamp('2026-01-31 00:00:00'), 'volume': np.int64(6121700)}, {'date': Timestamp('2025-12-31 00:00:00'), 'volume': np.int64(2351600)}, {'date': Timestamp('2025-10-31 00:00:00'), 'volume': np.int64(2324900)}, {'date': Timestamp('2025-06-30 00:00:00'), 'volume': np.int64(552900)}]"
WHR,monthly,2026-03-31,68031200,61,3,3,True,1.0,"[{'date': Timestamp('2026-03-31 00:00:00'), 'volume': np.int64(68031200)}, {'date': Timestamp('2025-07-31 00:00:00'), 'volume': np.int64(48696200)}, {'date': Timestamp('2025-06-30 00:00:00'), 'volume': np.int64(26894200)}]"
STEP,monthly,2026-03-31,27907100,61,4,4,True,1.0,"[{'date': Timestamp('2026-03-31 00:00:00'), 'volume': np.int64(27907100)}, {'date': Timestamp('2025-09-30 00:00:00'), 'volume': np.int64(15184600)}, {'date': Timestamp('2025-08-31 00:00:00'), 'volume': np.int64(13906600)}, {'date': Timestamp('2025-06-30 00:00:00'), 'volume': np.int64(11989000)}]"
CMP,monthly,2026-03-31,14196400,61,2,2,False,0.38657324833826656,"[{'date': Timestamp('2026-03-31 00:00:00'), 'volume': np.int64(14196400)}, {'date': Timestamp('2025-06-30 00:00:00'), 'volume': np.int64(14161900)}]"
EMD,monthly,2026-03-31,6062100,61,7,7,False,0.40928056388236245,"[{'date': Timestamp('2026-03-31 00:00:00'), 'volume': np.int64(6062100)}, {'date': Timestamp('2026-01-31 00:00:00'), 'volume': np.int64(5131400)}, {'date': Timestamp('2025-12-31 00:00:00'), 'volume': np.int64(4933400)}, {'date': Timestamp('2025-11-30 00:00:00'), 'volume': np.int64(4246200)}, {'date': Timestamp('2025-09-30 00:00:00'), 'volume': np.int64(4141900)}, {'date': Timestamp('2025-07-31 00:00:00'), 'volume': np.int64(3963800)}, {'date': Timestamp('2025-06-30 00:00:00'), 'volume': np.int64(3202400)}]"
NHC,monthly,2026-03-31,2786000,61,4,4,False,0.46866851711666246,"[{'date': Timestamp('2026-03-31 00:00:00'), 'volume': np.int64(2786000)}, {'date': Timestamp('2025-12-31 00:00:00'), 'volume': np.int64(1954300)}, {'date': Timestamp('2025-09-30 00:00:00'), 'volume': np.int64(1794600)}, {'date': Timestamp('2025-06-30 00:00:00'), 'volume': np.int64(1655200)}]"
AWI,monthly,2026-03-31,14156500,61,4,4,False,0.729648795472585,"[{'date': Timestamp('2026-03-31 00:00:00'), 'volume': np.int64(14156500)}, {'date': Timestamp('2026-01-31 00:00:00'), 'volume': np.int64(10630500)}, {'date': Timestamp('2025-07-31 00:00:00'), 'volume': np.int64(8439300)}, {'date': Timestamp('2025-06-30 00:00:00'), 'volume': np.int64(5982000)}]"
AX,monthly,2026-03-31,8876700,61,3,3,False,0.4065111763439777,"[{'date': Timestamp('2026-03-31 00:00:00'), 'volume': np.int64(8876700)}, {'date': Timestamp('2025-07-31 00:00:00'), 'volume': np.int64(8466700)}, {'date': Timestamp('2025-06-30 00:00:00'), 'volume': np.int64(6946500)}]"
SHEL,monthly,2026-03-31,184595860,61,3,3,False,0.6351861554390781,"[{'date': Timestamp('2026-03-31 00:00:00'), 'volume': np.int64(184595860)}, {'date': Timestamp('2026-01-31 00:00:00'), 'volume': np.int64(123334753)}, {'date': Timestamp('2025-06-30 00:00:00'), 'volume': np.int64(109219191)}]"
EVV,monthly,2026-03-31,9225500,61,6,6,False,0.47678727395823106,"[{'date': Timestamp('2026-03-31 00:00:00'), 'volume': np.int64(9225500)}, {'date': Timestamp('2025-12-31 00:00:00'), 'volume': np.int64(8402500)}, {'date': Timestamp('2025-09-30 00:00:00'), 'volume': np.int64(6213600)}, {'date': Timestamp('2025-08-31 00:00:00'), 'volume': np.int64(6137500)}, {'date': Timestamp('2025-07-31 00:00:00'), 'volume': np.int64(5751400)}, {'date': Timestamp('2025-06-30 00:00:00'), 'volume': np.int64(3612400)}]"
GLW,monthly,2026-03-31,297266400,61,4,4,True,1.0,"[{'date': Timestamp('2026-03-31 00:00:00'), 'volume': np.int64(297266400)}, {'date': Timestamp('2025-09-30 00:00:00'), 'volume': np.int64(213911400)}, {'date': Timestamp('2025-07-31 00:00:00'), 'volume': np.int64(112423800)}, {'date': Timestamp('2025-06-30 00:00:00'), 'volume': np.int64(82013300)}]"
JRI,monthly,2026-03-31,6308900,61,5,5,True,1.0,"[{'date': Timestamp('2026-03-31 00:00:00'), 'volume': np.int64(6308900)}, {'date': Timestamp('2026-01-31 00:00:00'), 'volume': np.int64(4817991)}, {'date': Timestamp('2025-09-30 00:00:00'), 'volume': np.int64(3160700)}, {'date': Timestamp('2025-07-31 00:00:00'), 'volume': np.int64(3123100)}, {'date': Timestamp('2025-06-30 00:00:00'), 'volume': np.int64(2385200)}]"
EL,monthly,2026-03-31,120529000,61,2,2,True,1.0,"[{'date': Timestamp('2026-03-31 00:00:00'), 'volume': np.int64(120529000)}, {'date': Timestamp('2025-06-30 00:00:00'), 'volume': np.int64(92347100)}]"
IOT,monthly,2026-03-31,193764600,61,2,2,True,1.0,"[{'date': Timestamp('2026-03-31 00:00:00'), 'volume': np.int64(193764600)}, {'date': Timestamp('2025-06-30 00:00:00'), 'volume': np.int64(180927500)}]"
CION,monthly,2026-03-31,18123200,61,3,3,True,1.0,"[{'date': Timestamp('2026-03-31 00:00:00'), 'volume': np.int64(18123200)}, {'date': Timestamp('2025-12-31 00:00:00'), 'volume': np.int64(9410600)}, {'date': Timestamp('2025-06-30 00:00:00'), 'volume': np.int64(7606500)}]"
BKV,monthly,2026-03-31,29431000,61,6,6,True,1.0,"[{'date': Timestamp('2026-03-31 00:00:00'), 'volume': np.int64(29431000)}, {'date': Timestamp('2025-12-31 00:00:00'), 'volume': np.int64(23897600)}, {'date': Timestamp('2025-11-30 00:00:00'), 'volume': np.int64(16349100)}, {'date': Timestamp('2025-10-31 00:00:00'), 'volume': np.int64(12025600)}, {'date': Timestamp('2025-07-31 00:00:00'), 'volume': np.int64(9125100)}, {'date': Timestamp('2025-06-30 00:00:00'), 'volume': np.int64(8328000)}]"
CTAS,monthly,2026-03-31,59806800,61,6,6,False,0.5043310194086337,"[{'date': Timestamp('2026-03-31 00:00:00'), 'volume': np.int64(59806800)}, {'date': Timestamp('2025-10-31 00:00:00'), 'volume': np.int64(47809400)}, {'date': Timestamp('2025-09-30 00:00:00'), 'volume': np.int64(45841400)}, {'date': Timestamp('2025-08-31 00:00:00'), 'volume': np.int64(35562600)}, {'date': Timestamp('2025-07-31 00:00:00'), 'volume': np.int64(32437100)}, {'date': Timestamp('2025-06-30 00:00:00'), 'volume': np.int64(28316000)}]"
EE,monthly,2026-03-31,13066500,61,5,5,False,0.4255495847581827,"[{'date': Timestamp('2026-03-31 00:00:00'), 'volume': np.int64(13066500)}, {'date': Timestamp('2025-10-31 00:00:00'), 'volume': np.int64(11615900)}, {'date': Timestamp('2025-08-31 00:00:00'), 'volume': np.int64(10977400)}, {'date': Timestamp('2025-07-31 00:00:00'), 'volume': np.int64(10426800)}, {'date': Timestamp('2025-06-30 00:00:00'), 'volume': np.int64(8600700)}]"
AJG,monthly,2026-03-31,50071900,61,5,5,False,0.8174216687698654,"[{'date': Timestamp('2026-03-31 00:00:00'), 'volume': np.int64(50071900)}, {'date': Timestamp('2026-01-31 00:00:00'), 'volume': np.int64(41076900)}, {'date': Timestamp('2025-10-31 00:00:00'), 'volume': np.int64(38032600)}, {'date': Timestamp('2025-08-31 00:00:00'), 'volume': np.int64(32377600)}, {'date': Timestamp('2025-06-30 00:00:00'), 'volume': np.int64(31041700)}]"
TDC,monthly,2026-03-31,43935500,61,4,4,False,0.5049848512015594,"[{'date': Timestamp('2026-03-31 00:00:00'), 'volume': np.int64(43935500)}, {'date': Timestamp('2025-11-30 00:00:00'), 'volume': np.int64(38355600)}, {'date': Timestamp('2025-10-31 00:00:00'), 'volume': np.int64(29610700)}, {'date': Timestamp('2025-06-30 00:00:00'), 'volume': np.int64(22917600)}]"
TRMB,monthly,2026-03-31,42322400,61,4,4,False,0.512940343766892,"[{'date': Timestamp('2026-03-31 00:00:00'), 'volume': np.int64(42322400)}, {'date': Timestamp('2026-01-31 00:00:00'), 'volume': np.int64(40445500)}, {'date': Timestamp('2025-07-31 00:00:00'), 'volume': np.int64(38765800)}, {'date': Timestamp('2025-06-30 00:00:00'), 'volume': np.int64(25967800)}]"
GLRE,monthly,2026-03-31,5156800,61,4,4,False,0.6189818871457551,"[{'date': Timestamp('2026-03-31 00:00:00'), 'volume': np.int64(5156800)}, {'date': Timestamp('2025-12-31 00:00:00'), 'volume': np.int64(4449000)}, {'date': Timestamp('2025-09-30 00:00:00'), 'volume': np.int64(3661100)}, {'date': Timestamp('2025-06-30 00:00:00'), 'volume': np.int64(3383100)}]"
ADSK,monthly,2026-03-31,45443200,61,4,4,False,0.6130766075938437,"[{'date': Timestamp('2026-03-31 00:00:00'), 'volume': np.int64(45443200)}, {'date': Timestamp('2026-01-31 00:00:00'), 'volume': np.int64(40419000)}, {'date': Timestamp('2025-07-31 00:00:00'), 'volume': np.int64(38613300)}, {'date': Timestamp('2025-06-30 00:00:00'), 'volume': np.int64(26608300)}]"
NGVT,monthly,2026-03-31,8798400,61,4,4,False,0.5095411558263307,"[{'date': Timestamp('2026-03-31 00:00:00'), 'volume': np.int64(8798400)}, {'date': Timestamp('2025-08-31 00:00:00'), 'volume': np.int64(7528300)}, {'date': Timestamp('2025-07-31 00:00:00'), 'volume': np.int64(4386900)}, {'date': Timestamp('2025-06-30 00:00:00'), 'volume': np.int64(4112300)}]"
BMBL,monthly,2026-03-31,136590000,61,3,3,True,1.0,"[{'date': Timestamp('2026-03-31 00:00:00'), 'volume': np.int64(136590000)}, {'date': Timestamp('2025-08-31 00:00:00'), 'volume': np.int64(97170300)}, {'date': Timestamp('2025-06-30 00:00:00'), 'volume': np.int64(63258100)}]"
PYT,monthly,2026-03-31,22700,61,6,6,False,0.21911196911196912,"[{'date': Timestamp('2026-03-31 00:00:00'), 'volume': np.int64(22700)}, {'date': Timestamp('2025-10-31 00:00:00'), 'volume': np.int64(21800)}, {'date': Timestamp('2025-09-30 00:00:00'), 'volume': np.int64(15300)}, {'date': Timestamp('2025-08-31 00:00:00'), 'volume': np.int64(14000)}, {'date': Timestamp('2025-07-31 00:00:00'), 'volume': np.int64(4100)}, {'date': Timestamp('2025-06-30 00:00:00'), 'volume': np.int64(1700)}]"
DC,monthly,2026-03-31,45353700,61,7,7,True,1.0,"[{'date': Timestamp('2026-03-31 00:00:00'), 'volume': np.int64(45353700)}, {'date': Timestamp('2026-01-31 00:00:00'), 'volume': np.int64(32848100)}, {'date': Timestamp('2025-12-31 00:00:00'), 'volume': np.int64(31057500)}, {'date': Timestamp('2025-10-31 00:00:00'), 'volume': np.int64(29269100)}, {'date': Timestamp('2025-09-30 00:00:00'), 'volume': np.int64(28022500)}, {'date': Timestamp('2025-07-31 00:00:00'), 'volume': np.int64(16321700)}, {'date': Timestamp('2025-06-30 00:00:00'), 'volume': np.int64(16195700)}]"
VLRS,monthly,2026-03-31,22048800,61,3,3,False,0.5866242394089273,"[{'date': Timestamp('2026-03-31 00:00:00'), 'volume': np.int64(22048800)}, {'date': Timestamp('2025-07-31 00:00:00'), 'volume': np.int64(20377100)}, {'date': Timestamp('2025-06-30 00:00:00'), 'volume': np.int64(16706300)}]"
Z,monthly,2026-03-31,95512000,61,5,5,False,0.3519786082856042,"[{'date': Timestamp('2026-03-31 00:00:00'), 'volume': np.int64(95512000)}, {'date': Timestamp('2025-10-31 00:00:00'), 'volume': np.int64(67599200)}, {'date': Timestamp('2025-08-31 00:00:00'), 'volume': np.int64(64724800)}, {'date': Timestamp('2025-07-31 00:00:00'), 'volume': np.int64(52185400)}, {'date': Timestamp('2025-06-30 00:00:00'), 'volume': np.int64(32597500)}]"
CBRE,monthly,2026-03-31,50163200,61,4,4,False,0.745805853072536,"[{'date': Timestamp('2026-03-31 00:00:00'), 'volume': np.int64(50163200)}, {'date': Timestamp('2025-10-31 00:00:00'), 'volume': np.int64(35233600)}, {'date': Timestamp('2025-07-31 00:00:00'), 'volume': np.int64(34401700)}, {'date': Timestamp('2025-06-30 00:00:00'), 'volume': np.int64(30212700)}]"
ZG,monthly,2026-03-31,25193500,61,6,6,False,0.5028913733873881,"[{'date': Timestamp('2026-03-31 00:00:00'), 'volume': np.int64(25193500)}, {'date': Timestamp('2025-12-31 00:00:00'), 'volume': np.int64(18094100)}, {'date': Timestamp('2025-09-30 00:00:00'), 'volume': np.int64(14575300)}, {'date': Timestamp('2025-08-31 00:00:00'), 'volume': np.int64(12985000)}, {'date': Timestamp('2025-07-31 00:00:00'), 'volume': np.int64(11712000)}, {'date': Timestamp('2025-06-30 00:00:00'), 'volume': np.int64(8577200)}]"
KNOP,monthly,2026-03-31,3436500,61,5,5,False,0.23386141848025804,"[{'date': Timestamp('2026-03-31 00:00:00'), 'volume': np.int64(3436500)}, {'date': Timestamp('2025-11-30 00:00:00'), 'volume': np.int64(3414600)}, {'date': Timestamp('2025-09-30 00:00:00'), 'volume': np.int64(2195800)}, {'date': Timestamp('2025-07-31 00:00:00'), 'volume': np.int64(1544000)}, {'date': Timestamp('2025-06-30 00:00:00'), 'volume': np.int64(1023100)}]"
UNMA,monthly,2026-03-31,925100,61,3,3,False,0.8428389212827988,"[{'date': Timestamp('2026-03-31 00:00:00'), 'volume': np.int64(925100)}, {'date': Timestamp('2025-12-31 00:00:00'), 'volume': np.int64(759800)}, {'date': Timestamp('2025-06-30 00:00:00'), 'volume': np.int64(529000)}]"
CVX,monthly,2026-03-31,333913500,61,3,3,False,0.6330464169770156,"[{'date': Timestamp('2026-03-31 00:00:00'), 'volume': np.int64(333913500)}, {'date': Timestamp('2025-07-31 00:00:00'), 'volume': np.int64(267343800)}, {'date': Timestamp('2025-06-30 00:00:00'), 'volume': np.int64(194422500)}]"
UNM,monthly,2026-03-31,44267700,61,4,4,False,0.4040262343200105,"[{'date': Timestamp('2026-03-31 00:00:00'), 'volume': np.int64(44267700)}, {'date': Timestamp('2025-09-30 00:00:00'), 'volume': np.int64(35142900)}, {'date': Timestamp('2025-07-31 00:00:00'), 'volume': np.int64(33898400)}, {'date': Timestamp('2025-06-30 00:00:00'), 'volume': np.int64(26094600)}]"
TNK,monthly,2026-03-31,13471100,61,3,3,False,0.31695661789964563,"[{'date': Timestamp('2026-03-31 00:00:00'), 'volume': np.int64(13471100)}, {'date': Timestamp('2025-08-31 00:00:00'), 'volume': np.int64(13192500)}, {'date': Timestamp('2025-06-30 00:00:00'), 'volume': np.int64(11818100)}]"
DHT,monthly,2026-03-31,140908900,61,5,5,False,0.9195182002856918,"[{'date': Timestamp('2026-03-31 00:00:00'), 'volume': np.int64(140908900)}, {'date': Timestamp('2026-01-31 00:00:00'), 'volume': np.int64(51823800)}, {'date': Timestamp('2025-10-31 00:00:00'), 'volume': np.int64(44695000)}, {'date': Timestamp('2025-09-30 00:00:00'), 'volume': np.int64(42300100)}, {'date': Timestamp('2025-06-30 00:00:00'), 'volume': np.int64(40728600)}]"
IIM,monthly,2026-03-31,4213800,61,5,5,False,0.3463074672496261,"[{'date': Timestamp('2026-03-31 00:00:00'), 'volume': np.int64(4213800)}, {'date': Timestamp('2025-12-31 00:00:00'), 'volume': np.int64(3535700)}, {'date': Timestamp('2025-08-31 00:00:00'), 'volume': np.int64(3232100)}, {'date': Timestamp('2025-07-31 00:00:00'), 'volume': np.int64(3220400)}, {'date': Timestamp('2025-06-30 00:00:00'), 'volume': np.int64(2397900)}]"
IMO,monthly,2026-03-31,21417500,61,5,5,False,0.6542211660058527,"[{'date': Timestamp('2026-03-31 00:00:00'), 'volume': np.int64(21417500)}, {'date': Timestamp('2026-01-31 00:00:00'), 'volume': np.int64(15920200)}, {'date': Timestamp('2025-12-31 00:00:00'), 'volume': np.int64(11501200)}, {'date': Timestamp('2025-10-31 00:00:00'), 'volume': np.int64(10984500)}, {'date': Timestamp('2025-06-30 00:00:00'), 'volume': np.int64(9165100)}]"
HEQ,monthly,2026-03-31,1186900,61,6,6,False,0.5527149110552296,"[{'date': Timestamp('2026-03-31 00:00:00'), 'volume': np.int64(1186900)}, {'date': Timestamp('2025-12-31 00:00:00'), 'volume': np.int64(1147200)}, {'date': Timestamp('2025-10-31 00:00:00'), 'volume': np.int64(901900)}, {'date': Timestamp('2025-09-30 00:00:00'), 'volume': np.int64(687800)}, {'date': Timestamp('2025-07-31 00:00:00'), 'volume': np.int64(533700)}, {'date': Timestamp('2025-06-30 00:00:00'), 'volume': np.int64(468000)}]"
BGX,monthly,2026-03-31,2579500,61,6,6,False,0.7763965807849748,"[{'date': Timestamp('2026-03-31 00:00:00'), 'volume': np.int64(2579500)}, {'date': Timestamp('2025-10-31 00:00:00'), 'volume': np.int64(2034000)}, {'date': Timestamp('2025-09-30 00:00:00'), 'volume': np.int64(1732100)}, {'date': Timestamp('2025-08-31 00:00:00'), 'volume': np.int64(1468400)}, {'date': Timestamp('2025-07-31 00:00:00'), 'volume': np.int64(1415800)}, {'date': Timestamp('2025-06-30 00:00:00'), 'volume': np.int64(1300200)}]"
INVH,monthly,2026-03-31,163385500,61,8,8,False,0.7028321832791107,"[{'date': Timestamp('2026-03-31 00:00:00'), 'volume': np.int64(163385500)}, {'date': Timestamp('2026-01-31 00:00:00'), 'volume': np.int64(154142700)}, {'date': Timestamp('2025-12-31 00:00:00'), 'volume': np.int64(115036900)}, {'date': Timestamp('2025-10-31 00:00:00'), 'volume': np.int64(114054700)}, {'date': Timestamp('2025-09-30 00:00:00'), 'volume': np.int64(97015900)}, {'date': Timestamp('2025-08-31 00:00:00'), 'volume': np.int64(76891800)}, {'date': Timestamp('2025-07-31 00:00:00'), 'volume': np.int64(74078200)}, {'date': Timestamp('2025-06-30 00:00:00'), 'volume': np.int64(71062200)}]"
AHCO,monthly,2026-03-31,37562900,61,2,2,False,0.5567026657715057,"[{'date': Timestamp('2026-03-31 00:00:00'), 'volume': np.int64(37562900)}, {'date': Timestamp('2025-06-30 00:00:00'), 'volume': np.int64(29438200)}]"
PAX,monthly,2026-03-31,20412900,61,4,4,False,0.8213091602592731,"[{'date': Timestamp('2026-03-31 00:00:00'), 'volume': np.int64(20412900)}, {'date': Timestamp('2026-01-31 00:00:00'), 'volume': np.int64(17177900)}, {'date': Timestamp('2025-09-30 00:00:00'), 'volume': np.int64(13154200)}, {'date': Timestamp('2025-06-30 00:00:00'), 'volume': np.int64(12481700)}]"
MS,monthly,2026-03-31,163476800,61,5,5,False,0.28114104775759485,"[{'date': Timestamp('2026-03-31 00:00:00'), 'volume': np.int64(163476800)}, {'date': Timestamp('2026-01-31 00:00:00'), 'volume': np.int64(141514600)}, {'date': Timestamp('2025-10-31 00:00:00'), 'volume': np.int64(133071000)}, {'date': Timestamp('2025-07-31 00:00:00'), 'volume': np.int64(123655300)}, {'date': Timestamp('2025-06-30 00:00:00'), 'volume': np.int64(109114900)}]"
KMT,monthly,2026-03-31,36319900,61,3,3,False,0.9835781001616734,"[{'date': Timestamp('2026-03-31 00:00:00'), 'volume': np.int64(36319900)}, {'date': Timestamp('2025-08-31 00:00:00'), 'volume': np.int64(31850900)}, {'date': Timestamp('2025-06-30 00:00:00'), 'volume': np.int64(23619300)}]"
SMFG,monthly,2026-03-31,53304100,61,4,4,False,0.5046293578919665,"[{'date': Timestamp('2026-03-31 00:00:00'), 'volume': np.int64(53304100)}, {'date': Timestamp('2025-10-31 00:00:00'), 'volume': np.int64(51136000)}, {'date': Timestamp('2025-07-31 00:00:00'), 'volume': np.int64(50301000)}, {'date': Timestamp('2025-06-30 00:00:00'), 'volume': np.int64(31627200)}]"
CARG,monthly,2026-03-31,29988900,61,3,3,False,0.5073989225625686,"[{'date': Timestamp('2026-03-31 00:00:00'), 'volume': np.int64(29988900)}, {'date': Timestamp('2025-08-31 00:00:00'), 'volume': np.int64(26219200)}, {'date': Timestamp('2025-06-30 00:00:00'), 'volume': np.int64(17130700)}]"
NOV,monthly,2026-03-31,113131400,61,4,4,False,0.5987077640528939,"[{'date': Timestamp('2026-03-31 00:00:00'), 'volume': np.int64(113131400)}, {'date': Timestamp('2025-10-31 00:00:00'), 'volume': np.int64(98843500)}, {'date': Timestamp('2025-07-31 00:00:00'), 'volume': np.int64(92642400)}, {'date': Timestamp('2025-06-30 00:00:00'), 'volume': np.int64(90581800)}]"
TATT,monthly,2026-03-31,5130700,61,2,2,False,0.12106303857443536,"[{'date': Timestamp('2026-03-31 00:00:00'), 'volume': np.int64(5130700)}, {'date': Timestamp('2025-06-30 00:00:00'), 'volume': np.int64(5048500)}]"
BOX,monthly,2026-03-31,63024600,61,5,5,False,0.5687940586928799,"[{'date': Timestamp('2026-03-31 00:00:00'), 'volume': np.int64(63024600)}, {'date': Timestamp('2026-01-31 00:00:00'), 'volume': np.int64(52865300)}, {'date': Timestamp('2025-12-31 00:00:00'), 'volume': np.int64(51235100)}, {'date': Timestamp('2025-08-31 00:00:00'), 'volume': np.int64(45068600)}, {'date': Timestamp('2025-06-30 00:00:00'), 'volume': np.int64(44946400)}]"
NBHC,monthly,2026-03-31,16463700,61,6,6,True,1.0,"[{'date': Timestamp('2026-03-31 00:00:00'), 'volume': np.int64(16463700)}, {'date': Timestamp('2026-01-31 00:00:00'), 'volume': np.int64(9404400)}, {'date': Timestamp('2025-09-30 00:00:00'), 'volume': np.int64(8032800)}, {'date': Timestamp('2025-08-31 00:00:00'), 'volume': np.int64(6934700)}, {'date': Timestamp('2025-07-31 00:00:00'), 'volume': np.int64(6442300)}, {'date': Timestamp('2025-06-30 00:00:00'), 'volume': np.int64(4565000)}]"
INVX,monthly,2026-03-31,14911600,61,2,2,True,1.0,"[{'date': Timestamp('2026-03-31 00:00:00'), 'volume': np.int64(14911600)}, {'date': Timestamp('2025-06-30 00:00:00'), 'volume': np.int64(9264600)}]"
SBS,monthly,2026-03-31,184679500,61,5,5,True,1.0,"[{'date': Timestamp('2026-03-31 00:00:00'), 'volume': np.int64(184679500)}, {'date': Timestamp('2026-01-31 00:00:00'), 'volume': np.int64(26263200)}, {'date': Timestamp('2025-12-31 00:00:00'), 'volume': np.int64(25343500)}, {'date': Timestamp('2025-07-31 00:00:00'), 'volume': np.int64(25021000)}, {'date': Timestamp('2025-06-30 00:00:00'), 'volume': np.int64(17431000)}]"
TLK,monthly,2026-03-31,18916500,61,3,3,False,0.8955828046586497,"[{'date': Timestamp('2026-03-31 00:00:00'), 'volume': np.int64(18916500)}, {'date': Timestamp('2025-08-31 00:00:00'), 'volume': np.int64(18054800)}, {'date': Timestamp('2025-06-30 00:00:00'), 'volume': np.int64(12676400)}]"
SWKHL,monthly,2026-03-31,133100,61,4,4,False,0.29355977062196736,"[{'date': Timestamp('2026-03-31 00:00:00'), 'volume': np.int64(133100)}, {'date': Timestamp('2025-09-30 00:00:00'), 'volume': np.int64(112600)}, {'date': Timestamp('2025-08-31 00:00:00'), 'volume': np.int64(63200)}, {'date': Timestamp('2025-06-30 00:00:00'), 'volume': np.int64(55800)}]"
PDPA,monthly,2026-03-31,56200,61,3,3,False,0.24498692240627726,"[{'date': Timestamp('2026-03-31 00:00:00'), 'volume': np.int64(56200)}, {'date': Timestamp('2025-08-31 00:00:00'), 'volume': np.int64(47600)}, {'date': Timestamp('2025-06-30 00:00:00'), 'volume': np.int64(47200)}]"
NHI,monthly,2026-03-31,7798200,61,2,2,False,0.5425929404888639,"[{'date': Timestamp('2026-03-31 00:00:00'), 'volume': np.int64(7798200)}, {'date': Timestamp('2025-06-30 00:00:00'), 'volume': np.int64(6960500)}]"
KEYS,monthly,2026-03-31,34901600,61,6,6,False,0.6213023966219788,"[{'date': Timestamp('2026-03-31 00:00:00'), 'volume': np.int64(34901600)}, {'date': Timestamp('2025-11-30 00:00:00'), 'volume': np.int64(28085100)}, {'date': Timestamp('2025-10-31 00:00:00'), 'volume': np.int64(26456600)}, {'date': Timestamp('2025-08-31 00:00:00'), 'volume': np.int64(21860500)}, {'date': Timestamp('2025-07-31 00:00:00'), 'volume': np.int64(16803300)}, {'date': Timestamp('2025-06-30 00:00:00'), 'volume': np.int64(16366300)}]"
NXRT,monthly,2026-03-31,5367000,61,5,5,False,0.5493684361373268,"[{'date': Timestamp('2026-03-31 00:00:00'), 'volume': np.int64(5367000)}, {'date': Timestamp('2025-12-31 00:00:00'), 'volume': np.int64(4967000)}, {'date': Timestamp('2025-08-31 00:00:00'), 'volume': np.int64(3855500)}, {'date': Timestamp('2025-07-31 00:00:00'), 'volume': np.int64(3727600)}, {'date': Timestamp('2025-06-30 00:00:00'), 'volume': np.int64(3553500)}]"
SSNC,monthly,2026-03-31,61710800,61,4,4,False,0.8820490830867744,"[{'date': Timestamp('2026-03-31 00:00:00'), 'volume': np.int64(61710800)}, {'date': Timestamp('2025-10-31 00:00:00'), 'volume': np.int64(35556900)}, {'date': Timestamp('2025-07-31 00:00:00'), 'volume': np.int64(26884500)}, {'date': Timestamp('2025-06-30 00:00:00'), 'volume': np.int64(19630100)}]"
YORW,monthly,2026-03-31,4294200,61,4,4,True,1.0,"[{'date': Timestamp('2026-03-31 00:00:00'), 'volume': np.int64(4294200)}, {'date': Timestamp('2025-08-31 00:00:00'), 'volume': np.int64(2533400)}, {'date': Timestamp('2025-07-31 00:00:00'), 'volume': np.int64(2021500)}, {'date': Timestamp('2025-06-30 00:00:00'), 'volume': np.int64(1839900)}]"
AVBH,monthly,2026-03-31,2365000,61,5,5,True,1.0,"[{'date': Timestamp('2026-03-31 00:00:00'), 'volume': np.int64(2365000)}, {'date': Timestamp('2025-12-31 00:00:00'), 'volume': np.int64(1555500)}, {'date': Timestamp('2025-08-31 00:00:00'), 'volume': np.int64(1361000)}, {'date': Timestamp('2025-07-31 00:00:00'), 'volume': np.int64(86200)}, {'date': Timestamp('2025-06-30 00:00:00'), 'volume': np.int64(21100)}]"
LAZ,monthly,2026-03-31,37455400,61,3,3,True,1.0,"[{'date': Timestamp('2026-03-31 00:00:00'), 'volume': np.int64(37455400)}, {'date': Timestamp('2025-07-31 00:00:00'), 'volume': np.int64(23457000)}, {'date': Timestamp('2025-06-30 00:00:00'), 'volume': np.int64(18907400)}]"
HTO,monthly,2026-03-31,17374800,61,5,5,True,1.0,"[{'date': Timestamp('2026-03-31 00:00:00'), 'volume': np.int64(17374800)}, {'date': Timestamp('2025-12-31 00:00:00'), 'volume': np.int64(9119000)}, {'date': Timestamp('2025-10-31 00:00:00'), 'volume': np.int64(7328700)}, {'date': Timestamp('2025-07-31 00:00:00'), 'volume': np.int64(5665000)}, {'date': Timestamp('2025-06-30 00:00:00'), 'volume': np.int64(4463500)}]"
MKC-V,monthly,2026-03-31,164400,61,5,5,True,1.0,"[{'date': Timestamp('2026-03-31 00:00:00'), 'volume': np.int64(164400)}, {'date': Timestamp('2026-01-31 00:00:00'), 'volume': np.int64(101700)}, {'date': Timestamp('2025-12-31 00:00:00'), 'volume': np.int64(99500)}, {'date': Timestamp('2025-07-31 00:00:00'), 'volume': np.int64(94300)}, {'date': Timestamp('2025-06-30 00:00:00'), 'volume': np.int64(85900)}]"
FCBC,monthly,2026-03-31,2015700,61,2,2,True,1.0,"[{'date': Timestamp('2026-03-31 00:00:00'), 'volume': np.int64(2015700)}, {'date': Timestamp('2025-06-30 00:00:00'), 'volume': np.int64(1504900)}]"
WIX,monthly,2026-03-31,69074100,61,4,4,True,1.0,"[{'date': Timestamp('2026-03-31 00:00:00'), 'volume': np.int64(69074100)}, {'date': Timestamp('2025-09-30 00:00:00'), 'volume': np.int64(47364900)}, {'date': Timestamp('2025-08-31 00:00:00'), 'volume': np.int64(34654200)}, {'date': Timestamp('2025-06-30 00:00:00'), 'volume': np.int64(20291400)}]"
DFH,monthly,2026-03-31,18506200,61,2,2,True,1.0,"[{'date': Timestamp('2026-03-31 00:00:00'), 'volume': np.int64(18506200)}, {'date': Timestamp('2025-06-30 00:00:00'), 'volume': np.int64(11048200)}]"
STN,monthly,2026-03-31,7216200,61,6,6,True,1.0,"[{'date': Timestamp('2026-03-31 00:00:00'), 'volume': np.int64(7216200)}, {'date': Timestamp('2025-12-31 00:00:00'), 'volume': np.int64(6486400)}, {'date': Timestamp('2025-11-30 00:00:00'), 'volume': np.int64(4512600)}, {'date': Timestamp('2025-09-30 00:00:00'), 'volume': np.int64(4245300)}, {'date': Timestamp('2025-08-31 00:00:00'), 'volume': np.int64(4232400)}, {'date': Timestamp('2025-06-30 00:00:00'), 'volume': np.int64(3636800)}]"
NBTB,monthly,2026-03-31,5655600,61,4,4,False,0.8223097837940009,"[{'date': Timestamp('2026-03-31 00:00:00'), 'volume': np.int64(5655600)}, {'date': Timestamp('2025-12-31 00:00:00'), 'volume': np.int64(5209500)}, {'date': Timestamp('2025-07-31 00:00:00'), 'volume': np.int64(4705900)}, {'date': Timestamp('2025-06-30 00:00:00'), 'volume': np.int64(4461900)}]"
HMC,monthly,2026-03-31,41275300,61,3,3,False,0.9110077184029947,"[{'date': Timestamp('2026-03-31 00:00:00'), 'volume': np.int64(41275300)}, {'date': Timestamp('2025-07-31 00:00:00'), 'volume': np.int64(27601100)}, {'date': Timestamp('2025-06-30 00:00:00'), 'volume': np.int64(16976200)}]"
IMKTA,monthly,2026-03-31,3025100,61,3,3,False,0.6431046578371139,"[{'date': Timestamp('2026-03-31 00:00:00'), 'volume': np.int64(3025100)}, {'date': Timestamp('2025-08-31 00:00:00'), 'volume': np.int64(2718500)}, {'date': Timestamp('2025-06-30 00:00:00'), 'volume': np.int64(2438800)}]"
ISD,monthly,2026-03-31,2485000,61,3,3,False,0.24446149608468107,"[{'date': Timestamp('2026-03-31 00:00:00'), 'volume': np.int64(2485000)}, {'date': Timestamp('2025-10-31 00:00:00'), 'volume': np.int64(2322700)}, {'date': Timestamp('2025-06-30 00:00:00'), 'volume': np.int64(2151800)}]"
FMNB,monthly,2026-03-31,11047100,61,4,4,True,1.0,"[{'date': Timestamp('2026-03-31 00:00:00'), 'volume': np.int64(11047100)}, {'date': Timestamp('2026-01-31 00:00:00'), 'volume': np.int64(5612300)}, {'date': Timestamp('2025-10-31 00:00:00'), 'volume': np.int64(3752900)}, {'date': Timestamp('2025-06-30 00:00:00'), 'volume': np.int64(2281300)}]"
TSI,monthly,2026-03-31,5946900,61,3,3,False,0.7192583543982294,"[{'date': Timestamp('2026-03-31 00:00:00'), 'volume': np.int64(5946900)}, {'date': Timestamp('2026-02-28 00:00:00'), 'volume': np.int64(2290800)}, {'date': Timestamp('2025-06-30 00:00:00'), 'volume': np.int64(1938700)}]"
DINO,monthly,2026-03-31,70980900,61,4,4,False,0.6829874017460316,"[{'date': Timestamp('2026-03-31 00:00:00'), 'volume': np.int64(70980900)}, {'date': Timestamp('2025-12-31 00:00:00'), 'volume': np.int64(63151800)}, {'date': Timestamp('2025-07-31 00:00:00'), 'volume': np.int64(55404000)}, {'date': Timestamp('2025-06-30 00:00:00'), 'volume': np.int64(50439500)}]"
BAK,monthly,2026-03-31,88167200,61,5,5,True,1.0,"[{'date': Timestamp('2026-03-31 00:00:00'), 'volume': np.int64(88167200)}, {'date': Timestamp('2026-01-31 00:00:00'), 'volume': np.int64(30461000)}, {'date': Timestamp('2025-09-30 00:00:00'), 'volume': np.int64(26382900)}, {'date': Timestamp('2025-07-31 00:00:00'), 'volume': np.int64(24062500)}, {'date': Timestamp('2025-06-30 00:00:00'), 'volume': np.int64(16790800)}]"
CG,monthly,2026-03-31,74517200,61,5,5,False,0.703324873359956,"[{'date': Timestamp('2026-03-31 00:00:00'), 'volume': np.int64(74517200)}, {'date': Timestamp('2025-09-30 00:00:00'), 'volume': np.int64(66734800)}, {'date': Timestamp('2025-08-31 00:00:00'), 'volume': np.int64(58765900)}, {'date': Timestamp('2025-07-31 00:00:00'), 'volume': np.int64(53096700)}, {'date': Timestamp('2025-06-30 00:00:00'), 'volume': np.int64(45251400)}]"
GSBD,monthly,2026-03-31,33267800,61,5,5,True,1.0,"[{'date': Timestamp('2026-03-31 00:00:00'), 'volume': np.int64(33267800)}, {'date': Timestamp('2025-12-31 00:00:00'), 'volume': np.int64(32337400)}, {'date': Timestamp('2025-10-31 00:00:00'), 'volume': np.int64(25240900)}, {'date': Timestamp('2025-07-31 00:00:00'), 'volume': np.int64(15536000)}, {'date': Timestamp('2025-06-30 00:00:00'), 'volume': np.int64(12674400)}]"
GWRE,monthly,2026-03-31,35741300,61,4,4,True,1.0,"[{'date': Timestamp('2026-03-31 00:00:00'), 'volume': np.int64(35741300)}, {'date': Timestamp('2026-01-31 00:00:00'), 'volume': np.int64(30189600)}, {'date': Timestamp('2025-12-31 00:00:00'), 'volume': np.int64(26445100)}, {'date': Timestamp('2025-06-30 00:00:00'), 'volume': np.int64(25341600)}]"
GGT,monthly,2026-03-31,6959500,61,4,4,True,1.0,"[{'date': Timestamp('2026-03-31 00:00:00'), 'volume': np.int64(6959500)}, {'date': Timestamp('2025-10-31 00:00:00'), 'volume': np.int64(4962800)}, {'date': Timestamp('2025-09-30 00:00:00'), 'volume': np.int64(4107200)}, {'date': Timestamp('2025-06-30 00:00:00'), 'volume': np.int64(3909100)}]"
MGY,monthly,2026-03-31,69919300,61,2,2,False,0.6616553093354708,"[{'date': Timestamp('2026-03-31 00:00:00'), 'volume': np.int64(69919300)}, {'date': Timestamp('2025-06-30 00:00:00'), 'volume': np.int64(57633700)}]"
TOST,monthly,2026-03-31,242418100,61,5,5,True,1.0,"[{'date': Timestamp('2026-03-31 00:00:00'), 'volume': np.int64(242418100)}, {'date': Timestamp('2025-09-30 00:00:00'), 'volume': np.int64(202737000)}, {'date': Timestamp('2025-08-31 00:00:00'), 'volume': np.int64(174368600)}, {'date': Timestamp('2025-07-31 00:00:00'), 'volume': np.int64(173632600)}, {'date': Timestamp('2025-06-30 00:00:00'), 'volume': np.int64(131940300)}]"
AGRO,monthly,2026-03-31,53752200,61,5,5,True,1.0,"[{'date': Timestamp('2026-03-31 00:00:00'), 'volume': np.int64(53752200)}, {'date': Timestamp('2025-12-31 00:00:00'), 'volume': np.int64(30256200)}, {'date': Timestamp('2025-08-31 00:00:00'), 'volume': np.int64(11895600)}, {'date': Timestamp('2025-07-31 00:00:00'), 'volume': np.int64(10041900)}, {'date': Timestamp('2025-06-30 00:00:00'), 'volume': np.int64(8805800)}]"
CRAI,monthly,2026-03-31,4636000,61,2,2,True,1.0,"[{'date': Timestamp('2026-03-31 00:00:00'), 'volume': np.int64(4636000)}, {'date': Timestamp('2025-06-30 00:00:00'), 'volume': np.int64(3018800)}]"
NIC,monthly,2026-03-31,4518000,61,6,6,True,1.0,"[{'date': Timestamp('2026-03-31 00:00:00'), 'volume': np.int64(4518000)}, {'date': Timestamp('2026-01-31 00:00:00'), 'volume': np.int64(3547500)}, {'date': Timestamp('2025-12-31 00:00:00'), 'volume': np.int64(2775200)}, {'date': Timestamp('2025-10-31 00:00:00'), 'volume': np.int64(2609000)}, {'date': Timestamp('2025-07-31 00:00:00'), 'volume': np.int64(2524800)}, {'date': Timestamp('2025-06-30 00:00:00'), 'volume': np.int64(1534400)}]"
WF,monthly,2026-03-31,2763800,61,3,3,True,1.0,"[{'date': Timestamp('2026-03-31 00:00:00'), 'volume': np.int64(2763800)}, {'date': Timestamp('2025-07-31 00:00:00'), 'volume': np.int64(1951100)}, {'date': Timestamp('2025-06-30 00:00:00'), 'volume': np.int64(1245900)}]"
UNF,monthly,2026-03-31,11300700,61,5,5,True,1.0,"[{'date': Timestamp('2026-03-31 00:00:00'), 'volume': np.int64(11300700)}, {'date': Timestamp('2025-12-31 00:00:00'), 'volume': np.int64(6218300)}, {'date': Timestamp('2025-10-31 00:00:00'), 'volume': np.int64(3583500)}, {'date': Timestamp('2025-07-31 00:00:00'), 'volume': np.int64(3193300)}, {'date': Timestamp('2025-06-30 00:00:00'), 'volume': np.int64(2649600)}]"
DAKT,monthly,2026-03-31,14952500,61,3,3,False,0.9002865985092061,"[{'date': Timestamp('2026-03-31 00:00:00'), 'volume': np.int64(14952500)}, {'date': Timestamp('2025-09-30 00:00:00'), 'volume': np.int64(14756800)}, {'date': Timestamp('2025-06-30 00:00:00'), 'volume': np.int64(10682200)}]"
EXG,monthly,2026-03-31,12862000,61,3,3,False,0.2489157591814538,"[{'date': Timestamp('2026-03-31 00:00:00'), 'volume': np.int64(12862000)}, {'date': Timestamp('2025-07-31 00:00:00'), 'volume': np.int64(12799800)}, {'date': Timestamp('2025-06-30 00:00:00'), 'volume': np.int64(12093200)}]"
WEA,monthly,2026-03-31,850000,61,4,4,False,0.4887585532746823,"[{'date': Timestamp('2026-03-31 00:00:00'), 'volume': np.int64(850000)}, {'date': Timestamp('2025-09-30 00:00:00'), 'volume': np.int64(801000)}, {'date': Timestamp('2025-07-31 00:00:00'), 'volume': np.int64(732600)}, {'date': Timestamp('2025-06-30 00:00:00'), 'volume': np.int64(497800)}]"
JBTM,monthly,2026-03-31,15907100,61,4,4,False,0.9841188334426311,"[{'date': Timestamp('2026-03-31 00:00:00'), 'volume': np.int64(15907100)}, {'date': Timestamp('2025-09-30 00:00:00'), 'volume': np.int64(13917600)}, {'date': Timestamp('2025-07-31 00:00:00'), 'volume': np.int64(10659100)}, {'date': Timestamp('2025-06-30 00:00:00'), 'volume': np.int64(9783500)}]"
PAR,monthly,2026-03-31,53281000,61,3,3,True,1.0,"[{'date': Timestamp('2026-03-31 00:00:00'), 'volume': np.int64(53281000)}, {'date': Timestamp('2025-08-31 00:00:00'), 'volume': np.int64(23327100)}, {'date': Timestamp('2025-06-30 00:00:00'), 'volume': np.int64(8273400)}]"
KMTS,monthly,2026-03-31,11615600,61,4,4,True,1.0,"[{'date': Timestamp('2026-03-31 00:00:00'), 'volume': np.int64(11615600)}, {'date': Timestamp('2025-12-31 00:00:00'), 'volume': np.int64(9745300)}, {'date': Timestamp('2025-07-31 00:00:00'), 'volume': np.int64(8949300)}, {'date': Timestamp('2025-06-30 00:00:00'), 'volume': np.int64(8063300)}]"
PFBC,monthly,2026-03-31,2718400,61,4,4,False,0.9006692730766682,"[{'date': Timestamp('2026-03-31 00:00:00'), 'volume': np.int64(2718400)}, {'date': Timestamp('2026-01-31 00:00:00'), 'volume': np.int64(2136200)}, {'date': Timestamp('2025-12-31 00:00:00'), 'volume': np.int64(1972100)}, {'date': Timestamp('2025-06-30 00:00:00'), 'volume': np.int64(1932400)}]"
PKG,monthly,2026-03-31,24860800,61,6,6,False,0.9093595914963348,"[{'date': Timestamp('2026-03-31 00:00:00'), 'volume': np.int64(24860800)}, {'date': Timestamp('2026-01-31 00:00:00'), 'volume': np.int64(21822300)}, {'date': Timestamp('2025-12-31 00:00:00'), 'volume': np.int64(17874400)}, {'date': Timestamp('2025-10-31 00:00:00'), 'volume': np.int64(17697000)}, {'date': Timestamp('2025-07-31 00:00:00'), 'volume': np.int64(16436300)}, {'date': Timestamp('2025-06-30 00:00:00'), 'volume': np.int64(14598500)}]"
PTY,monthly,2026-03-31,35593700,61,5,5,True,1.0,"[{'date': Timestamp('2026-03-31 00:00:00'), 'volume': np.int64(35593700)}, {'date': Timestamp('2025-12-31 00:00:00'), 'volume': np.int64(31206700)}, {'date': Timestamp('2025-10-31 00:00:00'), 'volume': np.int64(28595000)}, {'date': Timestamp('2025-07-31 00:00:00'), 'volume': np.int64(13903300)}, {'date': Timestamp('2025-06-30 00:00:00'), 'volume': np.int64(13528400)}]"
CAI,monthly,2026-03-31,60025600,61,4,4,True,1.0,"[{'date': Timestamp('2026-03-31 00:00:00'), 'volume': np.int64(60025600)}, {'date': Timestamp('2025-12-31 00:00:00'), 'volume': np.int64(56194600)}, {'date': Timestamp('2025-11-30 00:00:00'), 'volume': np.int64(32852700)}, {'date': Timestamp('2025-06-30 00:00:00'), 'volume': np.int64(27860600)}]"
CFR,monthly,2026-03-31,12713800,61,5,5,False,0.5483749919127003,"[{'date': Timestamp('2026-03-31 00:00:00'), 'volume': np.int64(12713800)}, {'date': Timestamp('2026-01-31 00:00:00'), 'volume': np.int64(11589800)}, {'date': Timestamp('2025-08-31 00:00:00'), 'volume': np.int64(10914600)}, {'date': Timestamp('2025-07-31 00:00:00'), 'volume': np.int64(8309300)}, {'date': Timestamp('2025-06-30 00:00:00'), 'volume': np.int64(6291600)}]"
PSA,monthly,2026-03-31,29602700,61,5,5,False,0.7833640299344786,"[{'date': Timestamp('2026-03-31 00:00:00'), 'volume': np.int64(29602700)}, {'date': Timestamp('2025-12-31 00:00:00'), 'volume': np.int64(27084600)}, {'date': Timestamp('2025-10-31 00:00:00'), 'volume': np.int64(22342700)}, {'date': Timestamp('2025-07-31 00:00:00'), 'volume': np.int64(20451800)}, {'date': Timestamp('2025-06-30 00:00:00'), 'volume': np.int64(16754000)}]"
CCB,monthly,2026-03-31,3435800,61,4,4,True,1.0,"[{'date': Timestamp('2026-03-31 00:00:00'), 'volume': np.int64(3435800)}, {'date': Timestamp('2025-08-31 00:00:00'), 'volume': np.int64(3002000)}, {'date': Timestamp('2025-07-31 00:00:00'), 'volume': np.int64(2875700)}, {'date': Timestamp('2025-06-30 00:00:00'), 'volume': np.int64(2442700)}]"
GBDC,monthly,2026-03-31,61017500,61,4,4,True,1.0,"[{'date': Timestamp('2026-03-31 00:00:00'), 'volume': np.int64(61017500)}, {'date': Timestamp('2025-10-31 00:00:00'), 'volume': np.int64(46975500)}, {'date': Timestamp('2025-09-30 00:00:00'), 'volume': np.int64(31531600)}, {'date': Timestamp('2025-06-30 00:00:00'), 'volume': np.int64(29838600)}]"
BXSL,monthly,2026-03-31,63321600,61,6,6,True,1.0,"[{'date': Timestamp('2026-03-31 00:00:00'), 'volume': np.int64(63321600)}, {'date': Timestamp('2025-10-31 00:00:00'), 'volume': np.int64(57245500)}, {'date': Timestamp('2025-09-30 00:00:00'), 'volume': np.int64(48815200)}, {'date': Timestamp('2025-08-31 00:00:00'), 'volume': np.int64(22475100)}, {'date': Timestamp('2025-07-31 00:00:00'), 'volume': np.int64(18579000)}, {'date': Timestamp('2025-06-30 00:00:00'), 'volume': np.int64(17154900)}]"
TRST,monthly,2026-03-31,3299600,61,5,5,True,1.0,"[{'date': Timestamp('2026-03-31 00:00:00'), 'volume': np.int64(3299600)}, {'date': Timestamp('2025-12-31 00:00:00'), 'volume': np.int64(2617000)}, {'date': Timestamp('2025-09-30 00:00:00'), 'volume': np.int64(2568700)}, {'date': Timestamp('2025-08-31 00:00:00'), 'volume': np.int64(2544300)}, {'date': Timestamp('2025-06-30 00:00:00'), 'volume': np.int64(2173000)}]"
KKR,monthly,2026-03-31,176801400,61,5,5,False,0.655626663620944,"[{'date': Timestamp('2026-03-31 00:00:00'), 'volume': np.int64(176801400)}, {'date': Timestamp('2025-10-31 00:00:00'), 'volume': np.int64(105761900)}, {'date': Timestamp('2025-09-30 00:00:00'), 'volume': np.int64(82494400)}, {'date': Timestamp('2025-07-31 00:00:00'), 'volume': np.int64(74441000)}, {'date': Timestamp('2025-06-30 00:00:00'), 'volume': np.int64(70039300)}]"
MLM,monthly,2026-03-31,13290100,61,3,3,False,0.5733582405066567,"[{'date': Timestamp('2026-03-31 00:00:00'), 'volume': np.int64(13290100)}, {'date': Timestamp('2025-08-31 00:00:00'), 'volume': np.int64(9404000)}, {'date': Timestamp('2025-06-30 00:00:00'), 'volume': np.int64(8050700)}]"
FBP,monthly,2026-03-31,37389200,61,5,5,False,0.6160157640142878,"[{'date': Timestamp('2026-03-31 00:00:00'), 'volume': np.int64(37389200)}, {'date': Timestamp('2026-01-31 00:00:00'), 'volume': np.int64(30286300)}, {'date': Timestamp('2025-10-31 00:00:00'), 'volume': np.int64(29384800)}, {'date': Timestamp('2025-07-31 00:00:00'), 'volume': np.int64(25003600)}, {'date': Timestamp('2025-06-30 00:00:00'), 'volume': np.int64(22421500)}]"
CLVT,monthly,2026-03-31,122425000,61,2,2,False,0.5613817074624675,"[{'date': Timestamp('2026-03-31 00:00:00'), 'volume': np.int64(122425000)}, {'date': Timestamp('2025-06-30 00:00:00'), 'volume': np.int64(120856300)}]"
KW,monthly,2026-03-31,32971800,61,3,3,False,0.5225490506830645,"[{'date': Timestamp('2026-03-31 00:00:00'), 'volume': np.int64(32971800)}, {'date': Timestamp('2025-11-30 00:00:00'), 'volume': np.int64(29330100)}, {'date': Timestamp('2025-06-30 00:00:00'), 'volume': np.int64(24768600)}]"
RWT,monthly,2026-03-31,39733400,61,5,5,False,0.2731283407756099,"[{'date': Timestamp('2026-03-31 00:00:00'), 'volume': np.int64(39733400)}, {'date': Timestamp('2025-12-31 00:00:00'), 'volume': np.int64(36764000)}, {'date': Timestamp('2025-08-31 00:00:00'), 'volume': np.int64(23794100)}, {'date': Timestamp('2025-07-31 00:00:00'), 'volume': np.int64(21732900)}, {'date': Timestamp('2025-06-30 00:00:00'), 'volume': np.int64(20789500)}]"
FUL,monthly,2026-03-31,16574200,61,5,5,False,0.9395112605080125,"[{'date': Timestamp('2026-03-31 00:00:00'), 'volume': np.int64(16574200)}, {'date': Timestamp('2026-01-31 00:00:00'), 'volume': np.int64(10872900)}, {'date': Timestamp('2025-09-30 00:00:00'), 'volume': np.int64(10554900)}, {'date': Timestamp('2025-07-31 00:00:00'), 'volume': np.int64(10419300)}, {'date': Timestamp('2025-06-30 00:00:00'), 'volume': np.int64(10029500)}]"
MUR,monthly,2026-03-31,71949400,61,2,2,False,0.46004305706435733,"[{'date': Timestamp('2026-03-31 00:00:00'), 'volume': np.int64(71949400)}, {'date': Timestamp('2025-06-30 00:00:00'), 'volume': np.int64(61740100)}]"
OII,monthly,2026-03-31,27443000,61,4,4,False,0.37823615674686306,"[{'date': Timestamp('2026-03-31 00:00:00'), 'volume': np.int64(27443000)}, {'date': Timestamp('2026-01-31 00:00:00'), 'volume': np.int64(21680100)}, {'date': Timestamp('2025-07-31 00:00:00'), 'volume': np.int64(18260400)}, {'date': Timestamp('2025-06-30 00:00:00'), 'volume': np.int64(16653700)}]"
ETJ,monthly,2026-03-31,4210900,61,6,6,False,0.3222348061647714,"[{'date': Timestamp('2026-03-31 00:00:00'), 'volume': np.int64(4210900)}, {'date': Timestamp('2026-01-31 00:00:00'), 'volume': np.int64(3206900)}, {'date': Timestamp('2025-10-31 00:00:00'), 'volume': np.int64(3100200)}, {'date': Timestamp('2025-09-30 00:00:00'), 'volume': np.int64(2873100)}, {'date': Timestamp('2025-07-31 00:00:00'), 'volume': np.int64(2835900)}, {'date': Timestamp('2025-06-30 00:00:00'), 'volume': np.int64(2386700)}]"
PBR-A,monthly,2026-03-31,348636900,61,5,5,False,0.8425070122948056,"[{'date': Timestamp('2026-03-31 00:00:00'), 'volume': np.int64(348636900)}, {'date': Timestamp('2026-01-31 00:00:00'), 'volume': np.int64(229462300)}, {'date': Timestamp('2025-11-30 00:00:00'), 'volume': np.int64(170814600)}, {'date': Timestamp('2025-09-30 00:00:00'), 'volume': np.int64(148749600)}, {'date': Timestamp('2025-06-30 00:00:00'), 'volume': np.int64(141678700)}]"
CENT,monthly,2026-03-31,2302600,61,2,2,False,0.2954513376531725,"[{'date': Timestamp('2026-03-31 00:00:00'), 'volume': np.int64(2302600)}, {'date': Timestamp('2025-06-30 00:00:00'), 'volume': np.int64(1968800)}]"
VUG,monthly,2026-03-31,251080200,61,5,5,True,1.0,"[{'date': Timestamp('2026-03-31 00:00:00'), 'volume': np.int64(251080200)}, {'date': Timestamp('2026-01-31 00:00:00'), 'volume': np.int64(39231300)}, {'date': Timestamp('2025-10-31 00:00:00'), 'volume': np.int64(26115200)}, {'date': Timestamp('2025-09-30 00:00:00'), 'volume': np.int64(22063400)}, {'date': Timestamp('2025-06-30 00:00:00'), 'volume': np.int64(20563300)}]"
ARTNA,monthly,2026-03-31,2709300,61,4,4,False,0.879129080407554,"[{'date': Timestamp('2026-03-31 00:00:00'), 'volume': np.int64(2709300)}, {'date': Timestamp('2025-09-30 00:00:00'), 'volume': np.int64(717500)}, {'date': Timestamp('2025-07-31 00:00:00'), 'volume': np.int64(632400)}, {'date': Timestamp('2025-06-30 00:00:00'), 'volume': np.int64(606700)}]"
SNA,monthly,2026-03-31,9400900,61,4,4,False,0.5442508872176969,"[{'date': Timestamp('2026-03-31 00:00:00'), 'volume': np.int64(9400900)}, {'date': Timestamp('2025-10-31 00:00:00'), 'volume': np.int64(8583800)}, {'date': Timestamp('2025-07-31 00:00:00'), 'volume': np.int64(8013100)}, {'date': Timestamp('2025-06-30 00:00:00'), 'volume': np.int64(7076700)}]"
SOLV,monthly,2026-03-31,32316100,61,3,3,False,0.4386185648166999,"[{'date': Timestamp('2026-03-31 00:00:00'), 'volume': np.int64(32316100)}, {'date': Timestamp('2025-08-31 00:00:00'), 'volume': np.int64(28031600)}, {'date': Timestamp('2025-06-30 00:00:00'), 'volume': np.int64(16367800)}]"
BIP,monthly,2026-03-31,25844700,61,6,6,False,0.7261350807304692,"[{'date': Timestamp('2026-03-31 00:00:00'), 'volume': np.int64(25844700)}, {'date': Timestamp('2025-12-31 00:00:00'), 'volume': np.int64(14828800)}, {'date': Timestamp('2025-09-30 00:00:00'), 'volume': np.int64(13285200)}, {'date': Timestamp('2025-08-31 00:00:00'), 'volume': np.int64(11503000)}, {'date': Timestamp('2025-07-31 00:00:00'), 'volume': np.int64(8971400)}, {'date': Timestamp('2025-06-30 00:00:00'), 'volume': np.int64(8535200)}]"
MSGS,monthly,2026-03-31,5297000,61,4,4,False,0.378745275604936,"[{'date': Timestamp('2026-03-31 00:00:00'), 'volume': np.int64(5297000)}, {'date': Timestamp('2025-09-30 00:00:00'), 'volume': np.int64(5179100)}, {'date': Timestamp('2025-08-31 00:00:00'), 'volume': np.int64(4353300)}, {'date': Timestamp('2025-06-30 00:00:00'), 'volume': np.int64(4328000)}]"
BRZE,monthly,2026-03-31,72694500,61,3,3,True,1.0,"[{'date': Timestamp('2026-03-31 00:00:00'), 'volume': np.int64(72694500)}, {'date': Timestamp('2025-09-30 00:00:00'), 'volume': np.int64(62574600)}, {'date': Timestamp('2025-06-30 00:00:00'), 'volume': np.int64(45914400)}]"
ESTC,monthly,2026-03-31,50712700,61,3,3,True,1.0,"[{'date': Timestamp('2026-03-31 00:00:00'), 'volume': np.int64(50712700)}, {'date': Timestamp('2025-08-31 00:00:00'), 'volume': np.int64(48093900)}, {'date': Timestamp('2025-06-30 00:00:00'), 'volume': np.int64(39404300)}]"
VENU,monthly,2026-03-31,9456800,61,4,4,True,1.0,"[{'date': Timestamp('2026-03-31 00:00:00'), 'volume': np.int64(9456800)}, {'date': Timestamp('2026-01-31 00:00:00'), 'volume': np.int64(5992300)}, {'date': Timestamp('2025-09-30 00:00:00'), 'volume': np.int64(4786900)}, {'date': Timestamp('2025-06-30 00:00:00'), 'volume': np.int64(2737800)}]"
OXLCZ,monthly,2026-03-31,257800,61,3,3,False,0.6045966228893058,"[{'date': Timestamp('2026-03-31 00:00:00'), 'volume': np.int64(257800)}, {'date': Timestamp('2025-08-31 00:00:00'), 'volume': np.int64(205200)}, {'date': Timestamp('2025-06-30 00:00:00'), 'volume': np.int64(124400)}]"
TBPH,monthly,2026-03-31,21002100,61,4,4,False,0.4915750126977514,"[{'date': Timestamp('2026-03-31 00:00:00'), 'volume': np.int64(21002100)}, {'date': Timestamp('2025-11-30 00:00:00'), 'volume': np.int64(11828600)}, {'date': Timestamp('2025-08-31 00:00:00'), 'volume': np.int64(10201400)}, {'date': Timestamp('2025-06-30 00:00:00'), 'volume': np.int64(7334000)}]"
PANL,monthly,2026-03-31,16244400,61,4,4,False,0.9479968486475445,"[{'date': Timestamp('2026-03-31 00:00:00'), 'volume': np.int64(16244400)}, {'date': Timestamp('2026-01-31 00:00:00'), 'volume': np.int64(14527400)}, {'date': Timestamp('2025-11-30 00:00:00'), 'volume': np.int64(7070100)}, {'date': Timestamp('2025-06-30 00:00:00'), 'volume': np.int64(5520700)}]"
UTZ,monthly,2026-03-31,42990800,61,5,5,False,0.9443857433137459,"[{'date': Timestamp('2026-03-31 00:00:00'), 'volume': np.int64(42990800)}, {'date': Timestamp('2025-12-31 00:00:00'), 'volume': np.int64(33701900)}, {'date': Timestamp('2025-11-30 00:00:00'), 'volume': np.int64(31212400)}, {'date': Timestamp('2025-07-31 00:00:00'), 'volume': np.int64(25649200)}, {'date': Timestamp('2025-06-30 00:00:00'), 'volume': np.int64(20457400)}]"
IX,monthly,2026-03-31,11471200,61,3,3,True,1.0,"[{'date': Timestamp('2026-03-31 00:00:00'), 'volume': np.int64(11471200)}, {'date': Timestamp('2025-07-31 00:00:00'), 'volume': np.int64(4407100)}, {'date': Timestamp('2025-06-30 00:00:00'), 'volume': np.int64(4402300)}]"
CPF,monthly,2026-03-31,4292400,61,2,2,False,0.600764181444107,"[{'date': Timestamp('2026-03-31 00:00:00'), 'volume': np.int64(4292400)}, {'date': Timestamp('2025-06-30 00:00:00'), 'volume': np.int64(4188700)}]"
ATHS,monthly,2026-03-31,2433400,61,2,2,False,0.2575571549534293,"[{'date': Timestamp('2026-03-31 00:00:00'), 'volume': np.int64(2433400)}, {'date': Timestamp('2025-06-30 00:00:00'), 'volume': np.int64(1270500)}]"
HMN,monthly,2026-03-31,6302300,61,3,3,False,0.8607935532336269,"[{'date': Timestamp('2026-03-31 00:00:00'), 'volume': np.int64(6302300)}, {'date': Timestamp('2025-07-31 00:00:00'), 'volume': np.int64(6106600)}, {'date': Timestamp('2025-06-30 00:00:00'), 'volume': np.int64(5305100)}]"
FTDR,monthly,2026-03-31,18403800,61,5,5,False,0.4425862865058294,"[{'date': Timestamp('2026-03-31 00:00:00'), 'volume': np.int64(18403800)}, {'date': Timestamp('2025-11-30 00:00:00'), 'volume': np.int64(15843800)}, {'date': Timestamp('2025-08-31 00:00:00'), 'volume': np.int64(15175200)}, {'date': Timestamp('2025-07-31 00:00:00'), 'volume': np.int64(11762000)}, {'date': Timestamp('2025-06-30 00:00:00'), 'volume': np.int64(11480200)}]"
TCBK,monthly,2026-03-31,3983000,61,4,4,False,0.9554995801847187,"[{'date': Timestamp('2026-03-31 00:00:00'), 'volume': np.int64(3983000)}, {'date': Timestamp('2025-12-31 00:00:00'), 'volume': np.int64(3042500)}, {'date': Timestamp('2025-11-30 00:00:00'), 'volume': np.int64(2486900)}, {'date': Timestamp('2025-06-30 00:00:00'), 'volume': np.int64(2381900)}]"
STC,monthly,2026-03-31,5839600,61,5,5,False,0.7913594969644406,"[{'date': Timestamp('2026-03-31 00:00:00'), 'volume': np.int64(5839600)}, {'date': Timestamp('2026-01-31 00:00:00'), 'volume': np.int64(5596100)}, {'date': Timestamp('2025-12-31 00:00:00'), 'volume': np.int64(5536700)}, {'date': Timestamp('2025-07-31 00:00:00'), 'volume': np.int64(5374700)}, {'date': Timestamp('2025-06-30 00:00:00'), 'volume': np.int64(3645300)}]"
KT,monthly,2026-03-31,37919800,61,5,5,False,0.7711367209027553,"[{'date': Timestamp('2026-03-31 00:00:00'), 'volume': np.int64(37919800)}, {'date': Timestamp('2025-12-31 00:00:00'), 'volume': np.int64(37245200)}, {'date': Timestamp('2025-09-30 00:00:00'), 'volume': np.int64(33534400)}, {'date': Timestamp('2025-08-31 00:00:00'), 'volume': np.int64(31057400)}, {'date': Timestamp('2025-06-30 00:00:00'), 'volume': np.int64(26003700)}]"
FCF,monthly,2026-03-31,26083500,61,4,4,False,0.9586314872597771,"[{'date': Timestamp('2026-03-31 00:00:00'), 'volume': np.int64(26083500)}, {'date': Timestamp('2025-12-31 00:00:00'), 'volume': np.int64(15869900)}, {'date': Timestamp('2025-07-31 00:00:00'), 'volume': np.int64(14829300)}, {'date': Timestamp('2025-06-30 00:00:00'), 'volume': np.int64(10918300)}]"
MSIF,monthly,2026-03-31,9794200,61,5,5,True,1.0,"[{'date': Timestamp('2026-03-31 00:00:00'), 'volume': np.int64(9794200)}, {'date': Timestamp('2025-11-30 00:00:00'), 'volume': np.int64(6016600)}, {'date': Timestamp('2025-10-31 00:00:00'), 'volume': np.int64(5243100)}, {'date': Timestamp('2025-08-31 00:00:00'), 'volume': np.int64(4272100)}, {'date': Timestamp('2025-06-30 00:00:00'), 'volume': np.int64(2192800)}]"
ACEL,monthly,2026-03-31,10487400,61,5,5,False,0.605259968488668,"[{'date': Timestamp('2026-03-31 00:00:00'), 'volume': np.int64(10487400)}, {'date': Timestamp('2025-12-31 00:00:00'), 'volume': np.int64(10470400)}, {'date': Timestamp('2025-08-31 00:00:00'), 'volume': np.int64(9053700)}, {'date': Timestamp('2025-07-31 00:00:00'), 'volume': np.int64(6037800)}, {'date': Timestamp('2025-06-30 00:00:00'), 'volume': np.int64(5382200)}]"
VMD,monthly,2026-03-31,8620200,61,4,4,False,0.487518239093305,"[{'date': Timestamp('2026-03-31 00:00:00'), 'volume': np.int64(8620200)}, {'date': Timestamp('2025-08-31 00:00:00'), 'volume': np.int64(6910500)}, {'date': Timestamp('2025-07-31 00:00:00'), 'volume': np.int64(4933000)}, {'date': Timestamp('2025-06-30 00:00:00'), 'volume': np.int64(4161700)}]"
MMT,monthly,2026-03-31,2804900,61,3,3,False,0.342516271629361,"[{'date': Timestamp('2026-03-31 00:00:00'), 'volume': np.int64(2804900)}, {'date': Timestamp('2025-12-31 00:00:00'), 'volume': np.int64(1984500)}, {'date': Timestamp('2025-06-30 00:00:00'), 'volume': np.int64(1980700)}]"
MC,monthly,2026-03-31,34361000,61,4,4,False,0.955483442198549,"[{'date': Timestamp('2026-03-31 00:00:00'), 'volume': np.int64(34361000)}, {'date': Timestamp('2025-10-31 00:00:00'), 'volume': np.int64(19392200)}, {'date': Timestamp('2025-07-31 00:00:00'), 'volume': np.int64(19280000)}, {'date': Timestamp('2025-06-30 00:00:00'), 'volume': np.int64(18116000)}]"
KTF,monthly,2026-03-31,3477700,61,5,5,False,0.5968148821883956,"[{'date': Timestamp('2026-03-31 00:00:00'), 'volume': np.int64(3477700)}, {'date': Timestamp('2025-12-31 00:00:00'), 'volume': np.int64(3465500)}, {'date': Timestamp('2025-09-30 00:00:00'), 'volume': np.int64(2778500)}, {'date': Timestamp('2025-08-31 00:00:00'), 'volume': np.int64(2757600)}, {'date': Timestamp('2025-06-30 00:00:00'), 'volume': np.int64(2345900)}]"
PPL,monthly,2026-03-31,167927300,61,4,4,False,0.8643175189112708,"[{'date': Timestamp('2026-03-31 00:00:00'), 'volume': np.int64(167927300)}, {'date': Timestamp('2025-08-31 00:00:00'), 'volume': np.int64(146662800)}, {'date': Timestamp('2025-07-31 00:00:00'), 'volume': np.int64(138660600)}, {'date': Timestamp('2025-06-30 00:00:00'), 'volume': np.int64(88911900)}]"
BPYPM,monthly,2026-03-31,913400,61,6,6,False,0.1043861854586181,"[{'date': Timestamp('2026-03-31 00:00:00'), 'volume': np.int64(913400)}, {'date': Timestamp('2025-11-30 00:00:00'), 'volume': np.int64(816600)}, {'date': Timestamp('2025-10-31 00:00:00'), 'volume': np.int64(406400)}, {'date': Timestamp('2025-08-31 00:00:00'), 'volume': np.int64(392400)}, {'date': Timestamp('2025-07-31 00:00:00'), 'volume': np.int64(308900)}, {'date': Timestamp('2025-06-30 00:00:00'), 'volume': np.int64(231700)}]"
SPE,monthly,2026-03-31,1195500,61,6,6,False,0.6012069399044506,"[{'date': Timestamp('2026-03-31 00:00:00'), 'volume': np.int64(1195500)}, {'date': Timestamp('2026-01-31 00:00:00'), 'volume': np.int64(873200)}, {'date': Timestamp('2025-12-31 00:00:00'), 'volume': np.int64(841000)}, {'date': Timestamp('2025-09-30 00:00:00'), 'volume': np.int64(694600)}, {'date': Timestamp('2025-07-31 00:00:00'), 'volume': np.int64(669900)}, {'date': Timestamp('2025-06-30 00:00:00'), 'volume': np.int64(600700)}]"
PRK,monthly,2026-03-31,2500600,61,3,3,False,0.5133542731621195,"[{'date': Timestamp('2026-03-31 00:00:00'), 'volume': np.int64(2500600)}, {'date': Timestamp('2025-07-31 00:00:00'), 'volume': np.int64(1790700)}, {'date': Timestamp('2025-06-30 00:00:00'), 'volume': np.int64(1215300)}]"
EXE,monthly,2026-03-31,94235800,61,3,3,False,0.6719163660709893,"[{'date': Timestamp('2026-03-31 00:00:00'), 'volume': np.int64(94235800)}, {'date': Timestamp('2025-07-31 00:00:00'), 'volume': np.int64(82489600)}, {'date': Timestamp('2025-06-30 00:00:00'), 'volume': np.int64(59062000)}]"
BCE,monthly,2026-03-31,80114000,61,4,4,False,0.823683390720633,"[{'date': Timestamp('2026-03-31 00:00:00'), 'volume': np.int64(80114000)}, {'date': Timestamp('2025-10-31 00:00:00'), 'volume': np.int64(75720400)}, {'date': Timestamp('2025-08-31 00:00:00'), 'volume': np.int64(71438100)}, {'date': Timestamp('2025-06-30 00:00:00'), 'volume': np.int64(67425600)}]"
GPAT,monthly,2026-03-31,3871400,61,3,3,False,0.49102024250418547,"[{'date': Timestamp('2026-03-31 00:00:00'), 'volume': np.int64(3871400)}, {'date': Timestamp('2025-08-31 00:00:00'), 'volume': np.int64(2645900)}, {'date': Timestamp('2025-06-30 00:00:00'), 'volume': np.int64(1714300)}]"
TWFG,monthly,2026-03-31,6547300,61,3,3,False,0.7806113932803967,"[{'date': Timestamp('2026-03-31 00:00:00'), 'volume': np.int64(6547300)}, {'date': Timestamp('2025-08-31 00:00:00'), 'volume': np.int64(3875700)}, {'date': Timestamp('2025-06-30 00:00:00'), 'volume': np.int64(2112400)}]"
JOE,monthly,2026-03-31,6241600,61,2,2,False,0.5252899294743397,"[{'date': Timestamp('2026-03-31 00:00:00'), 'volume': np.int64(6241600)}, {'date': Timestamp('2025-06-30 00:00:00'), 'volume': np.int64(5740800)}]"
MT,monthly,2026-03-31,47157300,61,4,4,False,0.2502908550501566,"[{'date': Timestamp('2026-03-31 00:00:00'), 'volume': np.int64(47157300)}, {'date': Timestamp('2025-08-31 00:00:00'), 'volume': np.int64(37106300)}, {'date': Timestamp('2025-07-31 00:00:00'), 'volume': np.int64(35035400)}, {'date': Timestamp('2025-06-30 00:00:00'), 'volume': np.int64(26283900)}]"
EQNR,monthly,2026-03-31,243089600,61,5,5,True,1.0,"[{'date': Timestamp('2026-03-31 00:00:00'), 'volume': np.int64(243089600)}, {'date': Timestamp('2026-01-31 00:00:00'), 'volume': np.int64(109546400)}, {'date': Timestamp('2025-10-31 00:00:00'), 'volume': np.int64(91284600)}, {'date': Timestamp('2025-07-31 00:00:00'), 'volume': np.int64(85489800)}, {'date': Timestamp('2025-06-30 00:00:00'), 'volume': np.int64(82272200)}]"
WDAY,monthly,2026-03-31,109220400,61,4,4,False,0.945313608934834,"[{'date': Timestamp('2026-03-31 00:00:00'), 'volume': np.int64(109220400)}, {'date': Timestamp('2025-08-31 00:00:00'), 'volume': np.int64(84838700)}, {'date': Timestamp('2025-07-31 00:00:00'), 'volume': np.int64(50688400)}, {'date': Timestamp('2025-06-30 00:00:00'), 'volume': np.int64(39785400)}]"
CIBR,monthly,2026-03-31,37673500,61,4,4,True,1.0,"[{'date': Timestamp('2026-03-31 00:00:00'), 'volume': np.int64(37673500)}, {'date': Timestamp('2025-08-31 00:00:00'), 'volume': np.int64(25806100)}, {'date': Timestamp('2025-07-31 00:00:00'), 'volume': np.int64(24242400)}, {'date': Timestamp('2025-06-30 00:00:00'), 'volume': np.int64(22319000)}]"
TCBIO,monthly,2026-03-31,1022700,61,4,4,False,0.41544461144737377,"[{'date': Timestamp('2026-03-31 00:00:00'), 'volume': np.int64(1022700)}, {'date': Timestamp('2025-12-31 00:00:00'), 'volume': np.int64(974100)}, {'date': Timestamp('2025-10-31 00:00:00'), 'volume': np.int64(782700)}, {'date': Timestamp('2025-06-30 00:00:00'), 'volume': np.int64(716000)}]"
KB,monthly,2026-03-31,7016500,61,3,3,False,0.8134412279583106,"[{'date': Timestamp('2026-03-31 00:00:00'), 'volume': np.int64(7016500)}, {'date': Timestamp('2025-07-31 00:00:00'), 'volume': np.int64(6181200)}, {'date': Timestamp('2025-06-30 00:00:00'), 'volume': np.int64(4536600)}]"
RELX,monthly,2026-03-31,84484700,61,7,7,True,1.0,"[{'date': Timestamp('2026-03-31 00:00:00'), 'volume': np.int64(84484700)}, {'date': Timestamp('2026-01-31 00:00:00'), 'volume': np.int64(60764800)}, {'date': Timestamp('2025-12-31 00:00:00'), 'volume': np.int64(41075600)}, {'date': Timestamp('2025-11-30 00:00:00'), 'volume': np.int64(36522700)}, {'date': Timestamp('2025-08-31 00:00:00'), 'volume': np.int64(33565800)}, {'date': Timestamp('2025-07-31 00:00:00'), 'volume': np.int64(23333300)}, {'date': Timestamp('2025-06-30 00:00:00'), 'volume': np.int64(17905700)}]"
PCN,monthly,2026-03-31,10616500,61,7,7,True,1.0,"[{'date': Timestamp('2026-03-31 00:00:00'), 'volume': np.int64(10616500)}, {'date': Timestamp('2025-12-31 00:00:00'), 'volume': np.int64(8361300)}, {'date': Timestamp('2025-10-31 00:00:00'), 'volume': np.int64(8331700)}, {'date': Timestamp('2025-09-30 00:00:00'), 'volume': np.int64(6955100)}, {'date': Timestamp('2025-08-31 00:00:00'), 'volume': np.int64(5796100)}, {'date': Timestamp('2025-07-31 00:00:00'), 'volume': np.int64(5740900)}, {'date': Timestamp('2025-06-30 00:00:00'), 'volume': np.int64(4981500)}]"
CNQ,monthly,2026-03-31,292554400,61,4,4,False,0.7605965943120835,"[{'date': Timestamp('2026-03-31 00:00:00'), 'volume': np.int64(292554400)}, {'date': Timestamp('2026-01-31 00:00:00'), 'volume': np.int64(206139500)}, {'date': Timestamp('2025-09-30 00:00:00'), 'volume': np.int64(166617700)}, {'date': Timestamp('2025-06-30 00:00:00'), 'volume': np.int64(154919200)}]"
GJS,monthly,2026-03-31,84500,61,4,4,False,0.843313373253493,"[{'date': Timestamp('2026-03-31 00:00:00'), 'volume': np.int64(84500)}, {'date': Timestamp('2025-08-31 00:00:00'), 'volume': np.int64(30800)}, {'date': Timestamp('2025-07-31 00:00:00'), 'volume': np.int64(18200)}, {'date': Timestamp('2025-06-30 00:00:00'), 'volume': np.int64(17800)}]"
DHCNI,monthly,2026-03-31,6346300,61,6,6,True,1.0,"[{'date': Timestamp('2026-03-31 00:00:00'), 'volume': np.int64(6346300)}, {'date': Timestamp('2025-12-31 00:00:00'), 'volume': np.int64(805800)}, {'date': Timestamp('2025-11-30 00:00:00'), 'volume': np.int64(715500)}, {'date': Timestamp('2025-09-30 00:00:00'), 'volume': np.int64(345700)}, {'date': Timestamp('2025-08-31 00:00:00'), 'volume': np.int64(275700)}, {'date': Timestamp('2025-06-30 00:00:00'), 'volume': np.int64(271200)}]"
VGT,monthly,2026-03-31,98821600,61,4,4,True,1.0,"[{'date': Timestamp('2026-03-31 00:00:00'), 'volume': np.int64(98821600)}, {'date': Timestamp('2025-10-31 00:00:00'), 'volume': np.int64(12238300)}, {'date': Timestamp('2025-08-31 00:00:00'), 'volume': np.int64(11158500)}, {'date': Timestamp('2025-06-30 00:00:00'), 'volume': np.int64(10283300)}]"
KRMN,monthly,2026-03-31,49091200,61,3,3,True,1.0,"[{'date': Timestamp('2026-03-31 00:00:00'), 'volume': np.int64(49091200)}, {'date': Timestamp('2025-07-31 00:00:00'), 'volume': np.int64(47162900)}, {'date': Timestamp('2025-06-30 00:00:00'), 'volume': np.int64(20739000)}]"
CSQ,monthly,2026-03-31,7422000,61,6,6,False,0.3395584185050646,"[{'date': Timestamp('2026-03-31 00:00:00'), 'volume': np.int64(7422000)}, {'date': Timestamp('2026-01-31 00:00:00'), 'volume': np.int64(5485200)}, {'date': Timestamp('2025-10-31 00:00:00'), 'volume': np.int64(5374700)}, {'date': Timestamp('2025-09-30 00:00:00'), 'volume': np.int64(4233200)}, {'date': Timestamp('2025-07-31 00:00:00'), 'volume': np.int64(4220400)}, {'date': Timestamp('2025-06-30 00:00:00'), 'volume': np.int64(3402900)}]"
WEYS,monthly,2026-03-31,498300,61,3,3,False,0.27528865808518865,"[{'date': Timestamp('2026-03-31 00:00:00'), 'volume': np.int64(498300)}, {'date': Timestamp('2025-11-30 00:00:00'), 'volume': np.int64(389000)}, {'date': Timestamp('2025-06-30 00:00:00'), 'volume': np.int64(322200)}]"
LTC,monthly,2026-03-31,9087800,61,4,4,False,0.6963191124187814,"[{'date': Timestamp('2026-03-31 00:00:00'), 'volume': np.int64(9087800)}, {'date': Timestamp('2026-01-31 00:00:00'), 'volume': np.int64(8910800)}, {'date': Timestamp('2025-07-31 00:00:00'), 'volume': np.int64(8387500)}, {'date': Timestamp('2025-06-30 00:00:00'), 'volume': np.int64(6397500)}]"
FFC,monthly,2026-03-31,3354900,61,6,6,False,0.32876027712720607,"[{'date': Timestamp('2026-03-31 00:00:00'), 'volume': np.int64(3354900)}, {'date': Timestamp('2025-12-31 00:00:00'), 'volume': np.int64(2880700)}, {'date': Timestamp('2025-09-30 00:00:00'), 'volume': np.int64(2800200)}, {'date': Timestamp('2025-08-31 00:00:00'), 'volume': np.int64(2489100)}, {'date': Timestamp('2025-07-31 00:00:00'), 'volume': np.int64(2234100)}, {'date': Timestamp('2025-06-30 00:00:00'), 'volume': np.int64(1953100)}]"
HDB,monthly,2026-03-31,279228600,61,3,3,True,1.0,"[{'date': Timestamp('2026-03-31 00:00:00'), 'volume': np.int64(279228600)}, {'date': Timestamp('2026-01-31 00:00:00'), 'volume': np.int64(133699200)}, {'date': Timestamp('2025-06-30 00:00:00'), 'volume': np.int64(90017000)}]"
FOUR,monthly,2026-03-31,60670900,61,3,3,True,1.0,"[{'date': Timestamp('2026-03-31 00:00:00'), 'volume': np.int64(60670900)}, {'date': Timestamp('2025-08-31 00:00:00'), 'volume': np.int64(51680200)}, {'date': Timestamp('2025-06-30 00:00:00'), 'volume': np.int64(26594200)}]"
GRDN,monthly,2026-03-31,12960200,61,3,3,True,1.0,"[{'date': Timestamp('2026-03-31 00:00:00'), 'volume': np.int64(12960200)}, {'date': Timestamp('2025-09-30 00:00:00'), 'volume': np.int64(9022300)}, {'date': Timestamp('2025-06-30 00:00:00'), 'volume': np.int64(6262100)}]"
SAIL,monthly,2026-03-31,75682800,61,3,3,False,0.9798369242958977,"[{'date': Timestamp('2026-03-31 00:00:00'), 'volume': np.int64(75682800)}, {'date': Timestamp('2025-09-30 00:00:00'), 'volume': np.int64(65467600)}, {'date': Timestamp('2025-06-30 00:00:00'), 'volume': np.int64(48723100)}]"
PRCT,monthly,2026-03-31,39900000,61,5,5,True,1.0,"[{'date': Timestamp('2026-03-31 00:00:00'), 'volume': np.int64(39900000)}, {'date': Timestamp('2025-11-30 00:00:00'), 'volume': np.int64(33494800)}, {'date': Timestamp('2025-08-31 00:00:00'), 'volume': np.int64(27012400)}, {'date': Timestamp('2025-07-31 00:00:00'), 'volume': np.int64(24180000)}, {'date': Timestamp('2025-06-30 00:00:00'), 'volume': np.int64(15981500)}]"
TYRA,monthly,2026-03-31,29429500,61,5,5,True,1.0,"[{'date': Timestamp('2026-03-31 00:00:00'), 'volume': np.int64(29429500)}, {'date': Timestamp('2026-01-31 00:00:00'), 'volume': np.int64(13964600)}, {'date': Timestamp('2025-12-31 00:00:00'), 'volume': np.int64(11288200)}, {'date': Timestamp('2025-11-30 00:00:00'), 'volume': np.int64(8986400)}, {'date': Timestamp('2025-06-30 00:00:00'), 'volume': np.int64(8657700)}]"
HUN,monthly,2026-03-31,175038300,61,5,5,True,1.0,"[{'date': Timestamp('2026-03-31 00:00:00'), 'volume': np.int64(175038300)}, {'date': Timestamp('2025-11-30 00:00:00'), 'volume': np.int64(118983200)}, {'date': Timestamp('2025-10-31 00:00:00'), 'volume': np.int64(112048300)}, {'date': Timestamp('2025-07-31 00:00:00'), 'volume': np.int64(107295200)}, {'date': Timestamp('2025-06-30 00:00:00'), 'volume': np.int64(71831300)}]"
LW,monthly,2026-03-31,96871200,61,4,4,False,0.9554710817491207,"[{'date': Timestamp('2026-03-31 00:00:00'), 'volume': np.int64(96871200)}, {'date': Timestamp('2025-12-31 00:00:00'), 'volume': np.int64(69071200)}, {'date': Timestamp('2025-07-31 00:00:00'), 'volume': np.int64(64887900)}, {'date': Timestamp('2025-06-30 00:00:00'), 'volume': np.int64(33572400)}]"
NWN,monthly,2026-03-31,7995000,61,2,2,False,0.6953746064327587,"[{'date': Timestamp('2026-03-31 00:00:00'), 'volume': np.int64(7995000)}, {'date': Timestamp('2025-06-30 00:00:00'), 'volume': np.int64(7054900)}]"
ALK,monthly,2026-03-31,117807600,61,5,5,False,0.9224827750375665,"[{'date': Timestamp('2026-03-31 00:00:00'), 'volume': np.int64(117807600)}, {'date': Timestamp('2025-10-31 00:00:00'), 'volume': np.int64(83472800)}, {'date': Timestamp('2025-09-30 00:00:00'), 'volume': np.int64(64491400)}, {'date': Timestamp('2025-07-31 00:00:00'), 'volume': np.int64(64079200)}, {'date': Timestamp('2025-06-30 00:00:00'), 'volume': np.int64(54021200)}]"
HCXY,monthly,2026-03-31,63500,61,6,6,False,0.4031746031746032,"[{'date': Timestamp('2026-03-31 00:00:00'), 'volume': np.int64(63500)}, {'date': Timestamp('2026-01-31 00:00:00'), 'volume': np.int64(40000)}, {'date': Timestamp('2025-10-31 00:00:00'), 'volume': np.int64(37100)}, {'date': Timestamp('2025-08-31 00:00:00'), 'volume': np.int64(27300)}, {'date': Timestamp('2025-07-31 00:00:00'), 'volume': np.int64(22700)}, {'date': Timestamp('2025-06-30 00:00:00'), 'volume': np.int64(18400)}]"
GABC,monthly,2026-03-31,4716600,61,2,2,True,1.0,"[{'date': Timestamp('2026-03-31 00:00:00'), 'volume': np.int64(4716600)}, {'date': Timestamp('2025-06-30 00:00:00'), 'volume': np.int64(4329100)}]"
AMSF,monthly,2026-03-31,5219500,61,3,3,True,1.0,"[{'date': Timestamp('2026-03-31 00:00:00'), 'volume': np.int64(5219500)}, {'date': Timestamp('2025-12-31 00:00:00'), 'volume': np.int64(3806600)}, {'date': Timestamp('2025-06-30 00:00:00'), 'volume': np.int64(3186400)}]"
BHB,monthly,2026-03-31,4452800,61,7,7,True,1.0,"[{'date': Timestamp('2026-03-31 00:00:00'), 'volume': np.int64(4452800)}, {'date': Timestamp('2025-12-31 00:00:00'), 'volume': np.int64(1650900)}, {'date': Timestamp('2025-11-30 00:00:00'), 'volume': np.int64(1439100)}, {'date': Timestamp('2025-09-30 00:00:00'), 'volume': np.int64(1186800)}, {'date': Timestamp('2025-08-31 00:00:00'), 'volume': np.int64(1070300)}, {'date': Timestamp('2025-07-31 00:00:00'), 'volume': np.int64(1017800)}, {'date': Timestamp('2025-06-30 00:00:00'), 'volume': np.int64(878300)}]"
MKTW,monthly,2026-03-31,657300,61,2,2,False,0.38001798046431223,"[{'date': Timestamp('2026-03-31 00:00:00'), 'volume': np.int64(657300)}, {'date': Timestamp('2025-06-30 00:00:00'), 'volume': np.int64(385900)}]"
KBR,monthly,2026-03-31,34501500,61,5,5,False,0.5968973069856439,"[{'date': Timestamp('2026-03-31 00:00:00'), 'volume': np.int64(34501500)}, {'date': Timestamp('2025-12-31 00:00:00'), 'volume': np.int64(32998600)}, {'date': Timestamp('2025-10-31 00:00:00'), 'volume': np.int64(31962500)}, {'date': Timestamp('2025-07-31 00:00:00'), 'volume': np.int64(31830900)}, {'date': Timestamp('2025-06-30 00:00:00'), 'volume': np.int64(29188000)}]"
WAT,monthly,2026-03-31,24603800,61,3,3,True,1.0,"[{'date': Timestamp('2026-03-31 00:00:00'), 'volume': np.int64(24603800)}, {'date': Timestamp('2025-07-31 00:00:00'), 'volume': np.int64(23596000)}, {'date': Timestamp('2025-06-30 00:00:00'), 'volume': np.int64(9446700)}]"
BKR,monthly,2026-03-31,250971300,61,4,4,False,0.7147656425552348,"[{'date': Timestamp('2026-03-31 00:00:00'), 'volume': np.int64(250971300)}, {'date': Timestamp('2026-01-31 00:00:00'), 'volume': np.int64(204158800)}, {'date': Timestamp('2025-07-31 00:00:00'), 'volume': np.int64(192423700)}, {'date': Timestamp('2025-06-30 00:00:00'), 'volume': np.int64(150336200)}]"
NTR,monthly,2026-03-31,114634600,61,4,4,False,0.9132251814746126,"[{'date': Timestamp('2026-03-31 00:00:00'), 'volume': np.int64(114634600)}, {'date': Timestamp('2025-09-30 00:00:00'), 'volume': np.int64(66938800)}, {'date': Timestamp('2025-08-31 00:00:00'), 'volume': np.int64(46459200)}, {'date': Timestamp('2025-06-30 00:00:00'), 'volume': np.int64(46242100)}]"
UTL,monthly,2026-03-31,3925200,61,5,5,False,0.7251163821769009,"[{'date': Timestamp('2026-03-31 00:00:00'), 'volume': np.int64(3925200)}, {'date': Timestamp('2025-12-31 00:00:00'), 'volume': np.int64(3011200)}, {'date': Timestamp('2025-09-30 00:00:00'), 'volume': np.int64(2665800)}, {'date': Timestamp('2025-08-31 00:00:00'), 'volume': np.int64(2660100)}, {'date': Timestamp('2025-06-30 00:00:00'), 'volume': np.int64(1517800)}]"
NBN,monthly,2026-03-31,2759000,61,4,4,True,1.0,"[{'date': Timestamp('2026-03-31 00:00:00'), 'volume': np.int64(2759000)}, {'date': Timestamp('2026-01-31 00:00:00'), 'volume': np.int64(2423100)}, {'date': Timestamp('2025-07-31 00:00:00'), 'volume': np.int64(2390500)}, {'date': Timestamp('2025-06-30 00:00:00'), 'volume': np.int64(1975200)}]"
ESLT,monthly,2026-03-31,5273800,61,2,2,True,1.0,"[{'date': Timestamp('2026-03-31 00:00:00'), 'volume': np.int64(5273800)}, {'date': Timestamp('2025-06-30 00:00:00'), 'volume': np.int64(3564200)}]"
MORN,monthly,2026-03-31,11321200,61,5,5,True,1.0,"[{'date': Timestamp('2026-03-31 00:00:00'), 'volume': np.int64(11321200)}, {'date': Timestamp('2025-09-30 00:00:00'), 'volume': np.int64(10005400)}, {'date': Timestamp('2025-08-31 00:00:00'), 'volume': np.int64(7486400)}, {'date': Timestamp('2025-07-31 00:00:00'), 'volume': np.int64(7201200)}, {'date': Timestamp('2025-06-30 00:00:00'), 'volume': np.int64(5167900)}]"
EVR,monthly,2026-03-31,15889200,61,3,3,False,0.7420040254227395,"[{'date': Timestamp('2026-03-31 00:00:00'), 'volume': np.int64(15889200)}, {'date': Timestamp('2025-07-31 00:00:00'), 'volume': np.int64(13620300)}, {'date': Timestamp('2025-06-30 00:00:00'), 'volume': np.int64(11179700)}]"
LDOS,monthly,2026-03-31,27095300,61,2,2,False,0.7665711351464518,"[{'date': Timestamp('2026-03-31 00:00:00'), 'volume': np.int64(27095300)}, {'date': Timestamp('2025-06-30 00:00:00'), 'volume': np.int64(24396400)}]"
BG,monthly,2026-03-31,46214200,61,4,4,False,0.6024722452534038,"[{'date': Timestamp('2026-03-31 00:00:00'), 'volume': np.int64(46214200)}, {'date': Timestamp('2025-09-30 00:00:00'), 'volume': np.int64(43932400)}, {'date': Timestamp('2025-07-31 00:00:00'), 'volume': np.int64(43917700)}, {'date': Timestamp('2025-06-30 00:00:00'), 'volume': np.int64(37999100)}]"
JHG,monthly,2026-03-31,96223500,61,5,5,True,1.0,"[{'date': Timestamp('2026-03-31 00:00:00'), 'volume': np.int64(96223500)}, {'date': Timestamp('2025-12-31 00:00:00'), 'volume': np.int64(40013800)}, {'date': Timestamp('2025-10-31 00:00:00'), 'volume': np.int64(39479700)}, {'date': Timestamp('2025-07-31 00:00:00'), 'volume': np.int64(23611500)}, {'date': Timestamp('2025-06-30 00:00:00'), 'volume': np.int64(22205900)}]"
GSL,monthly,2026-03-31,10431600,61,5,5,False,0.3461071407242251,"[{'date': Timestamp('2026-03-31 00:00:00'), 'volume': np.int64(10431600)}, {'date': Timestamp('2025-12-31 00:00:00'), 'volume': np.int64(8471200)}, {'date': Timestamp('2025-11-30 00:00:00'), 'volume': np.int64(8313300)}, {'date': Timestamp('2025-08-31 00:00:00'), 'volume': np.int64(8098900)}, {'date': Timestamp('2025-06-30 00:00:00'), 'volume': np.int64(6890900)}]"
BFST,monthly,2026-03-31,4304000,61,3,3,True,1.0,"[{'date': Timestamp('2026-03-31 00:00:00'), 'volume': np.int64(4304000)}, {'date': Timestamp('2025-10-31 00:00:00'), 'volume': np.int64(2579000)}, {'date': Timestamp('2025-06-30 00:00:00'), 'volume': np.int64(2429700)}]"
CIG,monthly,2026-03-31,183083200,61,4,4,False,0.3335410307141322,"[{'date': Timestamp('2026-03-31 00:00:00'), 'volume': np.int64(183083200)}, {'date': Timestamp('2026-01-31 00:00:00'), 'volume': np.int64(84525100)}, {'date': Timestamp('2025-12-31 00:00:00'), 'volume': np.int64(69117600)}, {'date': Timestamp('2025-06-30 00:00:00'), 'volume': np.int64(65200600)}]"
MOS,monthly,2026-03-31,281782000,61,4,4,False,0.9372420174674755,"[{'date': Timestamp('2026-03-31 00:00:00'), 'volume': np.int64(281782000)}, {'date': Timestamp('2025-12-31 00:00:00'), 'volume': np.int64(160856400)}, {'date': Timestamp('2025-11-30 00:00:00'), 'volume': np.int64(146332900)}, {'date': Timestamp('2025-06-30 00:00:00'), 'volume': np.int64(123056900)}]"
LCNB,monthly,2026-03-31,758900,61,5,5,False,0.21945577050981752,"[{'date': Timestamp('2026-03-31 00:00:00'), 'volume': np.int64(758900)}, {'date': Timestamp('2025-12-31 00:00:00'), 'volume': np.int64(570300)}, {'date': Timestamp('2025-10-31 00:00:00'), 'volume': np.int64(562700)}, {'date': Timestamp('2025-07-31 00:00:00'), 'volume': np.int64(484800)}, {'date': Timestamp('2025-06-30 00:00:00'), 'volume': np.int64(426500)}]"
FRBA,monthly,2026-03-31,1663000,61,6,6,False,0.5935470054964666,"[{'date': Timestamp('2026-03-31 00:00:00'), 'volume': np.int64(1663000)}, {'date': Timestamp('2025-12-31 00:00:00'), 'volume': np.int64(1610500)}, {'date': Timestamp('2025-09-30 00:00:00'), 'volume': np.int64(1115200)}, {'date': Timestamp('2025-08-31 00:00:00'), 'volume': np.int64(1028300)}, {'date': Timestamp('2025-07-31 00:00:00'), 'volume': np.int64(1022000)}, {'date': Timestamp('2025-06-30 00:00:00'), 'volume': np.int64(988400)}]"
TILE,monthly,2026-03-31,15145000,61,5,5,False,0.88555340509756,"[{'date': Timestamp('2026-03-31 00:00:00'), 'volume': np.int64(15145000)}, {'date': Timestamp('2025-09-30 00:00:00'), 'volume': np.int64(11122700)}, {'date': Timestamp('2025-08-31 00:00:00'), 'volume': np.int64(9047100)}, {'date': Timestamp('2025-07-31 00:00:00'), 'volume': np.int64(7031700)}, {'date': Timestamp('2025-06-30 00:00:00'), 'volume': np.int64(6916100)}]"
FRO,monthly,2026-03-31,112274300,61,3,3,False,0.807602117078041,"[{'date': Timestamp('2026-03-31 00:00:00'), 'volume': np.int64(112274300)}, {'date': Timestamp('2026-01-31 00:00:00'), 'volume': np.int64(69931800)}, {'date': Timestamp('2025-06-30 00:00:00'), 'volume': np.int64(67471700)}]"
CPRT,monthly,2026-03-31,199800500,61,4,4,False,0.7384713017021018,"[{'date': Timestamp('2026-03-31 00:00:00'), 'volume': np.int64(199800500)}, {'date': Timestamp('2025-11-30 00:00:00'), 'volume': np.int64(199341300)}, {'date': Timestamp('2025-09-30 00:00:00'), 'volume': np.int64(180904000)}, {'date': Timestamp('2025-06-30 00:00:00'), 'volume': np.int64(154738500)}]"
DRVN,monthly,2026-03-31,53926600,61,5,5,False,0.8739619730453329,"[{'date': Timestamp('2026-03-31 00:00:00'), 'volume': np.int64(53926600)}, {'date': Timestamp('2025-10-31 00:00:00'), 'volume': np.int64(25218000)}, {'date': Timestamp('2025-09-30 00:00:00'), 'volume': np.int64(23569000)}, {'date': Timestamp('2025-08-31 00:00:00'), 'volume': np.int64(20512500)}, {'date': Timestamp('2025-06-30 00:00:00'), 'volume': np.int64(14042100)}]"
BHM,monthly,2026-03-31,286500,61,5,5,False,0.14212014484845478,"[{'date': Timestamp('2026-03-31 00:00:00'), 'volume': np.int64(286500)}, {'date': Timestamp('2025-12-31 00:00:00'), 'volume': np.int64(173600)}, {'date': Timestamp('2025-11-30 00:00:00'), 'volume': np.int64(108600)}, {'date': Timestamp('2025-10-31 00:00:00'), 'volume': np.int64(83500)}, {'date': Timestamp('2025-06-30 00:00:00'), 'volume': np.int64(73900)}]"
RNST,monthly,2026-03-31,16505200,61,4,4,False,0.5811608287207223,"[{'date': Timestamp('2026-03-31 00:00:00'), 'volume': np.int64(16505200)}, {'date': Timestamp('2026-01-31 00:00:00'), 'volume': np.int64(13530600)}, {'date': Timestamp('2025-07-31 00:00:00'), 'volume': np.int64(12974500)}, {'date': Timestamp('2025-06-30 00:00:00'), 'volume': np.int64(10993800)}]"
ORLY,monthly,2026-03-31,131150300,61,5,5,False,0.3040130088989956,"[{'date': Timestamp('2026-03-31 00:00:00'), 'volume': np.int64(131150300)}, {'date': Timestamp('2026-01-31 00:00:00'), 'volume': np.int64(120782500)}, {'date': Timestamp('2025-12-31 00:00:00'), 'volume': np.int64(117841200)}, {'date': Timestamp('2025-10-31 00:00:00'), 'volume': np.int64(113160300)}, {'date': Timestamp('2025-06-30 00:00:00'), 'volume': np.int64(109749800)}]"
JEF,monthly,2026-03-31,86318400,61,3,3,True,1.0,"[{'date': Timestamp('2026-03-31 00:00:00'), 'volume': np.int64(86318400)}, {'date': Timestamp('2025-10-31 00:00:00'), 'volume': np.int64(82785200)}, {'date': Timestamp('2025-06-30 00:00:00'), 'volume': np.int64(44369600)}]"
KVHI,monthly,2026-03-31,2872100,61,6,6,False,0.6936601859678783,"[{'date': Timestamp('2026-03-31 00:00:00'), 'volume': np.int64(2872100)}, {'date': Timestamp('2025-12-31 00:00:00'), 'volume': np.int64(2217400)}, {'date': Timestamp('2025-10-31 00:00:00'), 'volume': np.int64(1675500)}, {'date': Timestamp('2025-08-31 00:00:00'), 'volume': np.int64(683700)}, {'date': Timestamp('2025-07-31 00:00:00'), 'volume': np.int64(606600)}, {'date': Timestamp('2025-06-30 00:00:00'), 'volume': np.int64(363400)}]"
CCBG,monthly,2026-03-31,2838000,61,7,7,True,1.0,"[{'date': Timestamp('2026-03-31 00:00:00'), 'volume': np.int64(2838000)}, {'date': Timestamp('2026-01-31 00:00:00'), 'volume': np.int64(1598600)}, {'date': Timestamp('2025-12-31 00:00:00'), 'volume': np.int64(1431700)}, {'date': Timestamp('2025-10-31 00:00:00'), 'volume': np.int64(1157400)}, {'date': Timestamp('2025-09-30 00:00:00'), 'volume': np.int64(1083000)}, {'date': Timestamp('2025-07-31 00:00:00'), 'volume': np.int64(883800)}, {'date': Timestamp('2025-06-30 00:00:00'), 'volume': np.int64(719800)}]"
REX,monthly,2026-03-31,5530000,61,3,3,False,0.5390388926795984,"[{'date': Timestamp('2026-03-31 00:00:00'), 'volume': np.int64(5530000)}, {'date': Timestamp('2025-12-31 00:00:00'), 'volume': np.int64(5352400)}, {'date': Timestamp('2025-06-30 00:00:00'), 'volume': np.int64(5300600)}]"
GT,monthly,2026-03-31,193083000,61,5,5,False,0.9557485590735303,"[{'date': Timestamp('2026-03-31 00:00:00'), 'volume': np.int64(193083000)}, {'date': Timestamp('2025-10-31 00:00:00'), 'volume': np.int64(192808400)}, {'date': Timestamp('2025-08-31 00:00:00'), 'volume': np.int64(192286900)}, {'date': Timestamp('2025-07-31 00:00:00'), 'volume': np.int64(138806100)}, {'date': Timestamp('2025-06-30 00:00:00'), 'volume': np.int64(127484800)}]"
AMCR,monthly,2026-03-31,163064200,61,4,4,False,0.7201648925786857,"[{'date': Timestamp('2026-03-31 00:00:00'), 'volume': np.int64(163064200)}, {'date': Timestamp('2026-01-31 00:00:00'), 'volume': np.int64(117831440)}, {'date': Timestamp('2025-08-31 00:00:00'), 'volume': np.int64(115929800)}, {'date': Timestamp('2025-06-30 00:00:00'), 'volume': np.int64(110602660)}]"
BGY,monthly,2026-03-31,9397500,61,4,4,False,0.7497008376545672,"[{'date': Timestamp('2026-03-31 00:00:00'), 'volume': np.int64(9397500)}, {'date': Timestamp('2026-01-31 00:00:00'), 'volume': np.int64(8733000)}, {'date': Timestamp('2025-07-31 00:00:00'), 'volume': np.int64(7947000)}, {'date': Timestamp('2025-06-30 00:00:00'), 'volume': np.int64(5832800)}]"
FWRG,monthly,2026-03-31,41425000,61,3,3,True,1.0,"[{'date': Timestamp('2026-03-31 00:00:00'), 'volume': np.int64(41425000)}, {'date': Timestamp('2025-08-31 00:00:00'), 'volume': np.int64(27742800)}, {'date': Timestamp('2025-06-30 00:00:00'), 'volume': np.int64(21366100)}]"
OWL,monthly,2026-03-31,707955400,61,5,5,True,1.0,"[{'date': Timestamp('2026-03-31 00:00:00'), 'volume': np.int64(707955400)}, {'date': Timestamp('2026-02-28 00:00:00'), 'volume': np.int64(333113200)}, {'date': Timestamp('2025-10-31 00:00:00'), 'volume': np.int64(332373400)}, {'date': Timestamp('2025-09-30 00:00:00'), 'volume': np.int64(204733800)}, {'date': Timestamp('2025-06-30 00:00:00'), 'volume': np.int64(160098300)}]"
CERT,monthly,2026-03-31,96274200,61,3,3,True,1.0,"[{'date': Timestamp('2026-03-31 00:00:00'), 'volume': np.int64(96274200)}, {'date': Timestamp('2025-11-30 00:00:00'), 'volume': np.int64(54286900)}, {'date': Timestamp('2025-06-30 00:00:00'), 'volume': np.int64(40556900)}]"
MYN,monthly,2026-03-31,4125700,61,6,6,True,1.0,"[{'date': Timestamp('2026-03-31 00:00:00'), 'volume': np.int64(4125700)}, {'date': Timestamp('2025-12-31 00:00:00'), 'volume': np.int64(3030600)}, {'date': Timestamp('2025-09-30 00:00:00'), 'volume': np.int64(2656300)}, {'date': Timestamp('2025-08-31 00:00:00'), 'volume': np.int64(2046300)}, {'date': Timestamp('2025-07-31 00:00:00'), 'volume': np.int64(1958000)}, {'date': Timestamp('2025-06-30 00:00:00'), 'volume': np.int64(1756500)}]"
TLX,monthly,2026-03-31,6251100,61,5,5,True,1.0,"[{'date': Timestamp('2026-03-31 00:00:00'), 'volume': np.int64(6251100)}, {'date': Timestamp('2025-09-30 00:00:00'), 'volume': np.int64(4775200)}, {'date': Timestamp('2025-08-31 00:00:00'), 'volume': np.int64(4394700)}, {'date': Timestamp('2025-07-31 00:00:00'), 'volume': np.int64(1231200)}, {'date': Timestamp('2025-06-30 00:00:00'), 'volume': np.int64(815700)}]"
WD,monthly,2026-03-31,10225200,61,4,4,True,1.0,"[{'date': Timestamp('2026-03-31 00:00:00'), 'volume': np.int64(10225200)}, {'date': Timestamp('2025-12-31 00:00:00'), 'volume': np.int64(6473800)}, {'date': Timestamp('2025-07-31 00:00:00'), 'volume': np.int64(6093400)}, {'date': Timestamp('2025-06-30 00:00:00'), 'volume': np.int64(5564000)}]"
EOG,monthly,2026-03-31,131822000,61,4,4,False,0.5939238841005448,"[{'date': Timestamp('2026-03-31 00:00:00'), 'volume': np.int64(131822000)}, {'date': Timestamp('2026-01-31 00:00:00'), 'volume': np.int64(94020000)}, {'date': Timestamp('2025-10-31 00:00:00'), 'volume': np.int64(93915400)}, {'date': Timestamp('2025-06-30 00:00:00'), 'volume': np.int64(87977200)}]"
DERM,monthly,2026-03-31,6694000,61,4,4,False,0.6631333894695131,"[{'date': Timestamp('2026-03-31 00:00:00'), 'volume': np.int64(6694000)}, {'date': Timestamp('2025-11-30 00:00:00'), 'volume': np.int64(4279400)}, {'date': Timestamp('2025-08-31 00:00:00'), 'volume': np.int64(4079000)}, {'date': Timestamp('2025-06-30 00:00:00'), 'volume': np.int64(3671900)}]"
STBA,monthly,2026-03-31,6658400,61,6,6,True,1.0,"[{'date': Timestamp('2026-03-31 00:00:00'), 'volume': np.int64(6658400)}, {'date': Timestamp('2025-12-31 00:00:00'), 'volume': np.int64(4362900)}, {'date': Timestamp('2025-11-30 00:00:00'), 'volume': np.int64(4117000)}, {'date': Timestamp('2025-10-31 00:00:00'), 'volume': np.int64(3419000)}, {'date': Timestamp('2025-07-31 00:00:00'), 'volume': np.int64(2889100)}, {'date': Timestamp('2025-06-30 00:00:00'), 'volume': np.int64(2875800)}]"
PD,monthly,2026-03-31,72058100,61,5,5,True,1.0,"[{'date': Timestamp('2026-03-31 00:00:00'), 'volume': np.int64(72058100)}, {'date': Timestamp('2025-09-30 00:00:00'), 'volume': np.int64(51855800)}, {'date': Timestamp('2025-08-31 00:00:00'), 'volume': np.int64(48585000)}, {'date': Timestamp('2025-07-31 00:00:00'), 'volume': np.int64(44442400)}, {'date': Timestamp('2025-06-30 00:00:00'), 'volume': np.int64(32199500)}]"
NCLH,monthly,2026-03-31,526760400,61,6,6,False,0.3060617862488094,"[{'date': Timestamp('2026-03-31 00:00:00'), 'volume': np.int64(526760400)}, {'date': Timestamp('2026-01-31 00:00:00'), 'volume': np.int64(377912800)}, {'date': Timestamp('2025-11-30 00:00:00'), 'volume': np.int64(373164600)}, {'date': Timestamp('2025-09-30 00:00:00'), 'volume': np.int64(346312300)}, {'date': Timestamp('2025-07-31 00:00:00'), 'volume': np.int64(338042700)}, {'date': Timestamp('2025-06-30 00:00:00'), 'volume': np.int64(325213400)}]"
SCM,monthly,2026-03-31,6654000,61,5,5,False,0.9055771795639511,"[{'date': Timestamp('2026-03-31 00:00:00'), 'volume': np.int64(6654000)}, {'date': Timestamp('2025-10-31 00:00:00'), 'volume': np.int64(5281100)}, {'date': Timestamp('2025-09-30 00:00:00'), 'volume': np.int64(4377900)}, {'date': Timestamp('2025-07-31 00:00:00'), 'volume': np.int64(3741900)}, {'date': Timestamp('2025-06-30 00:00:00'), 'volume': np.int64(2248900)}]"
LNT,monthly,2026-03-31,48286400,61,5,5,False,0.7714258783232179,"[{'date': Timestamp('2026-03-31 00:00:00'), 'volume': np.int64(48286400)}, {'date': Timestamp('2025-10-31 00:00:00'), 'volume': np.int64(47350300)}, {'date': Timestamp('2025-08-31 00:00:00'), 'volume': np.int64(42340700)}, {'date': Timestamp('2025-07-31 00:00:00'), 'volume': np.int64(41866400)}, {'date': Timestamp('2025-06-30 00:00:00'), 'volume': np.int64(35582200)}]"
OLLI,monthly,2026-03-31,35440900,61,3,3,False,0.7586312447957806,"[{'date': Timestamp('2026-03-31 00:00:00'), 'volume': np.int64(35440900)}, {'date': Timestamp('2025-12-31 00:00:00'), 'volume': np.int64(32032600)}, {'date': Timestamp('2025-06-30 00:00:00'), 'volume': np.int64(29957700)}]"
SU,monthly,2026-03-31,142130100,61,2,2,False,0.5026378477934592,"[{'date': Timestamp('2026-03-31 00:00:00'), 'volume': np.int64(142130100)}, {'date': Timestamp('2025-06-30 00:00:00'), 'volume': np.int64(127000200)}]"
HTB,monthly,2026-03-31,1977100,61,4,4,False,0.5863633667477312,"[{'date': Timestamp('2026-03-31 00:00:00'), 'volume': np.int64(1977100)}, {'date': Timestamp('2025-09-30 00:00:00'), 'volume': np.int64(1700500)}, {'date': Timestamp('2025-07-31 00:00:00'), 'volume': np.int64(1094500)}, {'date': Timestamp('2025-06-30 00:00:00'), 'volume': np.int64(1072600)}]"
BAC,monthly,2026-03-31,973417900,61,3,3,False,0.34438996794267396,"[{'date': Timestamp('2026-03-31 00:00:00'), 'volume': np.int64(973417900)}, {'date': Timestamp('2025-07-31 00:00:00'), 'volume': np.int64(906389900)}, {'date': Timestamp('2025-06-30 00:00:00'), 'volume': np.int64(775768400)}]"
AB,monthly,2026-03-31,8603600,61,5,5,False,0.34250954445386617,"[{'date': Timestamp('2026-03-31 00:00:00'), 'volume': np.int64(8603600)}, {'date': Timestamp('2026-01-31 00:00:00'), 'volume': np.int64(8224300)}, {'date': Timestamp('2025-12-31 00:00:00'), 'volume': np.int64(4455800)}, {'date': Timestamp('2025-07-31 00:00:00'), 'volume': np.int64(3919900)}, {'date': Timestamp('2025-06-30 00:00:00'), 'volume': np.int64(3271300)}]"
CF,monthly,2026-03-31,158761100,61,2,2,True,1.0,"[{'date': Timestamp('2026-03-31 00:00:00'), 'volume': np.int64(158761100)}, {'date': Timestamp('2025-06-30 00:00:00'), 'volume': np.int64(73279400)}]"
BSL,monthly,2026-03-31,1461100,61,6,6,False,0.40394238478339,"[{'date': Timestamp('2026-03-31 00:00:00'), 'volume': np.int64(1461100)}, {'date': Timestamp('2025-12-31 00:00:00'), 'volume': np.int64(1206200)}, {'date': Timestamp('2025-10-31 00:00:00'), 'volume': np.int64(1183100)}, {'date': Timestamp('2025-09-30 00:00:00'), 'volume': np.int64(916600)}, {'date': Timestamp('2025-07-31 00:00:00'), 'volume': np.int64(835000)}, {'date': Timestamp('2025-06-30 00:00:00'), 'volume': np.int64(493900)}]"
UHAL,monthly,2026-03-31,5550400,61,5,5,False,0.3160280134373399,"[{'date': Timestamp('2026-03-31 00:00:00'), 'volume': np.int64(5550400)}, {'date': Timestamp('2025-12-31 00:00:00'), 'volume': np.int64(3807200)}, {'date': Timestamp('2025-09-30 00:00:00'), 'volume': np.int64(3779600)}, {'date': Timestamp('2025-07-31 00:00:00'), 'volume': np.int64(3421500)}, {'date': Timestamp('2025-06-30 00:00:00'), 'volume': np.int64(2819800)}]"
BUI,monthly,2026-03-31,3808900,61,6,6,True,1.0,"[{'date': Timestamp('2026-03-31 00:00:00'), 'volume': np.int64(3808900)}, {'date': Timestamp('2025-12-31 00:00:00'), 'volume': np.int64(2020700)}, {'date': Timestamp('2025-10-31 00:00:00'), 'volume': np.int64(1626600)}, {'date': Timestamp('2025-09-30 00:00:00'), 'volume': np.int64(1523600)}, {'date': Timestamp('2025-07-31 00:00:00'), 'volume': np.int64(1269900)}, {'date': Timestamp('2025-06-30 00:00:00'), 'volume': np.int64(1134300)}]"
SHBI,monthly,2026-03-31,5555600,61,3,3,False,0.974598273805347,"[{'date': Timestamp('2026-03-31 00:00:00'), 'volume': np.int64(5555600)}, {'date': Timestamp('2025-12-31 00:00:00'), 'volume': np.int64(4166600)}, {'date': Timestamp('2025-06-30 00:00:00'), 'volume': np.int64(3798400)}]"
SLB,monthly,2026-03-31,482429700,61,4,4,False,0.7478614247247236,"[{'date': Timestamp('2026-03-31 00:00:00'), 'volume': np.int64(482429700)}, {'date': Timestamp('2026-01-31 00:00:00'), 'volume': np.int64(481587100)}, {'date': Timestamp('2025-07-31 00:00:00'), 'volume': np.int64(407638000)}, {'date': Timestamp('2025-06-30 00:00:00'), 'volume': np.int64(320519500)}]"
ALLY,monthly,2026-03-31,86422600,61,4,4,False,0.42195238653230216,"[{'date': Timestamp('2026-03-31 00:00:00'), 'volume': np.int64(86422600)}, {'date': Timestamp('2025-10-31 00:00:00'), 'volume': np.int64(84952400)}, {'date': Timestamp('2025-07-31 00:00:00'), 'volume': np.int64(74046400)}, {'date': Timestamp('2025-06-30 00:00:00'), 'volume': np.int64(71702600)}]"
COHR,monthly,2026-03-31,215300400,61,3,3,True,1.0,"[{'date': Timestamp('2026-03-31 00:00:00'), 'volume': np.int64(215300400)}, {'date': Timestamp('2025-08-31 00:00:00'), 'volume': np.int64(115242300)}, {'date': Timestamp('2025-06-30 00:00:00'), 'volume': np.int64(58088200)}]"
SMA,monthly,2026-03-31,27493900,61,2,2,True,1.0,"[{'date': Timestamp('2026-03-31 00:00:00'), 'volume': np.int64(27493900)}, {'date': Timestamp('2025-06-30 00:00:00'), 'volume': np.int64(20864700)}]"
WVVIP,monthly,2026-03-31,464400,61,5,5,True,1.0,"[{'date': Timestamp('2026-03-31 00:00:00'), 'volume': np.int64(464400)}, {'date': Timestamp('2025-12-31 00:00:00'), 'volume': np.int64(179300)}, {'date': Timestamp('2025-09-30 00:00:00'), 'volume': np.int64(61600)}, {'date': Timestamp('2025-07-31 00:00:00'), 'volume': np.int64(57200)}, {'date': Timestamp('2025-06-30 00:00:00'), 'volume': np.int64(43600)}]"
IWM,monthly,2026-03-31,1206107400,61,6,6,True,1.0,"[{'date': Timestamp('2026-03-31 00:00:00'), 'volume': np.int64(1206107400)}, {'date': Timestamp('2025-11-30 00:00:00'), 'volume': np.int64(921329900)}, {'date': Timestamp('2025-10-31 00:00:00'), 'volume': np.int64(871348800)}, {'date': Timestamp('2025-09-30 00:00:00'), 'volume': np.int64(847458100)}, {'date': Timestamp('2025-07-31 00:00:00'), 'volume': np.int64(784486300)}, {'date': Timestamp('2025-06-30 00:00:00'), 'volume': np.int64(680558800)}]"
XLC,monthly,2026-03-31,205332300,61,5,5,True,1.0,"[{'date': Timestamp('2026-03-31 00:00:00'), 'volume': np.int64(205332300)}, {'date': Timestamp('2026-01-31 00:00:00'), 'volume': np.int64(136354300)}, {'date': Timestamp('2025-09-30 00:00:00'), 'volume': np.int64(135072900)}, {'date': Timestamp('2025-07-31 00:00:00'), 'volume': np.int64(124670800)}, {'date': Timestamp('2025-06-30 00:00:00'), 'volume': np.int64(117994700)}]"
SDHC,monthly,2026-03-31,5235400,61,3,3,False,0.7150427490507799,"[{'date': Timestamp('2026-03-31 00:00:00'), 'volume': np.int64(5235400)}, {'date': Timestamp('2025-10-31 00:00:00'), 'volume': np.int64(2470100)}, {'date': Timestamp('2025-06-30 00:00:00'), 'volume': np.int64(2097200)}]"
EC,monthly,2026-03-31,89560000,61,3,3,True,1.0,"[{'date': Timestamp('2026-03-31 00:00:00'), 'volume': np.int64(89560000)}, {'date': Timestamp('2026-01-31 00:00:00'), 'volume': np.int64(71936600)}, {'date': Timestamp('2025-06-30 00:00:00'), 'volume': np.int64(51432700)}]"
THR,monthly,2026-03-31,12731500,61,5,5,True,1.0,"[{'date': Timestamp('2026-03-31 00:00:00'), 'volume': np.int64(12731500)}, {'date': Timestamp('2025-12-31 00:00:00'), 'volume': np.int64(8200900)}, {'date': Timestamp('2025-09-30 00:00:00'), 'volume': np.int64(5579200)}, {'date': Timestamp('2025-08-31 00:00:00'), 'volume': np.int64(4704000)}, {'date': Timestamp('2025-06-30 00:00:00'), 'volume': np.int64(4565100)}]"
DT,monthly,2026-03-31,170496900,61,5,5,True,1.0,"[{'date': Timestamp('2026-03-31 00:00:00'), 'volume': np.int64(170496900)}, {'date': Timestamp('2026-01-31 00:00:00'), 'volume': np.int64(91477700)}, {'date': Timestamp('2025-11-30 00:00:00'), 'volume': np.int64(84653800)}, {'date': Timestamp('2025-08-31 00:00:00'), 'volume': np.int64(77678700)}, {'date': Timestamp('2025-06-30 00:00:00'), 'volume': np.int64(55712200)}]"
NTGR,monthly,2026-03-31,13609400,61,5,5,False,0.7223174621708693,"[{'date': Timestamp('2026-03-31 00:00:00'), 'volume': np.int64(13609400)}, {'date': Timestamp('2025-10-31 00:00:00'), 'volume': np.int64(13570800)}, {'date': Timestamp('2025-08-31 00:00:00'), 'volume': np.int64(11014600)}, {'date': Timestamp('2025-07-31 00:00:00'), 'volume': np.int64(9247900)}, {'date': Timestamp('2025-06-30 00:00:00'), 'volume': np.int64(9016700)}]"
BAM,monthly,2026-03-31,94651100,61,2,2,True,1.0,"[{'date': Timestamp('2026-03-31 00:00:00'), 'volume': np.int64(94651100)}, {'date': Timestamp('2025-06-30 00:00:00'), 'volume': np.int64(62086300)}]"
AVAV,monthly,2026-03-31,56260200,61,3,3,True,1.0,"[{'date': Timestamp('2026-03-31 00:00:00'), 'volume': np.int64(56260200)}, {'date': Timestamp('2025-07-31 00:00:00'), 'volume': np.int64(45489900)}, {'date': Timestamp('2025-06-30 00:00:00'), 'volume': np.int64(29292400)}]"
WDS,monthly,2026-03-31,39487900,61,2,2,True,1.0,"[{'date': Timestamp('2026-03-31 00:00:00'), 'volume': np.int64(39487900)}, {'date': Timestamp('2025-06-30 00:00:00'), 'volume': np.int64(24857600)}]"
CPB,monthly,2026-03-31,250843500,61,5,5,True,1.0,"[{'date': Timestamp('2026-03-31 00:00:00'), 'volume': np.int64(250843500)}, {'date': Timestamp('2025-12-31 00:00:00'), 'volume': np.int64(155495100)}, {'date': Timestamp('2025-09-30 00:00:00'), 'volume': np.int64(141591200)}, {'date': Timestamp('2025-07-31 00:00:00'), 'volume': np.int64(136512900)}, {'date': Timestamp('2025-06-30 00:00:00'), 'volume': np.int64(118090100)}]"
HTGC,monthly,2026-03-31,61805300,61,5,5,True,1.0,"[{'date': Timestamp('2026-03-31 00:00:00'), 'volume': np.int64(61805300)}, {'date': Timestamp('2025-10-31 00:00:00'), 'volume': np.int64(31030400)}, {'date': Timestamp('2025-08-31 00:00:00'), 'volume': np.int64(22378000)}, {'date': Timestamp('2025-07-31 00:00:00'), 'volume': np.int64(22248300)}, {'date': Timestamp('2025-06-30 00:00:00'), 'volume': np.int64(18271900)}]"
OBDC,monthly,2026-03-31,148498800,61,6,6,True,1.0,"[{'date': Timestamp('2026-03-31 00:00:00'), 'volume': np.int64(148498800)}, {'date': Timestamp('2025-11-30 00:00:00'), 'volume': np.int64(138016300)}, {'date': Timestamp('2025-10-31 00:00:00'), 'volume': np.int64(128040500)}, {'date': Timestamp('2025-09-30 00:00:00'), 'volume': np.int64(76433100)}, {'date': Timestamp('2025-07-31 00:00:00'), 'volume': np.int64(59425700)}, {'date': Timestamp('2025-06-30 00:00:00'), 'volume': np.int64(44559700)}]"
PAAS,monthly,2026-03-31,189473700,61,4,4,True,1.0,"[{'date': Timestamp('2026-03-31 00:00:00'), 'volume': np.int64(189473700)}, {'date': Timestamp('2026-01-31 00:00:00'), 'volume': np.int64(186861900)}, {'date': Timestamp('2025-09-30 00:00:00'), 'volume': np.int64(163072700)}, {'date': Timestamp('2025-06-30 00:00:00'), 'volume': np.int64(125208400)}]"
AMPH,monthly,2026-03-31,13841400,61,3,3,False,0.8077710924232433,"[{'date': Timestamp('2026-03-31 00:00:00'), 'volume': np.int64(13841400)}, {'date': Timestamp('2025-08-31 00:00:00'), 'volume': np.int64(13066900)}, {'date': Timestamp('2025-06-30 00:00:00'), 'volume': np.int64(10317800)}]"
NREF,monthly,2026-03-31,1566400,61,3,3,False,0.45908558030480656,"[{'date': Timestamp('2026-03-31 00:00:00'), 'volume': np.int64(1566400)}, {'date': Timestamp('2025-12-31 00:00:00'), 'volume': np.int64(1489400)}, {'date': Timestamp('2025-06-30 00:00:00'), 'volume': np.int64(1369800)}]"
AFG,monthly,2026-03-31,12462700,61,4,4,False,0.6019755590977153,"[{'date': Timestamp('2026-03-31 00:00:00'), 'volume': np.int64(12462700)}, {'date': Timestamp('2026-01-31 00:00:00'), 'volume': np.int64(10744100)}, {'date': Timestamp('2025-09-30 00:00:00'), 'volume': np.int64(10742000)}, {'date': Timestamp('2025-06-30 00:00:00'), 'volume': np.int64(10507600)}]"
TNC,monthly,2026-03-31,7648400,61,3,3,True,1.0,"[{'date': Timestamp('2026-03-31 00:00:00'), 'volume': np.int64(7648400)}, {'date': Timestamp('2025-12-31 00:00:00'), 'volume': np.int64(3151100)}, {'date': Timestamp('2025-06-30 00:00:00'), 'volume': np.int64(3013600)}]"
FBIN,monthly,2026-03-31,69129800,61,3,3,True,1.0,"[{'date': Timestamp('2026-03-31 00:00:00'), 'volume': np.int64(69129800)}, {'date': Timestamp('2025-07-31 00:00:00'), 'volume': np.int64(47198100)}, {'date': Timestamp('2025-06-30 00:00:00'), 'volume': np.int64(37051000)}]"
GAP,monthly,2026-03-31,224671600,61,4,4,False,0.43189781086443924,"[{'date': Timestamp('2026-03-31 00:00:00'), 'volume': np.int64(224671600)}, {'date': Timestamp('2025-09-30 00:00:00'), 'volume': np.int64(220104800)}, {'date': Timestamp('2025-08-31 00:00:00'), 'volume': np.int64(202658000)}, {'date': Timestamp('2025-06-30 00:00:00'), 'volume': np.int64(202159500)}]"
USFD,monthly,2026-03-31,58007400,61,4,4,False,0.4367300321256779,"[{'date': Timestamp('2026-03-31 00:00:00'), 'volume': np.int64(58007400)}, {'date': Timestamp('2026-01-31 00:00:00'), 'volume': np.int64(53454000)}, {'date': Timestamp('2025-07-31 00:00:00'), 'volume': np.int64(50541000)}, {'date': Timestamp('2025-06-30 00:00:00'), 'volume': np.int64(37450000)}]"
APOG,monthly,2026-03-31,7532100,61,3,3,False,0.9378548660225122,"[{'date': Timestamp('2026-03-31 00:00:00'), 'volume': np.int64(7532100)}, {'date': Timestamp('2026-01-31 00:00:00'), 'volume': np.int64(6587100)}, {'date': Timestamp('2025-06-30 00:00:00'), 'volume': np.int64(6310500)}]"
VLO,monthly,2026-03-31,110142700,61,4,4,False,0.5724761820610509,"[{'date': Timestamp('2026-03-31 00:00:00'), 'volume': np.int64(110142700)}, {'date': Timestamp('2026-01-31 00:00:00'), 'volume': np.int64(80263400)}, {'date': Timestamp('2025-07-31 00:00:00'), 'volume': np.int64(75137800)}, {'date': Timestamp('2025-06-30 00:00:00'), 'volume': np.int64(64864700)}]"
SFL,monthly,2026-03-31,36911300,61,3,3,True,1.0,"[{'date': Timestamp('2026-03-31 00:00:00'), 'volume': np.int64(36911300)}, {'date': Timestamp('2025-08-31 00:00:00'), 'volume': np.int64(36141500)}, {'date': Timestamp('2025-06-30 00:00:00'), 'volume': np.int64(25339100)}]"
GRNT,monthly,2026-03-31,24616200,61,2,2,True,1.0,"[{'date': Timestamp('2026-03-31 00:00:00'), 'volume': np.int64(24616200)}, {'date': Timestamp('2025-06-30 00:00:00'), 'volume': np.int64(19233300)}]"
LITE,monthly,2026-03-31,163866800,61,6,6,True,1.0,"[{'date': Timestamp('2026-03-31 00:00:00'), 'volume': np.int64(163866800)}, {'date': Timestamp('2025-11-30 00:00:00'), 'volume': np.int64(112493200)}, {'date': Timestamp('2025-09-30 00:00:00'), 'volume': np.int64(84258400)}, {'date': Timestamp('2025-08-31 00:00:00'), 'volume': np.int64(72158500)}, {'date': Timestamp('2025-07-31 00:00:00'), 'volume': np.int64(47471900)}, {'date': Timestamp('2025-06-30 00:00:00'), 'volume': np.int64(43735400)}]"
MHD,monthly,2026-03-31,9188400,61,5,5,True,1.0,"[{'date': Timestamp('2026-03-31 00:00:00'), 'volume': np.int64(9188400)}, {'date': Timestamp('2025-12-31 00:00:00'), 'volume': np.int64(4073500)}, {'date': Timestamp('2025-10-31 00:00:00'), 'volume': np.int64(3125000)}, {'date': Timestamp('2025-09-30 00:00:00'), 'volume': np.int64(2297900)}, {'date': Timestamp('2025-06-30 00:00:00'), 'volume': np.int64(1877400)}]"
OXLC,monthly,2026-03-31,41147800,61,3,3,True,1.0,"[{'date': Timestamp('2026-03-31 00:00:00'), 'volume': np.int64(41147800)}, {'date': Timestamp('2025-07-31 00:00:00'), 'volume': np.int64(40441160)}, {'date': Timestamp('2025-06-30 00:00:00'), 'volume': np.int64(21805740)}]"
GWRS,monthly,2026-03-31,2621500,61,5,5,True,1.0,"[{'date': Timestamp('2026-03-31 00:00:00'), 'volume': np.int64(2621500)}, {'date': Timestamp('2025-12-31 00:00:00'), 'volume': np.int64(2203600)}, {'date': Timestamp('2025-10-31 00:00:00'), 'volume': np.int64(2108400)}, {'date': Timestamp('2025-07-31 00:00:00'), 'volume': np.int64(1244900)}, {'date': Timestamp('2025-06-30 00:00:00'), 'volume': np.int64(1039200)}]"
PAG,monthly,2026-03-31,7330500,61,3,3,False,0.5711558689469789,"[{'date': Timestamp('2026-03-31 00:00:00'), 'volume': np.int64(7330500)}, {'date': Timestamp('2025-10-31 00:00:00'), 'volume': np.int64(6360800)}, {'date': Timestamp('2025-06-30 00:00:00'), 'volume': np.int64(5946000)}]"
TLT,monthly,2026-03-31,1062708800,61,3,3,False,0.9146465484535742,"[{'date': Timestamp('2026-03-31 00:00:00'), 'volume': np.int64(1062708800)}, {'date': Timestamp('2025-09-30 00:00:00'), 'volume': np.int64(823687600)}, {'date': Timestamp('2025-06-30 00:00:00'), 'volume': np.int64(784246600)}]"
AQNB,monthly,2026-03-31,1886500,61,3,3,False,0.718721426394392,"[{'date': Timestamp('2026-03-31 00:00:00'), 'volume': np.int64(1886500)}, {'date': Timestamp('2025-12-31 00:00:00'), 'volume': np.int64(1096600)}, {'date': Timestamp('2025-06-30 00:00:00'), 'volume': np.int64(960600)}]"
XLP,monthly,2026-03-31,448757000,61,4,4,False,0.7512745100008772,"[{'date': Timestamp('2026-03-31 00:00:00'), 'volume': np.int64(448757000)}, {'date': Timestamp('2026-01-31 00:00:00'), 'volume': np.int64(416923400)}, {'date': Timestamp('2025-07-31 00:00:00'), 'volume': np.int64(347566600)}, {'date': Timestamp('2025-06-30 00:00:00'), 'volume': np.int64(270170700)}]"
XLE,monthly,2026-03-31,1542283900,61,3,3,False,0.7105068676137242,"[{'date': Timestamp('2026-03-31 00:00:00'), 'volume': np.int64(1542283900)}, {'date': Timestamp('2026-01-31 00:00:00'), 'volume': np.int64(1053992500)}, {'date': Timestamp('2025-06-30 00:00:00'), 'volume': np.int64(980030400)}]"
BIPH,monthly,2026-03-31,394100,61,3,3,False,0.24145325327778458,"[{'date': Timestamp('2026-03-31 00:00:00'), 'volume': np.int64(394100)}, {'date': Timestamp('2025-12-31 00:00:00'), 'volume': np.int64(312400)}, {'date': Timestamp('2025-06-30 00:00:00'), 'volume': np.int64(248100)}]"
BH,monthly,2026-03-31,2907400,61,3,3,True,1.0,"[{'date': Timestamp('2026-03-31 00:00:00'), 'volume': np.int64(2907400)}, {'date': Timestamp('2025-11-30 00:00:00'), 'volume': np.int64(2005900)}, {'date': Timestamp('2025-06-30 00:00:00'), 'volume': np.int64(518200)}]"
ACN,monthly,2026-03-31,174227700,61,5,5,True,1.0,"[{'date': Timestamp('2026-03-31 00:00:00'), 'volume': np.int64(174227700)}, {'date': Timestamp('2025-09-30 00:00:00'), 'volume': np.int64(127828400)}, {'date': Timestamp('2025-08-31 00:00:00'), 'volume': np.int64(97195200)}, {'date': Timestamp('2025-07-31 00:00:00'), 'volume': np.int64(78536500)}, {'date': Timestamp('2025-06-30 00:00:00'), 'volume': np.int64(72501300)}]"
INTU,monthly,2026-03-31,80406000,61,5,5,True,1.0,"[{'date': Timestamp('2026-03-31 00:00:00'), 'volume': np.int64(80406000)}, {'date': Timestamp('2026-01-31 00:00:00'), 'volume': np.int64(58464000)}, {'date': Timestamp('2025-08-31 00:00:00'), 'volume': np.int64(44936700)}, {'date': Timestamp('2025-07-31 00:00:00'), 'volume': np.int64(31879800)}, {'date': Timestamp('2025-06-30 00:00:00'), 'volume': np.int64(31664900)}]"
FDS,monthly,2026-03-31,21800700,61,5,5,True,1.0,"[{'date': Timestamp('2026-03-31 00:00:00'), 'volume': np.int64(21800700)}, {'date': Timestamp('2025-10-31 00:00:00'), 'volume': np.int64(19167800)}, {'date': Timestamp('2025-09-30 00:00:00'), 'volume': np.int64(16541900)}, {'date': Timestamp('2025-08-31 00:00:00'), 'volume': np.int64(9053900)}, {'date': Timestamp('2025-06-30 00:00:00'), 'volume': np.int64(8648700)}]"
PIPR,monthly,2026-03-31,17723400,61,4,4,True,1.0,"[{'date': Timestamp('2026-03-31 00:00:00'), 'volume': np.int64(17723400)}, {'date': Timestamp('2025-10-31 00:00:00'), 'volume': np.int64(4574300)}, {'date': Timestamp('2025-07-31 00:00:00'), 'volume': np.int64(3563300)}, {'date': Timestamp('2025-06-30 00:00:00'), 'volume': np.int64(3235600)}]"
ERIE,monthly,2026-03-31,5821500,61,4,4,False,0.6372811962911471,"[{'date': Timestamp('2026-03-31 00:00:00'), 'volume': np.int64(5821500)}, {'date': Timestamp('2025-12-31 00:00:00'), 'volume': np.int64(3760700)}, {'date': Timestamp('2025-07-31 00:00:00'), 'volume': np.int64(3332100)}, {'date': Timestamp('2025-06-30 00:00:00'), 'volume': np.int64(2926600)}]"
SMTC,monthly,2026-03-31,60159700,61,4,4,False,0.7062912597194779,"[{'date': Timestamp('2026-03-31 00:00:00'), 'volume': np.int64(60159700)}, {'date': Timestamp('2025-08-31 00:00:00'), 'volume': np.int64(43476800)}, {'date': Timestamp('2025-07-31 00:00:00'), 'volume': np.int64(42730200)}, {'date': Timestamp('2025-06-30 00:00:00'), 'volume': np.int64(41880300)}]"
DSGR,monthly,2026-03-31,5232000,61,7,7,True,1.0,"[{'date': Timestamp('2026-03-31 00:00:00'), 'volume': np.int64(5232000)}, {'date': Timestamp('2025-11-30 00:00:00'), 'volume': np.int64(1545800)}, {'date': Timestamp('2025-10-31 00:00:00'), 'volume': np.int64(1369800)}, {'date': Timestamp('2025-09-30 00:00:00'), 'volume': np.int64(1355300)}, {'date': Timestamp('2025-08-31 00:00:00'), 'volume': np.int64(1205300)}, {'date': Timestamp('2025-07-31 00:00:00'), 'volume': np.int64(1161800)}, {'date': Timestamp('2025-06-30 00:00:00'), 'volume': np.int64(1114700)}]"
TEI,monthly,2026-03-31,5941800,61,4,4,False,0.674882442470639,"[{'date': Timestamp('2026-03-31 00:00:00'), 'volume': np.int64(5941800)}, {'date': Timestamp('2025-09-30 00:00:00'), 'volume': np.int64(5495200)}, {'date': Timestamp('2025-07-31 00:00:00'), 'volume': np.int64(4640400)}, {'date': Timestamp('2025-06-30 00:00:00'), 'volume': np.int64(3127500)}]"
AGNCP,monthly,2026-03-31,2511100,61,3,3,False,0.11711783142420058,"[{'date': Timestamp('2026-03-31 00:00:00'), 'volume': np.int64(2511100)}, {'date': Timestamp('2026-01-31 00:00:00'), 'volume': np.int64(1864100)}, {'date': Timestamp('2025-06-30 00:00:00'), 'volume': np.int64(1495000)}]"
NRG,monthly,2026-03-31,73492000,61,2,2,False,0.5358477414293308,"[{'date': Timestamp('2026-03-31 00:00:00'), 'volume': np.int64(73492000)}, {'date': Timestamp('2025-06-30 00:00:00'), 'volume': np.int64(68686000)}]"
TBI,monthly,2026-03-31,9877500,61,3,3,False,0.5760785251456599,"[{'date': Timestamp('2026-03-31 00:00:00'), 'volume': np.int64(9877500)}, {'date': Timestamp('2025-10-31 00:00:00'), 'volume': np.int64(6037900)}, {'date': Timestamp('2025-06-30 00:00:00'), 'volume': np.int64(4684600)}]"
SWX,monthly,2026-03-31,11930800,61,3,3,False,0.6129517840170567,"[{'date': Timestamp('2026-03-31 00:00:00'), 'volume': np.int64(11930800)}, {'date': Timestamp('2026-02-28 00:00:00'), 'volume': np.int64(10593800)}, {'date': Timestamp('2025-06-30 00:00:00'), 'volume': np.int64(10348100)}]"
MCBS,monthly,2026-03-31,2963900,61,4,4,False,0.8486714007559272,"[{'date': Timestamp('2026-03-31 00:00:00'), 'volume': np.int64(2963900)}, {'date': Timestamp('2026-01-31 00:00:00'), 'volume': np.int64(1163500)}, {'date': Timestamp('2025-12-31 00:00:00'), 'volume': np.int64(1103800)}, {'date': Timestamp('2025-06-30 00:00:00'), 'volume': np.int64(994000)}]"
PHI,monthly,2026-03-31,4371900,61,4,4,False,0.812756780874124,"[{'date': Timestamp('2026-03-31 00:00:00'), 'volume': np.int64(4371900)}, {'date': Timestamp('2025-09-30 00:00:00'), 'volume': np.int64(3093000)}, {'date': Timestamp('2025-08-31 00:00:00'), 'volume': np.int64(1844500)}, {'date': Timestamp('2025-06-30 00:00:00'), 'volume': np.int64(1472000)}]"
CXT,monthly,2026-03-31,16376700,61,3,3,False,0.43348566445620307,"[{'date': Timestamp('2026-03-31 00:00:00'), 'volume': np.int64(16376700)}, {'date': Timestamp('2025-12-31 00:00:00'), 'volume': np.int64(14084000)}, {'date': Timestamp('2025-06-30 00:00:00'), 'volume': np.int64(10929600)}]"
PLMK,monthly,2026-03-31,2869000,61,2,2,False,0.7121403926825031,"[{'date': Timestamp('2026-03-31 00:00:00'), 'volume': np.int64(2869000)}, {'date': Timestamp('2025-06-30 00:00:00'), 'volume': np.int64(1095300)}]"
NAZ,monthly,2026-03-31,724600,61,5,5,False,0.7554211843202668,"[{'date': Timestamp('2026-03-31 00:00:00'), 'volume': np.int64(724600)}, {'date': Timestamp('2026-01-31 00:00:00'), 'volume': np.int64(632200)}, {'date': Timestamp('2025-09-30 00:00:00'), 'volume': np.int64(558900)}, {'date': Timestamp('2025-07-31 00:00:00'), 'volume': np.int64(452900)}, {'date': Timestamp('2025-06-30 00:00:00'), 'volume': np.int64(382400)}]"
FIS,monthly,2026-03-31,133791900,61,4,4,False,0.6808214521610011,"[{'date': Timestamp('2026-03-31 00:00:00'), 'volume': np.int64(133791900)}, {'date': Timestamp('2025-09-30 00:00:00'), 'volume': np.int64(99006100)}, {'date': Timestamp('2025-08-31 00:00:00'), 'volume': np.int64(88021100)}, {'date': Timestamp('2025-06-30 00:00:00'), 'volume': np.int64(60297400)}]"
PAYO,monthly,2026-03-31,95200300,61,4,4,False,0.5818178817984472,"[{'date': Timestamp('2026-03-31 00:00:00'), 'volume': np.int64(95200300)}, {'date': Timestamp('2026-01-31 00:00:00'), 'volume': np.int64(91990800)}, {'date': Timestamp('2025-08-31 00:00:00'), 'volume': np.int64(83246400)}, {'date': Timestamp('2025-06-30 00:00:00'), 'volume': np.int64(53755900)}]"
AGNCL,monthly,2026-03-31,455000,61,2,2,False,0.11990091704437651,"[{'date': Timestamp('2026-03-31 00:00:00'), 'volume': np.int64(455000)}, {'date': Timestamp('2025-06-30 00:00:00'), 'volume': np.int64(444500)}]"
BSBR,monthly,2026-03-31,26842100,61,5,5,False,0.5058105243322184,"[{'date': Timestamp('2026-03-31 00:00:00'), 'volume': np.int64(26842100)}, {'date': Timestamp('2026-01-31 00:00:00'), 'volume': np.int64(19486400)}, {'date': Timestamp('2025-08-31 00:00:00'), 'volume': np.int64(17161700)}, {'date': Timestamp('2025-07-31 00:00:00'), 'volume': np.int64(14027000)}, {'date': Timestamp('2025-06-30 00:00:00'), 'volume': np.int64(8733100)}]"
HBT,monthly,2026-03-31,2012900,61,3,3,False,0.9374970890969214,"[{'date': Timestamp('2026-03-31 00:00:00'), 'volume': np.int64(2012900)}, {'date': Timestamp('2025-09-30 00:00:00'), 'volume': np.int64(849900)}, {'date': Timestamp('2025-06-30 00:00:00'), 'volume': np.int64(663500)}]"
AON,monthly,2026-03-31,30874400,61,3,3,False,0.4880895920677379,"[{'date': Timestamp('2026-03-31 00:00:00'), 'volume': np.int64(30874400)}, {'date': Timestamp('2025-07-31 00:00:00'), 'volume': np.int64(29771400)}, {'date': Timestamp('2025-06-30 00:00:00'), 'volume': np.int64(27931700)}]"
LEN-B,monthly,2026-03-31,1655100,61,6,6,False,0.3938244443841648,"[{'date': Timestamp('2026-03-31 00:00:00'), 'volume': np.int64(1655100)}, {'date': Timestamp('2026-01-31 00:00:00'), 'volume': np.int64(1591200)}, {'date': Timestamp('2025-12-31 00:00:00'), 'volume': np.int64(1532900)}, {'date': Timestamp('2025-10-31 00:00:00'), 'volume': np.int64(1109200)}, {'date': Timestamp('2025-08-31 00:00:00'), 'volume': np.int64(1071500)}, {'date': Timestamp('2025-06-30 00:00:00'), 'volume': np.int64(950500)}]"
LAUR,monthly,2026-03-31,60317100,61,3,3,True,1.0,"[{'date': Timestamp('2026-03-31 00:00:00'), 'volume': np.int64(60317100)}, {'date': Timestamp('2025-07-31 00:00:00'), 'volume': np.int64(27433700)}, {'date': Timestamp('2025-06-30 00:00:00'), 'volume': np.int64(16407100)}]"
MCO,monthly,2026-03-31,31249800,61,4,4,False,0.7427412914511713,"[{'date': Timestamp('2026-03-31 00:00:00'), 'volume': np.int64(31249800)}, {'date': Timestamp('2025-10-31 00:00:00'), 'volume': np.int64(22114100)}, {'date': Timestamp('2025-07-31 00:00:00'), 'volume': np.int64(17486100)}, {'date': Timestamp('2025-06-30 00:00:00'), 'volume': np.int64(12287700)}]"
E,monthly,2026-03-31,15147800,61,2,2,False,0.8725640981330752,"[{'date': Timestamp('2026-03-31 00:00:00'), 'volume': np.int64(15147800)}, {'date': Timestamp('2025-06-30 00:00:00'), 'volume': np.int64(7099900)}]"
AYI,monthly,2026-03-31,11117900,61,3,3,False,0.6817493362112841,"[{'date': Timestamp('2026-03-31 00:00:00'), 'volume': np.int64(11117900)}, {'date': Timestamp('2026-01-31 00:00:00'), 'volume': np.int64(10066400)}, {'date': Timestamp('2025-06-30 00:00:00'), 'volume': np.int64(7763900)}]"
GTLB,monthly,2026-03-31,157357500,61,2,2,True,1.0,"[{'date': Timestamp('2026-03-31 00:00:00'), 'volume': np.int64(157357500)}, {'date': Timestamp('2025-06-30 00:00:00'), 'volume': np.int64(127510200)}]"
ECC,monthly,2026-03-31,45383300,61,3,3,True,1.0,"[{'date': Timestamp('2026-03-31 00:00:00'), 'volume': np.int64(45383300)}, {'date': Timestamp('2025-07-31 00:00:00'), 'volume': np.int64(42780200)}, {'date': Timestamp('2025-06-30 00:00:00'), 'volume': np.int64(22800300)}]"
GO,monthly,2026-03-31,128770600,61,3,3,True,1.0,"[{'date': Timestamp('2026-03-31 00:00:00'), 'volume': np.int64(128770600)}, {'date': Timestamp('2025-08-31 00:00:00'), 'volume': np.int64(86105800)}, {'date': Timestamp('2025-06-30 00:00:00'), 'volume': np.int64(81694900)}]"
CINF,monthly,2026-03-31,18967100,61,5,5,False,0.5246167803464051,"[{'date': Timestamp('2026-03-31 00:00:00'), 'volume': np.int64(18967100)}, {'date': Timestamp('2026-01-31 00:00:00'), 'volume': np.int64(13334300)}, {'date': Timestamp('2025-10-31 00:00:00'), 'volume': np.int64(13190800)}, {'date': Timestamp('2025-07-31 00:00:00'), 'volume': np.int64(12941300)}, {'date': Timestamp('2025-06-30 00:00:00'), 'volume': np.int64(11126500)}]"
STNG,monthly,2026-03-31,31816000,61,3,3,False,0.4271796689545538,"[{'date': Timestamp('2026-03-31 00:00:00'), 'volume': np.int64(31816000)}, {'date': Timestamp('2025-07-31 00:00:00'), 'volume': np.int64(27699100)}, {'date': Timestamp('2025-06-30 00:00:00'), 'volume': np.int64(23363100)}]"
CPA,monthly,2026-03-31,11751400,61,3,3,False,0.4421293422275397,"[{'date': Timestamp('2026-03-31 00:00:00'), 'volume': np.int64(11751400)}, {'date': Timestamp('2025-08-31 00:00:00'), 'volume': np.int64(7475100)}, {'date': Timestamp('2025-06-30 00:00:00'), 'volume': np.int64(6641000)}]"
AXP,monthly,2026-03-31,88510300,61,5,5,False,0.3891140749702593,"[{'date': Timestamp('2026-03-31 00:00:00'), 'volume': np.int64(88510300)}, {'date': Timestamp('2026-01-31 00:00:00'), 'volume': np.int64(62726500)}, {'date': Timestamp('2025-09-30 00:00:00'), 'volume': np.int64(59413200)}, {'date': Timestamp('2025-07-31 00:00:00'), 'volume': np.int64(57946500)}, {'date': Timestamp('2025-06-30 00:00:00'), 'volume': np.int64(54722500)}]"
EXP,monthly,2026-03-31,10290300,61,4,4,False,0.8488525563822942,"[{'date': Timestamp('2026-03-31 00:00:00'), 'volume': np.int64(10290300)}, {'date': Timestamp('2026-01-31 00:00:00'), 'volume': np.int64(10147800)}, {'date': Timestamp('2025-07-31 00:00:00'), 'volume': np.int64(9649900)}, {'date': Timestamp('2025-06-30 00:00:00'), 'volume': np.int64(8881400)}]"
CPAY,monthly,2026-03-31,14946600,61,5,5,False,0.3899014720498353,"[{'date': Timestamp('2026-03-31 00:00:00'), 'volume': np.int64(14946600)}, {'date': Timestamp('2025-11-30 00:00:00'), 'volume': np.int64(12901400)}, {'date': Timestamp('2025-10-31 00:00:00'), 'volume': np.int64(12378100)}, {'date': Timestamp('2025-08-31 00:00:00'), 'volume': np.int64(10788700)}, {'date': Timestamp('2025-06-30 00:00:00'), 'volume': np.int64(10186700)}]"
HSBC,monthly,2026-03-31,51015100,61,4,4,False,0.27873554897108727,"[{'date': Timestamp('2026-03-31 00:00:00'), 'volume': np.int64(51015100)}, {'date': Timestamp('2025-10-31 00:00:00'), 'volume': np.int64(40245600)}, {'date': Timestamp('2025-07-31 00:00:00'), 'volume': np.int64(34881000)}, {'date': Timestamp('2025-06-30 00:00:00'), 'volume': np.int64(29105300)}]"
PFL,monthly,2026-03-31,6363800,61,6,6,False,0.8091702057320144,"[{'date': Timestamp('2026-03-31 00:00:00'), 'volume': np.int64(6363800)}, {'date': Timestamp('2025-10-31 00:00:00'), 'volume': np.int64(6331100)}, {'date': Timestamp('2025-09-30 00:00:00'), 'volume': np.int64(4427000)}, {'date': Timestamp('2025-08-31 00:00:00'), 'volume': np.int64(3332900)}, {'date': Timestamp('2025-07-31 00:00:00'), 'volume': np.int64(2815100)}, {'date': Timestamp('2025-06-30 00:00:00'), 'volume': np.int64(2309100)}]"
TCPC,monthly,2026-03-31,36070900,61,6,6,True,1.0,"[{'date': Timestamp('2026-03-31 00:00:00'), 'volume': np.int64(36070900)}, {'date': Timestamp('2025-12-31 00:00:00'), 'volume': np.int64(21692700)}, {'date': Timestamp('2025-10-31 00:00:00'), 'volume': np.int64(16504200)}, {'date': Timestamp('2025-09-30 00:00:00'), 'volume': np.int64(15693000)}, {'date': Timestamp('2025-08-31 00:00:00'), 'volume': np.int64(11176300)}, {'date': Timestamp('2025-06-30 00:00:00'), 'volume': np.int64(10519600)}]"
CRGY,monthly,2026-03-31,249787800,61,6,6,True,1.0,"[{'date': Timestamp('2026-03-31 00:00:00'), 'volume': np.int64(249787800)}, {'date': Timestamp('2026-01-31 00:00:00'), 'volume': np.int64(126970200)}, {'date': Timestamp('2025-11-30 00:00:00'), 'volume': np.int64(124402900)}, {'date': Timestamp('2025-09-30 00:00:00'), 'volume': np.int64(123357200)}, {'date': Timestamp('2025-08-31 00:00:00'), 'volume': np.int64(94148200)}, {'date': Timestamp('2025-06-30 00:00:00'), 'volume': np.int64(71620600)}]"
YEXT,monthly,2026-03-31,117987200,61,2,2,True,1.0,"[{'date': Timestamp('2026-03-31 00:00:00'), 'volume': np.int64(117987200)}, {'date': Timestamp('2025-06-30 00:00:00'), 'volume': np.int64(31927000)}]"
TPG,monthly,2026-03-31,80388700,61,5,5,True,1.0,"[{'date': Timestamp('2026-03-31 00:00:00'), 'volume': np.int64(80388700)}, {'date': Timestamp('2026-02-28 00:00:00'), 'volume': np.int64(50957200)}, {'date': Timestamp('2025-11-30 00:00:00'), 'volume': np.int64(41021200)}, {'date': Timestamp('2025-08-31 00:00:00'), 'volume': np.int64(40509200)}, {'date': Timestamp('2025-06-30 00:00:00'), 'volume': np.int64(36590600)}]"
ING,monthly,2026-03-31,78563100,61,3,3,False,0.28072817787230303,"[{'date': Timestamp('2026-03-31 00:00:00'), 'volume': np.int64(78563100)}, {'date': Timestamp('2025-07-31 00:00:00'), 'volume': np.int64(58036500)}, {'date': Timestamp('2025-06-30 00:00:00'), 'volume': np.int64(45772700)}]"
NWSA,monthly,2026-03-31,112479300,61,3,3,True,1.0,"[{'date': Timestamp('2026-03-31 00:00:00'), 'volume': np.int64(112479300)}, {'date': Timestamp('2025-09-30 00:00:00'), 'volume': np.int64(104882100)}, {'date': Timestamp('2025-06-30 00:00:00'), 'volume': np.int64(75019400)}]"
NWS,monthly,2026-03-31,43770800,61,3,3,True,1.0,"[{'date': Timestamp('2026-03-31 00:00:00'), 'volume': np.int64(43770800)}, {'date': Timestamp('2025-09-30 00:00:00'), 'volume': np.int64(43277400)}, {'date': Timestamp('2025-06-30 00:00:00'), 'volume': np.int64(16444000)}]"
OMF,monthly,2026-03-31,38356800,61,4,4,False,0.9443905513672154,"[{'date': Timestamp('2026-03-31 00:00:00'), 'volume': np.int64(38356800)}, {'date': Timestamp('2025-10-31 00:00:00'), 'volume': np.int64(28778400)}, {'date': Timestamp('2025-07-31 00:00:00'), 'volume': np.int64(27260400)}, {'date': Timestamp('2025-06-30 00:00:00'), 'volume': np.int64(15312500)}]"
PRG,monthly,2026-03-31,13790600,61,4,4,False,0.3353419498928521,"[{'date': Timestamp('2026-03-31 00:00:00'), 'volume': np.int64(13790600)}, {'date': Timestamp('2025-12-31 00:00:00'), 'volume': np.int64(13474600)}, {'date': Timestamp('2025-07-31 00:00:00'), 'volume': np.int64(9833300)}, {'date': Timestamp('2025-06-30 00:00:00'), 'volume': np.int64(8109500)}]"
OKE,monthly,2026-03-31,120555900,61,4,4,False,0.5471216365919552,"[{'date': Timestamp('2026-03-31 00:00:00'), 'volume': np.int64(120555900)}, {'date': Timestamp('2026-01-31 00:00:00'), 'volume': np.int64(92865500)}, {'date': Timestamp('2025-10-31 00:00:00'), 'volume': np.int64(87729400)}, {'date': Timestamp('2025-06-30 00:00:00'), 'volume': np.int64(86125900)}]"
TTE,monthly,2026-03-31,58721700,61,2,2,False,0.4533797509108639,"[{'date': Timestamp('2026-03-31 00:00:00'), 'volume': np.int64(58721700)}, {'date': Timestamp('2025-06-30 00:00:00'), 'volume': np.int64(41477300)}]"
AWK,monthly,2026-03-31,41335100,61,7,7,False,0.9041318517870423,"[{'date': Timestamp('2026-03-31 00:00:00'), 'volume': np.int64(41335100)}, {'date': Timestamp('2025-12-31 00:00:00'), 'volume': np.int64(40414700)}, {'date': Timestamp('2025-11-30 00:00:00'), 'volume': np.int64(40279200)}, {'date': Timestamp('2025-10-31 00:00:00'), 'volume': np.int64(33804200)}, {'date': Timestamp('2025-08-31 00:00:00'), 'volume': np.int64(33037700)}, {'date': Timestamp('2025-07-31 00:00:00'), 'volume': np.int64(25405700)}, {'date': Timestamp('2025-06-30 00:00:00'), 'volume': np.int64(21372000)}]"
LEGH,monthly,2026-03-31,3186200,61,4,4,True,1.0,"[{'date': Timestamp('2026-03-31 00:00:00'), 'volume': np.int64(3186200)}, {'date': Timestamp('2025-11-30 00:00:00'), 'volume': np.int64(2762200)}, {'date': Timestamp('2025-10-31 00:00:00'), 'volume': np.int64(2374400)}, {'date': Timestamp('2025-06-30 00:00:00'), 'volume': np.int64(2148300)}]"
OLN,monthly,2026-03-31,71551500,61,4,4,False,0.8108516994098075,"[{'date': Timestamp('2026-03-31 00:00:00'), 'volume': np.int64(71551500)}, {'date': Timestamp('2026-01-31 00:00:00'), 'volume': np.int64(68931800)}, {'date': Timestamp('2025-07-31 00:00:00'), 'volume': np.int64(61581100)}, {'date': Timestamp('2025-06-30 00:00:00'), 'volume': np.int64(38554300)}]"
NPAC,monthly,2026-03-31,4323400,61,5,5,True,1.0,"[{'date': Timestamp('2026-03-31 00:00:00'), 'volume': np.int64(4323400)}, {'date': Timestamp('2025-10-31 00:00:00'), 'volume': np.int64(2615500)}, {'date': Timestamp('2025-08-31 00:00:00'), 'volume': np.int64(2142300)}, {'date': Timestamp('2025-07-31 00:00:00'), 'volume': np.int64(1870200)}, {'date': Timestamp('2025-06-30 00:00:00'), 'volume': np.int64(623900)}]"
FSCO,monthly,2026-03-31,64368100,61,5,5,True,1.0,"[{'date': Timestamp('2026-03-31 00:00:00'), 'volume': np.int64(64368100)}, {'date': Timestamp('2025-10-31 00:00:00'), 'volume': np.int64(43034100)}, {'date': Timestamp('2025-09-30 00:00:00'), 'volume': np.int64(28906500)}, {'date': Timestamp('2025-07-31 00:00:00'), 'volume': np.int64(21188200)}, {'date': Timestamp('2025-06-30 00:00:00'), 'volume': np.int64(13949000)}]"
APOS,monthly,2026-03-31,1876300,61,4,4,False,0.22127483931835604,"[{'date': Timestamp('2026-03-31 00:00:00'), 'volume': np.int64(1876300)}, {'date': Timestamp('2025-12-31 00:00:00'), 'volume': np.int64(1334100)}, {'date': Timestamp('2025-09-30 00:00:00'), 'volume': np.int64(972500)}, {'date': Timestamp('2025-06-30 00:00:00'), 'volume': np.int64(892300)}]"
WMS,monthly,2026-03-31,20775800,61,3,3,False,0.5841346424193349,"[{'date': Timestamp('2026-03-31 00:00:00'), 'volume': np.int64(20775800)}, {'date': Timestamp('2025-08-31 00:00:00'), 'volume': np.int64(19975400)}, {'date': Timestamp('2025-06-30 00:00:00'), 'volume': np.int64(16503600)}]"
DOCU,monthly,2026-03-31,113390700,61,2,2,False,0.4786101944734983,"[{'date': Timestamp('2026-03-31 00:00:00'), 'volume': np.int64(113390700)}, {'date': Timestamp('2025-06-30 00:00:00'), 'volume': np.int64(96233100)}]"
CNI,monthly,2026-03-31,40520800,61,4,4,False,0.568915795946906,"[{'date': Timestamp('2026-03-31 00:00:00'), 'volume': np.int64(40520800)}, {'date': Timestamp('2025-09-30 00:00:00'), 'volume': np.int64(38035200)}, {'date': Timestamp('2025-07-31 00:00:00'), 'volume': np.int64(37660900)}, {'date': Timestamp('2025-06-30 00:00:00'), 'volume': np.int64(30301700)}]"
BCC,monthly,2026-03-31,10442300,61,7,7,False,0.8621876909358125,"[{'date': Timestamp('2026-03-31 00:00:00'), 'volume': np.int64(10442300)}, {'date': Timestamp('2025-12-31 00:00:00'), 'volume': np.int64(9985700)}, {'date': Timestamp('2025-11-30 00:00:00'), 'volume': np.int64(9972900)}, {'date': Timestamp('2025-10-31 00:00:00'), 'volume': np.int64(8445100)}, {'date': Timestamp('2025-08-31 00:00:00'), 'volume': np.int64(8350600)}, {'date': Timestamp('2025-07-31 00:00:00'), 'volume': np.int64(7516400)}, {'date': Timestamp('2025-06-30 00:00:00'), 'volume': np.int64(6829700)}]"
INFY,monthly,2026-03-31,427950300,61,5,5,False,0.9744917651575546,"[{'date': Timestamp('2026-03-31 00:00:00'), 'volume': np.int64(427950300)}, {'date': Timestamp('2025-09-30 00:00:00'), 'volume': np.int64(422966900)}, {'date': Timestamp('2025-08-31 00:00:00'), 'volume': np.int64(400101300)}, {'date': Timestamp('2025-07-31 00:00:00'), 'volume': np.int64(324075800)}, {'date': Timestamp('2025-06-30 00:00:00'), 'volume': np.int64(238983600)}]"
BXP,monthly,2026-03-31,54952700,61,3,3,False,0.938908186296202,"[{'date': Timestamp('2026-03-31 00:00:00'), 'volume': np.int64(54952700)}, {'date': Timestamp('2025-09-30 00:00:00'), 'volume': np.int64(52072500)}, {'date': Timestamp('2025-06-30 00:00:00'), 'volume': np.int64(39288300)}]"
ZH,monthly,2026-03-31,12740700,61,3,3,False,0.3635786778129085,"[{'date': Timestamp('2026-03-31 00:00:00'), 'volume': np.int64(12740700)}, {'date': Timestamp('2025-08-31 00:00:00'), 'volume': np.int64(8183200)}, {'date': Timestamp('2025-06-30 00:00:00'), 'volume': np.int64(6785300)}]"
TRC,monthly,2026-03-31,2612000,61,4,4,False,0.7480168389701881,"[{'date': Timestamp('2026-03-31 00:00:00'), 'volume': np.int64(2612000)}, {'date': Timestamp('2025-08-31 00:00:00'), 'volume': np.int64(2425400)}, {'date': Timestamp('2025-07-31 00:00:00'), 'volume': np.int64(2227300)}, {'date': Timestamp('2025-06-30 00:00:00'), 'volume': np.int64(2199700)}]"
VSEC,monthly,2026-03-31,20114100,61,6,6,True,1.0,"[{'date': Timestamp('2026-03-31 00:00:00'), 'volume': np.int64(20114100)}, {'date': Timestamp('2026-02-28 00:00:00'), 'volume': np.int64(9774600)}, {'date': Timestamp('2026-01-31 00:00:00'), 'volume': np.int64(6184800)}, {'date': Timestamp('2025-09-30 00:00:00'), 'volume': np.int64(5881000)}, {'date': Timestamp('2025-08-31 00:00:00'), 'volume': np.int64(5646300)}, {'date': Timestamp('2025-06-30 00:00:00'), 'volume': np.int64(4771800)}]"
GNL,monthly,2026-03-31,49643200,61,2,2,False,0.6369616680032077,"[{'date': Timestamp('2026-03-31 00:00:00'), 'volume': np.int64(49643200)}, {'date': Timestamp('2025-06-30 00:00:00'), 'volume': np.int64(41648500)}]"
LFCR,monthly,2026-03-31,10655200,61,3,3,False,0.22326758709996458,"[{'date': Timestamp('2026-03-31 00:00:00'), 'volume': np.int64(10655200)}, {'date': Timestamp('2025-09-30 00:00:00'), 'volume': np.int64(4382200)}, {'date': Timestamp('2025-06-30 00:00:00'), 'volume': np.int64(4138200)}]"
NATL,monthly,2026-03-31,34078200,61,3,3,True,1.0,"[{'date': Timestamp('2026-03-31 00:00:00'), 'volume': np.int64(34078200)}, {'date': Timestamp('2025-07-31 00:00:00'), 'volume': np.int64(18898000)}, {'date': Timestamp('2025-06-30 00:00:00'), 'volume': np.int64(8517400)}]"
GPK,monthly,2026-03-31,193513500,61,7,7,True,1.0,"[{'date': Timestamp('2026-03-31 00:00:00'), 'volume': np.int64(193513500)}, {'date': Timestamp('2025-12-31 00:00:00'), 'volume': np.int64(115327600)}, {'date': Timestamp('2025-11-30 00:00:00'), 'volume': np.int64(100736100)}, {'date': Timestamp('2025-10-31 00:00:00'), 'volume': np.int64(100524700)}, {'date': Timestamp('2025-09-30 00:00:00'), 'volume': np.int64(85802900)}, {'date': Timestamp('2025-07-31 00:00:00'), 'volume': np.int64(79467100)}, {'date': Timestamp('2025-06-30 00:00:00'), 'volume': np.int64(68126800)}]"
WPP,monthly,2026-03-31,15884900,61,4,4,True,1.0,"[{'date': Timestamp('2026-03-31 00:00:00'), 'volume': np.int64(15884900)}, {'date': Timestamp('2025-11-30 00:00:00'), 'volume': np.int64(15215200)}, {'date': Timestamp('2025-07-31 00:00:00'), 'volume': np.int64(13430000)}, {'date': Timestamp('2025-06-30 00:00:00'), 'volume': np.int64(7253800)}]"
FULT,monthly,2026-03-31,51621900,61,4,4,False,0.823567982540108,"[{'date': Timestamp('2026-03-31 00:00:00'), 'volume': np.int64(51621900)}, {'date': Timestamp('2025-10-31 00:00:00'), 'volume': np.int64(41689700)}, {'date': Timestamp('2025-07-31 00:00:00'), 'volume': np.int64(41134900)}, {'date': Timestamp('2025-06-30 00:00:00'), 'volume': np.int64(25359800)}]"
FFIN,monthly,2026-03-31,20277100,61,4,4,False,0.888407428989533,"[{'date': Timestamp('2026-03-31 00:00:00'), 'volume': np.int64(20277100)}, {'date': Timestamp('2025-12-31 00:00:00'), 'volume': np.int64(19187300)}, {'date': Timestamp('2025-10-31 00:00:00'), 'volume': np.int64(13596400)}, {'date': Timestamp('2025-06-30 00:00:00'), 'volume': np.int64(12283100)}]"
CUBE,monthly,2026-03-31,54937300,61,4,4,False,0.6229149635065464,"[{'date': Timestamp('2026-03-31 00:00:00'), 'volume': np.int64(54937300)}, {'date': Timestamp('2025-12-31 00:00:00'), 'volume': np.int64(48773200)}, {'date': Timestamp('2025-07-31 00:00:00'), 'volume': np.int64(40742400)}, {'date': Timestamp('2025-06-30 00:00:00'), 'volume': np.int64(34308700)}]"
FLNG,monthly,2026-03-31,19133000,61,5,5,False,0.8896959325927338,"[{'date': Timestamp('2026-03-31 00:00:00'), 'volume': np.int64(19133000)}, {'date': Timestamp('2025-09-30 00:00:00'), 'volume': np.int64(11324400)}, {'date': Timestamp('2025-08-31 00:00:00'), 'volume': np.int64(9533200)}, {'date': Timestamp('2025-07-31 00:00:00'), 'volume': np.int64(9054900)}, {'date': Timestamp('2025-06-30 00:00:00'), 'volume': np.int64(8834900)}]"
GASS,monthly,2026-03-31,5732900,61,3,3,False,0.36229374553681454,"[{'date': Timestamp('2026-03-31 00:00:00'), 'volume': np.int64(5732900)}, {'date': Timestamp('2025-08-31 00:00:00'), 'volume': np.int64(3425500)}, {'date': Timestamp('2025-06-30 00:00:00'), 'volume': np.int64(2346800)}]"
SPGI,monthly,2026-03-31,48782600,61,6,6,False,0.6903986209746584,"[{'date': Timestamp('2026-03-31 00:00:00'), 'volume': np.int64(48782600)}, {'date': Timestamp('2026-02-28 00:00:00'), 'volume': np.int64(43519500)}, {'date': Timestamp('2025-10-31 00:00:00'), 'volume': np.int64(40018900)}, {'date': Timestamp('2025-09-30 00:00:00'), 'volume': np.int64(32645200)}, {'date': Timestamp('2025-08-31 00:00:00'), 'volume': np.int64(24570800)}, {'date': Timestamp('2025-06-30 00:00:00'), 'volume': np.int64(24360100)}]"
AROW,monthly,2026-03-31,2293900,61,6,6,True,1.0,"[{'date': Timestamp('2026-03-31 00:00:00'), 'volume': np.int64(2293900)}, {'date': Timestamp('2026-01-31 00:00:00'), 'volume': np.int64(1597900)}, {'date': Timestamp('2025-12-31 00:00:00'), 'volume': np.int64(1553900)}, {'date': Timestamp('2025-11-30 00:00:00'), 'volume': np.int64(1072500)}, {'date': Timestamp('2025-08-31 00:00:00'), 'volume': np.int64(968400)}, {'date': Timestamp('2025-06-30 00:00:00'), 'volume': np.int64(965400)}]"
MSFT,monthly,2026-03-31,745288400,61,7,7,False,0.46213832679510797,"[{'date': Timestamp('2026-03-31 00:00:00'), 'volume': np.int64(745288400)}, {'date': Timestamp('2026-01-31 00:00:00'), 'volume': np.int64(684062600)}, {'date': Timestamp('2025-12-31 00:00:00'), 'volume': np.int64(496558500)}, {'date': Timestamp('2025-11-30 00:00:00'), 'volume': np.int64(479480700)}, {'date': Timestamp('2025-10-31 00:00:00'), 'volume': np.int64(468447000)}, {'date': Timestamp('2025-08-31 00:00:00'), 'volume': np.int64(454888500)}, {'date': Timestamp('2025-06-30 00:00:00'), 'volume': np.int64(401255100)}]"
BBDO,monthly,2026-03-31,2062300,61,3,3,True,1.0,"[{'date': Timestamp('2026-03-31 00:00:00'), 'volume': np.int64(2062300)}, {'date': Timestamp('2025-10-31 00:00:00'), 'volume': np.int64(1302200)}, {'date': Timestamp('2025-06-30 00:00:00'), 'volume': np.int64(1096400)}]"
RHI,monthly,2026-03-31,72728900,61,6,6,True,1.0,"[{'date': Timestamp('2026-03-31 00:00:00'), 'volume': np.int64(72728900)}, {'date': Timestamp('2026-01-31 00:00:00'), 'volume': np.int64(55477300)}, {'date': Timestamp('2025-11-30 00:00:00'), 'volume': np.int64(52707800)}, {'date': Timestamp('2025-10-31 00:00:00'), 'volume': np.int64(51424500)}, {'date': Timestamp('2025-07-31 00:00:00'), 'volume': np.int64(49494000)}, {'date': Timestamp('2025-06-30 00:00:00'), 'volume': np.int64(42182600)}]"
CBZ,monthly,2026-03-31,29884800,61,5,5,True,1.0,"[{'date': Timestamp('2026-03-31 00:00:00'), 'volume': np.int64(29884800)}, {'date': Timestamp('2026-01-31 00:00:00'), 'volume': np.int64(17206700)}, {'date': Timestamp('2025-09-30 00:00:00'), 'volume': np.int64(16598500)}, {'date': Timestamp('2025-07-31 00:00:00'), 'volume': np.int64(14876700)}, {'date': Timestamp('2025-06-30 00:00:00'), 'volume': np.int64(11028600)}]"
BCSF,monthly,2026-03-31,12204200,61,5,5,True,1.0,"[{'date': Timestamp('2026-03-31 00:00:00'), 'volume': np.int64(12204200)}, {'date': Timestamp('2025-10-31 00:00:00'), 'volume': np.int64(9520361)}, {'date': Timestamp('2025-09-30 00:00:00'), 'volume': np.int64(7744175)}, {'date': Timestamp('2025-07-31 00:00:00'), 'volume': np.int64(5651657)}, {'date': Timestamp('2025-06-30 00:00:00'), 'volume': np.int64(5501268)}]"
HUBG,monthly,2026-03-31,18919000,61,6,6,True,1.0,"[{'date': Timestamp('2026-03-31 00:00:00'), 'volume': np.int64(18919000)}, {'date': Timestamp('2025-12-31 00:00:00'), 'volume': np.int64(18044600)}, {'date': Timestamp('2025-10-31 00:00:00'), 'volume': np.int64(14793900)}, {'date': Timestamp('2025-09-30 00:00:00'), 'volume': np.int64(13355700)}, {'date': Timestamp('2025-07-31 00:00:00'), 'volume': np.int64(12576700)}, {'date': Timestamp('2025-06-30 00:00:00'), 'volume': np.int64(10098100)}]"
DSGX,monthly,2026-03-31,14516200,61,5,5,True,1.0,"[{'date': Timestamp('2026-03-31 00:00:00'), 'volume': np.int64(14516200)}, {'date': Timestamp('2025-10-31 00:00:00'), 'volume': np.int64(12661700)}, {'date': Timestamp('2025-09-30 00:00:00'), 'volume': np.int64(11107700)}, {'date': Timestamp('2025-08-31 00:00:00'), 'volume': np.int64(9996000)}, {'date': Timestamp('2025-06-30 00:00:00'), 'volume': np.int64(9940600)}]"
OTF,monthly,2026-03-31,56967100,61,5,5,True,1.0,"[{'date': Timestamp('2026-03-31 00:00:00'), 'volume': np.int64(56967100)}, {'date': Timestamp('2025-12-31 00:00:00'), 'volume': np.int64(33954400)}, {'date': Timestamp('2025-09-30 00:00:00'), 'volume': np.int64(17962400)}, {'date': Timestamp('2025-08-31 00:00:00'), 'volume': np.int64(2852200)}, {'date': Timestamp('2025-06-30 00:00:00'), 'volume': np.int64(1455000)}]"
ADM,monthly,2026-03-31,100303000,61,2,2,False,0.5554472628842744,"[{'date': Timestamp('2026-03-31 00:00:00'), 'volume': np.int64(100303000)}, {'date': Timestamp('2025-06-30 00:00:00'), 'volume': np.int64(85808500)}]"
FGN,monthly,2026-03-31,1670200,61,3,3,False,0.23785585098050385,"[{'date': Timestamp('2026-03-31 00:00:00'), 'volume': np.int64(1670200)}, {'date': Timestamp('2025-12-31 00:00:00'), 'volume': np.int64(835500)}, {'date': Timestamp('2025-06-30 00:00:00'), 'volume': np.int64(638400)}]"
DNP,monthly,2026-03-31,17053700,61,6,6,False,0.5537401005932339,"[{'date': Timestamp('2026-03-31 00:00:00'), 'volume': np.int64(17053700)}, {'date': Timestamp('2026-01-31 00:00:00'), 'volume': np.int64(13489000)}, {'date': Timestamp('2025-12-31 00:00:00'), 'volume': np.int64(12973900)}, {'date': Timestamp('2025-10-31 00:00:00'), 'volume': np.int64(12235700)}, {'date': Timestamp('2025-07-31 00:00:00'), 'volume': np.int64(11478700)}, {'date': Timestamp('2025-06-30 00:00:00'), 'volume': np.int64(10069700)}]"
PRAA,monthly,2026-03-31,12058300,61,2,2,False,0.6482259972046016,"[{'date': Timestamp('2026-03-31 00:00:00'), 'volume': np.int64(12058300)}, {'date': Timestamp('2025-06-30 00:00:00'), 'volume': np.int64(10722200)}]"
TSN,monthly,2026-03-31,70630600,61,6,6,False,0.5902262110690499,"[{'date': Timestamp('2026-03-31 00:00:00'), 'volume': np.int64(70630600)}, {'date': Timestamp('2025-11-30 00:00:00'), 'volume': np.int64(68629300)}, {'date': Timestamp('2025-10-31 00:00:00'), 'volume': np.int64(61966400)}, {'date': Timestamp('2025-08-31 00:00:00'), 'volume': np.int64(59506800)}, {'date': Timestamp('2025-07-31 00:00:00'), 'volume': np.int64(53992400)}, {'date': Timestamp('2025-06-30 00:00:00'), 'volume': np.int64(51776800)}]"
GS,monthly,2026-03-31,52970600,61,5,5,False,0.3958696103826223,"[{'date': Timestamp('2026-03-31 00:00:00'), 'volume': np.int64(52970600)}, {'date': Timestamp('2026-01-31 00:00:00'), 'volume': np.int64(49804200)}, {'date': Timestamp('2025-10-31 00:00:00'), 'volume': np.int64(48971300)}, {'date': Timestamp('2025-07-31 00:00:00'), 'volume': np.int64(48019900)}, {'date': Timestamp('2025-06-30 00:00:00'), 'volume': np.int64(42628800)}]"
MTRN,monthly,2026-03-31,5711700,61,3,3,True,1.0,"[{'date': Timestamp('2026-03-31 00:00:00'), 'volume': np.int64(5711700)}, {'date': Timestamp('2025-07-31 00:00:00'), 'volume': np.int64(5287700)}, {'date': Timestamp('2025-06-30 00:00:00'), 'volume': np.int64(3492300)}]"
HSTM,monthly,2026-03-31,7598100,61,5,5,True,1.0,"[{'date': Timestamp('2026-03-31 00:00:00'), 'volume': np.int64(7598100)}, {'date': Timestamp('2026-01-31 00:00:00'), 'volume': np.int64(5668300)}, {'date': Timestamp('2025-12-31 00:00:00'), 'volume': np.int64(4837300)}, {'date': Timestamp('2025-08-31 00:00:00'), 'volume': np.int64(4294000)}, {'date': Timestamp('2025-06-30 00:00:00'), 'volume': np.int64(4160800)}]"
SEB,monthly,2026-03-31,455400,61,5,5,True,1.0,"[{'date': Timestamp('2026-03-31 00:00:00'), 'volume': np.int64(455400)}, {'date': Timestamp('2026-01-31 00:00:00'), 'volume': np.int64(378300)}, {'date': Timestamp('2025-12-31 00:00:00'), 'volume': np.int64(281400)}, {'date': Timestamp('2025-11-30 00:00:00'), 'volume': np.int64(208900)}, {'date': Timestamp('2025-06-30 00:00:00'), 'volume': np.int64(56200)}]"
CHE,monthly,2026-03-31,6631800,61,5,5,True,1.0,"[{'date': Timestamp('2026-03-31 00:00:00'), 'volume': np.int64(6631800)}, {'date': Timestamp('2025-10-31 00:00:00'), 'volume': np.int64(4827400)}, {'date': Timestamp('2025-09-30 00:00:00'), 'volume': np.int64(4212200)}, {'date': Timestamp('2025-07-31 00:00:00'), 'volume': np.int64(3846400)}, {'date': Timestamp('2025-06-30 00:00:00'), 'volume': np.int64(3432500)}]"
^DJI,monthly,2026-03-31,11925350000,61,4,4,False,0.7508607098243069,"[{'date': Timestamp('2026-03-31 00:00:00'), 'volume': np.int64(11925350000)}, {'date': Timestamp('2025-10-31 00:00:00'), 'volume': np.int64(11454860000)}, {'date': Timestamp('2025-09-30 00:00:00'), 'volume': np.int64(10815070000)}, {'date': Timestamp('2025-06-30 00:00:00'), 'volume': np.int64(10514990000)}]"
^HSI,monthly,2026-03-31,84460000000,61,2,2,False,0.8512860002459316,"[{'date': Timestamp('2026-03-31 00:00:00'), 'volume': np.int64(84460000000)}, {'date': Timestamp('2025-06-30 00:00:00'), 'volume': np.int64(79223700000)}]"
^STI,monthly,2026-03-31,7483510800,61,4,4,False,0.38440423493427667,"[{'date': Timestamp('2026-03-31 00:00:00'), 'volume': np.int64(7483510800)}, {'date': Timestamp('2025-11-30 00:00:00'), 'volume': np.int64(6643254000)}, {'date': Timestamp('2025-07-31 00:00:00'), 'volume': np.int64(6386102000)}, {'date': Timestamp('2025-06-30 00:00:00'), 'volume': np.int64(5534221300)}]"
KBE,monthly,2026-03-31,62778100,61,5,5,False,0.44500782934092475,"[{'date': Timestamp('2026-03-31 00:00:00'), 'volume': np.int64(62778100)}, {'date': Timestamp('2025-10-31 00:00:00'), 'volume': np.int64(50702400)}, {'date': Timestamp('2025-08-31 00:00:00'), 'volume': np.int64(35464300)}, {'date': Timestamp('2025-07-31 00:00:00'), 'volume': np.int64(33987200)}, {'date': Timestamp('2025-06-30 00:00:00'), 'volume': np.int64(31226200)}]"
UUP,monthly,2026-03-31,79413800,61,3,3,False,0.7656216558077833,"[{'date': Timestamp('2026-03-31 00:00:00'), 'volume': np.int64(79413800)}, {'date': Timestamp('2025-07-31 00:00:00'), 'volume': np.int64(31565700)}, {'date': Timestamp('2025-06-30 00:00:00'), 'volume': np.int64(28642500)}]"
ARKK,monthly,2026-03-31,265716200,61,3,3,False,0.2950313072754149,"[{'date': Timestamp('2026-03-31 00:00:00'), 'volume': np.int64(265716200)}, {'date': Timestamp('2025-08-31 00:00:00'), 'volume': np.int64(264289200)}, {'date': Timestamp('2025-06-30 00:00:00'), 'volume': np.int64(253183900)}]"
DPZ,monthly,2026-03-31,23055500,61,3,3,False,0.8733904847770828,"[{'date': Timestamp('2026-03-31 00:00:00'), 'volume': np.int64(23055500)}, {'date': Timestamp('2025-07-31 00:00:00'), 'volume': np.int64(16092100)}, {'date': Timestamp('2025-06-30 00:00:00'), 'volume': np.int64(12164800)}]"
BLK,monthly,2026-03-31,22230200,61,4,4,False,0.4429782697500174,"[{'date': Timestamp('2026-03-31 00:00:00'), 'volume': np.int64(22230200)}, {'date': Timestamp('2025-10-31 00:00:00'), 'volume': np.int64(16122900)}, {'date': Timestamp('2025-07-31 00:00:00'), 'volume': np.int64(14229200)}, {'date': Timestamp('2025-06-30 00:00:00'), 'volume': np.int64(11931700)}]"
EDF,monthly,2026-03-31,5773600,61,5,5,True,1.0,"[{'date': Timestamp('2026-03-31 00:00:00'), 'volume': np.int64(5773600)}, {'date': Timestamp('2026-01-31 00:00:00'), 'volume': np.int64(3399200)}, {'date': Timestamp('2025-09-30 00:00:00'), 'volume': np.int64(2728100)}, {'date': Timestamp('2025-07-31 00:00:00'), 'volume': np.int64(2275100)}, {'date': Timestamp('2025-06-30 00:00:00'), 'volume': np.int64(1985900)}]"
KOP,monthly,2026-03-31,6747300,61,5,5,True,1.0,"[{'date': Timestamp('2026-03-31 00:00:00'), 'volume': np.int64(6747300)}, {'date': Timestamp('2025-09-30 00:00:00'), 'volume': np.int64(4018600)}, {'date': Timestamp('2025-08-31 00:00:00'), 'volume': np.int64(3584500)}, {'date': Timestamp('2025-07-31 00:00:00'), 'volume': np.int64(2783500)}, {'date': Timestamp('2025-06-30 00:00:00'), 'volume': np.int64(2455900)}]"
MTD,monthly,2026-03-31,4063400,61,4,4,False,0.7201545441656033,"[{'date': Timestamp('2026-03-31 00:00:00'), 'volume': np.int64(4063400)}, {'date': Timestamp('2025-10-31 00:00:00'), 'volume': np.int64(3395400)}, {'date': Timestamp('2025-07-31 00:00:00'), 'volume': np.int64(3392700)}, {'date': Timestamp('2025-06-30 00:00:00'), 'volume': np.int64(3275000)}]"
PH,monthly,2026-03-31,19675900,61,3,3,False,0.4068631100082713,"[{'date': Timestamp('2026-03-31 00:00:00'), 'volume': np.int64(19675900)}, {'date': Timestamp('2025-08-31 00:00:00'), 'volume': np.int64(16739100)}, {'date': Timestamp('2025-06-30 00:00:00'), 'volume': np.int64(12558000)}]"
JLL,monthly,2026-03-31,10183500,61,3,3,False,0.562357112090388,"[{'date': Timestamp('2026-03-31 00:00:00'), 'volume': np.int64(10183500)}, {'date': Timestamp('2025-08-31 00:00:00'), 'volume': np.int64(9990800)}, {'date': Timestamp('2025-06-30 00:00:00'), 'volume': np.int64(9886300)}]"
TDG,monthly,2026-03-31,9061800,61,3,3,False,0.3191392699290356,"[{'date': Timestamp('2026-03-31 00:00:00'), 'volume': np.int64(9061800)}, {'date': Timestamp('2025-08-31 00:00:00'), 'volume': np.int64(9041300)}, {'date': Timestamp('2025-06-30 00:00:00'), 'volume': np.int64(5423100)}]"
BRK-B,monthly,2026-03-31,113618300,61,5,5,False,0.41049535485148314,"[{'date': Timestamp('2026-03-31 00:00:00'), 'volume': np.int64(113618300)}, {'date': Timestamp('2025-11-30 00:00:00'), 'volume': np.int64(108405100)}, {'date': Timestamp('2025-08-31 00:00:00'), 'volume': np.int64(104548900)}, {'date': Timestamp('2025-07-31 00:00:00'), 'volume': np.int64(96605400)}, {'date': Timestamp('2025-06-30 00:00:00'), 'volume': np.int64(95956700)}]"
AMP,monthly,2026-03-31,15399400,61,6,6,False,0.45798016928082413,"[{'date': Timestamp('2026-03-31 00:00:00'), 'volume': np.int64(15399400)}, {'date': Timestamp('2025-12-31 00:00:00'), 'volume': np.int64(13373400)}, {'date': Timestamp('2025-10-31 00:00:00'), 'volume': np.int64(13103800)}, {'date': Timestamp('2025-09-30 00:00:00'), 'volume': np.int64(11736400)}, {'date': Timestamp('2025-07-31 00:00:00'), 'volume': np.int64(9713600)}, {'date': Timestamp('2025-06-30 00:00:00'), 'volume': np.int64(9665900)}]"
CPNG,monthly,2026-03-31,505022700,61,6,6,True,1.0,"[{'date': Timestamp('2026-03-31 00:00:00'), 'volume': np.int64(505022700)}, {'date': Timestamp('2026-01-31 00:00:00'), 'volume': np.int64(492389600)}, {'date': Timestamp('2025-12-31 00:00:00'), 'volume': np.int64(379274100)}, {'date': Timestamp('2025-09-30 00:00:00'), 'volume': np.int64(373615500)}, {'date': Timestamp('2025-08-31 00:00:00'), 'volume': np.int64(217173200)}, {'date': Timestamp('2025-06-30 00:00:00'), 'volume': np.int64(216724700)}]"
ORC,monthly,2026-03-31,154495000,61,6,6,True,1.0,"[{'date': Timestamp('2026-03-31 00:00:00'), 'volume': np.int64(154495000)}, {'date': Timestamp('2026-01-31 00:00:00'), 'volume': np.int64(147705100)}, {'date': Timestamp('2025-10-31 00:00:00'), 'volume': np.int64(136248400)}, {'date': Timestamp('2025-09-30 00:00:00'), 'volume': np.int64(102347800)}, {'date': Timestamp('2025-07-31 00:00:00'), 'volume': np.int64(93202900)}, {'date': Timestamp('2025-06-30 00:00:00'), 'volume': np.int64(74149800)}]"
MIN,monthly,2026-03-31,10536100,61,4,4,False,0.6299121742405672,"[{'date': Timestamp('2026-03-31 00:00:00'), 'volume': np.int64(10536100)}, {'date': Timestamp('2025-09-30 00:00:00'), 'volume': np.int64(5974900)}, {'date': Timestamp('2025-07-31 00:00:00'), 'volume': np.int64(3587500)}, {'date': Timestamp('2025-06-30 00:00:00'), 'volume': np.int64(3041300)}]"
BP,monthly,2026-03-31,438337100,61,2,2,False,0.7853420598120928,"[{'date': Timestamp('2026-03-31 00:00:00'), 'volume': np.int64(438337100)}, {'date': Timestamp('2025-06-30 00:00:00'), 'volume': np.int64(251263600)}]"
^FCHI,monthly,2026-03-31,1795450000,61,3,3,False,0.3775534272954105,"[{'date': Timestamp('2026-03-31 00:00:00'), 'volume': np.int64(1795450000)}, {'date': Timestamp('2025-10-31 00:00:00'), 'volume': np.int64(1381141900)}, {'date': Timestamp('2025-06-30 00:00:00'), 'volume': np.int64(1326313900)}]"
PBA,monthly,2026-03-31,37284000,61,3,3,False,0.5532752219244433,"[{'date': Timestamp('2026-03-31 00:00:00'), 'volume': np.int64(37284000)}, {'date': Timestamp('2025-10-31 00:00:00'), 'volume': np.int64(33492200)}, {'date': Timestamp('2025-06-30 00:00:00'), 'volume': np.int64(32080000)}]"
ECO,monthly,2026-03-31,13643300,61,5,5,True,1.0,"[{'date': Timestamp('2026-03-31 00:00:00'), 'volume': np.int64(13643300)}, {'date': Timestamp('2026-01-31 00:00:00'), 'volume': np.int64(9340200)}, {'date': Timestamp('2025-11-30 00:00:00'), 'volume': np.int64(6219500)}, {'date': Timestamp('2025-10-31 00:00:00'), 'volume': np.int64(3958600)}, {'date': Timestamp('2025-06-30 00:00:00'), 'volume': np.int64(3171900)}]"
UL,monthly,2026-03-31,108347500,61,5,5,False,0.8404594979932452,"[{'date': Timestamp('2026-03-31 00:00:00'), 'volume': np.int64(108347500)}, {'date': Timestamp('2025-10-31 00:00:00'), 'volume': np.int64(67877120)}, {'date': Timestamp('2025-09-30 00:00:00'), 'volume': np.int64(44266625)}, {'date': Timestamp('2025-07-31 00:00:00'), 'volume': np.int64(41798426)}, {'date': Timestamp('2025-06-30 00:00:00'), 'volume': np.int64(38648781)}]"
OGE,monthly,2026-03-31,40395200,61,6,6,False,0.6357474146085046,"[{'date': Timestamp('2026-03-31 00:00:00'), 'volume': np.int64(40395200)}, {'date': Timestamp('2026-01-31 00:00:00'), 'volume': np.int64(31244900)}, {'date': Timestamp('2025-12-31 00:00:00'), 'volume': np.int64(29672500)}, {'date': Timestamp('2025-11-30 00:00:00'), 'volume': np.int64(27314000)}, {'date': Timestamp('2025-07-31 00:00:00'), 'volume': np.int64(25319000)}, {'date': Timestamp('2025-06-30 00:00:00'), 'volume': np.int64(22716600)}]"
LMAT,monthly,2026-03-31,6022400,61,3,3,True,1.0,"[{'date': Timestamp('2026-03-31 00:00:00'), 'volume': np.int64(6022400)}, {'date': Timestamp('2025-08-31 00:00:00'), 'volume': np.int64(4565900)}, {'date': Timestamp('2025-06-30 00:00:00'), 'volume': np.int64(3231600)}]"
ARCC,monthly,2026-03-31,189468700,61,4,4,True,1.0,"[{'date': Timestamp('2026-03-31 00:00:00'), 'volume': np.int64(189468700)}, {'date': Timestamp('2025-10-31 00:00:00'), 'volume': np.int64(157240700)}, {'date': Timestamp('2025-09-30 00:00:00'), 'volume': np.int64(103424600)}, {'date': Timestamp('2025-06-30 00:00:00'), 'volume': np.int64(89799500)}]"
REGCO,monthly,2026-03-31,153400,61,3,3,False,0.5850495804729214,"[{'date': Timestamp('2026-03-31 00:00:00'), 'volume': np.int64(153400)}, {'date': Timestamp('2025-09-30 00:00:00'), 'volume': np.int64(111900)}, {'date': Timestamp('2025-06-30 00:00:00'), 'volume': np.int64(65800)}]"
WS,monthly,2026-03-31,8532800,61,3,3,False,0.9567850014576933,"[{'date': Timestamp('2026-03-31 00:00:00'), 'volume': np.int64(8532800)}, {'date': Timestamp('2025-09-30 00:00:00'), 'volume': np.int64(7490700)}, {'date': Timestamp('2025-06-30 00:00:00'), 'volume': np.int64(7202300)}]"
EMA,monthly,2026-03-31,8475900,61,5,5,True,1.0,"[{'date': Timestamp('2026-03-31 00:00:00'), 'volume': np.int64(8475900)}, {'date': Timestamp('2026-01-31 00:00:00'), 'volume': np.int64(5111700)}, {'date': Timestamp('2025-12-31 00:00:00'), 'volume': np.int64(4736600)}, {'date': Timestamp('2025-11-30 00:00:00'), 'volume': np.int64(3590000)}, {'date': Timestamp('2025-06-30 00:00:00'), 'volume': np.int64(3333000)}]"
ORA,monthly,2026-03-31,22649700,61,4,4,True,1.0,"[{'date': Timestamp('2026-03-31 00:00:00'), 'volume': np.int64(22649700)}, {'date': Timestamp('2025-10-31 00:00:00'), 'volume': np.int64(13906200)}, {'date': Timestamp('2025-08-31 00:00:00'), 'volume': np.int64(12480000)}, {'date': Timestamp('2025-06-30 00:00:00'), 'volume': np.int64(11514500)}]"
PCOR,monthly,2026-03-31,49301000,61,4,4,False,0.8542990471206547,"[{'date': Timestamp('2026-03-31 00:00:00'), 'volume': np.int64(49301000)}, {'date': Timestamp('2025-08-31 00:00:00'), 'volume': np.int64(49145700)}, {'date': Timestamp('2025-07-31 00:00:00'), 'volume': np.int64(30798200)}, {'date': Timestamp('2025-06-30 00:00:00'), 'volume': np.int64(21515000)}]"
IPX,monthly,2026-03-31,8346300,61,6,6,False,0.5193165626536085,"[{'date': Timestamp('2026-03-31 00:00:00'), 'volume': np.int64(8346300)}, {'date': Timestamp('2025-11-30 00:00:00'), 'volume': np.int64(3788900)}, {'date': Timestamp('2025-10-31 00:00:00'), 'volume': np.int64(3586300)}, {'date': Timestamp('2025-09-30 00:00:00'), 'volume': np.int64(2638500)}, {'date': Timestamp('2025-07-31 00:00:00'), 'volume': np.int64(1519000)}, {'date': Timestamp('2025-06-30 00:00:00'), 'volume': np.int64(1417700)}]"
SPSC,monthly,2026-03-31,16127200,61,6,6,True,1.0,"[{'date': Timestamp('2026-03-31 00:00:00'), 'volume': np.int64(16127200)}, {'date': Timestamp('2025-12-31 00:00:00'), 'volume': np.int64(12584500)}, {'date': Timestamp('2025-10-31 00:00:00'), 'volume': np.int64(11652800)}, {'date': Timestamp('2025-08-31 00:00:00'), 'volume': np.int64(10405300)}, {'date': Timestamp('2025-07-31 00:00:00'), 'volume': np.int64(8173400)}, {'date': Timestamp('2025-06-30 00:00:00'), 'volume': np.int64(6890000)}]"
BBCP,monthly,2026-03-31,3616900,61,3,3,False,0.6418861361539008,"[{'date': Timestamp('2026-03-31 00:00:00'), 'volume': np.int64(3616900)}, {'date': Timestamp('2026-01-31 00:00:00'), 'volume': np.int64(2603600)}, {'date': Timestamp('2025-06-30 00:00:00'), 'volume': np.int64(2432200)}]"
ULTA,monthly,2026-03-31,20137900,61,4,4,False,0.5222972061707006,"[{'date': Timestamp('2026-03-31 00:00:00'), 'volume': np.int64(20137900)}, {'date': Timestamp('2025-12-31 00:00:00'), 'volume': np.int64(19214600)}, {'date': Timestamp('2025-08-31 00:00:00'), 'volume': np.int64(16461400)}, {'date': Timestamp('2025-06-30 00:00:00'), 'volume': np.int64(15628900)}]"
ACA,monthly,2026-03-31,8538400,61,4,4,False,0.933474729143207,"[{'date': Timestamp('2026-03-31 00:00:00'), 'volume': np.int64(8538400)}, {'date': Timestamp('2025-08-31 00:00:00'), 'volume': np.int64(6617600)}, {'date': Timestamp('2025-07-31 00:00:00'), 'volume': np.int64(5898800)}, {'date': Timestamp('2025-06-30 00:00:00'), 'volume': np.int64(5448000)}]"
WRLD,monthly,2026-03-31,3739700,61,6,6,True,1.0,"[{'date': Timestamp('2026-03-31 00:00:00'), 'volume': np.int64(3739700)}, {'date': Timestamp('2025-12-31 00:00:00'), 'volume': np.int64(2475100)}, {'date': Timestamp('2025-11-30 00:00:00'), 'volume': np.int64(1443100)}, {'date': Timestamp('2025-10-31 00:00:00'), 'volume': np.int64(1430400)}, {'date': Timestamp('2025-07-31 00:00:00'), 'volume': np.int64(1418900)}, {'date': Timestamp('2025-06-30 00:00:00'), 'volume': np.int64(1224500)}]"
ADBE,monthly,2026-03-31,141420400,61,3,3,True,1.0,"[{'date': Timestamp('2026-03-31 00:00:00'), 'volume': np.int64(141420400)}, {'date': Timestamp('2025-09-30 00:00:00'), 'volume': np.int64(119605000)}, {'date': Timestamp('2025-06-30 00:00:00'), 'volume': np.int64(90974100)}]"
JBLU,monthly,2026-03-31,678693000,61,3,3,False,0.9667491552787227,"[{'date': Timestamp('2026-03-31 00:00:00'), 'volume': np.int64(678693000)}, {'date': Timestamp('2025-10-31 00:00:00'), 'volume': np.int64(565160500)}, {'date': Timestamp('2025-06-30 00:00:00'), 'volume': np.int64(446100300)}]"
UBS,monthly,2026-03-31,67866100,61,2,2,False,0.3484732175728501,"[{'date': Timestamp('2026-03-31 00:00:00'), 'volume': np.int64(67866100)}, {'date': Timestamp('2025-06-30 00:00:00'), 'volume': np.int64(57028300)}]"
CRVL,monthly,2026-03-31,5545300,61,4,4,False,0.9451517785618108,"[{'date': Timestamp('2026-03-31 00:00:00'), 'volume': np.int64(5545300)}, {'date': Timestamp('2025-09-30 00:00:00'), 'volume': np.int64(4568900)}, {'date': Timestamp('2025-07-31 00:00:00'), 'volume': np.int64(3524500)}, {'date': Timestamp('2025-06-30 00:00:00'), 'volume': np.int64(2883600)}]"
QQQ,monthly,2026-03-31,1630084200,61,5,5,False,0.743727654248562,"[{'date': Timestamp('2026-03-31 00:00:00'), 'volume': np.int64(1630084200)}, {'date': Timestamp('2025-10-31 00:00:00'), 'volume': np.int64(1324908800)}, {'date': Timestamp('2025-09-30 00:00:00'), 'volume': np.int64(1132872000)}, {'date': Timestamp('2025-08-31 00:00:00'), 'volume': np.int64(964846900)}, {'date': Timestamp('2025-06-30 00:00:00'), 'volume': np.int64(924943900)}]"
DEI,monthly,2026-03-31,56640500,61,5,5,False,0.4956421677152883,"[{'date': Timestamp('2026-03-31 00:00:00'), 'volume': np.int64(56640500)}, {'date': Timestamp('2026-01-31 00:00:00'), 'volume': np.int64(55381100)}, {'date': Timestamp('2025-10-31 00:00:00'), 'volume': np.int64(44279400)}, {'date': Timestamp('2025-09-30 00:00:00'), 'volume': np.int64(35159100)}, {'date': Timestamp('2025-06-30 00:00:00'), 'volume': np.int64(33151400)}]"
NAT,monthly,2026-03-31,135078700,61,3,3,False,0.333174653718739,"[{'date': Timestamp('2026-03-31 00:00:00'), 'volume': np.int64(135078700)}, {'date': Timestamp('2025-10-31 00:00:00'), 'volume': np.int64(70168400)}, {'date': Timestamp('2025-06-30 00:00:00'), 'volume': np.int64(60379400)}]"
VRRM,monthly,2026-03-31,37683000,61,5,5,False,0.5782687692203814,"[{'date': Timestamp('2026-03-31 00:00:00'), 'volume': np.int64(37683000)}, {'date': Timestamp('2025-12-31 00:00:00'), 'volume': np.int64(32264200)}, {'date': Timestamp('2025-11-30 00:00:00'), 'volume': np.int64(30404200)}, {'date': Timestamp('2025-10-31 00:00:00'), 'volume': np.int64(27132100)}, {'date': Timestamp('2025-06-30 00:00:00'), 'volume': np.int64(21682200)}]"
VTV,monthly,2026-03-31,129001900,61,6,6,True,1.0,"[{'date': Timestamp('2026-03-31 00:00:00'), 'volume': np.int64(129001900)}, {'date': Timestamp('2025-11-30 00:00:00'), 'volume': np.int64(92926800)}, {'date': Timestamp('2025-10-31 00:00:00'), 'volume': np.int64(73684300)}, {'date': Timestamp('2025-09-30 00:00:00'), 'volume': np.int64(67300100)}, {'date': Timestamp('2025-07-31 00:00:00'), 'volume': np.int64(60287800)}, {'date': Timestamp('2025-06-30 00:00:00'), 'volume': np.int64(46406400)}]"
ESEA,monthly,2026-03-31,2143400,61,4,4,False,0.14483048940596796,"[{'date': Timestamp('2026-03-31 00:00:00'), 'volume': np.int64(2143400)}, {'date': Timestamp('2025-08-31 00:00:00'), 'volume': np.int64(1104900)}, {'date': Timestamp('2025-07-31 00:00:00'), 'volume': np.int64(947500)}, {'date': Timestamp('2025-06-30 00:00:00'), 'volume': np.int64(820300)}]"
TRIN,monthly,2026-03-31,30288100,61,4,4,True,1.0,"[{'date': Timestamp('2026-03-31 00:00:00'), 'volume': np.int64(30288100)}, {'date': Timestamp('2025-12-31 00:00:00'), 'volume': np.int64(23890400)}, {'date': Timestamp('2025-09-30 00:00:00'), 'volume': np.int64(18217900)}, {'date': Timestamp('2025-06-30 00:00:00'), 'volume': np.int64(17367500)}]"
MTRX,monthly,2026-03-31,8647800,61,3,3,False,0.5173552532395276,"[{'date': Timestamp('2026-03-31 00:00:00'), 'volume': np.int64(8647800)}, {'date': Timestamp('2025-09-30 00:00:00'), 'volume': np.int64(7851900)}, {'date': Timestamp('2025-06-30 00:00:00'), 'volume': np.int64(3800100)}]"
EPRX,monthly,2026-03-31,5100200,61,4,4,True,1.0,"[{'date': Timestamp('2026-03-31 00:00:00'), 'volume': np.int64(5100200)}, {'date': Timestamp('2025-09-30 00:00:00'), 'volume': np.int64(3828700)}, {'date': Timestamp('2025-07-31 00:00:00'), 'volume': np.int64(274800)}, {'date': Timestamp('2025-06-30 00:00:00'), 'volume': np.int64(251700)}]"
NXST,monthly,2026-03-31,9981300,61,4,4,False,0.3788458472820022,"[{'date': Timestamp('2026-03-31 00:00:00'), 'volume': np.int64(9981300)}, {'date': Timestamp('2025-08-31 00:00:00'), 'volume': np.int64(9280900)}, {'date': Timestamp('2025-07-31 00:00:00'), 'volume': np.int64(6421800)}, {'date': Timestamp('2025-06-30 00:00:00'), 'volume': np.int64(5758700)}]"
CSCO,monthly,2026-03-31,536396100,61,4,4,False,0.5408128645837692,"[{'date': Timestamp('2026-03-31 00:00:00'), 'volume': np.int64(536396100)}, {'date': Timestamp('2025-11-30 00:00:00'), 'volume': np.int64(491359100)}, {'date': Timestamp('2025-08-31 00:00:00'), 'volume': np.int64(468602700)}, {'date': Timestamp('2025-06-30 00:00:00'), 'volume': np.int64(432272900)}]"
MCFT,monthly,2026-03-31,3699000,61,4,4,False,0.3451171382987656,"[{'date': Timestamp('2026-03-31 00:00:00'), 'volume': np.int64(3699000)}, {'date': Timestamp('2025-11-30 00:00:00'), 'volume': np.int64(3388000)}, {'date': Timestamp('2025-08-31 00:00:00'), 'volume': np.int64(3317400)}, {'date': Timestamp('2025-06-30 00:00:00'), 'volume': np.int64(2314400)}]"
AIV,monthly,2026-03-31,54823800,61,5,5,False,0.11664680017717255,"[{'date': Timestamp('2026-03-31 00:00:00'), 'volume': np.int64(54823800)}, {'date': Timestamp('2025-10-31 00:00:00'), 'volume': np.int64(48585400)}, {'date': Timestamp('2025-09-30 00:00:00'), 'volume': np.int64(47647400)}, {'date': Timestamp('2025-08-31 00:00:00'), 'volume': np.int64(41070800)}, {'date': Timestamp('2025-06-30 00:00:00'), 'volume': np.int64(22510000)}]"
OMDA,monthly,2026-03-31,39657700,61,2,2,True,1.0,"[{'date': Timestamp('2026-03-31 00:00:00'), 'volume': np.int64(39657700)}, {'date': Timestamp('2025-06-30 00:00:00'), 'volume': np.int64(29257700)}]"
KREF,monthly,2026-03-31,44156900,61,6,6,True,1.0,"[{'date': Timestamp('2026-03-31 00:00:00'), 'volume': np.int64(44156900)}, {'date': Timestamp('2025-12-31 00:00:00'), 'volume': np.int64(20867700)}, {'date': Timestamp('2025-10-31 00:00:00'), 'volume': np.int64(19311700)}, {'date': Timestamp('2025-09-30 00:00:00'), 'volume': np.int64(17055300)}, {'date': Timestamp('2025-07-31 00:00:00'), 'volume': np.int64(17003200)}, {'date': Timestamp('2025-06-30 00:00:00'), 'volume': np.int64(14997400)}]"
WPM,monthly,2026-03-31,61618800,61,5,5,False,0.6204723616572433,"[{'date': Timestamp('2026-03-31 00:00:00'), 'volume': np.int64(61618800)}, {'date': Timestamp('2025-10-31 00:00:00'), 'volume': np.int64(59509400)}, {'date': Timestamp('2025-09-30 00:00:00'), 'volume': np.int64(52556600)}, {'date': Timestamp('2025-08-31 00:00:00'), 'volume': np.int64(39648500)}, {'date': Timestamp('2025-06-30 00:00:00'), 'volume': np.int64(38535300)}]"
UPBD,monthly,2026-03-31,20088900,61,6,6,False,0.7774853608790052,"[{'date': Timestamp('2026-03-31 00:00:00'), 'volume': np.int64(20088900)}, {'date': Timestamp('2025-10-31 00:00:00'), 'volume': np.int64(17499200)}, {'date': Timestamp('2025-09-30 00:00:00'), 'volume': np.int64(16656500)}, {'date': Timestamp('2025-08-31 00:00:00'), 'volume': np.int64(15362800)}, {'date': Timestamp('2025-07-31 00:00:00'), 'volume': np.int64(14102900)}, {'date': Timestamp('2025-06-30 00:00:00'), 'volume': np.int64(12893300)}]"
OXY,monthly,2026-03-31,500555300,61,2,2,False,0.4020128620265988,"[{'date': Timestamp('2026-03-31 00:00:00'), 'volume': np.int64(500555300)}, {'date': Timestamp('2025-06-30 00:00:00'), 'volume': np.int64(286722800)}]"
MFIN,monthly,2026-03-31,1584300,61,3,3,False,0.0937084114581793,"[{'date': Timestamp('2026-03-31 00:00:00'), 'volume': np.int64(1584300)}, {'date': Timestamp('2025-07-31 00:00:00'), 'volume': np.int64(1366800)}, {'date': Timestamp('2025-06-30 00:00:00'), 'volume': np.int64(1240400)}]"
ATHM,monthly,2026-03-31,18219000,61,6,6,False,0.6972418781405353,"[{'date': Timestamp('2026-03-31 00:00:00'), 'volume': np.int64(18219000)}, {'date': Timestamp('2025-12-31 00:00:00'), 'volume': np.int64(10498900)}, {'date': Timestamp('2025-11-30 00:00:00'), 'volume': np.int64(8291800)}, {'date': Timestamp('2025-10-31 00:00:00'), 'volume': np.int64(7115600)}, {'date': Timestamp('2025-08-31 00:00:00'), 'volume': np.int64(6266400)}, {'date': Timestamp('2025-06-30 00:00:00'), 'volume': np.int64(5952400)}]"
ONBPO,monthly,2026-03-31,242000,61,2,2,False,0.2184904297580354,"[{'date': Timestamp('2026-03-31 00:00:00'), 'volume': np.int64(242000)}, {'date': Timestamp('2025-06-30 00:00:00'), 'volume': np.int64(199200)}]"
CCNE,monthly,2026-03-31,3783600,61,4,4,True,1.0,"[{'date': Timestamp('2026-03-31 00:00:00'), 'volume': np.int64(3783600)}, {'date': Timestamp('2025-08-31 00:00:00'), 'volume': np.int64(3269300)}, {'date': Timestamp('2025-07-31 00:00:00'), 'volume': np.int64(3248200)}, {'date': Timestamp('2025-06-30 00:00:00'), 'volume': np.int64(1272300)}]"
XLI,monthly,2026-03-31,362730000,61,3,3,False,0.6169892225473135,"[{'date': Timestamp('2026-03-31 00:00:00'), 'volume': np.int64(362730000)}, {'date': Timestamp('2025-11-30 00:00:00'), 'volume': np.int64(254081800)}, {'date': Timestamp('2025-06-30 00:00:00'), 'volume': np.int64(249955900)}]"
CIGI,monthly,2026-03-31,8610900,61,4,4,True,1.0,"[{'date': Timestamp('2026-03-31 00:00:00'), 'volume': np.int64(8610900)}, {'date': Timestamp('2026-02-28 00:00:00'), 'volume': np.int64(4520200)}, {'date': Timestamp('2025-07-31 00:00:00'), 'volume': np.int64(3179300)}, {'date': Timestamp('2025-06-30 00:00:00'), 'volume': np.int64(2639800)}]"
BPYPO,monthly,2026-03-31,1063100,61,5,5,False,0.6036568054057123,"[{'date': Timestamp('2026-03-31 00:00:00'), 'volume': np.int64(1063100)}, {'date': Timestamp('2025-11-30 00:00:00'), 'volume': np.int64(394000)}, {'date': Timestamp('2025-08-31 00:00:00'), 'volume': np.int64(351500)}, {'date': Timestamp('2025-07-31 00:00:00'), 'volume': np.int64(237000)}, {'date': Timestamp('2025-06-30 00:00:00'), 'volume': np.int64(164900)}]"
NFG,monthly,2026-03-31,18837800,61,4,4,False,0.8212450028555112,"[{'date': Timestamp('2026-03-31 00:00:00'), 'volume': np.int64(18837800)}, {'date': Timestamp('2026-01-31 00:00:00'), 'volume': np.int64(17868800)}, {'date': Timestamp('2025-07-31 00:00:00'), 'volume': np.int64(15977700)}, {'date': Timestamp('2025-06-30 00:00:00'), 'volume': np.int64(9806900)}]"
QSR,monthly,2026-03-31,95071100,61,2,2,False,0.8618507411812486,"[{'date': Timestamp('2026-03-31 00:00:00'), 'volume': np.int64(95071100)}, {'date': Timestamp('2025-06-30 00:00:00'), 'volume': np.int64(82081100)}]"
EXC,monthly,2026-03-31,202487100,61,4,4,False,0.6680984461069296,"[{'date': Timestamp('2026-03-31 00:00:00'), 'volume': np.int64(202487100)}, {'date': Timestamp('2025-10-31 00:00:00'), 'volume': np.int64(158841800)}, {'date': Timestamp('2025-08-31 00:00:00'), 'volume': np.int64(124964300)}, {'date': Timestamp('2025-06-30 00:00:00'), 'volume': np.int64(123254800)}]"
CAG,monthly,2026-03-31,349391700,61,3,3,True,1.0,"[{'date': Timestamp('2026-03-31 00:00:00'), 'volume': np.int64(349391700)}, {'date': Timestamp('2025-07-31 00:00:00'), 'volume': np.int64(279007800)}, {'date': Timestamp('2025-06-30 00:00:00'), 'volume': np.int64(160462300)}]"
KFRC,monthly,2026-03-31,7070700,61,4,4,True,1.0,"[{'date': Timestamp('2026-03-31 00:00:00'), 'volume': np.int64(7070700)}, {'date': Timestamp('2025-08-31 00:00:00'), 'volume': np.int64(6177200)}, {'date': Timestamp('2025-07-31 00:00:00'), 'volume': np.int64(5238900)}, {'date': Timestamp('2025-06-30 00:00:00'), 'volume': np.int64(2816100)}]"
RYN,monthly,2026-03-31,72265300,61,7,7,True,1.0,"[{'date': Timestamp('2026-03-31 00:00:00'), 'volume': np.int64(72265300)}, {'date': Timestamp('2026-01-31 00:00:00'), 'volume': np.int64(60066200)}, {'date': Timestamp('2025-12-31 00:00:00'), 'volume': np.int64(34756500)}, {'date': Timestamp('2025-11-30 00:00:00'), 'volume': np.int64(29306000)}, {'date': Timestamp('2025-10-31 00:00:00'), 'volume': np.int64(29042500)}, {'date': Timestamp('2025-07-31 00:00:00'), 'volume': np.int64(24774800)}, {'date': Timestamp('2025-06-30 00:00:00'), 'volume': np.int64(21186900)}]"
TOWN,monthly,2026-03-31,14072000,61,8,8,True,1.0,"[{'date': Timestamp('2026-03-31 00:00:00'), 'volume': np.int64(14072000)}, {'date': Timestamp('2026-01-31 00:00:00'), 'volume': np.int64(9582100)}, {'date': Timestamp('2025-12-31 00:00:00'), 'volume': np.int64(8399900)}, {'date': Timestamp('2025-10-31 00:00:00'), 'volume': np.int64(7856200)}, {'date': Timestamp('2025-09-30 00:00:00'), 'volume': np.int64(7015300)}, {'date': Timestamp('2025-08-31 00:00:00'), 'volume': np.int64(6942500)}, {'date': Timestamp('2025-07-31 00:00:00'), 'volume': np.int64(6068800)}, {'date': Timestamp('2025-06-30 00:00:00'), 'volume': np.int64(5282100)}]"
ADC,monthly,2026-03-31,29942700,61,5,5,False,0.8491757158779271,"[{'date': Timestamp('2026-03-31 00:00:00'), 'volume': np.int64(29942700)}, {'date': Timestamp('2026-01-31 00:00:00'), 'volume': np.int64(28484600)}, {'date': Timestamp('2025-10-31 00:00:00'), 'volume': np.int64(26858400)}, {'date': Timestamp('2025-07-31 00:00:00'), 'volume': np.int64(25231000)}, {'date': Timestamp('2025-06-30 00:00:00'), 'volume': np.int64(21743400)}]"
PFS,monthly,2026-03-31,23111900,61,5,5,False,0.6136190458490531,"[{'date': Timestamp('2026-03-31 00:00:00'), 'volume': np.int64(23111900)}, {'date': Timestamp('2026-01-31 00:00:00'), 'volume': np.int64(19852200)}, {'date': Timestamp('2025-12-31 00:00:00'), 'volume': np.int64(18355800)}, {'date': Timestamp('2025-11-30 00:00:00'), 'volume': np.int64(16573600)}, {'date': Timestamp('2025-06-30 00:00:00'), 'volume': np.int64(14120100)}]"
TRINI,monthly,2026-03-31,398800,61,5,5,False,0.21576583887896986,"[{'date': Timestamp('2026-03-31 00:00:00'), 'volume': np.int64(398800)}, {'date': Timestamp('2025-12-31 00:00:00'), 'volume': np.int64(350900)}, {'date': Timestamp('2025-10-31 00:00:00'), 'volume': np.int64(316100)}, {'date': Timestamp('2025-09-30 00:00:00'), 'volume': np.int64(241000)}, {'date': Timestamp('2025-06-30 00:00:00'), 'volume': np.int64(232800)}]"
HRZN,monthly,2026-03-31,30534900,61,7,7,True,1.0,"[{'date': Timestamp('2026-03-31 00:00:00'), 'volume': np.int64(30534900)}, {'date': Timestamp('2026-01-31 00:00:00'), 'volume': np.int64(17277100)}, {'date': Timestamp('2025-10-31 00:00:00'), 'volume': np.int64(16644900)}, {'date': Timestamp('2025-09-30 00:00:00'), 'volume': np.int64(15817200)}, {'date': Timestamp('2025-08-31 00:00:00'), 'volume': np.int64(14205000)}, {'date': Timestamp('2025-07-31 00:00:00'), 'volume': np.int64(10305300)}, {'date': Timestamp('2025-06-30 00:00:00'), 'volume': np.int64(9226100)}]"
HTFC,monthly,2026-03-31,101200,61,4,4,False,0.7126760563380282,"[{'date': Timestamp('2026-03-31 00:00:00'), 'volume': np.int64(101200)}, {'date': Timestamp('2026-01-31 00:00:00'), 'volume': np.int64(78500)}, {'date': Timestamp('2025-08-31 00:00:00'), 'volume': np.int64(50000)}, {'date': Timestamp('2025-06-30 00:00:00'), 'volume': np.int64(38100)}]"
PBR,monthly,2026-03-31,865787900,61,3,3,False,0.8371490316280059,"[{'date': Timestamp('2026-03-31 00:00:00'), 'volume': np.int64(865787900)}, {'date': Timestamp('2025-10-31 00:00:00'), 'volume': np.int64(564903600)}, {'date': Timestamp('2025-06-30 00:00:00'), 'volume': np.int64(550341700)}]"
TXNM,monthly,2026-03-31,32065600,61,3,3,False,0.47824485260669514,"[{'date': Timestamp('2026-03-31 00:00:00'), 'volume': np.int64(32065600)}, {'date': Timestamp('2025-07-31 00:00:00'), 'volume': np.int64(27483300)}, {'date': Timestamp('2025-06-30 00:00:00'), 'volume': np.int64(25998000)}]"
AUBN,monthly,2026-03-31,137400,61,2,2,False,0.25397412199630315,"[{'date': Timestamp('2026-03-31 00:00:00'), 'volume': np.int64(137400)}, {'date': Timestamp('2025-06-30 00:00:00'), 'volume': np.int64(62200)}]"
NYT,monthly,2026-03-31,51295500,61,4,4,False,0.9712481538985875,"[{'date': Timestamp('2026-03-31 00:00:00'), 'volume': np.int64(51295500)}, {'date': Timestamp('2025-08-31 00:00:00'), 'volume': np.int64(45328000)}, {'date': Timestamp('2025-07-31 00:00:00'), 'volume': np.int64(38092300)}, {'date': Timestamp('2025-06-30 00:00:00'), 'volume': np.int64(28008300)}]"
CRWD,monthly,2026-03-31,92133000,61,2,2,False,0.3672088729888466,"[{'date': Timestamp('2026-03-31 00:00:00'), 'volume': np.int64(92133000)}, {'date': Timestamp('2025-06-30 00:00:00'), 'volume': np.int64(85506300)}]"
ABBV,monthly,2026-03-31,166370300,61,4,4,False,0.45186911382262873,"[{'date': Timestamp('2026-03-31 00:00:00'), 'volume': np.int64(166370300)}, {'date': Timestamp('2026-01-31 00:00:00'), 'volume': np.int64(146062900)}, {'date': Timestamp('2025-10-31 00:00:00'), 'volume': np.int64(137468000)}, {'date': Timestamp('2025-06-30 00:00:00'), 'volume': np.int64(125437000)}]"
YOU,monthly,2026-03-31,42658700,61,4,4,False,0.743912583248029,"[{'date': Timestamp('2026-03-31 00:00:00'), 'volume': np.int64(42658700)}, {'date': Timestamp('2025-08-31 00:00:00'), 'volume': np.int64(38879100)}, {'date': Timestamp('2025-07-31 00:00:00'), 'volume': np.int64(31275700)}, {'date': Timestamp('2025-06-30 00:00:00'), 'volume': np.int64(30612000)}]"
TKO,monthly,2026-03-31,34290100,61,4,4,False,0.5354966564741966,"[{'date': Timestamp('2026-03-31 00:00:00'), 'volume': np.int64(34290100)}, {'date': Timestamp('2025-09-30 00:00:00'), 'volume': np.int64(30482700)}, {'date': Timestamp('2025-08-31 00:00:00'), 'volume': np.int64(21903700)}, {'date': Timestamp('2025-06-30 00:00:00'), 'volume': np.int64(19981200)}]"
HAL,monthly,2026-03-31,413399900,61,3,3,False,0.48315061493611283,"[{'date': Timestamp('2026-03-31 00:00:00'), 'volume': np.int64(413399900)}, {'date': Timestamp('2025-07-31 00:00:00'), 'volume': np.int64(347242100)}, {'date': Timestamp('2025-06-30 00:00:00'), 'volume': np.int64(318139000)}]"
GAIN,monthly,2026-03-31,9553700,61,3,3,False,0.9660741010395179,"[{'date': Timestamp('2026-03-31 00:00:00'), 'volume': np.int64(9553700)}, {'date': Timestamp('2025-09-30 00:00:00'), 'volume': np.int64(3877500)}, {'date': Timestamp('2025-06-30 00:00:00'), 'volume': np.int64(3744900)}]"
BSAC,monthly,2026-03-31,10836100,61,2,2,False,0.418456559852329,"[{'date': Timestamp('2026-03-31 00:00:00'), 'volume': np.int64(10836100)}, {'date': Timestamp('2025-06-30 00:00:00'), 'volume': np.int64(9728000)}]"
YELP,monthly,2026-03-31,30090500,61,3,3,False,0.7951950825044133,"[{'date': Timestamp('2026-03-31 00:00:00'), 'volume': np.int64(30090500)}, {'date': Timestamp('2025-08-31 00:00:00'), 'volume': np.int64(21933900)}, {'date': Timestamp('2025-06-30 00:00:00'), 'volume': np.int64(18441000)}]"
CCL,monthly,2026-03-31,705631600,61,2,2,False,0.33792448185796503,"[{'date': Timestamp('2026-03-31 00:00:00'), 'volume': np.int64(705631600)}, {'date': Timestamp('2025-06-30 00:00:00'), 'volume': np.int64(566663900)}]"
HOG,monthly,2026-03-31,89794900,61,4,4,False,0.743303883693652,"[{'date': Timestamp('2026-03-31 00:00:00'), 'volume': np.int64(89794900)}, {'date': Timestamp('2025-12-31 00:00:00'), 'volume': np.int64(61692400)}, {'date': Timestamp('2025-07-31 00:00:00'), 'volume': np.int64(47570700)}, {'date': Timestamp('2025-06-30 00:00:00'), 'volume': np.int64(31910200)}]"
DIA,monthly,2026-03-31,182101700,61,6,6,False,0.7142610036744287,"[{'date': Timestamp('2026-03-31 00:00:00'), 'volume': np.int64(182101700)}, {'date': Timestamp('2025-10-31 00:00:00'), 'volume': np.int64(162673000)}, {'date': Timestamp('2025-09-30 00:00:00'), 'volume': np.int64(105680700)}, {'date': Timestamp('2025-08-31 00:00:00'), 'volume': np.int64(95749600)}, {'date': Timestamp('2025-07-31 00:00:00'), 'volume': np.int64(78442700)}, {'date': Timestamp('2025-06-30 00:00:00'), 'volume': np.int64(62030300)}]"
XLRE,monthly,2026-03-31,225508100,61,5,5,False,0.6741764132233085,"[{'date': Timestamp('2026-03-31 00:00:00'), 'volume': np.int64(225508100)}, {'date': Timestamp('2026-01-31 00:00:00'), 'volume': np.int64(195814900)}, {'date': Timestamp('2025-10-31 00:00:00'), 'volume': np.int64(188716800)}, {'date': Timestamp('2025-07-31 00:00:00'), 'volume': np.int64(149485000)}, {'date': Timestamp('2025-06-30 00:00:00'), 'volume': np.int64(120880000)}]"
XLU,monthly,2026-03-31,645959100,61,3,3,False,0.42357334938555025,"[{'date': Timestamp('2026-03-31 00:00:00'), 'volume': np.int64(645959100)}, {'date': Timestamp('2025-07-31 00:00:00'), 'volume': np.int64(574254600)}, {'date': Timestamp('2025-06-30 00:00:00'), 'volume': np.int64(498420000)}]"
SPY,monthly,2026-03-31,2237624600,61,4,4,False,0.37759330988149614,"[{'date': Timestamp('2026-03-31 00:00:00'), 'volume': np.int64(2237624600)}, {'date': Timestamp('2025-10-31 00:00:00'), 'volume': np.int64(1781815100)}, {'date': Timestamp('2025-09-30 00:00:00'), 'volume': np.int64(1606348500)}, {'date': Timestamp('2025-06-30 00:00:00'), 'volume': np.int64(1495410200)}]"
XLF,monthly,2026-03-31,1372514300,61,4,4,False,0.4500933200157382,"[{'date': Timestamp('2026-03-31 00:00:00'), 'volume': np.int64(1372514300)}, {'date': Timestamp('2025-10-31 00:00:00'), 'volume': np.int64(972355500)}, {'date': Timestamp('2025-07-31 00:00:00'), 'volume': np.int64(796345300)}, {'date': Timestamp('2025-06-30 00:00:00'), 'volume': np.int64(734899300)}]"
XLV,monthly,2026-03-31,365301200,61,3,3,False,0.7404679506942802,"[{'date': Timestamp('2026-03-31 00:00:00'), 'volume': np.int64(365301200)}, {'date': Timestamp('2025-07-31 00:00:00'), 'volume': np.int64(319137300)}, {'date': Timestamp('2025-06-30 00:00:00'), 'volume': np.int64(248096800)}]"
XLB,monthly,2026-03-31,396968400,61,4,4,False,0.6296242604498191,"[{'date': Timestamp('2026-03-31 00:00:00'), 'volume': np.int64(396968400)}, {'date': Timestamp('2026-01-31 00:00:00'), 'volume': np.int64(324852200)}, {'date': Timestamp('2025-07-31 00:00:00'), 'volume': np.int64(316863600)}, {'date': Timestamp('2025-06-30 00:00:00'), 'volume': np.int64(216356400)}]"
MUSA,monthly,2026-03-31,8598200,61,3,3,False,0.5283202044904329,"[{'date': Timestamp('2026-03-31 00:00:00'), 'volume': np.int64(8598200)}, {'date': Timestamp('2025-10-31 00:00:00'), 'volume': np.int64(7874700)}, {'date': Timestamp('2025-06-30 00:00:00'), 'volume': np.int64(7145700)}]"
ATGE,monthly,2025-11-30,15067400,90,4,4,False,0.821644554234081,"[{'date': Timestamp('2025-11-30 00:00:00'), 'volume': np.int64(15067400)}, {'date': Timestamp('2025-05-31 00:00:00'), 'volume': np.int64(13780600)}, {'date': Timestamp('2025-04-30 00:00:00'), 'volume': np.int64(11306500)}, {'date': Timestamp('2025-03-31 00:00:00'), 'volume': np.int64(9352500)}]"
CSGS,monthly,2025-11-30,11098000,90,3,3,False,0.9516459582057812,"[{'date': Timestamp('2025-11-30 00:00:00'), 'volume': np.int64(11098000)}, {'date': Timestamp('2025-10-31 00:00:00'), 'volume': np.int64(8605100)}, {'date': Timestamp('2025-03-31 00:00:00'), 'volume': np.int64(7217000)}]"
GAINN,monthly,2025-11-30,271900,90,4,4,False,0.23934859154929577,"[{'date': Timestamp('2025-11-30 00:00:00'), 'volume': np.int64(271900)}, {'date': Timestamp('2025-08-31 00:00:00'), 'volume': np.int64(194200)}, {'date': Timestamp('2025-04-30 00:00:00'), 'volume': np.int64(128500)}, {'date': Timestamp('2025-03-31 00:00:00'), 'volume': np.int64(74400)}]"
FATN,monthly,2026-02-28,75997500,92,3,3,True,1.0,"[{'date': Timestamp('2026-02-28 00:00:00'), 'volume': np.int64(75997500)}, {'date': Timestamp('2025-09-30 00:00:00'), 'volume': np.int64(11967300)}, {'date': Timestamp('2025-06-30 00:00:00'), 'volume': np.int64(1018900)}]"
HSPT,monthly,2026-02-28,699200,92,4,4,False,0.2990334445299803,"[{'date': Timestamp('2026-02-28 00:00:00'), 'volume': np.int64(699200)}, {'date': Timestamp('2025-12-31 00:00:00'), 'volume': np.int64(263300)}, {'date': Timestamp('2025-09-30 00:00:00'), 'volume': np.int64(159600)}, {'date': Timestamp('2025-06-30 00:00:00'), 'volume': np.int64(107600)}]"
TEX,monthly,2026-02-28,34487700,92,6,6,True,1.0,"[{'date': Timestamp('2026-02-28 00:00:00'), 'volume': np.int64(34487700)}, {'date': Timestamp('2026-01-31 00:00:00'), 'volume': np.int64(28317000)}, {'date': Timestamp('2025-12-31 00:00:00'), 'volume': np.int64(25798800)}, {'date': Timestamp('2025-10-31 00:00:00'), 'volume': np.int64(25231700)}, {'date': Timestamp('2025-07-31 00:00:00'), 'volume': np.int64(19123800)}, {'date': Timestamp('2025-06-30 00:00:00'), 'volume': np.int64(17670200)}]"
STEL,monthly,2026-02-28,11036400,92,4,4,True,1.0,"[{'date': Timestamp('2026-02-28 00:00:00'), 'volume': np.int64(11036400)}, {'date': Timestamp('2026-01-31 00:00:00'), 'volume': np.int64(8617700)}, {'date': Timestamp('2025-07-31 00:00:00'), 'volume': np.int64(6541100)}, {'date': Timestamp('2025-06-30 00:00:00'), 'volume': np.int64(5458300)}]"
LBTYB,monthly,2026-02-28,2732100,92,4,4,True,1.0,"[{'date': Timestamp('2026-02-28 00:00:00'), 'volume': np.int64(2732100)}, {'date': Timestamp('2025-12-31 00:00:00'), 'volume': np.int64(33200)}, {'date': Timestamp('2025-08-31 00:00:00'), 'volume': np.int64(18400)}, {'date': Timestamp('2025-06-30 00:00:00'), 'volume': np.int64(14700)}]"
KELYB,monthly,2026-02-28,2612800,92,4,4,True,1.0,"[{'date': Timestamp('2026-02-28 00:00:00'), 'volume': np.int64(2612800)}, {'date': Timestamp('2026-01-31 00:00:00'), 'volume': np.int64(38400)}, {'date': Timestamp('2025-07-31 00:00:00'), 'volume': np.int64(17400)}, {'date': Timestamp('2025-06-30 00:00:00'), 'volume': np.int64(3200)}]"
HVT-A,monthly,2026-02-28,366200,92,4,4,True,1.0,"[{'date': Timestamp('2026-02-28 00:00:00'), 'volume': np.int64(366200)}, {'date': Timestamp('2025-08-31 00:00:00'), 'volume': np.int64(14900)}, {'date': Timestamp('2025-07-31 00:00:00'), 'volume': np.int64(1600)}, {'date': Timestamp('2025-06-30 00:00:00'), 'volume': np.int64(400)}]"
VACH,monthly,2026-02-28,4275400,92,3,3,False,0.7051973543140845,"[{'date': Timestamp('2026-02-28 00:00:00'), 'volume': np.int64(4275400)}, {'date': Timestamp('2025-12-31 00:00:00'), 'volume': np.int64(2772500)}, {'date': Timestamp('2025-06-30 00:00:00'), 'volume': np.int64(2170600)}]"
PFX,monthly,2026-02-28,107300,92,3,3,False,0.2050527442287112,"[{'date': Timestamp('2026-02-28 00:00:00'), 'volume': np.int64(107300)}, {'date': Timestamp('2025-10-31 00:00:00'), 'volume': np.int64(47600)}, {'date': Timestamp('2025-06-30 00:00:00'), 'volume': np.int64(31300)}]"
BRK-A,monthly,2026-02-28,22400,92,4,4,False,0.07177186799102851,"[{'date': Timestamp('2026-02-28 00:00:00'), 'volume': np.int64(22400)}, {'date': Timestamp('2025-12-31 00:00:00'), 'volume': np.int64(10900)}, {'date': Timestamp('2025-07-31 00:00:00'), 'volume': np.int64(9300)}, {'date': Timestamp('2025-06-30 00:00:00'), 'volume': np.int64(8000)}]"
IOR,monthly,2026-02-28,24800,92,4,4,False,0.09298837645294339,"[{'date': Timestamp('2026-02-28 00:00:00'), 'volume': np.int64(24800)}, {'date': Timestamp('2025-11-30 00:00:00'), 'volume': np.int64(17100)}, {'date': Timestamp('2025-07-31 00:00:00'), 'volume': np.int64(11300)}, {'date': Timestamp('2025-06-30 00:00:00'), 'volume': np.int64(7000)}]"
WLYB,monthly,2026-02-28,46873,92,3,3,True,1.0,"[{'date': Timestamp('2026-02-28 00:00:00'), 'volume': np.int64(46873)}, {'date': Timestamp('2025-12-31 00:00:00'), 'volume': np.int64(42834)}, {'date': Timestamp('2025-06-30 00:00:00'), 'volume': np.int64(34696)}]"
CRD-B,monthly,2026-02-28,1073300,92,2,2,True,1.0,"[{'date': Timestamp('2026-02-28 00:00:00'), 'volume': np.int64(1073300)}, {'date': Timestamp('2025-06-30 00:00:00'), 'volume': np.int64(159700)}]"
MBIN,monthly,2026-02-28,8474000,92,4,4,True,1.0,"[{'date': Timestamp('2026-02-28 00:00:00'), 'volume': np.int64(8474000)}, {'date': Timestamp('2025-08-31 00:00:00'), 'volume': np.int64(4494200)}, {'date': Timestamp('2025-07-31 00:00:00'), 'volume': np.int64(4159600)}, {'date': Timestamp('2025-06-30 00:00:00'), 'volume': np.int64(3842500)}]"
TLF,monthly,2026-02-28,1485000,92,4,4,False,0.45858810450250137,"[{'date': Timestamp('2026-02-28 00:00:00'), 'volume': np.int64(1485000)}, {'date': Timestamp('2025-09-30 00:00:00'), 'volume': np.int64(388400)}, {'date': Timestamp('2025-07-31 00:00:00'), 'volume': np.int64(354100)}, {'date': Timestamp('2025-06-30 00:00:00'), 'volume': np.int64(225000)}]"
SLAB,monthly,2026-02-28,18280300,92,3,3,True,1.0,"[{'date': Timestamp('2026-02-28 00:00:00'), 'volume': np.int64(18280300)}, {'date': Timestamp('2025-07-31 00:00:00'), 'volume': np.int64(9728300)}, {'date': Timestamp('2025-06-30 00:00:00'), 'volume': np.int64(7921800)}]"
RDIB,monthly,2026-02-28,1302407,92,3,3,True,1.0,"[{'date': Timestamp('2026-02-28 00:00:00'), 'volume': np.int64(1302407)}, {'date': Timestamp('2025-09-30 00:00:00'), 'volume': np.int64(241234)}, {'date': Timestamp('2025-06-30 00:00:00'), 'volume': np.int64(232448)}]"
DGICB,monthly,2026-02-28,147400,92,2,2,True,1.0,"[{'date': Timestamp('2026-02-28 00:00:00'), 'volume': np.int64(147400)}, {'date': Timestamp('2025-06-30 00:00:00'), 'volume': np.int64(70400)}]"
SII,monthly,2026-01-31,5639500,120,6,6,True,1.0,"[{'date': Timestamp('2026-01-31 00:00:00'), 'volume': np.int64(5639500)}, {'date': Timestamp('2025-10-31 00:00:00'), 'volume': np.int64(4102500)}, {'date': Timestamp('2025-09-30 00:00:00'), 'volume': np.int64(4094300)}, {'date': Timestamp('2025-08-31 00:00:00'), 'volume': np.int64(4013500)}, {'date': Timestamp('2025-07-31 00:00:00'), 'volume': np.int64(3884300)}, {'date': Timestamp('2025-06-30 00:00:00'), 'volume': np.int64(3790000)}]"
ANGO,monthly,2026-01-31,18070600,120,3,3,False,0.7548318915283689,"[{'date': Timestamp('2026-01-31 00:00:00'), 'volume': np.int64(18070600)}, {'date': Timestamp('2025-07-31 00:00:00'), 'volume': np.int64(17928800)}, {'date': Timestamp('2025-06-30 00:00:00'), 'volume': np.int64(14433800)}]"
GAINZ,monthly,2026-01-31,137300,120,2,2,False,0.13912250481305097,"[{'date': Timestamp('2026-01-31 00:00:00'), 'volume': np.int64(137300)}, {'date': Timestamp('2025-06-30 00:00:00'), 'volume': np.int64(133000)}]"
DIT,monthly,2026-01-31,21700,120,4,4,False,0.14127604166666666,"[{'date': Timestamp('2026-01-31 00:00:00'), 'volume': np.int64(21700)}, {'date': Timestamp('2025-12-31 00:00:00'), 'volume': np.int64(11400)}, {'date': Timestamp('2025-07-31 00:00:00'), 'volume': np.int64(11000)}, {'date': Timestamp('2025-06-30 00:00:00'), 'volume': np.int64(8800)}]"
EQT,monthly,2026-01-31,251411900,120,3,3,False,0.8399707594426252,"[{'date': Timestamp('2026-01-31 00:00:00'), 'volume': np.int64(251411900)}, {'date': Timestamp('2025-07-31 00:00:00'), 'volume': np.int64(222245700)}, {'date': Timestamp('2025-06-30 00:00:00'), 'volume': np.int64(148910900)}]"
ETO,monthly,2026-01-31,941800,120,2,2,False,0.2571116571116571,"[{'date': Timestamp('2026-01-31 00:00:00'), 'volume': np.int64(941800)}, {'date': Timestamp('2025-06-30 00:00:00'), 'volume': np.int64(689800)}]"
RVT,monthly,2026-01-31,10859800,120,3,3,False,0.7117726480265314,"[{'date': Timestamp('2026-01-31 00:00:00'), 'volume': np.int64(10859800)}, {'date': Timestamp('2025-07-31 00:00:00'), 'volume': np.int64(7679300)}, {'date': Timestamp('2025-06-30 00:00:00'), 'volume': np.int64(5103200)}]"
RBA,monthly,2026-01-31,28419200,120,4,4,False,0.2357266091572661,"[{'date': Timestamp('2026-01-31 00:00:00'), 'volume': np.int64(28419200)}, {'date': Timestamp('2025-09-30 00:00:00'), 'volume': np.int64(25860000)}, {'date': Timestamp('2025-08-31 00:00:00'), 'volume': np.int64(21553700)}, {'date': Timestamp('2025-06-30 00:00:00'), 'volume': np.int64(19588900)}]"
ROP,monthly,2026-01-31,31607700,120,6,6,True,1.0,"[{'date': Timestamp('2026-01-31 00:00:00'), 'volume': np.int64(31607700)}, {'date': Timestamp('2025-10-31 00:00:00'), 'volume': np.int64(26135200)}, {'date': Timestamp('2025-09-30 00:00:00'), 'volume': np.int64(18423800)}, {'date': Timestamp('2025-08-31 00:00:00'), 'volume': np.int64(15305500)}, {'date': Timestamp('2025-07-31 00:00:00'), 'volume': np.int64(14101400)}, {'date': Timestamp('2025-06-30 00:00:00'), 'volume': np.int64(10071100)}]"
ROBO,monthly,2026-01-31,5888600,120,5,5,True,1.0,"[{'date': Timestamp('2026-01-31 00:00:00'), 'volume': np.int64(5888600)}, {'date': Timestamp('2025-11-30 00:00:00'), 'volume': np.int64(2612100)}, {'date': Timestamp('2025-10-31 00:00:00'), 'volume': np.int64(2081800)}, {'date': Timestamp('2025-07-31 00:00:00'), 'volume': np.int64(1890200)}, {'date': Timestamp('2025-06-30 00:00:00'), 'volume': np.int64(977600)}]"
ZIONP,monthly,2026-01-31,218858,120,3,3,False,0.8491623146344681,"[{'date': Timestamp('2026-01-31 00:00:00'), 'volume': np.int64(218858)}, {'date': Timestamp('2025-10-31 00:00:00'), 'volume': np.int64(140533)}, {'date': Timestamp('2025-06-30 00:00:00'), 'volume': np.int64(90466)}]"
NPB,monthly,2026-01-31,10637400,120,4,4,True,1.0,"[{'date': Timestamp('2026-01-31 00:00:00'), 'volume': np.int64(10637400)}, {'date': Timestamp('2025-12-31 00:00:00'), 'volume': np.int64(7356000)}, {'date': Timestamp('2025-09-30 00:00:00'), 'volume': np.int64(3826600)}, {'date': Timestamp('2025-06-30 00:00:00'), 'volume': np.int64(3754000)}]"
ASGI,monthly,2026-01-31,6396900,120,5,5,True,1.0,"[{'date': Timestamp('2026-01-31 00:00:00'), 'volume': np.int64(6396900)}, {'date': Timestamp('2025-10-31 00:00:00'), 'volume': np.int64(4085700)}, {'date': Timestamp('2025-09-30 00:00:00'), 'volume': np.int64(3943400)}, {'date': Timestamp('2025-07-31 00:00:00'), 'volume': np.int64(3799200)}, {'date': Timestamp('2025-06-30 00:00:00'), 'volume': np.int64(3372200)}]"
RDAG,monthly,2026-01-31,2743800,120,3,3,True,1.0,"[{'date': Timestamp('2026-01-31 00:00:00'), 'volume': np.int64(2743800)}, {'date': Timestamp('2025-07-31 00:00:00'), 'volume': np.int64(2439000)}, {'date': Timestamp('2025-06-30 00:00:00'), 'volume': np.int64(1022100)}]"
QETA,monthly,2026-01-31,167000,120,4,4,False,0.062320409001007576,"[{'date': Timestamp('2026-01-31 00:00:00'), 'volume': np.int64(167000)}, {'date': Timestamp('2025-12-31 00:00:00'), 'volume': np.int64(32800)}, {'date': Timestamp('2025-10-31 00:00:00'), 'volume': np.int64(24000)}, {'date': Timestamp('2025-06-30 00:00:00'), 'volume': np.int64(12700)}]"
UGI,monthly,2026-01-31,51266700,120,6,6,False,0.669387302105435,"[{'date': Timestamp('2026-01-31 00:00:00'), 'volume': np.int64(51266700)}, {'date': Timestamp('2025-12-31 00:00:00'), 'volume': np.int64(44688500)}, {'date': Timestamp('2025-09-30 00:00:00'), 'volume': np.int64(44140200)}, {'date': Timestamp('2025-08-31 00:00:00'), 'volume': np.int64(37580900)}, {'date': Timestamp('2025-07-31 00:00:00'), 'volume': np.int64(35202300)}, {'date': Timestamp('2025-06-30 00:00:00'), 'volume': np.int64(35049600)}]"
MTSI,monthly,2026-01-31,30617300,120,4,4,True,1.0,"[{'date': Timestamp('2026-01-31 00:00:00'), 'volume': np.int64(30617300)}, {'date': Timestamp('2025-09-30 00:00:00'), 'volume': np.int64(24644600)}, {'date': Timestamp('2025-08-31 00:00:00'), 'volume': np.int64(18367100)}, {'date': Timestamp('2025-06-30 00:00:00'), 'volume': np.int64(13754700)}]"
AEIS,monthly,2026-01-31,17499600,120,5,5,True,1.0,"[{'date': Timestamp('2026-01-31 00:00:00'), 'volume': np.int64(17499600)}, {'date': Timestamp('2025-11-30 00:00:00'), 'volume': np.int64(10811200)}, {'date': Timestamp('2025-08-31 00:00:00'), 'volume': np.int64(10520600)}, {'date': Timestamp('2025-07-31 00:00:00'), 'volume': np.int64(6950500)}, {'date': Timestamp('2025-06-30 00:00:00'), 'volume': np.int64(6630400)}]"
VCIC,monthly,2025-10-31,7953200,120,5,5,True,1.0,"[{'date': Timestamp('2025-10-31 00:00:00'), 'volume': np.int64(7953200)}, {'date': Timestamp('2025-09-30 00:00:00'), 'volume': np.int64(5162100)}, {'date': Timestamp('2025-05-31 00:00:00'), 'volume': np.int64(3613500)}, {'date': Timestamp('2025-04-30 00:00:00'), 'volume': np.int64(1038700)}, {'date': Timestamp('2025-03-31 00:00:00'), 'volume': np.int64(129200)}]"
MRTN,monthly,2026-01-31,21166800,120,6,6,True,1.0,"[{'date': Timestamp('2026-01-31 00:00:00'), 'volume': np.int64(21166800)}, {'date': Timestamp('2025-10-31 00:00:00'), 'volume': np.int64(18077300)}, {'date': Timestamp('2025-09-30 00:00:00'), 'volume': np.int64(14560600)}, {'date': Timestamp('2025-08-31 00:00:00'), 'volume': np.int64(12703200)}, {'date': Timestamp('2025-07-31 00:00:00'), 'volume': np.int64(12625900)}, {'date': Timestamp('2025-06-30 00:00:00'), 'volume': np.int64(9583500)}]"
CSGP,monthly,2026-01-31,144454500,120,5,5,True,1.0,"[{'date': Timestamp('2026-01-31 00:00:00'), 'volume': np.int64(144454500)}, {'date': Timestamp('2025-11-30 00:00:00'), 'volume': np.int64(87962200)}, {'date': Timestamp('2025-10-31 00:00:00'), 'volume': np.int64(84729000)}, {'date': Timestamp('2025-07-31 00:00:00'), 'volume': np.int64(64153300)}, {'date': Timestamp('2025-06-30 00:00:00'), 'volume': np.int64(58783200)}]"
BNJ,monthly,2026-01-31,564100,120,3,3,False,0.17426629595304294,"[{'date': Timestamp('2026-01-31 00:00:00'), 'volume': np.int64(564100)}, {'date': Timestamp('2025-09-30 00:00:00'), 'volume': np.int64(383400)}, {'date': Timestamp('2025-06-30 00:00:00'), 'volume': np.int64(234600)}]"
MO,monthly,2026-01-31,229113400,120,3,3,False,0.5983076014308404,"[{'date': Timestamp('2026-01-31 00:00:00'), 'volume': np.int64(229113400)}, {'date': Timestamp('2025-07-31 00:00:00'), 'volume': np.int64(211743400)}, {'date': Timestamp('2025-06-30 00:00:00'), 'volume': np.int64(178501700)}]"
ETW,monthly,2026-01-31,9890800,120,4,4,False,0.45646826440712385,"[{'date': Timestamp('2026-01-31 00:00:00'), 'volume': np.int64(9890800)}, {'date': Timestamp('2025-10-31 00:00:00'), 'volume': np.int64(8855700)}, {'date': Timestamp('2025-07-31 00:00:00'), 'volume': np.int64(6412000)}, {'date': Timestamp('2025-06-30 00:00:00'), 'volume': np.int64(5834600)}]"
IAE,monthly,2026-01-31,1805000,120,3,3,False,0.6974228198292184,"[{'date': Timestamp('2026-01-31 00:00:00'), 'volume': np.int64(1805000)}, {'date': Timestamp('2025-07-31 00:00:00'), 'volume': np.int64(1037100)}, {'date': Timestamp('2025-06-30 00:00:00'), 'volume': np.int64(828900)}]"
SCCO,monthly,2026-01-31,52073077,120,3,3,True,1.0,"[{'date': Timestamp('2026-01-31 00:00:00'), 'volume': np.int64(52073077)}, {'date': Timestamp('2025-07-31 00:00:00'), 'volume': np.int64(40831016)}, {'date': Timestamp('2025-06-30 00:00:00'), 'volume': np.int64(32344650)}]"
LOGI,monthly,2026-01-31,31817900,120,4,4,True,1.0,"[{'date': Timestamp('2026-01-31 00:00:00'), 'volume': np.int64(31817900)}, {'date': Timestamp('2025-12-31 00:00:00'), 'volume': np.int64(15204700)}, {'date': Timestamp('2025-07-31 00:00:00'), 'volume': np.int64(14277800)}, {'date': Timestamp('2025-06-30 00:00:00'), 'volume': np.int64(9800900)}]"
PGP,monthly,2026-01-31,1355200,120,6,6,False,0.3492063492063492,"[{'date': Timestamp('2026-01-31 00:00:00'), 'volume': np.int64(1355200)}, {'date': Timestamp('2025-10-31 00:00:00'), 'volume': np.int64(1080800)}, {'date': Timestamp('2025-09-30 00:00:00'), 'volume': np.int64(778600)}, {'date': Timestamp('2025-08-31 00:00:00'), 'volume': np.int64(730600)}, {'date': Timestamp('2025-07-31 00:00:00'), 'volume': np.int64(711200)}, {'date': Timestamp('2025-06-30 00:00:00'), 'volume': np.int64(679100)}]"
EXR,monthly,2026-01-31,28848800,120,4,4,False,0.5267676666234523,"[{'date': Timestamp('2026-01-31 00:00:00'), 'volume': np.int64(28848800)}, {'date': Timestamp('2025-12-31 00:00:00'), 'volume': np.int64(27165000)}, {'date': Timestamp('2025-07-31 00:00:00'), 'volume': np.int64(26931000)}, {'date': Timestamp('2025-06-30 00:00:00'), 'volume': np.int64(21215300)}]"
AIRTP,monthly,2026-01-31,174800,120,4,4,False,0.49364586275063543,"[{'date': Timestamp('2026-01-31 00:00:00'), 'volume': np.int64(174800)}, {'date': Timestamp('2025-08-31 00:00:00'), 'volume': np.int64(59200)}, {'date': Timestamp('2025-07-31 00:00:00'), 'volume': np.int64(49800)}, {'date': Timestamp('2025-06-30 00:00:00'), 'volume': np.int64(32300)}]"
NPFD,monthly,2026-01-31,2409300,120,5,5,False,0.4918344016657821,"[{'date': Timestamp('2026-01-31 00:00:00'), 'volume': np.int64(2409300)}, {'date': Timestamp('2025-12-31 00:00:00'), 'volume': np.int64(2053100)}, {'date': Timestamp('2025-10-31 00:00:00'), 'volume': np.int64(1540100)}, {'date': Timestamp('2025-07-31 00:00:00'), 'volume': np.int64(1515000)}, {'date': Timestamp('2025-06-30 00:00:00'), 'volume': np.int64(1151600)}]"
ELME,monthly,2026-01-31,192657600,120,5,5,True,1.0,"[{'date': Timestamp('2026-01-31 00:00:00'), 'volume': np.int64(192657600)}, {'date': Timestamp('2025-12-31 00:00:00'), 'volume': np.int64(33416600)}, {'date': Timestamp('2025-08-31 00:00:00'), 'volume': np.int64(30986200)}, {'date': Timestamp('2025-07-31 00:00:00'), 'volume': np.int64(13699700)}, {'date': Timestamp('2025-06-30 00:00:00'), 'volume': np.int64(12669000)}]"
BPRN,monthly,2026-01-31,306700,120,3,3,False,0.23812111801242236,"[{'date': Timestamp('2026-01-31 00:00:00'), 'volume': np.int64(306700)}, {'date': Timestamp('2025-10-31 00:00:00'), 'volume': np.int64(262600)}, {'date': Timestamp('2025-06-30 00:00:00'), 'volume': np.int64(228600)}]"
CCIXU,monthly,2026-01-31,41300,120,3,3,False,0.001920697962106908,"[{'date': Timestamp('2026-01-31 00:00:00'), 'volume': np.int64(41300)}, {'date': Timestamp('2025-12-31 00:00:00'), 'volume': np.int64(33900)}, {'date': Timestamp('2025-06-30 00:00:00'), 'volume': np.int64(6900)}]"
TAVIU,monthly,2026-01-31,50000,120,4,4,False,0.006068133488256826,"[{'date': Timestamp('2026-01-31 00:00:00'), 'volume': np.int64(50000)}, {'date': Timestamp('2025-12-31 00:00:00'), 'volume': np.int64(19624)}, {'date': Timestamp('2025-08-31 00:00:00'), 'volume': np.int64(700)}, {'date': Timestamp('2025-06-30 00:00:00'), 'volume': np.int64(102)}]"
PNC,monthly,2026-01-31,61437300,120,3,3,False,0.5359753496337254,"[{'date': Timestamp('2026-01-31 00:00:00'), 'volume': np.int64(61437300)}, {'date': Timestamp('2025-07-31 00:00:00'), 'volume': np.int64(57552100)}, {'date': Timestamp('2025-06-30 00:00:00'), 'volume': np.int64(40631700)}]"
HII,monthly,2026-01-31,12578400,120,3,3,False,0.6478668665111177,"[{'date': Timestamp('2026-01-31 00:00:00'), 'volume': np.int64(12578400)}, {'date': Timestamp('2025-07-31 00:00:00'), 'volume': np.int64(10707200)}, {'date': Timestamp('2025-06-30 00:00:00'), 'volume': np.int64(10242400)}]"
SRL,monthly,2026-01-31,719200,120,6,6,False,0.5593839931554795,"[{'date': Timestamp('2026-01-31 00:00:00'), 'volume': np.int64(719200)}, {'date': Timestamp('2025-12-31 00:00:00'), 'volume': np.int64(492300)}, {'date': Timestamp('2025-10-31 00:00:00'), 'volume': np.int64(194000)}, {'date': Timestamp('2025-09-30 00:00:00'), 'volume': np.int64(141300)}, {'date': Timestamp('2025-07-31 00:00:00'), 'volume': np.int64(88400)}, {'date': Timestamp('2025-06-30 00:00:00'), 'volume': np.int64(75700)}]"
NCZ,monthly,2026-01-31,2033200,120,3,3,False,0.31404894851061527,"[{'date': Timestamp('2026-01-31 00:00:00'), 'volume': np.int64(2033200)}, {'date': Timestamp('2025-07-31 00:00:00'), 'volume': np.int64(1992100)}, {'date': Timestamp('2025-06-30 00:00:00'), 'volume': np.int64(960200)}]"
ALRS,monthly,2026-01-31,3092300,120,5,5,True,1.0,"[{'date': Timestamp('2026-01-31 00:00:00'), 'volume': np.int64(3092300)}, {'date': Timestamp('2025-12-31 00:00:00'), 'volume': np.int64(2121400)}, {'date': Timestamp('2025-08-31 00:00:00'), 'volume': np.int64(1832900)}, {'date': Timestamp('2025-07-31 00:00:00'), 'volume': np.int64(1584600)}, {'date': Timestamp('2025-06-30 00:00:00'), 'volume': np.int64(1426700)}]"
SBUX,monthly,2026-01-31,238451800,120,3,3,False,0.534327929442804,"[{'date': Timestamp('2026-01-31 00:00:00'), 'volume': np.int64(238451800)}, {'date': Timestamp('2025-07-31 00:00:00'), 'volume': np.int64(226939600)}, {'date': Timestamp('2025-06-30 00:00:00'), 'volume': np.int64(179236900)}]"
LIEN,monthly,2026-01-31,2046300,120,3,3,True,1.0,"[{'date': Timestamp('2026-01-31 00:00:00'), 'volume': np.int64(2046300)}, {'date': Timestamp('2025-09-30 00:00:00'), 'volume': np.int64(1304300)}, {'date': Timestamp('2025-06-30 00:00:00'), 'volume': np.int64(1187700)}]"
KKRS,monthly,2026-01-31,1163500,120,2,2,False,0.19356180336050574,"[{'date': Timestamp('2026-01-31 00:00:00'), 'volume': np.int64(1163500)}, {'date': Timestamp('2025-06-30 00:00:00'), 'volume': np.int64(1022900)}]"
TPTA,monthly,2026-01-31,349700,120,5,5,False,0.3726953000106576,"[{'date': Timestamp('2026-01-31 00:00:00'), 'volume': np.int64(349700)}, {'date': Timestamp('2025-12-31 00:00:00'), 'volume': np.int64(181200)}, {'date': Timestamp('2025-09-30 00:00:00'), 'volume': np.int64(175800)}, {'date': Timestamp('2025-07-31 00:00:00'), 'volume': np.int64(51700)}, {'date': Timestamp('2025-06-30 00:00:00'), 'volume': np.int64(24700)}]"
AMRX,monthly,2026-01-31,71963500,120,3,3,False,0.9615376906847883,"[{'date': Timestamp('2026-01-31 00:00:00'), 'volume': np.int64(71963500)}, {'date': Timestamp('2025-12-31 00:00:00'), 'volume': np.int64(41427800)}, {'date': Timestamp('2025-06-30 00:00:00'), 'volume': np.int64(38520500)}]"
NZF,monthly,2026-01-31,14693600,120,5,5,False,0.7803997174466096,"[{'date': Timestamp('2026-01-31 00:00:00'), 'volume': np.int64(14693600)}, {'date': Timestamp('2025-12-31 00:00:00'), 'volume': np.int64(14670400)}, {'date': Timestamp('2025-09-30 00:00:00'), 'volume': np.int64(11228500)}, {'date': Timestamp('2025-07-31 00:00:00'), 'volume': np.int64(11095800)}, {'date': Timestamp('2025-06-30 00:00:00'), 'volume': np.int64(8731300)}]"
DAAQ,monthly,2026-01-31,5495400,120,2,2,True,1.0,"[{'date': Timestamp('2026-01-31 00:00:00'), 'volume': np.int64(5495400)}, {'date': Timestamp('2025-06-30 00:00:00'), 'volume': np.int64(3415900)}]"
DMAAU,monthly,2026-01-31,69492,120,3,3,False,0.005375640393699983,"[{'date': Timestamp('2026-01-31 00:00:00'), 'volume': np.int64(69492)}, {'date': Timestamp('2025-10-31 00:00:00'), 'volume': np.int64(56086)}, {'date': Timestamp('2025-06-30 00:00:00'), 'volume': np.int64(49679)}]"
CZFS,monthly,2026-01-31,267800,120,3,3,False,0.2667213787443578,"[{'date': Timestamp('2026-01-31 00:00:00'), 'volume': np.int64(267800)}, {'date': Timestamp('2025-07-31 00:00:00'), 'volume': np.int64(256600)}, {'date': Timestamp('2025-06-30 00:00:00'), 'volume': np.int64(117000)}]"
AIO,monthly,2026-01-31,2700200,120,4,4,False,0.5785853564464634,"[{'date': Timestamp('2026-01-31 00:00:00'), 'volume': np.int64(2700200)}, {'date': Timestamp('2025-12-31 00:00:00'), 'volume': np.int64(2081300)}, {'date': Timestamp('2025-10-31 00:00:00'), 'volume': np.int64(1897400)}, {'date': Timestamp('2025-06-30 00:00:00'), 'volume': np.int64(1669500)}]"
AVK,monthly,2026-01-31,4121800,120,4,4,False,0.5395637777789996,"[{'date': Timestamp('2026-01-31 00:00:00'), 'volume': np.int64(4121800)}, {'date': Timestamp('2025-10-31 00:00:00'), 'volume': np.int64(3990700)}, {'date': Timestamp('2025-07-31 00:00:00'), 'volume': np.int64(3442600)}, {'date': Timestamp('2025-06-30 00:00:00'), 'volume': np.int64(2908300)}]"
TRN,monthly,2026-01-31,20361100,120,4,4,False,0.4798083698000985,"[{'date': Timestamp('2026-01-31 00:00:00'), 'volume': np.int64(20361100)}, {'date': Timestamp('2025-08-31 00:00:00'), 'volume': np.int64(16554500)}, {'date': Timestamp('2025-07-31 00:00:00'), 'volume': np.int64(15419300)}, {'date': Timestamp('2025-06-30 00:00:00'), 'volume': np.int64(13222600)}]"
MGRB,monthly,2026-01-31,526100,120,3,3,False,0.1598310851865354,"[{'date': Timestamp('2026-01-31 00:00:00'), 'volume': np.int64(526100)}, {'date': Timestamp('2025-12-31 00:00:00'), 'volume': np.int64(504400)}, {'date': Timestamp('2025-06-30 00:00:00'), 'volume': np.int64(409100)}]"
AGNCN,monthly,2026-01-31,710300,120,3,3,False,0.15565830995792426,"[{'date': Timestamp('2026-01-31 00:00:00'), 'volume': np.int64(710300)}, {'date': Timestamp('2025-07-31 00:00:00'), 'volume': np.int64(627200)}, {'date': Timestamp('2025-06-30 00:00:00'), 'volume': np.int64(624900)}]"
FACT,monthly,2026-01-31,3503100,120,2,2,True,1.0,"[{'date': Timestamp('2026-01-31 00:00:00'), 'volume': np.int64(3503100)}, {'date': Timestamp('2025-06-30 00:00:00'), 'volume': np.int64(2200800)}]"
KVAC,monthly,2026-01-31,1027300,120,3,3,False,0.23722433899087866,"[{'date': Timestamp('2026-01-31 00:00:00'), 'volume': np.int64(1027300)}, {'date': Timestamp('2025-07-31 00:00:00'), 'volume': np.int64(219200)}, {'date': Timestamp('2025-06-30 00:00:00'), 'volume': np.int64(36600)}]"
MA,monthly,2026-01-31,86864600,120,2,2,False,0.40700044933543805,"[{'date': Timestamp('2026-01-31 00:00:00'), 'volume': np.int64(86864600)}, {'date': Timestamp('2025-06-30 00:00:00'), 'volume': np.int64(67196100)}]"
GD,monthly,2026-01-31,32200800,120,3,3,False,0.48825784225721147,"[{'date': Timestamp('2026-01-31 00:00:00'), 'volume': np.int64(32200800)}, {'date': Timestamp('2025-07-31 00:00:00'), 'volume': np.int64(28756400)}, {'date': Timestamp('2025-06-30 00:00:00'), 'volume': np.int64(23525000)}]"
THG,monthly,2026-01-31,8366000,120,3,3,False,0.9550664413900178,"[{'date': Timestamp('2026-01-31 00:00:00'), 'volume': np.int64(8366000)}, {'date': Timestamp('2025-07-31 00:00:00'), 'volume': np.int64(6269700)}, {'date': Timestamp('2025-06-30 00:00:00'), 'volume': np.int64(4723300)}]"
NL,monthly,2026-01-31,1484700,120,2,2,False,0.9940412426352437,"[{'date': Timestamp('2026-01-31 00:00:00'), 'volume': np.int64(1484700)}, {'date': Timestamp('2025-06-30 00:00:00'), 'volume': np.int64(1373100)}]"
ATO,monthly,2026-01-31,30984600,120,4,4,False,0.9754044431292676,"[{'date': Timestamp('2026-01-31 00:00:00'), 'volume': np.int64(30984600)}, {'date': Timestamp('2025-11-30 00:00:00'), 'volume': np.int64(23683600)}, {'date': Timestamp('2025-08-31 00:00:00'), 'volume': np.int64(20945400)}, {'date': Timestamp('2025-06-30 00:00:00'), 'volume': np.int64(17083000)}]"
WST,monthly,2026-01-31,20502000,120,3,3,False,0.6923076923076923,"[{'date': Timestamp('2026-01-31 00:00:00'), 'volume': np.int64(20502000)}, {'date': Timestamp('2025-07-31 00:00:00'), 'volume': np.int64(18367000)}, {'date': Timestamp('2025-06-30 00:00:00'), 'volume': np.int64(13826300)}]"
CHY,monthly,2026-01-31,5493100,120,4,4,False,0.393071814981252,"[{'date': Timestamp('2026-01-31 00:00:00'), 'volume': np.int64(5493100)}, {'date': Timestamp('2025-10-31 00:00:00'), 'volume': np.int64(5009400)}, {'date': Timestamp('2025-07-31 00:00:00'), 'volume': np.int64(4832600)}, {'date': Timestamp('2025-06-30 00:00:00'), 'volume': np.int64(3794200)}]"
FAST,monthly,2026-01-31,191098200,120,4,4,False,0.5309118044670357,"[{'date': Timestamp('2026-01-31 00:00:00'), 'volume': np.int64(191098200)}, {'date': Timestamp('2025-10-31 00:00:00'), 'volume': np.int64(158418300)}, {'date': Timestamp('2025-07-31 00:00:00'), 'volume': np.int64(153099800)}, {'date': Timestamp('2025-06-30 00:00:00'), 'volume': np.int64(111684100)}]"
COF,monthly,2026-01-31,128675000,120,4,4,False,0.9617260319636103,"[{'date': Timestamp('2026-01-31 00:00:00'), 'volume': np.int64(128675000)}, {'date': Timestamp('2025-10-31 00:00:00'), 'volume': np.int64(87582100)}, {'date': Timestamp('2025-07-31 00:00:00'), 'volume': np.int64(86739200)}, {'date': Timestamp('2025-06-30 00:00:00'), 'volume': np.int64(76777000)}]"
OBK,monthly,2026-01-31,4991800,120,4,4,True,1.0,"[{'date': Timestamp('2026-01-31 00:00:00'), 'volume': np.int64(4991800)}, {'date': Timestamp('2025-10-31 00:00:00'), 'volume': np.int64(3925300)}, {'date': Timestamp('2025-09-30 00:00:00'), 'volume': np.int64(3915300)}, {'date': Timestamp('2025-06-30 00:00:00'), 'volume': np.int64(3496900)}]"
FG,monthly,2026-01-31,20274900,120,3,3,True,1.0,"[{'date': Timestamp('2026-01-31 00:00:00'), 'volume': np.int64(20274900)}, {'date': Timestamp('2025-12-31 00:00:00'), 'volume': np.int64(11215900)}, {'date': Timestamp('2025-06-30 00:00:00'), 'volume': np.int64(3845800)}]"
BANX,monthly,2026-01-31,1486600,120,4,4,True,1.0,"[{'date': Timestamp('2026-01-31 00:00:00'), 'volume': np.int64(1486600)}, {'date': Timestamp('2025-12-31 00:00:00'), 'volume': np.int64(611400)}, {'date': Timestamp('2025-09-30 00:00:00'), 'volume': np.int64(573500)}, {'date': Timestamp('2025-06-30 00:00:00'), 'volume': np.int64(485200)}]"
IBN,monthly,2026-01-31,165527600,120,5,5,False,0.43747375264786065,"[{'date': Timestamp('2026-01-31 00:00:00'), 'volume': np.int64(165527600)}, {'date': Timestamp('2025-12-31 00:00:00'), 'volume': np.int64(114883500)}, {'date': Timestamp('2025-10-31 00:00:00'), 'volume': np.int64(110390200)}, {'date': Timestamp('2025-07-31 00:00:00'), 'volume': np.int64(103089300)}, {'date': Timestamp('2025-06-30 00:00:00'), 'volume': np.int64(78688100)}]"
FTAI,monthly,2026-01-31,42396800,120,2,2,False,0.40420057107173674,"[{'date': Timestamp('2026-01-31 00:00:00'), 'volume': np.int64(42396800)}, {'date': Timestamp('2025-06-30 00:00:00'), 'volume': np.int64(41981600)}]"
TFX,monthly,2026-01-31,21678600,120,5,5,False,0.6214624805063755,"[{'date': Timestamp('2026-01-31 00:00:00'), 'volume': np.int64(21678600)}, {'date': Timestamp('2025-12-31 00:00:00'), 'volume': np.int64(15959900)}, {'date': Timestamp('2025-09-30 00:00:00'), 'volume': np.int64(14091500)}, {'date': Timestamp('2025-07-31 00:00:00'), 'volume': np.int64(12337600)}, {'date': Timestamp('2025-06-30 00:00:00'), 'volume': np.int64(10535600)}]"
TDF,monthly,2026-01-31,2667500,120,4,4,False,0.7390629762003713,"[{'date': Timestamp('2026-01-31 00:00:00'), 'volume': np.int64(2667500)}, {'date': Timestamp('2025-09-30 00:00:00'), 'volume': np.int64(2089800)}, {'date': Timestamp('2025-08-31 00:00:00'), 'volume': np.int64(830100)}, {'date': Timestamp('2025-06-30 00:00:00'), 'volume': np.int64(721400)}]"
AMN,monthly,2026-01-31,28009500,120,5,5,False,0.9656616848528727,"[{'date': Timestamp('2026-01-31 00:00:00'), 'volume': np.int64(28009500)}, {'date': Timestamp('2025-11-30 00:00:00'), 'volume': np.int64(24678600)}, {'date': Timestamp('2025-08-31 00:00:00'), 'volume': np.int64(24369400)}, {'date': Timestamp('2025-07-31 00:00:00'), 'volume': np.int64(15216500)}, {'date': Timestamp('2025-06-30 00:00:00'), 'volume': np.int64(13367800)}]"
CHRW,monthly,2026-01-31,42218500,120,6,6,False,0.7211598411410514,"[{'date': Timestamp('2026-01-31 00:00:00'), 'volume': np.int64(42218500)}, {'date': Timestamp('2025-10-31 00:00:00'), 'volume': np.int64(39171800)}, {'date': Timestamp('2025-09-30 00:00:00'), 'volume': np.int64(36573700)}, {'date': Timestamp('2025-08-31 00:00:00'), 'volume': np.int64(32089100)}, {'date': Timestamp('2025-07-31 00:00:00'), 'volume': np.int64(29779500)}, {'date': Timestamp('2025-06-30 00:00:00'), 'volume': np.int64(20338700)}]"
PKX,monthly,2026-01-31,5424300,120,3,3,False,0.4097584190726556,"[{'date': Timestamp('2026-01-31 00:00:00'), 'volume': np.int64(5424300)}, {'date': Timestamp('2025-07-31 00:00:00'), 'volume': np.int64(3793300)}, {'date': Timestamp('2025-06-30 00:00:00'), 'volume': np.int64(3018500)}]"
AMH,monthly,2026-01-31,96192900,120,5,5,False,0.7762988632273496,"[{'date': Timestamp('2026-01-31 00:00:00'), 'volume': np.int64(96192900)}, {'date': Timestamp('2025-10-31 00:00:00'), 'volume': np.int64(66403900)}, {'date': Timestamp('2025-09-30 00:00:00'), 'volume': np.int64(64926900)}, {'date': Timestamp('2025-07-31 00:00:00'), 'volume': np.int64(46888900)}, {'date': Timestamp('2025-06-30 00:00:00'), 'volume': np.int64(43516100)}]"
NMAI,monthly,2026-01-31,3270500,120,6,6,False,0.8325696247645232,"[{'date': Timestamp('2026-01-31 00:00:00'), 'volume': np.int64(3270500)}, {'date': Timestamp('2025-12-31 00:00:00'), 'volume': np.int64(3043500)}, {'date': Timestamp('2025-09-30 00:00:00'), 'volume': np.int64(2665000)}, {'date': Timestamp('2025-08-31 00:00:00'), 'volume': np.int64(2286000)}, {'date': Timestamp('2025-07-31 00:00:00'), 'volume': np.int64(2153700)}, {'date': Timestamp('2025-06-30 00:00:00'), 'volume': np.int64(2083700)}]"
AHR,monthly,2026-01-31,67588200,120,3,3,False,0.9831296910455577,"[{'date': Timestamp('2026-01-31 00:00:00'), 'volume': np.int64(67588200)}, {'date': Timestamp('2025-11-30 00:00:00'), 'volume': np.int64(43207600)}, {'date': Timestamp('2025-06-30 00:00:00'), 'volume': np.int64(39865400)}]"
AIRJ,monthly,2026-01-31,14005800,120,4,4,True,1.0,"[{'date': Timestamp('2026-01-31 00:00:00'), 'volume': np.int64(14005800)}, {'date': Timestamp('2025-12-31 00:00:00'), 'volume': np.int64(11950800)}, {'date': Timestamp('2025-10-31 00:00:00'), 'volume': np.int64(5675300)}, {'date': Timestamp('2025-06-30 00:00:00'), 'volume': np.int64(5388900)}]"
PMT,monthly,2026-01-31,28676600,120,5,5,False,0.37383764814160586,"[{'date': Timestamp('2026-01-31 00:00:00'), 'volume': np.int64(28676600)}, {'date': Timestamp('2025-12-31 00:00:00'), 'volume': np.int64(24277400)}, {'date': Timestamp('2025-10-31 00:00:00'), 'volume': np.int64(23834400)}, {'date': Timestamp('2025-07-31 00:00:00'), 'volume': np.int64(21883900)}, {'date': Timestamp('2025-06-30 00:00:00'), 'volume': np.int64(14657700)}]"
ALX,monthly,2026-01-31,1797900,120,3,3,True,1.0,"[{'date': Timestamp('2026-01-31 00:00:00'), 'volume': np.int64(1797900)}, {'date': Timestamp('2025-10-31 00:00:00'), 'volume': np.int64(1764800)}, {'date': Timestamp('2025-06-30 00:00:00'), 'volume': np.int64(1542900)}]"
APH,monthly,2026-01-31,228364800,120,4,4,False,0.9712592249823921,"[{'date': Timestamp('2026-01-31 00:00:00'), 'volume': np.int64(228364800)}, {'date': Timestamp('2025-09-30 00:00:00'), 'volume': np.int64(209865500)}, {'date': Timestamp('2025-07-31 00:00:00'), 'volume': np.int64(193721000)}, {'date': Timestamp('2025-06-30 00:00:00'), 'volume': np.int64(184601200)}]"
WCN,monthly,2026-01-31,34856800,120,3,3,False,0.6595221336723959,"[{'date': Timestamp('2026-01-31 00:00:00'), 'volume': np.int64(34856800)}, {'date': Timestamp('2025-07-31 00:00:00'), 'volume': np.int64(32446500)}, {'date': Timestamp('2025-06-30 00:00:00'), 'volume': np.int64(17192200)}]"
NCV,monthly,2026-01-31,2789200,120,4,4,False,0.5369060337443093,"[{'date': Timestamp('2026-01-31 00:00:00'), 'volume': np.int64(2789200)}, {'date': Timestamp('2025-10-31 00:00:00'), 'volume': np.int64(2497800)}, {'date': Timestamp('2025-07-31 00:00:00'), 'volume': np.int64(2339600)}, {'date': Timestamp('2025-06-30 00:00:00'), 'volume': np.int64(1371200)}]"
WMT,monthly,2026-01-31,909083600,120,4,4,False,0.9500652339035709,"[{'date': Timestamp('2026-01-31 00:00:00'), 'volume': np.int64(909083600)}, {'date': Timestamp('2025-12-31 00:00:00'), 'volume': np.int64(442913500)}, {'date': Timestamp('2025-08-31 00:00:00'), 'volume': np.int64(397878500)}, {'date': Timestamp('2025-06-30 00:00:00'), 'volume': np.int64(343221000)}]"
TT,monthly,2026-01-31,43358500,120,4,4,False,0.7244043840010693,"[{'date': Timestamp('2026-01-31 00:00:00'), 'volume': np.int64(43358500)}, {'date': Timestamp('2025-09-30 00:00:00'), 'volume': np.int64(30583700)}, {'date': Timestamp('2025-07-31 00:00:00'), 'volume': np.int64(28407700)}, {'date': Timestamp('2025-06-30 00:00:00'), 'volume': np.int64(25074400)}]"
ESS,monthly,2026-01-31,11976500,120,3,3,False,0.7459623421841035,"[{'date': Timestamp('2026-01-31 00:00:00'), 'volume': np.int64(11976500)}, {'date': Timestamp('2025-07-31 00:00:00'), 'volume': np.int64(11762600)}, {'date': Timestamp('2025-06-30 00:00:00'), 'volume': np.int64(10055700)}]"
GLQ,monthly,2026-01-31,1703400,120,7,7,False,0.40466574808761346,"[{'date': Timestamp('2026-01-31 00:00:00'), 'volume': np.int64(1703400)}, {'date': Timestamp('2025-12-31 00:00:00'), 'volume': np.int64(1431500)}, {'date': Timestamp('2025-10-31 00:00:00'), 'volume': np.int64(1155000)}, {'date': Timestamp('2025-09-30 00:00:00'), 'volume': np.int64(934700)}, {'date': Timestamp('2025-08-31 00:00:00'), 'volume': np.int64(773400)}, {'date': Timestamp('2025-07-31 00:00:00'), 'volume': np.int64(674100)}, {'date': Timestamp('2025-06-30 00:00:00'), 'volume': np.int64(658200)}]"
VZLA,monthly,2026-01-31,199373200,120,4,4,True,1.0,"[{'date': Timestamp('2026-01-31 00:00:00'), 'volume': np.int64(199373200)}, {'date': Timestamp('2025-11-30 00:00:00'), 'volume': np.int64(142596300)}, {'date': Timestamp('2025-10-31 00:00:00'), 'volume': np.int64(91264800)}, {'date': Timestamp('2025-06-30 00:00:00'), 'volume': np.int64(89816100)}]"
INTC,monthly,2026-01-31,2945805500,120,3,3,True,1.0,"[{'date': Timestamp('2026-01-31 00:00:00'), 'volume': np.int64(2945805500)}, {'date': Timestamp('2025-08-31 00:00:00'), 'volume': np.int64(2840289900)}, {'date': Timestamp('2025-06-30 00:00:00'), 'volume': np.int64(1853561900)}]"
MOFG,monthly,2025-10-31,6159500,120,4,4,True,1.0,"[{'date': Timestamp('2025-10-31 00:00:00'), 'volume': np.int64(6159500)}, {'date': Timestamp('2025-06-30 00:00:00'), 'volume': np.int64(3724500)}, {'date': Timestamp('2025-04-30 00:00:00'), 'volume': np.int64(2343600)}, {'date': Timestamp('2025-03-31 00:00:00'), 'volume': np.int64(2244800)}]"
LRCX,monthly,2026-01-31,283725700,120,6,6,False,0.4496979831200222,"[{'date': Timestamp('2026-01-31 00:00:00'), 'volume': np.int64(283725700)}, {'date': Timestamp('2025-10-31 00:00:00'), 'volume': np.int64(270705800)}, {'date': Timestamp('2025-09-30 00:00:00'), 'volume': np.int64(247916400)}, {'date': Timestamp('2025-08-31 00:00:00'), 'volume': np.int64(241922400)}, {'date': Timestamp('2025-07-31 00:00:00'), 'volume': np.int64(224911100)}, {'date': Timestamp('2025-06-30 00:00:00'), 'volume': np.int64(213903100)}]"
CVS,monthly,2026-01-31,206406800,120,3,3,False,0.5169965792685691,"[{'date': Timestamp('2026-01-31 00:00:00'), 'volume': np.int64(206406800)}, {'date': Timestamp('2025-07-31 00:00:00'), 'volume': np.int64(190476800)}, {'date': Timestamp('2025-06-30 00:00:00'), 'volume': np.int64(135092900)}]"
RLI,monthly,2026-01-31,18827600,120,4,4,True,1.0,"[{'date': Timestamp('2026-01-31 00:00:00'), 'volume': np.int64(18827600)}, {'date': Timestamp('2025-12-31 00:00:00'), 'volume': np.int64(18814000)}, {'date': Timestamp('2025-07-31 00:00:00'), 'volume': np.int64(17543600)}, {'date': Timestamp('2025-06-30 00:00:00'), 'volume': np.int64(9820800)}]"
PEN,monthly,2026-01-31,33755600,120,3,3,True,1.0,"[{'date': Timestamp('2026-01-31 00:00:00'), 'volume': np.int64(33755600)}, {'date': Timestamp('2025-07-31 00:00:00'), 'volume': np.int64(11085900)}, {'date': Timestamp('2025-06-30 00:00:00'), 'volume': np.int64(9090600)}]"
MSB,monthly,2026-01-31,1288000,120,3,3,False,0.35986700567181695,"[{'date': Timestamp('2026-01-31 00:00:00'), 'volume': np.int64(1288000)}, {'date': Timestamp('2025-07-31 00:00:00'), 'volume': np.int64(1107800)}, {'date': Timestamp('2025-06-30 00:00:00'), 'volume': np.int64(778300)}]"
DLX,monthly,2026-01-31,10624000,120,3,3,False,0.5302984925626435,"[{'date': Timestamp('2026-01-31 00:00:00'), 'volume': np.int64(10624000)}, {'date': Timestamp('2025-08-31 00:00:00'), 'volume': np.int64(8623500)}, {'date': Timestamp('2025-06-30 00:00:00'), 'volume': np.int64(8365500)}]"
RVMD,monthly,2026-01-31,114009700,120,2,2,True,1.0,"[{'date': Timestamp('2026-01-31 00:00:00'), 'volume': np.int64(114009700)}, {'date': Timestamp('2025-06-30 00:00:00'), 'volume': np.int64(62311300)}]"
SYF,monthly,2026-01-31,104360200,120,4,4,False,0.37083012345819394,"[{'date': Timestamp('2026-01-31 00:00:00'), 'volume': np.int64(104360200)}, {'date': Timestamp('2025-10-31 00:00:00'), 'volume': np.int64(82013500)}, {'date': Timestamp('2025-07-31 00:00:00'), 'volume': np.int64(75769600)}, {'date': Timestamp('2025-06-30 00:00:00'), 'volume': np.int64(68721100)}]"
AVB,monthly,2026-01-31,24389600,120,4,4,False,0.7284043531758831,"[{'date': Timestamp('2026-01-31 00:00:00'), 'volume': np.int64(24389600)}, {'date': Timestamp('2025-12-31 00:00:00'), 'volume': np.int64(22504300)}, {'date': Timestamp('2025-08-31 00:00:00'), 'volume': np.int64(21420200)}, {'date': Timestamp('2025-06-30 00:00:00'), 'volume': np.int64(19491400)}]"
BTO,monthly,2026-01-31,1280100,120,5,5,False,0.31164183464796963,"[{'date': Timestamp('2026-01-31 00:00:00'), 'volume': np.int64(1280100)}, {'date': Timestamp('2025-11-30 00:00:00'), 'volume': np.int64(1246200)}, {'date': Timestamp('2025-10-31 00:00:00'), 'volume': np.int64(1105300)}, {'date': Timestamp('2025-08-31 00:00:00'), 'volume': np.int64(734900)}, {'date': Timestamp('2025-06-30 00:00:00'), 'volume': np.int64(716500)}]"
ALCY,monthly,2026-01-31,2237900,120,5,5,True,1.0,"[{'date': Timestamp('2026-01-31 00:00:00'), 'volume': np.int64(2237900)}, {'date': Timestamp('2025-12-31 00:00:00'), 'volume': np.int64(913800)}, {'date': Timestamp('2025-09-30 00:00:00'), 'volume': np.int64(248300)}, {'date': Timestamp('2025-08-31 00:00:00'), 'volume': np.int64(180600)}, {'date': Timestamp('2025-06-30 00:00:00'), 'volume': np.int64(1500)}]"
AAUC,monthly,2026-01-31,28397100,120,6,6,True,1.0,"[{'date': Timestamp('2026-01-31 00:00:00'), 'volume': np.int64(28397100)}, {'date': Timestamp('2025-12-31 00:00:00'), 'volume': np.int64(16802700)}, {'date': Timestamp('2025-11-30 00:00:00'), 'volume': np.int64(10294900)}, {'date': Timestamp('2025-10-31 00:00:00'), 'volume': np.int64(9071200)}, {'date': Timestamp('2025-08-31 00:00:00'), 'volume': np.int64(3876000)}, {'date': Timestamp('2025-06-30 00:00:00'), 'volume': np.int64(1448800)}]"
QGEN,monthly,2026-01-31,64250900,120,3,3,False,0.8304597458986462,"[{'date': Timestamp('2026-01-31 00:00:00'), 'volume': np.int64(64250900)}, {'date': Timestamp('2025-07-31 00:00:00'), 'volume': np.int64(32834900)}, {'date': Timestamp('2025-06-30 00:00:00'), 'volume': np.int64(27350100)}]"
SAZ,monthly,2026-01-31,171600,120,3,3,False,0.4985473561882626,"[{'date': Timestamp('2026-01-31 00:00:00'), 'volume': np.int64(171600)}, {'date': Timestamp('2025-08-31 00:00:00'), 'volume': np.int64(131400)}, {'date': Timestamp('2025-06-30 00:00:00'), 'volume': np.int64(62700)}]"
PAXS,monthly,2026-01-31,6499300,120,4,4,False,0.7756190703502596,"[{'date': Timestamp('2026-01-31 00:00:00'), 'volume': np.int64(6499300)}, {'date': Timestamp('2025-10-31 00:00:00'), 'volume': np.int64(4807200)}, {'date': Timestamp('2025-07-31 00:00:00'), 'volume': np.int64(4391400)}, {'date': Timestamp('2025-06-30 00:00:00'), 'volume': np.int64(3991200)}]"
KTN,monthly,2026-01-31,63300,120,3,3,False,0.44358794674141555,"[{'date': Timestamp('2026-01-31 00:00:00'), 'volume': np.int64(63300)}, {'date': Timestamp('2025-07-31 00:00:00'), 'volume': np.int64(56700)}, {'date': Timestamp('2025-06-30 00:00:00'), 'volume': np.int64(37800)}]"
EVF,monthly,2026-01-31,2705000,120,5,5,False,0.289608359564035,"[{'date': Timestamp('2026-01-31 00:00:00'), 'volume': np.int64(2705000)}, {'date': Timestamp('2025-09-30 00:00:00'), 'volume': np.int64(2255300)}, {'date': Timestamp('2025-08-31 00:00:00'), 'volume': np.int64(2067700)}, {'date': Timestamp('2025-07-31 00:00:00'), 'volume': np.int64(1872500)}, {'date': Timestamp('2025-06-30 00:00:00'), 'volume': np.int64(1161500)}]"
CNMD,monthly,2026-01-31,13713500,120,4,4,False,0.8137947814115232,"[{'date': Timestamp('2026-01-31 00:00:00'), 'volume': np.int64(13713500)}, {'date': Timestamp('2025-12-31 00:00:00'), 'volume': np.int64(13261700)}, {'date': Timestamp('2025-07-31 00:00:00'), 'volume': np.int64(10904500)}, {'date': Timestamp('2025-06-30 00:00:00'), 'volume': np.int64(7926400)}]"
BSTZ,monthly,2026-01-31,6420900,120,3,3,False,0.44913333613127965,"[{'date': Timestamp('2026-01-31 00:00:00'), 'volume': np.int64(6420900)}, {'date': Timestamp('2025-07-31 00:00:00'), 'volume': np.int64(5409400)}, {'date': Timestamp('2025-06-30 00:00:00'), 'volume': np.int64(4754900)}]"
MBLY,monthly,2026-01-31,271666100,120,3,3,True,1.0,"[{'date': Timestamp('2026-01-31 00:00:00'), 'volume': np.int64(271666100)}, {'date': Timestamp('2025-07-31 00:00:00'), 'volume': np.int64(236309600)}, {'date': Timestamp('2025-06-30 00:00:00'), 'volume': np.int64(76670400)}]"
CVGW,monthly,2026-01-31,14033100,120,2,2,True,1.0,"[{'date': Timestamp('2026-01-31 00:00:00'), 'volume': np.int64(14033100)}, {'date': Timestamp('2025-06-30 00:00:00'), 'volume': np.int64(11562700)}]"
LOB,monthly,2026-01-31,7808200,120,6,6,False,0.6590032493564586,"[{'date': Timestamp('2026-01-31 00:00:00'), 'volume': np.int64(7808200)}, {'date': Timestamp('2025-12-31 00:00:00'), 'volume': np.int64(7449900)}, {'date': Timestamp('2025-09-30 00:00:00'), 'volume': np.int64(6261000)}, {'date': Timestamp('2025-08-31 00:00:00'), 'volume': np.int64(5912800)}, {'date': Timestamp('2025-07-31 00:00:00'), 'volume': np.int64(5717800)}, {'date': Timestamp('2025-06-30 00:00:00'), 'volume': np.int64(4770300)}]"
FTS,monthly,2026-01-31,22758800,120,7,7,False,0.9094389233209857,"[{'date': Timestamp('2026-01-31 00:00:00'), 'volume': np.int64(22758800)}, {'date': Timestamp('2025-12-31 00:00:00'), 'volume': np.int64(15623900)}, {'date': Timestamp('2025-11-30 00:00:00'), 'volume': np.int64(15443800)}, {'date': Timestamp('2025-10-31 00:00:00'), 'volume': np.int64(15091500)}, {'date': Timestamp('2025-08-31 00:00:00'), 'volume': np.int64(12360200)}, {'date': Timestamp('2025-07-31 00:00:00'), 'volume': np.int64(12121900)}, {'date': Timestamp('2025-06-30 00:00:00'), 'volume': np.int64(10423900)}]"
JCAP,monthly,2026-01-31,9927500,120,3,3,True,1.0,"[{'date': Timestamp('2026-01-31 00:00:00'), 'volume': np.int64(9927500)}, {'date': Timestamp('2025-09-30 00:00:00'), 'volume': np.int64(5500800)}, {'date': Timestamp('2025-06-30 00:00:00'), 'volume': np.int64(4566800)}]"
GLO,monthly,2026-01-31,7193600,120,3,3,False,0.6783471323765159,"[{'date': Timestamp('2026-01-31 00:00:00'), 'volume': np.int64(7193600)}, {'date': Timestamp('2025-07-31 00:00:00'), 'volume': np.int64(3809400)}, {'date': Timestamp('2025-06-30 00:00:00'), 'volume': np.int64(2135700)}]"
CWAN,monthly,2026-01-31,291978200,120,5,5,True,1.0,"[{'date': Timestamp('2026-01-31 00:00:00'), 'volume': np.int64(291978200)}, {'date': Timestamp('2025-12-31 00:00:00'), 'volume': np.int64(269246700)}, {'date': Timestamp('2025-11-30 00:00:00'), 'volume': np.int64(155295800)}, {'date': Timestamp('2025-08-31 00:00:00'), 'volume': np.int64(108246100)}, {'date': Timestamp('2025-06-30 00:00:00'), 'volume': np.int64(91964800)}]"
UMC,monthly,2026-01-31,301689500,120,2,2,False,0.8794463580267067,"[{'date': Timestamp('2026-01-31 00:00:00'), 'volume': np.int64(301689500)}, {'date': Timestamp('2025-06-30 00:00:00'), 'volume': np.int64(190148200)}]"
PCRX,monthly,2026-01-31,21317600,120,5,5,False,0.6178763760311176,"[{'date': Timestamp('2026-01-31 00:00:00'), 'volume': np.int64(21317600)}, {'date': Timestamp('2025-12-31 00:00:00'), 'volume': np.int64(18367300)}, {'date': Timestamp('2025-08-31 00:00:00'), 'volume': np.int64(16980000)}, {'date': Timestamp('2025-07-31 00:00:00'), 'volume': np.int64(12217200)}, {'date': Timestamp('2025-06-30 00:00:00'), 'volume': np.int64(11252400)}]"
SWZ,monthly,2026-01-31,3170500,120,5,5,True,1.0,"[{'date': Timestamp('2026-01-31 00:00:00'), 'volume': np.int64(3170500)}, {'date': Timestamp('2025-12-31 00:00:00'), 'volume': np.int64(2648400)}, {'date': Timestamp('2025-08-31 00:00:00'), 'volume': np.int64(2022100)}, {'date': Timestamp('2025-07-31 00:00:00'), 'volume': np.int64(1268400)}, {'date': Timestamp('2025-06-30 00:00:00'), 'volume': np.int64(466000)}]"
FGNXP,monthly,2026-01-31,130100,120,5,5,False,0.5552710200597525,"[{'date': Timestamp('2026-01-31 00:00:00'), 'volume': np.int64(130100)}, {'date': Timestamp('2025-09-30 00:00:00'), 'volume': np.int64(100100)}, {'date': Timestamp('2025-08-31 00:00:00'), 'volume': np.int64(94800)}, {'date': Timestamp('2025-07-31 00:00:00'), 'volume': np.int64(88700)}, {'date': Timestamp('2025-06-30 00:00:00'), 'volume': np.int64(17800)}]"
HYT,monthly,2026-01-31,29387000,120,3,3,False,0.7424596898480569,"[{'date': Timestamp('2026-01-31 00:00:00'), 'volume': np.int64(29387000)}, {'date': Timestamp('2025-08-31 00:00:00'), 'volume': np.int64(22518900)}, {'date': Timestamp('2025-06-30 00:00:00'), 'volume': np.int64(12017600)}]"
FRAF,monthly,2026-01-31,1697800,120,3,3,True,1.0,"[{'date': Timestamp('2026-01-31 00:00:00'), 'volume': np.int64(1697800)}, {'date': Timestamp('2025-12-31 00:00:00'), 'volume': np.int64(1207600)}, {'date': Timestamp('2025-06-30 00:00:00'), 'volume': np.int64(944500)}]"
MCHPP,monthly,2026-01-31,19041800,120,3,3,False,0.5381623943701778,"[{'date': Timestamp('2026-01-31 00:00:00'), 'volume': np.int64(19041800)}, {'date': Timestamp('2025-07-31 00:00:00'), 'volume': np.int64(5789700)}, {'date': Timestamp('2025-06-30 00:00:00'), 'volume': np.int64(4875100)}]"
OMCC,monthly,2026-01-31,967200,120,4,4,True,1.0,"[{'date': Timestamp('2026-01-31 00:00:00'), 'volume': np.int64(967200)}, {'date': Timestamp('2025-12-31 00:00:00'), 'volume': np.int64(286300)}, {'date': Timestamp('2025-07-31 00:00:00'), 'volume': np.int64(122500)}, {'date': Timestamp('2025-06-30 00:00:00'), 'volume': np.int64(60100)}]"
SABA,monthly,2026-01-31,2437400,120,5,5,False,0.17619674122052423,"[{'date': Timestamp('2026-01-31 00:00:00'), 'volume': np.int64(2437400)}, {'date': Timestamp('2025-12-31 00:00:00'), 'volume': np.int64(2035600)}, {'date': Timestamp('2025-09-30 00:00:00'), 'volume': np.int64(1723700)}, {'date': Timestamp('2025-07-31 00:00:00'), 'volume': np.int64(1472900)}, {'date': Timestamp('2025-06-30 00:00:00'), 'volume': np.int64(1258000)}]"
ECG,monthly,2026-01-31,15627000,120,4,4,False,0.8959100134154312,"[{'date': Timestamp('2026-01-31 00:00:00'), 'volume': np.int64(15627000)}, {'date': Timestamp('2025-08-31 00:00:00'), 'volume': np.int64(13513300)}, {'date': Timestamp('2025-07-31 00:00:00'), 'volume': np.int64(10524400)}, {'date': Timestamp('2025-06-30 00:00:00'), 'volume': np.int64(6600100)}]"
AVNT,monthly,2026-01-31,19211500,120,3,3,False,0.5722153220209746,"[{'date': Timestamp('2026-01-31 00:00:00'), 'volume': np.int64(19211500)}, {'date': Timestamp('2025-07-31 00:00:00'), 'volume': np.int64(17003700)}, {'date': Timestamp('2025-06-30 00:00:00'), 'volume': np.int64(14404800)}]"
FEDU,monthly,2026-01-31,534400,120,4,4,False,0.09089501999384282,"[{'date': Timestamp('2026-01-31 00:00:00'), 'volume': np.int64(534400)}, {'date': Timestamp('2025-09-30 00:00:00'), 'volume': np.int64(93900)}, {'date': Timestamp('2025-07-31 00:00:00'), 'volume': np.int64(54100)}, {'date': Timestamp('2025-06-30 00:00:00'), 'volume': np.int64(14500)}]"
STVN,monthly,2026-01-31,14000600,120,4,4,False,0.5850305456429628,"[{'date': Timestamp('2026-01-31 00:00:00'), 'volume': np.int64(14000600)}, {'date': Timestamp('2025-09-30 00:00:00'), 'volume': np.int64(9940800)}, {'date': Timestamp('2025-08-31 00:00:00'), 'volume': np.int64(7366000)}, {'date': Timestamp('2025-06-30 00:00:00'), 'volume': np.int64(7022000)}]"
OR,monthly,2026-01-31,35944700,120,5,5,False,0.9452589392078641,"[{'date': Timestamp('2026-01-31 00:00:00'), 'volume': np.int64(35944700)}, {'date': Timestamp('2025-10-31 00:00:00'), 'volume': np.int64(33776300)}, {'date': Timestamp('2025-09-30 00:00:00'), 'volume': np.int64(27367300)}, {'date': Timestamp('2025-07-31 00:00:00'), 'volume': np.int64(18308600)}, {'date': Timestamp('2025-06-30 00:00:00'), 'volume': np.int64(16686600)}]"
GECCI,monthly,2026-01-31,141000,120,6,6,False,0.8155002891844997,"[{'date': Timestamp('2026-01-31 00:00:00'), 'volume': np.int64(141000)}, {'date': Timestamp('2025-10-31 00:00:00'), 'volume': np.int64(54300)}, {'date': Timestamp('2025-09-30 00:00:00'), 'volume': np.int64(35800)}, {'date': Timestamp('2025-08-31 00:00:00'), 'volume': np.int64(24600)}, {'date': Timestamp('2025-07-31 00:00:00'), 'volume': np.int64(21900)}, {'date': Timestamp('2025-06-30 00:00:00'), 'volume': np.int64(14000)}]"
CEG,monthly,2026-01-31,79493200,120,3,3,False,0.6430203672890612,"[{'date': Timestamp('2026-01-31 00:00:00'), 'volume': np.int64(79493200)}, {'date': Timestamp('2025-10-31 00:00:00'), 'volume': np.int64(65285100)}, {'date': Timestamp('2025-06-30 00:00:00'), 'volume': np.int64(64112700)}]"
CCIX,monthly,2026-01-31,11501100,120,2,2,True,1.0,"[{'date': Timestamp('2026-01-31 00:00:00'), 'volume': np.int64(11501100)}, {'date': Timestamp('2025-06-30 00:00:00'), 'volume': np.int64(8191400)}]"
AIR,monthly,2026-01-31,13312100,120,5,5,False,0.9458243928779504,"[{'date': Timestamp('2026-01-31 00:00:00'), 'volume': np.int64(13312100)}, {'date': Timestamp('2025-10-31 00:00:00'), 'volume': np.int64(13036600)}, {'date': Timestamp('2025-09-30 00:00:00'), 'volume': np.int64(11187200)}, {'date': Timestamp('2025-07-31 00:00:00'), 'volume': np.int64(10888100)}, {'date': Timestamp('2025-06-30 00:00:00'), 'volume': np.int64(5615700)}]"
GRAF-U,monthly,2026-01-31,15071,120,3,3,False,0.0009064017911764783,"[{'date': Timestamp('2026-01-31 00:00:00'), 'volume': np.int64(15071)}, {'date': Timestamp('2025-10-31 00:00:00'), 'volume': np.int64(9002)}, {'date': Timestamp('2025-06-30 00:00:00'), 'volume': np.int64(2069)}]"
IVR,monthly,2026-01-31,56594900,120,3,3,False,0.8374348155095066,"[{'date': Timestamp('2026-01-31 00:00:00'), 'volume': np.int64(56594900)}, {'date': Timestamp('2025-07-31 00:00:00'), 'volume': np.int64(47734300)}, {'date': Timestamp('2025-06-30 00:00:00'), 'volume': np.int64(23422500)}]"
AVR,monthly,2026-01-31,37616500,120,3,3,True,1.0,"[{'date': Timestamp('2026-01-31 00:00:00'), 'volume': np.int64(37616500)}, {'date': Timestamp('2025-10-31 00:00:00'), 'volume': np.int64(7486000)}, {'date': Timestamp('2025-06-30 00:00:00'), 'volume': np.int64(5885400)}]"
NGS,monthly,2026-01-31,3531000,120,3,3,False,0.9033231855509223,"[{'date': Timestamp('2026-01-31 00:00:00'), 'volume': np.int64(3531000)}, {'date': Timestamp('2025-12-31 00:00:00'), 'volume': np.int64(2018500)}, {'date': Timestamp('2025-06-30 00:00:00'), 'volume': np.int64(1756900)}]"
AFCG,monthly,2026-01-31,10026100,120,3,3,True,1.0,"[{'date': Timestamp('2026-01-31 00:00:00'), 'volume': np.int64(10026100)}, {'date': Timestamp('2025-08-31 00:00:00'), 'volume': np.int64(6851100)}, {'date': Timestamp('2025-06-30 00:00:00'), 'volume': np.int64(4759900)}]"
BCX,monthly,2026-01-31,7140400,120,4,4,False,0.36317028884153135,"[{'date': Timestamp('2026-01-31 00:00:00'), 'volume': np.int64(7140400)}, {'date': Timestamp('2025-10-31 00:00:00'), 'volume': np.int64(6558600)}, {'date': Timestamp('2025-07-31 00:00:00'), 'volume': np.int64(4642900)}, {'date': Timestamp('2025-06-30 00:00:00'), 'volume': np.int64(3803800)}]"
GAM,monthly,2026-01-31,907500,120,4,4,False,0.41280021834061137,"[{'date': Timestamp('2026-01-31 00:00:00'), 'volume': np.int64(907500)}, {'date': Timestamp('2025-12-31 00:00:00'), 'volume': np.int64(605700)}, {'date': Timestamp('2025-07-31 00:00:00'), 'volume': np.int64(494400)}, {'date': Timestamp('2025-06-30 00:00:00'), 'volume': np.int64(297800)}]"
SARO,monthly,2026-01-31,108411100,120,2,2,True,1.0,"[{'date': Timestamp('2026-01-31 00:00:00'), 'volume': np.int64(108411100)}, {'date': Timestamp('2025-06-30 00:00:00'), 'volume': np.int64(53015300)}]"
CDP,monthly,2026-01-31,26169000,120,4,4,False,0.6626673824524442,"[{'date': Timestamp('2026-01-31 00:00:00'), 'volume': np.int64(26169000)}, {'date': Timestamp('2025-09-30 00:00:00'), 'volume': np.int64(22627500)}, {'date': Timestamp('2025-08-31 00:00:00'), 'volume': np.int64(17910800)}, {'date': Timestamp('2025-06-30 00:00:00'), 'volume': np.int64(17790000)}]"
LHX,monthly,2026-01-31,38266700,120,3,3,False,0.8022873555988846,"[{'date': Timestamp('2026-01-31 00:00:00'), 'volume': np.int64(38266700)}, {'date': Timestamp('2025-07-31 00:00:00'), 'volume': np.int64(28456700)}, {'date': Timestamp('2025-06-30 00:00:00'), 'volume': np.int64(27922500)}]"
RGT,monthly,2026-01-31,847700,120,4,4,False,0.4145637715179969,"[{'date': Timestamp('2026-01-31 00:00:00'), 'volume': np.int64(847700)}, {'date': Timestamp('2025-11-30 00:00:00'), 'volume': np.int64(597500)}, {'date': Timestamp('2025-07-31 00:00:00'), 'volume': np.int64(440100)}, {'date': Timestamp('2025-06-30 00:00:00'), 'volume': np.int64(285100)}]"
TCOM,monthly,2026-01-31,103412000,120,3,3,False,0.4886030268138227,"[{'date': Timestamp('2026-01-31 00:00:00'), 'volume': np.int64(103412000)}, {'date': Timestamp('2025-08-31 00:00:00'), 'volume': np.int64(72739700)}, {'date': Timestamp('2025-06-30 00:00:00'), 'volume': np.int64(56940200)}]"
JCE,monthly,2026-01-31,1337000,120,5,5,False,0.47732952516958227,"[{'date': Timestamp('2026-01-31 00:00:00'), 'volume': np.int64(1337000)}, {'date': Timestamp('2025-10-31 00:00:00'), 'volume': np.int64(1016100)}, {'date': Timestamp('2025-09-30 00:00:00'), 'volume': np.int64(822100)}, {'date': Timestamp('2025-07-31 00:00:00'), 'volume': np.int64(637600)}, {'date': Timestamp('2025-06-30 00:00:00'), 'volume': np.int64(622900)}]"
FITB,monthly,2026-01-31,292148600,120,4,4,False,0.8199967329085366,"[{'date': Timestamp('2026-01-31 00:00:00'), 'volume': np.int64(292148600)}, {'date': Timestamp('2025-10-31 00:00:00'), 'volume': np.int64(228214400)}, {'date': Timestamp('2025-07-31 00:00:00'), 'volume': np.int64(133485600)}, {'date': Timestamp('2025-06-30 00:00:00'), 'volume': np.int64(105427600)}]"
GOODO,monthly,2026-01-31,234400,120,5,5,False,0.126743808802855,"[{'date': Timestamp('2026-01-31 00:00:00'), 'volume': np.int64(234400)}, {'date': Timestamp('2025-10-31 00:00:00'), 'volume': np.int64(210200)}, {'date': Timestamp('2025-09-30 00:00:00'), 'volume': np.int64(85000)}, {'date': Timestamp('2025-08-31 00:00:00'), 'volume': np.int64(74200)}, {'date': Timestamp('2025-06-30 00:00:00'), 'volume': np.int64(67300)}]"
PKE,monthly,2026-01-31,6627600,120,3,3,False,0.5706659319085915,"[{'date': Timestamp('2026-01-31 00:00:00'), 'volume': np.int64(6627600)}, {'date': Timestamp('2025-07-31 00:00:00'), 'volume': np.int64(4484700)}, {'date': Timestamp('2025-06-30 00:00:00'), 'volume': np.int64(1137400)}]"
FFBC,monthly,2026-01-31,24881300,120,7,7,True,1.0,"[{'date': Timestamp('2026-01-31 00:00:00'), 'volume': np.int64(24881300)}, {'date': Timestamp('2025-12-31 00:00:00'), 'volume': np.int64(16741000)}, {'date': Timestamp('2025-10-31 00:00:00'), 'volume': np.int64(11728200)}, {'date': Timestamp('2025-09-30 00:00:00'), 'volume': np.int64(11039100)}, {'date': Timestamp('2025-08-31 00:00:00'), 'volume': np.int64(9393000)}, {'date': Timestamp('2025-07-31 00:00:00'), 'volume': np.int64(8696600)}, {'date': Timestamp('2025-06-30 00:00:00'), 'volume': np.int64(7819100)}]"
SCL,monthly,2026-01-31,4265300,120,5,5,True,1.0,"[{'date': Timestamp('2026-01-31 00:00:00'), 'volume': np.int64(4265300)}, {'date': Timestamp('2025-10-31 00:00:00'), 'volume': np.int64(3878300)}, {'date': Timestamp('2025-08-31 00:00:00'), 'volume': np.int64(3718300)}, {'date': Timestamp('2025-07-31 00:00:00'), 'volume': np.int64(2241700)}, {'date': Timestamp('2025-06-30 00:00:00'), 'volume': np.int64(1933200)}]"
IMCR,monthly,2026-01-31,10375300,120,2,2,False,0.49486547202838893,"[{'date': Timestamp('2026-01-31 00:00:00'), 'volume': np.int64(10375300)}, {'date': Timestamp('2025-06-30 00:00:00'), 'volume': np.int64(9649900)}]"
LAND,monthly,2026-01-31,15879100,120,4,4,True,1.0,"[{'date': Timestamp('2026-01-31 00:00:00'), 'volume': np.int64(15879100)}, {'date': Timestamp('2025-12-31 00:00:00'), 'volume': np.int64(11265600)}, {'date': Timestamp('2025-07-31 00:00:00'), 'volume': np.int64(9955400)}, {'date': Timestamp('2025-06-30 00:00:00'), 'volume': np.int64(6555200)}]"
JCI,monthly,2026-01-31,122565900,120,5,5,False,0.5583865337646771,"[{'date': Timestamp('2026-01-31 00:00:00'), 'volume': np.int64(122565900)}, {'date': Timestamp('2025-12-31 00:00:00'), 'volume': np.int64(112076300)}, {'date': Timestamp('2025-08-31 00:00:00'), 'volume': np.int64(106195400)}, {'date': Timestamp('2025-07-31 00:00:00'), 'volume': np.int64(106114700)}, {'date': Timestamp('2025-06-30 00:00:00'), 'volume': np.int64(93705500)}]"
STEW,monthly,2026-01-31,2585800,120,3,3,False,0.26142693936973643,"[{'date': Timestamp('2026-01-31 00:00:00'), 'volume': np.int64(2585800)}, {'date': Timestamp('2025-10-31 00:00:00'), 'volume': np.int64(2117300)}, {'date': Timestamp('2025-06-30 00:00:00'), 'volume': np.int64(2074500)}]"
PHYS,monthly,2026-01-31,221777600,120,4,4,True,1.0,"[{'date': Timestamp('2026-01-31 00:00:00'), 'volume': np.int64(221777600)}, {'date': Timestamp('2025-10-31 00:00:00'), 'volume': np.int64(145206800)}, {'date': Timestamp('2025-09-30 00:00:00'), 'volume': np.int64(83607300)}, {'date': Timestamp('2025-06-30 00:00:00'), 'volume': np.int64(54764300)}]"
PNFP,monthly,2026-01-31,39917700,120,4,4,True,1.0,"[{'date': Timestamp('2026-01-31 00:00:00'), 'volume': np.int64(39917700)}, {'date': Timestamp('2025-08-31 00:00:00'), 'volume': np.int64(32754800)}, {'date': Timestamp('2025-07-31 00:00:00'), 'volume': np.int64(32289900)}, {'date': Timestamp('2025-06-30 00:00:00'), 'volume': np.int64(9073900)}]"
AMAL,monthly,2026-01-31,4631200,120,3,3,False,0.8011486498174961,"[{'date': Timestamp('2026-01-31 00:00:00'), 'volume': np.int64(4631200)}, {'date': Timestamp('2025-10-31 00:00:00'), 'volume': np.int64(4046100)}, {'date': Timestamp('2025-06-30 00:00:00'), 'volume': np.int64(4023400)}]"
WY,monthly,2026-01-31,165715300,120,6,6,True,1.0,"[{'date': Timestamp('2026-01-31 00:00:00'), 'volume': np.int64(165715300)}, {'date': Timestamp('2025-12-31 00:00:00'), 'volume': np.int64(155914400)}, {'date': Timestamp('2025-11-30 00:00:00'), 'volume': np.int64(118859900)}, {'date': Timestamp('2025-10-31 00:00:00'), 'volume': np.int64(113756100)}, {'date': Timestamp('2025-07-31 00:00:00'), 'volume': np.int64(111279900)}, {'date': Timestamp('2025-06-30 00:00:00'), 'volume': np.int64(82304000)}]"
PSTL,monthly,2026-01-31,6218000,120,3,3,True,1.0,"[{'date': Timestamp('2026-01-31 00:00:00'), 'volume': np.int64(6218000)}, {'date': Timestamp('2025-12-31 00:00:00'), 'volume': np.int64(4780600)}, {'date': Timestamp('2025-06-30 00:00:00'), 'volume': np.int64(3946600)}]"
ETV,monthly,2026-01-31,5574200,120,4,4,False,0.2750518109148327,"[{'date': Timestamp('2026-01-31 00:00:00'), 'volume': np.int64(5574200)}, {'date': Timestamp('2025-12-31 00:00:00'), 'volume': np.int64(4648300)}, {'date': Timestamp('2025-10-31 00:00:00'), 'volume': np.int64(4315800)}, {'date': Timestamp('2025-06-30 00:00:00'), 'volume': np.int64(3834400)}]"
CLM,monthly,2026-01-31,50827200,120,3,3,False,0.7437056364769974,"[{'date': Timestamp('2026-01-31 00:00:00'), 'volume': np.int64(50827200)}, {'date': Timestamp('2025-10-31 00:00:00'), 'volume': np.int64(40123300)}, {'date': Timestamp('2025-06-30 00:00:00'), 'volume': np.int64(33510200)}]"
PSTG,monthly,2025-12-31,114275600,120,3,3,False,0.732379562567734,"[{'date': Timestamp('2025-12-31 00:00:00'), 'volume': np.int64(114275600)}, {'date': Timestamp('2025-08-31 00:00:00'), 'volume': np.int64(73556800)}, {'date': Timestamp('2025-05-31 00:00:00'), 'volume': np.int64(63687000)}]"
GRAF,monthly,2026-01-31,2019500,120,5,5,False,0.6457440685553495,"[{'date': Timestamp('2026-01-31 00:00:00'), 'volume': np.int64(2019500)}, {'date': Timestamp('2025-11-30 00:00:00'), 'volume': np.int64(766900)}, {'date': Timestamp('2025-08-31 00:00:00'), 'volume': np.int64(205600)}, {'date': Timestamp('2025-07-31 00:00:00'), 'volume': np.int64(161500)}, {'date': Timestamp('2025-06-30 00:00:00'), 'volume': np.int64(87900)}]"
PEBO,monthly,2026-01-31,6697300,120,3,3,True,1.0,"[{'date': Timestamp('2026-01-31 00:00:00'), 'volume': np.int64(6697300)}, {'date': Timestamp('2025-07-31 00:00:00'), 'volume': np.int64(4630100)}, {'date': Timestamp('2025-06-30 00:00:00'), 'volume': np.int64(3212100)}]"
CRF,monthly,2026-01-31,38497300,120,5,5,False,0.9982635219869088,"[{'date': Timestamp('2026-01-31 00:00:00'), 'volume': np.int64(38497300)}, {'date': Timestamp('2025-11-30 00:00:00'), 'volume': np.int64(24652000)}, {'date': Timestamp('2025-10-31 00:00:00'), 'volume': np.int64(24096600)}, {'date': Timestamp('2025-07-31 00:00:00'), 'volume': np.int64(19874400)}, {'date': Timestamp('2025-06-30 00:00:00'), 'volume': np.int64(19180800)}]"
ERO,monthly,2026-01-31,48699000,120,4,4,True,1.0,"[{'date': Timestamp('2026-01-31 00:00:00'), 'volume': np.int64(48699000)}, {'date': Timestamp('2025-10-31 00:00:00'), 'volume': np.int64(25441700)}, {'date': Timestamp('2025-07-31 00:00:00'), 'volume': np.int64(20016600)}, {'date': Timestamp('2025-06-30 00:00:00'), 'volume': np.int64(10274300)}]"
OCFC,monthly,2026-01-31,17025800,120,4,4,True,1.0,"[{'date': Timestamp('2026-01-31 00:00:00'), 'volume': np.int64(17025800)}, {'date': Timestamp('2025-10-31 00:00:00'), 'volume': np.int64(11435000)}, {'date': Timestamp('2025-07-31 00:00:00'), 'volume': np.int64(6413300)}, {'date': Timestamp('2025-06-30 00:00:00'), 'volume': np.int64(6098800)}]"
EGHA,monthly,2026-01-31,4240200,120,4,4,True,1.0,"[{'date': Timestamp('2026-01-31 00:00:00'), 'volume': np.int64(4240200)}, {'date': Timestamp('2025-08-31 00:00:00'), 'volume': np.int64(1178400)}, {'date': Timestamp('2025-07-31 00:00:00'), 'volume': np.int64(1002200)}, {'date': Timestamp('2025-06-30 00:00:00'), 'volume': np.int64(28500)}]"
V,monthly,2026-01-31,170634700,120,2,2,False,0.40823036544499186,"[{'date': Timestamp('2026-01-31 00:00:00'), 'volume': np.int64(170634700)}, {'date': Timestamp('2025-06-30 00:00:00'), 'volume': np.int64(153095400)}]"
AEF,monthly,2026-01-31,5152000,120,3,3,False,0.8413489017718625,"[{'date': Timestamp('2026-01-31 00:00:00'), 'volume': np.int64(5152000)}, {'date': Timestamp('2025-07-31 00:00:00'), 'volume': np.int64(4129300)}, {'date': Timestamp('2025-06-30 00:00:00'), 'volume': np.int64(2459200)}]"
BMEZ,monthly,2026-01-31,7138200,120,4,4,False,0.43037242027963174,"[{'date': Timestamp('2026-01-31 00:00:00'), 'volume': np.int64(7138200)}, {'date': Timestamp('2025-09-30 00:00:00'), 'volume': np.int64(6978200)}, {'date': Timestamp('2025-07-31 00:00:00'), 'volume': np.int64(5864300)}, {'date': Timestamp('2025-06-30 00:00:00'), 'volume': np.int64(5755900)}]"
LEGN,monthly,2026-01-31,62617800,120,3,3,True,1.0,"[{'date': Timestamp('2026-01-31 00:00:00'), 'volume': np.int64(62617800)}, {'date': Timestamp('2025-12-31 00:00:00'), 'volume': np.int64(50590200)}, {'date': Timestamp('2025-06-30 00:00:00'), 'volume': np.int64(43058000)}]"
UDR,monthly,2026-01-31,99620000,120,5,5,True,1.0,"[{'date': Timestamp('2026-01-31 00:00:00'), 'volume': np.int64(99620000)}, {'date': Timestamp('2025-10-31 00:00:00'), 'volume': np.int64(68232800)}, {'date': Timestamp('2025-09-30 00:00:00'), 'volume': np.int64(54353700)}, {'date': Timestamp('2025-07-31 00:00:00'), 'volume': np.int64(48334200)}, {'date': Timestamp('2025-06-30 00:00:00'), 'volume': np.int64(47477100)}]"
DLB,monthly,2026-01-31,16660300,120,7,7,False,0.6569000867439476,"[{'date': Timestamp('2026-01-31 00:00:00'), 'volume': np.int64(16660300)}, {'date': Timestamp('2025-12-31 00:00:00'), 'volume': np.int64(13001600)}, {'date': Timestamp('2025-11-30 00:00:00'), 'volume': np.int64(12293300)}, {'date': Timestamp('2025-10-31 00:00:00'), 'volume': np.int64(11644400)}, {'date': Timestamp('2025-09-30 00:00:00'), 'volume': np.int64(10849900)}, {'date': Timestamp('2025-08-31 00:00:00'), 'volume': np.int64(9871500)}, {'date': Timestamp('2025-06-30 00:00:00'), 'volume': np.int64(7722400)}]"
NVR,monthly,2026-01-31,667200,120,3,3,False,0.5898161244695899,"[{'date': Timestamp('2026-01-31 00:00:00'), 'volume': np.int64(667200)}, {'date': Timestamp('2025-10-31 00:00:00'), 'volume': np.int64(506200)}, {'date': Timestamp('2025-06-30 00:00:00'), 'volume': np.int64(450600)}]"
NOC,monthly,2026-01-31,23819900,120,4,4,False,0.6643026466240901,"[{'date': Timestamp('2026-01-31 00:00:00'), 'volume': np.int64(23819900)}, {'date': Timestamp('2025-10-31 00:00:00'), 'volume': np.int64(17656200)}, {'date': Timestamp('2025-07-31 00:00:00'), 'volume': np.int64(17426900)}, {'date': Timestamp('2025-06-30 00:00:00'), 'volume': np.int64(16315300)}]"
BACQ,monthly,2025-10-31,35588000,120,3,3,True,1.0,"[{'date': Timestamp('2025-10-31 00:00:00'), 'volume': np.int64(35588000)}, {'date': Timestamp('2025-04-30 00:00:00'), 'volume': np.int64(6120000)}, {'date': Timestamp('2025-03-31 00:00:00'), 'volume': np.int64(1346500)}]"
HSHP,monthly,2026-01-31,7949200,120,2,2,True,1.0,"[{'date': Timestamp('2026-01-31 00:00:00'), 'volume': np.int64(7949200)}, {'date': Timestamp('2025-06-30 00:00:00'), 'volume': np.int64(4229900)}]"
LZ,monthly,2026-01-31,70550500,120,3,3,True,1.0,"[{'date': Timestamp('2026-01-31 00:00:00'), 'volume': np.int64(70550500)}, {'date': Timestamp('2025-08-31 00:00:00'), 'volume': np.int64(64562100)}, {'date': Timestamp('2025-06-30 00:00:00'), 'volume': np.int64(36528800)}]"
PFGC,monthly,2026-01-31,46582300,120,4,4,False,0.6747713452172981,"[{'date': Timestamp('2026-01-31 00:00:00'), 'volume': np.int64(46582300)}, {'date': Timestamp('2025-08-31 00:00:00'), 'volume': np.int64(40141800)}, {'date': Timestamp('2025-07-31 00:00:00'), 'volume': np.int64(38092400)}, {'date': Timestamp('2025-06-30 00:00:00'), 'volume': np.int64(17970400)}]"
FOF,monthly,2026-01-31,2481400,120,5,5,False,0.4467127529343991,"[{'date': Timestamp('2026-01-31 00:00:00'), 'volume': np.int64(2481400)}, {'date': Timestamp('2025-09-30 00:00:00'), 'volume': np.int64(1340200)}, {'date': Timestamp('2025-08-31 00:00:00'), 'volume': np.int64(1052000)}, {'date': Timestamp('2025-07-31 00:00:00'), 'volume': np.int64(1045900)}, {'date': Timestamp('2025-06-30 00:00:00'), 'volume': np.int64(841000)}]"
BFH,monthly,2026-01-31,20960000,120,3,3,False,0.3248883847194328,"[{'date': Timestamp('2026-01-31 00:00:00'), 'volume': np.int64(20960000)}, {'date': Timestamp('2025-10-31 00:00:00'), 'volume': np.int64(18681300)}, {'date': Timestamp('2025-06-30 00:00:00'), 'volume': np.int64(15590100)}]"
IWO,monthly,2026-01-31,12793600,120,4,4,False,0.5609186129610712,"[{'date': Timestamp('2026-01-31 00:00:00'), 'volume': np.int64(12793600)}, {'date': Timestamp('2025-10-31 00:00:00'), 'volume': np.int64(10231800)}, {'date': Timestamp('2025-07-31 00:00:00'), 'volume': np.int64(8222000)}, {'date': Timestamp('2025-06-30 00:00:00'), 'volume': np.int64(7340800)}]"
OIH,monthly,2026-01-31,16100000,120,3,3,False,0.4710549876238348,"[{'date': Timestamp('2026-01-31 00:00:00'), 'volume': np.int64(16100000)}, {'date': Timestamp('2025-07-31 00:00:00'), 'volume': np.int64(11367500)}, {'date': Timestamp('2025-06-30 00:00:00'), 'volume': np.int64(10931200)}]"
SIL,monthly,2026-01-31,109641500,120,4,4,True,1.0,"[{'date': Timestamp('2026-01-31 00:00:00'), 'volume': np.int64(109641500)}, {'date': Timestamp('2025-10-31 00:00:00'), 'volume': np.int64(70033200)}, {'date': Timestamp('2025-09-30 00:00:00'), 'volume': np.int64(59673500)}, {'date': Timestamp('2025-06-30 00:00:00'), 'volume': np.int64(37273200)}]"
BAP,monthly,2026-01-31,9846800,120,4,4,False,0.5921070829399703,"[{'date': Timestamp('2026-01-31 00:00:00'), 'volume': np.int64(9846800)}, {'date': Timestamp('2025-08-31 00:00:00'), 'volume': np.int64(7818400)}, {'date': Timestamp('2025-07-31 00:00:00'), 'volume': np.int64(7140800)}, {'date': Timestamp('2025-06-30 00:00:00'), 'volume': np.int64(6652200)}]"
LMT,monthly,2026-01-31,45160000,120,3,3,False,0.6186055622447876,"[{'date': Timestamp('2026-01-31 00:00:00'), 'volume': np.int64(45160000)}, {'date': Timestamp('2025-07-31 00:00:00'), 'volume': np.int64(44385500)}, {'date': Timestamp('2025-06-30 00:00:00'), 'volume': np.int64(35443300)}]"
CACI,monthly,2026-01-31,6887700,120,4,4,False,0.5255178728112005,"[{'date': Timestamp('2026-01-31 00:00:00'), 'volume': np.int64(6887700)}, {'date': Timestamp('2025-10-31 00:00:00'), 'volume': np.int64(6023700)}, {'date': Timestamp('2025-08-31 00:00:00'), 'volume': np.int64(5580700)}, {'date': Timestamp('2025-06-30 00:00:00'), 'volume': np.int64(5364500)}]"
CEF,monthly,2026-01-31,58894900,120,5,5,True,1.0,"[{'date': Timestamp('2026-01-31 00:00:00'), 'volume': np.int64(58894900)}, {'date': Timestamp('2025-10-31 00:00:00'), 'volume': np.int64(31501200)}, {'date': Timestamp('2025-09-30 00:00:00'), 'volume': np.int64(20938300)}, {'date': Timestamp('2025-08-31 00:00:00'), 'volume': np.int64(11049400)}, {'date': Timestamp('2025-06-30 00:00:00'), 'volume': np.int64(10919900)}]"
CAPN,monthly,2026-01-31,890600,120,2,2,False,0.7908711482106385,"[{'date': Timestamp('2026-01-31 00:00:00'), 'volume': np.int64(890600)}, {'date': Timestamp('2025-06-30 00:00:00'), 'volume': np.int64(232900)}]"
BSRR,monthly,2026-01-31,1376300,120,5,5,False,0.9501553331032102,"[{'date': Timestamp('2026-01-31 00:00:00'), 'volume': np.int64(1376300)}, {'date': Timestamp('2025-12-31 00:00:00'), 'volume': np.int64(1054300)}, {'date': Timestamp('2025-10-31 00:00:00'), 'volume': np.int64(912500)}, {'date': Timestamp('2025-07-31 00:00:00'), 'volume': np.int64(782800)}, {'date': Timestamp('2025-06-30 00:00:00'), 'volume': np.int64(628200)}]"
PEO,monthly,2026-01-31,2925600,120,3,3,False,0.363550507623675,"[{'date': Timestamp('2026-01-31 00:00:00'), 'volume': np.int64(2925600)}, {'date': Timestamp('2025-07-31 00:00:00'), 'volume': np.int64(1728500)}, {'date': Timestamp('2025-06-30 00:00:00'), 'volume': np.int64(1143000)}]"
CHD,monthly,2026-01-31,57331500,120,4,4,False,0.9425058524909253,"[{'date': Timestamp('2026-01-31 00:00:00'), 'volume': np.int64(57331500)}, {'date': Timestamp('2025-12-31 00:00:00'), 'volume': np.int64(52604100)}, {'date': Timestamp('2025-10-31 00:00:00'), 'volume': np.int64(51310500)}, {'date': Timestamp('2025-06-30 00:00:00'), 'volume': np.int64(48033500)}]"
NWFL,monthly,2026-01-31,828800,120,5,5,False,0.5406745384565204,"[{'date': Timestamp('2026-01-31 00:00:00'), 'volume': np.int64(828800)}, {'date': Timestamp('2025-10-31 00:00:00'), 'volume': np.int64(708400)}, {'date': Timestamp('2025-08-31 00:00:00'), 'volume': np.int64(546200)}, {'date': Timestamp('2025-07-31 00:00:00'), 'volume': np.int64(531900)}, {'date': Timestamp('2025-06-30 00:00:00'), 'volume': np.int64(328800)}]"
IDE,monthly,2026-01-31,1436800,120,3,3,False,0.422948985899738,"[{'date': Timestamp('2026-01-31 00:00:00'), 'volume': np.int64(1436800)}, {'date': Timestamp('2025-08-31 00:00:00'), 'volume': np.int64(1335200)}, {'date': Timestamp('2025-06-30 00:00:00'), 'volume': np.int64(897000)}]"
TRV,monthly,2026-01-31,35726400,120,4,4,False,0.4477587248431496,"[{'date': Timestamp('2026-01-31 00:00:00'), 'volume': np.int64(35726400)}, {'date': Timestamp('2025-12-31 00:00:00'), 'volume': np.int64(30156600)}, {'date': Timestamp('2025-07-31 00:00:00'), 'volume': np.int64(29708800)}, {'date': Timestamp('2025-06-30 00:00:00'), 'volume': np.int64(24355400)}]"
ALL,monthly,2026-01-31,37505100,120,3,3,False,0.5605615614673057,"[{'date': Timestamp('2026-01-31 00:00:00'), 'volume': np.int64(37505100)}, {'date': Timestamp('2025-07-31 00:00:00'), 'volume': np.int64(36411000)}, {'date': Timestamp('2025-06-30 00:00:00'), 'volume': np.int64(35618700)}]"
MCN,monthly,2026-01-31,1822100,120,3,3,False,0.4957690528664327,"[{'date': Timestamp('2026-01-31 00:00:00'), 'volume': np.int64(1822100)}, {'date': Timestamp('2025-12-31 00:00:00'), 'volume': np.int64(1737100)}, {'date': Timestamp('2025-06-30 00:00:00'), 'volume': np.int64(1667900)}]"
RPM,monthly,2026-01-31,25825600,120,5,5,True,1.0,"[{'date': Timestamp('2026-01-31 00:00:00'), 'volume': np.int64(25825600)}, {'date': Timestamp('2025-12-31 00:00:00'), 'volume': np.int64(22461100)}, {'date': Timestamp('2025-10-31 00:00:00'), 'volume': np.int64(20636600)}, {'date': Timestamp('2025-07-31 00:00:00'), 'volume': np.int64(19577700)}, {'date': Timestamp('2025-06-30 00:00:00'), 'volume': np.int64(17466300)}]"
IGD,monthly,2026-01-31,7594400,120,4,4,False,0.3629880651374875,"[{'date': Timestamp('2026-01-31 00:00:00'), 'volume': np.int64(7594400)}, {'date': Timestamp('2025-10-31 00:00:00'), 'volume': np.int64(5657200)}, {'date': Timestamp('2025-07-31 00:00:00'), 'volume': np.int64(5338500)}, {'date': Timestamp('2025-06-30 00:00:00'), 'volume': np.int64(4024000)}]"
DCOM,monthly,2026-01-31,6974100,120,3,3,False,0.8682352941176471,"[{'date': Timestamp('2026-01-31 00:00:00'), 'volume': np.int64(6974100)}, {'date': Timestamp('2025-07-31 00:00:00'), 'volume': np.int64(6077300)}, {'date': Timestamp('2025-06-30 00:00:00'), 'volume': np.int64(5924100)}]"
ANSCU,monthly,2026-01-31,3800,120,3,3,False,0.0001245726012398252,"[{'date': Timestamp('2026-01-31 00:00:00'), 'volume': np.int64(3800)}, {'date': Timestamp('2025-10-31 00:00:00'), 'volume': np.int64(1500)}, {'date': Timestamp('2025-08-31 00:00:00'), 'volume': np.int64(1400)}]"
RIO,monthly,2026-01-31,95031200,120,3,3,False,0.7616980450023765,"[{'date': Timestamp('2026-01-31 00:00:00'), 'volume': np.int64(95031200)}, {'date': Timestamp('2025-07-31 00:00:00'), 'volume': np.int64(93425900)}, {'date': Timestamp('2025-06-30 00:00:00'), 'volume': np.int64(64549000)}]"
OZK,monthly,2026-01-31,33696800,120,4,4,False,0.5862066565998872,"[{'date': Timestamp('2026-01-31 00:00:00'), 'volume': np.int64(33696800)}, {'date': Timestamp('2025-10-31 00:00:00'), 'volume': np.int64(32228200)}, {'date': Timestamp('2025-07-31 00:00:00'), 'volume': np.int64(26866100)}, {'date': Timestamp('2025-06-30 00:00:00'), 'volume': np.int64(12150900)}]"
VST,monthly,2026-01-31,125723100,120,3,3,False,0.5052797457426851,"[{'date': Timestamp('2026-01-31 00:00:00'), 'volume': np.int64(125723100)}, {'date': Timestamp('2025-07-31 00:00:00'), 'volume': np.int64(108528400)}, {'date': Timestamp('2025-06-30 00:00:00'), 'volume': np.int64(106715000)}]"
ENB,monthly,2026-01-31,106664000,120,4,4,False,0.5864854967674678,"[{'date': Timestamp('2026-01-31 00:00:00'), 'volume': np.int64(106664000)}, {'date': Timestamp('2025-11-30 00:00:00'), 'volume': np.int64(96597100)}, {'date': Timestamp('2025-07-31 00:00:00'), 'volume': np.int64(84790800)}, {'date': Timestamp('2025-06-30 00:00:00'), 'volume': np.int64(68951700)}]"
CTRA,monthly,2025-10-31,239387000,120,3,3,False,0.7052185471355495,"[{'date': Timestamp('2025-10-31 00:00:00'), 'volume': np.int64(239387000)}, {'date': Timestamp('2025-05-31 00:00:00'), 'volume': np.int64(183240200)}, {'date': Timestamp('2025-03-31 00:00:00'), 'volume': np.int64(154575300)}]"
CALM,monthly,2026-01-31,34636900,120,4,4,True,1.0,"[{'date': Timestamp('2026-01-31 00:00:00'), 'volume': np.int64(34636900)}, {'date': Timestamp('2025-10-31 00:00:00'), 'volume': np.int64(25859300)}, {'date': Timestamp('2025-07-31 00:00:00'), 'volume': np.int64(22543700)}, {'date': Timestamp('2025-06-30 00:00:00'), 'volume': np.int64(15627000)}]"
EMF,monthly,2026-01-31,2376300,120,4,4,True,1.0,"[{'date': Timestamp('2026-01-31 00:00:00'), 'volume': np.int64(2376300)}, {'date': Timestamp('2025-12-31 00:00:00'), 'volume': np.int64(832200)}, {'date': Timestamp('2025-07-31 00:00:00'), 'volume': np.int64(642900)}, {'date': Timestamp('2025-06-30 00:00:00'), 'volume': np.int64(260200)}]"
ETN,monthly,2025-12-31,63488800,151,5,5,False,0.6007236448690096,"[{'date': Timestamp('2025-12-31 00:00:00'), 'volume': np.int64(63488800)}, {'date': Timestamp('2025-11-30 00:00:00'), 'volume': np.int64(60564200)}, {'date': Timestamp('2025-08-31 00:00:00'), 'volume': np.int64(51560600)}, {'date': Timestamp('2025-07-31 00:00:00'), 'volume': np.int64(46263700)}, {'date': Timestamp('2025-06-30 00:00:00'), 'volume': np.int64(44801700)}]"
DDS,monthly,2025-12-31,3242200,151,4,4,False,0.13498873775412915,"[{'date': Timestamp('2025-12-31 00:00:00'), 'volume': np.int64(3242200)}, {'date': Timestamp('2025-08-31 00:00:00'), 'volume': np.int64(3023000)}, {'date': Timestamp('2025-07-31 00:00:00'), 'volume': np.int64(2860300)}, {'date': Timestamp('2025-06-30 00:00:00'), 'volume': np.int64(2539900)}]"
SIGIP,monthly,2025-12-31,226800,151,3,3,False,0.0695940347970174,"[{'date': Timestamp('2025-12-31 00:00:00'), 'volume': np.int64(226800)}, {'date': Timestamp('2025-07-31 00:00:00'), 'volume': np.int64(178800)}, {'date': Timestamp('2025-06-30 00:00:00'), 'volume': np.int64(120500)}]"
EIM,monthly,2025-12-31,7110800,151,4,4,False,0.7830932558037091,"[{'date': Timestamp('2025-12-31 00:00:00'), 'volume': np.int64(7110800)}, {'date': Timestamp('2025-09-30 00:00:00'), 'volume': np.int64(3673100)}, {'date': Timestamp('2025-08-31 00:00:00'), 'volume': np.int64(3403600)}, {'date': Timestamp('2025-06-30 00:00:00'), 'volume': np.int64(3121600)}]"
EVN,monthly,2025-12-31,2049800,151,4,4,False,0.336800249749429,"[{'date': Timestamp('2025-12-31 00:00:00'), 'volume': np.int64(2049800)}, {'date': Timestamp('2025-09-30 00:00:00'), 'volume': np.int64(2038700)}, {'date': Timestamp('2025-07-31 00:00:00'), 'volume': np.int64(1993500)}, {'date': Timestamp('2025-06-30 00:00:00'), 'volume': np.int64(1218600)}]"
NMZ,monthly,2025-12-31,14631600,151,3,3,False,0.7911068337018994,"[{'date': Timestamp('2025-12-31 00:00:00'), 'volume': np.int64(14631600)}, {'date': Timestamp('2025-07-31 00:00:00'), 'volume': np.int64(7325800)}, {'date': Timestamp('2025-06-30 00:00:00'), 'volume': np.int64(5163700)}]"
MQY,monthly,2025-12-31,9041700,151,4,4,True,1.0,"[{'date': Timestamp('2025-12-31 00:00:00'), 'volume': np.int64(9041700)}, {'date': Timestamp('2025-10-31 00:00:00'), 'volume': np.int64(5478000)}, {'date': Timestamp('2025-09-30 00:00:00'), 'volume': np.int64(4133900)}, {'date': Timestamp('2025-06-30 00:00:00'), 'volume': np.int64(3415300)}]"
WLAC,monthly,2025-09-30,16613300,151,3,3,True,1.0,"[{'date': Timestamp('2025-09-30 00:00:00'), 'volume': np.int64(16613300)}, {'date': Timestamp('2025-06-30 00:00:00'), 'volume': np.int64(1080400)}, {'date': Timestamp('2025-03-31 00:00:00'), 'volume': np.int64(620100)}]"
NAN,monthly,2025-12-31,2280800,151,4,4,False,0.7109060873359723,"[{'date': Timestamp('2025-12-31 00:00:00'), 'volume': np.int64(2280800)}, {'date': Timestamp('2025-09-30 00:00:00'), 'volume': np.int64(1651800)}, {'date': Timestamp('2025-07-31 00:00:00'), 'volume': np.int64(1420500)}, {'date': Timestamp('2025-06-30 00:00:00'), 'volume': np.int64(897100)}]"
BHK,monthly,2025-12-31,8849800,151,4,4,True,1.0,"[{'date': Timestamp('2025-12-31 00:00:00'), 'volume': np.int64(8849800)}, {'date': Timestamp('2025-09-30 00:00:00'), 'volume': np.int64(7601400)}, {'date': Timestamp('2025-07-31 00:00:00'), 'volume': np.int64(7439500)}, {'date': Timestamp('2025-06-30 00:00:00'), 'volume': np.int64(6101400)}]"
GMRE,monthly,2025-09-30,4701640,151,5,5,True,1.0,"[{'date': Timestamp('2025-09-30 00:00:00'), 'volume': np.int64(4701640)}, {'date': Timestamp('2025-06-30 00:00:00'), 'volume': np.int64(3308280)}, {'date': Timestamp('2025-05-31 00:00:00'), 'volume': np.int64(2805660)}, {'date': Timestamp('2025-04-30 00:00:00'), 'volume': np.int64(2690680)}, {'date': Timestamp('2025-03-31 00:00:00'), 'volume': np.int64(2029140)}]"
AFGD,monthly,2025-12-31,252100,151,3,3,False,0.15608940622871648,"[{'date': Timestamp('2025-12-31 00:00:00'), 'volume': np.int64(252100)}, {'date': Timestamp('2025-09-30 00:00:00'), 'volume': np.int64(206800)}, {'date': Timestamp('2025-06-30 00:00:00'), 'volume': np.int64(161200)}]"
FIX,monthly,2025-12-31,16695100,151,5,5,True,1.0,"[{'date': Timestamp('2025-12-31 00:00:00'), 'volume': np.int64(16695100)}, {'date': Timestamp('2025-11-30 00:00:00'), 'volume': np.int64(10191400)}, {'date': Timestamp('2025-10-31 00:00:00'), 'volume': np.int64(9072200)}, {'date': Timestamp('2025-07-31 00:00:00'), 'volume': np.int64(8943700)}, {'date': Timestamp('2025-06-30 00:00:00'), 'volume': np.int64(7247900)}]"
SSSSL,monthly,2025-12-31,314900,151,5,5,False,0.23171449595290655,"[{'date': Timestamp('2025-12-31 00:00:00'), 'volume': np.int64(314900)}, {'date': Timestamp('2025-10-31 00:00:00'), 'volume': np.int64(110200)}, {'date': Timestamp('2025-09-30 00:00:00'), 'volume': np.int64(107300)}, {'date': Timestamp('2025-08-31 00:00:00'), 'volume': np.int64(48600)}, {'date': Timestamp('2025-06-30 00:00:00'), 'volume': np.int64(41600)}]"
CDLR,monthly,2025-12-31,5499400,151,4,4,True,1.0,"[{'date': Timestamp('2025-12-31 00:00:00'), 'volume': np.int64(5499400)}, {'date': Timestamp('2025-11-30 00:00:00'), 'volume': np.int64(3761500)}, {'date': Timestamp('2025-10-31 00:00:00'), 'volume': np.int64(2044300)}, {'date': Timestamp('2025-06-30 00:00:00'), 'volume': np.int64(1422500)}]"
D,monthly,2025-12-31,159981900,151,2,2,True,1.0,"[{'date': Timestamp('2025-12-31 00:00:00'), 'volume': np.int64(159981900)}, {'date': Timestamp('2025-06-30 00:00:00'), 'volume': np.int64(128987500)}]"
CFBK,monthly,2025-12-31,1479400,151,3,3,True,1.0,"[{'date': Timestamp('2025-12-31 00:00:00'), 'volume': np.int64(1479400)}, {'date': Timestamp('2025-09-30 00:00:00'), 'volume': np.int64(813600)}, {'date': Timestamp('2025-06-30 00:00:00'), 'volume': np.int64(700700)}]"
LKQ,monthly,2025-12-31,132094300,151,4,4,True,1.0,"[{'date': Timestamp('2025-12-31 00:00:00'), 'volume': np.int64(132094300)}, {'date': Timestamp('2025-08-31 00:00:00'), 'volume': np.int64(90115800)}, {'date': Timestamp('2025-07-31 00:00:00'), 'volume': np.int64(69264300)}, {'date': Timestamp('2025-06-30 00:00:00'), 'volume': np.int64(40649100)}]"
AMT,monthly,2025-12-31,73337300,151,5,5,False,0.8852286663383451,"[{'date': Timestamp('2025-12-31 00:00:00'), 'volume': np.int64(73337300)}, {'date': Timestamp('2025-09-30 00:00:00'), 'volume': np.int64(70013900)}, {'date': Timestamp('2025-08-31 00:00:00'), 'volume': np.int64(49768600)}, {'date': Timestamp('2025-07-31 00:00:00'), 'volume': np.int64(43742000)}, {'date': Timestamp('2025-06-30 00:00:00'), 'volume': np.int64(42505300)}]"
DMO,monthly,2025-12-31,2042200,151,4,4,False,0.5485803314798399,"[{'date': Timestamp('2025-12-31 00:00:00'), 'volume': np.int64(2042200)}, {'date': Timestamp('2025-08-31 00:00:00'), 'volume': np.int64(1289200)}, {'date': Timestamp('2025-07-31 00:00:00'), 'volume': np.int64(1071900)}, {'date': Timestamp('2025-06-30 00:00:00'), 'volume': np.int64(927000)}]"
NXP,monthly,2025-12-31,4625000,151,4,4,True,1.0,"[{'date': Timestamp('2025-12-31 00:00:00'), 'volume': np.int64(4625000)}, {'date': Timestamp('2025-09-30 00:00:00'), 'volume': np.int64(2851100)}, {'date': Timestamp('2025-07-31 00:00:00'), 'volume': np.int64(2756700)}, {'date': Timestamp('2025-06-30 00:00:00'), 'volume': np.int64(1842600)}]"
CMSD,monthly,2025-12-31,1095700,151,4,4,False,0.4194709237778033,"[{'date': Timestamp('2025-12-31 00:00:00'), 'volume': np.int64(1095700)}, {'date': Timestamp('2025-09-30 00:00:00'), 'volume': np.int64(928500)}, {'date': Timestamp('2025-07-31 00:00:00'), 'volume': np.int64(913800)}, {'date': Timestamp('2025-06-30 00:00:00'), 'volume': np.int64(882400)}]"
ODC,monthly,2025-12-31,1856600,151,2,2,False,0.474251558189435,"[{'date': Timestamp('2025-12-31 00:00:00'), 'volume': np.int64(1856600)}, {'date': Timestamp('2025-06-30 00:00:00'), 'volume': np.int64(1552000)}]"
HBANM,monthly,2025-12-31,521200,151,4,4,False,0.7647835656639765,"[{'date': Timestamp('2025-12-31 00:00:00'), 'volume': np.int64(521200)}, {'date': Timestamp('2025-09-30 00:00:00'), 'volume': np.int64(250200)}, {'date': Timestamp('2025-07-31 00:00:00'), 'volume': np.int64(199100)}, {'date': Timestamp('2025-06-30 00:00:00'), 'volume': np.int64(131600)}]"
HOPE,monthly,2025-12-31,23429500,151,3,3,False,0.6669048181556828,"[{'date': Timestamp('2025-12-31 00:00:00'), 'volume': np.int64(23429500)}, {'date': Timestamp('2025-07-31 00:00:00'), 'volume': np.int64(21882700)}, {'date': Timestamp('2025-06-30 00:00:00'), 'volume': np.int64(16893700)}]"
SREA,monthly,2025-12-31,1441300,151,3,3,False,0.5009384123453358,"[{'date': Timestamp('2025-12-31 00:00:00'), 'volume': np.int64(1441300)}, {'date': Timestamp('2025-07-31 00:00:00'), 'volume': np.int64(1343100)}, {'date': Timestamp('2025-06-30 00:00:00'), 'volume': np.int64(984600)}]"
SO,monthly,2025-12-31,133006900,151,4,4,False,0.6693070213709212,"[{'date': Timestamp('2025-12-31 00:00:00'), 'volume': np.int64(133006900)}, {'date': Timestamp('2025-11-30 00:00:00'), 'volume': np.int64(122054700)}, {'date': Timestamp('2025-07-31 00:00:00'), 'volume': np.int64(115987300)}, {'date': Timestamp('2025-06-30 00:00:00'), 'volume': np.int64(109332600)}]"
ACGLO,monthly,2025-12-31,785200,151,2,2,False,0.6094853683148335,"[{'date': Timestamp('2025-12-31 00:00:00'), 'volume': np.int64(785200)}, {'date': Timestamp('2025-06-30 00:00:00'), 'volume': np.int64(465400)}]"
NEA,monthly,2025-12-31,24059500,151,3,3,False,0.6450043296078153,"[{'date': Timestamp('2025-12-31 00:00:00'), 'volume': np.int64(24059500)}, {'date': Timestamp('2025-07-31 00:00:00'), 'volume': np.int64(21271800)}, {'date': Timestamp('2025-06-30 00:00:00'), 'volume': np.int64(19107300)}]"
SOUL,monthly,2025-12-31,2658000,151,2,2,True,1.0,"[{'date': Timestamp('2025-12-31 00:00:00'), 'volume': np.int64(2658000)}, {'date': Timestamp('2025-06-30 00:00:00'), 'volume': np.int64(1988900)}]"
RCD,monthly,2025-12-31,1018300,151,2,2,False,0.5883406517217472,"[{'date': Timestamp('2025-12-31 00:00:00'), 'volume': np.int64(1018300)}, {'date': Timestamp('2025-06-30 00:00:00'), 'volume': np.int64(567000)}]"
HRL,monthly,2025-12-31,115568800,151,5,5,True,1.0,"[{'date': Timestamp('2025-12-31 00:00:00'), 'volume': np.int64(115568800)}, {'date': Timestamp('2025-10-31 00:00:00'), 'volume': np.int64(113460200)}, {'date': Timestamp('2025-08-31 00:00:00'), 'volume': np.int64(88384900)}, {'date': Timestamp('2025-07-31 00:00:00'), 'volume': np.int64(73535300)}, {'date': Timestamp('2025-06-30 00:00:00'), 'volume': np.int64(60386500)}]"
MBAV,monthly,2025-12-31,16021900,151,3,3,True,1.0,"[{'date': Timestamp('2025-12-31 00:00:00'), 'volume': np.int64(16021900)}, {'date': Timestamp('2025-07-31 00:00:00'), 'volume': np.int64(12395700)}, {'date': Timestamp('2025-06-30 00:00:00'), 'volume': np.int64(10605600)}]"
HNI,monthly,2025-12-31,24542800,151,3,3,True,1.0,"[{'date': Timestamp('2025-12-31 00:00:00'), 'volume': np.int64(24542800)}, {'date': Timestamp('2025-08-31 00:00:00'), 'volume': np.int64(20077500)}, {'date': Timestamp('2025-06-30 00:00:00'), 'volume': np.int64(6271000)}]"
ASIX,monthly,2025-12-31,15868200,151,6,6,True,1.0,"[{'date': Timestamp('2025-12-31 00:00:00'), 'volume': np.int64(15868200)}, {'date': Timestamp('2025-11-30 00:00:00'), 'volume': np.int64(8764600)}, {'date': Timestamp('2025-10-31 00:00:00'), 'volume': np.int64(6114000)}, {'date': Timestamp('2025-08-31 00:00:00'), 'volume': np.int64(5119400)}, {'date': Timestamp('2025-07-31 00:00:00'), 'volume': np.int64(4948300)}, {'date': Timestamp('2025-06-30 00:00:00'), 'volume': np.int64(3061500)}]"
ACP,monthly,2025-12-31,15698000,151,4,4,False,0.5607109434717072,"[{'date': Timestamp('2025-12-31 00:00:00'), 'volume': np.int64(15698000)}, {'date': Timestamp('2025-10-31 00:00:00'), 'volume': np.int64(14209000)}, {'date': Timestamp('2025-07-31 00:00:00'), 'volume': np.int64(11187800)}, {'date': Timestamp('2025-06-30 00:00:00'), 'volume': np.int64(10701300)}]"
HBANP,monthly,2025-12-31,1736200,151,4,4,False,0.10767866335067819,"[{'date': Timestamp('2025-12-31 00:00:00'), 'volume': np.int64(1736200)}, {'date': Timestamp('2025-10-31 00:00:00'), 'volume': np.int64(978200)}, {'date': Timestamp('2025-09-30 00:00:00'), 'volume': np.int64(892800)}, {'date': Timestamp('2025-06-30 00:00:00'), 'volume': np.int64(809400)}]"
GOODN,monthly,2025-12-31,141500,151,4,4,False,0.3371455801763164,"[{'date': Timestamp('2025-12-31 00:00:00'), 'volume': np.int64(141500)}, {'date': Timestamp('2025-08-31 00:00:00'), 'volume': np.int64(124900)}, {'date': Timestamp('2025-07-31 00:00:00'), 'volume': np.int64(49000)}, {'date': Timestamp('2025-06-30 00:00:00'), 'volume': np.int64(48100)}]"
EPAC,monthly,2025-12-31,13080800,151,3,3,False,0.900757471422669,"[{'date': Timestamp('2025-12-31 00:00:00'), 'volume': np.int64(13080800)}, {'date': Timestamp('2025-07-31 00:00:00'), 'volume': np.int64(11067400)}, {'date': Timestamp('2025-06-30 00:00:00'), 'volume': np.int64(7051200)}]"
CIX,monthly,2025-12-31,311900,151,4,4,False,0.5843012364181341,"[{'date': Timestamp('2025-12-31 00:00:00'), 'volume': np.int64(311900)}, {'date': Timestamp('2025-08-31 00:00:00'), 'volume': np.int64(242100)}, {'date': Timestamp('2025-07-31 00:00:00'), 'volume': np.int64(162700)}, {'date': Timestamp('2025-06-30 00:00:00'), 'volume': np.int64(105600)}]"
DBX,monthly,2025-12-31,83875900,151,3,3,False,0.39410940218650253,"[{'date': Timestamp('2025-12-31 00:00:00'), 'volume': np.int64(83875900)}, {'date': Timestamp('2025-08-31 00:00:00'), 'volume': np.int64(75570300)}, {'date': Timestamp('2025-06-30 00:00:00'), 'volume': np.int64(72355700)}]"
EOT,monthly,2025-12-31,1570400,151,3,3,False,0.85079640264384,"[{'date': Timestamp('2025-12-31 00:00:00'), 'volume': np.int64(1570400)}, {'date': Timestamp('2025-07-31 00:00:00'), 'volume': np.int64(1085300)}, {'date': Timestamp('2025-06-30 00:00:00'), 'volume': np.int64(889200)}]"
TU,monthly,2025-12-31,150098800,151,6,6,True,1.0,"[{'date': Timestamp('2025-12-31 00:00:00'), 'volume': np.int64(150098800)}, {'date': Timestamp('2025-11-30 00:00:00'), 'volume': np.int64(133050600)}, {'date': Timestamp('2025-10-31 00:00:00'), 'volume': np.int64(99607100)}, {'date': Timestamp('2025-09-30 00:00:00'), 'volume': np.int64(74527200)}, {'date': Timestamp('2025-07-31 00:00:00'), 'volume': np.int64(67744400)}, {'date': Timestamp('2025-06-30 00:00:00'), 'volume': np.int64(58004700)}]"
XPO,monthly,2025-12-31,34131000,151,3,3,False,0.2751299568060236,"[{'date': Timestamp('2025-12-31 00:00:00'), 'volume': np.int64(34131000)}, {'date': Timestamp('2025-10-31 00:00:00'), 'volume': np.int64(32025800)}, {'date': Timestamp('2025-06-30 00:00:00'), 'volume': np.int64(28464200)}]"
GLPI,monthly,2025-12-31,69159300,151,4,4,False,0.8435573206416273,"[{'date': Timestamp('2025-12-31 00:00:00'), 'volume': np.int64(69159300)}, {'date': Timestamp('2025-09-30 00:00:00'), 'volume': np.int64(46814800)}, {'date': Timestamp('2025-07-31 00:00:00'), 'volume': np.int64(40144500)}, {'date': Timestamp('2025-06-30 00:00:00'), 'volume': np.int64(26158100)}]"
WHFCL,monthly,2025-12-31,83600,151,3,3,False,0.37657657657657656,"[{'date': Timestamp('2025-12-31 00:00:00'), 'volume': np.int64(83600)}, {'date': Timestamp('2025-10-31 00:00:00'), 'volume': np.int64(71600)}, {'date': Timestamp('2025-06-30 00:00:00'), 'volume': np.int64(62900)}]"
MPWR,monthly,2025-12-31,16029300,151,5,5,False,0.5834267536324724,"[{'date': Timestamp('2025-12-31 00:00:00'), 'volume': np.int64(16029300)}, {'date': Timestamp('2025-10-31 00:00:00'), 'volume': np.int64(14587200)}, {'date': Timestamp('2025-08-31 00:00:00'), 'volume': np.int64(13157600)}, {'date': Timestamp('2025-07-31 00:00:00'), 'volume': np.int64(11659800)}, {'date': Timestamp('2025-06-30 00:00:00'), 'volume': np.int64(11262400)}]"
DMB,monthly,2025-12-31,2013500,151,4,4,False,0.5854048553568832,"[{'date': Timestamp('2025-12-31 00:00:00'), 'volume': np.int64(2013500)}, {'date': Timestamp('2025-08-31 00:00:00'), 'volume': np.int64(1543300)}, {'date': Timestamp('2025-07-31 00:00:00'), 'volume': np.int64(1541000)}, {'date': Timestamp('2025-06-30 00:00:00'), 'volume': np.int64(1313500)}]"
AL,monthly,2025-09-30,72924100,151,4,4,True,1.0,"[{'date': Timestamp('2025-09-30 00:00:00'), 'volume': np.int64(72924100)}, {'date': Timestamp('2025-05-31 00:00:00'), 'volume': np.int64(24452300)}, {'date': Timestamp('2025-04-30 00:00:00'), 'volume': np.int64(24400500)}, {'date': Timestamp('2025-03-31 00:00:00'), 'volume': np.int64(16382200)}]"
CMSA,monthly,2025-12-31,551200,151,3,3,False,0.8981587094671664,"[{'date': Timestamp('2025-12-31 00:00:00'), 'volume': np.int64(551200)}, {'date': Timestamp('2025-09-30 00:00:00'), 'volume': np.int64(499600)}, {'date': Timestamp('2025-06-30 00:00:00'), 'volume': np.int64(349200)}]"
BDN,monthly,2025-12-31,108540100,151,4,4,True,1.0,"[{'date': Timestamp('2025-12-31 00:00:00'), 'volume': np.int64(108540100)}, {'date': Timestamp('2025-10-31 00:00:00'), 'volume': np.int64(64308200)}, {'date': Timestamp('2025-07-31 00:00:00'), 'volume': np.int64(57764300)}, {'date': Timestamp('2025-06-30 00:00:00'), 'volume': np.int64(46785600)}]"
DEA,monthly,2025-12-31,12064900,151,5,5,False,0.6440260153435866,"[{'date': Timestamp('2025-12-31 00:00:00'), 'volume': np.int64(12064900)}, {'date': Timestamp('2025-10-31 00:00:00'), 'volume': np.int64(11600800)}, {'date': Timestamp('2025-09-30 00:00:00'), 'volume': np.int64(11585900)}, {'date': Timestamp('2025-08-31 00:00:00'), 'volume': np.int64(11105700)}, {'date': Timestamp('2025-06-30 00:00:00'), 'volume': np.int64(10663100)}]"
PMM,monthly,2025-12-31,3558100,151,5,5,False,0.5485984766721145,"[{'date': Timestamp('2025-12-31 00:00:00'), 'volume': np.int64(3558100)}, {'date': Timestamp('2025-09-30 00:00:00'), 'volume': np.int64(2192100)}, {'date': Timestamp('2025-08-31 00:00:00'), 'volume': np.int64(1969400)}, {'date': Timestamp('2025-07-31 00:00:00'), 'volume': np.int64(1806700)}, {'date': Timestamp('2025-06-30 00:00:00'), 'volume': np.int64(1477400)}]"
WLK,monthly,2025-12-31,35124700,151,4,4,True,1.0,"[{'date': Timestamp('2025-12-31 00:00:00'), 'volume': np.int64(35124700)}, {'date': Timestamp('2025-10-31 00:00:00'), 'volume': np.int64(29095300)}, {'date': Timestamp('2025-08-31 00:00:00'), 'volume': np.int64(27999800)}, {'date': Timestamp('2025-06-30 00:00:00'), 'volume': np.int64(27977700)}]"
NXDT,monthly,2025-12-31,11213500,151,5,5,False,0.807545783852685,"[{'date': Timestamp('2025-12-31 00:00:00'), 'volume': np.int64(11213500)}, {'date': Timestamp('2025-11-30 00:00:00'), 'volume': np.int64(8217100)}, {'date': Timestamp('2025-08-31 00:00:00'), 'volume': np.int64(5164600)}, {'date': Timestamp('2025-07-31 00:00:00'), 'volume': np.int64(3200800)}, {'date': Timestamp('2025-06-30 00:00:00'), 'volume': np.int64(2552900)}]"
CII,monthly,2025-12-31,3777900,151,5,5,False,0.5074207889541053,"[{'date': Timestamp('2025-12-31 00:00:00'), 'volume': np.int64(3777900)}, {'date': Timestamp('2025-11-30 00:00:00'), 'volume': np.int64(2588600)}, {'date': Timestamp('2025-10-31 00:00:00'), 'volume': np.int64(2529800)}, {'date': Timestamp('2025-09-30 00:00:00'), 'volume': np.int64(1916100)}, {'date': Timestamp('2025-06-30 00:00:00'), 'volume': np.int64(1640900)}]"
DCI,monthly,2025-12-31,17546900,151,3,3,False,0.9184262041098328,"[{'date': Timestamp('2025-12-31 00:00:00'), 'volume': np.int64(17546900)}, {'date': Timestamp('2025-08-31 00:00:00'), 'volume': np.int64(14093300)}, {'date': Timestamp('2025-06-30 00:00:00'), 'volume': np.int64(12890500)}]"
MDLZ,monthly,2025-12-31,256969100,151,4,4,False,0.8963039931133253,"[{'date': Timestamp('2025-12-31 00:00:00'), 'volume': np.int64(256969100)}, {'date': Timestamp('2025-10-31 00:00:00'), 'volume': np.int64(184906400)}, {'date': Timestamp('2025-07-31 00:00:00'), 'volume': np.int64(177841900)}, {'date': Timestamp('2025-06-30 00:00:00'), 'volume': np.int64(132054800)}]"
GIL,monthly,2025-12-31,37734800,151,4,4,False,0.9460401984601537,"[{'date': Timestamp('2025-12-31 00:00:00'), 'volume': np.int64(37734800)}, {'date': Timestamp('2025-08-31 00:00:00'), 'volume': np.int64(34711500)}, {'date': Timestamp('2025-07-31 00:00:00'), 'volume': np.int64(11359700)}, {'date': Timestamp('2025-06-30 00:00:00'), 'volume': np.int64(10337100)}]"
BAH,monthly,2025-12-31,70366700,151,4,4,True,1.0,"[{'date': Timestamp('2025-12-31 00:00:00'), 'volume': np.int64(70366700)}, {'date': Timestamp('2025-10-31 00:00:00'), 'volume': np.int64(56038700)}, {'date': Timestamp('2025-07-31 00:00:00'), 'volume': np.int64(46192700)}, {'date': Timestamp('2025-06-30 00:00:00'), 'volume': np.int64(42655100)}]"
SMBK,monthly,2025-12-31,2312200,151,3,3,True,1.0,"[{'date': Timestamp('2025-12-31 00:00:00'), 'volume': np.int64(2312200)}, {'date': Timestamp('2025-10-31 00:00:00'), 'volume': np.int64(1600100)}, {'date': Timestamp('2025-06-30 00:00:00'), 'volume': np.int64(1401700)}]"
HY,monthly,2025-12-31,3959100,151,5,5,True,1.0,"[{'date': Timestamp('2025-12-31 00:00:00'), 'volume': np.int64(3959100)}, {'date': Timestamp('2025-11-30 00:00:00'), 'volume': np.int64(2380400)}, {'date': Timestamp('2025-09-30 00:00:00'), 'volume': np.int64(1876900)}, {'date': Timestamp('2025-08-31 00:00:00'), 'volume': np.int64(1717000)}, {'date': Timestamp('2025-06-30 00:00:00'), 'volume': np.int64(1288000)}]"
BIIB,monthly,2025-12-31,49726800,151,6,6,False,0.6278517452320979,"[{'date': Timestamp('2025-12-31 00:00:00'), 'volume': np.int64(49726800)}, {'date': Timestamp('2025-10-31 00:00:00'), 'volume': np.int64(40401000)}, {'date': Timestamp('2025-09-30 00:00:00'), 'volume': np.int64(35338600)}, {'date': Timestamp('2025-08-31 00:00:00'), 'volume': np.int64(30543100)}, {'date': Timestamp('2025-07-31 00:00:00'), 'volume': np.int64(29438200)}, {'date': Timestamp('2025-06-30 00:00:00'), 'volume': np.int64(26463600)}]"
KMDA,monthly,2025-12-31,2080000,151,2,2,False,0.10159226335840578,"[{'date': Timestamp('2025-12-31 00:00:00'), 'volume': np.int64(2080000)}, {'date': Timestamp('2025-06-30 00:00:00'), 'volume': np.int64(1744300)}]"
MG,monthly,2025-12-31,4254000,151,2,2,False,0.4881631341587965,"[{'date': Timestamp('2025-12-31 00:00:00'), 'volume': np.int64(4254000)}, {'date': Timestamp('2025-06-30 00:00:00'), 'volume': np.int64(3751800)}]"
RAND,monthly,2025-12-31,301100,151,3,3,False,0.7026837806301051,"[{'date': Timestamp('2025-12-31 00:00:00'), 'volume': np.int64(301100)}, {'date': Timestamp('2025-07-31 00:00:00'), 'volume': np.int64(122800)}, {'date': Timestamp('2025-06-30 00:00:00'), 'volume': np.int64(114800)}]"
CRBD,monthly,2025-12-31,2255600,151,3,3,False,0.19457911354186436,"[{'date': Timestamp('2025-12-31 00:00:00'), 'volume': np.int64(2255600)}, {'date': Timestamp('2025-07-31 00:00:00'), 'volume': np.int64(1611200)}, {'date': Timestamp('2025-06-30 00:00:00'), 'volume': np.int64(1245000)}]"
ASO,monthly,2025-12-31,41173300,151,4,4,False,0.40218826802327173,"[{'date': Timestamp('2025-12-31 00:00:00'), 'volume': np.int64(41173300)}, {'date': Timestamp('2025-10-31 00:00:00'), 'volume': np.int64(40614200)}, {'date': Timestamp('2025-09-30 00:00:00'), 'volume': np.int64(39765200)}, {'date': Timestamp('2025-06-30 00:00:00'), 'volume': np.int64(36856700)}]"
BWA,monthly,2025-12-31,86268900,151,2,2,False,0.7275192422733553,"[{'date': Timestamp('2025-12-31 00:00:00'), 'volume': np.int64(86268900)}, {'date': Timestamp('2025-06-30 00:00:00'), 'volume': np.int64(59174100)}]"
ECCV,monthly,2025-12-31,223000,151,5,5,False,0.4964381121994657,"[{'date': Timestamp('2025-12-31 00:00:00'), 'volume': np.int64(223000)}, {'date': Timestamp('2025-11-30 00:00:00'), 'volume': np.int64(158900)}, {'date': Timestamp('2025-09-30 00:00:00'), 'volume': np.int64(129400)}, {'date': Timestamp('2025-07-31 00:00:00'), 'volume': np.int64(66100)}, {'date': Timestamp('2025-06-30 00:00:00'), 'volume': np.int64(65000)}]"
HE,monthly,2025-12-31,121582200,151,4,4,False,0.3437818543129874,"[{'date': Timestamp('2025-12-31 00:00:00'), 'volume': np.int64(121582200)}, {'date': Timestamp('2025-08-31 00:00:00'), 'volume': np.int64(45470300)}, {'date': Timestamp('2025-07-31 00:00:00'), 'volume': np.int64(37294000)}, {'date': Timestamp('2025-06-30 00:00:00'), 'volume': np.int64(33885400)}]"
FITBO,monthly,2025-12-31,1006700,151,3,3,False,0.424839635381499,"[{'date': Timestamp('2025-12-31 00:00:00'), 'volume': np.int64(1006700)}, {'date': Timestamp('2025-07-31 00:00:00'), 'volume': np.int64(559500)}, {'date': Timestamp('2025-06-30 00:00:00'), 'volume': np.int64(534000)}]"
FPF,monthly,2025-12-31,4267800,151,4,4,False,0.38803826011056153,"[{'date': Timestamp('2025-12-31 00:00:00'), 'volume': np.int64(4267800)}, {'date': Timestamp('2025-10-31 00:00:00'), 'volume': np.int64(4146500)}, {'date': Timestamp('2025-09-30 00:00:00'), 'volume': np.int64(2961200)}, {'date': Timestamp('2025-06-30 00:00:00'), 'volume': np.int64(2656400)}]"
CSR,monthly,2025-12-31,4147400,151,6,6,False,0.722405114002543,"[{'date': Timestamp('2025-12-31 00:00:00'), 'volume': np.int64(4147400)}, {'date': Timestamp('2025-11-30 00:00:00'), 'volume': np.int64(3979100)}, {'date': Timestamp('2025-10-31 00:00:00'), 'volume': np.int64(2974100)}, {'date': Timestamp('2025-09-30 00:00:00'), 'volume': np.int64(2415800)}, {'date': Timestamp('2025-07-31 00:00:00'), 'volume': np.int64(2323500)}, {'date': Timestamp('2025-06-30 00:00:00'), 'volume': np.int64(2226800)}]"
FMY,monthly,2025-12-31,369600,151,5,5,False,0.4614808340616806,"[{'date': Timestamp('2025-12-31 00:00:00'), 'volume': np.int64(369600)}, {'date': Timestamp('2025-09-30 00:00:00'), 'volume': np.int64(274100)}, {'date': Timestamp('2025-08-31 00:00:00'), 'volume': np.int64(142300)}, {'date': Timestamp('2025-07-31 00:00:00'), 'volume': np.int64(137000)}, {'date': Timestamp('2025-06-30 00:00:00'), 'volume': np.int64(87900)}]"
CHA,monthly,2025-12-31,26134100,151,3,3,False,0.664736105812031,"[{'date': Timestamp('2025-12-31 00:00:00'), 'volume': np.int64(26134100)}, {'date': Timestamp('2025-08-31 00:00:00'), 'volume': np.int64(25069500)}, {'date': Timestamp('2025-06-30 00:00:00'), 'volume': np.int64(25040200)}]"
MTN,monthly,2025-12-31,24377200,151,2,2,True,1.0,"[{'date': Timestamp('2025-12-31 00:00:00'), 'volume': np.int64(24377200)}, {'date': Timestamp('2025-06-30 00:00:00'), 'volume': np.int64(19169700)}]"
LANDO,monthly,2025-12-31,544900,151,5,5,False,0.2503445741064045,"[{'date': Timestamp('2025-12-31 00:00:00'), 'volume': np.int64(544900)}, {'date': Timestamp('2025-10-31 00:00:00'), 'volume': np.int64(313100)}, {'date': Timestamp('2025-09-30 00:00:00'), 'volume': np.int64(309400)}, {'date': Timestamp('2025-07-31 00:00:00'), 'volume': np.int64(299500)}, {'date': Timestamp('2025-06-30 00:00:00'), 'volume': np.int64(196300)}]"
EHI,monthly,2025-12-31,4337100,151,5,5,False,0.6328207073654721,"[{'date': Timestamp('2025-12-31 00:00:00'), 'volume': np.int64(4337100)}, {'date': Timestamp('2025-10-31 00:00:00'), 'volume': np.int64(2545200)}, {'date': Timestamp('2025-09-30 00:00:00'), 'volume': np.int64(2097900)}, {'date': Timestamp('2025-07-31 00:00:00'), 'volume': np.int64(1901200)}, {'date': Timestamp('2025-06-30 00:00:00'), 'volume': np.int64(1536800)}]"
MCR,monthly,2025-12-31,2129600,151,4,4,False,0.32000961711847087,"[{'date': Timestamp('2025-12-31 00:00:00'), 'volume': np.int64(2129600)}, {'date': Timestamp('2025-10-31 00:00:00'), 'volume': np.int64(1674000)}, {'date': Timestamp('2025-07-31 00:00:00'), 'volume': np.int64(1444700)}, {'date': Timestamp('2025-06-30 00:00:00'), 'volume': np.int64(1056800)}]"
PCF,monthly,2025-12-31,2424400,151,5,5,False,0.4632021398547956,"[{'date': Timestamp('2025-12-31 00:00:00'), 'volume': np.int64(2424400)}, {'date': Timestamp('2025-10-31 00:00:00'), 'volume': np.int64(2368300)}, {'date': Timestamp('2025-09-30 00:00:00'), 'volume': np.int64(1629900)}, {'date': Timestamp('2025-07-31 00:00:00'), 'volume': np.int64(1442700)}, {'date': Timestamp('2025-06-30 00:00:00'), 'volume': np.int64(1187400)}]"
OGCP,monthly,2025-12-31,104700,151,5,5,False,0.7286012526096033,"[{'date': Timestamp('2025-12-31 00:00:00'), 'volume': np.int64(104700)}, {'date': Timestamp('2025-10-31 00:00:00'), 'volume': np.int64(100200)}, {'date': Timestamp('2025-09-30 00:00:00'), 'volume': np.int64(25100)}, {'date': Timestamp('2025-08-31 00:00:00'), 'volume': np.int64(8800)}, {'date': Timestamp('2025-06-30 00:00:00'), 'volume': np.int64(5700)}]"
GOOD,monthly,2025-12-31,12423000,151,5,5,False,0.9243028481295199,"[{'date': Timestamp('2025-12-31 00:00:00'), 'volume': np.int64(12423000)}, {'date': Timestamp('2025-10-31 00:00:00'), 'volume': np.int64(11810300)}, {'date': Timestamp('2025-09-30 00:00:00'), 'volume': np.int64(11182900)}, {'date': Timestamp('2025-07-31 00:00:00'), 'volume': np.int64(8674900)}, {'date': Timestamp('2025-06-30 00:00:00'), 'volume': np.int64(8650600)}]"
ACRE,monthly,2025-12-31,13041100,151,3,3,False,0.5756999196560219,"[{'date': Timestamp('2025-12-31 00:00:00'), 'volume': np.int64(13041100)}, {'date': Timestamp('2025-08-31 00:00:00'), 'volume': np.int64(10206200)}, {'date': Timestamp('2025-06-30 00:00:00'), 'volume': np.int64(9668600)}]"
PAMT,monthly,2025-12-31,635600,151,2,2,False,0.4009588695432753,"[{'date': Timestamp('2025-12-31 00:00:00'), 'volume': np.int64(635600)}, {'date': Timestamp('2025-06-30 00:00:00'), 'volume': np.int64(282200)}]"
HIX,monthly,2025-12-31,11367300,151,6,6,False,0.5700752256770311,"[{'date': Timestamp('2025-12-31 00:00:00'), 'volume': np.int64(11367300)}, {'date': Timestamp('2025-10-31 00:00:00'), 'volume': np.int64(7445200)}, {'date': Timestamp('2025-09-30 00:00:00'), 'volume': np.int64(7163400)}, {'date': Timestamp('2025-08-31 00:00:00'), 'volume': np.int64(7040700)}, {'date': Timestamp('2025-07-31 00:00:00'), 'volume': np.int64(6993100)}, {'date': Timestamp('2025-06-30 00:00:00'), 'volume': np.int64(4624800)}]"
VCV,monthly,2025-12-31,3450600,151,5,5,False,0.5940706562908891,"[{'date': Timestamp('2025-12-31 00:00:00'), 'volume': np.int64(3450600)}, {'date': Timestamp('2025-09-30 00:00:00'), 'volume': np.int64(2778100)}, {'date': Timestamp('2025-08-31 00:00:00'), 'volume': np.int64(2181000)}, {'date': Timestamp('2025-07-31 00:00:00'), 'volume': np.int64(2047000)}, {'date': Timestamp('2025-06-30 00:00:00'), 'volume': np.int64(1955600)}]"
FTHY,monthly,2025-12-31,3823900,151,6,6,False,0.9832604782720493,"[{'date': Timestamp('2025-12-31 00:00:00'), 'volume': np.int64(3823900)}, {'date': Timestamp('2025-11-30 00:00:00'), 'volume': np.int64(2386200)}, {'date': Timestamp('2025-10-31 00:00:00'), 'volume': np.int64(2290200)}, {'date': Timestamp('2025-08-31 00:00:00'), 'volume': np.int64(1955300)}, {'date': Timestamp('2025-07-31 00:00:00'), 'volume': np.int64(1605000)}, {'date': Timestamp('2025-06-30 00:00:00'), 'volume': np.int64(1548000)}]"
BHV,monthly,2025-12-31,192700,151,5,5,True,1.0,"[{'date': Timestamp('2025-12-31 00:00:00'), 'volume': np.int64(192700)}, {'date': Timestamp('2025-09-30 00:00:00'), 'volume': np.int64(191400)}, {'date': Timestamp('2025-08-31 00:00:00'), 'volume': np.int64(113700)}, {'date': Timestamp('2025-07-31 00:00:00'), 'volume': np.int64(71600)}, {'date': Timestamp('2025-06-30 00:00:00'), 'volume': np.int64(46600)}]"
PRI,monthly,2025-12-31,5150800,151,3,3,False,0.5360781824047959,"[{'date': Timestamp('2025-12-31 00:00:00'), 'volume': np.int64(5150800)}, {'date': Timestamp('2025-09-30 00:00:00'), 'volume': np.int64(4469600)}, {'date': Timestamp('2025-06-30 00:00:00'), 'volume': np.int64(3910100)}]"
PRGO,monthly,2025-12-31,94406400,151,4,4,True,1.0,"[{'date': Timestamp('2025-12-31 00:00:00'), 'volume': np.int64(94406400)}, {'date': Timestamp('2025-11-30 00:00:00'), 'volume': np.int64(87245400)}, {'date': Timestamp('2025-08-31 00:00:00'), 'volume': np.int64(41698100)}, {'date': Timestamp('2025-06-30 00:00:00'), 'volume': np.int64(21065600)}]"
NDMO,monthly,2025-12-31,5979600,151,5,5,False,0.6581620860070664,"[{'date': Timestamp('2025-12-31 00:00:00'), 'volume': np.int64(5979600)}, {'date': Timestamp('2025-09-30 00:00:00'), 'volume': np.int64(4079500)}, {'date': Timestamp('2025-08-31 00:00:00'), 'volume': np.int64(3854900)}, {'date': Timestamp('2025-07-31 00:00:00'), 'volume': np.int64(3532300)}, {'date': Timestamp('2025-06-30 00:00:00'), 'volume': np.int64(2485200)}]"
IGR,monthly,2025-12-31,32190900,151,3,3,True,1.0,"[{'date': Timestamp('2025-12-31 00:00:00'), 'volume': np.int64(32190900)}, {'date': Timestamp('2025-07-31 00:00:00'), 'volume': np.int64(18444900)}, {'date': Timestamp('2025-06-30 00:00:00'), 'volume': np.int64(7408900)}]"
IFN,monthly,2025-12-31,6484500,151,4,4,False,0.9324714916380265,"[{'date': Timestamp('2025-12-31 00:00:00'), 'volume': np.int64(6484500)}, {'date': Timestamp('2025-10-31 00:00:00'), 'volume': np.int64(4247100)}, {'date': Timestamp('2025-07-31 00:00:00'), 'volume': np.int64(3822000)}, {'date': Timestamp('2025-06-30 00:00:00'), 'volume': np.int64(1791000)}]"
TXO,monthly,2025-12-31,7497400,151,2,2,False,0.8700404999245703,"[{'date': Timestamp('2025-12-31 00:00:00'), 'volume': np.int64(7497400)}, {'date': Timestamp('2025-06-30 00:00:00'), 'volume': np.int64(6565100)}]"
MPV,monthly,2025-12-31,671600,151,2,2,False,0.7464710459041903,"[{'date': Timestamp('2025-12-31 00:00:00'), 'volume': np.int64(671600)}, {'date': Timestamp('2025-06-30 00:00:00'), 'volume': np.int64(562500)}]"
IGI,monthly,2025-12-31,594500,151,6,6,False,0.48617926071311746,"[{'date': Timestamp('2025-12-31 00:00:00'), 'volume': np.int64(594500)}, {'date': Timestamp('2025-11-30 00:00:00'), 'volume': np.int64(488800)}, {'date': Timestamp('2025-10-31 00:00:00'), 'volume': np.int64(389900)}, {'date': Timestamp('2025-08-31 00:00:00'), 'volume': np.int64(335400)}, {'date': Timestamp('2025-07-31 00:00:00'), 'volume': np.int64(333300)}, {'date': Timestamp('2025-06-30 00:00:00'), 'volume': np.int64(314200)}]"
PDT,monthly,2025-12-31,3175900,151,4,4,False,0.39801736994473197,"[{'date': Timestamp('2025-12-31 00:00:00'), 'volume': np.int64(3175900)}, {'date': Timestamp('2025-10-31 00:00:00'), 'volume': np.int64(2817600)}, {'date': Timestamp('2025-07-31 00:00:00'), 'volume': np.int64(2478400)}, {'date': Timestamp('2025-06-30 00:00:00'), 'volume': np.int64(2400700)}]"
EFR,monthly,2025-12-31,5177800,151,6,6,False,0.43223253639642045,"[{'date': Timestamp('2025-12-31 00:00:00'), 'volume': np.int64(5177800)}, {'date': Timestamp('2025-11-30 00:00:00'), 'volume': np.int64(4079200)}, {'date': Timestamp('2025-10-31 00:00:00'), 'volume': np.int64(3738700)}, {'date': Timestamp('2025-08-31 00:00:00'), 'volume': np.int64(3416300)}, {'date': Timestamp('2025-07-31 00:00:00'), 'volume': np.int64(1992700)}, {'date': Timestamp('2025-06-30 00:00:00'), 'volume': np.int64(1790400)}]"
OMCL,monthly,2025-12-31,14091600,151,4,4,False,0.6525157669546856,"[{'date': Timestamp('2025-12-31 00:00:00'), 'volume': np.int64(14091600)}, {'date': Timestamp('2025-08-31 00:00:00'), 'volume': np.int64(12137400)}, {'date': Timestamp('2025-07-31 00:00:00'), 'volume': np.int64(10909300)}, {'date': Timestamp('2025-06-30 00:00:00'), 'volume': np.int64(10170700)}]"
UHT,monthly,2025-12-31,2049300,151,6,6,False,0.6112569349161845,"[{'date': Timestamp('2025-12-31 00:00:00'), 'volume': np.int64(2049300)}, {'date': Timestamp('2025-11-30 00:00:00'), 'volume': np.int64(2042100)}, {'date': Timestamp('2025-10-31 00:00:00'), 'volume': np.int64(1823300)}, {'date': Timestamp('2025-09-30 00:00:00'), 'volume': np.int64(1601000)}, {'date': Timestamp('2025-08-31 00:00:00'), 'volume': np.int64(1403700)}, {'date': Timestamp('2025-06-30 00:00:00'), 'volume': np.int64(1361200)}]"
ABM,monthly,2025-12-31,18504200,151,3,3,False,0.9669836956521739,"[{'date': Timestamp('2025-12-31 00:00:00'), 'volume': np.int64(18504200)}, {'date': Timestamp('2025-09-30 00:00:00'), 'volume': np.int64(15258800)}, {'date': Timestamp('2025-06-30 00:00:00'), 'volume': np.int64(14693800)}]"
GEF,monthly,2025-12-31,6146600,151,2,2,False,0.7661319473008513,"[{'date': Timestamp('2025-12-31 00:00:00'), 'volume': np.int64(6146600)}, {'date': Timestamp('2025-06-30 00:00:00'), 'volume': np.int64(5878800)}]"
HLF,monthly,2025-12-31,46478000,151,4,4,False,0.6274756518710325,"[{'date': Timestamp('2025-12-31 00:00:00'), 'volume': np.int64(46478000)}, {'date': Timestamp('2025-11-30 00:00:00'), 'volume': np.int64(45549100)}, {'date': Timestamp('2025-07-31 00:00:00'), 'volume': np.int64(41922300)}, {'date': Timestamp('2025-06-30 00:00:00'), 'volume': np.int64(32276100)}]"
BMRN,monthly,2025-12-31,64376100,151,4,4,False,0.7887314107606243,"[{'date': Timestamp('2025-12-31 00:00:00'), 'volume': np.int64(64376100)}, {'date': Timestamp('2025-10-31 00:00:00'), 'volume': np.int64(62664900)}, {'date': Timestamp('2025-08-31 00:00:00'), 'volume': np.int64(51862200)}, {'date': Timestamp('2025-06-30 00:00:00'), 'volume': np.int64(43950200)}]"
RNW,monthly,2025-12-31,42944300,151,4,4,True,1.0,"[{'date': Timestamp('2025-12-31 00:00:00'), 'volume': np.int64(42944300)}, {'date': Timestamp('2025-10-31 00:00:00'), 'volume': np.int64(33369000)}, {'date': Timestamp('2025-07-31 00:00:00'), 'volume': np.int64(27746600)}, {'date': Timestamp('2025-06-30 00:00:00'), 'volume': np.int64(18759300)}]"
FDSB,monthly,2025-12-31,770200,151,3,3,False,0.37568899078093754,"[{'date': Timestamp('2025-12-31 00:00:00'), 'volume': np.int64(770200)}, {'date': Timestamp('2025-07-31 00:00:00'), 'volume': np.int64(436900)}, {'date': Timestamp('2025-06-30 00:00:00'), 'volume': np.int64(270500)}]"
SGC,monthly,2025-12-31,1263400,151,3,3,False,0.2975366209787575,"[{'date': Timestamp('2025-12-31 00:00:00'), 'volume': np.int64(1263400)}, {'date': Timestamp('2025-11-30 00:00:00'), 'volume': np.int64(1210900)}, {'date': Timestamp('2025-06-30 00:00:00'), 'volume': np.int64(1127700)}]"
GRMN,monthly,2025-12-31,22346500,151,4,4,False,0.6418198946503759,"[{'date': Timestamp('2025-12-31 00:00:00'), 'volume': np.int64(22346500)}, {'date': Timestamp('2025-11-30 00:00:00'), 'volume': np.int64(21695200)}, {'date': Timestamp('2025-07-31 00:00:00'), 'volume': np.int64(19022100)}, {'date': Timestamp('2025-06-30 00:00:00'), 'volume': np.int64(17899800)}]"
NDSN,monthly,2025-12-31,12242700,151,2,2,False,0.6403387188727503,"[{'date': Timestamp('2025-12-31 00:00:00'), 'volume': np.int64(12242700)}, {'date': Timestamp('2025-06-30 00:00:00'), 'volume': np.int64(10082300)}]"
CBT,monthly,2025-12-31,12018400,151,5,5,False,0.7982995682497509,"[{'date': Timestamp('2025-12-31 00:00:00'), 'volume': np.int64(12018400)}, {'date': Timestamp('2025-11-30 00:00:00'), 'volume': np.int64(10137800)}, {'date': Timestamp('2025-10-31 00:00:00'), 'volume': np.int64(9488800)}, {'date': Timestamp('2025-08-31 00:00:00'), 'volume': np.int64(8470100)}, {'date': Timestamp('2025-06-30 00:00:00'), 'volume': np.int64(7855700)}]"
MHK,monthly,2025-12-31,31365600,151,3,3,False,0.6783584752635847,"[{'date': Timestamp('2025-12-31 00:00:00'), 'volume': np.int64(31365600)}, {'date': Timestamp('2025-07-31 00:00:00'), 'volume': np.int64(20170500)}, {'date': Timestamp('2025-06-30 00:00:00'), 'volume': np.int64(16829600)}]"
NTRSO,monthly,2025-12-31,1340100,151,2,2,False,0.5824495827538247,"[{'date': Timestamp('2025-12-31 00:00:00'), 'volume': np.int64(1340100)}, {'date': Timestamp('2025-06-30 00:00:00'), 'volume': np.int64(855700)}]"
WIW,monthly,2025-12-31,6132800,151,5,5,False,0.6648814492785048,"[{'date': Timestamp('2025-12-31 00:00:00'), 'volume': np.int64(6132800)}, {'date': Timestamp('2025-10-31 00:00:00'), 'volume': np.int64(4982200)}, {'date': Timestamp('2025-08-31 00:00:00'), 'volume': np.int64(4895500)}, {'date': Timestamp('2025-07-31 00:00:00'), 'volume': np.int64(4585000)}, {'date': Timestamp('2025-06-30 00:00:00'), 'volume': np.int64(4208100)}]"
BKT,monthly,2025-12-31,5044400,151,4,4,True,1.0,"[{'date': Timestamp('2025-12-31 00:00:00'), 'volume': np.int64(5044400)}, {'date': Timestamp('2025-09-30 00:00:00'), 'volume': np.int64(4691000)}, {'date': Timestamp('2025-08-31 00:00:00'), 'volume': np.int64(1855800)}, {'date': Timestamp('2025-06-30 00:00:00'), 'volume': np.int64(1542900)}]"
LEO,monthly,2025-12-31,7212400,151,4,4,False,0.786084075377925,"[{'date': Timestamp('2025-12-31 00:00:00'), 'volume': np.int64(7212400)}, {'date': Timestamp('2025-11-30 00:00:00'), 'volume': np.int64(4029100)}, {'date': Timestamp('2025-10-31 00:00:00'), 'volume': np.int64(3537100)}, {'date': Timestamp('2025-06-30 00:00:00'), 'volume': np.int64(3373900)}]"
HD,monthly,2025-12-31,100787600,151,4,4,False,0.4548932313669418,"[{'date': Timestamp('2025-12-31 00:00:00'), 'volume': np.int64(100787600)}, {'date': Timestamp('2025-11-30 00:00:00'), 'volume': np.int64(85571900)}, {'date': Timestamp('2025-09-30 00:00:00'), 'volume': np.int64(79903000)}, {'date': Timestamp('2025-06-30 00:00:00'), 'volume': np.int64(74516400)}]"
VKI,monthly,2025-12-31,3987000,151,3,3,False,0.8093459461654013,"[{'date': Timestamp('2025-12-31 00:00:00'), 'volume': np.int64(3987000)}, {'date': Timestamp('2025-08-31 00:00:00'), 'volume': np.int64(3469900)}, {'date': Timestamp('2025-06-30 00:00:00'), 'volume': np.int64(2876500)}]"
NAC,monthly,2025-12-31,14452200,151,3,3,False,0.9122826951482786,"[{'date': Timestamp('2025-12-31 00:00:00'), 'volume': np.int64(14452200)}, {'date': Timestamp('2025-09-30 00:00:00'), 'volume': np.int64(11389400)}, {'date': Timestamp('2025-06-30 00:00:00'), 'volume': np.int64(8711900)}]"
MSA,monthly,2025-12-31,5935200,151,4,4,False,0.6022465525463973,"[{'date': Timestamp('2025-12-31 00:00:00'), 'volume': np.int64(5935200)}, {'date': Timestamp('2025-09-30 00:00:00'), 'volume': np.int64(5498000)}, {'date': Timestamp('2025-08-31 00:00:00'), 'volume': np.int64(4784600)}, {'date': Timestamp('2025-06-30 00:00:00'), 'volume': np.int64(4773400)}]"
FUSB,monthly,2025-12-31,190400,151,5,5,False,0.566835367668949,"[{'date': Timestamp('2025-12-31 00:00:00'), 'volume': np.int64(190400)}, {'date': Timestamp('2025-11-30 00:00:00'), 'volume': np.int64(189800)}, {'date': Timestamp('2025-09-30 00:00:00'), 'volume': np.int64(109100)}, {'date': Timestamp('2025-08-31 00:00:00'), 'volume': np.int64(60500)}, {'date': Timestamp('2025-06-30 00:00:00'), 'volume': np.int64(41500)}]"
BBDC,monthly,2025-12-31,19129300,151,3,3,False,0.9234471472500736,"[{'date': Timestamp('2025-12-31 00:00:00'), 'volume': np.int64(19129300)}, {'date': Timestamp('2025-09-30 00:00:00'), 'volume': np.int64(12040100)}, {'date': Timestamp('2025-06-30 00:00:00'), 'volume': np.int64(9946500)}]"
JHS,monthly,2025-12-31,771300,151,2,2,False,0.5599274047186933,"[{'date': Timestamp('2025-12-31 00:00:00'), 'volume': np.int64(771300)}, {'date': Timestamp('2025-06-30 00:00:00'), 'volume': np.int64(376800)}]"
IEP,monthly,2025-12-31,28483200,151,5,5,False,0.20537624407031904,"[{'date': Timestamp('2025-12-31 00:00:00'), 'volume': np.int64(28483200)}, {'date': Timestamp('2025-11-30 00:00:00'), 'volume': np.int64(26466200)}, {'date': Timestamp('2025-08-31 00:00:00'), 'volume': np.int64(17283800)}, {'date': Timestamp('2025-07-31 00:00:00'), 'volume': np.int64(16752400)}, {'date': Timestamp('2025-06-30 00:00:00'), 'volume': np.int64(14301700)}]"
FCPT,monthly,2025-12-31,19581700,151,2,2,False,0.7866600782574461,"[{'date': Timestamp('2025-12-31 00:00:00'), 'volume': np.int64(19581700)}, {'date': Timestamp('2025-06-30 00:00:00'), 'volume': np.int64(15898800)}]"
GLU,monthly,2025-12-31,336000,151,3,3,False,0.36195195518690076,"[{'date': Timestamp('2025-12-31 00:00:00'), 'volume': np.int64(336000)}, {'date': Timestamp('2025-07-31 00:00:00'), 'volume': np.int64(230400)}, {'date': Timestamp('2025-06-30 00:00:00'), 'volume': np.int64(202000)}]"
FRA,monthly,2025-12-31,6891800,151,4,4,False,0.6093437781825255,"[{'date': Timestamp('2025-12-31 00:00:00'), 'volume': np.int64(6891800)}, {'date': Timestamp('2025-11-30 00:00:00'), 'volume': np.int64(3301300)}, {'date': Timestamp('2025-10-31 00:00:00'), 'volume': np.int64(3086400)}, {'date': Timestamp('2025-06-30 00:00:00'), 'volume': np.int64(2223000)}]"
LIN,monthly,2025-12-31,67905000,151,4,4,False,0.7303914028828438,"[{'date': Timestamp('2025-12-31 00:00:00'), 'volume': np.int64(67905000)}, {'date': Timestamp('2025-11-30 00:00:00'), 'volume': np.int64(55178400)}, {'date': Timestamp('2025-10-31 00:00:00'), 'volume': np.int64(47855400)}, {'date': Timestamp('2025-06-30 00:00:00'), 'volume': np.int64(38415000)}]"
WPC,monthly,2025-12-31,29257800,151,3,3,False,0.42045720959994093,"[{'date': Timestamp('2025-12-31 00:00:00'), 'volume': np.int64(29257800)}, {'date': Timestamp('2025-07-31 00:00:00'), 'volume': np.int64(27945200)}, {'date': Timestamp('2025-06-30 00:00:00'), 'volume': np.int64(25370700)}]"
AMGN,monthly,2025-12-31,64249600,151,3,3,False,0.6467210284790537,"[{'date': Timestamp('2025-12-31 00:00:00'), 'volume': np.int64(64249600)}, {'date': Timestamp('2025-11-30 00:00:00'), 'volume': np.int64(58394800)}, {'date': Timestamp('2025-06-30 00:00:00'), 'volume': np.int64(56598100)}]"
COLD,monthly,2025-12-31,148532400,151,6,6,True,1.0,"[{'date': Timestamp('2025-12-31 00:00:00'), 'volume': np.int64(148532400)}, {'date': Timestamp('2025-10-31 00:00:00'), 'volume': np.int64(141855000)}, {'date': Timestamp('2025-09-30 00:00:00'), 'volume': np.int64(139096900)}, {'date': Timestamp('2025-08-31 00:00:00'), 'volume': np.int64(98842800)}, {'date': Timestamp('2025-07-31 00:00:00'), 'volume': np.int64(67457800)}, {'date': Timestamp('2025-06-30 00:00:00'), 'volume': np.int64(60157000)}]"
WKC,monthly,2025-12-31,21240000,151,4,4,False,0.8346530334765028,"[{'date': Timestamp('2025-12-31 00:00:00'), 'volume': np.int64(21240000)}, {'date': Timestamp('2025-09-30 00:00:00'), 'volume': np.int64(20000200)}, {'date': Timestamp('2025-08-31 00:00:00'), 'volume': np.int64(13189000)}, {'date': Timestamp('2025-06-30 00:00:00'), 'volume': np.int64(13086200)}]"
BWBBP,monthly,2025-12-31,101600,151,4,4,False,0.4701527070800555,"[{'date': Timestamp('2025-12-31 00:00:00'), 'volume': np.int64(101600)}, {'date': Timestamp('2025-10-31 00:00:00'), 'volume': np.int64(88800)}, {'date': Timestamp('2025-07-31 00:00:00'), 'volume': np.int64(72400)}, {'date': Timestamp('2025-06-30 00:00:00'), 'volume': np.int64(50300)}]"
EVG,monthly,2025-12-31,1042500,151,4,4,False,0.30051021878873485,"[{'date': Timestamp('2025-12-31 00:00:00'), 'volume': np.int64(1042500)}, {'date': Timestamp('2025-08-31 00:00:00'), 'volume': np.int64(938600)}, {'date': Timestamp('2025-07-31 00:00:00'), 'volume': np.int64(767700)}, {'date': Timestamp('2025-06-30 00:00:00'), 'volume': np.int64(695400)}]"
VTN,monthly,2025-12-31,1317700,151,5,5,False,0.5526106101908157,"[{'date': Timestamp('2025-12-31 00:00:00'), 'volume': np.int64(1317700)}, {'date': Timestamp('2025-09-30 00:00:00'), 'volume': np.int64(1052100)}, {'date': Timestamp('2025-08-31 00:00:00'), 'volume': np.int64(946400)}, {'date': Timestamp('2025-07-31 00:00:00'), 'volume': np.int64(900300)}, {'date': Timestamp('2025-06-30 00:00:00'), 'volume': np.int64(674700)}]"
NCA,monthly,2025-12-31,2704700,151,4,4,False,0.7088717075088455,"[{'date': Timestamp('2025-12-31 00:00:00'), 'volume': np.int64(2704700)}, {'date': Timestamp('2025-09-30 00:00:00'), 'volume': np.int64(1886000)}, {'date': Timestamp('2025-07-31 00:00:00'), 'volume': np.int64(1672800)}, {'date': Timestamp('2025-06-30 00:00:00'), 'volume': np.int64(1442100)}]"
NNY,monthly,2025-12-31,1329000,151,4,4,False,0.4781091484692593,"[{'date': Timestamp('2025-12-31 00:00:00'), 'volume': np.int64(1329000)}, {'date': Timestamp('2025-08-31 00:00:00'), 'volume': np.int64(1051000)}, {'date': Timestamp('2025-07-31 00:00:00'), 'volume': np.int64(1042200)}, {'date': Timestamp('2025-06-30 00:00:00'), 'volume': np.int64(629900)}]"
MMI,monthly,2025-12-31,9915900,151,3,3,True,1.0,"[{'date': Timestamp('2025-12-31 00:00:00'), 'volume': np.int64(9915900)}, {'date': Timestamp('2025-11-30 00:00:00'), 'volume': np.int64(3648400)}, {'date': Timestamp('2025-06-30 00:00:00'), 'volume': np.int64(3577400)}]"
PCSC,monthly,2025-12-31,6539300,151,2,2,True,1.0,"[{'date': Timestamp('2025-12-31 00:00:00'), 'volume': np.int64(6539300)}, {'date': Timestamp('2025-06-30 00:00:00'), 'volume': np.int64(179300)}]"
SAJ,monthly,2025-12-31,136300,151,4,4,False,0.3810455689124965,"[{'date': Timestamp('2025-12-31 00:00:00'), 'volume': np.int64(136300)}, {'date': Timestamp('2025-10-31 00:00:00'), 'volume': np.int64(118100)}, {'date': Timestamp('2025-08-31 00:00:00'), 'volume': np.int64(78500)}, {'date': Timestamp('2025-06-30 00:00:00'), 'volume': np.int64(65900)}]"
S,monthly,2025-12-31,239137200,151,3,3,False,0.8613419211600337,"[{'date': Timestamp('2025-12-31 00:00:00'), 'volume': np.int64(239137200)}, {'date': Timestamp('2025-07-31 00:00:00'), 'volume': np.int64(174919100)}, {'date': Timestamp('2025-06-30 00:00:00'), 'volume': np.int64(135064600)}]"
XOMAO,monthly,2025-12-31,285700,151,4,4,False,0.3035486612834679,"[{'date': Timestamp('2025-12-31 00:00:00'), 'volume': np.int64(285700)}, {'date': Timestamp('2025-10-31 00:00:00'), 'volume': np.int64(87800)}, {'date': Timestamp('2025-07-31 00:00:00'), 'volume': np.int64(63200)}, {'date': Timestamp('2025-06-30 00:00:00'), 'volume': np.int64(46500)}]"
XEL,monthly,2025-12-31,128816000,151,5,5,False,0.7683369956028907,"[{'date': Timestamp('2025-12-31 00:00:00'), 'volume': np.int64(128816000)}, {'date': Timestamp('2025-09-30 00:00:00'), 'volume': np.int64(125879400)}, {'date': Timestamp('2025-08-31 00:00:00'), 'volume': np.int64(75449100)}, {'date': Timestamp('2025-07-31 00:00:00'), 'volume': np.int64(64631100)}, {'date': Timestamp('2025-06-30 00:00:00'), 'volume': np.int64(62603300)}]"
LLYVA,monthly,2025-12-31,5507500,151,4,4,False,0.6707138855737146,"[{'date': Timestamp('2025-12-31 00:00:00'), 'volume': np.int64(5507500)}, {'date': Timestamp('2025-08-31 00:00:00'), 'volume': np.int64(3404000)}, {'date': Timestamp('2025-07-31 00:00:00'), 'volume': np.int64(2623800)}, {'date': Timestamp('2025-06-30 00:00:00'), 'volume': np.int64(1587900)}]"
GRF,monthly,2025-12-31,192300,151,4,4,False,0.5361025926958461,"[{'date': Timestamp('2025-12-31 00:00:00'), 'volume': np.int64(192300)}, {'date': Timestamp('2025-10-31 00:00:00'), 'volume': np.int64(66400)}, {'date': Timestamp('2025-08-31 00:00:00'), 'volume': np.int64(53000)}, {'date': Timestamp('2025-06-30 00:00:00'), 'volume': np.int64(52600)}]"
FPI,monthly,2025-12-31,11815900,151,4,4,False,0.7110858353343323,"[{'date': Timestamp('2025-12-31 00:00:00'), 'volume': np.int64(11815900)}, {'date': Timestamp('2025-11-30 00:00:00'), 'volume': np.int64(11422000)}, {'date': Timestamp('2025-07-31 00:00:00'), 'volume': np.int64(9977300)}, {'date': Timestamp('2025-06-30 00:00:00'), 'volume': np.int64(9851000)}]"
NWE,monthly,2025-12-31,12730500,151,3,3,False,0.8002728238525997,"[{'date': Timestamp('2025-12-31 00:00:00'), 'volume': np.int64(12730500)}, {'date': Timestamp('2025-08-31 00:00:00'), 'volume': np.int64(10917100)}, {'date': Timestamp('2025-06-30 00:00:00'), 'volume': np.int64(9891600)}]"
SVCC,monthly,2025-12-31,895100,151,2,2,False,0.5814980835444683,"[{'date': Timestamp('2025-12-31 00:00:00'), 'volume': np.int64(895100)}, {'date': Timestamp('2025-06-30 00:00:00'), 'volume': np.int64(390600)}]"
GLBZ,monthly,2025-12-31,411800,151,3,3,True,1.0,"[{'date': Timestamp('2025-12-31 00:00:00'), 'volume': np.int64(411800)}, {'date': Timestamp('2025-07-31 00:00:00'), 'volume': np.int64(231700)}, {'date': Timestamp('2025-06-30 00:00:00'), 'volume': np.int64(217400)}]"
GJP,monthly,2025-12-31,22400,151,3,3,False,0.8682170542635659,"[{'date': Timestamp('2025-12-31 00:00:00'), 'volume': np.int64(22400)}, {'date': Timestamp('2025-11-30 00:00:00'), 'volume': np.int64(19800)}, {'date': Timestamp('2025-06-30 00:00:00'), 'volume': np.int64(11300)}]"
PCQ,monthly,2025-12-31,7348000,151,4,4,True,1.0,"[{'date': Timestamp('2025-12-31 00:00:00'), 'volume': np.int64(7348000)}, {'date': Timestamp('2025-08-31 00:00:00'), 'volume': np.int64(5030900)}, {'date': Timestamp('2025-07-31 00:00:00'), 'volume': np.int64(1539000)}, {'date': Timestamp('2025-06-30 00:00:00'), 'volume': np.int64(1532400)}]"
ULS,monthly,2025-12-31,50282300,151,4,4,True,1.0,"[{'date': Timestamp('2025-12-31 00:00:00'), 'volume': np.int64(50282300)}, {'date': Timestamp('2025-08-31 00:00:00'), 'volume': np.int64(23414600)}, {'date': Timestamp('2025-07-31 00:00:00'), 'volume': np.int64(14381200)}, {'date': Timestamp('2025-06-30 00:00:00'), 'volume': np.int64(13886700)}]"
VICI,monthly,2025-12-31,314726600,151,7,7,False,0.5572928093346713,"[{'date': Timestamp('2025-12-31 00:00:00'), 'volume': np.int64(314726600)}, {'date': Timestamp('2025-11-30 00:00:00'), 'volume': np.int64(214046800)}, {'date': Timestamp('2025-10-31 00:00:00'), 'volume': np.int64(200904700)}, {'date': Timestamp('2025-09-30 00:00:00'), 'volume': np.int64(190322600)}, {'date': Timestamp('2025-08-31 00:00:00'), 'volume': np.int64(167078700)}, {'date': Timestamp('2025-07-31 00:00:00'), 'volume': np.int64(128235300)}, {'date': Timestamp('2025-06-30 00:00:00'), 'volume': np.int64(116941100)}]"
GHY,monthly,2025-12-31,5009200,151,4,4,False,0.49748239663922295,"[{'date': Timestamp('2025-12-31 00:00:00'), 'volume': np.int64(5009200)}, {'date': Timestamp('2025-10-31 00:00:00'), 'volume': np.int64(4720900)}, {'date': Timestamp('2025-07-31 00:00:00'), 'volume': np.int64(4503000)}, {'date': Timestamp('2025-06-30 00:00:00'), 'volume': np.int64(2006500)}]"
BWFG,monthly,2025-12-31,1309800,151,5,5,False,0.7321408608160984,"[{'date': Timestamp('2025-12-31 00:00:00'), 'volume': np.int64(1309800)}, {'date': Timestamp('2025-09-30 00:00:00'), 'volume': np.int64(1036400)}, {'date': Timestamp('2025-08-31 00:00:00'), 'volume': np.int64(646700)}, {'date': Timestamp('2025-07-31 00:00:00'), 'volume': np.int64(623200)}, {'date': Timestamp('2025-06-30 00:00:00'), 'volume': np.int64(343800)}]"
CBLL,monthly,2025-12-31,12719800,151,3,3,True,1.0,"[{'date': Timestamp('2025-12-31 00:00:00'), 'volume': np.int64(12719800)}, {'date': Timestamp('2025-11-30 00:00:00'), 'volume': np.int64(8130900)}, {'date': Timestamp('2025-06-30 00:00:00'), 'volume': np.int64(8051800)}]"
DMYY,monthly,2025-09-30,3804200,151,3,3,True,1.0,"[{'date': Timestamp('2025-09-30 00:00:00'), 'volume': np.int64(3804200)}, {'date': Timestamp('2025-04-30 00:00:00'), 'volume': np.int64(2367300)}, {'date': Timestamp('2025-03-31 00:00:00'), 'volume': np.int64(1443200)}]"
SLG,monthly,2025-12-31,31872700,151,4,4,False,0.2806436558950427,"[{'date': Timestamp('2025-12-31 00:00:00'), 'volume': np.int64(31872700)}, {'date': Timestamp('2025-10-31 00:00:00'), 'volume': np.int64(25875800)}, {'date': Timestamp('2025-07-31 00:00:00'), 'volume': np.int64(24818500)}, {'date': Timestamp('2025-06-30 00:00:00'), 'volume': np.int64(22445300)}]"
JMM,monthly,2025-12-31,520000,151,4,4,False,0.7153666253955152,"[{'date': Timestamp('2025-12-31 00:00:00'), 'volume': np.int64(520000)}, {'date': Timestamp('2025-09-30 00:00:00'), 'volume': np.int64(224400)}, {'date': Timestamp('2025-07-31 00:00:00'), 'volume': np.int64(209100)}, {'date': Timestamp('2025-06-30 00:00:00'), 'volume': np.int64(131900)}]"
EAD,monthly,2025-12-31,4640200,151,3,3,False,0.27815442899874715,"[{'date': Timestamp('2025-12-31 00:00:00'), 'volume': np.int64(4640200)}, {'date': Timestamp('2025-07-31 00:00:00'), 'volume': np.int64(4451600)}, {'date': Timestamp('2025-06-30 00:00:00'), 'volume': np.int64(2382300)}]"
INGR,monthly,2025-12-31,16307200,151,5,5,False,0.7834576062725805,"[{'date': Timestamp('2025-12-31 00:00:00'), 'volume': np.int64(16307200)}, {'date': Timestamp('2025-11-30 00:00:00'), 'volume': np.int64(14232300)}, {'date': Timestamp('2025-09-30 00:00:00'), 'volume': np.int64(12510300)}, {'date': Timestamp('2025-07-31 00:00:00'), 'volume': np.int64(10062100)}, {'date': Timestamp('2025-06-30 00:00:00'), 'volume': np.int64(8894400)}]"
NBH,monthly,2025-12-31,3259900,151,2,2,True,1.0,"[{'date': Timestamp('2025-12-31 00:00:00'), 'volume': np.int64(3259900)}, {'date': Timestamp('2025-06-30 00:00:00'), 'volume': np.int64(2416200)}]"
ARKR,monthly,2025-12-31,491800,151,3,3,False,0.3900697969543147,"[{'date': Timestamp('2025-12-31 00:00:00'), 'volume': np.int64(491800)}, {'date': Timestamp('2025-08-31 00:00:00'), 'volume': np.int64(411900)}, {'date': Timestamp('2025-06-30 00:00:00'), 'volume': np.int64(120000)}]"
TTSH,monthly,2025-12-31,23398800,151,3,3,True,1.0,"[{'date': Timestamp('2025-12-31 00:00:00'), 'volume': np.int64(23398800)}, {'date': Timestamp('2025-10-31 00:00:00'), 'volume': np.int64(4194000)}, {'date': Timestamp('2025-06-30 00:00:00'), 'volume': np.int64(1457000)}]"
GECCO,monthly,2025-12-31,1497300,151,3,3,True,1.0,"[{'date': Timestamp('2025-12-31 00:00:00'), 'volume': np.int64(1497300)}, {'date': Timestamp('2025-07-31 00:00:00'), 'volume': np.int64(42800)}, {'date': Timestamp('2025-06-30 00:00:00'), 'volume': np.int64(18900)}]"
RIBB,monthly,2025-12-31,534200,151,3,3,False,0.36097033583350224,"[{'date': Timestamp('2025-12-31 00:00:00'), 'volume': np.int64(534200)}, {'date': Timestamp('2025-07-31 00:00:00'), 'volume': np.int64(221600)}, {'date': Timestamp('2025-06-30 00:00:00'), 'volume': np.int64(22500)}]"
RCS,monthly,2025-12-31,5301800,151,4,4,False,0.30473967972962096,"[{'date': Timestamp('2025-12-31 00:00:00'), 'volume': np.int64(5301800)}, {'date': Timestamp('2025-10-31 00:00:00'), 'volume': np.int64(4115300)}, {'date': Timestamp('2025-08-31 00:00:00'), 'volume': np.int64(2474900)}, {'date': Timestamp('2025-06-30 00:00:00'), 'volume': np.int64(2169600)}]"
WELL,monthly,2025-12-31,79178500,151,3,3,False,0.5144273687301758,"[{'date': Timestamp('2025-12-31 00:00:00'), 'volume': np.int64(79178500)}, {'date': Timestamp('2025-09-30 00:00:00'), 'volume': np.int64(77143200)}, {'date': Timestamp('2025-06-30 00:00:00'), 'volume': np.int64(70631900)}]"
PSN,monthly,2025-12-31,46196100,151,2,2,True,1.0,"[{'date': Timestamp('2025-12-31 00:00:00'), 'volume': np.int64(46196100)}, {'date': Timestamp('2025-06-30 00:00:00'), 'volume': np.int64(29344500)}]"
CVR,monthly,2025-12-31,194500,151,2,2,False,0.8832879200726612,"[{'date': Timestamp('2025-12-31 00:00:00'), 'volume': np.int64(194500)}, {'date': Timestamp('2025-06-30 00:00:00'), 'volume': np.int64(85000)}]"
ESBA,monthly,2025-12-31,393400,151,4,4,False,0.6520802254268192,"[{'date': Timestamp('2025-12-31 00:00:00'), 'volume': np.int64(393400)}, {'date': Timestamp('2025-11-30 00:00:00'), 'volume': np.int64(229000)}, {'date': Timestamp('2025-08-31 00:00:00'), 'volume': np.int64(151400)}, {'date': Timestamp('2025-06-30 00:00:00'), 'volume': np.int64(107100)}]"
SOJE,monthly,2025-12-31,1837700,151,3,3,False,0.19668639559898538,"[{'date': Timestamp('2025-12-31 00:00:00'), 'volume': np.int64(1837700)}, {'date': Timestamp('2025-11-30 00:00:00'), 'volume': np.int64(1319900)}, {'date': Timestamp('2025-06-30 00:00:00'), 'volume': np.int64(1191700)}]"
RMR,monthly,2025-12-31,4059400,151,4,4,True,1.0,"[{'date': Timestamp('2025-12-31 00:00:00'), 'volume': np.int64(4059400)}, {'date': Timestamp('2025-11-30 00:00:00'), 'volume': np.int64(3999900)}, {'date': Timestamp('2025-10-31 00:00:00'), 'volume': np.int64(3232100)}, {'date': Timestamp('2025-06-30 00:00:00'), 'volume': np.int64(2531200)}]"
SEVN,monthly,2025-12-31,4021400,151,5,5,True,1.0,"[{'date': Timestamp('2025-12-31 00:00:00'), 'volume': np.int64(4021400)}, {'date': Timestamp('2025-11-30 00:00:00'), 'volume': np.int64(3491700)}, {'date': Timestamp('2025-10-31 00:00:00'), 'volume': np.int64(2568900)}, {'date': Timestamp('2025-07-31 00:00:00'), 'volume': np.int64(2017500)}, {'date': Timestamp('2025-06-30 00:00:00'), 'volume': np.int64(933100)}]"
GGZ,monthly,2025-12-31,322000,151,4,4,False,0.22809378763193314,"[{'date': Timestamp('2025-12-31 00:00:00'), 'volume': np.int64(322000)}, {'date': Timestamp('2025-09-30 00:00:00'), 'volume': np.int64(272100)}, {'date': Timestamp('2025-08-31 00:00:00'), 'volume': np.int64(255600)}, {'date': Timestamp('2025-06-30 00:00:00'), 'volume': np.int64(211200)}]"
MSBI,monthly,2025-12-31,5294800,151,4,4,True,1.0,"[{'date': Timestamp('2025-12-31 00:00:00'), 'volume': np.int64(5294800)}, {'date': Timestamp('2025-10-31 00:00:00'), 'volume': np.int64(3391600)}, {'date': Timestamp('2025-09-30 00:00:00'), 'volume': np.int64(2804200)}, {'date': Timestamp('2025-06-30 00:00:00'), 'volume': np.int64(2733400)}]"
NJR,monthly,2025-12-31,13277900,151,3,3,False,0.5926575611497947,"[{'date': Timestamp('2025-12-31 00:00:00'), 'volume': np.int64(13277900)}, {'date': Timestamp('2025-07-31 00:00:00'), 'volume': np.int64(13231300)}, {'date': Timestamp('2025-06-30 00:00:00'), 'volume': np.int64(13063300)}]"
CFFN,monthly,2025-12-31,23065600,151,2,2,False,0.4054577607149512,"[{'date': Timestamp('2025-12-31 00:00:00'), 'volume': np.int64(23065600)}, {'date': Timestamp('2025-06-30 00:00:00'), 'volume': np.int64(20577900)}]"
BTT,monthly,2025-12-31,3059300,151,3,3,False,0.32052679001739204,"[{'date': Timestamp('2025-12-31 00:00:00'), 'volume': np.int64(3059300)}, {'date': Timestamp('2025-09-30 00:00:00'), 'volume': np.int64(2445900)}, {'date': Timestamp('2025-06-30 00:00:00'), 'volume': np.int64(2396100)}]"
LLYVK,monthly,2025-12-31,10359100,151,5,5,False,0.5203250807427834,"[{'date': Timestamp('2025-12-31 00:00:00'), 'volume': np.int64(10359100)}, {'date': Timestamp('2025-09-30 00:00:00'), 'volume': np.int64(7936400)}, {'date': Timestamp('2025-08-31 00:00:00'), 'volume': np.int64(7847500)}, {'date': Timestamp('2025-07-31 00:00:00'), 'volume': np.int64(7623400)}, {'date': Timestamp('2025-06-30 00:00:00'), 'volume': np.int64(6304600)}]"
MUC,monthly,2025-12-31,9303700,151,4,4,False,0.6992266472263766,"[{'date': Timestamp('2025-12-31 00:00:00'), 'volume': np.int64(9303700)}, {'date': Timestamp('2025-10-31 00:00:00'), 'volume': np.int64(6127400)}, {'date': Timestamp('2025-08-31 00:00:00'), 'volume': np.int64(5806200)}, {'date': Timestamp('2025-06-30 00:00:00'), 'volume': np.int64(5241400)}]"
RL,monthly,2025-12-31,15319400,151,3,3,False,0.4108829232836517,"[{'date': Timestamp('2025-12-31 00:00:00'), 'volume': np.int64(15319400)}, {'date': Timestamp('2025-08-31 00:00:00'), 'volume': np.int64(15223700)}, {'date': Timestamp('2025-06-30 00:00:00'), 'volume': np.int64(14386200)}]"
CUBB,monthly,2025-12-31,87800,151,5,5,False,0.22828913156526262,"[{'date': Timestamp('2025-12-31 00:00:00'), 'volume': np.int64(87800)}, {'date': Timestamp('2025-10-31 00:00:00'), 'volume': np.int64(71800)}, {'date': Timestamp('2025-08-31 00:00:00'), 'volume': np.int64(57700)}, {'date': Timestamp('2025-07-31 00:00:00'), 'volume': np.int64(39400)}, {'date': Timestamp('2025-06-30 00:00:00'), 'volume': np.int64(26400)}]"
CHSCL,monthly,2025-12-31,867600,151,2,2,False,0.5158451750995897,"[{'date': Timestamp('2025-12-31 00:00:00'), 'volume': np.int64(867600)}, {'date': Timestamp('2025-06-30 00:00:00'), 'volume': np.int64(760900)}]"
ENJ,monthly,2025-12-31,91300,151,5,5,True,1.0,"[{'date': Timestamp('2025-12-31 00:00:00'), 'volume': np.int64(91300)}, {'date': Timestamp('2025-11-30 00:00:00'), 'volume': np.int64(42200)}, {'date': Timestamp('2025-10-31 00:00:00'), 'volume': np.int64(37900)}, {'date': Timestamp('2025-08-31 00:00:00'), 'volume': np.int64(34800)}, {'date': Timestamp('2025-06-30 00:00:00'), 'volume': np.int64(29800)}]"
VSTS,monthly,2025-12-31,74261800,151,2,2,False,0.6462560525207378,"[{'date': Timestamp('2025-12-31 00:00:00'), 'volume': np.int64(74261800)}, {'date': Timestamp('2025-06-30 00:00:00'), 'volume': np.int64(57322100)}]"
OZKAP,monthly,2025-12-31,939400,151,4,4,False,0.14183904574966028,"[{'date': Timestamp('2025-12-31 00:00:00'), 'volume': np.int64(939400)}, {'date': Timestamp('2025-08-31 00:00:00'), 'volume': np.int64(599300)}, {'date': Timestamp('2025-07-31 00:00:00'), 'volume': np.int64(500400)}, {'date': Timestamp('2025-06-30 00:00:00'), 'volume': np.int64(484200)}]"
MUA,monthly,2025-12-31,3800700,151,4,4,False,0.5920462334101814,"[{'date': Timestamp('2025-12-31 00:00:00'), 'volume': np.int64(3800700)}, {'date': Timestamp('2025-10-31 00:00:00'), 'volume': np.int64(2551100)}, {'date': Timestamp('2025-07-31 00:00:00'), 'volume': np.int64(2501800)}, {'date': Timestamp('2025-06-30 00:00:00'), 'volume': np.int64(2092500)}]"
AVGO,monthly,2025-12-31,883384200,151,3,3,False,0.7388898554312805,"[{'date': Timestamp('2025-12-31 00:00:00'), 'volume': np.int64(883384200)}, {'date': Timestamp('2025-09-30 00:00:00'), 'volume': np.int64(633889800)}, {'date': Timestamp('2025-06-30 00:00:00'), 'volume': np.int64(541203900)}]"
FER,monthly,2025-12-31,94934600,151,6,6,True,1.0,"[{'date': Timestamp('2025-12-31 00:00:00'), 'volume': np.int64(94934600)}, {'date': Timestamp('2025-10-31 00:00:00'), 'volume': np.int64(25473000)}, {'date': Timestamp('2025-09-30 00:00:00'), 'volume': np.int64(10791600)}, {'date': Timestamp('2025-08-31 00:00:00'), 'volume': np.int64(7180600)}, {'date': Timestamp('2025-07-31 00:00:00'), 'volume': np.int64(4033800)}, {'date': Timestamp('2025-06-30 00:00:00'), 'volume': np.int64(3044800)}]"
VPV,monthly,2025-12-31,1019800,151,3,3,False,0.4845346130089799,"[{'date': Timestamp('2025-12-31 00:00:00'), 'volume': np.int64(1019800)}, {'date': Timestamp('2025-08-31 00:00:00'), 'volume': np.int64(778100)}, {'date': Timestamp('2025-06-30 00:00:00'), 'volume': np.int64(698000)}]"
WMG,monthly,2025-12-31,54312400,151,4,4,False,0.5709960291719715,"[{'date': Timestamp('2025-12-31 00:00:00'), 'volume': np.int64(54312400)}, {'date': Timestamp('2025-08-31 00:00:00'), 'volume': np.int64(50779800)}, {'date': Timestamp('2025-07-31 00:00:00'), 'volume': np.int64(41358500)}, {'date': Timestamp('2025-06-30 00:00:00'), 'volume': np.int64(29422300)}]"
SRV,monthly,2025-12-31,2249700,151,4,4,True,1.0,"[{'date': Timestamp('2025-12-31 00:00:00'), 'volume': np.int64(2249700)}, {'date': Timestamp('2025-11-30 00:00:00'), 'volume': np.int64(1551700)}, {'date': Timestamp('2025-10-31 00:00:00'), 'volume': np.int64(665200)}, {'date': Timestamp('2025-06-30 00:00:00'), 'volume': np.int64(635000)}]"
RFI,monthly,2025-12-31,3060800,151,5,5,False,0.71993414089145,"[{'date': Timestamp('2025-12-31 00:00:00'), 'volume': np.int64(3060800)}, {'date': Timestamp('2025-11-30 00:00:00'), 'volume': np.int64(1773700)}, {'date': Timestamp('2025-10-31 00:00:00'), 'volume': np.int64(1584100)}, {'date': Timestamp('2025-07-31 00:00:00'), 'volume': np.int64(1583900)}, {'date': Timestamp('2025-06-30 00:00:00'), 'volume': np.int64(1043400)}]"
OMC,monthly,2025-12-31,126124900,151,3,3,True,1.0,"[{'date': Timestamp('2025-12-31 00:00:00'), 'volume': np.int64(126124900)}, {'date': Timestamp('2025-07-31 00:00:00'), 'volume': np.int64(101571000)}, {'date': Timestamp('2025-06-30 00:00:00'), 'volume': np.int64(100013400)}]"
NMT,monthly,2025-12-31,707700,151,3,3,False,0.8794581831738536,"[{'date': Timestamp('2025-12-31 00:00:00'), 'volume': np.int64(707700)}, {'date': Timestamp('2025-07-31 00:00:00'), 'volume': np.int64(465000)}, {'date': Timestamp('2025-06-30 00:00:00'), 'volume': np.int64(373700)}]"
MMD,monthly,2025-12-31,3154300,151,3,3,False,0.6782128190242749,"[{'date': Timestamp('2025-12-31 00:00:00'), 'volume': np.int64(3154300)}, {'date': Timestamp('2025-07-31 00:00:00'), 'volume': np.int64(1418400)}, {'date': Timestamp('2025-06-30 00:00:00'), 'volume': np.int64(1177400)}]"
WAFDP,monthly,2025-12-31,875100,151,3,3,False,0.1205521345621358,"[{'date': Timestamp('2025-12-31 00:00:00'), 'volume': np.int64(875100)}, {'date': Timestamp('2025-09-30 00:00:00'), 'volume': np.int64(790100)}, {'date': Timestamp('2025-06-30 00:00:00'), 'volume': np.int64(407900)}]"
OZ,monthly,2025-12-31,503100,151,5,5,False,0.22675440573308694,"[{'date': Timestamp('2025-12-31 00:00:00'), 'volume': np.int64(503100)}, {'date': Timestamp('2025-09-30 00:00:00'), 'volume': np.int64(179300)}, {'date': Timestamp('2025-08-31 00:00:00'), 'volume': np.int64(141600)}, {'date': Timestamp('2025-07-31 00:00:00'), 'volume': np.int64(44600)}, {'date': Timestamp('2025-06-30 00:00:00'), 'volume': np.int64(35800)}]"
DSM,monthly,2025-12-31,4344700,151,3,3,False,0.7032762472077438,"[{'date': Timestamp('2025-12-31 00:00:00'), 'volume': np.int64(4344700)}, {'date': Timestamp('2025-11-30 00:00:00'), 'volume': np.int64(2600800)}, {'date': Timestamp('2025-06-30 00:00:00'), 'volume': np.int64(2584700)}]"
NPV,monthly,2025-12-31,1613500,151,4,4,True,1.0,"[{'date': Timestamp('2025-12-31 00:00:00'), 'volume': np.int64(1613500)}, {'date': Timestamp('2025-08-31 00:00:00'), 'volume': np.int64(1268900)}, {'date': Timestamp('2025-07-31 00:00:00'), 'volume': np.int64(922200)}, {'date': Timestamp('2025-06-30 00:00:00'), 'volume': np.int64(677300)}]"
GFS,monthly,2025-12-31,116226300,151,5,5,True,1.0,"[{'date': Timestamp('2025-12-31 00:00:00'), 'volume': np.int64(116226300)}, {'date': Timestamp('2025-09-30 00:00:00'), 'volume': np.int64(75779500)}, {'date': Timestamp('2025-08-31 00:00:00'), 'volume': np.int64(62083500)}, {'date': Timestamp('2025-07-31 00:00:00'), 'volume': np.int64(35205100)}, {'date': Timestamp('2025-06-30 00:00:00'), 'volume': np.int64(31325700)}]"
RGR,monthly,2025-12-31,9780500,151,3,3,False,0.9501811858199023,"[{'date': Timestamp('2025-12-31 00:00:00'), 'volume': np.int64(9780500)}, {'date': Timestamp('2025-09-30 00:00:00'), 'volume': np.int64(6192400)}, {'date': Timestamp('2025-06-30 00:00:00'), 'volume': np.int64(4147500)}]"
NVG,monthly,2025-12-31,16383400,151,4,4,False,0.57438252668852,"[{'date': Timestamp('2025-12-31 00:00:00'), 'volume': np.int64(16383400)}, {'date': Timestamp('2025-09-30 00:00:00'), 'volume': np.int64(12246700)}, {'date': Timestamp('2025-07-31 00:00:00'), 'volume': np.int64(10604000)}, {'date': Timestamp('2025-06-30 00:00:00'), 'volume': np.int64(8058200)}]"
ETX,monthly,2025-12-31,698200,151,4,4,False,0.5681503783871755,"[{'date': Timestamp('2025-12-31 00:00:00'), 'volume': np.int64(698200)}, {'date': Timestamp('2025-10-31 00:00:00'), 'volume': np.int64(617900)}, {'date': Timestamp('2025-08-31 00:00:00'), 'volume': np.int64(605400)}, {'date': Timestamp('2025-06-30 00:00:00'), 'volume': np.int64(580000)}]"
WHF,monthly,2025-12-31,5288100,151,3,3,False,0.7734985226574613,"[{'date': Timestamp('2025-12-31 00:00:00'), 'volume': np.int64(5288100)}, {'date': Timestamp('2025-09-30 00:00:00'), 'volume': np.int64(3506500)}, {'date': Timestamp('2025-06-30 00:00:00'), 'volume': np.int64(2137400)}]"
DTE,monthly,2025-12-31,36407600,151,3,3,False,0.5573647587960973,"[{'date': Timestamp('2025-12-31 00:00:00'), 'volume': np.int64(36407600)}, {'date': Timestamp('2025-07-31 00:00:00'), 'volume': np.int64(33468500)}, {'date': Timestamp('2025-06-30 00:00:00'), 'volume': np.int64(27532100)}]"
FINS,monthly,2025-12-31,1963000,151,2,2,False,0.4716482460355598,"[{'date': Timestamp('2025-12-31 00:00:00'), 'volume': np.int64(1963000)}, {'date': Timestamp('2025-06-30 00:00:00'), 'volume': np.int64(1230900)}]"
DTG,monthly,2025-12-31,1028200,151,3,3,False,0.4027418723070897,"[{'date': Timestamp('2025-12-31 00:00:00'), 'volume': np.int64(1028200)}, {'date': Timestamp('2025-08-31 00:00:00'), 'volume': np.int64(719000)}, {'date': Timestamp('2025-06-30 00:00:00'), 'volume': np.int64(532900)}]"
CNK,monthly,2025-12-31,96550400,151,3,3,False,0.38475798802891553,"[{'date': Timestamp('2025-12-31 00:00:00'), 'volume': np.int64(96550400)}, {'date': Timestamp('2025-07-31 00:00:00'), 'volume': np.int64(96310600)}, {'date': Timestamp('2025-06-30 00:00:00'), 'volume': np.int64(94094000)}]"
ORRF,monthly,2025-12-31,7135300,151,3,3,True,1.0,"[{'date': Timestamp('2025-12-31 00:00:00'), 'volume': np.int64(7135300)}, {'date': Timestamp('2025-07-31 00:00:00'), 'volume': np.int64(4138200)}, {'date': Timestamp('2025-06-30 00:00:00'), 'volume': np.int64(3028000)}]"
FIBK,monthly,2025-12-31,41288800,151,2,2,True,1.0,"[{'date': Timestamp('2025-12-31 00:00:00'), 'volume': np.int64(41288800)}, {'date': Timestamp('2025-06-30 00:00:00'), 'volume': np.int64(22237400)}]"
SCVL,monthly,2025-12-31,17035600,151,3,3,True,1.0,"[{'date': Timestamp('2025-12-31 00:00:00'), 'volume': np.int64(17035600)}, {'date': Timestamp('2025-09-30 00:00:00'), 'volume': np.int64(11149700)}, {'date': Timestamp('2025-06-30 00:00:00'), 'volume': np.int64(10760000)}]"
FGSN,monthly,2025-12-31,1532200,151,2,2,False,0.21886070163409896,"[{'date': Timestamp('2025-12-31 00:00:00'), 'volume': np.int64(1532200)}, {'date': Timestamp('2025-06-30 00:00:00'), 'volume': np.int64(1008000)}]"
ARES,monthly,2025-12-31,108205100,151,5,5,True,1.0,"[{'date': Timestamp('2025-12-31 00:00:00'), 'volume': np.int64(108205100)}, {'date': Timestamp('2025-10-31 00:00:00'), 'volume': np.int64(53754200)}, {'date': Timestamp('2025-09-30 00:00:00'), 'volume': np.int64(32939600)}, {'date': Timestamp('2025-07-31 00:00:00'), 'volume': np.int64(30744100)}, {'date': Timestamp('2025-06-30 00:00:00'), 'volume': np.int64(29056500)}]"
EICA,monthly,2025-12-31,119900,151,3,3,False,0.13940239507034066,"[{'date': Timestamp('2025-12-31 00:00:00'), 'volume': np.int64(119900)}, {'date': Timestamp('2025-07-31 00:00:00'), 'volume': np.int64(66900)}, {'date': Timestamp('2025-06-30 00:00:00'), 'volume': np.int64(37900)}]"
PMTU,monthly,2025-12-31,70700,151,3,3,False,0.13838324525347426,"[{'date': Timestamp('2025-12-31 00:00:00'), 'volume': np.int64(70700)}, {'date': Timestamp('2025-09-30 00:00:00'), 'volume': np.int64(62300)}, {'date': Timestamp('2025-06-30 00:00:00'), 'volume': np.int64(51100)}]"
VOXR,monthly,2025-12-31,15645300,151,3,3,True,1.0,"[{'date': Timestamp('2025-12-31 00:00:00'), 'volume': np.int64(15645300)}, {'date': Timestamp('2025-10-31 00:00:00'), 'volume': np.int64(14307400)}, {'date': Timestamp('2025-06-30 00:00:00'), 'volume': np.int64(13570600)}]"
BBN,monthly,2025-12-31,10971900,151,5,5,False,0.7555208197048677,"[{'date': Timestamp('2025-12-31 00:00:00'), 'volume': np.int64(10971900)}, {'date': Timestamp('2025-11-30 00:00:00'), 'volume': np.int64(6113500)}, {'date': Timestamp('2025-08-31 00:00:00'), 'volume': np.int64(3398900)}, {'date': Timestamp('2025-07-31 00:00:00'), 'volume': np.int64(3177700)}, {'date': Timestamp('2025-06-30 00:00:00'), 'volume': np.int64(2912700)}]"
III,monthly,2025-12-31,7237000,151,4,4,False,0.4539751841118095,"[{'date': Timestamp('2025-12-31 00:00:00'), 'volume': np.int64(7237000)}, {'date': Timestamp('2025-08-31 00:00:00'), 'volume': np.int64(5651400)}, {'date': Timestamp('2025-07-31 00:00:00'), 'volume': np.int64(4979700)}, {'date': Timestamp('2025-06-30 00:00:00'), 'volume': np.int64(3979600)}]"
JFR,monthly,2025-12-31,27523500,151,5,5,True,1.0,"[{'date': Timestamp('2025-12-31 00:00:00'), 'volume': np.int64(27523500)}, {'date': Timestamp('2025-10-31 00:00:00'), 'volume': np.int64(17691900)}, {'date': Timestamp('2025-09-30 00:00:00'), 'volume': np.int64(14271300)}, {'date': Timestamp('2025-07-31 00:00:00'), 'volume': np.int64(11466500)}, {'date': Timestamp('2025-06-30 00:00:00'), 'volume': np.int64(10974600)}]"
DTW,monthly,2025-12-31,843700,151,3,3,False,0.2569827297371387,"[{'date': Timestamp('2025-12-31 00:00:00'), 'volume': np.int64(843700)}, {'date': Timestamp('2025-07-31 00:00:00'), 'volume': np.int64(571400)}, {'date': Timestamp('2025-06-30 00:00:00'), 'volume': np.int64(486000)}]"
EFT,monthly,2025-12-31,4148900,151,4,4,False,0.37717272727272727,"[{'date': Timestamp('2025-12-31 00:00:00'), 'volume': np.int64(4148900)}, {'date': Timestamp('2025-10-31 00:00:00'), 'volume': np.int64(2939800)}, {'date': Timestamp('2025-09-30 00:00:00'), 'volume': np.int64(2063500)}, {'date': Timestamp('2025-06-30 00:00:00'), 'volume': np.int64(1814800)}]"
NX,monthly,2025-12-31,24898700,151,3,3,True,1.0,"[{'date': Timestamp('2025-12-31 00:00:00'), 'volume': np.int64(24898700)}, {'date': Timestamp('2025-09-30 00:00:00'), 'volume': np.int64(17577000)}, {'date': Timestamp('2025-06-30 00:00:00'), 'volume': np.int64(11568300)}]"
UG,monthly,2025-12-31,292500,151,4,4,False,0.6608676005422504,"[{'date': Timestamp('2025-12-31 00:00:00'), 'volume': np.int64(292500)}, {'date': Timestamp('2025-11-30 00:00:00'), 'volume': np.int64(274900)}, {'date': Timestamp('2025-07-31 00:00:00'), 'volume': np.int64(262200)}, {'date': Timestamp('2025-06-30 00:00:00'), 'volume': np.int64(73400)}]"
APD,monthly,2025-12-31,42328600,151,4,4,False,0.8221444442717963,"[{'date': Timestamp('2025-12-31 00:00:00'), 'volume': np.int64(42328600)}, {'date': Timestamp('2025-11-30 00:00:00'), 'volume': np.int64(26839700)}, {'date': Timestamp('2025-10-31 00:00:00'), 'volume': np.int64(25976300)}, {'date': Timestamp('2025-06-30 00:00:00'), 'volume': np.int64(25822800)}]"
DGII,monthly,2025-12-31,6746000,151,6,6,False,0.6635649154559673,"[{'date': Timestamp('2025-12-31 00:00:00'), 'volume': np.int64(6746000)}, {'date': Timestamp('2025-11-30 00:00:00'), 'volume': np.int64(4854400)}, {'date': Timestamp('2025-09-30 00:00:00'), 'volume': np.int64(4647100)}, {'date': Timestamp('2025-08-31 00:00:00'), 'volume': np.int64(4311700)}, {'date': Timestamp('2025-07-31 00:00:00'), 'volume': np.int64(3320000)}, {'date': Timestamp('2025-06-30 00:00:00'), 'volume': np.int64(3007000)}]"
NCDL,monthly,2025-12-31,8012600,151,3,3,True,1.0,"[{'date': Timestamp('2025-12-31 00:00:00'), 'volume': np.int64(8012600)}, {'date': Timestamp('2025-10-31 00:00:00'), 'volume': np.int64(6138100)}, {'date': Timestamp('2025-06-30 00:00:00'), 'volume': np.int64(5416100)}]"
MGR,monthly,2025-12-31,829200,151,3,3,False,0.766854711920836,"[{'date': Timestamp('2025-12-31 00:00:00'), 'volume': np.int64(829200)}, {'date': Timestamp('2025-07-31 00:00:00'), 'volume': np.int64(659700)}, {'date': Timestamp('2025-06-30 00:00:00'), 'volume': np.int64(476800)}]"
AMG,monthly,2025-12-31,9605500,151,4,4,False,0.44443159209734884,"[{'date': Timestamp('2025-12-31 00:00:00'), 'volume': np.int64(9605500)}, {'date': Timestamp('2025-11-30 00:00:00'), 'volume': np.int64(6183800)}, {'date': Timestamp('2025-07-31 00:00:00'), 'volume': np.int64(4927200)}, {'date': Timestamp('2025-06-30 00:00:00'), 'volume': np.int64(4049100)}]"
JCTC,monthly,2025-12-31,674900,151,4,4,True,1.0,"[{'date': Timestamp('2025-12-31 00:00:00'), 'volume': np.int64(674900)}, {'date': Timestamp('2025-09-30 00:00:00'), 'volume': np.int64(361000)}, {'date': Timestamp('2025-07-31 00:00:00'), 'volume': np.int64(350300)}, {'date': Timestamp('2025-06-30 00:00:00'), 'volume': np.int64(62600)}]"
MAA,monthly,2025-12-31,22569000,151,3,3,False,0.8270001685586768,"[{'date': Timestamp('2025-12-31 00:00:00'), 'volume': np.int64(22569000)}, {'date': Timestamp('2025-10-31 00:00:00'), 'volume': np.int64(22567200)}, {'date': Timestamp('2025-06-30 00:00:00'), 'volume': np.int64(21366500)}]"
CXE,monthly,2025-12-31,3331500,151,4,4,False,0.7267194555330149,"[{'date': Timestamp('2025-12-31 00:00:00'), 'volume': np.int64(3331500)}, {'date': Timestamp('2025-11-30 00:00:00'), 'volume': np.int64(2022000)}, {'date': Timestamp('2025-07-31 00:00:00'), 'volume': np.int64(1994800)}, {'date': Timestamp('2025-06-30 00:00:00'), 'volume': np.int64(1531700)}]"
DMLP,monthly,2025-12-31,4525400,151,4,4,True,1.0,"[{'date': Timestamp('2025-12-31 00:00:00'), 'volume': np.int64(4525400)}, {'date': Timestamp('2025-11-30 00:00:00'), 'volume': np.int64(4462300)}, {'date': Timestamp('2025-08-31 00:00:00'), 'volume': np.int64(2971800)}, {'date': Timestamp('2025-06-30 00:00:00'), 'volume': np.int64(1837000)}]"
AVA,monthly,2025-12-31,17912500,151,4,4,False,0.5595470519328387,"[{'date': Timestamp('2025-12-31 00:00:00'), 'volume': np.int64(17912500)}, {'date': Timestamp('2025-08-31 00:00:00'), 'volume': np.int64(15552200)}, {'date': Timestamp('2025-07-31 00:00:00'), 'volume': np.int64(14647300)}, {'date': Timestamp('2025-06-30 00:00:00'), 'volume': np.int64(13348200)}]"
SELF,monthly,2025-12-31,1173600,151,4,4,False,0.3715570189324384,"[{'date': Timestamp('2025-12-31 00:00:00'), 'volume': np.int64(1173600)}, {'date': Timestamp('2025-08-31 00:00:00'), 'volume': np.int64(744200)}, {'date': Timestamp('2025-07-31 00:00:00'), 'volume': np.int64(587400)}, {'date': Timestamp('2025-06-30 00:00:00'), 'volume': np.int64(564200)}]"
SAIC,monthly,2025-12-31,16581300,151,2,2,False,0.6484415939931955,"[{'date': Timestamp('2025-12-31 00:00:00'), 'volume': np.int64(16581300)}, {'date': Timestamp('2025-06-30 00:00:00'), 'volume': np.int64(15804300)}]"
GRX,monthly,2025-12-31,1038300,151,5,5,False,0.45312909138517937,"[{'date': Timestamp('2025-12-31 00:00:00'), 'volume': np.int64(1038300)}, {'date': Timestamp('2025-09-30 00:00:00'), 'volume': np.int64(783900)}, {'date': Timestamp('2025-08-31 00:00:00'), 'volume': np.int64(696400)}, {'date': Timestamp('2025-07-31 00:00:00'), 'volume': np.int64(501400)}, {'date': Timestamp('2025-06-30 00:00:00'), 'volume': np.int64(462800)}]"
MEGI,monthly,2025-12-31,4867900,151,3,3,False,0.6239937445521202,"[{'date': Timestamp('2025-12-31 00:00:00'), 'volume': np.int64(4867900)}, {'date': Timestamp('2025-07-31 00:00:00'), 'volume': np.int64(4590200)}, {'date': Timestamp('2025-06-30 00:00:00'), 'volume': np.int64(2355400)}]"
JSM,monthly,2025-12-31,669500,151,3,3,False,0.5995880351065735,"[{'date': Timestamp('2025-12-31 00:00:00'), 'volume': np.int64(669500)}, {'date': Timestamp('2025-09-30 00:00:00'), 'volume': np.int64(367000)}, {'date': Timestamp('2025-06-30 00:00:00'), 'volume': np.int64(361500)}]"
MBINN,monthly,2025-12-31,501900,151,4,4,False,0.10570989279470924,"[{'date': Timestamp('2025-12-31 00:00:00'), 'volume': np.int64(501900)}, {'date': Timestamp('2025-11-30 00:00:00'), 'volume': np.int64(276100)}, {'date': Timestamp('2025-07-31 00:00:00'), 'volume': np.int64(235900)}, {'date': Timestamp('2025-06-30 00:00:00'), 'volume': np.int64(147900)}]"
PFH,monthly,2025-12-31,1384200,151,3,3,False,0.14592491856162434,"[{'date': Timestamp('2025-12-31 00:00:00'), 'volume': np.int64(1384200)}, {'date': Timestamp('2025-07-31 00:00:00'), 'volume': np.int64(857800)}, {'date': Timestamp('2025-06-30 00:00:00'), 'volume': np.int64(843700)}]"
DSL,monthly,2025-12-31,18319400,151,4,4,False,0.5799021857837008,"[{'date': Timestamp('2025-12-31 00:00:00'), 'volume': np.int64(18319400)}, {'date': Timestamp('2025-10-31 00:00:00'), 'volume': np.int64(14605100)}, {'date': Timestamp('2025-07-31 00:00:00'), 'volume': np.int64(9398100)}, {'date': Timestamp('2025-06-30 00:00:00'), 'volume': np.int64(6815100)}]"
PMO,monthly,2025-12-31,2292200,151,3,3,False,0.4666340947029844,"[{'date': Timestamp('2025-12-31 00:00:00'), 'volume': np.int64(2292200)}, {'date': Timestamp('2025-08-31 00:00:00'), 'volume': np.int64(1722600)}, {'date': Timestamp('2025-06-30 00:00:00'), 'volume': np.int64(1355400)}]"
AEE,monthly,2025-12-31,43219200,151,3,3,False,0.7148040950664043,"[{'date': Timestamp('2025-12-31 00:00:00'), 'volume': np.int64(43219200)}, {'date': Timestamp('2025-10-31 00:00:00'), 'volume': np.int64(39306700)}, {'date': Timestamp('2025-06-30 00:00:00'), 'volume': np.int64(36272900)}]"
IIPR,monthly,2025-12-31,11147900,151,4,4,False,0.7438082147908938,"[{'date': Timestamp('2025-12-31 00:00:00'), 'volume': np.int64(11147900)}, {'date': Timestamp('2025-08-31 00:00:00'), 'volume': np.int64(8138900)}, {'date': Timestamp('2025-07-31 00:00:00'), 'volume': np.int64(5725600)}, {'date': Timestamp('2025-06-30 00:00:00'), 'volume': np.int64(5249300)}]"
ERC,monthly,2025-12-31,2810100,151,3,3,False,0.42577272727272725,"[{'date': Timestamp('2025-12-31 00:00:00'), 'volume': np.int64(2810100)}, {'date': Timestamp('2025-07-31 00:00:00'), 'volume': np.int64(2723500)}, {'date': Timestamp('2025-06-30 00:00:00'), 'volume': np.int64(1561900)}]"
EOD,monthly,2025-12-31,4206500,151,4,4,False,0.6276390981931037,"[{'date': Timestamp('2025-12-31 00:00:00'), 'volume': np.int64(4206500)}, {'date': Timestamp('2025-10-31 00:00:00'), 'volume': np.int64(3539600)}, {'date': Timestamp('2025-07-31 00:00:00'), 'volume': np.int64(3526000)}, {'date': Timestamp('2025-06-30 00:00:00'), 'volume': np.int64(2312300)}]"
CGCT,monthly,2025-12-31,10025300,151,4,4,True,1.0,"[{'date': Timestamp('2025-12-31 00:00:00'), 'volume': np.int64(10025300)}, {'date': Timestamp('2025-08-31 00:00:00'), 'volume': np.int64(2367200)}, {'date': Timestamp('2025-07-31 00:00:00'), 'volume': np.int64(1718500)}, {'date': Timestamp('2025-06-30 00:00:00'), 'volume': np.int64(859600)}]"
FCO,monthly,2025-09-30,6354600,151,4,4,True,1.0,"[{'date': Timestamp('2025-09-30 00:00:00'), 'volume': np.int64(6354600)}, {'date': Timestamp('2025-05-31 00:00:00'), 'volume': np.int64(1789500)}, {'date': Timestamp('2025-04-30 00:00:00'), 'volume': np.int64(1625500)}, {'date': Timestamp('2025-03-31 00:00:00'), 'volume': np.int64(1297600)}]"
BIRK,monthly,2025-12-31,63503300,151,5,5,True,1.0,"[{'date': Timestamp('2025-12-31 00:00:00'), 'volume': np.int64(63503300)}, {'date': Timestamp('2025-10-31 00:00:00'), 'volume': np.int64(47416600)}, {'date': Timestamp('2025-09-30 00:00:00'), 'volume': np.int64(45997000)}, {'date': Timestamp('2025-07-31 00:00:00'), 'volume': np.int64(44284400)}, {'date': Timestamp('2025-06-30 00:00:00'), 'volume': np.int64(41304200)}]"
MSI,monthly,2025-12-31,34592200,151,4,4,False,0.8371072150229288,"[{'date': Timestamp('2025-12-31 00:00:00'), 'volume': np.int64(34592200)}, {'date': Timestamp('2025-11-30 00:00:00'), 'volume': np.int64(31324500)}, {'date': Timestamp('2025-08-31 00:00:00'), 'volume': np.int64(22612200)}, {'date': Timestamp('2025-06-30 00:00:00'), 'volume': np.int64(18443400)}]"
OXLCI,monthly,2025-12-31,253900,151,4,4,False,0.1452434071277387,"[{'date': Timestamp('2025-12-31 00:00:00'), 'volume': np.int64(253900)}, {'date': Timestamp('2025-08-31 00:00:00'), 'volume': np.int64(243800)}, {'date': Timestamp('2025-07-31 00:00:00'), 'volume': np.int64(126900)}, {'date': Timestamp('2025-06-30 00:00:00'), 'volume': np.int64(123400)}]"
WLY,monthly,2025-12-31,15650882,151,2,2,False,0.7167329954604736,"[{'date': Timestamp('2025-12-31 00:00:00'), 'volume': np.int64(15650882)}, {'date': Timestamp('2025-06-30 00:00:00'), 'volume': np.int64(13360305)}]"
FDUS,monthly,2025-12-31,8836000,151,3,3,False,0.8452671354091931,"[{'date': Timestamp('2025-12-31 00:00:00'), 'volume': np.int64(8836000)}, {'date': Timestamp('2025-09-30 00:00:00'), 'volume': np.int64(5454300)}, {'date': Timestamp('2025-06-30 00:00:00'), 'volume': np.int64(4256400)}]"
EICC,monthly,2025-09-30,947500,151,5,5,True,1.0,"[{'date': Timestamp('2025-09-30 00:00:00'), 'volume': np.int64(947500)}, {'date': Timestamp('2025-08-31 00:00:00'), 'volume': np.int64(804700)}, {'date': Timestamp('2025-07-31 00:00:00'), 'volume': np.int64(697900)}, {'date': Timestamp('2025-04-30 00:00:00'), 'volume': np.int64(638400)}, {'date': Timestamp('2025-03-31 00:00:00'), 'volume': np.int64(567700)}]"
MWA,monthly,2025-12-31,30224000,151,2,2,False,0.35935519616865347,"[{'date': Timestamp('2025-12-31 00:00:00'), 'volume': np.int64(30224000)}, {'date': Timestamp('2025-06-30 00:00:00'), 'volume': np.int64(29790300)}]"
AMWL,monthly,2025-12-31,2908600,151,6,6,False,0.5482318082263045,"[{'date': Timestamp('2025-12-31 00:00:00'), 'volume': np.int64(2908600)}, {'date': Timestamp('2025-11-30 00:00:00'), 'volume': np.int64(2573100)}, {'date': Timestamp('2025-10-31 00:00:00'), 'volume': np.int64(2162700)}, {'date': Timestamp('2025-09-30 00:00:00'), 'volume': np.int64(1453800)}, {'date': Timestamp('2025-07-31 00:00:00'), 'volume': np.int64(1281300)}, {'date': Timestamp('2025-06-30 00:00:00'), 'volume': np.int64(730600)}]"
RADX,monthly,2025-12-31,43118900,151,3,3,True,1.0,"[{'date': Timestamp('2025-12-31 00:00:00'), 'volume': np.int64(43118900)}, {'date': Timestamp('2025-08-31 00:00:00'), 'volume': np.int64(949100)}, {'date': Timestamp('2025-06-30 00:00:00'), 'volume': np.int64(417000)}]"
ASH,monthly,2025-12-31,21267500,151,5,5,True,1.0,"[{'date': Timestamp('2025-12-31 00:00:00'), 'volume': np.int64(21267500)}, {'date': Timestamp('2025-11-30 00:00:00'), 'volume': np.int64(17426700)}, {'date': Timestamp('2025-10-31 00:00:00'), 'volume': np.int64(14562700)}, {'date': Timestamp('2025-09-30 00:00:00'), 'volume': np.int64(13524400)}, {'date': Timestamp('2025-06-30 00:00:00'), 'volume': np.int64(11543500)}]"
FFIC,monthly,2025-12-31,9670700,151,3,3,False,0.9524592747257077,"[{'date': Timestamp('2025-12-31 00:00:00'), 'volume': np.int64(9670700)}, {'date': Timestamp('2025-07-31 00:00:00'), 'volume': np.int64(6843100)}, {'date': Timestamp('2025-06-30 00:00:00'), 'volume': np.int64(4644900)}]"
BRX,monthly,2025-12-31,63467300,151,4,4,False,0.5535666314294785,"[{'date': Timestamp('2025-12-31 00:00:00'), 'volume': np.int64(63467300)}, {'date': Timestamp('2025-10-31 00:00:00'), 'volume': np.int64(55235900)}, {'date': Timestamp('2025-07-31 00:00:00'), 'volume': np.int64(55178600)}, {'date': Timestamp('2025-06-30 00:00:00'), 'volume': np.int64(46134700)}]"
UFI,monthly,2025-12-31,2014300,151,5,5,False,0.25019873801361353,"[{'date': Timestamp('2025-12-31 00:00:00'), 'volume': np.int64(2014300)}, {'date': Timestamp('2025-11-30 00:00:00'), 'volume': np.int64(1277200)}, {'date': Timestamp('2025-10-31 00:00:00'), 'volume': np.int64(1204200)}, {'date': Timestamp('2025-08-31 00:00:00'), 'volume': np.int64(1096400)}, {'date': Timestamp('2025-06-30 00:00:00'), 'volume': np.int64(918200)}]"
CZNC,monthly,2025-12-31,1657300,151,4,4,True,1.0,"[{'date': Timestamp('2025-12-31 00:00:00'), 'volume': np.int64(1657300)}, {'date': Timestamp('2025-10-31 00:00:00'), 'volume': np.int64(1038500)}, {'date': Timestamp('2025-08-31 00:00:00'), 'volume': np.int64(1031800)}, {'date': Timestamp('2025-06-30 00:00:00'), 'volume': np.int64(722800)}]"
CARR,monthly,2025-12-31,167516300,151,5,5,False,0.35792597486343514,"[{'date': Timestamp('2025-12-31 00:00:00'), 'volume': np.int64(167516300)}, {'date': Timestamp('2025-10-31 00:00:00'), 'volume': np.int64(152065400)}, {'date': Timestamp('2025-09-30 00:00:00'), 'volume': np.int64(126023500)}, {'date': Timestamp('2025-07-31 00:00:00'), 'volume': np.int64(106550800)}, {'date': Timestamp('2025-06-30 00:00:00'), 'volume': np.int64(91392900)}]"
PSF,monthly,2025-12-31,1101800,151,4,4,False,0.6254186297326446,"[{'date': Timestamp('2025-12-31 00:00:00'), 'volume': np.int64(1101800)}, {'date': Timestamp('2025-09-30 00:00:00'), 'volume': np.int64(963800)}, {'date': Timestamp('2025-07-31 00:00:00'), 'volume': np.int64(681600)}, {'date': Timestamp('2025-06-30 00:00:00'), 'volume': np.int64(499900)}]"
SOJC,monthly,2025-12-31,821300,151,2,2,False,0.5547075509928407,"[{'date': Timestamp('2025-12-31 00:00:00'), 'volume': np.int64(821300)}, {'date': Timestamp('2025-06-30 00:00:00'), 'volume': np.int64(624500)}]"
DY,monthly,2025-12-31,12259500,151,3,3,False,0.4559045015897808,"[{'date': Timestamp('2025-12-31 00:00:00'), 'volume': np.int64(12259500)}, {'date': Timestamp('2025-08-31 00:00:00'), 'volume': np.int64(9496900)}, {'date': Timestamp('2025-06-30 00:00:00'), 'volume': np.int64(7129300)}]"
FLEX,monthly,2025-12-31,141091700,151,2,2,False,0.7190551681027934,"[{'date': Timestamp('2025-12-31 00:00:00'), 'volume': np.int64(141091700)}, {'date': Timestamp('2025-06-30 00:00:00'), 'volume': np.int64(104638100)}]"
MGRE,monthly,2025-12-31,1056500,151,3,3,False,0.1625184592665518,"[{'date': Timestamp('2025-12-31 00:00:00'), 'volume': np.int64(1056500)}, {'date': Timestamp('2025-07-31 00:00:00'), 'volume': np.int64(722900)}, {'date': Timestamp('2025-06-30 00:00:00'), 'volume': np.int64(690500)}]"
BTX,monthly,2025-12-31,20144500,151,4,4,False,0.22499877138351151,"[{'date': Timestamp('2025-12-31 00:00:00'), 'volume': np.int64(20144500)}, {'date': Timestamp('2025-10-31 00:00:00'), 'volume': np.int64(19611200)}, {'date': Timestamp('2025-09-30 00:00:00'), 'volume': np.int64(18027000)}, {'date': Timestamp('2025-06-30 00:00:00'), 'volume': np.int64(14257000)}]"
DRI,monthly,2025-12-31,38202800,151,2,2,False,0.328501052932087,"[{'date': Timestamp('2025-12-31 00:00:00'), 'volume': np.int64(38202800)}, {'date': Timestamp('2025-06-30 00:00:00'), 'volume': np.int64(33332700)}]"
ALSN,monthly,2025-12-31,21992500,151,4,4,False,0.5507873936868257,"[{'date': Timestamp('2025-12-31 00:00:00'), 'volume': np.int64(21992500)}, {'date': Timestamp('2025-08-31 00:00:00'), 'volume': np.int64(21410500)}, {'date': Timestamp('2025-07-31 00:00:00'), 'volume': np.int64(20105300)}, {'date': Timestamp('2025-06-30 00:00:00'), 'volume': np.int64(16554700)}]"
ZTR,monthly,2025-12-31,7508300,151,4,4,False,0.7068498051251153,"[{'date': Timestamp('2025-12-31 00:00:00'), 'volume': np.int64(7508300)}, {'date': Timestamp('2025-10-31 00:00:00'), 'volume': np.int64(5980500)}, {'date': Timestamp('2025-07-31 00:00:00'), 'volume': np.int64(4510100)}, {'date': Timestamp('2025-06-30 00:00:00'), 'volume': np.int64(3194900)}]"
CURB,monthly,2025-12-31,18330900,151,4,4,False,0.5777824706946603,"[{'date': Timestamp('2025-12-31 00:00:00'), 'volume': np.int64(18330900)}, {'date': Timestamp('2025-10-31 00:00:00'), 'volume': np.int64(15542200)}, {'date': Timestamp('2025-07-31 00:00:00'), 'volume': np.int64(13429500)}, {'date': Timestamp('2025-06-30 00:00:00'), 'volume': np.int64(11500200)}]"
CCRN,monthly,2025-12-31,33149500,151,3,3,True,1.0,"[{'date': Timestamp('2025-12-31 00:00:00'), 'volume': np.int64(33149500)}, {'date': Timestamp('2025-09-30 00:00:00'), 'volume': np.int64(9590300)}, {'date': Timestamp('2025-06-30 00:00:00'), 'volume': np.int64(5534900)}]"
LINE,monthly,2025-12-31,44762200,151,6,6,True,1.0,"[{'date': Timestamp('2025-12-31 00:00:00'), 'volume': np.int64(44762200)}, {'date': Timestamp('2025-11-30 00:00:00'), 'volume': np.int64(30291300)}, {'date': Timestamp('2025-09-30 00:00:00'), 'volume': np.int64(28505700)}, {'date': Timestamp('2025-08-31 00:00:00'), 'volume': np.int64(26733600)}, {'date': Timestamp('2025-07-31 00:00:00'), 'volume': np.int64(22322400)}, {'date': Timestamp('2025-06-30 00:00:00'), 'volume': np.int64(18082200)}]"
WRB,monthly,2025-12-31,84672000,151,4,4,True,1.0,"[{'date': Timestamp('2025-12-31 00:00:00'), 'volume': np.int64(84672000)}, {'date': Timestamp('2025-10-31 00:00:00'), 'volume': np.int64(71670900)}, {'date': Timestamp('2025-07-31 00:00:00'), 'volume': np.int64(52714300)}, {'date': Timestamp('2025-06-30 00:00:00'), 'volume': np.int64(32017700)}]"
AFB,monthly,2025-12-31,2958600,151,5,5,False,0.7475553983374182,"[{'date': Timestamp('2025-12-31 00:00:00'), 'volume': np.int64(2958600)}, {'date': Timestamp('2025-10-31 00:00:00'), 'volume': np.int64(2578200)}, {'date': Timestamp('2025-08-31 00:00:00'), 'volume': np.int64(1744800)}, {'date': Timestamp('2025-07-31 00:00:00'), 'volume': np.int64(1700600)}, {'date': Timestamp('2025-06-30 00:00:00'), 'volume': np.int64(1429800)}]"
FCT,monthly,2025-12-31,4367900,151,5,5,False,0.8200011264009612,"[{'date': Timestamp('2025-12-31 00:00:00'), 'volume': np.int64(4367900)}, {'date': Timestamp('2025-10-31 00:00:00'), 'volume': np.int64(3273800)}, {'date': Timestamp('2025-09-30 00:00:00'), 'volume': np.int64(3083900)}, {'date': Timestamp('2025-07-31 00:00:00'), 'volume': np.int64(2723900)}, {'date': Timestamp('2025-06-30 00:00:00'), 'volume': np.int64(2350400)}]"
CRD-A,monthly,2025-12-31,1702900,151,3,3,False,0.42110339029155025,"[{'date': Timestamp('2025-12-31 00:00:00'), 'volume': np.int64(1702900)}, {'date': Timestamp('2025-08-31 00:00:00'), 'volume': np.int64(1539000)}, {'date': Timestamp('2025-06-30 00:00:00'), 'volume': np.int64(1280300)}]"
PDLB,monthly,2025-12-31,2149300,151,5,5,False,0.4316383500020083,"[{'date': Timestamp('2025-12-31 00:00:00'), 'volume': np.int64(2149300)}, {'date': Timestamp('2025-11-30 00:00:00'), 'volume': np.int64(1468900)}, {'date': Timestamp('2025-10-31 00:00:00'), 'volume': np.int64(1055400)}, {'date': Timestamp('2025-07-31 00:00:00'), 'volume': np.int64(860500)}, {'date': Timestamp('2025-06-30 00:00:00'), 'volume': np.int64(802400)}]"
VAC,monthly,2025-12-31,17579100,151,3,3,False,0.847132468809183,"[{'date': Timestamp('2025-12-31 00:00:00'), 'volume': np.int64(17579100)}, {'date': Timestamp('2025-11-30 00:00:00'), 'volume': np.int64(16210100)}, {'date': Timestamp('2025-06-30 00:00:00'), 'volume': np.int64(14924600)}]"
TVC,monthly,2025-12-31,710200,151,2,2,False,0.551140772931864,"[{'date': Timestamp('2025-12-31 00:00:00'), 'volume': np.int64(710200)}, {'date': Timestamp('2025-06-30 00:00:00'), 'volume': np.int64(550100)}]"
GEF-B,monthly,2025-12-31,805800,151,2,2,False,0.8929521276595744,"[{'date': Timestamp('2025-12-31 00:00:00'), 'volume': np.int64(805800)}, {'date': Timestamp('2025-06-30 00:00:00'), 'volume': np.int64(353400)}]"
NXDR,monthly,2025-12-31,261310000,151,3,3,True,1.0,"[{'date': Timestamp('2025-12-31 00:00:00'), 'volume': np.int64(261310000)}, {'date': Timestamp('2025-07-31 00:00:00'), 'volume': np.int64(53274800)}, {'date': Timestamp('2025-06-30 00:00:00'), 'volume': np.int64(43910300)}]"
KELYA,monthly,2025-12-31,12219900,151,5,5,False,0.4853095362912834,"[{'date': Timestamp('2025-12-31 00:00:00'), 'volume': np.int64(12219900)}, {'date': Timestamp('2025-11-30 00:00:00'), 'volume': np.int64(11099100)}, {'date': Timestamp('2025-08-31 00:00:00'), 'volume': np.int64(7213500)}, {'date': Timestamp('2025-07-31 00:00:00'), 'volume': np.int64(6287900)}, {'date': Timestamp('2025-06-30 00:00:00'), 'volume': np.int64(5316900)}]"
ACM,monthly,2025-12-31,32591900,151,4,4,False,0.40368634940924525,"[{'date': Timestamp('2025-12-31 00:00:00'), 'volume': np.int64(32591900)}, {'date': Timestamp('2025-11-30 00:00:00'), 'volume': np.int64(27459500)}, {'date': Timestamp('2025-09-30 00:00:00'), 'volume': np.int64(22627100)}, {'date': Timestamp('2025-06-30 00:00:00'), 'volume': np.int64(20275000)}]"
SPXC,monthly,2025-12-31,16265700,151,4,4,True,1.0,"[{'date': Timestamp('2025-12-31 00:00:00'), 'volume': np.int64(16265700)}, {'date': Timestamp('2025-08-31 00:00:00'), 'volume': np.int64(11954200)}, {'date': Timestamp('2025-07-31 00:00:00'), 'volume': np.int64(5810100)}, {'date': Timestamp('2025-06-30 00:00:00'), 'volume': np.int64(4848300)}]"
AFGB,monthly,2025-12-31,281400,151,4,4,False,0.5717188134904511,"[{'date': Timestamp('2025-12-31 00:00:00'), 'volume': np.int64(281400)}, {'date': Timestamp('2025-09-30 00:00:00'), 'volume': np.int64(220300)}, {'date': Timestamp('2025-07-31 00:00:00'), 'volume': np.int64(213900)}, {'date': Timestamp('2025-06-30 00:00:00'), 'volume': np.int64(190300)}]"
NRK,monthly,2025-12-31,12830900,151,3,3,True,1.0,"[{'date': Timestamp('2025-12-31 00:00:00'), 'volume': np.int64(12830900)}, {'date': Timestamp('2025-07-31 00:00:00'), 'volume': np.int64(9168200)}, {'date': Timestamp('2025-06-30 00:00:00'), 'volume': np.int64(4536500)}]"
POLE,monthly,2025-12-31,3029000,151,3,3,True,1.0,"[{'date': Timestamp('2025-12-31 00:00:00'), 'volume': np.int64(3029000)}, {'date': Timestamp('2025-08-31 00:00:00'), 'volume': np.int64(772700)}, {'date': Timestamp('2025-06-30 00:00:00'), 'volume': np.int64(305200)}]"
NMS,monthly,2025-12-31,464100,151,5,5,False,0.8501557061732918,"[{'date': Timestamp('2025-12-31 00:00:00'), 'volume': np.int64(464100)}, {'date': Timestamp('2025-10-31 00:00:00'), 'volume': np.int64(381700)}, {'date': Timestamp('2025-09-30 00:00:00'), 'volume': np.int64(350800)}, {'date': Timestamp('2025-07-31 00:00:00'), 'volume': np.int64(326300)}, {'date': Timestamp('2025-06-30 00:00:00'), 'volume': np.int64(302300)}]"
RFM,monthly,2025-12-31,1015200,151,5,5,True,1.0,"[{'date': Timestamp('2025-12-31 00:00:00'), 'volume': np.int64(1015200)}, {'date': Timestamp('2025-09-30 00:00:00'), 'volume': np.int64(741300)}, {'date': Timestamp('2025-08-31 00:00:00'), 'volume': np.int64(584800)}, {'date': Timestamp('2025-07-31 00:00:00'), 'volume': np.int64(561100)}, {'date': Timestamp('2025-06-30 00:00:00'), 'volume': np.int64(501300)}]"
ATLCL,monthly,2025-12-31,1826700,151,3,3,True,1.0,"[{'date': Timestamp('2025-12-31 00:00:00'), 'volume': np.int64(1826700)}, {'date': Timestamp('2025-08-31 00:00:00'), 'volume': np.int64(520900)}, {'date': Timestamp('2025-06-30 00:00:00'), 'volume': np.int64(183600)}]"
CPAC,monthly,2025-12-31,4090800,151,4,4,True,1.0,"[{'date': Timestamp('2025-12-31 00:00:00'), 'volume': np.int64(4090800)}, {'date': Timestamp('2025-11-30 00:00:00'), 'volume': np.int64(566700)}, {'date': Timestamp('2025-07-31 00:00:00'), 'volume': np.int64(242600)}, {'date': Timestamp('2025-06-30 00:00:00'), 'volume': np.int64(65500)}]"
PNI,monthly,2025-12-31,2669000,151,4,4,True,1.0,"[{'date': Timestamp('2025-12-31 00:00:00'), 'volume': np.int64(2669000)}, {'date': Timestamp('2025-08-31 00:00:00'), 'volume': np.int64(1955500)}, {'date': Timestamp('2025-07-31 00:00:00'), 'volume': np.int64(863200)}, {'date': Timestamp('2025-06-30 00:00:00'), 'volume': np.int64(606000)}]"
GHI,monthly,2025-12-31,4454400,151,6,6,True,1.0,"[{'date': Timestamp('2025-12-31 00:00:00'), 'volume': np.int64(4454400)}, {'date': Timestamp('2025-11-30 00:00:00'), 'volume': np.int64(3315200)}, {'date': Timestamp('2025-10-31 00:00:00'), 'volume': np.int64(2653900)}, {'date': Timestamp('2025-08-31 00:00:00'), 'volume': np.int64(1240100)}, {'date': Timestamp('2025-07-31 00:00:00'), 'volume': np.int64(979900)}, {'date': Timestamp('2025-06-30 00:00:00'), 'volume': np.int64(940800)}]"
NBB,monthly,2025-12-31,1661700,151,4,4,False,0.29691771642991155,"[{'date': Timestamp('2025-12-31 00:00:00'), 'volume': np.int64(1661700)}, {'date': Timestamp('2025-08-31 00:00:00'), 'volume': np.int64(1563500)}, {'date': Timestamp('2025-07-31 00:00:00'), 'volume': np.int64(904600)}, {'date': Timestamp('2025-06-30 00:00:00'), 'volume': np.int64(846200)}]"
MSD,monthly,2025-12-31,3051900,151,5,5,False,0.6405902355064859,"[{'date': Timestamp('2025-12-31 00:00:00'), 'volume': np.int64(3051900)}, {'date': Timestamp('2025-09-30 00:00:00'), 'volume': np.int64(2537200)}, {'date': Timestamp('2025-08-31 00:00:00'), 'volume': np.int64(2115000)}, {'date': Timestamp('2025-07-31 00:00:00'), 'volume': np.int64(1832100)}, {'date': Timestamp('2025-06-30 00:00:00'), 'volume': np.int64(1262400)}]"
VVV,monthly,2025-12-31,61851600,151,3,3,False,0.7804204698299901,"[{'date': Timestamp('2025-12-31 00:00:00'), 'volume': np.int64(61851600)}, {'date': Timestamp('2025-11-30 00:00:00'), 'volume': np.int64(41615000)}, {'date': Timestamp('2025-06-30 00:00:00'), 'volume': np.int64(41563900)}]"
ODFL,monthly,2025-12-31,54037700,151,6,6,False,0.9294649844767237,"[{'date': Timestamp('2025-12-31 00:00:00'), 'volume': np.int64(54037700)}, {'date': Timestamp('2025-10-31 00:00:00'), 'volume': np.int64(47282100)}, {'date': Timestamp('2025-09-30 00:00:00'), 'volume': np.int64(44039300)}, {'date': Timestamp('2025-08-31 00:00:00'), 'volume': np.int64(40146600)}, {'date': Timestamp('2025-07-31 00:00:00'), 'volume': np.int64(39803700)}, {'date': Timestamp('2025-06-30 00:00:00'), 'volume': np.int64(35602800)}]"
BEPH,monthly,2025-12-31,958600,151,3,3,False,0.21286612040059513,"[{'date': Timestamp('2025-12-31 00:00:00'), 'volume': np.int64(958600)}, {'date': Timestamp('2025-09-30 00:00:00'), 'volume': np.int64(856900)}, {'date': Timestamp('2025-06-30 00:00:00'), 'volume': np.int64(843000)}]"
EOI,monthly,2025-12-31,3355100,151,7,7,False,0.4732157968970381,"[{'date': Timestamp('2025-12-31 00:00:00'), 'volume': np.int64(3355100)}, {'date': Timestamp('2025-11-30 00:00:00'), 'volume': np.int64(1589500)}, {'date': Timestamp('2025-10-31 00:00:00'), 'volume': np.int64(1458100)}, {'date': Timestamp('2025-09-30 00:00:00'), 'volume': np.int64(1413700)}, {'date': Timestamp('2025-08-31 00:00:00'), 'volume': np.int64(1182300)}, {'date': Timestamp('2025-07-31 00:00:00'), 'volume': np.int64(1125900)}, {'date': Timestamp('2025-06-30 00:00:00'), 'volume': np.int64(981800)}]"
ELC,monthly,2025-12-31,1108100,151,4,4,False,0.6737808585674329,"[{'date': Timestamp('2025-12-31 00:00:00'), 'volume': np.int64(1108100)}, {'date': Timestamp('2025-11-30 00:00:00'), 'volume': np.int64(442500)}, {'date': Timestamp('2025-07-31 00:00:00'), 'volume': np.int64(370500)}, {'date': Timestamp('2025-06-30 00:00:00'), 'volume': np.int64(337600)}]"
WIA,monthly,2025-12-31,1624000,151,5,5,False,0.30299072743894473,"[{'date': Timestamp('2025-12-31 00:00:00'), 'volume': np.int64(1624000)}, {'date': Timestamp('2025-09-30 00:00:00'), 'volume': np.int64(1285000)}, {'date': Timestamp('2025-08-31 00:00:00'), 'volume': np.int64(862700)}, {'date': Timestamp('2025-07-31 00:00:00'), 'volume': np.int64(728300)}, {'date': Timestamp('2025-06-30 00:00:00'), 'volume': np.int64(608600)}]"
RWTP,monthly,2025-12-31,373400,151,5,5,False,0.4813096158803815,"[{'date': Timestamp('2025-12-31 00:00:00'), 'volume': np.int64(373400)}, {'date': Timestamp('2025-11-30 00:00:00'), 'volume': np.int64(336400)}, {'date': Timestamp('2025-09-30 00:00:00'), 'volume': np.int64(217500)}, {'date': Timestamp('2025-08-31 00:00:00'), 'volume': np.int64(205400)}, {'date': Timestamp('2025-06-30 00:00:00'), 'volume': np.int64(170900)}]"
CRBG,monthly,2025-12-31,153854900,151,4,4,True,1.0,"[{'date': Timestamp('2025-12-31 00:00:00'), 'volume': np.int64(153854900)}, {'date': Timestamp('2025-11-30 00:00:00'), 'volume': np.int64(151198000)}, {'date': Timestamp('2025-08-31 00:00:00'), 'volume': np.int64(99199600)}, {'date': Timestamp('2025-06-30 00:00:00'), 'volume': np.int64(66458100)}]"
SLMBP,monthly,2025-12-31,236200,151,2,2,False,0.2568228770251169,"[{'date': Timestamp('2025-12-31 00:00:00'), 'volume': np.int64(236200)}, {'date': Timestamp('2025-06-30 00:00:00'), 'volume': np.int64(214700)}]"
COO,monthly,2025-12-31,70839400,151,2,2,True,1.0,"[{'date': Timestamp('2025-12-31 00:00:00'), 'volume': np.int64(70839400)}, {'date': Timestamp('2025-06-30 00:00:00'), 'volume': np.int64(64913300)}]"
HAFC,monthly,2025-12-31,7755500,151,4,4,True,1.0,"[{'date': Timestamp('2025-12-31 00:00:00'), 'volume': np.int64(7755500)}, {'date': Timestamp('2025-10-31 00:00:00'), 'volume': np.int64(3945700)}, {'date': Timestamp('2025-07-31 00:00:00'), 'volume': np.int64(3710800)}, {'date': Timestamp('2025-06-30 00:00:00'), 'volume': np.int64(3080700)}]"
GAINI,monthly,2025-12-31,414200,151,3,3,False,0.33210391276459267,"[{'date': Timestamp('2025-12-31 00:00:00'), 'volume': np.int64(414200)}, {'date': Timestamp('2025-07-31 00:00:00'), 'volume': np.int64(234600)}, {'date': Timestamp('2025-06-30 00:00:00'), 'volume': np.int64(234500)}]"
BPOPM,monthly,2025-12-31,162200,151,2,2,False,0.4840346165323784,"[{'date': Timestamp('2025-12-31 00:00:00'), 'volume': np.int64(162200)}, {'date': Timestamp('2025-06-30 00:00:00'), 'volume': np.int64(126100)}]"
NUV,monthly,2025-12-31,14062200,151,3,3,False,0.6298885997249708,"[{'date': Timestamp('2025-12-31 00:00:00'), 'volume': np.int64(14062200)}, {'date': Timestamp('2025-10-31 00:00:00'), 'volume': np.int64(10699700)}, {'date': Timestamp('2025-06-30 00:00:00'), 'volume': np.int64(10338400)}]"
MIY,monthly,2025-12-31,2054100,151,4,4,False,0.7161634474583363,"[{'date': Timestamp('2025-12-31 00:00:00'), 'volume': np.int64(2054100)}, {'date': Timestamp('2025-10-31 00:00:00'), 'volume': np.int64(1703000)}, {'date': Timestamp('2025-07-31 00:00:00'), 'volume': np.int64(1400300)}, {'date': Timestamp('2025-06-30 00:00:00'), 'volume': np.int64(1219100)}]"
SVCCU,monthly,2025-12-31,105600,151,3,3,False,0.022676029118082846,"[{'date': Timestamp('2025-12-31 00:00:00'), 'volume': np.int64(105600)}, {'date': Timestamp('2025-07-31 00:00:00'), 'volume': np.int64(18700)}, {'date': Timestamp('2025-06-30 00:00:00'), 'volume': np.int64(11300)}]"
IPAR,monthly,2025-12-31,6661400,151,5,5,False,0.8520375534010386,"[{'date': Timestamp('2025-12-31 00:00:00'), 'volume': np.int64(6661400)}, {'date': Timestamp('2025-09-30 00:00:00'), 'volume': np.int64(6172400)}, {'date': Timestamp('2025-08-31 00:00:00'), 'volume': np.int64(5128500)}, {'date': Timestamp('2025-07-31 00:00:00'), 'volume': np.int64(4778900)}, {'date': Timestamp('2025-06-30 00:00:00'), 'volume': np.int64(3769500)}]"
EVCM,monthly,2025-12-31,7456600,151,4,4,False,0.3405617720940854,"[{'date': Timestamp('2025-12-31 00:00:00'), 'volume': np.int64(7456600)}, {'date': Timestamp('2025-11-30 00:00:00'), 'volume': np.int64(5943800)}, {'date': Timestamp('2025-08-31 00:00:00'), 'volume': np.int64(5750000)}, {'date': Timestamp('2025-06-30 00:00:00'), 'volume': np.int64(5347700)}]"
DG,monthly,2025-12-31,101189000,151,2,2,False,0.9308510393640088,"[{'date': Timestamp('2025-12-31 00:00:00'), 'volume': np.int64(101189000)}, {'date': Timestamp('2025-06-30 00:00:00'), 'volume': np.int64(80193500)}]"
SHEN,monthly,2025-12-31,8063600,151,4,4,False,0.8738945725680597,"[{'date': Timestamp('2025-12-31 00:00:00'), 'volume': np.int64(8063600)}, {'date': Timestamp('2025-08-31 00:00:00'), 'volume': np.int64(7294600)}, {'date': Timestamp('2025-07-31 00:00:00'), 'volume': np.int64(6499700)}, {'date': Timestamp('2025-06-30 00:00:00'), 'volume': np.int64(5983200)}]"
CBRL,monthly,2025-12-31,49722000,151,4,4,True,1.0,"[{'date': Timestamp('2025-12-31 00:00:00'), 'volume': np.int64(49722000)}, {'date': Timestamp('2025-09-30 00:00:00'), 'volume': np.int64(37035500)}, {'date': Timestamp('2025-08-31 00:00:00'), 'volume': np.int64(32531900)}, {'date': Timestamp('2025-06-30 00:00:00'), 'volume': np.int64(27136300)}]"
CIVB,monthly,2025-12-31,2726800,151,4,4,True,1.0,"[{'date': Timestamp('2025-12-31 00:00:00'), 'volume': np.int64(2726800)}, {'date': Timestamp('2025-10-31 00:00:00'), 'volume': np.int64(2548600)}, {'date': Timestamp('2025-07-31 00:00:00'), 'volume': np.int64(2346900)}, {'date': Timestamp('2025-06-30 00:00:00'), 'volume': np.int64(1275100)}]"
RQI,monthly,2025-12-31,14802300,151,5,5,False,0.4325337572284738,"[{'date': Timestamp('2025-12-31 00:00:00'), 'volume': np.int64(14802300)}, {'date': Timestamp('2025-09-30 00:00:00'), 'volume': np.int64(7595200)}, {'date': Timestamp('2025-08-31 00:00:00'), 'volume': np.int64(6551500)}, {'date': Timestamp('2025-07-31 00:00:00'), 'volume': np.int64(6185100)}, {'date': Timestamp('2025-06-30 00:00:00'), 'volume': np.int64(5318600)}]"
NMCO,monthly,2025-12-31,7412600,151,3,3,False,0.7241059305063057,"[{'date': Timestamp('2025-12-31 00:00:00'), 'volume': np.int64(7412600)}, {'date': Timestamp('2025-07-31 00:00:00'), 'volume': np.int64(4120200)}, {'date': Timestamp('2025-06-30 00:00:00'), 'volume': np.int64(3085000)}]"
CRH,monthly,2025-12-31,290858000,151,3,3,True,1.0,"[{'date': Timestamp('2025-12-31 00:00:00'), 'volume': np.int64(290858000)}, {'date': Timestamp('2025-08-31 00:00:00'), 'volume': np.int64(97133000)}, {'date': Timestamp('2025-06-30 00:00:00'), 'volume': np.int64(82673700)}]"
PML,monthly,2025-12-31,18435300,151,5,5,True,1.0,"[{'date': Timestamp('2025-12-31 00:00:00'), 'volume': np.int64(18435300)}, {'date': Timestamp('2025-09-30 00:00:00'), 'volume': np.int64(12960300)}, {'date': Timestamp('2025-08-31 00:00:00'), 'volume': np.int64(10385500)}, {'date': Timestamp('2025-07-31 00:00:00'), 'volume': np.int64(5543000)}, {'date': Timestamp('2025-06-30 00:00:00'), 'volume': np.int64(4767900)}]"
MMU,monthly,2025-12-31,3921000,151,4,4,False,0.8002204126614829,"[{'date': Timestamp('2025-12-31 00:00:00'), 'volume': np.int64(3921000)}, {'date': Timestamp('2025-08-31 00:00:00'), 'volume': np.int64(3598300)}, {'date': Timestamp('2025-07-31 00:00:00'), 'volume': np.int64(2489500)}, {'date': Timestamp('2025-06-30 00:00:00'), 'volume': np.int64(2193900)}]"
MUJ,monthly,2025-12-31,3155400,151,4,4,False,0.527235663681326,"[{'date': Timestamp('2025-12-31 00:00:00'), 'volume': np.int64(3155400)}, {'date': Timestamp('2025-09-30 00:00:00'), 'volume': np.int64(3025900)}, {'date': Timestamp('2025-07-31 00:00:00'), 'volume': np.int64(2725900)}, {'date': Timestamp('2025-06-30 00:00:00'), 'volume': np.int64(2385400)}]"
COST,monthly,2025-12-31,63750300,151,6,6,False,0.5080773963606687,"[{'date': Timestamp('2025-12-31 00:00:00'), 'volume': np.int64(63750300)}, {'date': Timestamp('2025-10-31 00:00:00'), 'volume': np.int64(53322000)}, {'date': Timestamp('2025-09-30 00:00:00'), 'volume': np.int64(50816100)}, {'date': Timestamp('2025-08-31 00:00:00'), 'volume': np.int64(47760100)}, {'date': Timestamp('2025-07-31 00:00:00'), 'volume': np.int64(45287100)}, {'date': Timestamp('2025-06-30 00:00:00'), 'volume': np.int64(41983500)}]"
HPF,monthly,2025-12-31,995600,151,4,4,False,0.3040092827261901,"[{'date': Timestamp('2025-12-31 00:00:00'), 'volume': np.int64(995600)}, {'date': Timestamp('2025-09-30 00:00:00'), 'volume': np.int64(929900)}, {'date': Timestamp('2025-07-31 00:00:00'), 'volume': np.int64(834300)}, {'date': Timestamp('2025-06-30 00:00:00'), 'volume': np.int64(769600)}]"
RNP,monthly,2025-12-31,5331500,151,5,5,False,0.5281798278202118,"[{'date': Timestamp('2025-12-31 00:00:00'), 'volume': np.int64(5331500)}, {'date': Timestamp('2025-10-31 00:00:00'), 'volume': np.int64(2367800)}, {'date': Timestamp('2025-08-31 00:00:00'), 'volume': np.int64(2075400)}, {'date': Timestamp('2025-07-31 00:00:00'), 'volume': np.int64(2064700)}, {'date': Timestamp('2025-06-30 00:00:00'), 'volume': np.int64(1781200)}]"
ECCU,monthly,2025-12-31,230600,151,3,3,False,0.3759373981089012,"[{'date': Timestamp('2025-12-31 00:00:00'), 'volume': np.int64(230600)}, {'date': Timestamp('2025-07-31 00:00:00'), 'volume': np.int64(221500)}, {'date': Timestamp('2025-06-30 00:00:00'), 'volume': np.int64(163900)}]"
ARE,monthly,2025-12-31,70336100,151,4,4,True,1.0,"[{'date': Timestamp('2025-12-31 00:00:00'), 'volume': np.int64(70336100)}, {'date': Timestamp('2025-10-31 00:00:00'), 'volume': np.int64(65073800)}, {'date': Timestamp('2025-07-31 00:00:00'), 'volume': np.int64(36880600)}, {'date': Timestamp('2025-06-30 00:00:00'), 'volume': np.int64(34833800)}]"
GUG,monthly,2025-12-31,2183100,151,3,3,False,0.42312239558096715,"[{'date': Timestamp('2025-12-31 00:00:00'), 'volume': np.int64(2183100)}, {'date': Timestamp('2025-07-31 00:00:00'), 'volume': np.int64(1909000)}, {'date': Timestamp('2025-06-30 00:00:00'), 'volume': np.int64(1827800)}]"
CGABL,monthly,2025-12-31,1355000,151,3,3,False,0.2919566482083989,"[{'date': Timestamp('2025-12-31 00:00:00'), 'volume': np.int64(1355000)}, {'date': Timestamp('2025-07-31 00:00:00'), 'volume': np.int64(1039600)}, {'date': Timestamp('2025-06-30 00:00:00'), 'volume': np.int64(756400)}]"
BCPC,monthly,2025-12-31,4703900,151,4,4,True,1.0,"[{'date': Timestamp('2025-12-31 00:00:00'), 'volume': np.int64(4703900)}, {'date': Timestamp('2025-10-31 00:00:00'), 'volume': np.int64(4163300)}, {'date': Timestamp('2025-07-31 00:00:00'), 'volume': np.int64(3901500)}, {'date': Timestamp('2025-06-30 00:00:00'), 'volume': np.int64(3297000)}]"
CPZ,monthly,2025-12-31,2675900,151,3,3,False,0.7453137620811632,"[{'date': Timestamp('2025-12-31 00:00:00'), 'volume': np.int64(2675900)}, {'date': Timestamp('2025-07-31 00:00:00'), 'volume': np.int64(1747700)}, {'date': Timestamp('2025-06-30 00:00:00'), 'volume': np.int64(1189500)}]"
RMM,monthly,2025-12-31,2929800,151,5,5,False,0.8966488140780413,"[{'date': Timestamp('2025-12-31 00:00:00'), 'volume': np.int64(2929800)}, {'date': Timestamp('2025-09-30 00:00:00'), 'volume': np.int64(2685100)}, {'date': Timestamp('2025-08-31 00:00:00'), 'volume': np.int64(2468300)}, {'date': Timestamp('2025-07-31 00:00:00'), 'volume': np.int64(2327900)}, {'date': Timestamp('2025-06-30 00:00:00'), 'volume': np.int64(1410900)}]"
MHLA,monthly,2025-12-31,494100,151,6,6,True,1.0,"[{'date': Timestamp('2025-12-31 00:00:00'), 'volume': np.int64(494100)}, {'date': Timestamp('2025-11-30 00:00:00'), 'volume': np.int64(95400)}, {'date': Timestamp('2025-10-31 00:00:00'), 'volume': np.int64(89600)}, {'date': Timestamp('2025-09-30 00:00:00'), 'volume': np.int64(87200)}, {'date': Timestamp('2025-08-31 00:00:00'), 'volume': np.int64(67500)}, {'date': Timestamp('2025-06-30 00:00:00'), 'volume': np.int64(51300)}]"
POST,monthly,2025-12-31,17979800,151,6,6,False,0.6320946425656634,"[{'date': Timestamp('2025-12-31 00:00:00'), 'volume': np.int64(17979800)}, {'date': Timestamp('2025-11-30 00:00:00'), 'volume': np.int64(16542100)}, {'date': Timestamp('2025-09-30 00:00:00'), 'volume': np.int64(15724900)}, {'date': Timestamp('2025-08-31 00:00:00'), 'volume': np.int64(15681900)}, {'date': Timestamp('2025-07-31 00:00:00'), 'volume': np.int64(15177400)}, {'date': Timestamp('2025-06-30 00:00:00'), 'volume': np.int64(12038300)}]"
EFSCP,monthly,2025-12-31,68300,151,4,4,False,0.10236810551558753,"[{'date': Timestamp('2025-12-31 00:00:00'), 'volume': np.int64(68300)}, {'date': Timestamp('2025-08-31 00:00:00'), 'volume': np.int64(50500)}, {'date': Timestamp('2025-07-31 00:00:00'), 'volume': np.int64(40300)}, {'date': Timestamp('2025-06-30 00:00:00'), 'volume': np.int64(24900)}]"
OXM,monthly,2025-12-31,14436300,151,2,2,True,1.0,"[{'date': Timestamp('2025-12-31 00:00:00'), 'volume': np.int64(14436300)}, {'date': Timestamp('2025-06-30 00:00:00'), 'volume': np.int64(12692400)}]"
DHF,monthly,2025-12-31,14418900,151,3,3,False,0.249808557895211,"[{'date': Timestamp('2025-12-31 00:00:00'), 'volume': np.int64(14418900)}, {'date': Timestamp('2025-08-31 00:00:00'), 'volume': np.int64(13754600)}, {'date': Timestamp('2025-06-30 00:00:00'), 'volume': np.int64(12847800)}]"
ADPT,monthly,2025-12-31,59136000,151,3,3,True,1.0,"[{'date': Timestamp('2025-12-31 00:00:00'), 'volume': np.int64(59136000)}, {'date': Timestamp('2025-08-31 00:00:00'), 'volume': np.int64(47082100)}, {'date': Timestamp('2025-06-30 00:00:00'), 'volume': np.int64(43944400)}]"
EIG,monthly,2025-12-31,7095000,151,5,5,True,1.0,"[{'date': Timestamp('2025-12-31 00:00:00'), 'volume': np.int64(7095000)}, {'date': Timestamp('2025-11-30 00:00:00'), 'volume': np.int64(4669200)}, {'date': Timestamp('2025-08-31 00:00:00'), 'volume': np.int64(4507900)}, {'date': Timestamp('2025-07-31 00:00:00'), 'volume': np.int64(3762400)}, {'date': Timestamp('2025-06-30 00:00:00'), 'volume': np.int64(3566500)}]"
TTC,monthly,2025-12-31,26731700,151,2,2,False,0.9092538673995565,"[{'date': Timestamp('2025-12-31 00:00:00'), 'volume': np.int64(26731700)}, {'date': Timestamp('2025-06-30 00:00:00'), 'volume': np.int64(24933200)}]"
GEV,monthly,2025-12-31,75403500,151,4,4,False,0.49118801400537415,"[{'date': Timestamp('2025-12-31 00:00:00'), 'volume': np.int64(75403500)}, {'date': Timestamp('2025-10-31 00:00:00'), 'volume': np.int64(73650500)}, {'date': Timestamp('2025-07-31 00:00:00'), 'volume': np.int64(68239900)}, {'date': Timestamp('2025-06-30 00:00:00'), 'volume': np.int64(59177700)}]"
VVR,monthly,2025-12-31,33764000,151,4,4,False,0.6159313215780275,"[{'date': Timestamp('2025-12-31 00:00:00'), 'volume': np.int64(33764000)}, {'date': Timestamp('2025-09-30 00:00:00'), 'volume': np.int64(30338000)}, {'date': Timestamp('2025-08-31 00:00:00'), 'volume': np.int64(13667300)}, {'date': Timestamp('2025-06-30 00:00:00'), 'volume': np.int64(11815100)}]"
XFLT,monthly,2025-12-31,16870100,151,7,7,False,0.859841997961264,"[{'date': Timestamp('2025-12-31 00:00:00'), 'volume': np.int64(16870100)}, {'date': Timestamp('2025-11-30 00:00:00'), 'volume': np.int64(15259300)}, {'date': Timestamp('2025-10-31 00:00:00'), 'volume': np.int64(13995600)}, {'date': Timestamp('2025-09-30 00:00:00'), 'volume': np.int64(11569900)}, {'date': Timestamp('2025-08-31 00:00:00'), 'volume': np.int64(11241200)}, {'date': Timestamp('2025-07-31 00:00:00'), 'volume': np.int64(10997900)}, {'date': Timestamp('2025-06-30 00:00:00'), 'volume': np.int64(8841500)}]"
RMMZ,monthly,2025-12-31,1025900,151,3,3,False,0.4278862195528862,"[{'date': Timestamp('2025-12-31 00:00:00'), 'volume': np.int64(1025900)}, {'date': Timestamp('2025-07-31 00:00:00'), 'volume': np.int64(976100)}, {'date': Timestamp('2025-06-30 00:00:00'), 'volume': np.int64(606800)}]"
WDI,monthly,2025-12-31,6514500,151,5,5,False,0.6624398775688675,"[{'date': Timestamp('2025-12-31 00:00:00'), 'volume': np.int64(6514500)}, {'date': Timestamp('2025-10-31 00:00:00'), 'volume': np.int64(4509800)}, {'date': Timestamp('2025-08-31 00:00:00'), 'volume': np.int64(3433300)}, {'date': Timestamp('2025-07-31 00:00:00'), 'volume': np.int64(3349700)}, {'date': Timestamp('2025-06-30 00:00:00'), 'volume': np.int64(3256000)}]"
PTA,monthly,2025-12-31,5002200,151,7,7,False,0.5250771523943485,"[{'date': Timestamp('2025-12-31 00:00:00'), 'volume': np.int64(5002200)}, {'date': Timestamp('2025-11-30 00:00:00'), 'volume': np.int64(3326000)}, {'date': Timestamp('2025-10-31 00:00:00'), 'volume': np.int64(3222300)}, {'date': Timestamp('2025-09-30 00:00:00'), 'volume': np.int64(2360400)}, {'date': Timestamp('2025-08-31 00:00:00'), 'volume': np.int64(2293600)}, {'date': Timestamp('2025-07-31 00:00:00'), 'volume': np.int64(2061700)}, {'date': Timestamp('2025-06-30 00:00:00'), 'volume': np.int64(1998200)}]"
ITT,monthly,2025-12-31,26446000,151,5,5,False,0.8923245110874172,"[{'date': Timestamp('2025-12-31 00:00:00'), 'volume': np.int64(26446000)}, {'date': Timestamp('2025-10-31 00:00:00'), 'volume': np.int64(10813500)}, {'date': Timestamp('2025-09-30 00:00:00'), 'volume': np.int64(8978900)}, {'date': Timestamp('2025-07-31 00:00:00'), 'volume': np.int64(8913000)}, {'date': Timestamp('2025-06-30 00:00:00'), 'volume': np.int64(8397800)}]"
WHLRD,monthly,2025-12-31,163500,151,3,3,False,0.23464408725602756,"[{'date': Timestamp('2025-12-31 00:00:00'), 'volume': np.int64(163500)}, {'date': Timestamp('2025-09-30 00:00:00'), 'volume': np.int64(68600)}, {'date': Timestamp('2025-06-30 00:00:00'), 'volume': np.int64(58800)}]"
RLTY,monthly,2025-12-31,2141900,151,4,4,False,0.6899117438639438,"[{'date': Timestamp('2025-12-31 00:00:00'), 'volume': np.int64(2141900)}, {'date': Timestamp('2025-09-30 00:00:00'), 'volume': np.int64(1351200)}, {'date': Timestamp('2025-07-31 00:00:00'), 'volume': np.int64(1254000)}, {'date': Timestamp('2025-06-30 00:00:00'), 'volume': np.int64(1184500)}]"
L,monthly,2025-12-31,18493400,151,2,2,False,0.40343984310406134,"[{'date': Timestamp('2025-12-31 00:00:00'), 'volume': np.int64(18493400)}, {'date': Timestamp('2025-06-30 00:00:00'), 'volume': np.int64(18065600)}]"
ZUMZ,monthly,2025-12-31,7204500,151,2,2,False,0.3533782955242183,"[{'date': Timestamp('2025-12-31 00:00:00'), 'volume': np.int64(7204500)}, {'date': Timestamp('2025-06-30 00:00:00'), 'volume': np.int64(6494900)}]"
PPT,monthly,2025-12-31,6462000,151,3,3,False,0.3905688088920587,"[{'date': Timestamp('2025-12-31 00:00:00'), 'volume': np.int64(6462000)}, {'date': Timestamp('2025-07-31 00:00:00'), 'volume': np.int64(4901600)}, {'date': Timestamp('2025-06-30 00:00:00'), 'volume': np.int64(3827600)}]"
PIM,monthly,2025-12-31,5188000,151,5,5,False,0.5353752167093205,"[{'date': Timestamp('2025-12-31 00:00:00'), 'volume': np.int64(5188000)}, {'date': Timestamp('2025-09-30 00:00:00'), 'volume': np.int64(4709600)}, {'date': Timestamp('2025-08-31 00:00:00'), 'volume': np.int64(3136900)}, {'date': Timestamp('2025-07-31 00:00:00'), 'volume': np.int64(841600)}, {'date': Timestamp('2025-06-30 00:00:00'), 'volume': np.int64(781300)}]"
YUM,monthly,2025-12-31,46812100,151,3,3,False,0.5272547266079928,"[{'date': Timestamp('2025-12-31 00:00:00'), 'volume': np.int64(46812100)}, {'date': Timestamp('2025-08-31 00:00:00'), 'volume': np.int64(45805300)}, {'date': Timestamp('2025-06-30 00:00:00'), 'volume': np.int64(40444100)}]"
HIO,monthly,2025-12-31,12047100,151,4,4,False,0.405966618478118,"[{'date': Timestamp('2025-12-31 00:00:00'), 'volume': np.int64(12047100)}, {'date': Timestamp('2025-10-31 00:00:00'), 'volume': np.int64(11776400)}, {'date': Timestamp('2025-09-30 00:00:00'), 'volume': np.int64(10268800)}, {'date': Timestamp('2025-06-30 00:00:00'), 'volume': np.int64(6055100)}]"
SSTI,monthly,2025-12-31,4133300,151,7,7,True,1.0,"[{'date': Timestamp('2025-12-31 00:00:00'), 'volume': np.int64(4133300)}, {'date': Timestamp('2025-11-30 00:00:00'), 'volume': np.int64(3240000)}, {'date': Timestamp('2025-10-31 00:00:00'), 'volume': np.int64(2111100)}, {'date': Timestamp('2025-09-30 00:00:00'), 'volume': np.int64(1565600)}, {'date': Timestamp('2025-08-31 00:00:00'), 'volume': np.int64(1414600)}, {'date': Timestamp('2025-07-31 00:00:00'), 'volume': np.int64(1185800)}, {'date': Timestamp('2025-06-30 00:00:00'), 'volume': np.int64(1041500)}]"
MLP,monthly,2025-12-31,836900,151,3,3,False,0.5211407933246155,"[{'date': Timestamp('2025-12-31 00:00:00'), 'volume': np.int64(836900)}, {'date': Timestamp('2025-11-30 00:00:00'), 'volume': np.int64(521800)}, {'date': Timestamp('2025-06-30 00:00:00'), 'volume': np.int64(476800)}]"
OXLCO,monthly,2025-12-31,201900,151,3,3,False,0.24658036150464094,"[{'date': Timestamp('2025-12-31 00:00:00'), 'volume': np.int64(201900)}, {'date': Timestamp('2025-08-31 00:00:00'), 'volume': np.int64(120200)}, {'date': Timestamp('2025-06-30 00:00:00'), 'volume': np.int64(56600)}]"
MGF,monthly,2025-12-31,3037600,151,3,3,False,0.5337644309335957,"[{'date': Timestamp('2025-12-31 00:00:00'), 'volume': np.int64(3037600)}, {'date': Timestamp('2025-07-31 00:00:00'), 'volume': np.int64(1807400)}, {'date': Timestamp('2025-06-30 00:00:00'), 'volume': np.int64(999100)}]"
AFRI,monthly,2025-12-31,493500,151,2,2,False,0.047239346019833824,"[{'date': Timestamp('2025-12-31 00:00:00'), 'volume': np.int64(493500)}, {'date': Timestamp('2025-06-30 00:00:00'), 'volume': np.int64(353600)}]"
CMCSA,monthly,2025-12-31,906931649,151,7,7,False,0.9399293384767103,"[{'date': Timestamp('2025-12-31 00:00:00'), 'volume': np.int64(906931649)}, {'date': Timestamp('2025-11-30 00:00:00'), 'volume': np.int64(708441800)}, {'date': Timestamp('2025-10-31 00:00:00'), 'volume': np.int64(674723320)}, {'date': Timestamp('2025-09-30 00:00:00'), 'volume': np.int64(563506069)}, {'date': Timestamp('2025-08-31 00:00:00'), 'volume': np.int64(475699438)}, {'date': Timestamp('2025-07-31 00:00:00'), 'volume': np.int64(475321934)}, {'date': Timestamp('2025-06-30 00:00:00'), 'volume': np.int64(444423214)}]"
RFMZ,monthly,2025-12-31,3353400,151,5,5,True,1.0,"[{'date': Timestamp('2025-12-31 00:00:00'), 'volume': np.int64(3353400)}, {'date': Timestamp('2025-11-30 00:00:00'), 'volume': np.int64(2605700)}, {'date': Timestamp('2025-10-31 00:00:00'), 'volume': np.int64(1980300)}, {'date': Timestamp('2025-09-30 00:00:00'), 'volume': np.int64(1565900)}, {'date': Timestamp('2025-06-30 00:00:00'), 'volume': np.int64(1525900)}]"
CHH,monthly,2025-12-31,17760100,151,5,5,False,0.9669043989547038,"[{'date': Timestamp('2025-12-31 00:00:00'), 'volume': np.int64(17760100)}, {'date': Timestamp('2025-11-30 00:00:00'), 'volume': np.int64(12424500)}, {'date': Timestamp('2025-10-31 00:00:00'), 'volume': np.int64(11367000)}, {'date': Timestamp('2025-09-30 00:00:00'), 'volume': np.int64(9625300)}, {'date': Timestamp('2025-06-30 00:00:00'), 'volume': np.int64(8984800)}]"
TGNA,monthly,2025-08-31,111371400,181,2,2,True,1.0,"[{'date': Timestamp('2025-08-31 00:00:00'), 'volume': np.int64(111371400)}, {'date': Timestamp('2025-03-31 00:00:00'), 'volume': np.int64(44101900)}]"
BEP,monthly,2025-11-30,22654000,182,3,3,False,0.711015552986587,"[{'date': Timestamp('2025-11-30 00:00:00'), 'volume': np.int64(22654000)}, {'date': Timestamp('2025-10-31 00:00:00'), 'volume': np.int64(18161200)}, {'date': Timestamp('2025-06-30 00:00:00'), 'volume': np.int64(12397500)}]"
OEC,monthly,2025-11-30,19831100,182,4,4,False,0.9413437256726224,"[{'date': Timestamp('2025-11-30 00:00:00'), 'volume': np.int64(19831100)}, {'date': Timestamp('2025-10-31 00:00:00'), 'volume': np.int64(17510100)}, {'date': Timestamp('2025-08-31 00:00:00'), 'volume': np.int64(13956000)}, {'date': Timestamp('2025-06-30 00:00:00'), 'volume': np.int64(12376200)}]"
CRWS,monthly,2025-11-30,1887100,182,2,2,True,1.0,"[{'date': Timestamp('2025-11-30 00:00:00'), 'volume': np.int64(1887100)}, {'date': Timestamp('2025-06-30 00:00:00'), 'volume': np.int64(1087400)}]"
SUN,monthly,2025-11-30,16570600,182,3,3,False,0.6075736798492304,"[{'date': Timestamp('2025-11-30 00:00:00'), 'volume': np.int64(16570600)}, {'date': Timestamp('2025-10-31 00:00:00'), 'volume': np.int64(13006600)}, {'date': Timestamp('2025-06-30 00:00:00'), 'volume': np.int64(8883600)}]"
NWL,monthly,2025-11-30,220385200,182,3,3,False,0.8864442550411858,"[{'date': Timestamp('2025-11-30 00:00:00'), 'volume': np.int64(220385200)}, {'date': Timestamp('2025-10-31 00:00:00'), 'volume': np.int64(215610100)}, {'date': Timestamp('2025-06-30 00:00:00'), 'volume': np.int64(212330500)}]"
GMED,monthly,2025-11-30,47951100,182,3,3,False,0.8419829956699011,"[{'date': Timestamp('2025-11-30 00:00:00'), 'volume': np.int64(47951100)}, {'date': Timestamp('2025-07-31 00:00:00'), 'volume': np.int64(36355200)}, {'date': Timestamp('2025-06-30 00:00:00'), 'volume': np.int64(22091700)}]"
CI,monthly,2025-11-30,47103000,182,5,5,False,0.5124676192227308,"[{'date': Timestamp('2025-11-30 00:00:00'), 'volume': np.int64(47103000)}, {'date': Timestamp('2025-10-31 00:00:00'), 'volume': np.int64(43497000)}, {'date': Timestamp('2025-08-31 00:00:00'), 'volume': np.int64(39472400)}, {'date': Timestamp('2025-07-31 00:00:00'), 'volume': np.int64(39195100)}, {'date': Timestamp('2025-06-30 00:00:00'), 'volume': np.int64(38939400)}]"
GNT,monthly,2025-11-30,2602300,182,5,5,False,0.6650226163399862,"[{'date': Timestamp('2025-11-30 00:00:00'), 'volume': np.int64(2602300)}, {'date': Timestamp('2025-10-31 00:00:00'), 'volume': np.int64(2181900)}, {'date': Timestamp('2025-09-30 00:00:00'), 'volume': np.int64(2010800)}, {'date': Timestamp('2025-07-31 00:00:00'), 'volume': np.int64(1044600)}, {'date': Timestamp('2025-06-30 00:00:00'), 'volume': np.int64(1026300)}]"
EVTC,monthly,2025-11-30,11600100,182,4,4,False,0.7723205368913035,"[{'date': Timestamp('2025-11-30 00:00:00'), 'volume': np.int64(11600100)}, {'date': Timestamp('2025-10-31 00:00:00'), 'volume': np.int64(9384700)}, {'date': Timestamp('2025-07-31 00:00:00'), 'volume': np.int64(8419600)}, {'date': Timestamp('2025-06-30 00:00:00'), 'volume': np.int64(5574100)}]"
LEN,monthly,2025-11-30,165729600,182,4,4,True,1.0,"[{'date': Timestamp('2025-11-30 00:00:00'), 'volume': np.int64(165729600)}, {'date': Timestamp('2025-09-30 00:00:00'), 'volume': np.int64(88951500)}, {'date': Timestamp('2025-07-31 00:00:00'), 'volume': np.int64(69674600)}, {'date': Timestamp('2025-06-30 00:00:00'), 'volume': np.int64(68078600)}]"
EG,monthly,2025-11-30,8716000,182,4,4,False,0.7315885779516191,"[{'date': Timestamp('2025-11-30 00:00:00'), 'volume': np.int64(8716000)}, {'date': Timestamp('2025-10-31 00:00:00'), 'volume': np.int64(8631700)}, {'date': Timestamp('2025-09-30 00:00:00'), 'volume': np.int64(8076200)}, {'date': Timestamp('2025-06-30 00:00:00'), 'volume': np.int64(8023700)}]"
MRP,monthly,2025-11-30,69940900,182,5,5,False,0.5945090645740398,"[{'date': Timestamp('2025-11-30 00:00:00'), 'volume': np.int64(69940900)}, {'date': Timestamp('2025-10-31 00:00:00'), 'volume': np.int64(35220200)}, {'date': Timestamp('2025-09-30 00:00:00'), 'volume': np.int64(25016800)}, {'date': Timestamp('2025-07-31 00:00:00'), 'volume': np.int64(23950400)}, {'date': Timestamp('2025-06-30 00:00:00'), 'volume': np.int64(19349600)}]"
EXPD,monthly,2025-11-30,35347100,182,4,4,False,0.63562717362767,"[{'date': Timestamp('2025-11-30 00:00:00'), 'volume': np.int64(35347100)}, {'date': Timestamp('2025-08-31 00:00:00'), 'volume': np.int64(26309400)}, {'date': Timestamp('2025-07-31 00:00:00'), 'volume': np.int64(25714600)}, {'date': Timestamp('2025-06-30 00:00:00'), 'volume': np.int64(23330600)}]"
TTEK,monthly,2025-11-30,60621800,182,5,5,False,0.8167687260429929,"[{'date': Timestamp('2025-11-30 00:00:00'), 'volume': np.int64(60621800)}, {'date': Timestamp('2025-10-31 00:00:00'), 'volume': np.int64(50548000)}, {'date': Timestamp('2025-09-30 00:00:00'), 'volume': np.int64(47430500)}, {'date': Timestamp('2025-08-31 00:00:00'), 'volume': np.int64(41296200)}, {'date': Timestamp('2025-06-30 00:00:00'), 'volume': np.int64(40013800)}]"
KTH,monthly,2025-11-30,34100,182,4,4,False,0.3256924546322827,"[{'date': Timestamp('2025-11-30 00:00:00'), 'volume': np.int64(34100)}, {'date': Timestamp('2025-10-31 00:00:00'), 'volume': np.int64(30400)}, {'date': Timestamp('2025-08-31 00:00:00'), 'volume': np.int64(23700)}, {'date': Timestamp('2025-06-30 00:00:00'), 'volume': np.int64(16000)}]"
FDN,monthly,2025-11-30,15037100,182,5,5,False,0.7330343432373803,"[{'date': Timestamp('2025-11-30 00:00:00'), 'volume': np.int64(15037100)}, {'date': Timestamp('2025-10-31 00:00:00'), 'volume': np.int64(13024900)}, {'date': Timestamp('2025-08-31 00:00:00'), 'volume': np.int64(10998200)}, {'date': Timestamp('2025-07-31 00:00:00'), 'volume': np.int64(6576000)}, {'date': Timestamp('2025-06-30 00:00:00'), 'volume': np.int64(4474300)}]"
AIN,monthly,2025-11-30,11243300,182,3,3,True,1.0,"[{'date': Timestamp('2025-11-30 00:00:00'), 'volume': np.int64(11243300)}, {'date': Timestamp('2025-08-31 00:00:00'), 'volume': np.int64(7204800)}, {'date': Timestamp('2025-06-30 00:00:00'), 'volume': np.int64(6840100)}]"
PFE,monthly,2025-11-30,1760347600,182,6,6,True,1.0,"[{'date': Timestamp('2025-11-30 00:00:00'), 'volume': np.int64(1760347600)}, {'date': Timestamp('2025-10-31 00:00:00'), 'volume': np.int64(1410205800)}, {'date': Timestamp('2025-09-30 00:00:00'), 'volume': np.int64(1100895200)}, {'date': Timestamp('2025-08-31 00:00:00'), 'volume': np.int64(911246200)}, {'date': Timestamp('2025-07-31 00:00:00'), 'volume': np.int64(883499900)}, {'date': Timestamp('2025-06-30 00:00:00'), 'volume': np.int64(750552000)}]"
MGRD,monthly,2025-11-30,280700,182,2,2,False,0.1555296985815603,"[{'date': Timestamp('2025-11-30 00:00:00'), 'volume': np.int64(280700)}, {'date': Timestamp('2025-06-30 00:00:00'), 'volume': np.int64(231900)}]"
BMN,monthly,2025-11-30,322000,182,6,6,False,0.2040169802952544,"[{'date': Timestamp('2025-11-30 00:00:00'), 'volume': np.int64(322000)}, {'date': Timestamp('2025-10-31 00:00:00'), 'volume': np.int64(319800)}, {'date': Timestamp('2025-09-30 00:00:00'), 'volume': np.int64(291400)}, {'date': Timestamp('2025-08-31 00:00:00'), 'volume': np.int64(258800)}, {'date': Timestamp('2025-07-31 00:00:00'), 'volume': np.int64(234500)}, {'date': Timestamp('2025-06-30 00:00:00'), 'volume': np.int64(206000)}]"
DRH,monthly,2025-11-30,90925800,182,2,2,False,0.6267157420235313,"[{'date': Timestamp('2025-11-30 00:00:00'), 'volume': np.int64(90925800)}, {'date': Timestamp('2025-06-30 00:00:00'), 'volume': np.int64(66503500)}]"
LEGT,monthly,2025-11-30,3474600,182,3,3,False,0.6679354094579008,"[{'date': Timestamp('2025-11-30 00:00:00'), 'volume': np.int64(3474600)}, {'date': Timestamp('2025-09-30 00:00:00'), 'volume': np.int64(357200)}, {'date': Timestamp('2025-06-30 00:00:00'), 'volume': np.int64(338800)}]"
FRPH,monthly,2025-11-30,1792100,182,4,4,False,0.6645283298724414,"[{'date': Timestamp('2025-11-30 00:00:00'), 'volume': np.int64(1792100)}, {'date': Timestamp('2025-10-31 00:00:00'), 'volume': np.int64(1303900)}, {'date': Timestamp('2025-09-30 00:00:00'), 'volume': np.int64(1191000)}, {'date': Timestamp('2025-06-30 00:00:00'), 'volume': np.int64(1036300)}]"
LUCK,monthly,2025-11-30,9136000,182,3,3,False,0.17370703669409043,"[{'date': Timestamp('2025-11-30 00:00:00'), 'volume': np.int64(9136000)}, {'date': Timestamp('2025-07-31 00:00:00'), 'volume': np.int64(6016000)}, {'date': Timestamp('2025-06-30 00:00:00'), 'volume': np.int64(5695100)}]"
TAP,monthly,2025-11-30,82074500,182,4,4,True,1.0,"[{'date': Timestamp('2025-11-30 00:00:00'), 'volume': np.int64(82074500)}, {'date': Timestamp('2025-09-30 00:00:00'), 'volume': np.int64(56372100)}, {'date': Timestamp('2025-08-31 00:00:00'), 'volume': np.int64(54556700)}, {'date': Timestamp('2025-06-30 00:00:00'), 'volume': np.int64(52831300)}]"
SPMA,monthly,2025-11-30,197100,182,5,5,False,0.44242424242424244,"[{'date': Timestamp('2025-11-30 00:00:00'), 'volume': np.int64(197100)}, {'date': Timestamp('2025-09-30 00:00:00'), 'volume': np.int64(173600)}, {'date': Timestamp('2025-08-31 00:00:00'), 'volume': np.int64(151600)}, {'date': Timestamp('2025-07-31 00:00:00'), 'volume': np.int64(124600)}, {'date': Timestamp('2025-06-30 00:00:00'), 'volume': np.int64(113700)}]"
FGBIP,monthly,2025-11-30,135300,182,5,5,False,0.5910878112712975,"[{'date': Timestamp('2025-11-30 00:00:00'), 'volume': np.int64(135300)}, {'date': Timestamp('2025-10-31 00:00:00'), 'volume': np.int64(113400)}, {'date': Timestamp('2025-08-31 00:00:00'), 'volume': np.int64(36800)}, {'date': Timestamp('2025-07-31 00:00:00'), 'volume': np.int64(18600)}, {'date': Timestamp('2025-06-30 00:00:00'), 'volume': np.int64(18400)}]"
ZYME,monthly,2025-11-30,37916300,182,4,4,False,0.6571658344411379,"[{'date': Timestamp('2025-11-30 00:00:00'), 'volume': np.int64(37916300)}, {'date': Timestamp('2025-10-31 00:00:00'), 'volume': np.int64(20006200)}, {'date': Timestamp('2025-09-30 00:00:00'), 'volume': np.int64(12383200)}, {'date': Timestamp('2025-06-30 00:00:00'), 'volume': np.int64(10303500)}]"
LYV,monthly,2025-11-30,72314700,182,2,2,False,0.38689169234720083,"[{'date': Timestamp('2025-11-30 00:00:00'), 'volume': np.int64(72314700)}, {'date': Timestamp('2025-06-30 00:00:00'), 'volume': np.int64(62398200)}]"
UEIC,monthly,2025-11-30,2941300,182,3,3,False,0.273172226762761,"[{'date': Timestamp('2025-11-30 00:00:00'), 'volume': np.int64(2941300)}, {'date': Timestamp('2025-08-31 00:00:00'), 'volume': np.int64(2242800)}, {'date': Timestamp('2025-06-30 00:00:00'), 'volume': np.int64(692100)}]"
CART,monthly,2025-11-30,134031100,182,5,5,False,0.960873561174804,"[{'date': Timestamp('2025-11-30 00:00:00'), 'volume': np.int64(134031100)}, {'date': Timestamp('2025-10-31 00:00:00'), 'volume': np.int64(131384700)}, {'date': Timestamp('2025-09-30 00:00:00'), 'volume': np.int64(128630700)}, {'date': Timestamp('2025-08-31 00:00:00'), 'volume': np.int64(120570800)}, {'date': Timestamp('2025-06-30 00:00:00'), 'volume': np.int64(74486000)}]"
ELF,monthly,2025-11-30,71268300,182,3,3,False,0.8080718404000204,"[{'date': Timestamp('2025-11-30 00:00:00'), 'volume': np.int64(71268300)}, {'date': Timestamp('2025-08-31 00:00:00'), 'volume': np.int64(52937400)}, {'date': Timestamp('2025-06-30 00:00:00'), 'volume': np.int64(41814700)}]"
DASH,monthly,2025-11-30,148861200,182,2,2,False,0.7347415024913192,"[{'date': Timestamp('2025-11-30 00:00:00'), 'volume': np.int64(148861200)}, {'date': Timestamp('2025-06-30 00:00:00'), 'volume': np.int64(86837300)}]"
GCMG,monthly,2025-11-30,19470600,182,5,5,False,0.4516471739866667,"[{'date': Timestamp('2025-11-30 00:00:00'), 'volume': np.int64(19470600)}, {'date': Timestamp('2025-10-31 00:00:00'), 'volume': np.int64(17549000)}, {'date': Timestamp('2025-09-30 00:00:00'), 'volume': np.int64(13584300)}, {'date': Timestamp('2025-08-31 00:00:00'), 'volume': np.int64(12192300)}, {'date': Timestamp('2025-06-30 00:00:00'), 'volume': np.int64(11676500)}]"
EBF,monthly,2025-11-30,4905300,182,4,4,False,0.7983107118445464,"[{'date': Timestamp('2025-11-30 00:00:00'), 'volume': np.int64(4905300)}, {'date': Timestamp('2025-10-31 00:00:00'), 'volume': np.int64(4679300)}, {'date': Timestamp('2025-07-31 00:00:00'), 'volume': np.int64(3520200)}, {'date': Timestamp('2025-06-30 00:00:00'), 'volume': np.int64(3071300)}]"
RCKY,monthly,2025-11-30,1767000,182,5,5,False,0.807882223847842,"[{'date': Timestamp('2025-11-30 00:00:00'), 'volume': np.int64(1767000)}, {'date': Timestamp('2025-10-31 00:00:00'), 'volume': np.int64(1458200)}, {'date': Timestamp('2025-08-31 00:00:00'), 'volume': np.int64(1438900)}, {'date': Timestamp('2025-07-31 00:00:00'), 'volume': np.int64(1416900)}, {'date': Timestamp('2025-06-30 00:00:00'), 'volume': np.int64(1067100)}]"
WAFD,monthly,2025-11-30,17296900,182,3,3,False,0.5163361622481664,"[{'date': Timestamp('2025-11-30 00:00:00'), 'volume': np.int64(17296900)}, {'date': Timestamp('2025-07-31 00:00:00'), 'volume': np.int64(12621300)}, {'date': Timestamp('2025-06-30 00:00:00'), 'volume': np.int64(8864200)}]"
CHCT,monthly,2025-11-30,6690300,182,3,3,False,0.4027438326972393,"[{'date': Timestamp('2025-11-30 00:00:00'), 'volume': np.int64(6690300)}, {'date': Timestamp('2025-07-31 00:00:00'), 'volume': np.int64(5989500)}, {'date': Timestamp('2025-06-30 00:00:00'), 'volume': np.int64(5126400)}]"
NAII,monthly,2025-11-30,682200,182,5,5,False,0.6369153206983474,"[{'date': Timestamp('2025-11-30 00:00:00'), 'volume': np.int64(682200)}, {'date': Timestamp('2025-10-31 00:00:00'), 'volume': np.int64(574300)}, {'date': Timestamp('2025-09-30 00:00:00'), 'volume': np.int64(132700)}, {'date': Timestamp('2025-07-31 00:00:00'), 'volume': np.int64(92400)}, {'date': Timestamp('2025-06-30 00:00:00'), 'volume': np.int64(84800)}]"
PZZA,monthly,2025-11-30,47989200,182,3,3,True,1.0,"[{'date': Timestamp('2025-11-30 00:00:00'), 'volume': np.int64(47989200)}, {'date': Timestamp('2025-10-31 00:00:00'), 'volume': np.int64(37422900)}, {'date': Timestamp('2025-06-30 00:00:00'), 'volume': np.int64(28461100)}]"
RVTY,monthly,2025-11-30,33784200,182,3,3,True,1.0,"[{'date': Timestamp('2025-11-30 00:00:00'), 'volume': np.int64(33784200)}, {'date': Timestamp('2025-07-31 00:00:00'), 'volume': np.int64(32175800)}, {'date': Timestamp('2025-06-30 00:00:00'), 'volume': np.int64(21706900)}]"
AKO-B,monthly,2025-11-30,928600,182,4,4,False,0.7503232062055591,"[{'date': Timestamp('2025-11-30 00:00:00'), 'volume': np.int64(928600)}, {'date': Timestamp('2025-08-31 00:00:00'), 'volume': np.int64(402700)}, {'date': Timestamp('2025-07-31 00:00:00'), 'volume': np.int64(323400)}, {'date': Timestamp('2025-06-30 00:00:00'), 'volume': np.int64(275000)}]"
MLKN,monthly,2025-11-30,23732200,182,3,3,False,0.46989709950084246,"[{'date': Timestamp('2025-11-30 00:00:00'), 'volume': np.int64(23732200)}, {'date': Timestamp('2025-09-30 00:00:00'), 'volume': np.int64(12498600)}, {'date': Timestamp('2025-06-30 00:00:00'), 'volume': np.int64(11608500)}]"
ETOR,monthly,2025-11-30,38784100,182,2,2,True,1.0,"[{'date': Timestamp('2025-11-30 00:00:00'), 'volume': np.int64(38784100)}, {'date': Timestamp('2025-06-30 00:00:00'), 'volume': np.int64(36871200)}]"
SLVM,monthly,2025-11-30,11445000,182,4,4,False,0.36683045029279127,"[{'date': Timestamp('2025-11-30 00:00:00'), 'volume': np.int64(11445000)}, {'date': Timestamp('2025-08-31 00:00:00'), 'volume': np.int64(11023700)}, {'date': Timestamp('2025-07-31 00:00:00'), 'volume': np.int64(6233500)}, {'date': Timestamp('2025-06-30 00:00:00'), 'volume': np.int64(5743100)}]"
OFSSH,monthly,2025-11-30,416200,182,3,3,True,1.0,"[{'date': Timestamp('2025-11-30 00:00:00'), 'volume': np.int64(416200)}, {'date': Timestamp('2025-10-31 00:00:00'), 'volume': np.int64(59200)}, {'date': Timestamp('2025-06-30 00:00:00'), 'volume': np.int64(53400)}]"
ATR,monthly,2025-11-30,13301700,182,4,4,True,1.0,"[{'date': Timestamp('2025-11-30 00:00:00'), 'volume': np.int64(13301700)}, {'date': Timestamp('2025-10-31 00:00:00'), 'volume': np.int64(11942100)}, {'date': Timestamp('2025-08-31 00:00:00'), 'volume': np.int64(11029900)}, {'date': Timestamp('2025-06-30 00:00:00'), 'volume': np.int64(8281700)}]"
ARDT,monthly,2025-11-30,15590100,182,3,3,True,1.0,"[{'date': Timestamp('2025-11-30 00:00:00'), 'volume': np.int64(15590100)}, {'date': Timestamp('2025-07-31 00:00:00'), 'volume': np.int64(9990400)}, {'date': Timestamp('2025-06-30 00:00:00'), 'volume': np.int64(6165600)}]"
PGC,monthly,2025-11-30,3646200,182,4,4,True,1.0,"[{'date': Timestamp('2025-11-30 00:00:00'), 'volume': np.int64(3646200)}, {'date': Timestamp('2025-10-31 00:00:00'), 'volume': np.int64(3109300)}, {'date': Timestamp('2025-07-31 00:00:00'), 'volume': np.int64(2440800)}, {'date': Timestamp('2025-06-30 00:00:00'), 'volume': np.int64(1533400)}]"
TREX,monthly,2025-11-30,87277600,182,3,3,True,1.0,"[{'date': Timestamp('2025-11-30 00:00:00'), 'volume': np.int64(87277600)}, {'date': Timestamp('2025-08-31 00:00:00'), 'volume': np.int64(38180300)}, {'date': Timestamp('2025-06-30 00:00:00'), 'volume': np.int64(35990500)}]"
FOXX,monthly,2025-11-30,55844900,182,5,5,True,1.0,"[{'date': Timestamp('2025-11-30 00:00:00'), 'volume': np.int64(55844900)}, {'date': Timestamp('2025-09-30 00:00:00'), 'volume': np.int64(600100)}, {'date': Timestamp('2025-08-31 00:00:00'), 'volume': np.int64(422900)}, {'date': Timestamp('2025-07-31 00:00:00'), 'volume': np.int64(289300)}, {'date': Timestamp('2025-06-30 00:00:00'), 'volume': np.int64(145700)}]"
DVA,monthly,2025-11-30,20945300,182,3,3,False,0.4395259189621923,"[{'date': Timestamp('2025-11-30 00:00:00'), 'volume': np.int64(20945300)}, {'date': Timestamp('2025-08-31 00:00:00'), 'volume': np.int64(18610100)}, {'date': Timestamp('2025-06-30 00:00:00'), 'volume': np.int64(16974500)}]"
BRT,monthly,2025-11-30,1939100,182,5,5,True,1.0,"[{'date': Timestamp('2025-11-30 00:00:00'), 'volume': np.int64(1939100)}, {'date': Timestamp('2025-10-31 00:00:00'), 'volume': np.int64(1062500)}, {'date': Timestamp('2025-09-30 00:00:00'), 'volume': np.int64(658100)}, {'date': Timestamp('2025-07-31 00:00:00'), 'volume': np.int64(643700)}, {'date': Timestamp('2025-06-30 00:00:00'), 'volume': np.int64(606800)}]"
LOPE,monthly,2025-11-30,8655800,182,4,4,False,0.5007984262902107,"[{'date': Timestamp('2025-11-30 00:00:00'), 'volume': np.int64(8655800)}, {'date': Timestamp('2025-08-31 00:00:00'), 'volume': np.int64(6554400)}, {'date': Timestamp('2025-07-31 00:00:00'), 'volume': np.int64(4856500)}, {'date': Timestamp('2025-06-30 00:00:00'), 'volume': np.int64(4709600)}]"
COLA,monthly,2025-11-30,2724600,182,3,3,True,1.0,"[{'date': Timestamp('2025-11-30 00:00:00'), 'volume': np.int64(2724600)}, {'date': Timestamp('2025-08-31 00:00:00'), 'volume': np.int64(351600)}, {'date': Timestamp('2025-06-30 00:00:00'), 'volume': np.int64(137200)}]"
AGIO,monthly,2025-11-30,45533800,182,4,4,True,1.0,"[{'date': Timestamp('2025-11-30 00:00:00'), 'volume': np.int64(45533800)}, {'date': Timestamp('2025-08-31 00:00:00'), 'volume': np.int64(19240000)}, {'date': Timestamp('2025-07-31 00:00:00'), 'volume': np.int64(15928700)}, {'date': Timestamp('2025-06-30 00:00:00'), 'volume': np.int64(11622100)}]"
POOL,monthly,2025-11-30,19624800,182,2,2,True,1.0,"[{'date': Timestamp('2025-11-30 00:00:00'), 'volume': np.int64(19624800)}, {'date': Timestamp('2025-06-30 00:00:00'), 'volume': np.int64(14652000)}]"
LXP,monthly,2025-11-30,17062600,182,3,3,True,1.0,"[{'date': Timestamp('2025-11-30 00:00:00'), 'volume': np.int64(17062600)}, {'date': Timestamp('2025-07-31 00:00:00'), 'volume': np.int64(16978100)}, {'date': Timestamp('2025-06-30 00:00:00'), 'volume': np.int64(13642120)}]"
MAGN,monthly,2025-11-30,30979800,182,2,2,False,0.8638238443799866,"[{'date': Timestamp('2025-11-30 00:00:00'), 'volume': np.int64(30979800)}, {'date': Timestamp('2025-06-30 00:00:00'), 'volume': np.int64(20897800)}]"
JYNT,monthly,2025-11-30,2785000,182,4,4,False,0.24081904416024627,"[{'date': Timestamp('2025-11-30 00:00:00'), 'volume': np.int64(2785000)}, {'date': Timestamp('2025-10-31 00:00:00'), 'volume': np.int64(2187700)}, {'date': Timestamp('2025-09-30 00:00:00'), 'volume': np.int64(1875600)}, {'date': Timestamp('2025-06-30 00:00:00'), 'volume': np.int64(1785600)}]"
EOS,monthly,2025-11-30,3104300,182,4,4,False,0.36241477538059214,"[{'date': Timestamp('2025-11-30 00:00:00'), 'volume': np.int64(3104300)}, {'date': Timestamp('2025-10-31 00:00:00'), 'volume': np.int64(2417200)}, {'date': Timestamp('2025-07-31 00:00:00'), 'volume': np.int64(2199000)}, {'date': Timestamp('2025-06-30 00:00:00'), 'volume': np.int64(1606900)}]"
AII,monthly,2025-11-30,5458100,182,2,2,False,0.9592105725633545,"[{'date': Timestamp('2025-11-30 00:00:00'), 'volume': np.int64(5458100)}, {'date': Timestamp('2025-06-30 00:00:00'), 'volume': np.int64(4208800)}]"
KVUE,monthly,2025-11-30,1006775300,182,3,3,False,0.5897654669905419,"[{'date': Timestamp('2025-11-30 00:00:00'), 'volume': np.int64(1006775300)}, {'date': Timestamp('2025-09-30 00:00:00'), 'volume': np.int64(879690000)}, {'date': Timestamp('2025-06-30 00:00:00'), 'volume': np.int64(409056900)}]"
KRT,monthly,2025-11-30,2997600,182,2,2,True,1.0,"[{'date': Timestamp('2025-11-30 00:00:00'), 'volume': np.int64(2997600)}, {'date': Timestamp('2025-06-30 00:00:00'), 'volume': np.int64(2747800)}]"
LOW,monthly,2025-11-30,67383000,182,4,4,False,0.33343840447573375,"[{'date': Timestamp('2025-11-30 00:00:00'), 'volume': np.int64(67383000)}, {'date': Timestamp('2025-08-31 00:00:00'), 'volume': np.int64(66583800)}, {'date': Timestamp('2025-07-31 00:00:00'), 'volume': np.int64(56366800)}, {'date': Timestamp('2025-06-30 00:00:00'), 'volume': np.int64(53604300)}]"
WLKP,monthly,2025-11-30,1847600,182,5,5,False,0.37612475062090306,"[{'date': Timestamp('2025-11-30 00:00:00'), 'volume': np.int64(1847600)}, {'date': Timestamp('2025-10-31 00:00:00'), 'volume': np.int64(1636700)}, {'date': Timestamp('2025-09-30 00:00:00'), 'volume': np.int64(1006100)}, {'date': Timestamp('2025-08-31 00:00:00'), 'volume': np.int64(721600)}, {'date': Timestamp('2025-06-30 00:00:00'), 'volume': np.int64(695200)}]"
ARMK,monthly,2025-11-30,61617800,182,4,4,False,0.31223907888108615,"[{'date': Timestamp('2025-11-30 00:00:00'), 'volume': np.int64(61617800)}, {'date': Timestamp('2025-08-31 00:00:00'), 'volume': np.int64(52166300)}, {'date': Timestamp('2025-07-31 00:00:00'), 'volume': np.int64(34285200)}, {'date': Timestamp('2025-06-30 00:00:00'), 'volume': np.int64(33004200)}]"
CNS,monthly,2025-11-30,9154600,182,5,5,False,0.7855261238534078,"[{'date': Timestamp('2025-11-30 00:00:00'), 'volume': np.int64(9154600)}, {'date': Timestamp('2025-10-31 00:00:00'), 'volume': np.int64(7273100)}, {'date': Timestamp('2025-09-30 00:00:00'), 'volume': np.int64(5566900)}, {'date': Timestamp('2025-07-31 00:00:00'), 'volume': np.int64(5194100)}, {'date': Timestamp('2025-06-30 00:00:00'), 'volume': np.int64(3802000)}]"
BHF,monthly,2025-11-30,43602100,182,4,4,False,0.9275996536560771,"[{'date': Timestamp('2025-11-30 00:00:00'), 'volume': np.int64(43602100)}, {'date': Timestamp('2025-09-30 00:00:00'), 'volume': np.int64(36803200)}, {'date': Timestamp('2025-07-31 00:00:00'), 'volume': np.int64(20580200)}, {'date': Timestamp('2025-06-30 00:00:00'), 'volume': np.int64(15784600)}]"
STK,monthly,2025-11-30,1548800,182,5,5,False,0.4419082401278247,"[{'date': Timestamp('2025-11-30 00:00:00'), 'volume': np.int64(1548800)}, {'date': Timestamp('2025-10-31 00:00:00'), 'volume': np.int64(1159800)}, {'date': Timestamp('2025-09-30 00:00:00'), 'volume': np.int64(986200)}, {'date': Timestamp('2025-08-31 00:00:00'), 'volume': np.int64(867900)}, {'date': Timestamp('2025-06-30 00:00:00'), 'volume': np.int64(800800)}]"
CPT,monthly,2025-11-30,33877500,182,3,3,False,0.7954500095094754,"[{'date': Timestamp('2025-11-30 00:00:00'), 'volume': np.int64(33877500)}, {'date': Timestamp('2025-10-31 00:00:00'), 'volume': np.int64(24291500)}, {'date': Timestamp('2025-06-30 00:00:00'), 'volume': np.int64(20516300)}]"
IRM,monthly,2025-11-30,50731100,182,2,2,False,0.4781396970810831,"[{'date': Timestamp('2025-11-30 00:00:00'), 'volume': np.int64(50731100)}, {'date': Timestamp('2025-06-30 00:00:00'), 'volume': np.int64(35477300)}]"
NVRI,monthly,2025-11-30,50859100,182,3,3,True,1.0,"[{'date': Timestamp('2025-11-30 00:00:00'), 'volume': np.int64(50859100)}, {'date': Timestamp('2025-08-31 00:00:00'), 'volume': np.int64(26892400)}, {'date': Timestamp('2025-06-30 00:00:00'), 'volume': np.int64(12388400)}]"
GDOT,monthly,2025-11-30,20128100,182,3,3,False,0.5528376459472598,"[{'date': Timestamp('2025-11-30 00:00:00'), 'volume': np.int64(20128100)}, {'date': Timestamp('2025-08-31 00:00:00'), 'volume': np.int64(18890300)}, {'date': Timestamp('2025-06-30 00:00:00'), 'volume': np.int64(14886900)}]"
LH,monthly,2025-11-30,19410900,182,3,3,False,0.5050068023161488,"[{'date': Timestamp('2025-11-30 00:00:00'), 'volume': np.int64(19410900)}, {'date': Timestamp('2025-07-31 00:00:00'), 'volume': np.int64(18795600)}, {'date': Timestamp('2025-06-30 00:00:00'), 'volume': np.int64(13645900)}]"
URBN,monthly,2025-11-30,56498000,182,4,4,False,0.8110187617530109,"[{'date': Timestamp('2025-11-30 00:00:00'), 'volume': np.int64(56498000)}, {'date': Timestamp('2025-08-31 00:00:00'), 'volume': np.int64(44543000)}, {'date': Timestamp('2025-07-31 00:00:00'), 'volume': np.int64(37383800)}, {'date': Timestamp('2025-06-30 00:00:00'), 'volume': np.int64(36441900)}]"
CMG,monthly,2025-11-30,500271200,182,5,5,False,0.41645885535900107,"[{'date': Timestamp('2025-11-30 00:00:00'), 'volume': np.int64(500271200)}, {'date': Timestamp('2025-10-31 00:00:00'), 'volume': np.int64(493788300)}, {'date': Timestamp('2025-09-30 00:00:00'), 'volume': np.int64(468566600)}, {'date': Timestamp('2025-07-31 00:00:00'), 'volume': np.int64(429285200)}, {'date': Timestamp('2025-06-30 00:00:00'), 'volume': np.int64(259259700)}]"
NEN,monthly,2025-11-30,47100,182,3,3,False,0.3587204874333587,"[{'date': Timestamp('2025-11-30 00:00:00'), 'volume': np.int64(47100)}, {'date': Timestamp('2025-10-31 00:00:00'), 'volume': np.int64(30500)}, {'date': Timestamp('2025-06-30 00:00:00'), 'volume': np.int64(16900)}]"
WWW,monthly,2025-11-30,49583200,182,4,4,True,1.0,"[{'date': Timestamp('2025-11-30 00:00:00'), 'volume': np.int64(49583200)}, {'date': Timestamp('2025-08-31 00:00:00'), 'volume': np.int64(44809500)}, {'date': Timestamp('2025-07-31 00:00:00'), 'volume': np.int64(31928300)}, {'date': Timestamp('2025-06-30 00:00:00'), 'volume': np.int64(26548200)}]"
UHAL-B,monthly,2025-11-30,19067463,182,4,4,True,1.0,"[{'date': Timestamp('2025-11-30 00:00:00'), 'volume': np.int64(19067463)}, {'date': Timestamp('2025-09-30 00:00:00'), 'volume': np.int64(9238536)}, {'date': Timestamp('2025-08-31 00:00:00'), 'volume': np.int64(7844077)}, {'date': Timestamp('2025-06-30 00:00:00'), 'volume': np.int64(6642083)}]"
MATW,monthly,2025-11-30,6896600,182,3,3,False,0.9512289316156796,"[{'date': Timestamp('2025-11-30 00:00:00'), 'volume': np.int64(6896600)}, {'date': Timestamp('2025-10-31 00:00:00'), 'volume': np.int64(5240700)}, {'date': Timestamp('2025-06-30 00:00:00'), 'volume': np.int64(4540100)}]"
BWNB,monthly,2025-11-30,828100,182,2,2,False,0.5870135393776139,"[{'date': Timestamp('2025-11-30 00:00:00'), 'volume': np.int64(828100)}, {'date': Timestamp('2025-06-30 00:00:00'), 'volume': np.int64(793100)}]"
NVO,monthly,2025-11-30,458519700,182,4,4,True,1.0,"[{'date': Timestamp('2025-11-30 00:00:00'), 'volume': np.int64(458519700)}, {'date': Timestamp('2025-08-31 00:00:00'), 'volume': np.int64(418106900)}, {'date': Timestamp('2025-07-31 00:00:00'), 'volume': np.int64(371108700)}, {'date': Timestamp('2025-06-30 00:00:00'), 'volume': np.int64(186234800)}]"
MD,monthly,2025-11-30,24552300,182,3,3,False,0.5689078687301451,"[{'date': Timestamp('2025-11-30 00:00:00'), 'volume': np.int64(24552300)}, {'date': Timestamp('2025-08-31 00:00:00'), 'volume': np.int64(19694600)}, {'date': Timestamp('2025-06-30 00:00:00'), 'volume': np.int64(14087200)}]"
EXPE,monthly,2025-11-30,55239000,182,3,3,False,0.43635803493139325,"[{'date': Timestamp('2025-11-30 00:00:00'), 'volume': np.int64(55239000)}, {'date': Timestamp('2025-08-31 00:00:00'), 'volume': np.int64(44285200)}, {'date': Timestamp('2025-06-30 00:00:00'), 'volume': np.int64(32905100)}]"
VRA,monthly,2025-11-30,33100200,182,2,2,True,1.0,"[{'date': Timestamp('2025-11-30 00:00:00'), 'volume': np.int64(33100200)}, {'date': Timestamp('2025-06-30 00:00:00'), 'volume': np.int64(14201000)}]"
BBWI,monthly,2025-11-30,204561800,182,4,4,False,0.6678421948355717,"[{'date': Timestamp('2025-11-30 00:00:00'), 'volume': np.int64(204561800)}, {'date': Timestamp('2025-09-30 00:00:00'), 'volume': np.int64(157630200)}, {'date': Timestamp('2025-08-31 00:00:00'), 'volume': np.int64(118933800)}, {'date': Timestamp('2025-06-30 00:00:00'), 'volume': np.int64(118394200)}]"
ONON,monthly,2025-11-30,196472300,182,4,4,True,1.0,"[{'date': Timestamp('2025-11-30 00:00:00'), 'volume': np.int64(196472300)}, {'date': Timestamp('2025-08-31 00:00:00'), 'volume': np.int64(164352000)}, {'date': Timestamp('2025-07-31 00:00:00'), 'volume': np.int64(108087200)}, {'date': Timestamp('2025-06-30 00:00:00'), 'volume': np.int64(105426300)}]"
EMN,monthly,2025-11-30,64485300,182,2,2,True,1.0,"[{'date': Timestamp('2025-11-30 00:00:00'), 'volume': np.int64(64485300)}, {'date': Timestamp('2025-06-30 00:00:00'), 'volume': np.int64(40976400)}]"
WSC,monthly,2025-11-30,95670100,182,4,4,False,0.8824442027802452,"[{'date': Timestamp('2025-11-30 00:00:00'), 'volume': np.int64(95670100)}, {'date': Timestamp('2025-08-31 00:00:00'), 'volume': np.int64(57964700)}, {'date': Timestamp('2025-07-31 00:00:00'), 'volume': np.int64(38149700)}, {'date': Timestamp('2025-06-30 00:00:00'), 'volume': np.int64(36257100)}]"
CET,monthly,2025-11-30,1189400,182,5,5,False,0.6432666306111412,"[{'date': Timestamp('2025-11-30 00:00:00'), 'volume': np.int64(1189400)}, {'date': Timestamp('2025-10-31 00:00:00'), 'volume': np.int64(889000)}, {'date': Timestamp('2025-09-30 00:00:00'), 'volume': np.int64(540200)}, {'date': Timestamp('2025-08-31 00:00:00'), 'volume': np.int64(483000)}, {'date': Timestamp('2025-06-30 00:00:00'), 'volume': np.int64(421200)}]"
ENR,monthly,2025-11-30,30470200,182,3,3,True,1.0,"[{'date': Timestamp('2025-11-30 00:00:00'), 'volume': np.int64(30470200)}, {'date': Timestamp('2025-07-31 00:00:00'), 'volume': np.int64(24974500)}, {'date': Timestamp('2025-06-30 00:00:00'), 'volume': np.int64(22857700)}]"
ACVA,monthly,2025-11-30,137085200,182,5,5,True,1.0,"[{'date': Timestamp('2025-11-30 00:00:00'), 'volume': np.int64(137085200)}, {'date': Timestamp('2025-09-30 00:00:00'), 'volume': np.int64(68342500)}, {'date': Timestamp('2025-08-31 00:00:00'), 'volume': np.int64(62380400)}, {'date': Timestamp('2025-07-31 00:00:00'), 'volume': np.int64(37382100)}, {'date': Timestamp('2025-06-30 00:00:00'), 'volume': np.int64(30055300)}]"
OC,monthly,2025-11-30,42720600,182,5,5,False,0.9313752635262261,"[{'date': Timestamp('2025-11-30 00:00:00'), 'volume': np.int64(42720600)}, {'date': Timestamp('2025-10-31 00:00:00'), 'volume': np.int64(27447900)}, {'date': Timestamp('2025-09-30 00:00:00'), 'volume': np.int64(21563700)}, {'date': Timestamp('2025-08-31 00:00:00'), 'volume': np.int64(19757300)}, {'date': Timestamp('2025-06-30 00:00:00'), 'volume': np.int64(18723400)}]"
BURL,monthly,2025-11-30,23554000,182,4,4,False,0.4085682418590774,"[{'date': Timestamp('2025-11-30 00:00:00'), 'volume': np.int64(23554000)}, {'date': Timestamp('2025-08-31 00:00:00'), 'volume': np.int64(21534300)}, {'date': Timestamp('2025-07-31 00:00:00'), 'volume': np.int64(20663900)}, {'date': Timestamp('2025-06-30 00:00:00'), 'volume': np.int64(20225300)}]"
HNGE,monthly,2025-11-30,49635200,182,4,4,True,1.0,"[{'date': Timestamp('2025-11-30 00:00:00'), 'volume': np.int64(49635200)}, {'date': Timestamp('2025-09-30 00:00:00'), 'volume': np.int64(29606200)}, {'date': Timestamp('2025-08-31 00:00:00'), 'volume': np.int64(18681400)}, {'date': Timestamp('2025-06-30 00:00:00'), 'volume': np.int64(17952600)}]"
SUPN,monthly,2025-11-30,21000600,182,4,4,True,1.0,"[{'date': Timestamp('2025-11-30 00:00:00'), 'volume': np.int64(21000600)}, {'date': Timestamp('2025-08-31 00:00:00'), 'volume': np.int64(20723100)}, {'date': Timestamp('2025-07-31 00:00:00'), 'volume': np.int64(16651100)}, {'date': Timestamp('2025-06-30 00:00:00'), 'volume': np.int64(13443100)}]"
VTEX,monthly,2025-11-30,38622500,182,3,3,True,1.0,"[{'date': Timestamp('2025-11-30 00:00:00'), 'volume': np.int64(38622500)}, {'date': Timestamp('2025-08-31 00:00:00'), 'volume': np.int64(34409900)}, {'date': Timestamp('2025-06-30 00:00:00'), 'volume': np.int64(23369700)}]"
NICE,monthly,2025-11-30,23006200,182,4,4,True,1.0,"[{'date': Timestamp('2025-11-30 00:00:00'), 'volume': np.int64(23006200)}, {'date': Timestamp('2025-08-31 00:00:00'), 'volume': np.int64(16734900)}, {'date': Timestamp('2025-07-31 00:00:00'), 'volume': np.int64(10994800)}, {'date': Timestamp('2025-06-30 00:00:00'), 'volume': np.int64(8543300)}]"
FOXF,monthly,2025-11-30,23053700,182,3,3,True,1.0,"[{'date': Timestamp('2025-11-30 00:00:00'), 'volume': np.int64(23053700)}, {'date': Timestamp('2025-07-31 00:00:00'), 'volume': np.int64(14844200)}, {'date': Timestamp('2025-06-30 00:00:00'), 'volume': np.int64(10903700)}]"
KRNT,monthly,2025-11-30,11212300,182,4,4,False,0.3716263021653315,"[{'date': Timestamp('2025-11-30 00:00:00'), 'volume': np.int64(11212300)}, {'date': Timestamp('2025-10-31 00:00:00'), 'volume': np.int64(10461500)}, {'date': Timestamp('2025-08-31 00:00:00'), 'volume': np.int64(9038700)}, {'date': Timestamp('2025-06-30 00:00:00'), 'volume': np.int64(5946600)}]"
KMB,monthly,2025-11-30,167732900,182,5,5,True,1.0,"[{'date': Timestamp('2025-11-30 00:00:00'), 'volume': np.int64(167732900)}, {'date': Timestamp('2025-10-31 00:00:00'), 'volume': np.int64(57321000)}, {'date': Timestamp('2025-09-30 00:00:00'), 'volume': np.int64(53560200)}, {'date': Timestamp('2025-08-31 00:00:00'), 'volume': np.int64(49924000)}, {'date': Timestamp('2025-06-30 00:00:00'), 'volume': np.int64(48642400)}]"
TCMD,monthly,2025-11-30,14995300,182,3,3,False,0.8720834205690092,"[{'date': Timestamp('2025-11-30 00:00:00'), 'volume': np.int64(14995300)}, {'date': Timestamp('2025-08-31 00:00:00'), 'volume': np.int64(5439000)}, {'date': Timestamp('2025-06-30 00:00:00'), 'volume': np.int64(5157500)}]"
OUT,monthly,2025-11-30,44842200,182,3,3,False,0.5182510956156294,"[{'date': Timestamp('2025-11-30 00:00:00'), 'volume': np.int64(44842200)}, {'date': Timestamp('2025-08-31 00:00:00'), 'volume': np.int64(35751700)}, {'date': Timestamp('2025-06-30 00:00:00'), 'volume': np.int64(30016700)}]"
BST,monthly,2025-11-30,2723600,182,4,4,False,0.4963857301313574,"[{'date': Timestamp('2025-11-30 00:00:00'), 'volume': np.int64(2723600)}, {'date': Timestamp('2025-09-30 00:00:00'), 'volume': np.int64(2057200)}, {'date': Timestamp('2025-07-31 00:00:00'), 'volume': np.int64(2046800)}, {'date': Timestamp('2025-06-30 00:00:00'), 'volume': np.int64(1733000)}]"
ROK,monthly,2025-11-30,23042300,182,4,4,False,0.5857874291989953,"[{'date': Timestamp('2025-11-30 00:00:00'), 'volume': np.int64(23042300)}, {'date': Timestamp('2025-08-31 00:00:00'), 'volume': np.int64(22829400)}, {'date': Timestamp('2025-07-31 00:00:00'), 'volume': np.int64(18236200)}, {'date': Timestamp('2025-06-30 00:00:00'), 'volume': np.int64(16182300)}]"
JJSF,monthly,2025-11-30,6241100,182,4,4,True,1.0,"[{'date': Timestamp('2025-11-30 00:00:00'), 'volume': np.int64(6241100)}, {'date': Timestamp('2025-10-31 00:00:00'), 'volume': np.int64(4488600)}, {'date': Timestamp('2025-09-30 00:00:00'), 'volume': np.int64(3721900)}, {'date': Timestamp('2025-06-30 00:00:00'), 'volume': np.int64(3679200)}]"
BKH,monthly,2025-11-30,26489200,182,5,5,True,1.0,"[{'date': Timestamp('2025-11-30 00:00:00'), 'volume': np.int64(26489200)}, {'date': Timestamp('2025-10-31 00:00:00'), 'volume': np.int64(16425800)}, {'date': Timestamp('2025-08-31 00:00:00'), 'volume': np.int64(16223900)}, {'date': Timestamp('2025-07-31 00:00:00'), 'volume': np.int64(14026900)}, {'date': Timestamp('2025-06-30 00:00:00'), 'volume': np.int64(11338400)}]"
TEVA,monthly,2025-11-30,279495500,182,3,3,False,0.5137792482047767,"[{'date': Timestamp('2025-11-30 00:00:00'), 'volume': np.int64(279495500)}, {'date': Timestamp('2025-07-31 00:00:00'), 'volume': np.int64(261453700)}, {'date': Timestamp('2025-06-30 00:00:00'), 'volume': np.int64(213376900)}]"
TJX,monthly,2025-11-30,122520700,182,3,3,False,0.4021468057214017,"[{'date': Timestamp('2025-11-30 00:00:00'), 'volume': np.int64(122520700)}, {'date': Timestamp('2025-08-31 00:00:00'), 'volume': np.int64(116259800)}, {'date': Timestamp('2025-06-30 00:00:00'), 'volume': np.int64(105174200)}]"
RUSHA,monthly,2025-11-30,15407100,182,4,4,False,0.6284021062162747,"[{'date': Timestamp('2025-11-30 00:00:00'), 'volume': np.int64(15407100)}, {'date': Timestamp('2025-10-31 00:00:00'), 'volume': np.int64(11839200)}, {'date': Timestamp('2025-07-31 00:00:00'), 'volume': np.int64(9715100)}, {'date': Timestamp('2025-06-30 00:00:00'), 'volume': np.int64(9036300)}]"
TWOD,monthly,2025-11-30,842900,182,3,3,False,0.4778615567775951,"[{'date': Timestamp('2025-11-30 00:00:00'), 'volume': np.int64(842900)}, {'date': Timestamp('2025-08-31 00:00:00'), 'volume': np.int64(680300)}, {'date': Timestamp('2025-06-30 00:00:00'), 'volume': np.int64(458700)}]"
OLP,monthly,2025-11-30,2411800,182,4,4,False,0.8793524629015204,"[{'date': Timestamp('2025-11-30 00:00:00'), 'volume': np.int64(2411800)}, {'date': Timestamp('2025-10-31 00:00:00'), 'volume': np.int64(1738600)}, {'date': Timestamp('2025-09-30 00:00:00'), 'volume': np.int64(1512400)}, {'date': Timestamp('2025-06-30 00:00:00'), 'volume': np.int64(1441500)}]"
ESTA,monthly,2025-11-30,13655800,182,3,3,False,0.590952955889926,"[{'date': Timestamp('2025-11-30 00:00:00'), 'volume': np.int64(13655800)}, {'date': Timestamp('2025-08-31 00:00:00'), 'volume': np.int64(10038900)}, {'date': Timestamp('2025-06-30 00:00:00'), 'volume': np.int64(7881900)}]"
BALL,monthly,2025-11-30,65351100,182,4,4,False,0.8620595952147594,"[{'date': Timestamp('2025-11-30 00:00:00'), 'volume': np.int64(65351100)}, {'date': Timestamp('2025-10-31 00:00:00'), 'volume': np.int64(60525200)}, {'date': Timestamp('2025-08-31 00:00:00'), 'volume': np.int64(55487600)}, {'date': Timestamp('2025-06-30 00:00:00'), 'volume': np.int64(54117200)}]"
GBLI,monthly,2025-11-30,191500,182,4,4,False,0.0565430494862407,"[{'date': Timestamp('2025-11-30 00:00:00'), 'volume': np.int64(191500)}, {'date': Timestamp('2025-08-31 00:00:00'), 'volume': np.int64(120400)}, {'date': Timestamp('2025-07-31 00:00:00'), 'volume': np.int64(37500)}, {'date': Timestamp('2025-06-30 00:00:00'), 'volume': np.int64(16000)}]"
MNTN,monthly,2025-11-30,21703400,182,4,4,True,1.0,"[{'date': Timestamp('2025-11-30 00:00:00'), 'volume': np.int64(21703400)}, {'date': Timestamp('2025-08-31 00:00:00'), 'volume': np.int64(17303700)}, {'date': Timestamp('2025-07-31 00:00:00'), 'volume': np.int64(15195600)}, {'date': Timestamp('2025-06-30 00:00:00'), 'volume': np.int64(12713800)}]"
XLK,monthly,2025-11-30,443832000,182,6,6,False,0.28363072791472826,"[{'date': Timestamp('2025-11-30 00:00:00'), 'volume': np.int64(443832000)}, {'date': Timestamp('2025-10-31 00:00:00'), 'volume': np.int64(435781400)}, {'date': Timestamp('2025-09-30 00:00:00'), 'volume': np.int64(407487600)}, {'date': Timestamp('2025-08-31 00:00:00'), 'volume': np.int64(282661600)}, {'date': Timestamp('2025-07-31 00:00:00'), 'volume': np.int64(266000200)}, {'date': Timestamp('2025-06-30 00:00:00'), 'volume': np.int64(234571000)}]"
META,monthly,2025-11-30,416306900,182,4,4,False,0.3690534445776549,"[{'date': Timestamp('2025-11-30 00:00:00'), 'volume': np.int64(416306900)}, {'date': Timestamp('2025-10-31 00:00:00'), 'volume': np.int64(411788600)}, {'date': Timestamp('2025-07-31 00:00:00'), 'volume': np.int64(273103200)}, {'date': Timestamp('2025-06-30 00:00:00'), 'volume': np.int64(254756800)}]"
DJCO,monthly,2025-11-30,8144600,182,4,4,True,1.0,"[{'date': Timestamp('2025-11-30 00:00:00'), 'volume': np.int64(8144600)}, {'date': Timestamp('2025-10-31 00:00:00'), 'volume': np.int64(6788900)}, {'date': Timestamp('2025-09-30 00:00:00'), 'volume': np.int64(1615900)}, {'date': Timestamp('2025-06-30 00:00:00'), 'volume': np.int64(1606000)}]"
FIZZ,monthly,2025-11-30,9001600,182,5,5,False,0.24053656842049007,"[{'date': Timestamp('2025-11-30 00:00:00'), 'volume': np.int64(9001600)}, {'date': Timestamp('2025-10-31 00:00:00'), 'volume': np.int64(5858000)}, {'date': Timestamp('2025-09-30 00:00:00'), 'volume': np.int64(5809600)}, {'date': Timestamp('2025-07-31 00:00:00'), 'volume': np.int64(4087200)}, {'date': Timestamp('2025-06-30 00:00:00'), 'volume': np.int64(3576900)}]"
KRG,monthly,2025-10-31,44339000,212,5,5,False,0.6430284801039543,"[{'date': Timestamp('2025-10-31 00:00:00'), 'volume': np.int64(44339000)}, {'date': Timestamp('2025-09-30 00:00:00'), 'volume': np.int64(40901200)}, {'date': Timestamp('2025-08-31 00:00:00'), 'volume': np.int64(35139400)}, {'date': Timestamp('2025-07-31 00:00:00'), 'volume': np.int64(33974800)}, {'date': Timestamp('2025-06-30 00:00:00'), 'volume': np.int64(31013900)}]"
AGI,monthly,2025-10-31,100748400,212,3,3,False,0.8265524871215745,"[{'date': Timestamp('2025-10-31 00:00:00'), 'volume': np.int64(100748400)}, {'date': Timestamp('2025-09-30 00:00:00'), 'volume': np.int64(94230200)}, {'date': Timestamp('2025-06-30 00:00:00'), 'volume': np.int64(75948300)}]"
DLY,monthly,2025-10-31,6601400,212,4,4,False,0.949363629826706,"[{'date': Timestamp('2025-10-31 00:00:00'), 'volume': np.int64(6601400)}, {'date': Timestamp('2025-09-30 00:00:00'), 'volume': np.int64(4636600)}, {'date': Timestamp('2025-07-31 00:00:00'), 'volume': np.int64(4234900)}, {'date': Timestamp('2025-06-30 00:00:00'), 'volume': np.int64(2710000)}]"
BULL,monthly,2025-10-31,771128000,212,3,3,True,1.0,"[{'date': Timestamp('2025-10-31 00:00:00'), 'volume': np.int64(771128000)}, {'date': Timestamp('2025-07-31 00:00:00'), 'volume': np.int64(431100300)}, {'date': Timestamp('2025-06-30 00:00:00'), 'volume': np.int64(153878400)}]"
^IXIC,monthly,2025-10-31,243658250000,212,3,3,False,0.8668688568775932,"[{'date': Timestamp('2025-10-31 00:00:00'), 'volume': np.int64(243658250000)}, {'date': Timestamp('2025-07-31 00:00:00'), 'volume': np.int64(209936950000)}, {'date': Timestamp('2025-06-30 00:00:00'), 'volume': np.int64(184980880000)}]"
TRU,monthly,2025-10-31,92422400,212,4,4,True,1.0,"[{'date': Timestamp('2025-10-31 00:00:00'), 'volume': np.int64(92422400)}, {'date': Timestamp('2025-09-30 00:00:00'), 'volume': np.int64(92198200)}, {'date': Timestamp('2025-07-31 00:00:00'), 'volume': np.int64(50757300)}, {'date': Timestamp('2025-06-30 00:00:00'), 'volume': np.int64(45031200)}]"
GMAB,monthly,2025-10-31,61912000,212,3,3,True,1.0,"[{'date': Timestamp('2025-10-31 00:00:00'), 'volume': np.int64(61912000)}, {'date': Timestamp('2025-09-30 00:00:00'), 'volume': np.int64(38914100)}, {'date': Timestamp('2025-06-30 00:00:00'), 'volume': np.int64(31498100)}]"
MSDL,monthly,2025-10-31,21005700,212,4,4,True,1.0,"[{'date': Timestamp('2025-10-31 00:00:00'), 'volume': np.int64(21005700)}, {'date': Timestamp('2025-08-31 00:00:00'), 'volume': np.int64(17884900)}, {'date': Timestamp('2025-07-31 00:00:00'), 'volume': np.int64(9900700)}, {'date': Timestamp('2025-06-30 00:00:00'), 'volume': np.int64(8543300)}]"
CASS,monthly,2025-10-31,2416900,212,3,3,True,1.0,"[{'date': Timestamp('2025-10-31 00:00:00'), 'volume': np.int64(2416900)}, {'date': Timestamp('2025-07-31 00:00:00'), 'volume': np.int64(1462300)}, {'date': Timestamp('2025-06-30 00:00:00'), 'volume': np.int64(1095500)}]"
QTUM,monthly,2025-10-31,20061700,212,3,3,True,1.0,"[{'date': Timestamp('2025-10-31 00:00:00'), 'volume': np.int64(20061700)}, {'date': Timestamp('2025-07-31 00:00:00'), 'volume': np.int64(9661600)}, {'date': Timestamp('2025-06-30 00:00:00'), 'volume': np.int64(7273300)}]"
GLD,monthly,2025-10-31,553024300,212,4,4,True,1.0,"[{'date': Timestamp('2025-10-31 00:00:00'), 'volume': np.int64(553024300)}, {'date': Timestamp('2025-09-30 00:00:00'), 'volume': np.int64(301997100)}, {'date': Timestamp('2025-07-31 00:00:00'), 'volume': np.int64(202604000)}, {'date': Timestamp('2025-06-30 00:00:00'), 'volume': np.int64(199565100)}]"
GDX,monthly,2025-10-31,764861500,212,3,3,False,0.33634881034970426,"[{'date': Timestamp('2025-10-31 00:00:00'), 'volume': np.int64(764861500)}, {'date': Timestamp('2025-09-30 00:00:00'), 'volume': np.int64(521802000)}, {'date': Timestamp('2025-06-30 00:00:00'), 'volume': np.int64(426469200)}]"
URA,monthly,2025-10-31,170855400,212,3,3,True,1.0,"[{'date': Timestamp('2025-10-31 00:00:00'), 'volume': np.int64(170855400)}, {'date': Timestamp('2025-09-30 00:00:00'), 'volume': np.int64(95509600)}, {'date': Timestamp('2025-06-30 00:00:00'), 'volume': np.int64(80041100)}]"
F,monthly,2025-10-31,3278600400,212,2,2,True,1.0,"[{'date': Timestamp('2025-10-31 00:00:00'), 'volume': np.int64(3278600400)}, {'date': Timestamp('2025-06-30 00:00:00'), 'volume': np.int64(2046736400)}]"
ASRV,monthly,2025-10-31,748500,212,3,3,False,0.11027624309392266,"[{'date': Timestamp('2025-10-31 00:00:00'), 'volume': np.int64(748500)}, {'date': Timestamp('2025-07-31 00:00:00'), 'volume': np.int64(629200)}, {'date': Timestamp('2025-06-30 00:00:00'), 'volume': np.int64(625500)}]"
GSK,monthly,2025-10-31,151279400,212,3,3,False,0.8097398256226291,"[{'date': Timestamp('2025-10-31 00:00:00'), 'volume': np.int64(151279400)}, {'date': Timestamp('2025-07-31 00:00:00'), 'volume': np.int64(136583700)}, {'date': Timestamp('2025-06-30 00:00:00'), 'volume': np.int64(98641700)}]"
GNRC,monthly,2025-10-31,28697200,212,3,3,False,0.5017642142514941,"[{'date': Timestamp('2025-10-31 00:00:00'), 'volume': np.int64(28697200)}, {'date': Timestamp('2025-07-31 00:00:00'), 'volume': np.int64(26344900)}, {'date': Timestamp('2025-06-30 00:00:00'), 'volume': np.int64(20458200)}]"
WERN,monthly,2025-10-31,37531900,212,3,3,False,0.851886402738246,"[{'date': Timestamp('2025-10-31 00:00:00'), 'volume': np.int64(37531900)}, {'date': Timestamp('2025-07-31 00:00:00'), 'volume': np.int64(20602300)}, {'date': Timestamp('2025-06-30 00:00:00'), 'volume': np.int64(18438600)}]"
SSTK,monthly,2025-10-31,8998200,212,3,3,False,0.4479903613018217,"[{'date': Timestamp('2025-10-31 00:00:00'), 'volume': np.int64(8998200)}, {'date': Timestamp('2025-07-31 00:00:00'), 'volume': np.int64(6126100)}, {'date': Timestamp('2025-06-30 00:00:00'), 'volume': np.int64(5741900)}]"
GLV,monthly,2025-10-31,1063300,212,4,4,False,0.3411292909849214,"[{'date': Timestamp('2025-10-31 00:00:00'), 'volume': np.int64(1063300)}, {'date': Timestamp('2025-08-31 00:00:00'), 'volume': np.int64(901700)}, {'date': Timestamp('2025-07-31 00:00:00'), 'volume': np.int64(587000)}, {'date': Timestamp('2025-06-30 00:00:00'), 'volume': np.int64(512500)}]"
OCCIO,monthly,2025-07-31,114900,212,4,4,False,0.22943290734824281,"[{'date': Timestamp('2025-07-31 00:00:00'), 'volume': np.int64(114900)}, {'date': Timestamp('2025-05-31 00:00:00'), 'volume': np.int64(41100)}, {'date': Timestamp('2025-04-30 00:00:00'), 'volume': np.int64(18400)}, {'date': Timestamp('2025-03-31 00:00:00'), 'volume': np.int64(11400)}]"
RF,monthly,2025-10-31,854677700,212,5,5,True,1.0,"[{'date': Timestamp('2025-10-31 00:00:00'), 'volume': np.int64(854677700)}, {'date': Timestamp('2025-09-30 00:00:00'), 'volume': np.int64(407956600)}, {'date': Timestamp('2025-08-31 00:00:00'), 'volume': np.int64(324154400)}, {'date': Timestamp('2025-07-31 00:00:00'), 'volume': np.int64(305733200)}, {'date': Timestamp('2025-06-30 00:00:00'), 'volume': np.int64(202982500)}]"
PDI,monthly,2025-10-31,91122000,212,4,4,True,1.0,"[{'date': Timestamp('2025-10-31 00:00:00'), 'volume': np.int64(91122000)}, {'date': Timestamp('2025-09-30 00:00:00'), 'volume': np.int64(49988200)}, {'date': Timestamp('2025-07-31 00:00:00'), 'volume': np.int64(39733500)}, {'date': Timestamp('2025-06-30 00:00:00'), 'volume': np.int64(32757900)}]"
IE,monthly,2025-10-31,63766100,212,3,3,True,1.0,"[{'date': Timestamp('2025-10-31 00:00:00'), 'volume': np.int64(63766100)}, {'date': Timestamp('2025-07-31 00:00:00'), 'volume': np.int64(38525200)}, {'date': Timestamp('2025-06-30 00:00:00'), 'volume': np.int64(17517700)}]"
BEAG,monthly,2025-10-31,5530000,212,2,2,True,1.0,"[{'date': Timestamp('2025-10-31 00:00:00'), 'volume': np.int64(5530000)}, {'date': Timestamp('2025-06-30 00:00:00'), 'volume': np.int64(3537900)}]"
SVM,monthly,2025-10-31,168623800,212,2,2,True,1.0,"[{'date': Timestamp('2025-10-31 00:00:00'), 'volume': np.int64(168623800)}, {'date': Timestamp('2025-06-30 00:00:00'), 'volume': np.int64(156621100)}]"
DOC,monthly,2025-10-31,229859700,212,3,3,True,1.0,"[{'date': Timestamp('2025-10-31 00:00:00'), 'volume': np.int64(229859700)}, {'date': Timestamp('2025-07-31 00:00:00'), 'volume': np.int64(163295500)}, {'date': Timestamp('2025-06-30 00:00:00'), 'volume': np.int64(123586200)}]"
MTB,monthly,2025-10-31,31570600,212,3,3,False,0.47237970406879226,"[{'date': Timestamp('2025-10-31 00:00:00'), 'volume': np.int64(31570600)}, {'date': Timestamp('2025-07-31 00:00:00'), 'volume': np.int64(25112400)}, {'date': Timestamp('2025-06-30 00:00:00'), 'volume': np.int64(24451800)}]"
HUBB,monthly,2025-10-31,13539828,212,3,3,False,0.5549749421941578,"[{'date': Timestamp('2025-10-31 00:00:00'), 'volume': np.int64(13539828)}, {'date': Timestamp('2025-07-31 00:00:00'), 'volume': np.int64(13096787)}, {'date': Timestamp('2025-06-30 00:00:00'), 'volume': np.int64(10237223)}]"
LPLA,monthly,2025-10-31,23429600,212,4,4,False,0.690189886468748,"[{'date': Timestamp('2025-10-31 00:00:00'), 'volume': np.int64(23429600)}, {'date': Timestamp('2025-09-30 00:00:00'), 'volume': np.int64(20643200)}, {'date': Timestamp('2025-07-31 00:00:00'), 'volume': np.int64(17443500)}, {'date': Timestamp('2025-06-30 00:00:00'), 'volume': np.int64(12295800)}]"
GJO,monthly,2025-10-31,28200,212,2,2,False,0.5497076023391813,"[{'date': Timestamp('2025-10-31 00:00:00'), 'volume': np.int64(28200)}, {'date': Timestamp('2025-06-30 00:00:00'), 'volume': np.int64(9900)}]"
GM,monthly,2025-10-31,247551700,212,3,3,False,0.39366636436223545,"[{'date': Timestamp('2025-10-31 00:00:00'), 'volume': np.int64(247551700)}, {'date': Timestamp('2025-07-31 00:00:00'), 'volume': np.int64(230918400)}, {'date': Timestamp('2025-06-30 00:00:00'), 'volume': np.int64(200108400)}]"
RWAYL,monthly,2025-10-31,227400,212,2,2,False,0.21120089161326275,"[{'date': Timestamp('2025-10-31 00:00:00'), 'volume': np.int64(227400)}, {'date': Timestamp('2025-06-30 00:00:00'), 'volume': np.int64(97200)}]"
ELS,monthly,2025-10-31,53717600,212,3,3,False,0.8477969236790853,"[{'date': Timestamp('2025-10-31 00:00:00'), 'volume': np.int64(53717600)}, {'date': Timestamp('2025-07-31 00:00:00'), 'volume': np.int64(38806700)}, {'date': Timestamp('2025-06-30 00:00:00'), 'volume': np.int64(24210900)}]"
NEWTH,monthly,2025-10-31,299800,212,5,5,False,0.48214860083628175,"[{'date': Timestamp('2025-10-31 00:00:00'), 'volume': np.int64(299800)}, {'date': Timestamp('2025-09-30 00:00:00'), 'volume': np.int64(268700)}, {'date': Timestamp('2025-08-31 00:00:00'), 'volume': np.int64(215800)}, {'date': Timestamp('2025-07-31 00:00:00'), 'volume': np.int64(214900)}, {'date': Timestamp('2025-06-30 00:00:00'), 'volume': np.int64(142600)}]"
STT,monthly,2025-10-31,53012800,212,3,3,False,0.5178426997901778,"[{'date': Timestamp('2025-10-31 00:00:00'), 'volume': np.int64(53012800)}, {'date': Timestamp('2025-07-31 00:00:00'), 'volume': np.int64(51929300)}, {'date': Timestamp('2025-06-30 00:00:00'), 'volume': np.int64(37328500)}]"
CAT,monthly,2025-10-31,73497500,212,4,4,False,0.46620619574221916,"[{'date': Timestamp('2025-10-31 00:00:00'), 'volume': np.int64(73497500)}, {'date': Timestamp('2025-08-31 00:00:00'), 'volume': np.int64(68666200)}, {'date': Timestamp('2025-07-31 00:00:00'), 'volume': np.int64(57521900)}, {'date': Timestamp('2025-06-30 00:00:00'), 'volume': np.int64(49656200)}]"
GPI,monthly,2025-10-31,6601600,212,3,3,False,0.6357901630502827,"[{'date': Timestamp('2025-10-31 00:00:00'), 'volume': np.int64(6601600)}, {'date': Timestamp('2025-07-31 00:00:00'), 'volume': np.int64(4212600)}, {'date': Timestamp('2025-06-30 00:00:00'), 'volume': np.int64(3779500)}]"
MELI,monthly,2025-10-31,13185400,212,4,4,False,0.7337083841098665,"[{'date': Timestamp('2025-10-31 00:00:00'), 'volume': np.int64(13185400)}, {'date': Timestamp('2025-09-30 00:00:00'), 'volume': np.int64(8484700)}, {'date': Timestamp('2025-08-31 00:00:00'), 'volume': np.int64(8105400)}, {'date': Timestamp('2025-06-30 00:00:00'), 'volume': np.int64(6979100)}]"
FICO,monthly,2025-10-31,8989700,212,3,3,False,0.8661014499735055,"[{'date': Timestamp('2025-10-31 00:00:00'), 'volume': np.int64(8989700)}, {'date': Timestamp('2025-07-31 00:00:00'), 'volume': np.int64(8368200)}, {'date': Timestamp('2025-06-30 00:00:00'), 'volume': np.int64(4855000)}]"
BGH,monthly,2025-10-31,2619400,212,5,5,False,0.6542938502273068,"[{'date': Timestamp('2025-10-31 00:00:00'), 'volume': np.int64(2619400)}, {'date': Timestamp('2025-09-30 00:00:00'), 'volume': np.int64(2522000)}, {'date': Timestamp('2025-08-31 00:00:00'), 'volume': np.int64(2338700)}, {'date': Timestamp('2025-07-31 00:00:00'), 'volume': np.int64(1992700)}, {'date': Timestamp('2025-06-30 00:00:00'), 'volume': np.int64(1510400)}]"
SON,monthly,2025-10-31,36555600,212,3,3,True,1.0,"[{'date': Timestamp('2025-10-31 00:00:00'), 'volume': np.int64(36555600)}, {'date': Timestamp('2025-07-31 00:00:00'), 'volume': np.int64(23868800)}, {'date': Timestamp('2025-06-30 00:00:00'), 'volume': np.int64(15245300)}]"
BHST,monthly,2025-10-31,2307600,212,4,4,True,1.0,"[{'date': Timestamp('2025-10-31 00:00:00'), 'volume': np.int64(2307600)}, {'date': Timestamp('2025-09-30 00:00:00'), 'volume': np.int64(1144900)}, {'date': Timestamp('2025-08-31 00:00:00'), 'volume': np.int64(424100)}, {'date': Timestamp('2025-06-30 00:00:00'), 'volume': np.int64(210200)}]"
LRN,monthly,2025-10-31,52564900,212,4,4,False,0.994695828570996,"[{'date': Timestamp('2025-10-31 00:00:00'), 'volume': np.int64(52564900)}, {'date': Timestamp('2025-09-30 00:00:00'), 'volume': np.int64(18708400)}, {'date': Timestamp('2025-08-31 00:00:00'), 'volume': np.int64(16500900)}, {'date': Timestamp('2025-06-30 00:00:00'), 'volume': np.int64(14697700)}]"
NUKZ,monthly,2025-10-31,6947900,212,4,4,True,1.0,"[{'date': Timestamp('2025-10-31 00:00:00'), 'volume': np.int64(6947900)}, {'date': Timestamp('2025-09-30 00:00:00'), 'volume': np.int64(4893400)}, {'date': Timestamp('2025-07-31 00:00:00'), 'volume': np.int64(4400500)}, {'date': Timestamp('2025-06-30 00:00:00'), 'volume': np.int64(3868300)}]"
^GSPC,monthly,2025-10-31,129661660000,212,4,4,False,0.799465771822343,"[{'date': Timestamp('2025-10-31 00:00:00'), 'volume': np.int64(129661660000)}, {'date': Timestamp('2025-09-30 00:00:00'), 'volume': np.int64(114074610000)}, {'date': Timestamp('2025-07-31 00:00:00'), 'volume': np.int64(114004890000)}, {'date': Timestamp('2025-06-30 00:00:00'), 'volume': np.int64(106456300000)}]"
BLOK,monthly,2025-10-31,12247400,212,3,3,False,0.36529634059408306,"[{'date': Timestamp('2025-10-31 00:00:00'), 'volume': np.int64(12247400)}, {'date': Timestamp('2025-07-31 00:00:00'), 'volume': np.int64(7745300)}, {'date': Timestamp('2025-06-30 00:00:00'), 'volume': np.int64(5068300)}]"
FFTY,monthly,2025-10-31,5200200,212,4,4,True,1.0,"[{'date': Timestamp('2025-10-31 00:00:00'), 'volume': np.int64(5200200)}, {'date': Timestamp('2025-08-31 00:00:00'), 'volume': np.int64(4242100)}, {'date': Timestamp('2025-07-31 00:00:00'), 'volume': np.int64(2575900)}, {'date': Timestamp('2025-06-30 00:00:00'), 'volume': np.int64(1056600)}]"
PBW,monthly,2025-10-31,31270000,212,5,5,True,1.0,"[{'date': Timestamp('2025-10-31 00:00:00'), 'volume': np.int64(31270000)}, {'date': Timestamp('2025-09-30 00:00:00'), 'volume': np.int64(18271700)}, {'date': Timestamp('2025-08-31 00:00:00'), 'volume': np.int64(7936800)}, {'date': Timestamp('2025-07-31 00:00:00'), 'volume': np.int64(7370100)}, {'date': Timestamp('2025-06-30 00:00:00'), 'volume': np.int64(5947800)}]"
KNSL,monthly,2025-10-31,7089800,212,3,3,False,0.8179280110752192,"[{'date': Timestamp('2025-10-31 00:00:00'), 'volume': np.int64(7089800)}, {'date': Timestamp('2025-07-31 00:00:00'), 'volume': np.int64(5263500)}, {'date': Timestamp('2025-06-30 00:00:00'), 'volume': np.int64(4686800)}]"
FTF,monthly,2025-10-31,5735000,212,3,3,False,0.8993257017406304,"[{'date': Timestamp('2025-10-31 00:00:00'), 'volume': np.int64(5735000)}, {'date': Timestamp('2025-07-31 00:00:00'), 'volume': np.int64(4646200)}, {'date': Timestamp('2025-06-30 00:00:00'), 'volume': np.int64(3050500)}]"
LII,monthly,2025-10-31,12276500,212,3,3,False,0.9489375516924194,"[{'date': Timestamp('2025-10-31 00:00:00'), 'volume': np.int64(12276500)}, {'date': Timestamp('2025-07-31 00:00:00'), 'volume': np.int64(8629500)}, {'date': Timestamp('2025-06-30 00:00:00'), 'volume': np.int64(7253000)}]"
OCCIM,monthly,2025-10-31,78300,212,2,2,False,0.21988205560235888,"[{'date': Timestamp('2025-10-31 00:00:00'), 'volume': np.int64(78300)}, {'date': Timestamp('2025-06-30 00:00:00'), 'volume': np.int64(47100)}]"
NIM,monthly,2025-10-31,740600,212,3,3,False,0.4300063868083377,"[{'date': Timestamp('2025-10-31 00:00:00'), 'volume': np.int64(740600)}, {'date': Timestamp('2025-07-31 00:00:00'), 'volume': np.int64(488800)}, {'date': Timestamp('2025-06-30 00:00:00'), 'volume': np.int64(424700)}]"
CLB,monthly,2025-10-31,15583900,212,4,4,False,0.26447053792199904,"[{'date': Timestamp('2025-10-31 00:00:00'), 'volume': np.int64(15583900)}, {'date': Timestamp('2025-09-30 00:00:00'), 'volume': np.int64(12441200)}, {'date': Timestamp('2025-07-31 00:00:00'), 'volume': np.int64(10842600)}, {'date': Timestamp('2025-06-30 00:00:00'), 'volume': np.int64(10815400)}]"
OAKU,monthly,2025-10-31,182600,212,4,4,False,0.06951953095256225,"[{'date': Timestamp('2025-10-31 00:00:00'), 'volume': np.int64(182600)}, {'date': Timestamp('2025-09-30 00:00:00'), 'volume': np.int64(106100)}, {'date': Timestamp('2025-07-31 00:00:00'), 'volume': np.int64(65800)}, {'date': Timestamp('2025-06-30 00:00:00'), 'volume': np.int64(2900)}]"
GROY,monthly,2025-10-31,87432500,212,4,4,True,1.0,"[{'date': Timestamp('2025-10-31 00:00:00'), 'volume': np.int64(87432500)}, {'date': Timestamp('2025-09-30 00:00:00'), 'volume': np.int64(66041200)}, {'date': Timestamp('2025-08-31 00:00:00'), 'volume': np.int64(51762200)}, {'date': Timestamp('2025-06-30 00:00:00'), 'volume': np.int64(50065300)}]"
SOJD,monthly,2025-10-31,3225100,212,3,3,False,0.18787938808561208,"[{'date': Timestamp('2025-10-31 00:00:00'), 'volume': np.int64(3225100)}, {'date': Timestamp('2025-09-30 00:00:00'), 'volume': np.int64(1901100)}, {'date': Timestamp('2025-06-30 00:00:00'), 'volume': np.int64(1896900)}]"
J,monthly,2025-10-31,28387800,212,4,4,False,0.6840680823627822,"[{'date': Timestamp('2025-10-31 00:00:00'), 'volume': np.int64(28387800)}, {'date': Timestamp('2025-08-31 00:00:00'), 'volume': np.int64(15202300)}, {'date': Timestamp('2025-07-31 00:00:00'), 'volume': np.int64(14045500)}, {'date': Timestamp('2025-06-30 00:00:00'), 'volume': np.int64(13173500)}]"
H,monthly,2025-10-31,22043000,212,3,3,False,0.4283687667612422,"[{'date': Timestamp('2025-10-31 00:00:00'), 'volume': np.int64(22043000)}, {'date': Timestamp('2025-08-31 00:00:00'), 'volume': np.int64(21936000)}, {'date': Timestamp('2025-06-30 00:00:00'), 'volume': np.int64(20253800)}]"
AA,monthly,2025-10-31,185652600,212,3,3,False,0.8390437069439668,"[{'date': Timestamp('2025-10-31 00:00:00'), 'volume': np.int64(185652600)}, {'date': Timestamp('2025-07-31 00:00:00'), 'volume': np.int64(141121300)}, {'date': Timestamp('2025-06-30 00:00:00'), 'volume': np.int64(123649300)}]"
TPH,monthly,2025-07-31,26790400,212,3,3,False,0.3461189137790479,"[{'date': Timestamp('2025-07-31 00:00:00'), 'volume': np.int64(26790400)}, {'date': Timestamp('2025-04-30 00:00:00'), 'volume': np.int64(24798500)}, {'date': Timestamp('2025-03-31 00:00:00'), 'volume': np.int64(23150000)}]"
RGP,monthly,2025-10-31,12649000,212,3,3,False,0.6527640161836347,"[{'date': Timestamp('2025-10-31 00:00:00'), 'volume': np.int64(12649000)}, {'date': Timestamp('2025-07-31 00:00:00'), 'volume': np.int64(6445700)}, {'date': Timestamp('2025-06-30 00:00:00'), 'volume': np.int64(3854900)}]"
MDU,monthly,2025-10-31,63824000,212,4,4,False,0.4168657709525979,"[{'date': Timestamp('2025-10-31 00:00:00'), 'volume': np.int64(63824000)}, {'date': Timestamp('2025-09-30 00:00:00'), 'volume': np.int64(44810700)}, {'date': Timestamp('2025-08-31 00:00:00'), 'volume': np.int64(36972800)}, {'date': Timestamp('2025-06-30 00:00:00'), 'volume': np.int64(30435400)}]"
CWEN,monthly,2025-10-31,27463800,212,5,5,False,0.6412865051919273,"[{'date': Timestamp('2025-10-31 00:00:00'), 'volume': np.int64(27463800)}, {'date': Timestamp('2025-09-30 00:00:00'), 'volume': np.int64(21343200)}, {'date': Timestamp('2025-08-31 00:00:00'), 'volume': np.int64(21046700)}, {'date': Timestamp('2025-07-31 00:00:00'), 'volume': np.int64(17867200)}, {'date': Timestamp('2025-06-30 00:00:00'), 'volume': np.int64(17303200)}]"
ROCK,monthly,2025-10-31,8713700,212,3,3,True,1.0,"[{'date': Timestamp('2025-10-31 00:00:00'), 'volume': np.int64(8713700)}, {'date': Timestamp('2025-08-31 00:00:00'), 'volume': np.int64(5256700)}, {'date': Timestamp('2025-06-30 00:00:00'), 'volume': np.int64(4704100)}]"
VZ,monthly,2025-10-31,762927200,212,3,3,True,1.0,"[{'date': Timestamp('2025-10-31 00:00:00'), 'volume': np.int64(762927200)}, {'date': Timestamp('2025-07-31 00:00:00'), 'volume': np.int64(440198900)}, {'date': Timestamp('2025-06-30 00:00:00'), 'volume': np.int64(346881400)}]"
SNWV,monthly,2025-10-31,3407600,212,2,2,True,1.0,"[{'date': Timestamp('2025-10-31 00:00:00'), 'volume': np.int64(3407600)}, {'date': Timestamp('2025-06-30 00:00:00'), 'volume': np.int64(3010400)}]"
TV,monthly,2025-10-31,91954100,212,3,3,False,0.7770068613533428,"[{'date': Timestamp('2025-10-31 00:00:00'), 'volume': np.int64(91954100)}, {'date': Timestamp('2025-07-31 00:00:00'), 'volume': np.int64(40232100)}, {'date': Timestamp('2025-06-30 00:00:00'), 'volume': np.int64(39479900)}]"
VRNS,monthly,2025-10-31,70843200,212,3,3,True,1.0,"[{'date': Timestamp('2025-10-31 00:00:00'), 'volume': np.int64(70843200)}, {'date': Timestamp('2025-07-31 00:00:00'), 'volume': np.int64(37822700)}, {'date': Timestamp('2025-06-30 00:00:00'), 'volume': np.int64(26829700)}]"
RGEN,monthly,2025-10-31,26715100,212,3,3,True,1.0,"[{'date': Timestamp('2025-10-31 00:00:00'), 'volume': np.int64(26715100)}, {'date': Timestamp('2025-07-31 00:00:00'), 'volume': np.int64(20333700)}, {'date': Timestamp('2025-06-30 00:00:00'), 'volume': np.int64(15336300)}]"
DECK,monthly,2025-10-31,115421200,212,3,3,True,1.0,"[{'date': Timestamp('2025-10-31 00:00:00'), 'volume': np.int64(115421200)}, {'date': Timestamp('2025-07-31 00:00:00'), 'volume': np.int64(98179600)}, {'date': Timestamp('2025-06-30 00:00:00'), 'volume': np.int64(56781500)}]"
EHAB,monthly,2025-07-31,19351100,212,4,4,False,0.5457301510754644,"[{'date': Timestamp('2025-07-31 00:00:00'), 'volume': np.int64(19351100)}, {'date': Timestamp('2025-06-30 00:00:00'), 'volume': np.int64(9360600)}, {'date': Timestamp('2025-05-31 00:00:00'), 'volume': np.int64(9092300)}, {'date': Timestamp('2025-03-31 00:00:00'), 'volume': np.int64(8929200)}]"
TITN,monthly,2025-10-31,4989800,212,3,3,False,0.4507294160155368,"[{'date': Timestamp('2025-10-31 00:00:00'), 'volume': np.int64(4989800)}, {'date': Timestamp('2025-09-30 00:00:00'), 'volume': np.int64(4510600)}, {'date': Timestamp('2025-06-30 00:00:00'), 'volume': np.int64(3959600)}]"
ECF,monthly,2025-10-31,1098500,212,3,3,False,0.458070972853509,"[{'date': Timestamp('2025-10-31 00:00:00'), 'volume': np.int64(1098500)}, {'date': Timestamp('2025-07-31 00:00:00'), 'volume': np.int64(749000)}, {'date': Timestamp('2025-06-30 00:00:00'), 'volume': np.int64(594600)}]"
BWB,monthly,2025-10-31,2936700,212,3,3,False,0.7768636580075128,"[{'date': Timestamp('2025-10-31 00:00:00'), 'volume': np.int64(2936700)}, {'date': Timestamp('2025-09-30 00:00:00'), 'volume': np.int64(2780400)}, {'date': Timestamp('2025-06-30 00:00:00'), 'volume': np.int64(1811100)}]"
KMX,monthly,2025-10-31,125160400,212,3,3,True,1.0,"[{'date': Timestamp('2025-10-31 00:00:00'), 'volume': np.int64(125160400)}, {'date': Timestamp('2025-09-30 00:00:00'), 'volume': np.int64(103978700)}, {'date': Timestamp('2025-06-30 00:00:00'), 'volume': np.int64(80513100)}]"
AFYA,monthly,2025-10-31,2911800,212,3,3,False,0.24543983276577094,"[{'date': Timestamp('2025-10-31 00:00:00'), 'volume': np.int64(2911800)}, {'date': Timestamp('2025-07-31 00:00:00'), 'volume': np.int64(2436500)}, {'date': Timestamp('2025-06-30 00:00:00'), 'volume': np.int64(2433600)}]"
FAX,monthly,2025-10-31,5645100,212,5,5,False,0.863693258308865,"[{'date': Timestamp('2025-10-31 00:00:00'), 'volume': np.int64(5645100)}, {'date': Timestamp('2025-09-30 00:00:00'), 'volume': np.int64(3611000)}, {'date': Timestamp('2025-08-31 00:00:00'), 'volume': np.int64(3214500)}, {'date': Timestamp('2025-07-31 00:00:00'), 'volume': np.int64(3205600)}, {'date': Timestamp('2025-06-30 00:00:00'), 'volume': np.int64(2416600)}]"
VRSN,monthly,2025-10-31,22338400,212,3,3,False,0.9969829509952691,"[{'date': Timestamp('2025-10-31 00:00:00'), 'volume': np.int64(22338400)}, {'date': Timestamp('2025-07-31 00:00:00'), 'volume': np.int64(20978600)}, {'date': Timestamp('2025-06-30 00:00:00'), 'volume': np.int64(13678100)}]"
BL,monthly,2025-10-31,26131700,212,3,3,False,0.7590025850300619,"[{'date': Timestamp('2025-10-31 00:00:00'), 'volume': np.int64(26131700)}, {'date': Timestamp('2025-08-31 00:00:00'), 'volume': np.int64(20567300)}, {'date': Timestamp('2025-06-30 00:00:00'), 'volume': np.int64(16703600)}]"
FFA,monthly,2025-10-31,686700,212,3,3,False,0.3264093545013785,"[{'date': Timestamp('2025-10-31 00:00:00'), 'volume': np.int64(686700)}, {'date': Timestamp('2025-09-30 00:00:00'), 'volume': np.int64(571200)}, {'date': Timestamp('2025-06-30 00:00:00'), 'volume': np.int64(515900)}]"
FISI,monthly,2025-10-31,3299700,212,3,3,False,0.6881399762257304,"[{'date': Timestamp('2025-10-31 00:00:00'), 'volume': np.int64(3299700)}, {'date': Timestamp('2025-07-31 00:00:00'), 'volume': np.int64(3297600)}, {'date': Timestamp('2025-06-30 00:00:00'), 'volume': np.int64(3225100)}]"
NOM,monthly,2025-07-31,169300,212,3,3,False,0.5287320424734541,"[{'date': Timestamp('2025-07-31 00:00:00'), 'volume': np.int64(169300)}, {'date': Timestamp('2025-04-30 00:00:00'), 'volume': np.int64(120300)}, {'date': Timestamp('2025-03-31 00:00:00'), 'volume': np.int64(114200)}]"
MLAC,monthly,2025-10-31,8503900,212,2,2,True,1.0,"[{'date': Timestamp('2025-10-31 00:00:00'), 'volume': np.int64(8503900)}, {'date': Timestamp('2025-06-30 00:00:00'), 'volume': np.int64(588800)}]"
ABEV,monthly,2025-10-31,1159574200,212,3,3,True,1.0,"[{'date': Timestamp('2025-10-31 00:00:00'), 'volume': np.int64(1159574200)}, {'date': Timestamp('2025-09-30 00:00:00'), 'volume': np.int64(917517000)}, {'date': Timestamp('2025-06-30 00:00:00'), 'volume': np.int64(698873700)}]"
STAG,monthly,2025-10-31,35287100,212,3,3,False,0.47693906734462727,"[{'date': Timestamp('2025-10-31 00:00:00'), 'volume': np.int64(35287100)}, {'date': Timestamp('2025-07-31 00:00:00'), 'volume': np.int64(33759500)}, {'date': Timestamp('2025-06-30 00:00:00'), 'volume': np.int64(30505900)}]"
DTM,monthly,2025-10-31,19527100,212,3,3,False,0.3026833226636988,"[{'date': Timestamp('2025-10-31 00:00:00'), 'volume': np.int64(19527100)}, {'date': Timestamp('2025-07-31 00:00:00'), 'volume': np.int64(17910700)}, {'date': Timestamp('2025-06-30 00:00:00'), 'volume': np.int64(17157800)}]"
HON,monthly,2025-10-31,112592983,212,4,4,False,0.7911963158816686,"[{'date': Timestamp('2025-10-31 00:00:00'), 'volume': np.int64(112592983)}, {'date': Timestamp('2025-09-30 00:00:00'), 'volume': np.int64(104748818)}, {'date': Timestamp('2025-07-31 00:00:00'), 'volume': np.int64(85050078)}, {'date': Timestamp('2025-06-30 00:00:00'), 'volume': np.int64(64004508)}]"
ARW,monthly,2025-10-31,15028100,212,5,5,False,0.7564124504217923,"[{'date': Timestamp('2025-10-31 00:00:00'), 'volume': np.int64(15028100)}, {'date': Timestamp('2025-09-30 00:00:00'), 'volume': np.int64(11102500)}, {'date': Timestamp('2025-08-31 00:00:00'), 'volume': np.int64(10477400)}, {'date': Timestamp('2025-07-31 00:00:00'), 'volume': np.int64(9560600)}, {'date': Timestamp('2025-06-30 00:00:00'), 'volume': np.int64(9474000)}]"
BANFP,monthly,2025-10-31,30300,212,4,4,False,0.22713643178410794,"[{'date': Timestamp('2025-10-31 00:00:00'), 'volume': np.int64(30300)}, {'date': Timestamp('2025-08-31 00:00:00'), 'volume': np.int64(17700)}, {'date': Timestamp('2025-07-31 00:00:00'), 'volume': np.int64(14200)}, {'date': Timestamp('2025-06-30 00:00:00'), 'volume': np.int64(5100)}]"
ERIC,monthly,2025-10-31,494217400,212,3,3,False,0.7315446891162949,"[{'date': Timestamp('2025-10-31 00:00:00'), 'volume': np.int64(494217400)}, {'date': Timestamp('2025-07-31 00:00:00'), 'volume': np.int64(474710600)}, {'date': Timestamp('2025-06-30 00:00:00'), 'volume': np.int64(343921600)}]"
BOH,monthly,2025-10-31,11103000,212,3,3,False,0.3309921716162959,"[{'date': Timestamp('2025-10-31 00:00:00'), 'volume': np.int64(11103000)}, {'date': Timestamp('2025-07-31 00:00:00'), 'volume': np.int64(9780400)}, {'date': Timestamp('2025-06-30 00:00:00'), 'volume': np.int64(6582700)}]"
STX,monthly,2025-10-31,123932400,212,3,3,True,1.0,"[{'date': Timestamp('2025-10-31 00:00:00'), 'volume': np.int64(123932400)}, {'date': Timestamp('2025-07-31 00:00:00'), 'volume': np.int64(98682500)}, {'date': Timestamp('2025-06-30 00:00:00'), 'volume': np.int64(84713700)}]"
UPS,monthly,2025-10-31,186809600,212,5,5,True,1.0,"[{'date': Timestamp('2025-10-31 00:00:00'), 'volume': np.int64(186809600)}, {'date': Timestamp('2025-09-30 00:00:00'), 'volume': np.int64(184660000)}, {'date': Timestamp('2025-08-31 00:00:00'), 'volume': np.int64(172413900)}, {'date': Timestamp('2025-07-31 00:00:00'), 'volume': np.int64(154407700)}, {'date': Timestamp('2025-06-30 00:00:00'), 'volume': np.int64(96992100)}]"
RGLD,monthly,2025-10-31,32701300,212,4,4,True,1.0,"[{'date': Timestamp('2025-10-31 00:00:00'), 'volume': np.int64(32701300)}, {'date': Timestamp('2025-09-30 00:00:00'), 'volume': np.int64(22501500)}, {'date': Timestamp('2025-07-31 00:00:00'), 'volume': np.int64(21446500)}, {'date': Timestamp('2025-06-30 00:00:00'), 'volume': np.int64(11960300)}]"
FT,monthly,2025-10-31,1250000,212,4,4,False,0.38918986238246467,"[{'date': Timestamp('2025-10-31 00:00:00'), 'volume': np.int64(1250000)}, {'date': Timestamp('2025-08-31 00:00:00'), 'volume': np.int64(1099000)}, {'date': Timestamp('2025-07-31 00:00:00'), 'volume': np.int64(984500)}, {'date': Timestamp('2025-06-30 00:00:00'), 'volume': np.int64(559400)}]"
PSBD,monthly,2025-10-31,2886400,212,3,3,False,0.8570071258907364,"[{'date': Timestamp('2025-10-31 00:00:00'), 'volume': np.int64(2886400)}, {'date': Timestamp('2025-08-31 00:00:00'), 'volume': np.int64(1754900)}, {'date': Timestamp('2025-06-30 00:00:00'), 'volume': np.int64(880700)}]"
LOMA,monthly,2025-10-31,20355100,212,5,5,False,0.986220596429177,"[{'date': Timestamp('2025-10-31 00:00:00'), 'volume': np.int64(20355100)}, {'date': Timestamp('2025-09-30 00:00:00'), 'volume': np.int64(20012300)}, {'date': Timestamp('2025-08-31 00:00:00'), 'volume': np.int64(12304400)}, {'date': Timestamp('2025-07-31 00:00:00'), 'volume': np.int64(7155400)}, {'date': Timestamp('2025-06-30 00:00:00'), 'volume': np.int64(5952900)}]"
BANC,monthly,2025-10-31,109897900,212,3,3,True,1.0,"[{'date': Timestamp('2025-10-31 00:00:00'), 'volume': np.int64(109897900)}, {'date': Timestamp('2025-07-31 00:00:00'), 'volume': np.int64(59281100)}, {'date': Timestamp('2025-06-30 00:00:00'), 'volume': np.int64(42598300)}]"
CCD,monthly,2025-10-31,2422200,212,3,3,False,0.6085929648241206,"[{'date': Timestamp('2025-10-31 00:00:00'), 'volume': np.int64(2422200)}, {'date': Timestamp('2025-09-30 00:00:00'), 'volume': np.int64(2255200)}, {'date': Timestamp('2025-06-30 00:00:00'), 'volume': np.int64(1905300)}]"
AMTB,monthly,2025-10-31,6921900,212,3,3,True,1.0,"[{'date': Timestamp('2025-10-31 00:00:00'), 'volume': np.int64(6921900)}, {'date': Timestamp('2025-07-31 00:00:00'), 'volume': np.int64(4850600)}, {'date': Timestamp('2025-06-30 00:00:00'), 'volume': np.int64(4325600)}]"
EVT,monthly,2025-10-31,2650300,212,3,3,False,0.23324151405011045,"[{'date': Timestamp('2025-10-31 00:00:00'), 'volume': np.int64(2650300)}, {'date': Timestamp('2025-07-31 00:00:00'), 'volume': np.int64(2615100)}, {'date': Timestamp('2025-06-30 00:00:00'), 'volume': np.int64(2400700)}]"
CHI,monthly,2025-10-31,4778300,212,3,3,False,0.33005235746750106,"[{'date': Timestamp('2025-10-31 00:00:00'), 'volume': np.int64(4778300)}, {'date': Timestamp('2025-09-30 00:00:00'), 'volume': np.int64(4512800)}, {'date': Timestamp('2025-06-30 00:00:00'), 'volume': np.int64(3747200)}]"
DHR,monthly,2025-10-31,104273000,212,3,3,False,0.8318659423298862,"[{'date': Timestamp('2025-10-31 00:00:00'), 'volume': np.int64(104273000)}, {'date': Timestamp('2025-07-31 00:00:00'), 'volume': np.int64(96387500)}, {'date': Timestamp('2025-06-30 00:00:00'), 'volume': np.int64(78182800)}]"
HTD,monthly,2025-10-31,1780500,212,3,3,False,0.2802877652540772,"[{'date': Timestamp('2025-10-31 00:00:00'), 'volume': np.int64(1780500)}, {'date': Timestamp('2025-07-31 00:00:00'), 'volume': np.int64(1769800)}, {'date': Timestamp('2025-06-30 00:00:00'), 'volume': np.int64(1323200)}]"
PRM,monthly,2025-10-31,28773300,212,4,4,False,0.5070167153595935,"[{'date': Timestamp('2025-10-31 00:00:00'), 'volume': np.int64(28773300)}, {'date': Timestamp('2025-08-31 00:00:00'), 'volume': np.int64(28303400)}, {'date': Timestamp('2025-07-31 00:00:00'), 'volume': np.int64(25270000)}, {'date': Timestamp('2025-06-30 00:00:00'), 'volume': np.int64(21437800)}]"
TSM,monthly,2025-10-31,340274300,212,3,3,False,0.7634867796643635,"[{'date': Timestamp('2025-10-31 00:00:00'), 'volume': np.int64(340274300)}, {'date': Timestamp('2025-07-31 00:00:00'), 'volume': np.int64(263626300)}, {'date': Timestamp('2025-06-30 00:00:00'), 'volume': np.int64(215694600)}]"
UTG,monthly,2025-10-31,7664900,212,3,3,False,0.6930602649306027,"[{'date': Timestamp('2025-10-31 00:00:00'), 'volume': np.int64(7664900)}, {'date': Timestamp('2025-07-31 00:00:00'), 'volume': np.int64(5390800)}, {'date': Timestamp('2025-06-30 00:00:00'), 'volume': np.int64(4380900)}]"
GLAD,monthly,2025-10-31,6760500,212,5,5,True,1.0,"[{'date': Timestamp('2025-10-31 00:00:00'), 'volume': np.int64(6760500)}, {'date': Timestamp('2025-09-30 00:00:00'), 'volume': np.int64(5146600)}, {'date': Timestamp('2025-08-31 00:00:00'), 'volume': np.int64(2012000)}, {'date': Timestamp('2025-07-31 00:00:00'), 'volume': np.int64(1735900)}, {'date': Timestamp('2025-06-30 00:00:00'), 'volume': np.int64(1530100)}]"
FSV,monthly,2025-10-31,5277900,212,3,3,True,1.0,"[{'date': Timestamp('2025-10-31 00:00:00'), 'volume': np.int64(5277900)}, {'date': Timestamp('2025-07-31 00:00:00'), 'volume': np.int64(3666700)}, {'date': Timestamp('2025-06-30 00:00:00'), 'volume': np.int64(2626200)}]"
CL,monthly,2025-10-31,157466700,212,3,3,False,0.8818023034746998,"[{'date': Timestamp('2025-10-31 00:00:00'), 'volume': np.int64(157466700)}, {'date': Timestamp('2025-09-30 00:00:00'), 'volume': np.int64(116114500)}, {'date': Timestamp('2025-06-30 00:00:00'), 'volume': np.int64(106832600)}]"
AXS,monthly,2025-10-31,18834700,212,3,3,False,0.8115991364637242,"[{'date': Timestamp('2025-10-31 00:00:00'), 'volume': np.int64(18834700)}, {'date': Timestamp('2025-07-31 00:00:00'), 'volume': np.int64(16723400)}, {'date': Timestamp('2025-06-30 00:00:00'), 'volume': np.int64(15400100)}]"
METCZ,monthly,2025-10-31,350400,212,4,4,False,0.5262051359062923,"[{'date': Timestamp('2025-10-31 00:00:00'), 'volume': np.int64(350400)}, {'date': Timestamp('2025-09-30 00:00:00'), 'volume': np.int64(323800)}, {'date': Timestamp('2025-07-31 00:00:00'), 'volume': np.int64(164000)}, {'date': Timestamp('2025-06-30 00:00:00'), 'volume': np.int64(36200)}]"
HQL,monthly,2025-10-31,5368700,212,4,4,True,1.0,"[{'date': Timestamp('2025-10-31 00:00:00'), 'volume': np.int64(5368700)}, {'date': Timestamp('2025-09-30 00:00:00'), 'volume': np.int64(3295800)}, {'date': Timestamp('2025-07-31 00:00:00'), 'volume': np.int64(2912800)}, {'date': Timestamp('2025-06-30 00:00:00'), 'volume': np.int64(1691300)}]"
WAL,monthly,2025-10-31,41861900,212,3,3,False,0.12168909353588735,"[{'date': Timestamp('2025-10-31 00:00:00'), 'volume': np.int64(41861900)}, {'date': Timestamp('2025-07-31 00:00:00'), 'volume': np.int64(25232200)}, {'date': Timestamp('2025-06-30 00:00:00'), 'volume': np.int64(14434400)}]"
EBC,monthly,2025-10-31,95504900,212,3,3,True,1.0,"[{'date': Timestamp('2025-10-31 00:00:00'), 'volume': np.int64(95504900)}, {'date': Timestamp('2025-09-30 00:00:00'), 'volume': np.int64(39737100)}, {'date': Timestamp('2025-06-30 00:00:00'), 'volume': np.int64(36191600)}]"
PPTA,monthly,2025-10-31,97417300,212,2,2,True,1.0,"[{'date': Timestamp('2025-10-31 00:00:00'), 'volume': np.int64(97417300)}, {'date': Timestamp('2025-06-30 00:00:00'), 'volume': np.int64(72507600)}]"
CEPT,monthly,2025-10-31,15992400,212,3,3,False,0.8009495762966524,"[{'date': Timestamp('2025-10-31 00:00:00'), 'volume': np.int64(15992400)}, {'date': Timestamp('2025-07-31 00:00:00'), 'volume': np.int64(4575400)}, {'date': Timestamp('2025-06-30 00:00:00'), 'volume': np.int64(3713700)}]"
JRSH,monthly,2025-10-31,6401200,212,3,3,True,1.0,"[{'date': Timestamp('2025-10-31 00:00:00'), 'volume': np.int64(6401200)}, {'date': Timestamp('2025-09-30 00:00:00'), 'volume': np.int64(1829300)}, {'date': Timestamp('2025-06-30 00:00:00'), 'volume': np.int64(1324800)}]"
AWX,monthly,2025-10-31,16638800,212,2,2,True,1.0,"[{'date': Timestamp('2025-10-31 00:00:00'), 'volume': np.int64(16638800)}, {'date': Timestamp('2025-06-30 00:00:00'), 'volume': np.int64(401200)}]"
TACH,monthly,2025-10-31,3442600,212,2,2,True,1.0,"[{'date': Timestamp('2025-10-31 00:00:00'), 'volume': np.int64(3442600)}, {'date': Timestamp('2025-06-30 00:00:00'), 'volume': np.int64(1304800)}]"
AVY,monthly,2025-10-31,18234800,212,2,2,False,0.7887433603820267,"[{'date': Timestamp('2025-10-31 00:00:00'), 'volume': np.int64(18234800)}, {'date': Timestamp('2025-06-30 00:00:00'), 'volume': np.int64(16291200)}]"
FNB,monthly,2025-10-31,340664500,212,5,5,True,1.0,"[{'date': Timestamp('2025-10-31 00:00:00'), 'volume': np.int64(340664500)}, {'date': Timestamp('2025-09-30 00:00:00'), 'volume': np.int64(174353000)}, {'date': Timestamp('2025-08-31 00:00:00'), 'volume': np.int64(162480800)}, {'date': Timestamp('2025-07-31 00:00:00'), 'volume': np.int64(127460100)}, {'date': Timestamp('2025-06-30 00:00:00'), 'volume': np.int64(62184500)}]"
HBNC,monthly,2025-10-31,10105700,212,4,4,True,1.0,"[{'date': Timestamp('2025-10-31 00:00:00'), 'volume': np.int64(10105700)}, {'date': Timestamp('2025-08-31 00:00:00'), 'volume': np.int64(10035300)}, {'date': Timestamp('2025-07-31 00:00:00'), 'volume': np.int64(4469300)}, {'date': Timestamp('2025-06-30 00:00:00'), 'volume': np.int64(3409400)}]"
JBS,monthly,2025-10-31,149917700,212,3,3,True,1.0,"[{'date': Timestamp('2025-10-31 00:00:00'), 'volume': np.int64(149917700)}, {'date': Timestamp('2025-08-31 00:00:00'), 'volume': np.int64(121954400)}, {'date': Timestamp('2025-06-30 00:00:00'), 'volume': np.int64(91759200)}]"
BRW,monthly,2025-10-31,10810700,212,4,4,True,1.0,"[{'date': Timestamp('2025-10-31 00:00:00'), 'volume': np.int64(10810700)}, {'date': Timestamp('2025-09-30 00:00:00'), 'volume': np.int64(6329200)}, {'date': Timestamp('2025-07-31 00:00:00'), 'volume': np.int64(6168200)}, {'date': Timestamp('2025-06-30 00:00:00'), 'volume': np.int64(2937300)}]"
NFJ,monthly,2025-10-31,5538800,212,3,3,False,0.42457877872660094,"[{'date': Timestamp('2025-10-31 00:00:00'), 'volume': np.int64(5538800)}, {'date': Timestamp('2025-07-31 00:00:00'), 'volume': np.int64(4451600)}, {'date': Timestamp('2025-06-30 00:00:00'), 'volume': np.int64(4027500)}]"
KNX,monthly,2025-10-31,116058000,212,3,3,True,1.0,"[{'date': Timestamp('2025-10-31 00:00:00'), 'volume': np.int64(116058000)}, {'date': Timestamp('2025-07-31 00:00:00'), 'volume': np.int64(69351000)}, {'date': Timestamp('2025-06-30 00:00:00'), 'volume': np.int64(49191000)}]"
LOAN,monthly,2025-10-31,966400,212,3,3,False,0.3867611157802057,"[{'date': Timestamp('2025-10-31 00:00:00'), 'volume': np.int64(966400)}, {'date': Timestamp('2025-07-31 00:00:00'), 'volume': np.int64(540900)}, {'date': Timestamp('2025-06-30 00:00:00'), 'volume': np.int64(269700)}]"
CAKE,monthly,2025-10-31,34235100,212,3,3,False,0.31050019998566997,"[{'date': Timestamp('2025-10-31 00:00:00'), 'volume': np.int64(34235100)}, {'date': Timestamp('2025-07-31 00:00:00'), 'volume': np.int64(34219100)}, {'date': Timestamp('2025-06-30 00:00:00'), 'volume': np.int64(27659000)}]"
BFS,monthly,2025-10-31,1688300,212,3,3,False,0.6309750719437904,"[{'date': Timestamp('2025-10-31 00:00:00'), 'volume': np.int64(1688300)}, {'date': Timestamp('2025-09-30 00:00:00'), 'volume': np.int64(1514600)}, {'date': Timestamp('2025-06-30 00:00:00'), 'volume': np.int64(1370300)}]"
POWI,monthly,2025-10-31,37999800,212,3,3,True,1.0,"[{'date': Timestamp('2025-10-31 00:00:00'), 'volume': np.int64(37999800)}, {'date': Timestamp('2025-08-31 00:00:00'), 'volume': np.int64(13971000)}, {'date': Timestamp('2025-06-30 00:00:00'), 'volume': np.int64(10253800)}]"
HVII,monthly,2025-10-31,9666000,212,2,2,True,1.0,"[{'date': Timestamp('2025-10-31 00:00:00'), 'volume': np.int64(9666000)}, {'date': Timestamp('2025-06-30 00:00:00'), 'volume': np.int64(3178500)}]"
YPF,monthly,2025-10-31,83638200,212,4,4,False,0.8842107266245766,"[{'date': Timestamp('2025-10-31 00:00:00'), 'volume': np.int64(83638200)}, {'date': Timestamp('2025-09-30 00:00:00'), 'volume': np.int64(71064600)}, {'date': Timestamp('2025-07-31 00:00:00'), 'volume': np.int64(33889100)}, {'date': Timestamp('2025-06-30 00:00:00'), 'volume': np.int64(33534500)}]"
NECB,monthly,2025-10-31,1261600,212,5,5,False,0.324962007057672,"[{'date': Timestamp('2025-10-31 00:00:00'), 'volume': np.int64(1261600)}, {'date': Timestamp('2025-09-30 00:00:00'), 'volume': np.int64(1108100)}, {'date': Timestamp('2025-08-31 00:00:00'), 'volume': np.int64(1036300)}, {'date': Timestamp('2025-07-31 00:00:00'), 'volume': np.int64(815200)}, {'date': Timestamp('2025-06-30 00:00:00'), 'volume': np.int64(627600)}]"
BWXT,monthly,2025-10-31,29643700,212,3,3,False,0.8927427029501404,"[{'date': Timestamp('2025-10-31 00:00:00'), 'volume': np.int64(29643700)}, {'date': Timestamp('2025-08-31 00:00:00'), 'volume': np.int64(29153700)}, {'date': Timestamp('2025-06-30 00:00:00'), 'volume': np.int64(29111200)}]"
MXF,monthly,2025-10-31,1359700,212,2,2,False,0.6603049728049728,"[{'date': Timestamp('2025-10-31 00:00:00'), 'volume': np.int64(1359700)}, {'date': Timestamp('2025-06-30 00:00:00'), 'volume': np.int64(946700)}]"
XNCR,monthly,2025-10-31,32709300,212,3,3,True,1.0,"[{'date': Timestamp('2025-10-31 00:00:00'), 'volume': np.int64(32709300)}, {'date': Timestamp('2025-09-30 00:00:00'), 'volume': np.int64(25170600)}, {'date': Timestamp('2025-06-30 00:00:00'), 'volume': np.int64(16827100)}]"
GLXY,monthly,2025-10-31,231522300,212,3,3,True,1.0,"[{'date': Timestamp('2025-10-31 00:00:00'), 'volume': np.int64(231522300)}, {'date': Timestamp('2025-07-31 00:00:00'), 'volume': np.int64(209800500)}, {'date': Timestamp('2025-06-30 00:00:00'), 'volume': np.int64(133817100)}]"
ASTL,monthly,2025-10-31,65240400,212,3,3,True,1.0,"[{'date': Timestamp('2025-10-31 00:00:00'), 'volume': np.int64(65240400)}, {'date': Timestamp('2025-09-30 00:00:00'), 'volume': np.int64(29234800)}, {'date': Timestamp('2025-06-30 00:00:00'), 'volume': np.int64(28396000)}]"
BNH,monthly,2025-10-31,893900,212,3,3,False,0.1985650184370696,"[{'date': Timestamp('2025-10-31 00:00:00'), 'volume': np.int64(893900)}, {'date': Timestamp('2025-09-30 00:00:00'), 'volume': np.int64(827800)}, {'date': Timestamp('2025-06-30 00:00:00'), 'volume': np.int64(511800)}]"
KRNY,monthly,2025-10-31,9574700,212,4,4,False,0.6891992082058664,"[{'date': Timestamp('2025-10-31 00:00:00'), 'volume': np.int64(9574700)}, {'date': Timestamp('2025-09-30 00:00:00'), 'volume': np.int64(8473100)}, {'date': Timestamp('2025-08-31 00:00:00'), 'volume': np.int64(8223200)}, {'date': Timestamp('2025-06-30 00:00:00'), 'volume': np.int64(8111200)}]"
WTFC,monthly,2025-10-31,12339900,212,3,3,False,0.6043667566204164,"[{'date': Timestamp('2025-10-31 00:00:00'), 'volume': np.int64(12339900)}, {'date': Timestamp('2025-07-31 00:00:00'), 'volume': np.int64(10338900)}, {'date': Timestamp('2025-06-30 00:00:00'), 'volume': np.int64(7557200)}]"
BPOP,monthly,2025-10-31,13932700,212,2,2,False,0.36106302477454133,"[{'date': Timestamp('2025-10-31 00:00:00'), 'volume': np.int64(13932700)}, {'date': Timestamp('2025-06-30 00:00:00'), 'volume': np.int64(11620300)}]"
LENZ,monthly,2025-10-31,26900600,212,3,3,True,1.0,"[{'date': Timestamp('2025-10-31 00:00:00'), 'volume': np.int64(26900600)}, {'date': Timestamp('2025-08-31 00:00:00'), 'volume': np.int64(15987100)}, {'date': Timestamp('2025-06-30 00:00:00'), 'volume': np.int64(7276400)}]"
RIG,monthly,2025-10-31,1372604600,212,2,2,True,1.0,"[{'date': Timestamp('2025-10-31 00:00:00'), 'volume': np.int64(1372604600)}, {'date': Timestamp('2025-06-30 00:00:00'), 'volume': np.int64(962139500)}]"
DD,monthly,2025-10-31,166888920,212,5,5,False,0.18202677223114178,"[{'date': Timestamp('2025-10-31 00:00:00'), 'volume': np.int64(166888920)}, {'date': Timestamp('2025-09-30 00:00:00'), 'volume': np.int64(158612828)}, {'date': Timestamp('2025-08-31 00:00:00'), 'volume': np.int64(154814162)}, {'date': Timestamp('2025-07-31 00:00:00'), 'volume': np.int64(138422347)}, {'date': Timestamp('2025-06-30 00:00:00'), 'volume': np.int64(118017961)}]"
RBC,monthly,2025-10-31,5968100,212,4,4,False,0.6293273438570962,"[{'date': Timestamp('2025-10-31 00:00:00'), 'volume': np.int64(5968100)}, {'date': Timestamp('2025-09-30 00:00:00'), 'volume': np.int64(3844700)}, {'date': Timestamp('2025-08-31 00:00:00'), 'volume': np.int64(3818300)}, {'date': Timestamp('2025-06-30 00:00:00'), 'volume': np.int64(3723000)}]"
AZZ,monthly,2025-10-31,8317900,212,3,3,False,0.8131922922756557,"[{'date': Timestamp('2025-10-31 00:00:00'), 'volume': np.int64(8317900)}, {'date': Timestamp('2025-07-31 00:00:00'), 'volume': np.int64(8259600)}, {'date': Timestamp('2025-06-30 00:00:00'), 'volume': np.int64(4276600)}]"
GRND,monthly,2025-10-31,79563900,212,4,4,True,1.0,"[{'date': Timestamp('2025-10-31 00:00:00'), 'volume': np.int64(79563900)}, {'date': Timestamp('2025-08-31 00:00:00'), 'volume': np.int64(49610100)}, {'date': Timestamp('2025-07-31 00:00:00'), 'volume': np.int64(36306400)}, {'date': Timestamp('2025-06-30 00:00:00'), 'volume': np.int64(34677800)}]"
TAC,monthly,2025-10-31,56896600,212,2,2,True,1.0,"[{'date': Timestamp('2025-10-31 00:00:00'), 'volume': np.int64(56896600)}, {'date': Timestamp('2025-06-30 00:00:00'), 'volume': np.int64(36586100)}]"
HHS,monthly,2025-10-31,5884800,212,2,2,True,1.0,"[{'date': Timestamp('2025-10-31 00:00:00'), 'volume': np.int64(5884800)}, {'date': Timestamp('2025-06-30 00:00:00'), 'volume': np.int64(623800)}]"
BBD,monthly,2025-10-31,1423498300,212,3,3,True,1.0,"[{'date': Timestamp('2025-10-31 00:00:00'), 'volume': np.int64(1423498300)}, {'date': Timestamp('2025-09-30 00:00:00'), 'volume': np.int64(982959000)}, {'date': Timestamp('2025-06-30 00:00:00'), 'volume': np.int64(846993500)}]"
KIO,monthly,2025-10-31,9941300,212,3,3,True,1.0,"[{'date': Timestamp('2025-10-31 00:00:00'), 'volume': np.int64(9941300)}, {'date': Timestamp('2025-07-31 00:00:00'), 'volume': np.int64(6717800)}, {'date': Timestamp('2025-06-30 00:00:00'), 'volume': np.int64(3786000)}]"
EBAY,monthly,2025-10-31,143011800,212,3,3,False,0.3880273854185914,"[{'date': Timestamp('2025-10-31 00:00:00'), 'volume': np.int64(143011800)}, {'date': Timestamp('2025-08-31 00:00:00'), 'volume': np.int64(130922300)}, {'date': Timestamp('2025-06-30 00:00:00'), 'volume': np.int64(122161200)}]"
VLT,monthly,2025-10-31,428200,212,4,4,False,0.3344267416432365,"[{'date': Timestamp('2025-10-31 00:00:00'), 'volume': np.int64(428200)}, {'date': Timestamp('2025-09-30 00:00:00'), 'volume': np.int64(427400)}, {'date': Timestamp('2025-08-31 00:00:00'), 'volume': np.int64(401800)}, {'date': Timestamp('2025-06-30 00:00:00'), 'volume': np.int64(371600)}]"
BA,monthly,2025-10-31,187052400,212,2,2,False,0.1276692286638824,"[{'date': Timestamp('2025-10-31 00:00:00'), 'volume': np.int64(187052400)}, {'date': Timestamp('2025-06-30 00:00:00'), 'volume': np.int64(183776400)}]"
CPBI,monthly,2025-10-31,131700,212,3,3,False,0.15840750541255713,"[{'date': Timestamp('2025-10-31 00:00:00'), 'volume': np.int64(131700)}, {'date': Timestamp('2025-08-31 00:00:00'), 'volume': np.int64(96900)}, {'date': Timestamp('2025-06-30 00:00:00'), 'volume': np.int64(90100)}]"
LEVI,monthly,2025-10-31,88406100,212,3,3,False,0.8766576263455121,"[{'date': Timestamp('2025-10-31 00:00:00'), 'volume': np.int64(88406100)}, {'date': Timestamp('2025-07-31 00:00:00'), 'volume': np.int64(77998900)}, {'date': Timestamp('2025-06-30 00:00:00'), 'volume': np.int64(45126200)}]"
COLB,monthly,2025-10-31,127674500,212,5,5,True,1.0,"[{'date': Timestamp('2025-10-31 00:00:00'), 'volume': np.int64(127674500)}, {'date': Timestamp('2025-09-30 00:00:00'), 'volume': np.int64(124735500)}, {'date': Timestamp('2025-08-31 00:00:00'), 'volume': np.int64(73999000)}, {'date': Timestamp('2025-07-31 00:00:00'), 'volume': np.int64(61410200)}, {'date': Timestamp('2025-06-30 00:00:00'), 'volume': np.int64(42443300)}]"
AGD,monthly,2025-10-31,5354200,212,3,3,True,1.0,"[{'date': Timestamp('2025-10-31 00:00:00'), 'volume': np.int64(5354200)}, {'date': Timestamp('2025-09-30 00:00:00'), 'volume': np.int64(3117800)}, {'date': Timestamp('2025-06-30 00:00:00'), 'volume': np.int64(2709100)}]"
HPE,monthly,2025-10-31,878255100,212,3,3,True,1.0,"[{'date': Timestamp('2025-10-31 00:00:00'), 'volume': np.int64(878255100)}, {'date': Timestamp('2025-09-30 00:00:00'), 'volume': np.int64(542088100)}, {'date': Timestamp('2025-06-30 00:00:00'), 'volume': np.int64(412340200)}]"
GOF,monthly,2025-10-31,59771000,212,4,4,True,1.0,"[{'date': Timestamp('2025-10-31 00:00:00'), 'volume': np.int64(59771000)}, {'date': Timestamp('2025-09-30 00:00:00'), 'volume': np.int64(20858500)}, {'date': Timestamp('2025-07-31 00:00:00'), 'volume': np.int64(20031400)}, {'date': Timestamp('2025-06-30 00:00:00'), 'volume': np.int64(15301600)}]"
EW,monthly,2025-10-31,119626900,212,3,3,False,0.7794222756488567,"[{'date': Timestamp('2025-10-31 00:00:00'), 'volume': np.int64(119626900)}, {'date': Timestamp('2025-07-31 00:00:00'), 'volume': np.int64(105868600)}, {'date': Timestamp('2025-06-30 00:00:00'), 'volume': np.int64(74913300)}]"
BKU,monthly,2025-10-31,29734200,212,3,3,False,0.7512145825701401,"[{'date': Timestamp('2025-10-31 00:00:00'), 'volume': np.int64(29734200)}, {'date': Timestamp('2025-07-31 00:00:00'), 'volume': np.int64(18031300)}, {'date': Timestamp('2025-06-30 00:00:00'), 'volume': np.int64(16181500)}]"
FCN,monthly,2025-10-31,11244700,212,3,3,False,0.6354445687677301,"[{'date': Timestamp('2025-10-31 00:00:00'), 'volume': np.int64(11244700)}, {'date': Timestamp('2025-07-31 00:00:00'), 'volume': np.int64(8367400)}, {'date': Timestamp('2025-06-30 00:00:00'), 'volume': np.int64(8297600)}]"
TX,monthly,2025-10-31,5817900,212,3,3,False,0.24622696608290093,"[{'date': Timestamp('2025-10-31 00:00:00'), 'volume': np.int64(5817900)}, {'date': Timestamp('2025-07-31 00:00:00'), 'volume': np.int64(5224700)}, {'date': Timestamp('2025-06-30 00:00:00'), 'volume': np.int64(4296000)}]"
NEE,monthly,2025-10-31,238979700,212,3,3,False,0.4998471049073677,"[{'date': Timestamp('2025-10-31 00:00:00'), 'volume': np.int64(238979700)}, {'date': Timestamp('2025-07-31 00:00:00'), 'volume': np.int64(231170900)}, {'date': Timestamp('2025-06-30 00:00:00'), 'volume': np.int64(228310900)}]"
RSF,monthly,2025-10-31,882600,212,3,3,False,0.9250651140609688,"[{'date': Timestamp('2025-10-31 00:00:00'), 'volume': np.int64(882600)}, {'date': Timestamp('2025-07-31 00:00:00'), 'volume': np.int64(827300)}, {'date': Timestamp('2025-06-30 00:00:00'), 'volume': np.int64(577871)}]"
MAT,monthly,2025-10-31,109952200,212,3,3,False,0.6753712778542849,"[{'date': Timestamp('2025-10-31 00:00:00'), 'volume': np.int64(109952200)}, {'date': Timestamp('2025-07-31 00:00:00'), 'volume': np.int64(104329400)}, {'date': Timestamp('2025-06-30 00:00:00'), 'volume': np.int64(55383800)}]"
BME,monthly,2025-10-31,1286200,212,4,4,False,0.7602553493320724,"[{'date': Timestamp('2025-10-31 00:00:00'), 'volume': np.int64(1286200)}, {'date': Timestamp('2025-08-31 00:00:00'), 'volume': np.int64(1282200)}, {'date': Timestamp('2025-07-31 00:00:00'), 'volume': np.int64(991000)}, {'date': Timestamp('2025-06-30 00:00:00'), 'volume': np.int64(834900)}]"
PDEX,monthly,2025-10-31,1843500,212,2,2,True,1.0,"[{'date': Timestamp('2025-10-31 00:00:00'), 'volume': np.int64(1843500)}, {'date': Timestamp('2025-06-30 00:00:00'), 'volume': np.int64(1283700)}]"
SLGN,monthly,2025-10-31,31643000,212,5,5,True,1.0,"[{'date': Timestamp('2025-10-31 00:00:00'), 'volume': np.int64(31643000)}, {'date': Timestamp('2025-09-30 00:00:00'), 'volume': np.int64(25430500)}, {'date': Timestamp('2025-08-31 00:00:00'), 'volume': np.int64(22231400)}, {'date': Timestamp('2025-07-31 00:00:00'), 'volume': np.int64(22185800)}, {'date': Timestamp('2025-06-30 00:00:00'), 'volume': np.int64(11851400)}]"
HBAN,monthly,2025-10-31,881912900,212,3,3,True,1.0,"[{'date': Timestamp('2025-10-31 00:00:00'), 'volume': np.int64(881912900)}, {'date': Timestamp('2025-07-31 00:00:00'), 'volume': np.int64(856575300)}, {'date': Timestamp('2025-06-30 00:00:00'), 'volume': np.int64(568329000)}]"
NOMD,monthly,2025-10-31,51643400,212,4,4,True,1.0,"[{'date': Timestamp('2025-10-31 00:00:00'), 'volume': np.int64(51643400)}, {'date': Timestamp('2025-09-30 00:00:00'), 'volume': np.int64(36572800)}, {'date': Timestamp('2025-08-31 00:00:00'), 'volume': np.int64(25965500)}, {'date': Timestamp('2025-06-30 00:00:00'), 'volume': np.int64(16541700)}]"
KFFB,monthly,2025-10-31,875800,212,2,2,True,1.0,"[{'date': Timestamp('2025-10-31 00:00:00'), 'volume': np.int64(875800)}, {'date': Timestamp('2025-06-30 00:00:00'), 'volume': np.int64(153200)}]"
SHW,monthly,2025-10-31,50912400,212,4,4,False,0.7232203736533479,"[{'date': Timestamp('2025-10-31 00:00:00'), 'volume': np.int64(50912400)}, {'date': Timestamp('2025-08-31 00:00:00'), 'volume': np.int64(41683300)}, {'date': Timestamp('2025-07-31 00:00:00'), 'volume': np.int64(38985300)}, {'date': Timestamp('2025-06-30 00:00:00'), 'volume': np.int64(31855100)}]"
TW,monthly,2025-10-31,39518500,212,4,4,True,1.0,"[{'date': Timestamp('2025-10-31 00:00:00'), 'volume': np.int64(39518500)}, {'date': Timestamp('2025-09-30 00:00:00'), 'volume': np.int64(36392700)}, {'date': Timestamp('2025-07-31 00:00:00'), 'volume': np.int64(29768100)}, {'date': Timestamp('2025-06-30 00:00:00'), 'volume': np.int64(23878600)}]"
GVA,monthly,2025-10-31,17944000,212,3,3,False,0.615656983267058,"[{'date': Timestamp('2025-10-31 00:00:00'), 'volume': np.int64(17944000)}, {'date': Timestamp('2025-08-31 00:00:00'), 'volume': np.int64(14069800)}, {'date': Timestamp('2025-06-30 00:00:00'), 'volume': np.int64(10698100)}]"
LANDP,monthly,2025-10-31,686100,212,4,4,False,0.7294280246651074,"[{'date': Timestamp('2025-10-31 00:00:00'), 'volume': np.int64(686100)}, {'date': Timestamp('2025-08-31 00:00:00'), 'volume': np.int64(579000)}, {'date': Timestamp('2025-07-31 00:00:00'), 'volume': np.int64(543700)}, {'date': Timestamp('2025-06-30 00:00:00'), 'volume': np.int64(374300)}]"
INR,monthly,2025-10-31,9342800,212,3,3,False,0.9286246757248358,"[{'date': Timestamp('2025-10-31 00:00:00'), 'volume': np.int64(9342800)}, {'date': Timestamp('2025-07-31 00:00:00'), 'volume': np.int64(7098000)}, {'date': Timestamp('2025-06-30 00:00:00'), 'volume': np.int64(6573900)}]"
SBSI,monthly,2025-10-31,3251200,212,3,3,False,0.5952507369230488,"[{'date': Timestamp('2025-10-31 00:00:00'), 'volume': np.int64(3251200)}, {'date': Timestamp('2025-09-30 00:00:00'), 'volume': np.int64(2693000)}, {'date': Timestamp('2025-06-30 00:00:00'), 'volume': np.int64(2584500)}]"
GKOS,monthly,2025-10-31,32662000,212,3,3,False,0.9535208923895242,"[{'date': Timestamp('2025-10-31 00:00:00'), 'volume': np.int64(32662000)}, {'date': Timestamp('2025-07-31 00:00:00'), 'volume': np.int64(23764900)}, {'date': Timestamp('2025-06-30 00:00:00'), 'volume': np.int64(18628800)}]"
WFG,monthly,2025-10-31,5761100,212,4,4,False,0.5163525225637027,"[{'date': Timestamp('2025-10-31 00:00:00'), 'volume': np.int64(5761100)}, {'date': Timestamp('2025-08-31 00:00:00'), 'volume': np.int64(5458800)}, {'date': Timestamp('2025-07-31 00:00:00'), 'volume': np.int64(5191900)}, {'date': Timestamp('2025-06-30 00:00:00'), 'volume': np.int64(4442600)}]"
KIDS,monthly,2025-10-31,5411100,212,4,4,False,0.8192678052325582,"[{'date': Timestamp('2025-10-31 00:00:00'), 'volume': np.int64(5411100)}, {'date': Timestamp('2025-08-31 00:00:00'), 'volume': np.int64(3717400)}, {'date': Timestamp('2025-07-31 00:00:00'), 'volume': np.int64(3233500)}, {'date': Timestamp('2025-06-30 00:00:00'), 'volume': np.int64(3137500)}]"
ARDC,monthly,2025-10-31,3800900,212,4,4,False,0.6024090656945875,"[{'date': Timestamp('2025-10-31 00:00:00'), 'volume': np.int64(3800900)}, {'date': Timestamp('2025-09-30 00:00:00'), 'volume': np.int64(2391700)}, {'date': Timestamp('2025-07-31 00:00:00'), 'volume': np.int64(2257300)}, {'date': Timestamp('2025-06-30 00:00:00'), 'volume': np.int64(1744300)}]"
HYAC,monthly,2025-07-31,8397600,212,4,4,True,1.0,"[{'date': Timestamp('2025-07-31 00:00:00'), 'volume': np.int64(8397600)}, {'date': Timestamp('2025-06-30 00:00:00'), 'volume': np.int64(1390900)}, {'date': Timestamp('2025-04-30 00:00:00'), 'volume': np.int64(1201300)}, {'date': Timestamp('2025-03-31 00:00:00'), 'volume': np.int64(343800)}]"
OSK,monthly,2025-10-31,19165400,212,3,3,False,0.8009377860059259,"[{'date': Timestamp('2025-10-31 00:00:00'), 'volume': np.int64(19165400)}, {'date': Timestamp('2025-07-31 00:00:00'), 'volume': np.int64(17562800)}, {'date': Timestamp('2025-06-30 00:00:00'), 'volume': np.int64(17168800)}]"
SDHY,monthly,2025-10-31,1960200,212,4,4,False,0.4108400402414487,"[{'date': Timestamp('2025-10-31 00:00:00'), 'volume': np.int64(1960200)}, {'date': Timestamp('2025-09-30 00:00:00'), 'volume': np.int64(1516500)}, {'date': Timestamp('2025-07-31 00:00:00'), 'volume': np.int64(1145300)}, {'date': Timestamp('2025-06-30 00:00:00'), 'volume': np.int64(1046500)}]"
DFIN,monthly,2025-10-31,7794300,212,4,4,False,0.8772721645075242,"[{'date': Timestamp('2025-10-31 00:00:00'), 'volume': np.int64(7794300)}, {'date': Timestamp('2025-09-30 00:00:00'), 'volume': np.int64(5886000)}, {'date': Timestamp('2025-08-31 00:00:00'), 'volume': np.int64(5844700)}, {'date': Timestamp('2025-06-30 00:00:00'), 'volume': np.int64(5348000)}]"
ACI,monthly,2025-10-31,204054300,212,3,3,True,1.0,"[{'date': Timestamp('2025-10-31 00:00:00'), 'volume': np.int64(204054300)}, {'date': Timestamp('2025-07-31 00:00:00'), 'volume': np.int64(157120200)}, {'date': Timestamp('2025-06-30 00:00:00'), 'volume': np.int64(98538000)}]"
GECCH,monthly,2025-10-31,73100,212,2,2,False,0.27741935483870966,"[{'date': Timestamp('2025-10-31 00:00:00'), 'volume': np.int64(73100)}, {'date': Timestamp('2025-06-30 00:00:00'), 'volume': np.int64(63100)}]"
RMD,monthly,2025-10-31,24558800,212,4,4,False,0.6283160256557857,"[{'date': Timestamp('2025-10-31 00:00:00'), 'volume': np.int64(24558800)}, {'date': Timestamp('2025-08-31 00:00:00'), 'volume': np.int64(22104500)}, {'date': Timestamp('2025-07-31 00:00:00'), 'volume': np.int64(20771200)}, {'date': Timestamp('2025-06-30 00:00:00'), 'volume': np.int64(15760500)}]"
KAI,monthly,2025-10-31,3703500,212,3,3,False,0.7143270454808471,"[{'date': Timestamp('2025-10-31 00:00:00'), 'volume': np.int64(3703500)}, {'date': Timestamp('2025-07-31 00:00:00'), 'volume': np.int64(2543400)}, {'date': Timestamp('2025-06-30 00:00:00'), 'volume': np.int64(2524800)}]"
ZBRA,monthly,2025-10-31,16500500,212,3,3,False,0.9227074211388661,"[{'date': Timestamp('2025-10-31 00:00:00'), 'volume': np.int64(16500500)}, {'date': Timestamp('2025-08-31 00:00:00'), 'volume': np.int64(13840600)}, {'date': Timestamp('2025-06-30 00:00:00'), 'volume': np.int64(9653700)}]"
PYPL,monthly,2025-10-31,445175800,212,4,4,False,0.662867034926296,"[{'date': Timestamp('2025-10-31 00:00:00'), 'volume': np.int64(445175800)}, {'date': Timestamp('2025-09-30 00:00:00'), 'volume': np.int64(270051600)}, {'date': Timestamp('2025-07-31 00:00:00'), 'volume': np.int64(260769700)}, {'date': Timestamp('2025-06-30 00:00:00'), 'volume': np.int64(195602200)}]"
EEFT,monthly,2025-10-31,19530900,212,4,4,False,0.7592363670289686,"[{'date': Timestamp('2025-10-31 00:00:00'), 'volume': np.int64(19530900)}, {'date': Timestamp('2025-09-30 00:00:00'), 'volume': np.int64(17902700)}, {'date': Timestamp('2025-08-31 00:00:00'), 'volume': np.int64(17817000)}, {'date': Timestamp('2025-06-30 00:00:00'), 'volume': np.int64(9278000)}]"
BTSG,monthly,2025-10-31,118191700,212,3,3,True,1.0,"[{'date': Timestamp('2025-10-31 00:00:00'), 'volume': np.int64(118191700)}, {'date': Timestamp('2025-09-30 00:00:00'), 'volume': np.int64(74413500)}, {'date': Timestamp('2025-06-30 00:00:00'), 'volume': np.int64(66036200)}]"
LPAAU,monthly,2025-10-31,19100,212,2,2,False,0.0009736999067083336,"[{'date': Timestamp('2025-10-31 00:00:00'), 'volume': np.int64(19100)}, {'date': Timestamp('2025-06-30 00:00:00'), 'volume': np.int64(5000)}]"
PAI,monthly,2025-10-31,846200,212,4,4,False,0.9275457634550038,"[{'date': Timestamp('2025-10-31 00:00:00'), 'volume': np.int64(846200)}, {'date': Timestamp('2025-09-30 00:00:00'), 'volume': np.int64(414600)}, {'date': Timestamp('2025-08-31 00:00:00'), 'volume': np.int64(335100)}, {'date': Timestamp('2025-06-30 00:00:00'), 'volume': np.int64(332700)}]"
JNJ,monthly,2025-10-31,195076400,212,3,3,False,0.1798165722815031,"[{'date': Timestamp('2025-10-31 00:00:00'), 'volume': np.int64(195076400)}, {'date': Timestamp('2025-07-31 00:00:00'), 'volume': np.int64(187621300)}, {'date': Timestamp('2025-06-30 00:00:00'), 'volume': np.int64(159004100)}]"
WU,monthly,2025-10-31,312139900,212,3,3,True,1.0,"[{'date': Timestamp('2025-10-31 00:00:00'), 'volume': np.int64(312139900)}, {'date': Timestamp('2025-07-31 00:00:00'), 'volume': np.int64(216864600)}, {'date': Timestamp('2025-06-30 00:00:00'), 'volume': np.int64(168266400)}]"
SJT,monthly,2025-10-31,5781400,212,3,3,False,0.19782039657148723,"[{'date': Timestamp('2025-10-31 00:00:00'), 'volume': np.int64(5781400)}, {'date': Timestamp('2025-08-31 00:00:00'), 'volume': np.int64(4860700)}, {'date': Timestamp('2025-06-30 00:00:00'), 'volume': np.int64(4694800)}]"
TG,monthly,2025-10-31,3641800,212,5,5,False,0.19755993034572175,"[{'date': Timestamp('2025-10-31 00:00:00'), 'volume': np.int64(3641800)}, {'date': Timestamp('2025-09-30 00:00:00'), 'volume': np.int64(1989500)}, {'date': Timestamp('2025-08-31 00:00:00'), 'volume': np.int64(1913200)}, {'date': Timestamp('2025-07-31 00:00:00'), 'volume': np.int64(1558200)}, {'date': Timestamp('2025-06-30 00:00:00'), 'volume': np.int64(1489300)}]"
CCJ,monthly,2025-10-31,138278300,212,2,2,False,0.537050242079499,"[{'date': Timestamp('2025-10-31 00:00:00'), 'volume': np.int64(138278300)}, {'date': Timestamp('2025-06-30 00:00:00'), 'volume': np.int64(123588800)}]"
SFM,monthly,2025-10-31,71931400,212,2,2,True,1.0,"[{'date': Timestamp('2025-10-31 00:00:00'), 'volume': np.int64(71931400)}, {'date': Timestamp('2025-06-30 00:00:00'), 'volume': np.int64(52868800)}]"
LSTR,monthly,2025-10-31,11626400,212,3,3,True,1.0,"[{'date': Timestamp('2025-10-31 00:00:00'), 'volume': np.int64(11626400)}, {'date': Timestamp('2025-07-31 00:00:00'), 'volume': np.int64(9746100)}, {'date': Timestamp('2025-06-30 00:00:00'), 'volume': np.int64(6684800)}]"
SPPP,monthly,2025-10-31,37863500,212,2,2,True,1.0,"[{'date': Timestamp('2025-10-31 00:00:00'), 'volume': np.int64(37863500)}, {'date': Timestamp('2025-06-30 00:00:00'), 'volume': np.int64(24667900)}]"
IONR,monthly,2025-10-31,16076300,212,4,4,True,1.0,"[{'date': Timestamp('2025-10-31 00:00:00'), 'volume': np.int64(16076300)}, {'date': Timestamp('2025-09-30 00:00:00'), 'volume': np.int64(2738000)}, {'date': Timestamp('2025-07-31 00:00:00'), 'volume': np.int64(930000)}, {'date': Timestamp('2025-06-30 00:00:00'), 'volume': np.int64(314300)}]"
WEC,monthly,2025-10-31,49903400,212,4,4,False,0.7273318214412723,"[{'date': Timestamp('2025-10-31 00:00:00'), 'volume': np.int64(49903400)}, {'date': Timestamp('2025-09-30 00:00:00'), 'volume': np.int64(45767700)}, {'date': Timestamp('2025-08-31 00:00:00'), 'volume': np.int64(45041400)}, {'date': Timestamp('2025-06-30 00:00:00'), 'volume': np.int64(44251100)}]"
OMSE,monthly,2025-10-31,3683400,212,5,5,False,0.9139496799166295,"[{'date': Timestamp('2025-10-31 00:00:00'), 'volume': np.int64(3683400)}, {'date': Timestamp('2025-09-30 00:00:00'), 'volume': np.int64(2386100)}, {'date': Timestamp('2025-08-31 00:00:00'), 'volume': np.int64(2075700)}, {'date': Timestamp('2025-07-31 00:00:00'), 'volume': np.int64(1681500)}, {'date': Timestamp('2025-06-30 00:00:00'), 'volume': np.int64(1637500)}]"
CHMI,monthly,2025-10-31,7635600,212,3,3,False,0.48546578164339665,"[{'date': Timestamp('2025-10-31 00:00:00'), 'volume': np.int64(7635600)}, {'date': Timestamp('2025-09-30 00:00:00'), 'volume': np.int64(7532800)}, {'date': Timestamp('2025-06-30 00:00:00'), 'volume': np.int64(6046400)}]"
UTF,monthly,2025-10-31,15415500,212,4,4,False,0.8453287709543159,"[{'date': Timestamp('2025-10-31 00:00:00'), 'volume': np.int64(15415500)}, {'date': Timestamp('2025-09-30 00:00:00'), 'volume': np.int64(11693800)}, {'date': Timestamp('2025-07-31 00:00:00'), 'volume': np.int64(3829400)}, {'date': Timestamp('2025-06-30 00:00:00'), 'volume': np.int64(3541400)}]"
MDBH,monthly,2025-10-31,511400,212,3,3,False,0.6043488536988891,"[{'date': Timestamp('2025-10-31 00:00:00'), 'volume': np.int64(511400)}, {'date': Timestamp('2025-08-31 00:00:00'), 'volume': np.int64(257600)}, {'date': Timestamp('2025-06-30 00:00:00'), 'volume': np.int64(96900)}]"
R,monthly,2025-10-31,9949900,212,3,3,False,0.3462376292749468,"[{'date': Timestamp('2025-10-31 00:00:00'), 'volume': np.int64(9949900)}, {'date': Timestamp('2025-07-31 00:00:00'), 'volume': np.int64(9514700)}, {'date': Timestamp('2025-06-30 00:00:00'), 'volume': np.int64(5841900)}]"
DTSQ,monthly,2025-10-31,481900,212,5,5,False,0.2408777366789963,"[{'date': Timestamp('2025-10-31 00:00:00'), 'volume': np.int64(481900)}, {'date': Timestamp('2025-09-30 00:00:00'), 'volume': np.int64(409100)}, {'date': Timestamp('2025-08-31 00:00:00'), 'volume': np.int64(223100)}, {'date': Timestamp('2025-07-31 00:00:00'), 'volume': np.int64(64600)}, {'date': Timestamp('2025-06-30 00:00:00'), 'volume': np.int64(10200)}]"
MTLS,monthly,2025-10-31,5072200,212,4,4,False,0.2635401945298861,"[{'date': Timestamp('2025-10-31 00:00:00'), 'volume': np.int64(5072200)}, {'date': Timestamp('2025-08-31 00:00:00'), 'volume': np.int64(2690800)}, {'date': Timestamp('2025-07-31 00:00:00'), 'volume': np.int64(2393600)}, {'date': Timestamp('2025-06-30 00:00:00'), 'volume': np.int64(1826800)}]"
PBHC,monthly,2025-10-31,125500,212,3,3,False,0.5582740213523132,"[{'date': Timestamp('2025-10-31 00:00:00'), 'volume': np.int64(125500)}, {'date': Timestamp('2025-09-30 00:00:00'), 'volume': np.int64(112300)}, {'date': Timestamp('2025-06-30 00:00:00'), 'volume': np.int64(103400)}]"
IRT,monthly,2025-10-31,75021100,212,3,3,False,0.45667856740658225,"[{'date': Timestamp('2025-10-31 00:00:00'), 'volume': np.int64(75021100)}, {'date': Timestamp('2025-07-31 00:00:00'), 'volume': np.int64(60896800)}, {'date': Timestamp('2025-06-30 00:00:00'), 'volume': np.int64(51239400)}]"
ANSC,monthly,2025-10-31,5984300,212,3,3,False,0.8128081494057725,"[{'date': Timestamp('2025-10-31 00:00:00'), 'volume': np.int64(5984300)}, {'date': Timestamp('2025-07-31 00:00:00'), 'volume': np.int64(1479400)}, {'date': Timestamp('2025-06-30 00:00:00'), 'volume': np.int64(1104700)}]"
PHM,monthly,2025-10-31,56891500,212,3,3,False,0.4046495417672811,"[{'date': Timestamp('2025-10-31 00:00:00'), 'volume': np.int64(56891500)}, {'date': Timestamp('2025-07-31 00:00:00'), 'volume': np.int64(52764100)}, {'date': Timestamp('2025-06-30 00:00:00'), 'volume': np.int64(37152500)}]"
FHN,monthly,2025-10-31,381026800,212,5,5,False,0.824999047312208,"[{'date': Timestamp('2025-10-31 00:00:00'), 'volume': np.int64(381026800)}, {'date': Timestamp('2025-09-30 00:00:00'), 'volume': np.int64(241128900)}, {'date': Timestamp('2025-08-31 00:00:00'), 'volume': np.int64(209574800)}, {'date': Timestamp('2025-07-31 00:00:00'), 'volume': np.int64(185041300)}, {'date': Timestamp('2025-06-30 00:00:00'), 'volume': np.int64(112728900)}]"
XP,monthly,2025-10-31,150170800,212,5,5,False,0.6752165766877289,"[{'date': Timestamp('2025-10-31 00:00:00'), 'volume': np.int64(150170800)}, {'date': Timestamp('2025-09-30 00:00:00'), 'volume': np.int64(143763400)}, {'date': Timestamp('2025-08-31 00:00:00'), 'volume': np.int64(143662100)}, {'date': Timestamp('2025-07-31 00:00:00'), 'volume': np.int64(116745400)}, {'date': Timestamp('2025-06-30 00:00:00'), 'volume': np.int64(116134200)}]"
DSU,monthly,2025-10-31,7467100,212,3,3,False,0.6488672998548823,"[{'date': Timestamp('2025-10-31 00:00:00'), 'volume': np.int64(7467100)}, {'date': Timestamp('2025-07-31 00:00:00'), 'volume': np.int64(6585700)}, {'date': Timestamp('2025-06-30 00:00:00'), 'volume': np.int64(4250300)}]"
CSWC,monthly,2025-10-31,14816300,212,3,3,False,0.9298543993975148,"[{'date': Timestamp('2025-10-31 00:00:00'), 'volume': np.int64(14816300)}, {'date': Timestamp('2025-08-31 00:00:00'), 'volume': np.int64(12723200)}, {'date': Timestamp('2025-06-30 00:00:00'), 'volume': np.int64(12289200)}]"
GECC,monthly,2025-10-31,6296500,212,5,5,True,1.0,"[{'date': Timestamp('2025-10-31 00:00:00'), 'volume': np.int64(6296500)}, {'date': Timestamp('2025-09-30 00:00:00'), 'volume': np.int64(4056400)}, {'date': Timestamp('2025-08-31 00:00:00'), 'volume': np.int64(929500)}, {'date': Timestamp('2025-07-31 00:00:00'), 'volume': np.int64(590800)}, {'date': Timestamp('2025-06-30 00:00:00'), 'volume': np.int64(402500)}]"
TCBI,monthly,2025-10-31,12588600,212,3,3,False,0.37776377385667986,"[{'date': Timestamp('2025-10-31 00:00:00'), 'volume': np.int64(12588600)}, {'date': Timestamp('2025-07-31 00:00:00'), 'volume': np.int64(12523600)}, {'date': Timestamp('2025-06-30 00:00:00'), 'volume': np.int64(8532100)}]"
RACE,monthly,2025-10-31,26174800,212,4,4,True,1.0,"[{'date': Timestamp('2025-10-31 00:00:00'), 'volume': np.int64(26174800)}, {'date': Timestamp('2025-08-31 00:00:00'), 'volume': np.int64(10223500)}, {'date': Timestamp('2025-07-31 00:00:00'), 'volume': np.int64(8489900)}, {'date': Timestamp('2025-06-30 00:00:00'), 'volume': np.int64(6909100)}]"
ITW,monthly,2025-10-31,29594200,212,3,3,False,0.49836148392637625,"[{'date': Timestamp('2025-10-31 00:00:00'), 'volume': np.int64(29594200)}, {'date': Timestamp('2025-07-31 00:00:00'), 'volume': np.int64(23048600)}, {'date': Timestamp('2025-06-30 00:00:00'), 'volume': np.int64(17159300)}]"
CODI,monthly,2025-10-31,54909300,212,2,2,True,1.0,"[{'date': Timestamp('2025-10-31 00:00:00'), 'volume': np.int64(54909300)}, {'date': Timestamp('2025-06-30 00:00:00'), 'volume': np.int64(34866900)}]"
PGZ,monthly,2025-10-31,875200,212,4,4,False,0.5308746815479801,"[{'date': Timestamp('2025-10-31 00:00:00'), 'volume': np.int64(875200)}, {'date': Timestamp('2025-08-31 00:00:00'), 'volume': np.int64(688900)}, {'date': Timestamp('2025-07-31 00:00:00'), 'volume': np.int64(508000)}, {'date': Timestamp('2025-06-30 00:00:00'), 'volume': np.int64(389600)}]"
MGM,monthly,2025-10-31,118535600,212,3,3,False,0.15459652187953257,"[{'date': Timestamp('2025-10-31 00:00:00'), 'volume': np.int64(118535600)}, {'date': Timestamp('2025-07-31 00:00:00'), 'volume': np.int64(109039600)}, {'date': Timestamp('2025-06-30 00:00:00'), 'volume': np.int64(99538200)}]"
T,monthly,2025-10-31,1441913000,212,3,3,False,0.7656459961597095,"[{'date': Timestamp('2025-10-31 00:00:00'), 'volume': np.int64(1441913000)}, {'date': Timestamp('2025-07-31 00:00:00'), 'volume': np.int64(726625100)}, {'date': Timestamp('2025-06-30 00:00:00'), 'volume': np.int64(617442400)}]"
JGH,monthly,2025-10-31,4291400,212,5,5,False,0.9989524895830909,"[{'date': Timestamp('2025-10-31 00:00:00'), 'volume': np.int64(4291400)}, {'date': Timestamp('2025-09-30 00:00:00'), 'volume': np.int64(1427300)}, {'date': Timestamp('2025-08-31 00:00:00'), 'volume': np.int64(1381500)}, {'date': Timestamp('2025-07-31 00:00:00'), 'volume': np.int64(1115300)}, {'date': Timestamp('2025-06-30 00:00:00'), 'volume': np.int64(976500)}]"
SAY,monthly,2025-10-31,203400,212,4,4,False,0.4699630314232902,"[{'date': Timestamp('2025-10-31 00:00:00'), 'volume': np.int64(203400)}, {'date': Timestamp('2025-08-31 00:00:00'), 'volume': np.int64(116600)}, {'date': Timestamp('2025-07-31 00:00:00'), 'volume': np.int64(62400)}, {'date': Timestamp('2025-06-30 00:00:00'), 'volume': np.int64(58900)}]"
KNF,monthly,2025-10-31,17425400,212,3,3,False,0.8304848871900945,"[{'date': Timestamp('2025-10-31 00:00:00'), 'volume': np.int64(17425400)}, {'date': Timestamp('2025-08-31 00:00:00'), 'volume': np.int64(16022500)}, {'date': Timestamp('2025-06-30 00:00:00'), 'volume': np.int64(15405700)}]"
BPYPP,monthly,2025-10-31,671300,212,4,4,False,0.5264685122735472,"[{'date': Timestamp('2025-10-31 00:00:00'), 'volume': np.int64(671300)}, {'date': Timestamp('2025-08-31 00:00:00'), 'volume': np.int64(502200)}, {'date': Timestamp('2025-07-31 00:00:00'), 'volume': np.int64(320900)}, {'date': Timestamp('2025-06-30 00:00:00'), 'volume': np.int64(318700)}]"
IRS,monthly,2025-10-31,8318500,212,4,4,True,1.0,"[{'date': Timestamp('2025-10-31 00:00:00'), 'volume': np.int64(8318500)}, {'date': Timestamp('2025-09-30 00:00:00'), 'volume': np.int64(7295400)}, {'date': Timestamp('2025-07-31 00:00:00'), 'volume': np.int64(3995500)}, {'date': Timestamp('2025-06-30 00:00:00'), 'volume': np.int64(2851100)}]"
ITGR,monthly,2025-10-31,35918600,212,3,3,True,1.0,"[{'date': Timestamp('2025-10-31 00:00:00'), 'volume': np.int64(35918600)}, {'date': Timestamp('2025-07-31 00:00:00'), 'volume': np.int64(11100700)}, {'date': Timestamp('2025-06-30 00:00:00'), 'volume': np.int64(8592300)}]"
NTB,monthly,2025-10-31,5495600,212,4,4,False,0.5384359140164208,"[{'date': Timestamp('2025-10-31 00:00:00'), 'volume': np.int64(5495600)}, {'date': Timestamp('2025-08-31 00:00:00'), 'volume': np.int64(4005000)}, {'date': Timestamp('2025-07-31 00:00:00'), 'volume': np.int64(3500700)}, {'date': Timestamp('2025-06-30 00:00:00'), 'volume': np.int64(3336800)}]"
ONB,monthly,2025-10-31,130098500,212,4,4,False,0.980964100522458,"[{'date': Timestamp('2025-10-31 00:00:00'), 'volume': np.int64(130098500)}, {'date': Timestamp('2025-09-30 00:00:00'), 'volume': np.int64(85595000)}, {'date': Timestamp('2025-07-31 00:00:00'), 'volume': np.int64(76619300)}, {'date': Timestamp('2025-06-30 00:00:00'), 'volume': np.int64(59778200)}]"
BMY,monthly,2025-10-31,410358300,212,4,4,False,0.9190333134159353,"[{'date': Timestamp('2025-10-31 00:00:00'), 'volume': np.int64(410358300)}, {'date': Timestamp('2025-09-30 00:00:00'), 'volume': np.int64(305591500)}, {'date': Timestamp('2025-07-31 00:00:00'), 'volume': np.int64(294309100)}, {'date': Timestamp('2025-06-30 00:00:00'), 'volume': np.int64(281009200)}]"
ETB,monthly,2025-10-31,1451700,212,3,3,False,0.2970047874299276,"[{'date': Timestamp('2025-10-31 00:00:00'), 'volume': np.int64(1451700)}, {'date': Timestamp('2025-07-31 00:00:00'), 'volume': np.int64(1416800)}, {'date': Timestamp('2025-06-30 00:00:00'), 'volume': np.int64(1278400)}]"
AMZN,monthly,2025-10-31,1196876800,212,4,4,False,0.3653267126185297,"[{'date': Timestamp('2025-10-31 00:00:00'), 'volume': np.int64(1196876800)}, {'date': Timestamp('2025-09-30 00:00:00'), 'volume': np.int64(965100000)}, {'date': Timestamp('2025-08-31 00:00:00'), 'volume': np.int64(877658700)}, {'date': Timestamp('2025-06-30 00:00:00'), 'volume': np.int64(870687900)}]"
OPP,monthly,2025-10-31,3842400,212,4,4,False,0.8432357129548735,"[{'date': Timestamp('2025-10-31 00:00:00'), 'volume': np.int64(3842400)}, {'date': Timestamp('2025-08-31 00:00:00'), 'volume': np.int64(2109700)}, {'date': Timestamp('2025-07-31 00:00:00'), 'volume': np.int64(1477500)}, {'date': Timestamp('2025-06-30 00:00:00'), 'volume': np.int64(1450400)}]"
MANU,monthly,2025-10-31,10508500,212,3,3,False,0.12802207508208105,"[{'date': Timestamp('2025-10-31 00:00:00'), 'volume': np.int64(10508500)}, {'date': Timestamp('2025-09-30 00:00:00'), 'volume': np.int64(9503500)}, {'date': Timestamp('2025-06-30 00:00:00'), 'volume': np.int64(8916400)}]"
NXJ,monthly,2025-07-31,4476100,212,3,3,True,1.0,"[{'date': Timestamp('2025-07-31 00:00:00'), 'volume': np.int64(4476100)}, {'date': Timestamp('2025-04-30 00:00:00'), 'volume': np.int64(3457800)}, {'date': Timestamp('2025-03-31 00:00:00'), 'volume': np.int64(2179600)}]"
TACO,monthly,2025-10-31,8752300,212,2,2,True,1.0,"[{'date': Timestamp('2025-10-31 00:00:00'), 'volume': np.int64(8752300)}, {'date': Timestamp('2025-06-30 00:00:00'), 'volume': np.int64(8232800)}]"
TVA,monthly,2025-10-31,9602600,212,3,3,True,1.0,"[{'date': Timestamp('2025-10-31 00:00:00'), 'volume': np.int64(9602600)}, {'date': Timestamp('2025-09-30 00:00:00'), 'volume': np.int64(8853600)}, {'date': Timestamp('2025-06-30 00:00:00'), 'volume': np.int64(1306600)}]"
GTES,monthly,2025-10-31,56579100,212,4,4,False,0.5453822507930725,"[{'date': Timestamp('2025-10-31 00:00:00'), 'volume': np.int64(56579100)}, {'date': Timestamp('2025-09-30 00:00:00'), 'volume': np.int64(49293600)}, {'date': Timestamp('2025-07-31 00:00:00'), 'volume': np.int64(41622500)}, {'date': Timestamp('2025-06-30 00:00:00'), 'volume': np.int64(32316000)}]"
SNDR,monthly,2025-10-31,29267500,212,4,4,False,0.9901048714479026,"[{'date': Timestamp('2025-10-31 00:00:00'), 'volume': np.int64(29267500)}, {'date': Timestamp('2025-09-30 00:00:00'), 'volume': np.int64(19257100)}, {'date': Timestamp('2025-07-31 00:00:00'), 'volume': np.int64(17838800)}, {'date': Timestamp('2025-06-30 00:00:00'), 'volume': np.int64(14913900)}]"
PM,monthly,2025-10-31,185924600,212,3,3,False,0.9142049337916046,"[{'date': Timestamp('2025-10-31 00:00:00'), 'volume': np.int64(185924600)}, {'date': Timestamp('2025-07-31 00:00:00'), 'volume': np.int64(144804300)}, {'date': Timestamp('2025-06-30 00:00:00'), 'volume': np.int64(103090300)}]"
ICE,monthly,2025-10-31,102984400,212,5,5,False,0.8110623612420427,"[{'date': Timestamp('2025-10-31 00:00:00'), 'volume': np.int64(102984400)}, {'date': Timestamp('2025-09-30 00:00:00'), 'volume': np.int64(65061400)}, {'date': Timestamp('2025-08-31 00:00:00'), 'volume': np.int64(62100900)}, {'date': Timestamp('2025-07-31 00:00:00'), 'volume': np.int64(47589000)}, {'date': Timestamp('2025-06-30 00:00:00'), 'volume': np.int64(46371100)}]"
KYN,monthly,2025-10-31,11554800,212,3,3,False,0.16636790476478439,"[{'date': Timestamp('2025-10-31 00:00:00'), 'volume': np.int64(11554800)}, {'date': Timestamp('2025-07-31 00:00:00'), 'volume': np.int64(7424000)}, {'date': Timestamp('2025-06-30 00:00:00'), 'volume': np.int64(6963900)}]"
USA,monthly,2025-10-31,33156700,212,4,4,False,0.6992075140656764,"[{'date': Timestamp('2025-10-31 00:00:00'), 'volume': np.int64(33156700)}, {'date': Timestamp('2025-09-30 00:00:00'), 'volume': np.int64(28911300)}, {'date': Timestamp('2025-07-31 00:00:00'), 'volume': np.int64(20736600)}, {'date': Timestamp('2025-06-30 00:00:00'), 'volume': np.int64(14697800)}]"
HBIO,monthly,2025-10-31,350218600,212,2,2,False,0.5226427185051362,"[{'date': Timestamp('2025-10-31 00:00:00'), 'volume': np.int64(350218600)}, {'date': Timestamp('2025-06-30 00:00:00'), 'volume': np.int64(70643500)}]"
HWC,monthly,2025-10-31,23175300,212,3,3,False,0.740656819067951,"[{'date': Timestamp('2025-10-31 00:00:00'), 'volume': np.int64(23175300)}, {'date': Timestamp('2025-07-31 00:00:00'), 'volume': np.int64(19868000)}, {'date': Timestamp('2025-06-30 00:00:00'), 'volume': np.int64(13306800)}]"
SBR,monthly,2025-10-31,1128100,212,4,4,False,0.3853721859734226,"[{'date': Timestamp('2025-10-31 00:00:00'), 'volume': np.int64(1128100)}, {'date': Timestamp('2025-09-30 00:00:00'), 'volume': np.int64(1051000)}, {'date': Timestamp('2025-08-31 00:00:00'), 'volume': np.int64(934100)}, {'date': Timestamp('2025-06-30 00:00:00'), 'volume': np.int64(657300)}]"
JKHY,monthly,2025-10-31,26379600,212,4,4,True,1.0,"[{'date': Timestamp('2025-10-31 00:00:00'), 'volume': np.int64(26379600)}, {'date': Timestamp('2025-09-30 00:00:00'), 'volume': np.int64(20079500)}, {'date': Timestamp('2025-08-31 00:00:00'), 'volume': np.int64(17952100)}, {'date': Timestamp('2025-06-30 00:00:00'), 'volume': np.int64(10137300)}]"
CTO,monthly,2025-10-31,7420500,212,2,2,False,0.48475287108532905,"[{'date': Timestamp('2025-10-31 00:00:00'), 'volume': np.int64(7420500)}, {'date': Timestamp('2025-06-30 00:00:00'), 'volume': np.int64(7140900)}]"
CRL,monthly,2025-10-31,23969900,212,4,4,False,0.45079166267027,"[{'date': Timestamp('2025-10-31 00:00:00'), 'volume': np.int64(23969900)}, {'date': Timestamp('2025-08-31 00:00:00'), 'volume': np.int64(19939800)}, {'date': Timestamp('2025-07-31 00:00:00'), 'volume': np.int64(17555600)}, {'date': Timestamp('2025-06-30 00:00:00'), 'volume': np.int64(17310700)}]"
HLT,monthly,2025-10-31,43093600,212,2,2,False,0.22590113077424304,"[{'date': Timestamp('2025-10-31 00:00:00'), 'volume': np.int64(43093600)}, {'date': Timestamp('2025-06-30 00:00:00'), 'volume': np.int64(43043500)}]"
KBDC,monthly,2025-10-31,9253500,212,4,4,True,1.0,"[{'date': Timestamp('2025-10-31 00:00:00'), 'volume': np.int64(9253500)}, {'date': Timestamp('2025-09-30 00:00:00'), 'volume': np.int64(7924800)}, {'date': Timestamp('2025-07-31 00:00:00'), 'volume': np.int64(2928600)}, {'date': Timestamp('2025-06-30 00:00:00'), 'volume': np.int64(2563400)}]"
GNTX,monthly,2025-10-31,77123100,212,3,3,True,1.0,"[{'date': Timestamp('2025-10-31 00:00:00'), 'volume': np.int64(77123100)}, {'date': Timestamp('2025-07-31 00:00:00'), 'volume': np.int64(62816600)}, {'date': Timestamp('2025-06-30 00:00:00'), 'volume': np.int64(41897700)}]"
GGB,monthly,2025-10-31,566438200,212,2,2,False,0.9134714970942648,"[{'date': Timestamp('2025-10-31 00:00:00'), 'volume': np.int64(566438200)}, {'date': Timestamp('2025-06-30 00:00:00'), 'volume': np.int64(299036300)}]"
HGLB,monthly,2025-10-31,2348800,212,4,4,False,0.5244378949248666,"[{'date': Timestamp('2025-10-31 00:00:00'), 'volume': np.int64(2348800)}, {'date': Timestamp('2025-09-30 00:00:00'), 'volume': np.int64(1698400)}, {'date': Timestamp('2025-07-31 00:00:00'), 'volume': np.int64(1667900)}, {'date': Timestamp('2025-06-30 00:00:00'), 'volume': np.int64(1167300)}]"
CMC,monthly,2025-10-31,33937400,212,2,2,False,0.6665776257097906,"[{'date': Timestamp('2025-10-31 00:00:00'), 'volume': np.int64(33937400)}, {'date': Timestamp('2025-06-30 00:00:00'), 'volume': np.int64(25446500)}]"
RFAI,monthly,2025-10-31,1955500,212,3,3,False,0.5228609625668449,"[{'date': Timestamp('2025-10-31 00:00:00'), 'volume': np.int64(1955500)}, {'date': Timestamp('2025-07-31 00:00:00'), 'volume': np.int64(249300)}, {'date': Timestamp('2025-06-30 00:00:00'), 'volume': np.int64(63900)}]"
DOV,monthly,2025-10-31,30896500,212,3,3,False,0.8444273778516318,"[{'date': Timestamp('2025-10-31 00:00:00'), 'volume': np.int64(30896500)}, {'date': Timestamp('2025-07-31 00:00:00'), 'volume': np.int64(25405400)}, {'date': Timestamp('2025-06-30 00:00:00'), 'volume': np.int64(18525800)}]"
ASA,monthly,2025-10-31,3850400,212,5,5,False,0.9189498806682578,"[{'date': Timestamp('2025-10-31 00:00:00'), 'volume': np.int64(3850400)}, {'date': Timestamp('2025-09-30 00:00:00'), 'volume': np.int64(3797900)}, {'date': Timestamp('2025-08-31 00:00:00'), 'volume': np.int64(2675500)}, {'date': Timestamp('2025-07-31 00:00:00'), 'volume': np.int64(1922300)}, {'date': Timestamp('2025-06-30 00:00:00'), 'volume': np.int64(1160500)}]"
GJR,monthly,2025-10-31,26900,212,3,3,False,0.3669849931787176,"[{'date': Timestamp('2025-10-31 00:00:00'), 'volume': np.int64(26900)}, {'date': Timestamp('2025-07-31 00:00:00'), 'volume': np.int64(7800)}, {'date': Timestamp('2025-06-30 00:00:00'), 'volume': np.int64(3400)}]"
NIE,monthly,2025-10-31,1503000,212,3,3,False,0.3604057262067477,"[{'date': Timestamp('2025-10-31 00:00:00'), 'volume': np.int64(1503000)}, {'date': Timestamp('2025-07-31 00:00:00'), 'volume': np.int64(1312900)}, {'date': Timestamp('2025-06-30 00:00:00'), 'volume': np.int64(1273900)}]"
ZION,monthly,2025-10-31,59493100,212,3,3,False,0.32109313860418925,"[{'date': Timestamp('2025-10-31 00:00:00'), 'volume': np.int64(59493100)}, {'date': Timestamp('2025-07-31 00:00:00'), 'volume': np.int64(35446200)}, {'date': Timestamp('2025-06-30 00:00:00'), 'volume': np.int64(23390700)}]"
NEM,monthly,2025-10-31,287403200,212,3,3,False,0.7137352523674191,"[{'date': Timestamp('2025-10-31 00:00:00'), 'volume': np.int64(287403200)}, {'date': Timestamp('2025-07-31 00:00:00'), 'volume': np.int64(275259200)}, {'date': Timestamp('2025-06-30 00:00:00'), 'volume': np.int64(257632300)}]"
PFAI,monthly,2025-10-31,67369800,212,4,4,True,1.0,"[{'date': Timestamp('2025-10-31 00:00:00'), 'volume': np.int64(67369800)}, {'date': Timestamp('2025-09-30 00:00:00'), 'volume': np.int64(5409100)}, {'date': Timestamp('2025-07-31 00:00:00'), 'volume': np.int64(4828900)}, {'date': Timestamp('2025-06-30 00:00:00'), 'volume': np.int64(297300)}]"
EQR,monthly,2025-10-31,59539600,212,4,4,False,0.7753450595186161,"[{'date': Timestamp('2025-10-31 00:00:00'), 'volume': np.int64(59539600)}, {'date': Timestamp('2025-08-31 00:00:00'), 'volume': np.int64(46486900)}, {'date': Timestamp('2025-07-31 00:00:00'), 'volume': np.int64(44066900)}, {'date': Timestamp('2025-06-30 00:00:00'), 'volume': np.int64(39286300)}]"
CDZIP,monthly,2025-10-31,258900,212,2,2,False,0.23517122354437278,"[{'date': Timestamp('2025-10-31 00:00:00'), 'volume': np.int64(258900)}, {'date': Timestamp('2025-06-30 00:00:00'), 'volume': np.int64(199600)}]"
PMTR,monthly,2025-10-31,3084400,212,3,3,True,1.0,"[{'date': Timestamp('2025-10-31 00:00:00'), 'volume': np.int64(3084400)}, {'date': Timestamp('2025-07-31 00:00:00'), 'volume': np.int64(1056100)}, {'date': Timestamp('2025-06-30 00:00:00'), 'volume': np.int64(783800)}]"
IPCX,monthly,2025-10-31,5990000,212,4,4,True,1.0,"[{'date': Timestamp('2025-10-31 00:00:00'), 'volume': np.int64(5990000)}, {'date': Timestamp('2025-08-31 00:00:00'), 'volume': np.int64(4631800)}, {'date': Timestamp('2025-07-31 00:00:00'), 'volume': np.int64(951600)}, {'date': Timestamp('2025-06-30 00:00:00'), 'volume': np.int64(427100)}]"
GPRK,monthly,2025-10-31,37549400,212,3,3,True,1.0,"[{'date': Timestamp('2025-10-31 00:00:00'), 'volume': np.int64(37549400)}, {'date': Timestamp('2025-09-30 00:00:00'), 'volume': np.int64(31007500)}, {'date': Timestamp('2025-06-30 00:00:00'), 'volume': np.int64(14994000)}]"
FMC,monthly,2025-10-31,118106500,212,3,3,True,1.0,"[{'date': Timestamp('2025-10-31 00:00:00'), 'volume': np.int64(118106500)}, {'date': Timestamp('2025-09-30 00:00:00'), 'volume': np.int64(41339100)}, {'date': Timestamp('2025-06-30 00:00:00'), 'volume': np.int64(39804100)}]"
TXN,monthly,2025-10-31,199578600,212,3,3,False,0.8356016181259582,"[{'date': Timestamp('2025-10-31 00:00:00'), 'volume': np.int64(199578600)}, {'date': Timestamp('2025-07-31 00:00:00'), 'volume': np.int64(165348400)}, {'date': Timestamp('2025-06-30 00:00:00'), 'volume': np.int64(117541800)}]"
HVIIU,monthly,2025-10-31,44755,212,2,2,False,0.0033162336062986433,"[{'date': Timestamp('2025-10-31 00:00:00'), 'volume': np.int64(44755)}, {'date': Timestamp('2025-06-30 00:00:00'), 'volume': np.int64(17331)}]"
JBHT,monthly,2025-10-31,38106300,212,3,3,True,1.0,"[{'date': Timestamp('2025-10-31 00:00:00'), 'volume': np.int64(38106300)}, {'date': Timestamp('2025-07-31 00:00:00'), 'volume': np.int64(25420200)}, {'date': Timestamp('2025-06-30 00:00:00'), 'volume': np.int64(18078600)}]"
MFAN,monthly,2025-10-31,782900,212,2,2,False,0.3621686635518342,"[{'date': Timestamp('2025-10-31 00:00:00'), 'volume': np.int64(782900)}, {'date': Timestamp('2025-06-30 00:00:00'), 'volume': np.int64(337700)}]"
HUM,monthly,2025-10-31,43651100,212,4,4,False,0.5090441988499272,"[{'date': Timestamp('2025-10-31 00:00:00'), 'volume': np.int64(43651100)}, {'date': Timestamp('2025-09-30 00:00:00'), 'volume': np.int64(43414500)}, {'date': Timestamp('2025-07-31 00:00:00'), 'volume': np.int64(42097800)}, {'date': Timestamp('2025-06-30 00:00:00'), 'volume': np.int64(33054800)}]"
WSO,monthly,2025-10-31,13868200,212,4,4,True,1.0,"[{'date': Timestamp('2025-10-31 00:00:00'), 'volume': np.int64(13868200)}, {'date': Timestamp('2025-09-30 00:00:00'), 'volume': np.int64(10782700)}, {'date': Timestamp('2025-07-31 00:00:00'), 'volume': np.int64(7429800)}, {'date': Timestamp('2025-06-30 00:00:00'), 'volume': np.int64(6310600)}]"
FE,monthly,2025-10-31,113622400,212,2,2,False,0.2861878130191799,"[{'date': Timestamp('2025-10-31 00:00:00'), 'volume': np.int64(113622400)}, {'date': Timestamp('2025-06-30 00:00:00'), 'volume': np.int64(110582800)}]"
LUMN,monthly,2025-10-31,480596500,212,4,4,False,0.32585239226621754,"[{'date': Timestamp('2025-10-31 00:00:00'), 'volume': np.int64(480596500)}, {'date': Timestamp('2025-09-30 00:00:00'), 'volume': np.int64(419357400)}, {'date': Timestamp('2025-08-31 00:00:00'), 'volume': np.int64(296965400)}, {'date': Timestamp('2025-06-30 00:00:00'), 'volume': np.int64(251854600)}]"
INBKZ,monthly,2025-10-31,82700,212,4,4,False,0.3322619525914022,"[{'date': Timestamp('2025-10-31 00:00:00'), 'volume': np.int64(82700)}, {'date': Timestamp('2025-08-31 00:00:00'), 'volume': np.int64(69700)}, {'date': Timestamp('2025-07-31 00:00:00'), 'volume': np.int64(61100)}, {'date': Timestamp('2025-06-30 00:00:00'), 'volume': np.int64(36900)}]"
PUK,monthly,2025-10-31,24366500,212,2,2,False,0.6535622515597088,"[{'date': Timestamp('2025-10-31 00:00:00'), 'volume': np.int64(24366500)}, {'date': Timestamp('2025-06-30 00:00:00'), 'volume': np.int64(21270800)}]"
UROY,monthly,2025-10-31,142679300,212,2,2,True,1.0,"[{'date': Timestamp('2025-10-31 00:00:00'), 'volume': np.int64(142679300)}, {'date': Timestamp('2025-06-30 00:00:00'), 'volume': np.int64(87527800)}]"
BSY,monthly,2025-10-31,65388500,212,2,2,True,1.0,"[{'date': Timestamp('2025-10-31 00:00:00'), 'volume': np.int64(65388500)}, {'date': Timestamp('2025-06-30 00:00:00'), 'volume': np.int64(39019500)}]"
CTVA,monthly,2025-10-31,113534400,212,3,3,False,0.7728780883632339,"[{'date': Timestamp('2025-10-31 00:00:00'), 'volume': np.int64(113534400)}, {'date': Timestamp('2025-09-30 00:00:00'), 'volume': np.int64(100086800)}, {'date': Timestamp('2025-06-30 00:00:00'), 'volume': np.int64(94613900)}]"
PGR,monthly,2025-10-31,88790100,212,3,3,False,0.768481309887424,"[{'date': Timestamp('2025-10-31 00:00:00'), 'volume': np.int64(88790100)}, {'date': Timestamp('2025-07-31 00:00:00'), 'volume': np.int64(84328400)}, {'date': Timestamp('2025-06-30 00:00:00'), 'volume': np.int64(81141300)}]"
PNRG,monthly,2025-10-31,3435600,212,2,2,True,1.0,"[{'date': Timestamp('2025-10-31 00:00:00'), 'volume': np.int64(3435600)}, {'date': Timestamp('2025-06-30 00:00:00'), 'volume': np.int64(2922900)}]"
KSPI,monthly,2025-10-31,17595700,212,5,5,True,1.0,"[{'date': Timestamp('2025-10-31 00:00:00'), 'volume': np.int64(17595700)}, {'date': Timestamp('2025-09-30 00:00:00'), 'volume': np.int64(8886600)}, {'date': Timestamp('2025-08-31 00:00:00'), 'volume': np.int64(7071600)}, {'date': Timestamp('2025-07-31 00:00:00'), 'volume': np.int64(5867300)}, {'date': Timestamp('2025-06-30 00:00:00'), 'volume': np.int64(5713500)}]"
HIFS,monthly,2025-10-31,2515400,212,2,2,True,1.0,"[{'date': Timestamp('2025-10-31 00:00:00'), 'volume': np.int64(2515400)}, {'date': Timestamp('2025-06-30 00:00:00'), 'volume': np.int64(1916900)}]"
GBCI,monthly,2025-10-31,26910900,212,3,3,False,0.9127908554372159,"[{'date': Timestamp('2025-10-31 00:00:00'), 'volume': np.int64(26910900)}, {'date': Timestamp('2025-07-31 00:00:00'), 'volume': np.int64(17283600)}, {'date': Timestamp('2025-06-30 00:00:00'), 'volume': np.int64(15654600)}]"
AXTA,monthly,2025-10-31,101651100,212,4,4,False,0.9487990098621759,"[{'date': Timestamp('2025-10-31 00:00:00'), 'volume': np.int64(101651100)}, {'date': Timestamp('2025-09-30 00:00:00'), 'volume': np.int64(67443200)}, {'date': Timestamp('2025-07-31 00:00:00'), 'volume': np.int64(66825900)}, {'date': Timestamp('2025-06-30 00:00:00'), 'volume': np.int64(47594800)}]"
GFI,monthly,2025-10-31,88710100,212,4,4,False,0.22985154369065866,"[{'date': Timestamp('2025-10-31 00:00:00'), 'volume': np.int64(88710100)}, {'date': Timestamp('2025-09-30 00:00:00'), 'volume': np.int64(80672400)}, {'date': Timestamp('2025-08-31 00:00:00'), 'volume': np.int64(70698100)}, {'date': Timestamp('2025-06-30 00:00:00'), 'volume': np.int64(62325200)}]"
JRS,monthly,2025-10-31,2390000,212,3,3,False,0.5108038214110154,"[{'date': Timestamp('2025-10-31 00:00:00'), 'volume': np.int64(2390000)}, {'date': Timestamp('2025-07-31 00:00:00'), 'volume': np.int64(2041300)}, {'date': Timestamp('2025-06-30 00:00:00'), 'volume': np.int64(1561100)}]"
TRINZ,monthly,2025-10-31,431100,212,4,4,False,0.19122604684173172,"[{'date': Timestamp('2025-10-31 00:00:00'), 'volume': np.int64(431100)}, {'date': Timestamp('2025-09-30 00:00:00'), 'volume': np.int64(315600)}, {'date': Timestamp('2025-07-31 00:00:00'), 'volume': np.int64(179800)}, {'date': Timestamp('2025-06-30 00:00:00'), 'volume': np.int64(163000)}]"
IBM,monthly,2025-10-31,140510800,212,4,4,False,0.7067243485783653,"[{'date': Timestamp('2025-10-31 00:00:00'), 'volume': np.int64(140510800)}, {'date': Timestamp('2025-09-30 00:00:00'), 'volume': np.int64(110284600)}, {'date': Timestamp('2025-07-31 00:00:00'), 'volume': np.int64(109053700)}, {'date': Timestamp('2025-06-30 00:00:00'), 'volume': np.int64(74394200)}]"
GGN,monthly,2025-10-31,17558800,212,3,3,False,0.3546616143457904,"[{'date': Timestamp('2025-10-31 00:00:00'), 'volume': np.int64(17558800)}, {'date': Timestamp('2025-09-30 00:00:00'), 'volume': np.int64(11204700)}, {'date': Timestamp('2025-06-30 00:00:00'), 'volume': np.int64(10748300)}]"
VLY,monthly,2025-10-31,331416600,212,3,3,True,1.0,"[{'date': Timestamp('2025-10-31 00:00:00'), 'volume': np.int64(331416600)}, {'date': Timestamp('2025-07-31 00:00:00'), 'volume': np.int64(198618600)}, {'date': Timestamp('2025-06-30 00:00:00'), 'volume': np.int64(196965600)}]"
KOF,monthly,2025-10-31,5780200,212,2,2,False,0.9456978779797451,"[{'date': Timestamp('2025-10-31 00:00:00'), 'volume': np.int64(5780200)}, {'date': Timestamp('2025-06-30 00:00:00'), 'volume': np.int64(5360600)}]"
WTM,monthly,2025-09-30,742900,243,4,4,False,0.5929916985951469,"[{'date': Timestamp('2025-09-30 00:00:00'), 'volume': np.int64(742900)}, {'date': Timestamp('2025-08-31 00:00:00'), 'volume': np.int64(593200)}, {'date': Timestamp('2025-07-31 00:00:00'), 'volume': np.int64(544100)}, {'date': Timestamp('2025-06-30 00:00:00'), 'volume': np.int64(455200)}]"
CHAR,monthly,2025-09-30,447200,243,3,3,False,0.1484185722345757,"[{'date': Timestamp('2025-09-30 00:00:00'), 'volume': np.int64(447200)}, {'date': Timestamp('2025-07-31 00:00:00'), 'volume': np.int64(133400)}, {'date': Timestamp('2025-06-30 00:00:00'), 'volume': np.int64(39300)}]"
CUK,monthly,2025-06-30,51567200,243,2,2,False,0.6408060403318405,"[{'date': Timestamp('2025-06-30 00:00:00'), 'volume': np.int64(51567200)}, {'date': Timestamp('2025-03-31 00:00:00'), 'volume': np.int64(44543100)}]"
BCV,monthly,2025-09-30,746000,243,3,3,False,0.7309425827944347,"[{'date': Timestamp('2025-09-30 00:00:00'), 'volume': np.int64(746000)}, {'date': Timestamp('2025-07-31 00:00:00'), 'volume': np.int64(520500)}, {'date': Timestamp('2025-06-30 00:00:00'), 'volume': np.int64(223200)}]"
AGNCO,monthly,2025-09-30,1079400,243,2,2,False,0.15280078141589162,"[{'date': Timestamp('2025-09-30 00:00:00'), 'volume': np.int64(1079400)}, {'date': Timestamp('2025-06-30 00:00:00'), 'volume': np.int64(915300)}]"
SNPS,monthly,2025-09-30,100835100,243,3,3,True,1.0,"[{'date': Timestamp('2025-09-30 00:00:00'), 'volume': np.int64(100835100)}, {'date': Timestamp('2025-07-31 00:00:00'), 'volume': np.int64(53414400)}, {'date': Timestamp('2025-06-30 00:00:00'), 'volume': np.int64(23870600)}]"
FULTP,monthly,2025-09-30,336300,243,2,2,False,0.12659514398644833,"[{'date': Timestamp('2025-09-30 00:00:00'), 'volume': np.int64(336300)}, {'date': Timestamp('2025-06-30 00:00:00'), 'volume': np.int64(201900)}]"
FBIOP,monthly,2025-09-30,676800,243,3,3,False,0.6146580692035237,"[{'date': Timestamp('2025-09-30 00:00:00'), 'volume': np.int64(676800)}, {'date': Timestamp('2025-07-31 00:00:00'), 'volume': np.int64(370600)}, {'date': Timestamp('2025-06-30 00:00:00'), 'volume': np.int64(177000)}]"
IMPPP,monthly,2025-09-30,95200,243,2,2,True,1.0,"[{'date': Timestamp('2025-09-30 00:00:00'), 'volume': np.int64(95200)}, {'date': Timestamp('2025-06-30 00:00:00'), 'volume': np.int64(49400)}]"
NE,monthly,2025-09-30,86673300,243,2,2,True,1.0,"[{'date': Timestamp('2025-09-30 00:00:00'), 'volume': np.int64(86673300)}, {'date': Timestamp('2025-06-30 00:00:00'), 'volume': np.int64(50220900)}]"
CNM,monthly,2025-09-30,86508600,243,2,2,False,0.9993923374444902,"[{'date': Timestamp('2025-09-30 00:00:00'), 'volume': np.int64(86508600)}, {'date': Timestamp('2025-06-30 00:00:00'), 'volume': np.int64(53166000)}]"
CRMT,monthly,2025-09-30,5352100,243,2,2,True,1.0,"[{'date': Timestamp('2025-09-30 00:00:00'), 'volume': np.int64(5352100)}, {'date': Timestamp('2025-06-30 00:00:00'), 'volume': np.int64(2938300)}]"
ALRM,monthly,2025-09-30,9912500,243,3,3,False,0.5341909129612364,"[{'date': Timestamp('2025-09-30 00:00:00'), 'volume': np.int64(9912500)}, {'date': Timestamp('2025-08-31 00:00:00'), 'volume': np.int64(8512800)}, {'date': Timestamp('2025-06-30 00:00:00'), 'volume': np.int64(6720600)}]"
JLS,monthly,2025-09-30,484300,243,3,3,False,0.26989522960321,"[{'date': Timestamp('2025-09-30 00:00:00'), 'volume': np.int64(484300)}, {'date': Timestamp('2025-07-31 00:00:00'), 'volume': np.int64(409100)}, {'date': Timestamp('2025-06-30 00:00:00'), 'volume': np.int64(292100)}]"
B,monthly,2025-09-30,589509100,243,2,2,False,0.8858730598815397,"[{'date': Timestamp('2025-09-30 00:00:00'), 'volume': np.int64(589509100)}, {'date': Timestamp('2025-06-30 00:00:00'), 'volume': np.int64(339039900)}]"
PPIH,monthly,2025-09-30,5259100,243,3,3,True,1.0,"[{'date': Timestamp('2025-09-30 00:00:00'), 'volume': np.int64(5259100)}, {'date': Timestamp('2025-08-31 00:00:00'), 'volume': np.int64(2490700)}, {'date': Timestamp('2025-06-30 00:00:00'), 'volume': np.int64(1443500)}]"
HSPTU,monthly,2025-09-30,357060,243,3,3,False,0.10118172868697253,"[{'date': Timestamp('2025-09-30 00:00:00'), 'volume': np.int64(357060)}, {'date': Timestamp('2025-08-31 00:00:00'), 'volume': np.int64(8579)}, {'date': Timestamp('2025-06-30 00:00:00'), 'volume': np.int64(4261)}]"
GATX,monthly,2025-09-30,4451300,243,2,2,False,0.4973908573854938,"[{'date': Timestamp('2025-09-30 00:00:00'), 'volume': np.int64(4451300)}, {'date': Timestamp('2025-06-30 00:00:00'), 'volume': np.int64(3788900)}]"
GCV,monthly,2025-09-30,2487300,243,3,3,True,1.0,"[{'date': Timestamp('2025-09-30 00:00:00'), 'volume': np.int64(2487300)}, {'date': Timestamp('2025-08-31 00:00:00'), 'volume': np.int64(1359200)}, {'date': Timestamp('2025-06-30 00:00:00'), 'volume': np.int64(1245000)}]"
WBD,monthly,2025-09-30,1795819300,243,3,3,True,1.0,"[{'date': Timestamp('2025-09-30 00:00:00'), 'volume': np.int64(1795819300)}, {'date': Timestamp('2025-07-31 00:00:00'), 'volume': np.int64(1674494000)}, {'date': Timestamp('2025-06-30 00:00:00'), 'volume': np.int64(1163339500)}]"
VMO,monthly,2025-09-30,7478200,243,2,2,False,0.8458832445394595,"[{'date': Timestamp('2025-09-30 00:00:00'), 'volume': np.int64(7478200)}, {'date': Timestamp('2025-06-30 00:00:00'), 'volume': np.int64(5287200)}]"
AXR,monthly,2025-09-30,324400,243,2,2,False,0.4038844621513944,"[{'date': Timestamp('2025-09-30 00:00:00'), 'volume': np.int64(324400)}, {'date': Timestamp('2025-06-30 00:00:00'), 'volume': np.int64(303900)}]"
IBEX,monthly,2025-09-30,5221200,243,2,2,False,0.8528724742318561,"[{'date': Timestamp('2025-09-30 00:00:00'), 'volume': np.int64(5221200)}, {'date': Timestamp('2025-06-30 00:00:00'), 'volume': np.int64(3190500)}]"
PSLV,monthly,2025-09-30,946367000,243,3,3,False,0.8935777337289107,"[{'date': Timestamp('2025-09-30 00:00:00'), 'volume': np.int64(946367000)}, {'date': Timestamp('2025-07-31 00:00:00'), 'volume': np.int64(667525300)}, {'date': Timestamp('2025-06-30 00:00:00'), 'volume': np.int64(640481200)}]"
RPRX,monthly,2025-09-30,128125400,243,2,2,False,0.9946211058521964,"[{'date': Timestamp('2025-09-30 00:00:00'), 'volume': np.int64(128125400)}, {'date': Timestamp('2025-06-30 00:00:00'), 'volume': np.int64(88510800)}]"
NDAQ,monthly,2025-09-30,90329900,243,3,3,False,0.8197091585562286,"[{'date': Timestamp('2025-09-30 00:00:00'), 'volume': np.int64(90329900)}, {'date': Timestamp('2025-07-31 00:00:00'), 'volume': np.int64(76679000)}, {'date': Timestamp('2025-06-30 00:00:00'), 'volume': np.int64(70424900)}]"
WB,monthly,2025-09-30,29615900,243,3,3,False,0.5066357602299165,"[{'date': Timestamp('2025-09-30 00:00:00'), 'volume': np.int64(29615900)}, {'date': Timestamp('2025-08-31 00:00:00'), 'volume': np.int64(28997300)}, {'date': Timestamp('2025-06-30 00:00:00'), 'volume': np.int64(19545300)}]"
SPG,monthly,2025-09-30,41858200,243,3,3,False,0.16596829575822938,"[{'date': Timestamp('2025-09-30 00:00:00'), 'volume': np.int64(41858200)}, {'date': Timestamp('2025-08-31 00:00:00'), 'volume': np.int64(33136000)}, {'date': Timestamp('2025-06-30 00:00:00'), 'volume': np.int64(31363200)}]"
DTB,monthly,2025-09-30,784100,243,4,4,False,0.2179266259032796,"[{'date': Timestamp('2025-09-30 00:00:00'), 'volume': np.int64(784100)}, {'date': Timestamp('2025-08-31 00:00:00'), 'volume': np.int64(545800)}, {'date': Timestamp('2025-07-31 00:00:00'), 'volume': np.int64(484100)}, {'date': Timestamp('2025-06-30 00:00:00'), 'volume': np.int64(424900)}]"
BTSGU,monthly,2025-09-30,2051500,243,2,2,False,0.5155688472267598,"[{'date': Timestamp('2025-09-30 00:00:00'), 'volume': np.int64(2051500)}, {'date': Timestamp('2025-06-30 00:00:00'), 'volume': np.int64(1540000)}]"
BIDU,monthly,2025-09-30,167745600,243,3,3,False,0.3562042642431825,"[{'date': Timestamp('2025-09-30 00:00:00'), 'volume': np.int64(167745600)}, {'date': Timestamp('2025-07-31 00:00:00'), 'volume': np.int64(93696000)}, {'date': Timestamp('2025-06-30 00:00:00'), 'volume': np.int64(44448700)}]"
FORLU,monthly,2025-09-30,41700,243,3,3,False,0.005472297315031101,"[{'date': Timestamp('2025-09-30 00:00:00'), 'volume': np.int64(41700)}, {'date': Timestamp('2025-08-31 00:00:00'), 'volume': np.int64(21000)}, {'date': Timestamp('2025-06-30 00:00:00'), 'volume': np.int64(6400)}]"
CINT,monthly,2025-09-30,6629800,243,3,3,False,0.48791939887694197,"[{'date': Timestamp('2025-09-30 00:00:00'), 'volume': np.int64(6629800)}, {'date': Timestamp('2025-07-31 00:00:00'), 'volume': np.int64(3518400)}, {'date': Timestamp('2025-06-30 00:00:00'), 'volume': np.int64(2391600)}]"
BIPI,monthly,2025-09-30,504700,243,3,3,False,0.15079175380938153,"[{'date': Timestamp('2025-09-30 00:00:00'), 'volume': np.int64(504700)}, {'date': Timestamp('2025-08-31 00:00:00'), 'volume': np.int64(365500)}, {'date': Timestamp('2025-06-30 00:00:00'), 'volume': np.int64(327000)}]"
DAVA,monthly,2025-09-30,38929800,243,3,3,True,1.0,"[{'date': Timestamp('2025-09-30 00:00:00'), 'volume': np.int64(38929800)}, {'date': Timestamp('2025-08-31 00:00:00'), 'volume': np.int64(17368400)}, {'date': Timestamp('2025-06-30 00:00:00'), 'volume': np.int64(16936900)}]"
GRAB,monthly,2025-09-30,1305249500,243,3,3,True,1.0,"[{'date': Timestamp('2025-09-30 00:00:00'), 'volume': np.int64(1305249500)}, {'date': Timestamp('2025-07-31 00:00:00'), 'volume': np.int64(888462200)}, {'date': Timestamp('2025-06-30 00:00:00'), 'volume': np.int64(859260900)}]"
MIR,monthly,2025-09-30,173021000,243,2,2,True,1.0,"[{'date': Timestamp('2025-09-30 00:00:00'), 'volume': np.int64(173021000)}, {'date': Timestamp('2025-06-30 00:00:00'), 'volume': np.int64(73056100)}]"
AAMI,monthly,2025-09-30,8765200,243,3,3,False,0.15770421014753508,"[{'date': Timestamp('2025-09-30 00:00:00'), 'volume': np.int64(8765200)}, {'date': Timestamp('2025-07-31 00:00:00'), 'volume': np.int64(5739800)}, {'date': Timestamp('2025-06-30 00:00:00'), 'volume': np.int64(5073100)}]"
ESP,monthly,2025-09-30,1029900,243,2,2,True,1.0,"[{'date': Timestamp('2025-09-30 00:00:00'), 'volume': np.int64(1029900)}, {'date': Timestamp('2025-06-30 00:00:00'), 'volume': np.int64(793500)}]"
KO,monthly,2025-09-30,389551900,243,3,3,False,0.5617674382116515,"[{'date': Timestamp('2025-09-30 00:00:00'), 'volume': np.int64(389551900)}, {'date': Timestamp('2025-07-31 00:00:00'), 'volume': np.int64(358545000)}, {'date': Timestamp('2025-06-30 00:00:00'), 'volume': np.int64(325005700)}]"
XIFR,monthly,2025-09-30,43129000,243,4,4,False,0.46942924874340686,"[{'date': Timestamp('2025-09-30 00:00:00'), 'volume': np.int64(43129000)}, {'date': Timestamp('2025-08-31 00:00:00'), 'volume': np.int64(25938900)}, {'date': Timestamp('2025-07-31 00:00:00'), 'volume': np.int64(23701200)}, {'date': Timestamp('2025-06-30 00:00:00'), 'volume': np.int64(18572800)}]"
BIT,monthly,2025-09-30,11728300,243,4,4,True,1.0,"[{'date': Timestamp('2025-09-30 00:00:00'), 'volume': np.int64(11728300)}, {'date': Timestamp('2025-08-31 00:00:00'), 'volume': np.int64(9386700)}, {'date': Timestamp('2025-07-31 00:00:00'), 'volume': np.int64(4648800)}, {'date': Timestamp('2025-06-30 00:00:00'), 'volume': np.int64(2480300)}]"
ETSY,monthly,2025-09-30,148167600,243,2,2,True,1.0,"[{'date': Timestamp('2025-09-30 00:00:00'), 'volume': np.int64(148167600)}, {'date': Timestamp('2025-06-30 00:00:00'), 'volume': np.int64(138230000)}]"
FCX,monthly,2025-09-30,515072600,243,3,3,False,0.6516236615607236,"[{'date': Timestamp('2025-09-30 00:00:00'), 'volume': np.int64(515072600)}, {'date': Timestamp('2025-07-31 00:00:00'), 'volume': np.int64(445845000)}, {'date': Timestamp('2025-06-30 00:00:00'), 'volume': np.int64(230209400)}]"
QTWO,monthly,2025-09-30,37307800,243,4,4,True,1.0,"[{'date': Timestamp('2025-09-30 00:00:00'), 'volume': np.int64(37307800)}, {'date': Timestamp('2025-08-31 00:00:00'), 'volume': np.int64(20981800)}, {'date': Timestamp('2025-07-31 00:00:00'), 'volume': np.int64(11831200)}, {'date': Timestamp('2025-06-30 00:00:00'), 'volume': np.int64(10970800)}]"
MKTX,monthly,2025-09-30,23895200,243,3,3,True,1.0,"[{'date': Timestamp('2025-09-30 00:00:00'), 'volume': np.int64(23895200)}, {'date': Timestamp('2025-08-31 00:00:00'), 'volume': np.int64(14409500)}, {'date': Timestamp('2025-06-30 00:00:00'), 'volume': np.int64(8917300)}]"
TGT,monthly,2025-09-30,190247700,243,3,3,False,0.9754776565487516,"[{'date': Timestamp('2025-09-30 00:00:00'), 'volume': np.int64(190247700)}, {'date': Timestamp('2025-08-31 00:00:00'), 'volume': np.int64(164704000)}, {'date': Timestamp('2025-06-30 00:00:00'), 'volume': np.int64(129448100)}]"
AMAT,monthly,2025-09-30,186624600,243,3,3,False,0.6689511719261068,"[{'date': Timestamp('2025-09-30 00:00:00'), 'volume': np.int64(186624600)}, {'date': Timestamp('2025-08-31 00:00:00'), 'volume': np.int64(171943500)}, {'date': Timestamp('2025-06-30 00:00:00'), 'volume': np.int64(138942100)}]"
GPJA,monthly,2025-09-30,818100,243,2,2,False,0.995376566492274,"[{'date': Timestamp('2025-09-30 00:00:00'), 'volume': np.int64(818100)}, {'date': Timestamp('2025-06-30 00:00:00'), 'volume': np.int64(703100)}]"
FITBP,monthly,2025-09-30,512400,243,2,2,False,0.23305740016374057,"[{'date': Timestamp('2025-09-30 00:00:00'), 'volume': np.int64(512400)}, {'date': Timestamp('2025-06-30 00:00:00'), 'volume': np.int64(361000)}]"
FITBI,monthly,2025-09-30,857300,243,2,2,False,0.36163840377963385,"[{'date': Timestamp('2025-09-30 00:00:00'), 'volume': np.int64(857300)}, {'date': Timestamp('2025-06-30 00:00:00'), 'volume': np.int64(823300)}]"
SKWD,monthly,2025-09-30,11912500,243,3,3,False,0.8227319188905464,"[{'date': Timestamp('2025-09-30 00:00:00'), 'volume': np.int64(11912500)}, {'date': Timestamp('2025-07-31 00:00:00'), 'volume': np.int64(9952900)}, {'date': Timestamp('2025-06-30 00:00:00'), 'volume': np.int64(8066400)}]"
STZ,monthly,2025-09-30,67616300,243,2,2,True,1.0,"[{'date': Timestamp('2025-09-30 00:00:00'), 'volume': np.int64(67616300)}, {'date': Timestamp('2025-06-30 00:00:00'), 'volume': np.int64(51324500)}]"
KDP,monthly,2025-09-30,478598500,243,4,4,True,1.0,"[{'date': Timestamp('2025-09-30 00:00:00'), 'volume': np.int64(478598500)}, {'date': Timestamp('2025-08-31 00:00:00'), 'volume': np.int64(313239100)}, {'date': Timestamp('2025-07-31 00:00:00'), 'volume': np.int64(233892200)}, {'date': Timestamp('2025-06-30 00:00:00'), 'volume': np.int64(206668400)}]"
IR,monthly,2025-09-30,82846400,243,4,4,False,0.3506360819148567,"[{'date': Timestamp('2025-09-30 00:00:00'), 'volume': np.int64(82846400)}, {'date': Timestamp('2025-08-31 00:00:00'), 'volume': np.int64(68364800)}, {'date': Timestamp('2025-07-31 00:00:00'), 'volume': np.int64(60550600)}, {'date': Timestamp('2025-06-30 00:00:00'), 'volume': np.int64(42661500)}]"
GLP,monthly,2025-09-30,1944800,243,2,2,False,0.1582102908277405,"[{'date': Timestamp('2025-09-30 00:00:00'), 'volume': np.int64(1944800)}, {'date': Timestamp('2025-06-30 00:00:00'), 'volume': np.int64(1504600)}]"
CIMO,monthly,2025-09-30,502200,243,4,4,False,0.9226529487415028,"[{'date': Timestamp('2025-09-30 00:00:00'), 'volume': np.int64(502200)}, {'date': Timestamp('2025-08-31 00:00:00'), 'volume': np.int64(330400)}, {'date': Timestamp('2025-07-31 00:00:00'), 'volume': np.int64(229400)}, {'date': Timestamp('2025-06-30 00:00:00'), 'volume': np.int64(78900)}]"
SHOO,monthly,2025-09-30,36309900,243,3,3,False,0.7683025143938096,"[{'date': Timestamp('2025-09-30 00:00:00'), 'volume': np.int64(36309900)}, {'date': Timestamp('2025-07-31 00:00:00'), 'volume': np.int64(34957100)}, {'date': Timestamp('2025-06-30 00:00:00'), 'volume': np.int64(28593900)}]"
SA,monthly,2025-09-30,37811300,243,2,2,True,1.0,"[{'date': Timestamp('2025-09-30 00:00:00'), 'volume': np.int64(37811300)}, {'date': Timestamp('2025-06-30 00:00:00'), 'volume': np.int64(17698100)}]"
MAN,monthly,2025-09-30,27048000,243,3,3,True,1.0,"[{'date': Timestamp('2025-09-30 00:00:00'), 'volume': np.int64(27048000)}, {'date': Timestamp('2025-07-31 00:00:00'), 'volume': np.int64(25537400)}, {'date': Timestamp('2025-06-30 00:00:00'), 'volume': np.int64(15991300)}]"
ORCL,monthly,2025-09-30,771912000,243,2,2,True,1.0,"[{'date': Timestamp('2025-09-30 00:00:00'), 'volume': np.int64(771912000)}, {'date': Timestamp('2025-06-30 00:00:00'), 'volume': np.int64(359459900)}]"
BABA,monthly,2025-09-30,530161000,243,3,3,False,0.45885768229012275,"[{'date': Timestamp('2025-09-30 00:00:00'), 'volume': np.int64(530161000)}, {'date': Timestamp('2025-07-31 00:00:00'), 'volume': np.int64(328509600)}, {'date': Timestamp('2025-06-30 00:00:00'), 'volume': np.int64(244549200)}]"
TXRH,monthly,2025-09-30,25884400,243,3,3,False,0.5329561271300208,"[{'date': Timestamp('2025-09-30 00:00:00'), 'volume': np.int64(25884400)}, {'date': Timestamp('2025-08-31 00:00:00'), 'volume': np.int64(24290100)}, {'date': Timestamp('2025-06-30 00:00:00'), 'volume': np.int64(21599600)}]"
AAPL,monthly,2025-09-30,1265536400,243,3,3,False,0.20151621181946883,"[{'date': Timestamp('2025-09-30 00:00:00'), 'volume': np.int64(1265536400)}, {'date': Timestamp('2025-08-31 00:00:00'), 'volume': np.int64(1218079100)}, {'date': Timestamp('2025-06-30 00:00:00'), 'volume': np.int64(1100409300)}]"
PCM,monthly,2025-09-30,1629900,243,3,3,False,0.5789847607545026,"[{'date': Timestamp('2025-09-30 00:00:00'), 'volume': np.int64(1629900)}, {'date': Timestamp('2025-08-31 00:00:00'), 'volume': np.int64(988900)}, {'date': Timestamp('2025-06-30 00:00:00'), 'volume': np.int64(972400)}]"
YHNA,monthly,2025-09-30,651200,243,3,3,False,0.23201624683792355,"[{'date': Timestamp('2025-09-30 00:00:00'), 'volume': np.int64(651200)}, {'date': Timestamp('2025-07-31 00:00:00'), 'volume': np.int64(39600)}, {'date': Timestamp('2025-06-30 00:00:00'), 'volume': np.int64(30500)}]"
HRMY,monthly,2025-09-30,22265300,243,2,2,False,0.7163890488708136,"[{'date': Timestamp('2025-09-30 00:00:00'), 'volume': np.int64(22265300)}, {'date': Timestamp('2025-06-30 00:00:00'), 'volume': np.int64(13074900)}]"
JACK,monthly,2025-09-30,37035300,243,4,4,True,1.0,"[{'date': Timestamp('2025-09-30 00:00:00'), 'volume': np.int64(37035300)}, {'date': Timestamp('2025-08-31 00:00:00'), 'volume': np.int64(23722400)}, {'date': Timestamp('2025-07-31 00:00:00'), 'volume': np.int64(19649100)}, {'date': Timestamp('2025-06-30 00:00:00'), 'volume': np.int64(18718400)}]"
CVI,monthly,2025-09-30,49406300,243,4,4,True,1.0,"[{'date': Timestamp('2025-09-30 00:00:00'), 'volume': np.int64(49406300)}, {'date': Timestamp('2025-08-31 00:00:00'), 'volume': np.int64(42129800)}, {'date': Timestamp('2025-07-31 00:00:00'), 'volume': np.int64(22982300)}, {'date': Timestamp('2025-06-30 00:00:00'), 'volume': np.int64(20695700)}]"
KEQU,monthly,2025-09-30,321600,243,2,2,False,0.3998508019395748,"[{'date': Timestamp('2025-09-30 00:00:00'), 'volume': np.int64(321600)}, {'date': Timestamp('2025-06-30 00:00:00'), 'volume': np.int64(293700)}]"
CON,monthly,2025-09-30,23476400,243,4,4,False,0.9946952748966171,"[{'date': Timestamp('2025-09-30 00:00:00'), 'volume': np.int64(23476400)}, {'date': Timestamp('2025-08-31 00:00:00'), 'volume': np.int64(19069400)}, {'date': Timestamp('2025-07-31 00:00:00'), 'volume': np.int64(17427100)}, {'date': Timestamp('2025-06-30 00:00:00'), 'volume': np.int64(16593600)}]"
MDWD,monthly,2025-09-30,2982400,243,4,4,False,0.43011248918373235,"[{'date': Timestamp('2025-09-30 00:00:00'), 'volume': np.int64(2982400)}, {'date': Timestamp('2025-08-31 00:00:00'), 'volume': np.int64(2054400)}, {'date': Timestamp('2025-07-31 00:00:00'), 'volume': np.int64(1200700)}, {'date': Timestamp('2025-06-30 00:00:00'), 'volume': np.int64(1141100)}]"
DNLI,monthly,2025-09-30,51415200,243,3,3,True,1.0,"[{'date': Timestamp('2025-09-30 00:00:00'), 'volume': np.int64(51415200)}, {'date': Timestamp('2025-08-31 00:00:00'), 'volume': np.int64(37585800)}, {'date': Timestamp('2025-06-30 00:00:00'), 'volume': np.int64(34605700)}]"
MBINM,monthly,2025-09-30,1104100,243,3,3,False,0.5986553163801984,"[{'date': Timestamp('2025-09-30 00:00:00'), 'volume': np.int64(1104100)}, {'date': Timestamp('2025-07-31 00:00:00'), 'volume': np.int64(292800)}, {'date': Timestamp('2025-06-30 00:00:00'), 'volume': np.int64(273700)}]"
FACTU,monthly,2025-09-30,130200,243,2,2,False,0.007585335018963337,"[{'date': Timestamp('2025-09-30 00:00:00'), 'volume': np.int64(130200)}, {'date': Timestamp('2025-06-30 00:00:00'), 'volume': np.int64(8900)}]"
AEM,monthly,2025-09-30,72967600,243,2,2,False,0.7206171221573598,"[{'date': Timestamp('2025-09-30 00:00:00'), 'volume': np.int64(72967600)}, {'date': Timestamp('2025-06-30 00:00:00'), 'volume': np.int64(57630300)}]"
SENEB,monthly,2025-09-30,10400,243,3,3,False,0.325,"[{'date': Timestamp('2025-09-30 00:00:00'), 'volume': np.int64(10400)}, {'date': Timestamp('2025-07-31 00:00:00'), 'volume': np.int64(6000)}, {'date': Timestamp('2025-06-30 00:00:00'), 'volume': np.int64(5200)}]"
FOX,monthly,2025-09-30,63341100,243,3,3,True,1.0,"[{'date': Timestamp('2025-09-30 00:00:00'), 'volume': np.int64(63341100)}, {'date': Timestamp('2025-08-31 00:00:00'), 'volume': np.int64(24925300)}, {'date': Timestamp('2025-06-30 00:00:00'), 'volume': np.int64(24778600)}]"
KEX,monthly,2025-09-30,25902200,243,4,4,True,1.0,"[{'date': Timestamp('2025-09-30 00:00:00'), 'volume': np.int64(25902200)}, {'date': Timestamp('2025-08-31 00:00:00'), 'volume': np.int64(15377600)}, {'date': Timestamp('2025-07-31 00:00:00'), 'volume': np.int64(13937100)}, {'date': Timestamp('2025-06-30 00:00:00'), 'volume': np.int64(10512000)}]"
RIV,monthly,2025-09-30,4116535,243,4,4,False,0.8984232712892204,"[{'date': Timestamp('2025-09-30 00:00:00'), 'volume': np.int64(4116535)}, {'date': Timestamp('2025-08-31 00:00:00'), 'volume': np.int64(2173712)}, {'date': Timestamp('2025-07-31 00:00:00'), 'volume': np.int64(1958648)}, {'date': Timestamp('2025-06-30 00:00:00'), 'volume': np.int64(1195933)}]"
AMRZ,monthly,2025-09-30,119574000,243,3,3,True,1.0,"[{'date': Timestamp('2025-09-30 00:00:00'), 'volume': np.int64(119574000)}, {'date': Timestamp('2025-07-31 00:00:00'), 'volume': np.int64(56190100)}, {'date': Timestamp('2025-06-30 00:00:00'), 'volume': np.int64(40987800)}]"
SFD,monthly,2025-09-30,42234700,243,4,4,True,1.0,"[{'date': Timestamp('2025-09-30 00:00:00'), 'volume': np.int64(42234700)}, {'date': Timestamp('2025-08-31 00:00:00'), 'volume': np.int64(19651400)}, {'date': Timestamp('2025-07-31 00:00:00'), 'volume': np.int64(13583100)}, {'date': Timestamp('2025-06-30 00:00:00'), 'volume': np.int64(9636400)}]"
TTGT,monthly,2025-09-30,18090000,243,4,4,True,1.0,"[{'date': Timestamp('2025-09-30 00:00:00'), 'volume': np.int64(18090000)}, {'date': Timestamp('2025-08-31 00:00:00'), 'volume': np.int64(13071400)}, {'date': Timestamp('2025-07-31 00:00:00'), 'volume': np.int64(12291500)}, {'date': Timestamp('2025-06-30 00:00:00'), 'volume': np.int64(11182300)}]"
ACV,monthly,2025-09-30,1072400,243,3,3,False,0.4207635265037078,"[{'date': Timestamp('2025-09-30 00:00:00'), 'volume': np.int64(1072400)}, {'date': Timestamp('2025-07-31 00:00:00'), 'volume': np.int64(571800)}, {'date': Timestamp('2025-06-30 00:00:00'), 'volume': np.int64(500900)}]"
RBRK,monthly,2025-09-30,117843500,243,2,2,True,1.0,"[{'date': Timestamp('2025-09-30 00:00:00'), 'volume': np.int64(117843500)}, {'date': Timestamp('2025-06-30 00:00:00'), 'volume': np.int64(114118900)}]"
CSAN,monthly,2025-09-30,56314600,243,3,3,True,1.0,"[{'date': Timestamp('2025-09-30 00:00:00'), 'volume': np.int64(56314600)}, {'date': Timestamp('2025-07-31 00:00:00'), 'volume': np.int64(32756700)}, {'date': Timestamp('2025-06-30 00:00:00'), 'volume': np.int64(31446500)}]"
SRE,monthly,2025-09-30,100723100,243,2,2,False,0.7045899065985416,"[{'date': Timestamp('2025-09-30 00:00:00'), 'volume': np.int64(100723100)}, {'date': Timestamp('2025-06-30 00:00:00'), 'volume': np.int64(82643500)}]"
CRESY,monthly,2025-09-30,8756272,243,2,2,True,1.0,"[{'date': Timestamp('2025-09-30 00:00:00'), 'volume': np.int64(8756272)}, {'date': Timestamp('2025-06-30 00:00:00'), 'volume': np.int64(4646125)}]"
IRDM,monthly,2025-09-30,82048600,243,3,3,True,1.0,"[{'date': Timestamp('2025-09-30 00:00:00'), 'volume': np.int64(82048600)}, {'date': Timestamp('2025-07-31 00:00:00'), 'volume': np.int64(43067300)}, {'date': Timestamp('2025-06-30 00:00:00'), 'volume': np.int64(24551100)}]"
AEO,monthly,2025-09-30,363009300,243,4,4,True,1.0,"[{'date': Timestamp('2025-09-30 00:00:00'), 'volume': np.int64(363009300)}, {'date': Timestamp('2025-08-31 00:00:00'), 'volume': np.int64(322030100)}, {'date': Timestamp('2025-07-31 00:00:00'), 'volume': np.int64(248468400)}, {'date': Timestamp('2025-06-30 00:00:00'), 'volume': np.int64(155684600)}]"
FOXA,monthly,2025-09-30,97310800,243,3,3,False,0.6413629922557258,"[{'date': Timestamp('2025-09-30 00:00:00'), 'volume': np.int64(97310800)}, {'date': Timestamp('2025-08-31 00:00:00'), 'volume': np.int64(75921000)}, {'date': Timestamp('2025-06-30 00:00:00'), 'volume': np.int64(75146400)}]"
OMAB,monthly,2025-09-30,2334900,243,3,3,False,0.3904776239213325,"[{'date': Timestamp('2025-09-30 00:00:00'), 'volume': np.int64(2334900)}, {'date': Timestamp('2025-07-31 00:00:00'), 'volume': np.int64(1907100)}, {'date': Timestamp('2025-06-30 00:00:00'), 'volume': np.int64(1292300)}]"
WAY,monthly,2025-09-30,88409700,243,3,3,True,1.0,"[{'date': Timestamp('2025-09-30 00:00:00'), 'volume': np.int64(88409700)}, {'date': Timestamp('2025-07-31 00:00:00'), 'volume': np.int64(35139800)}, {'date': Timestamp('2025-06-30 00:00:00'), 'volume': np.int64(33819300)}]"
BRKR,monthly,2025-09-30,112389300,243,3,3,True,1.0,"[{'date': Timestamp('2025-09-30 00:00:00'), 'volume': np.int64(112389300)}, {'date': Timestamp('2025-07-31 00:00:00'), 'volume': np.int64(71024100)}, {'date': Timestamp('2025-06-30 00:00:00'), 'volume': np.int64(45920100)}]"
FSM,monthly,2025-09-30,484429900,243,2,2,True,1.0,"[{'date': Timestamp('2025-09-30 00:00:00'), 'volume': np.int64(484429900)}, {'date': Timestamp('2025-06-30 00:00:00'), 'volume': np.int64(368170400)}]"
VGI,monthly,2025-09-30,1027900,243,3,3,False,0.35941816147417743,"[{'date': Timestamp('2025-09-30 00:00:00'), 'volume': np.int64(1027900)}, {'date': Timestamp('2025-07-31 00:00:00'), 'volume': np.int64(744700)}, {'date': Timestamp('2025-06-30 00:00:00'), 'volume': np.int64(527700)}]"
CTRI,monthly,2025-09-30,65025600,243,3,3,True,1.0,"[{'date': Timestamp('2025-09-30 00:00:00'), 'volume': np.int64(65025600)}, {'date': Timestamp('2025-08-31 00:00:00'), 'volume': np.int64(37971000)}, {'date': Timestamp('2025-06-30 00:00:00'), 'volume': np.int64(19666700)}]"
VIASP,monthly,2025-09-30,211800,243,4,4,False,0.18128905246939997,"[{'date': Timestamp('2025-09-30 00:00:00'), 'volume': np.int64(211800)}, {'date': Timestamp('2025-08-31 00:00:00'), 'volume': np.int64(146200)}, {'date': Timestamp('2025-07-31 00:00:00'), 'volume': np.int64(136800)}, {'date': Timestamp('2025-06-30 00:00:00'), 'volume': np.int64(110400)}]"
MKSI,monthly,2025-09-30,30386000,243,4,4,False,0.6877305751080732,"[{'date': Timestamp('2025-09-30 00:00:00'), 'volume': np.int64(30386000)}, {'date': Timestamp('2025-08-31 00:00:00'), 'volume': np.int64(21966300)}, {'date': Timestamp('2025-07-31 00:00:00'), 'volume': np.int64(20516800)}, {'date': Timestamp('2025-06-30 00:00:00'), 'volume': np.int64(19266600)}]"
ONTO,monthly,2025-09-30,35086900,243,3,3,False,0.796188215645607,"[{'date': Timestamp('2025-09-30 00:00:00'), 'volume': np.int64(35086900)}, {'date': Timestamp('2025-08-31 00:00:00'), 'volume': np.int64(29669500)}, {'date': Timestamp('2025-06-30 00:00:00'), 'volume': np.int64(24769200)}]"
JD,monthly,2025-09-30,454801900,243,4,4,False,0.8337596831579781,"[{'date': Timestamp('2025-09-30 00:00:00'), 'volume': np.int64(454801900)}, {'date': Timestamp('2025-08-31 00:00:00'), 'volume': np.int64(224313100)}, {'date': Timestamp('2025-07-31 00:00:00'), 'volume': np.int64(217566600)}, {'date': Timestamp('2025-06-30 00:00:00'), 'volume': np.int64(175159100)}]"
WMK,monthly,2025-09-30,4430600,243,3,3,False,0.9700273672687466,"[{'date': Timestamp('2025-09-30 00:00:00'), 'volume': np.int64(4430600)}, {'date': Timestamp('2025-08-31 00:00:00'), 'volume': np.int64(2896700)}, {'date': Timestamp('2025-06-30 00:00:00'), 'volume': np.int64(2588300)}]"
SPNT,monthly,2025-09-30,24016600,243,4,4,True,1.0,"[{'date': Timestamp('2025-09-30 00:00:00'), 'volume': np.int64(24016600)}, {'date': Timestamp('2025-08-31 00:00:00'), 'volume': np.int64(18173900)}, {'date': Timestamp('2025-07-31 00:00:00'), 'volume': np.int64(14376400)}, {'date': Timestamp('2025-06-30 00:00:00'), 'volume': np.int64(12759100)}]"
KGS,monthly,2025-09-30,47067200,243,4,4,True,1.0,"[{'date': Timestamp('2025-09-30 00:00:00'), 'volume': np.int64(47067200)}, {'date': Timestamp('2025-08-31 00:00:00'), 'volume': np.int64(45330000)}, {'date': Timestamp('2025-07-31 00:00:00'), 'volume': np.int64(23852500)}, {'date': Timestamp('2025-06-30 00:00:00'), 'volume': np.int64(21184400)}]"
RSSS,monthly,2025-09-30,3927800,243,3,3,False,0.31876577475876283,"[{'date': Timestamp('2025-09-30 00:00:00'), 'volume': np.int64(3927800)}, {'date': Timestamp('2025-08-31 00:00:00'), 'volume': np.int64(1803400)}, {'date': Timestamp('2025-06-30 00:00:00'), 'volume': np.int64(970300)}]"
LTM,monthly,2025-09-30,54069200,243,3,3,True,1.0,"[{'date': Timestamp('2025-09-30 00:00:00'), 'volume': np.int64(54069200)}, {'date': Timestamp('2025-08-31 00:00:00'), 'volume': np.int64(32216900)}, {'date': Timestamp('2025-06-30 00:00:00'), 'volume': np.int64(22945800)}]"
PSMT,monthly,2025-09-30,5326900,243,3,3,False,0.6509635712627244,"[{'date': Timestamp('2025-09-30 00:00:00'), 'volume': np.int64(5326900)}, {'date': Timestamp('2025-07-31 00:00:00'), 'volume': np.int64(5142300)}, {'date': Timestamp('2025-06-30 00:00:00'), 'volume': np.int64(4693800)}]"
GJT,monthly,2025-09-30,32000,243,4,4,False,0.41025641025641024,"[{'date': Timestamp('2025-09-30 00:00:00'), 'volume': np.int64(32000)}, {'date': Timestamp('2025-08-31 00:00:00'), 'volume': np.int64(14200)}, {'date': Timestamp('2025-07-31 00:00:00'), 'volume': np.int64(10200)}, {'date': Timestamp('2025-06-30 00:00:00'), 'volume': np.int64(7900)}]"
EIIA,monthly,2025-09-30,270800,243,3,3,False,0.423125,"[{'date': Timestamp('2025-09-30 00:00:00'), 'volume': np.int64(270800)}, {'date': Timestamp('2025-07-31 00:00:00'), 'volume': np.int64(94700)}, {'date': Timestamp('2025-06-30 00:00:00'), 'volume': np.int64(68600)}]"
UBFO,monthly,2025-06-30,2218800,243,3,3,False,0.6117621108936006,"[{'date': Timestamp('2025-06-30 00:00:00'), 'volume': np.int64(2218800)}, {'date': Timestamp('2025-04-30 00:00:00'), 'volume': np.int64(819800)}, {'date': Timestamp('2025-03-31 00:00:00'), 'volume': np.int64(498900)}]"
HAYW,monthly,2025-09-30,58285000,243,4,4,False,0.7638244560117841,"[{'date': Timestamp('2025-09-30 00:00:00'), 'volume': np.int64(58285000)}, {'date': Timestamp('2025-08-31 00:00:00'), 'volume': np.int64(54537500)}, {'date': Timestamp('2025-07-31 00:00:00'), 'volume': np.int64(47230200)}, {'date': Timestamp('2025-06-30 00:00:00'), 'volume': np.int64(34873500)}]"
NTNX,monthly,2025-09-30,116088100,243,3,3,False,0.9949126555406718,"[{'date': Timestamp('2025-09-30 00:00:00'), 'volume': np.int64(116088100)}, {'date': Timestamp('2025-08-31 00:00:00'), 'volume': np.int64(68425100)}, {'date': Timestamp('2025-06-30 00:00:00'), 'volume': np.int64(55482600)}]"
BKE,monthly,2025-09-30,12094100,243,3,3,False,0.6659233319017256,"[{'date': Timestamp('2025-09-30 00:00:00'), 'volume': np.int64(12094100)}, {'date': Timestamp('2025-08-31 00:00:00'), 'volume': np.int64(11990300)}, {'date': Timestamp('2025-06-30 00:00:00'), 'volume': np.int64(9848500)}]"
NEOG,monthly,2025-09-30,155267200,243,2,2,False,0.7605105362511498,"[{'date': Timestamp('2025-09-30 00:00:00'), 'volume': np.int64(155267200)}, {'date': Timestamp('2025-06-30 00:00:00'), 'volume': np.int64(132816300)}]"
FSBW,monthly,2025-09-30,374200,243,4,4,False,0.16433182556760792,"[{'date': Timestamp('2025-09-30 00:00:00'), 'volume': np.int64(374200)}, {'date': Timestamp('2025-08-31 00:00:00'), 'volume': np.int64(367600)}, {'date': Timestamp('2025-07-31 00:00:00'), 'volume': np.int64(338800)}, {'date': Timestamp('2025-06-30 00:00:00'), 'volume': np.int64(333000)}]"
SNY,monthly,2025-09-30,87793700,243,4,4,False,0.877707918233341,"[{'date': Timestamp('2025-09-30 00:00:00'), 'volume': np.int64(87793700)}, {'date': Timestamp('2025-08-31 00:00:00'), 'volume': np.int64(48865100)}, {'date': Timestamp('2025-07-31 00:00:00'), 'volume': np.int64(47725700)}, {'date': Timestamp('2025-06-30 00:00:00'), 'volume': np.int64(43806200)}]"
KE,monthly,2025-09-30,6121200,243,3,3,True,1.0,"[{'date': Timestamp('2025-09-30 00:00:00'), 'volume': np.int64(6121200)}, {'date': Timestamp('2025-08-31 00:00:00'), 'volume': np.int64(5592600)}, {'date': Timestamp('2025-06-30 00:00:00'), 'volume': np.int64(3342900)}]"
MLAB,monthly,2025-09-30,4305400,243,2,2,True,1.0,"[{'date': Timestamp('2025-09-30 00:00:00'), 'volume': np.int64(4305400)}, {'date': Timestamp('2025-06-30 00:00:00'), 'volume': np.int64(4287400)}]"
JXN,monthly,2025-09-30,15987900,243,2,2,False,0.1815251477711143,"[{'date': Timestamp('2025-09-30 00:00:00'), 'volume': np.int64(15987900)}, {'date': Timestamp('2025-06-30 00:00:00'), 'volume': np.int64(15395900)}]"
CGO,monthly,2025-09-30,805800,243,4,4,False,0.6905476047647613,"[{'date': Timestamp('2025-09-30 00:00:00'), 'volume': np.int64(805800)}, {'date': Timestamp('2025-08-31 00:00:00'), 'volume': np.int64(580700)}, {'date': Timestamp('2025-07-31 00:00:00'), 'volume': np.int64(459800)}, {'date': Timestamp('2025-06-30 00:00:00'), 'volume': np.int64(432500)}]"
CHWY,monthly,2025-09-30,206286100,243,2,2,False,0.6905827029346888,"[{'date': Timestamp('2025-09-30 00:00:00'), 'volume': np.int64(206286100)}, {'date': Timestamp('2025-06-30 00:00:00'), 'volume': np.int64(196885900)}]"
PBFS,monthly,2025-09-30,764300,243,2,2,False,0.9234021988643228,"[{'date': Timestamp('2025-09-30 00:00:00'), 'volume': np.int64(764300)}, {'date': Timestamp('2025-06-30 00:00:00'), 'volume': np.int64(687700)}]"
QRVO,monthly,2025-09-30,47894300,243,3,3,False,0.606189437125991,"[{'date': Timestamp('2025-09-30 00:00:00'), 'volume': np.int64(47894300)}, {'date': Timestamp('2025-07-31 00:00:00'), 'volume': np.int64(42621500)}, {'date': Timestamp('2025-06-30 00:00:00'), 'volume': np.int64(38235700)}]"
MFA,monthly,2025-09-30,36633700,243,3,3,False,0.15107917081047664,"[{'date': Timestamp('2025-09-30 00:00:00'), 'volume': np.int64(36633700)}, {'date': Timestamp('2025-07-31 00:00:00'), 'volume': np.int64(27173700)}, {'date': Timestamp('2025-06-30 00:00:00'), 'volume': np.int64(26825800)}]"
DLTR,monthly,2025-09-30,116927300,243,2,2,False,0.8220238296101325,"[{'date': Timestamp('2025-09-30 00:00:00'), 'volume': np.int64(116927300)}, {'date': Timestamp('2025-06-30 00:00:00'), 'volume': np.int64(99874600)}]"
SCOR,monthly,2025-09-30,2997100,243,2,2,True,1.0,"[{'date': Timestamp('2025-09-30 00:00:00'), 'volume': np.int64(2997100)}, {'date': Timestamp('2025-06-30 00:00:00'), 'volume': np.int64(427600)}]"
MSGE,monthly,2025-09-30,7923000,243,2,2,False,0.4927913022926022,"[{'date': Timestamp('2025-09-30 00:00:00'), 'volume': np.int64(7923000)}, {'date': Timestamp('2025-06-30 00:00:00'), 'volume': np.int64(7831800)}]"
EQX,monthly,2025-09-30,420039000,243,2,2,True,1.0,"[{'date': Timestamp('2025-09-30 00:00:00'), 'volume': np.int64(420039000)}, {'date': Timestamp('2025-06-30 00:00:00'), 'volume': np.int64(385987800)}]"
PLTK,monthly,2025-09-30,54018600,243,3,3,False,0.6963807117396433,"[{'date': Timestamp('2025-09-30 00:00:00'), 'volume': np.int64(54018600)}, {'date': Timestamp('2025-08-31 00:00:00'), 'volume': np.int64(41960000)}, {'date': Timestamp('2025-06-30 00:00:00'), 'volume': np.int64(34263800)}]"
OXLCN,monthly,2025-09-30,105700,243,2,2,False,0.23338485316846985,"[{'date': Timestamp('2025-09-30 00:00:00'), 'volume': np.int64(105700)}, {'date': Timestamp('2025-06-30 00:00:00'), 'volume': np.int64(84500)}]"
IBAC,monthly,2025-09-30,1881600,243,3,3,False,0.4520577565288422,"[{'date': Timestamp('2025-09-30 00:00:00'), 'volume': np.int64(1881600)}, {'date': Timestamp('2025-08-31 00:00:00'), 'volume': np.int64(115100)}, {'date': Timestamp('2025-06-30 00:00:00'), 'volume': np.int64(40800)}]"
OCCIN,monthly,2025-09-30,177900,243,4,4,False,0.6266290947516732,"[{'date': Timestamp('2025-09-30 00:00:00'), 'volume': np.int64(177900)}, {'date': Timestamp('2025-08-31 00:00:00'), 'volume': np.int64(38000)}, {'date': Timestamp('2025-07-31 00:00:00'), 'volume': np.int64(28400)}, {'date': Timestamp('2025-06-30 00:00:00'), 'volume': np.int64(24100)}]"
UTHR,monthly,2025-09-30,22074700,243,3,3,True,1.0,"[{'date': Timestamp('2025-09-30 00:00:00'), 'volume': np.int64(22074700)}, {'date': Timestamp('2025-08-31 00:00:00'), 'volume': np.int64(16330300)}, {'date': Timestamp('2025-06-30 00:00:00'), 'volume': np.int64(14787000)}]"
DE,monthly,2025-09-30,31444500,243,4,4,False,0.5187834092258958,"[{'date': Timestamp('2025-09-30 00:00:00'), 'volume': np.int64(31444500)}, {'date': Timestamp('2025-08-31 00:00:00'), 'volume': np.int64(30662700)}, {'date': Timestamp('2025-07-31 00:00:00'), 'volume': np.int64(24390600)}, {'date': Timestamp('2025-06-30 00:00:00'), 'volume': np.int64(23347800)}]"
CSL,monthly,2025-09-30,13244200,243,3,3,False,0.8850412643255705,"[{'date': Timestamp('2025-09-30 00:00:00'), 'volume': np.int64(13244200)}, {'date': Timestamp('2025-07-31 00:00:00'), 'volume': np.int64(11004600)}, {'date': Timestamp('2025-06-30 00:00:00'), 'volume': np.int64(8936600)}]"
RGA,monthly,2025-09-30,11280600,243,4,4,False,0.4407052471607668,"[{'date': Timestamp('2025-09-30 00:00:00'), 'volume': np.int64(11280600)}, {'date': Timestamp('2025-08-31 00:00:00'), 'volume': np.int64(10729900)}, {'date': Timestamp('2025-07-31 00:00:00'), 'volume': np.int64(7616900)}, {'date': Timestamp('2025-06-30 00:00:00'), 'volume': np.int64(7134500)}]"
GDL,monthly,2025-09-30,355700,243,4,4,False,0.23192280106930951,"[{'date': Timestamp('2025-09-30 00:00:00'), 'volume': np.int64(355700)}, {'date': Timestamp('2025-08-31 00:00:00'), 'volume': np.int64(254900)}, {'date': Timestamp('2025-07-31 00:00:00'), 'volume': np.int64(226100)}, {'date': Timestamp('2025-06-30 00:00:00'), 'volume': np.int64(215500)}]"
XLY,monthly,2025-09-30,296671600,243,4,4,False,0.5217091893618114,"[{'date': Timestamp('2025-09-30 00:00:00'), 'volume': np.int64(296671600)}, {'date': Timestamp('2025-08-31 00:00:00'), 'volume': np.int64(243805000)}, {'date': Timestamp('2025-07-31 00:00:00'), 'volume': np.int64(226987800)}, {'date': Timestamp('2025-06-30 00:00:00'), 'volume': np.int64(172359400)}]"
BIPJ,monthly,2025-09-30,501800,243,2,2,False,0.23112707843950073,"[{'date': Timestamp('2025-09-30 00:00:00'), 'volume': np.int64(501800)}, {'date': Timestamp('2025-06-30 00:00:00'), 'volume': np.int64(429800)}]"
DKS,monthly,2025-09-30,38513200,243,3,3,False,0.40654642646776296,"[{'date': Timestamp('2025-09-30 00:00:00'), 'volume': np.int64(38513200)}, {'date': Timestamp('2025-08-31 00:00:00'), 'volume': np.int64(37821400)}, {'date': Timestamp('2025-06-30 00:00:00'), 'volume': np.int64(31190100)}]"
FDX,monthly,2025-09-30,52696300,243,2,2,False,0.45018794744306045,"[{'date': Timestamp('2025-09-30 00:00:00'), 'volume': np.int64(52696300)}, {'date': Timestamp('2025-06-30 00:00:00'), 'volume': np.int64(52371700)}]"
AKR,monthly,2025-09-30,35891100,243,2,2,False,0.9762009024617786,"[{'date': Timestamp('2025-09-30 00:00:00'), 'volume': np.int64(35891100)}, {'date': Timestamp('2025-06-30 00:00:00'), 'volume': np.int64(34496800)}]"
EA,monthly,2025-09-30,95796700,243,4,4,False,0.8223047988889061,"[{'date': Timestamp('2025-09-30 00:00:00'), 'volume': np.int64(95796700)}, {'date': Timestamp('2025-08-31 00:00:00'), 'volume': np.int64(63797400)}, {'date': Timestamp('2025-07-31 00:00:00'), 'volume': np.int64(57852900)}, {'date': Timestamp('2025-06-30 00:00:00'), 'volume': np.int64(57276400)}]"
CCI,monthly,2025-09-30,82917400,243,2,2,False,0.8943236923395517,"[{'date': Timestamp('2025-09-30 00:00:00'), 'volume': np.int64(82917400)}, {'date': Timestamp('2025-06-30 00:00:00'), 'volume': np.int64(69061400)}]"
DOLE,monthly,2025-09-30,34027300,243,3,3,True,1.0,"[{'date': Timestamp('2025-09-30 00:00:00'), 'volume': np.int64(34027300)}, {'date': Timestamp('2025-08-31 00:00:00'), 'volume': np.int64(14805000)}, {'date': Timestamp('2025-06-30 00:00:00'), 'volume': np.int64(13015300)}]"
DFP,monthly,2025-09-30,1737300,243,4,4,False,0.4084209041540306,"[{'date': Timestamp('2025-09-30 00:00:00'), 'volume': np.int64(1737300)}, {'date': Timestamp('2025-08-31 00:00:00'), 'volume': np.int64(1586500)}, {'date': Timestamp('2025-07-31 00:00:00'), 'volume': np.int64(1267600)}, {'date': Timestamp('2025-06-30 00:00:00'), 'volume': np.int64(1036400)}]"
FCNCA,monthly,2025-09-30,3651300,243,4,4,False,0.4684877723318535,"[{'date': Timestamp('2025-09-30 00:00:00'), 'volume': np.int64(3651300)}, {'date': Timestamp('2025-08-31 00:00:00'), 'volume': np.int64(3279000)}, {'date': Timestamp('2025-07-31 00:00:00'), 'volume': np.int64(1728800)}, {'date': Timestamp('2025-06-30 00:00:00'), 'volume': np.int64(1670700)}]"
EME,monthly,2025-09-30,20249200,243,2,2,True,1.0,"[{'date': Timestamp('2025-09-30 00:00:00'), 'volume': np.int64(20249200)}, {'date': Timestamp('2025-06-30 00:00:00'), 'volume': np.int64(9200100)}]"
OXLCP,monthly,2025-09-30,333900,243,4,4,False,0.11230324229786089,"[{'date': Timestamp('2025-09-30 00:00:00'), 'volume': np.int64(333900)}, {'date': Timestamp('2025-08-31 00:00:00'), 'volume': np.int64(79100)}, {'date': Timestamp('2025-07-31 00:00:00'), 'volume': np.int64(75700)}, {'date': Timestamp('2025-06-30 00:00:00'), 'volume': np.int64(69400)}]"
FTI,monthly,2025-09-30,180609900,243,3,3,False,0.3663885985761017,"[{'date': Timestamp('2025-09-30 00:00:00'), 'volume': np.int64(180609900)}, {'date': Timestamp('2025-07-31 00:00:00'), 'volume': np.int64(101634100)}, {'date': Timestamp('2025-06-30 00:00:00'), 'volume': np.int64(88562500)}]"
VALU,monthly,2025-09-30,131800,243,4,4,False,0.18295391449194892,"[{'date': Timestamp('2025-09-30 00:00:00'), 'volume': np.int64(131800)}, {'date': Timestamp('2025-08-31 00:00:00'), 'volume': np.int64(118800)}, {'date': Timestamp('2025-07-31 00:00:00'), 'volume': np.int64(61200)}, {'date': Timestamp('2025-06-30 00:00:00'), 'volume': np.int64(51900)}]"
PEB,monthly,2025-09-30,66041300,243,2,2,False,0.6059246224055578,"[{'date': Timestamp('2025-09-30 00:00:00'), 'volume': np.int64(66041300)}, {'date': Timestamp('2025-06-30 00:00:00'), 'volume': np.int64(50690500)}]"
RMCF,monthly,2025-09-30,17156000,243,3,3,True,1.0,"[{'date': Timestamp('2025-09-30 00:00:00'), 'volume': np.int64(17156000)}, {'date': Timestamp('2025-07-31 00:00:00'), 'volume': np.int64(1203500)}, {'date': Timestamp('2025-06-30 00:00:00'), 'volume': np.int64(697900)}]"
NI,monthly,2025-09-30,112334800,243,3,3,False,0.7655164988231189,"[{'date': Timestamp('2025-09-30 00:00:00'), 'volume': np.int64(112334800)}, {'date': Timestamp('2025-07-31 00:00:00'), 'volume': np.int64(89360400)}, {'date': Timestamp('2025-06-30 00:00:00'), 'volume': np.int64(86346700)}]"
NEWTG,monthly,2025-09-30,204400,243,3,3,False,0.3260488116126974,"[{'date': Timestamp('2025-09-30 00:00:00'), 'volume': np.int64(204400)}, {'date': Timestamp('2025-08-31 00:00:00'), 'volume': np.int64(141600)}, {'date': Timestamp('2025-06-30 00:00:00'), 'volume': np.int64(118700)}]"
UMH,monthly,2025-09-30,16862300,243,3,3,True,1.0,"[{'date': Timestamp('2025-09-30 00:00:00'), 'volume': np.int64(16862300)}, {'date': Timestamp('2025-08-31 00:00:00'), 'volume': np.int64(11511400)}, {'date': Timestamp('2025-06-30 00:00:00'), 'volume': np.int64(10706900)}]"
LULU,monthly,2025-09-30,168934500,243,2,2,True,1.0,"[{'date': Timestamp('2025-09-30 00:00:00'), 'volume': np.int64(168934500)}, {'date': Timestamp('2025-06-30 00:00:00'), 'volume': np.int64(91266700)}]"
EPR,monthly,2025-09-30,22339800,243,4,4,False,0.3710190659669169,"[{'date': Timestamp('2025-09-30 00:00:00'), 'volume': np.int64(22339800)}, {'date': Timestamp('2025-08-31 00:00:00'), 'volume': np.int64(20472600)}, {'date': Timestamp('2025-07-31 00:00:00'), 'volume': np.int64(16907700)}, {'date': Timestamp('2025-06-30 00:00:00'), 'volume': np.int64(15379700)}]"
ALDFU,monthly,2025-09-30,551200,243,3,3,False,0.04919188583769891,"[{'date': Timestamp('2025-09-30 00:00:00'), 'volume': np.int64(551200)}, {'date': Timestamp('2025-07-31 00:00:00'), 'volume': np.int64(44800)}, {'date': Timestamp('2025-06-30 00:00:00'), 'volume': np.int64(10500)}]"
DV,monthly,2025-09-30,91249900,243,2,2,False,0.9787453811211876,"[{'date': Timestamp('2025-09-30 00:00:00'), 'volume': np.int64(91249900)}, {'date': Timestamp('2025-06-30 00:00:00'), 'volume': np.int64(63258400)}]"
ANDE,monthly,2025-09-30,10607800,243,2,2,False,0.7531327875952261,"[{'date': Timestamp('2025-09-30 00:00:00'), 'volume': np.int64(10607800)}, {'date': Timestamp('2025-06-30 00:00:00'), 'volume': np.int64(6794000)}]"
CCNEP,monthly,2025-09-30,79800,243,3,3,False,0.3703016241299304,"[{'date': Timestamp('2025-09-30 00:00:00'), 'volume': np.int64(79800)}, {'date': Timestamp('2025-07-31 00:00:00'), 'volume': np.int64(40300)}, {'date': Timestamp('2025-06-30 00:00:00'), 'volume': np.int64(21500)}]"
ACIW,monthly,2025-09-30,20253300,243,4,4,False,0.4788591532312406,"[{'date': Timestamp('2025-09-30 00:00:00'), 'volume': np.int64(20253300)}, {'date': Timestamp('2025-08-31 00:00:00'), 'volume': np.int64(19927900)}, {'date': Timestamp('2025-07-31 00:00:00'), 'volume': np.int64(15898100)}, {'date': Timestamp('2025-06-30 00:00:00'), 'volume': np.int64(12150500)}]"
ES,monthly,2025-09-30,72662500,243,2,2,False,0.9407366649404454,"[{'date': Timestamp('2025-09-30 00:00:00'), 'volume': np.int64(72662500)}, {'date': Timestamp('2025-06-30 00:00:00'), 'volume': np.int64(53755900)}]"
HR,monthly,2025-09-30,98030800,243,3,3,False,0.44256139061468713,"[{'date': Timestamp('2025-09-30 00:00:00'), 'volume': np.int64(98030800)}, {'date': Timestamp('2025-07-31 00:00:00'), 'volume': np.int64(82695000)}, {'date': Timestamp('2025-06-30 00:00:00'), 'volume': np.int64(81793000)}]"
FERG,monthly,2025-09-30,51393500,243,2,2,False,0.5160912291554113,"[{'date': Timestamp('2025-09-30 00:00:00'), 'volume': np.int64(51393500)}, {'date': Timestamp('2025-06-30 00:00:00'), 'volume': np.int64(38605500)}]"
SVV,monthly,2025-09-30,45625900,243,4,4,True,1.0,"[{'date': Timestamp('2025-09-30 00:00:00'), 'volume': np.int64(45625900)}, {'date': Timestamp('2025-08-31 00:00:00'), 'volume': np.int64(22894100)}, {'date': Timestamp('2025-07-31 00:00:00'), 'volume': np.int64(13250300)}, {'date': Timestamp('2025-06-30 00:00:00'), 'volume': np.int64(11818200)}]"
AGNCM,monthly,2025-09-30,602700,243,2,2,False,0.1966394779771615,"[{'date': Timestamp('2025-09-30 00:00:00'), 'volume': np.int64(602700)}, {'date': Timestamp('2025-06-30 00:00:00'), 'volume': np.int64(404100)}]"
UNP,monthly,2025-09-30,105824400,243,3,3,False,0.7167101244133204,"[{'date': Timestamp('2025-09-30 00:00:00'), 'volume': np.int64(105824400)}, {'date': Timestamp('2025-07-31 00:00:00'), 'volume': np.int64(105208700)}, {'date': Timestamp('2025-06-30 00:00:00'), 'volume': np.int64(66880100)}]"
HPI,monthly,2025-09-30,2152900,243,4,4,False,0.4313910151084038,"[{'date': Timestamp('2025-09-30 00:00:00'), 'volume': np.int64(2152900)}, {'date': Timestamp('2025-08-31 00:00:00'), 'volume': np.int64(1692900)}, {'date': Timestamp('2025-07-31 00:00:00'), 'volume': np.int64(1236800)}, {'date': Timestamp('2025-06-30 00:00:00'), 'volume': np.int64(910600)}]"
M,monthly,2025-09-30,270901700,243,3,3,False,0.22354200203257735,"[{'date': Timestamp('2025-09-30 00:00:00'), 'volume': np.int64(270901700)}, {'date': Timestamp('2025-07-31 00:00:00'), 'volume': np.int64(160685800)}, {'date': Timestamp('2025-06-30 00:00:00'), 'volume': np.int64(148518400)}]"
WOR,monthly,2025-09-30,7617800,243,3,3,False,0.35461701078873076,"[{'date': Timestamp('2025-09-30 00:00:00'), 'volume': np.int64(7617800)}, {'date': Timestamp('2025-07-31 00:00:00'), 'volume': np.int64(6205100)}, {'date': Timestamp('2025-06-30 00:00:00'), 'volume': np.int64(5978000)}]"
SBH,monthly,2025-09-30,50989400,243,4,4,False,0.6753795494944197,"[{'date': Timestamp('2025-09-30 00:00:00'), 'volume': np.int64(50989400)}, {'date': Timestamp('2025-08-31 00:00:00'), 'volume': np.int64(47640200)}, {'date': Timestamp('2025-07-31 00:00:00'), 'volume': np.int64(35990000)}, {'date': Timestamp('2025-06-30 00:00:00'), 'volume': np.int64(33505000)}]"
MRCY,monthly,2025-08-31,16550300,273,2,2,False,0.5865073852521759,"[{'date': Timestamp('2025-08-31 00:00:00'), 'volume': np.int64(16550300)}, {'date': Timestamp('2025-06-30 00:00:00'), 'volume': np.int64(15643900)}]"
RWTN,monthly,2025-08-31,275800,273,3,3,False,0.5658596635207221,"[{'date': Timestamp('2025-08-31 00:00:00'), 'volume': np.int64(275800)}, {'date': Timestamp('2025-07-31 00:00:00'), 'volume': np.int64(90000)}, {'date': Timestamp('2025-06-30 00:00:00'), 'volume': np.int64(48500)}]"
NUS,monthly,2025-08-31,14090600,273,2,2,False,0.39114913556668407,"[{'date': Timestamp('2025-08-31 00:00:00'), 'volume': np.int64(14090600)}, {'date': Timestamp('2025-06-30 00:00:00'), 'volume': np.int64(10434100)}]"
KYIV,monthly,2025-08-31,40661100,273,3,3,True,1.0,"[{'date': Timestamp('2025-08-31 00:00:00'), 'volume': np.int64(40661100)}, {'date': Timestamp('2025-07-31 00:00:00'), 'volume': np.int64(12307800)}, {'date': Timestamp('2025-06-30 00:00:00'), 'volume': np.int64(9916100)}]"
FTV,monthly,2025-08-31,95958500,273,3,3,False,0.7239706381407516,"[{'date': Timestamp('2025-08-31 00:00:00'), 'volume': np.int64(95958500)}, {'date': Timestamp('2025-07-31 00:00:00'), 'volume': np.int64(92905000)}, {'date': Timestamp('2025-06-30 00:00:00'), 'volume': np.int64(79493980)}]"
SCCF,monthly,2025-08-31,113200,273,3,3,False,0.26052934407364786,"[{'date': Timestamp('2025-08-31 00:00:00'), 'volume': np.int64(113200)}, {'date': Timestamp('2025-07-31 00:00:00'), 'volume': np.int64(43300)}, {'date': Timestamp('2025-06-30 00:00:00'), 'volume': np.int64(28400)}]"
SCCG,monthly,2025-08-31,165000,273,2,2,False,0.3153067074335945,"[{'date': Timestamp('2025-08-31 00:00:00'), 'volume': np.int64(165000)}, {'date': Timestamp('2025-06-30 00:00:00'), 'volume': np.int64(51800)}]"
CLBT,monthly,2025-08-31,50180700,273,3,3,False,0.9194157449124112,"[{'date': Timestamp('2025-08-31 00:00:00'), 'volume': np.int64(50180700)}, {'date': Timestamp('2025-07-31 00:00:00'), 'volume': np.int64(32798800)}, {'date': Timestamp('2025-06-30 00:00:00'), 'volume': np.int64(30841300)}]"
IART,monthly,2025-08-31,30692300,273,2,2,False,0.6755225608507998,"[{'date': Timestamp('2025-08-31 00:00:00'), 'volume': np.int64(30692300)}, {'date': Timestamp('2025-06-30 00:00:00'), 'volume': np.int64(28509600)}]"
JHX,monthly,2025-08-31,234404200,273,3,3,True,1.0,"[{'date': Timestamp('2025-08-31 00:00:00'), 'volume': np.int64(234404200)}, {'date': Timestamp('2025-07-31 00:00:00'), 'volume': np.int64(157858200)}, {'date': Timestamp('2025-06-30 00:00:00'), 'volume': np.int64(137644900)}]"
BLBD,monthly,2025-08-31,18007600,273,3,3,False,0.8641504906783117,"[{'date': Timestamp('2025-08-31 00:00:00'), 'volume': np.int64(18007600)}, {'date': Timestamp('2025-07-31 00:00:00'), 'volume': np.int64(9282000)}, {'date': Timestamp('2025-06-30 00:00:00'), 'volume': np.int64(7592000)}]"
PSKY,monthly,2025-08-31,581570400,273,3,3,False,0.47079265328557707,"[{'date': Timestamp('2025-08-31 00:00:00'), 'volume': np.int64(581570400)}, {'date': Timestamp('2025-07-31 00:00:00'), 'volume': np.int64(248170100)}, {'date': Timestamp('2025-06-30 00:00:00'), 'volume': np.int64(159094000)}]"
UE,monthly,2025-08-31,26984600,273,3,3,False,0.5886063662479359,"[{'date': Timestamp('2025-08-31 00:00:00'), 'volume': np.int64(26984600)}, {'date': Timestamp('2025-07-31 00:00:00'), 'volume': np.int64(22056900)}, {'date': Timestamp('2025-06-30 00:00:00'), 'volume': np.int64(20073000)}]"
DCOMP,monthly,2025-08-31,293400,273,3,3,False,0.15264554393631966,"[{'date': Timestamp('2025-08-31 00:00:00'), 'volume': np.int64(293400)}, {'date': Timestamp('2025-07-31 00:00:00'), 'volume': np.int64(140600)}, {'date': Timestamp('2025-06-30 00:00:00'), 'volume': np.int64(114800)}]"
LQDT,monthly,2025-08-31,6307700,273,2,2,False,0.39431997199369856,"[{'date': Timestamp('2025-08-31 00:00:00'), 'volume': np.int64(6307700)}, {'date': Timestamp('2025-06-30 00:00:00'), 'volume': np.int64(5833300)}]"
UNH,monthly,2025-08-31,417776800,273,3,3,False,0.6666942210614624,"[{'date': Timestamp('2025-08-31 00:00:00'), 'volume': np.int64(417776800)}, {'date': Timestamp('2025-07-31 00:00:00'), 'volume': np.int64(347582600)}, {'date': Timestamp('2025-06-30 00:00:00'), 'volume': np.int64(253146000)}]"
FLR,monthly,2025-08-31,114194900,273,2,2,True,1.0,"[{'date': Timestamp('2025-08-31 00:00:00'), 'volume': np.int64(114194900)}, {'date': Timestamp('2025-06-30 00:00:00'), 'volume': np.int64(95934100)}]"
UA,monthly,2025-08-31,152343161,273,2,2,False,0.727015590767798,"[{'date': Timestamp('2025-08-31 00:00:00'), 'volume': np.int64(152343161)}, {'date': Timestamp('2025-06-30 00:00:00'), 'volume': np.int64(58038551)}]"
OXLCL,monthly,2025-08-31,240300,273,3,3,False,0.3729050279329609,"[{'date': Timestamp('2025-08-31 00:00:00'), 'volume': np.int64(240300)}, {'date': Timestamp('2025-07-31 00:00:00'), 'volume': np.int64(217200)}, {'date': Timestamp('2025-06-30 00:00:00'), 'volume': np.int64(52300)}]"
DSWL,monthly,2025-08-31,635500,273,3,3,False,0.5217141449798867,"[{'date': Timestamp('2025-08-31 00:00:00'), 'volume': np.int64(635500)}, {'date': Timestamp('2025-07-31 00:00:00'), 'volume': np.int64(536900)}, {'date': Timestamp('2025-06-30 00:00:00'), 'volume': np.int64(434400)}]"
PNTG,monthly,2025-08-31,9056700,273,3,3,False,0.5981454696756553,"[{'date': Timestamp('2025-08-31 00:00:00'), 'volume': np.int64(9056700)}, {'date': Timestamp('2025-07-31 00:00:00'), 'volume': np.int64(7004900)}, {'date': Timestamp('2025-06-30 00:00:00'), 'volume': np.int64(4635900)}]"
COLM,monthly,2025-08-31,16527900,273,2,2,False,0.7920706196954957,"[{'date': Timestamp('2025-08-31 00:00:00'), 'volume': np.int64(16527900)}, {'date': Timestamp('2025-06-30 00:00:00'), 'volume': np.int64(14470200)}]"
INTA,monthly,2025-08-31,29637100,273,3,3,True,1.0,"[{'date': Timestamp('2025-08-31 00:00:00'), 'volume': np.int64(29637100)}, {'date': Timestamp('2025-07-31 00:00:00'), 'volume': np.int64(18874000)}, {'date': Timestamp('2025-06-30 00:00:00'), 'volume': np.int64(11853400)}]"
LAMR,monthly,2025-08-31,16644900,273,2,2,False,0.518319569522813,"[{'date': Timestamp('2025-08-31 00:00:00'), 'volume': np.int64(16644900)}, {'date': Timestamp('2025-06-30 00:00:00'), 'volume': np.int64(10810800)}]"
LGND,monthly,2025-08-31,6353900,273,3,3,False,0.21409385808157225,"[{'date': Timestamp('2025-08-31 00:00:00'), 'volume': np.int64(6353900)}, {'date': Timestamp('2025-07-31 00:00:00'), 'volume': np.int64(3965200)}, {'date': Timestamp('2025-06-30 00:00:00'), 'volume': np.int64(2784700)}]"
VSAT,monthly,2025-08-31,111332100,273,2,2,True,1.0,"[{'date': Timestamp('2025-08-31 00:00:00'), 'volume': np.int64(111332100)}, {'date': Timestamp('2025-06-30 00:00:00'), 'volume': np.int64(99893700)}]"
NRUC,monthly,2025-08-31,733200,273,2,2,False,0.25610395053966256,"[{'date': Timestamp('2025-08-31 00:00:00'), 'volume': np.int64(733200)}, {'date': Timestamp('2025-06-30 00:00:00'), 'volume': np.int64(334100)}]"
UAA,monthly,2025-08-31,366177200,273,3,3,False,0.9600092703553907,"[{'date': Timestamp('2025-08-31 00:00:00'), 'volume': np.int64(366177200)}, {'date': Timestamp('2025-07-31 00:00:00'), 'volume': np.int64(217051100)}, {'date': Timestamp('2025-06-30 00:00:00'), 'volume': np.int64(187594200)}]"
SLF,monthly,2025-08-31,17975800,273,3,3,False,0.6326098967809596,"[{'date': Timestamp('2025-08-31 00:00:00'), 'volume': np.int64(17975800)}, {'date': Timestamp('2025-07-31 00:00:00'), 'volume': np.int64(15911400)}, {'date': Timestamp('2025-06-30 00:00:00'), 'volume': np.int64(10293700)}]"
MATV,monthly,2025-08-31,17189800,273,2,2,False,0.40305188151684324,"[{'date': Timestamp('2025-08-31 00:00:00'), 'volume': np.int64(17189800)}, {'date': Timestamp('2025-06-30 00:00:00'), 'volume': np.int64(12819800)}]"
ABNB,monthly,2025-08-31,119553000,273,2,2,False,0.5129944608286745,"[{'date': Timestamp('2025-08-31 00:00:00'), 'volume': np.int64(119553000)}, {'date': Timestamp('2025-06-30 00:00:00'), 'volume': np.int64(97792300)}]"
IAC,monthly,2025-08-31,34048900,273,2,2,False,0.18234738656048954,"[{'date': Timestamp('2025-08-31 00:00:00'), 'volume': np.int64(34048900)}, {'date': Timestamp('2025-06-30 00:00:00'), 'volume': np.int64(20925200)}]"
LILAK,monthly,2025-08-31,40011500,273,3,3,False,0.9257172709554543,"[{'date': Timestamp('2025-08-31 00:00:00'), 'volume': np.int64(40011500)}, {'date': Timestamp('2025-07-31 00:00:00'), 'volume': np.int64(32199800)}, {'date': Timestamp('2025-06-30 00:00:00'), 'volume': np.int64(20579400)}]"
MSBIP,monthly,2025-08-31,324200,273,3,3,False,0.2623614145828275,"[{'date': Timestamp('2025-08-31 00:00:00'), 'volume': np.int64(324200)}, {'date': Timestamp('2025-07-31 00:00:00'), 'volume': np.int64(255500)}, {'date': Timestamp('2025-06-30 00:00:00'), 'volume': np.int64(244100)}]"
LILA,monthly,2025-08-31,11054500,273,3,3,False,0.7288376968873828,"[{'date': Timestamp('2025-08-31 00:00:00'), 'volume': np.int64(11054500)}, {'date': Timestamp('2025-07-31 00:00:00'), 'volume': np.int64(8957200)}, {'date': Timestamp('2025-06-30 00:00:00'), 'volume': np.int64(6966400)}]"
ARCO,monthly,2025-08-31,32280600,273,3,3,False,0.6928862425571921,"[{'date': Timestamp('2025-08-31 00:00:00'), 'volume': np.int64(32280600)}, {'date': Timestamp('2025-07-31 00:00:00'), 'volume': np.int64(30214500)}, {'date': Timestamp('2025-06-30 00:00:00'), 'volume': np.int64(28175900)}]"
CEE,monthly,2025-08-31,1269700,273,2,2,False,0.2640916843462706,"[{'date': Timestamp('2025-08-31 00:00:00'), 'volume': np.int64(1269700)}, {'date': Timestamp('2025-06-30 00:00:00'), 'volume': np.int64(1031500)}]"
EMR,monthly,2025-08-31,77324500,273,3,3,False,0.46071462618270215,"[{'date': Timestamp('2025-08-31 00:00:00'), 'volume': np.int64(77324500)}, {'date': Timestamp('2025-07-31 00:00:00'), 'volume': np.int64(62606900)}, {'date': Timestamp('2025-06-30 00:00:00'), 'volume': np.int64(60431200)}]"
WYNN,monthly,2025-08-31,46030800,273,3,3,False,0.27503980927399235,"[{'date': Timestamp('2025-08-31 00:00:00'), 'volume': np.int64(46030800)}, {'date': Timestamp('2025-07-31 00:00:00'), 'volume': np.int64(43236200)}, {'date': Timestamp('2025-06-30 00:00:00'), 'volume': np.int64(43204200)}]"
GOLF,monthly,2025-08-31,9290100,273,3,3,False,0.6187212787212787,"[{'date': Timestamp('2025-08-31 00:00:00'), 'volume': np.int64(9290100)}, {'date': Timestamp('2025-07-31 00:00:00'), 'volume': np.int64(8093000)}, {'date': Timestamp('2025-06-30 00:00:00'), 'volume': np.int64(7982800)}]"
MLR,monthly,2025-08-31,3201300,273,3,3,False,0.7872759019255835,"[{'date': Timestamp('2025-08-31 00:00:00'), 'volume': np.int64(3201300)}, {'date': Timestamp('2025-07-31 00:00:00'), 'volume': np.int64(1737200)}, {'date': Timestamp('2025-06-30 00:00:00'), 'volume': np.int64(1375800)}]"
CROX,monthly,2025-08-31,61496200,273,2,2,True,1.0,"[{'date': Timestamp('2025-08-31 00:00:00'), 'volume': np.int64(61496200)}, {'date': Timestamp('2025-06-30 00:00:00'), 'volume': np.int64(26592800)}]"
OKTA,monthly,2025-08-31,92001100,273,3,3,False,0.5459886044045323,"[{'date': Timestamp('2025-08-31 00:00:00'), 'volume': np.int64(92001100)}, {'date': Timestamp('2025-07-31 00:00:00'), 'volume': np.int64(75680300)}, {'date': Timestamp('2025-06-30 00:00:00'), 'volume': np.int64(67815200)}]"
CWK,monthly,2025-08-31,54582700,273,3,3,False,0.5934914884178113,"[{'date': Timestamp('2025-08-31 00:00:00'), 'volume': np.int64(54582700)}, {'date': Timestamp('2025-07-31 00:00:00'), 'volume': np.int64(46457600)}, {'date': Timestamp('2025-06-30 00:00:00'), 'volume': np.int64(37269900)}]"
VBNK,monthly,2025-08-31,2236700,273,2,2,False,0.5255033714728755,"[{'date': Timestamp('2025-08-31 00:00:00'), 'volume': np.int64(2236700)}, {'date': Timestamp('2025-06-30 00:00:00'), 'volume': np.int64(1674300)}]"
PWP,monthly,2025-08-31,26272000,273,3,3,True,1.0,"[{'date': Timestamp('2025-08-31 00:00:00'), 'volume': np.int64(26272000)}, {'date': Timestamp('2025-07-31 00:00:00'), 'volume': np.int64(23516200)}, {'date': Timestamp('2025-06-30 00:00:00'), 'volume': np.int64(22545600)}]"
XPER,monthly,2025-08-31,12115200,273,3,3,False,0.5260753645340304,"[{'date': Timestamp('2025-08-31 00:00:00'), 'volume': np.int64(12115200)}, {'date': Timestamp('2025-07-31 00:00:00'), 'volume': np.int64(7259800)}, {'date': Timestamp('2025-06-30 00:00:00'), 'volume': np.int64(5648400)}]"
SBGI,monthly,2025-08-31,14294800,273,2,2,False,0.18206990716151655,"[{'date': Timestamp('2025-08-31 00:00:00'), 'volume': np.int64(14294800)}, {'date': Timestamp('2025-06-30 00:00:00'), 'volume': np.int64(11768500)}]"
SEG,monthly,2025-08-31,2750800,273,2,2,False,0.6217761804660835,"[{'date': Timestamp('2025-08-31 00:00:00'), 'volume': np.int64(2750800)}, {'date': Timestamp('2025-06-30 00:00:00'), 'volume': np.int64(2721900)}]"
SEAT,monthly,2025-08-31,5761710,273,2,2,True,1.0,"[{'date': Timestamp('2025-08-31 00:00:00'), 'volume': np.int64(5761710)}, {'date': Timestamp('2025-06-30 00:00:00'), 'volume': np.int64(1470715)}]"
MKZR,monthly,2025-08-31,1814900,273,3,3,True,1.0,"[{'date': Timestamp('2025-08-31 00:00:00'), 'volume': np.int64(1814900)}, {'date': Timestamp('2025-07-31 00:00:00'), 'volume': np.int64(1133710)}, {'date': Timestamp('2025-06-30 00:00:00'), 'volume': np.int64(123400)}]"
KRYS,monthly,2025-08-31,8446600,273,2,2,False,0.5676516643257011,"[{'date': Timestamp('2025-08-31 00:00:00'), 'volume': np.int64(8446600)}, {'date': Timestamp('2025-06-30 00:00:00'), 'volume': np.int64(7861200)}]"
PTLO,monthly,2025-08-31,88696000,273,3,3,True,1.0,"[{'date': Timestamp('2025-08-31 00:00:00'), 'volume': np.int64(88696000)}, {'date': Timestamp('2025-07-31 00:00:00'), 'volume': np.int64(49751800)}, {'date': Timestamp('2025-06-30 00:00:00'), 'volume': np.int64(32620100)}]"
CCIF,monthly,2025-08-31,4682100,273,3,3,False,0.9026430953712093,"[{'date': Timestamp('2025-08-31 00:00:00'), 'volume': np.int64(4682100)}, {'date': Timestamp('2025-07-31 00:00:00'), 'volume': np.int64(3698500)}, {'date': Timestamp('2025-06-30 00:00:00'), 'volume': np.int64(3280000)}]"
TPR,monthly,2025-08-31,108285200,273,3,3,False,0.7305929541782067,"[{'date': Timestamp('2025-08-31 00:00:00'), 'volume': np.int64(108285200)}, {'date': Timestamp('2025-07-31 00:00:00'), 'volume': np.int64(87278500)}, {'date': Timestamp('2025-06-30 00:00:00'), 'volume': np.int64(65341700)}]"
PBI,monthly,2025-08-31,80117300,273,3,3,False,0.5735717139146658,"[{'date': Timestamp('2025-08-31 00:00:00'), 'volume': np.int64(80117300)}, {'date': Timestamp('2025-07-31 00:00:00'), 'volume': np.int64(73251700)}, {'date': Timestamp('2025-06-30 00:00:00'), 'volume': np.int64(44181800)}]"
CEV,monthly,2025-08-31,1366200,273,2,2,True,1.0,"[{'date': Timestamp('2025-08-31 00:00:00'), 'volume': np.int64(1366200)}, {'date': Timestamp('2025-06-30 00:00:00'), 'volume': np.int64(830900)}]"
CBU,monthly,2025-08-31,6746700,273,3,3,False,0.44885535796259707,"[{'date': Timestamp('2025-08-31 00:00:00'), 'volume': np.int64(6746700)}, {'date': Timestamp('2025-07-31 00:00:00'), 'volume': np.int64(5888100)}, {'date': Timestamp('2025-06-30 00:00:00'), 'volume': np.int64(3628200)}]"
FUN,monthly,2025-08-31,108520400,273,3,3,True,1.0,"[{'date': Timestamp('2025-08-31 00:00:00'), 'volume': np.int64(108520400)}, {'date': Timestamp('2025-07-31 00:00:00'), 'volume': np.int64(58992000)}, {'date': Timestamp('2025-06-30 00:00:00'), 'volume': np.int64(42572300)}]"
ELAN,monthly,2025-08-31,225533400,273,2,2,True,1.0,"[{'date': Timestamp('2025-08-31 00:00:00'), 'volume': np.int64(225533400)}, {'date': Timestamp('2025-06-30 00:00:00'), 'volume': np.int64(108986500)}]"
RMI,monthly,2025-08-31,1540000,273,3,3,True,1.0,"[{'date': Timestamp('2025-08-31 00:00:00'), 'volume': np.int64(1540000)}, {'date': Timestamp('2025-07-31 00:00:00'), 'volume': np.int64(473000)}, {'date': Timestamp('2025-06-30 00:00:00'), 'volume': np.int64(428700)}]"
PFO,monthly,2025-08-31,1579000,273,3,3,False,0.8795187433855066,"[{'date': Timestamp('2025-08-31 00:00:00'), 'volume': np.int64(1579000)}, {'date': Timestamp('2025-07-31 00:00:00'), 'volume': np.int64(926300)}, {'date': Timestamp('2025-06-30 00:00:00'), 'volume': np.int64(510600)}]"
HST,monthly,2025-08-31,209833200,273,3,3,False,0.4993052949635015,"[{'date': Timestamp('2025-08-31 00:00:00'), 'volume': np.int64(209833200)}, {'date': Timestamp('2025-07-31 00:00:00'), 'volume': np.int64(200036000)}, {'date': Timestamp('2025-06-30 00:00:00'), 'volume': np.int64(189094100)}]"
RNG,monthly,2025-08-31,46772700,273,3,3,False,0.7196962586263935,"[{'date': Timestamp('2025-08-31 00:00:00'), 'volume': np.int64(46772700)}, {'date': Timestamp('2025-07-31 00:00:00'), 'volume': np.int64(32438400)}, {'date': Timestamp('2025-06-30 00:00:00'), 'volume': np.int64(23324800)}]"
EYE,monthly,2025-08-31,50200700,273,2,2,False,0.6910014150190229,"[{'date': Timestamp('2025-08-31 00:00:00'), 'volume': np.int64(50200700)}, {'date': Timestamp('2025-06-30 00:00:00'), 'volume': np.int64(49723800)}]"
AFL,monthly,2025-08-31,57126900,273,2,2,False,0.3631915031591047,"[{'date': Timestamp('2025-08-31 00:00:00'), 'volume': np.int64(57126900)}, {'date': Timestamp('2025-06-30 00:00:00'), 'volume': np.int64(55675300)}]"
MBINL,monthly,2025-08-31,2869800,273,3,3,False,0.932782942208932,"[{'date': Timestamp('2025-08-31 00:00:00'), 'volume': np.int64(2869800)}, {'date': Timestamp('2025-07-31 00:00:00'), 'volume': np.int64(1164700)}, {'date': Timestamp('2025-06-30 00:00:00'), 'volume': np.int64(500200)}]"
DMA,monthly,2025-08-31,1007700,273,3,3,False,0.48231465083999425,"[{'date': Timestamp('2025-08-31 00:00:00'), 'volume': np.int64(1007700)}, {'date': Timestamp('2025-07-31 00:00:00'), 'volume': np.int64(652900)}, {'date': Timestamp('2025-06-30 00:00:00'), 'volume': np.int64(247800)}]"
CHARU,monthly,2025-08-31,17700,273,2,2,False,0.004841489099811264,"[{'date': Timestamp('2025-08-31 00:00:00'), 'volume': np.int64(17700)}, {'date': Timestamp('2025-06-30 00:00:00'), 'volume': np.int64(400)}]"
PLMR,monthly,2025-08-31,9219100,273,3,3,False,0.9318151955284676,"[{'date': Timestamp('2025-08-31 00:00:00'), 'volume': np.int64(9219100)}, {'date': Timestamp('2025-07-31 00:00:00'), 'volume': np.int64(7227200)}, {'date': Timestamp('2025-06-30 00:00:00'), 'volume': np.int64(5888300)}]"
FSHP,monthly,2025-08-31,426400,273,3,3,False,0.18607086751614593,"[{'date': Timestamp('2025-08-31 00:00:00'), 'volume': np.int64(426400)}, {'date': Timestamp('2025-07-31 00:00:00'), 'volume': np.int64(107800)}, {'date': Timestamp('2025-06-30 00:00:00'), 'volume': np.int64(14200)}]"
APPF,monthly,2025-08-31,8651800,273,2,2,False,0.9946541278180794,"[{'date': Timestamp('2025-08-31 00:00:00'), 'volume': np.int64(8651800)}, {'date': Timestamp('2025-06-30 00:00:00'), 'volume': np.int64(5846700)}]"
BACQU,monthly,2025-05-31,354378,273,3,3,False,0.04197497903785812,"[{'date': Timestamp('2025-05-31 00:00:00'), 'volume': np.int64(354378)}, {'date': Timestamp('2025-04-30 00:00:00'), 'volume': np.int64(108518)}, {'date': Timestamp('2025-03-31 00:00:00'), 'volume': np.int64(89114)}]"
MRX,monthly,2025-08-31,28312000,273,3,3,True,1.0,"[{'date': Timestamp('2025-08-31 00:00:00'), 'volume': np.int64(28312000)}, {'date': Timestamp('2025-07-31 00:00:00'), 'volume': np.int64(26883300)}, {'date': Timestamp('2025-06-30 00:00:00'), 'volume': np.int64(24925100)}]"
NHPAP,monthly,2025-08-31,300700,273,3,3,False,0.26152374325969735,"[{'date': Timestamp('2025-08-31 00:00:00'), 'volume': np.int64(300700)}, {'date': Timestamp('2025-07-31 00:00:00'), 'volume': np.int64(231900)}, {'date': Timestamp('2025-06-30 00:00:00'), 'volume': np.int64(146700)}]"
ROG,monthly,2025-08-31,6333600,273,3,3,False,0.3329268292682927,"[{'date': Timestamp('2025-08-31 00:00:00'), 'volume': np.int64(6333600)}, {'date': Timestamp('2025-07-31 00:00:00'), 'volume': np.int64(5105100)}, {'date': Timestamp('2025-06-30 00:00:00'), 'volume': np.int64(3234100)}]"
OFIX,monthly,2025-08-31,11059400,273,2,2,False,0.42078469569452265,"[{'date': Timestamp('2025-08-31 00:00:00'), 'volume': np.int64(11059400)}, {'date': Timestamp('2025-06-30 00:00:00'), 'volume': np.int64(10075000)}]"
AVTR,monthly,2025-08-31,330632600,273,3,3,True,1.0,"[{'date': Timestamp('2025-08-31 00:00:00'), 'volume': np.int64(330632600)}, {'date': Timestamp('2025-07-31 00:00:00'), 'volume': np.int64(261280900)}, {'date': Timestamp('2025-06-30 00:00:00'), 'volume': np.int64(240003100)}]"
LGI,monthly,2025-08-31,1422100,273,2,2,False,0.7226485085624269,"[{'date': Timestamp('2025-08-31 00:00:00'), 'volume': np.int64(1422100)}, {'date': Timestamp('2025-06-30 00:00:00'), 'volume': np.int64(1047500)}]"
PFD,monthly,2025-08-31,1004100,273,3,3,False,0.511669384427232,"[{'date': Timestamp('2025-08-31 00:00:00'), 'volume': np.int64(1004100)}, {'date': Timestamp('2025-07-31 00:00:00'), 'volume': np.int64(634100)}, {'date': Timestamp('2025-06-30 00:00:00'), 'volume': np.int64(426800)}]"
BJ,monthly,2025-08-31,56466200,273,2,2,False,0.6355735798808909,"[{'date': Timestamp('2025-08-31 00:00:00'), 'volume': np.int64(56466200)}, {'date': Timestamp('2025-06-30 00:00:00'), 'volume': np.int64(33130700)}]"
DK,monthly,2025-08-31,48971400,273,3,3,False,0.5186456079481729,"[{'date': Timestamp('2025-08-31 00:00:00'), 'volume': np.int64(48971400)}, {'date': Timestamp('2025-07-31 00:00:00'), 'volume': np.int64(38438500)}, {'date': Timestamp('2025-06-30 00:00:00'), 'volume': np.int64(33861400)}]"
ED,monthly,2025-08-31,59167900,273,2,2,False,0.6676984744066166,"[{'date': Timestamp('2025-08-31 00:00:00'), 'volume': np.int64(59167900)}, {'date': Timestamp('2025-06-30 00:00:00'), 'volume': np.int64(58137400)}]"
IFF,monthly,2025-08-31,50645000,273,3,3,False,0.31412368825681664,"[{'date': Timestamp('2025-08-31 00:00:00'), 'volume': np.int64(50645000)}, {'date': Timestamp('2025-07-31 00:00:00'), 'volume': np.int64(36567800)}, {'date': Timestamp('2025-06-30 00:00:00'), 'volume': np.int64(30737500)}]"
SMP,monthly,2025-08-31,4707000,273,3,3,False,0.8496696631647351,"[{'date': Timestamp('2025-08-31 00:00:00'), 'volume': np.int64(4707000)}, {'date': Timestamp('2025-07-31 00:00:00'), 'volume': np.int64(3539200)}, {'date': Timestamp('2025-06-30 00:00:00'), 'volume': np.int64(3311800)}]"
ITRN,monthly,2025-08-31,3044800,273,2,2,False,0.45762380701886224,"[{'date': Timestamp('2025-08-31 00:00:00'), 'volume': np.int64(3044800)}, {'date': Timestamp('2025-06-30 00:00:00'), 'volume': np.int64(1886800)}]"
SCSC,monthly,2025-08-31,6688600,273,3,3,False,0.8828436419313113,"[{'date': Timestamp('2025-08-31 00:00:00'), 'volume': np.int64(6688600)}, {'date': Timestamp('2025-07-31 00:00:00'), 'volume': np.int64(4568700)}, {'date': Timestamp('2025-06-30 00:00:00'), 'volume': np.int64(4040300)}]"
FMX,monthly,2025-08-31,23357000,273,3,3,True,1.0,"[{'date': Timestamp('2025-08-31 00:00:00'), 'volume': np.int64(23357000)}, {'date': Timestamp('2025-07-31 00:00:00'), 'volume': np.int64(17632500)}, {'date': Timestamp('2025-06-30 00:00:00'), 'volume': np.int64(10164300)}]"
HSIC,monthly,2025-08-31,43339300,273,3,3,False,0.6629247169063829,"[{'date': Timestamp('2025-08-31 00:00:00'), 'volume': np.int64(43339300)}, {'date': Timestamp('2025-07-31 00:00:00'), 'volume': np.int64(36234200)}, {'date': Timestamp('2025-06-30 00:00:00'), 'volume': np.int64(32916100)}]"
MCHP,monthly,2025-08-31,200174900,273,2,2,False,0.6237999227163941,"[{'date': Timestamp('2025-08-31 00:00:00'), 'volume': np.int64(200174900)}, {'date': Timestamp('2025-06-30 00:00:00'), 'volume': np.int64(194058100)}]"
VREX,monthly,2025-08-31,11432000,273,2,2,False,0.47881719754560115,"[{'date': Timestamp('2025-08-31 00:00:00'), 'volume': np.int64(11432000)}, {'date': Timestamp('2025-06-30 00:00:00'), 'volume': np.int64(8851700)}]"
HG,monthly,2025-08-31,11176300,273,2,2,False,0.6189455612781747,"[{'date': Timestamp('2025-08-31 00:00:00'), 'volume': np.int64(11176300)}, {'date': Timestamp('2025-06-30 00:00:00'), 'volume': np.int64(10819100)}]"
CMRC,monthly,2025-08-31,19039700,273,2,2,False,0.17613841885524875,"[{'date': Timestamp('2025-08-31 00:00:00'), 'volume': np.int64(19039700)}, {'date': Timestamp('2025-06-30 00:00:00'), 'volume': np.int64(18144800)}]"
TBMC,monthly,2025-05-31,1273000,273,3,3,False,0.5819162552569025,"[{'date': Timestamp('2025-05-31 00:00:00'), 'volume': np.int64(1273000)}, {'date': Timestamp('2025-04-30 00:00:00'), 'volume': np.int64(427700)}, {'date': Timestamp('2025-03-31 00:00:00'), 'volume': np.int64(1400)}]"
ZETA,monthly,2025-08-31,229264900,273,2,2,False,0.8324331173928545,"[{'date': Timestamp('2025-08-31 00:00:00'), 'volume': np.int64(229264900)}, {'date': Timestamp('2025-06-30 00:00:00'), 'volume': np.int64(191073400)}]"
ARR,monthly,2025-08-31,99348200,273,3,3,True,1.0,"[{'date': Timestamp('2025-08-31 00:00:00'), 'volume': np.int64(99348200)}, {'date': Timestamp('2025-07-31 00:00:00'), 'volume': np.int64(64467500)}, {'date': Timestamp('2025-06-30 00:00:00'), 'volume': np.int64(48876800)}]"
BMNR,monthly,2025-08-31,1321873700,273,3,3,True,1.0,"[{'date': Timestamp('2025-08-31 00:00:00'), 'volume': np.int64(1321873700)}, {'date': Timestamp('2025-07-31 00:00:00'), 'volume': np.int64(664041600)}, {'date': Timestamp('2025-06-30 00:00:00'), 'volume': np.int64(112371000)}]"
GEO,monthly,2025-08-31,77789500,273,3,3,False,0.23408911994684437,"[{'date': Timestamp('2025-08-31 00:00:00'), 'volume': np.int64(77789500)}, {'date': Timestamp('2025-07-31 00:00:00'), 'volume': np.int64(64674600)}, {'date': Timestamp('2025-06-30 00:00:00'), 'volume': np.int64(58179500)}]"
CAH,monthly,2025-08-31,57551300,273,2,2,False,0.6908446840972466,"[{'date': Timestamp('2025-08-31 00:00:00'), 'volume': np.int64(57551300)}, {'date': Timestamp('2025-06-30 00:00:00'), 'volume': np.int64(48054300)}]"
FLYW,monthly,2025-08-31,53801900,273,2,2,False,0.8782994242281278,"[{'date': Timestamp('2025-08-31 00:00:00'), 'volume': np.int64(53801900)}, {'date': Timestamp('2025-06-30 00:00:00'), 'volume': np.int64(51697500)}]"
IPOD,monthly,2025-08-31,1636800,273,2,2,True,1.0,"[{'date': Timestamp('2025-08-31 00:00:00'), 'volume': np.int64(1636800)}, {'date': Timestamp('2025-06-30 00:00:00'), 'volume': np.int64(705900)}]"
HTLD,monthly,2025-08-31,14490400,273,3,3,False,0.8820550280009739,"[{'date': Timestamp('2025-08-31 00:00:00'), 'volume': np.int64(14490400)}, {'date': Timestamp('2025-07-31 00:00:00'), 'volume': np.int64(12884900)}, {'date': Timestamp('2025-06-30 00:00:00'), 'volume': np.int64(9320200)}]"
ERH,monthly,2025-08-31,571800,273,3,3,False,0.3776750330250991,"[{'date': Timestamp('2025-08-31 00:00:00'), 'volume': np.int64(571800)}, {'date': Timestamp('2025-07-31 00:00:00'), 'volume': np.int64(510800)}, {'date': Timestamp('2025-06-30 00:00:00'), 'volume': np.int64(349300)}]"
TROX,monthly,2025-08-31,108903200,273,3,3,True,1.0,"[{'date': Timestamp('2025-08-31 00:00:00'), 'volume': np.int64(108903200)}, {'date': Timestamp('2025-07-31 00:00:00'), 'volume': np.int64(80617700)}, {'date': Timestamp('2025-06-30 00:00:00'), 'volume': np.int64(52561700)}]"
CAVA,monthly,2025-08-31,128066500,273,3,3,True,1.0,"[{'date': Timestamp('2025-08-31 00:00:00'), 'volume': np.int64(128066500)}, {'date': Timestamp('2025-07-31 00:00:00'), 'volume': np.int64(81935100)}, {'date': Timestamp('2025-06-30 00:00:00'), 'volume': np.int64(81498700)}]"
FNWD,monthly,2025-08-31,1119700,273,3,3,True,1.0,"[{'date': Timestamp('2025-08-31 00:00:00'), 'volume': np.int64(1119700)}, {'date': Timestamp('2025-07-31 00:00:00'), 'volume': np.int64(1036100)}, {'date': Timestamp('2025-06-30 00:00:00'), 'volume': np.int64(581400)}]"
GLOB,monthly,2025-08-31,41865800,273,3,3,True,1.0,"[{'date': Timestamp('2025-08-31 00:00:00'), 'volume': np.int64(41865800)}, {'date': Timestamp('2025-07-31 00:00:00'), 'volume': np.int64(25339200)}, {'date': Timestamp('2025-06-30 00:00:00'), 'volume': np.int64(21769400)}]"
GDO,monthly,2025-08-31,769100,273,3,3,False,0.43848346636259977,"[{'date': Timestamp('2025-08-31 00:00:00'), 'volume': np.int64(769100)}, {'date': Timestamp('2025-07-31 00:00:00'), 'volume': np.int64(697400)}, {'date': Timestamp('2025-06-30 00:00:00'), 'volume': np.int64(677900)}]"
SXT,monthly,2025-08-31,10906400,273,3,3,False,0.7612267403715957,"[{'date': Timestamp('2025-08-31 00:00:00'), 'volume': np.int64(10906400)}, {'date': Timestamp('2025-07-31 00:00:00'), 'volume': np.int64(10672700)}, {'date': Timestamp('2025-06-30 00:00:00'), 'volume': np.int64(6994300)}]"
HAE,monthly,2025-08-31,27325600,273,3,3,False,0.9814524818619352,"[{'date': Timestamp('2025-08-31 00:00:00'), 'volume': np.int64(27325600)}, {'date': Timestamp('2025-07-31 00:00:00'), 'volume': np.int64(12067900)}, {'date': Timestamp('2025-06-30 00:00:00'), 'volume': np.int64(10971400)}]"
CP,monthly,2025-08-31,67069800,273,3,3,False,0.4011737972376527,"[{'date': Timestamp('2025-08-31 00:00:00'), 'volume': np.int64(67069800)}, {'date': Timestamp('2025-07-31 00:00:00'), 'volume': np.int64(64569000)}, {'date': Timestamp('2025-06-30 00:00:00'), 'volume': np.int64(51933300)}]"
CSV,monthly,2025-08-31,2593100,273,2,2,False,0.5172854036585609,"[{'date': Timestamp('2025-08-31 00:00:00'), 'volume': np.int64(2593100)}, {'date': Timestamp('2025-06-30 00:00:00'), 'volume': np.int64(2005700)}]"
VABK,monthly,2025-08-31,645100,273,3,3,False,0.4912427657630216,"[{'date': Timestamp('2025-08-31 00:00:00'), 'volume': np.int64(645100)}, {'date': Timestamp('2025-07-31 00:00:00'), 'volume': np.int64(106700)}, {'date': Timestamp('2025-06-30 00:00:00'), 'volume': np.int64(101500)}]"
MTW,monthly,2025-08-31,7970900,273,3,3,False,0.5170537104307213,"[{'date': Timestamp('2025-08-31 00:00:00'), 'volume': np.int64(7970900)}, {'date': Timestamp('2025-07-31 00:00:00'), 'volume': np.int64(5253200)}, {'date': Timestamp('2025-06-30 00:00:00'), 'volume': np.int64(4680000)}]"
AD,monthly,2025-08-31,10119700,273,3,3,False,0.45071997078250337,"[{'date': Timestamp('2025-08-31 00:00:00'), 'volume': np.int64(10119700)}, {'date': Timestamp('2025-07-31 00:00:00'), 'volume': np.int64(7217800)}, {'date': Timestamp('2025-06-30 00:00:00'), 'volume': np.int64(4718800)}]"
DLO,monthly,2025-08-31,65551500,273,2,2,False,0.33247346993428284,"[{'date': Timestamp('2025-08-31 00:00:00'), 'volume': np.int64(65551500)}, {'date': Timestamp('2025-06-30 00:00:00'), 'volume': np.int64(31348800)}]"
CRCT,monthly,2025-08-31,16891500,273,3,3,False,0.6747396551104293,"[{'date': Timestamp('2025-08-31 00:00:00'), 'volume': np.int64(16891500)}, {'date': Timestamp('2025-07-31 00:00:00'), 'volume': np.int64(13774100)}, {'date': Timestamp('2025-06-30 00:00:00'), 'volume': np.int64(10100000)}]"
CSX,monthly,2025-08-31,506110300,273,3,3,False,0.9588418729337767,"[{'date': Timestamp('2025-08-31 00:00:00'), 'volume': np.int64(506110300)}, {'date': Timestamp('2025-07-31 00:00:00'), 'volume': np.int64(429199400)}, {'date': Timestamp('2025-06-30 00:00:00'), 'volume': np.int64(304894300)}]"
FINV,monthly,2025-08-31,47290000,273,3,3,False,0.26490978838587087,"[{'date': Timestamp('2025-08-31 00:00:00'), 'volume': np.int64(47290000)}, {'date': Timestamp('2025-07-31 00:00:00'), 'volume': np.int64(38896500)}, {'date': Timestamp('2025-06-30 00:00:00'), 'volume': np.int64(33554400)}]"
ICUI,monthly,2025-08-31,8108000,273,2,2,False,0.6104318496657231,"[{'date': Timestamp('2025-08-31 00:00:00'), 'volume': np.int64(8108000)}, {'date': Timestamp('2025-06-30 00:00:00'), 'volume': np.int64(4446800)}]"
ALC,monthly,2025-08-31,52060500,273,3,3,True,1.0,"[{'date': Timestamp('2025-08-31 00:00:00'), 'volume': np.int64(52060500)}, {'date': Timestamp('2025-07-31 00:00:00'), 'volume': np.int64(33412300)}, {'date': Timestamp('2025-06-30 00:00:00'), 'volume': np.int64(30943200)}]"
HOLX,monthly,2025-05-31,102174300,273,3,3,True,1.0,"[{'date': Timestamp('2025-05-31 00:00:00'), 'volume': np.int64(102174300)}, {'date': Timestamp('2025-04-30 00:00:00'), 'volume': np.int64(71961600)}, {'date': Timestamp('2025-03-31 00:00:00'), 'volume': np.int64(54604100)}]"
VERX,monthly,2025-08-31,38886000,273,2,2,True,1.0,"[{'date': Timestamp('2025-08-31 00:00:00'), 'volume': np.int64(38886000)}, {'date': Timestamp('2025-06-30 00:00:00'), 'volume': np.int64(32452900)}]"
UZD,monthly,2025-08-31,2962200,273,2,2,False,0.5544387669156045,"[{'date': Timestamp('2025-08-31 00:00:00'), 'volume': np.int64(2962200)}, {'date': Timestamp('2025-06-30 00:00:00'), 'volume': np.int64(1305200)}]"
UZE,monthly,2025-08-31,3682900,273,2,2,False,0.5010475620374402,"[{'date': Timestamp('2025-08-31 00:00:00'), 'volume': np.int64(3682900)}, {'date': Timestamp('2025-06-30 00:00:00'), 'volume': np.int64(830700)}]"
UZF,monthly,2025-08-31,3040700,273,2,2,False,0.5721516605513218,"[{'date': Timestamp('2025-08-31 00:00:00'), 'volume': np.int64(3040700)}, {'date': Timestamp('2025-06-30 00:00:00'), 'volume': np.int64(696800)}]"
STRT,monthly,2025-08-31,2951800,273,3,3,True,1.0,"[{'date': Timestamp('2025-08-31 00:00:00'), 'volume': np.int64(2951800)}, {'date': Timestamp('2025-07-31 00:00:00'), 'volume': np.int64(2009800)}, {'date': Timestamp('2025-06-30 00:00:00'), 'volume': np.int64(1941800)}]"
IPB,monthly,2025-08-31,47300,273,2,2,False,0.31554369579719815,"[{'date': Timestamp('2025-08-31 00:00:00'), 'volume': np.int64(47300)}, {'date': Timestamp('2025-06-30 00:00:00'), 'volume': np.int64(26100)}]"
ENO,monthly,2025-08-31,155700,273,3,3,False,0.31736649001222994,"[{'date': Timestamp('2025-08-31 00:00:00'), 'volume': np.int64(155700)}, {'date': Timestamp('2025-07-31 00:00:00'), 'volume': np.int64(131100)}, {'date': Timestamp('2025-06-30 00:00:00'), 'volume': np.int64(120900)}]"
OIA,monthly,2025-08-31,5151500,273,3,3,True,1.0,"[{'date': Timestamp('2025-08-31 00:00:00'), 'volume': np.int64(5151500)}, {'date': Timestamp('2025-07-31 00:00:00'), 'volume': np.int64(2964400)}, {'date': Timestamp('2025-06-30 00:00:00'), 'volume': np.int64(2910600)}]"
BOC,monthly,2025-08-31,5027100,273,3,3,False,0.9576158183480646,"[{'date': Timestamp('2025-08-31 00:00:00'), 'volume': np.int64(5027100)}, {'date': Timestamp('2025-07-31 00:00:00'), 'volume': np.int64(3361900)}, {'date': Timestamp('2025-06-30 00:00:00'), 'volume': np.int64(3249900)}]"
PGAC,monthly,2025-08-31,832500,273,2,2,False,0.537478210342824,"[{'date': Timestamp('2025-08-31 00:00:00'), 'volume': np.int64(832500)}, {'date': Timestamp('2025-06-30 00:00:00'), 'volume': np.int64(289500)}]"
ARTW,monthly,2025-08-31,1765700,273,3,3,False,0.22050577583515454,"[{'date': Timestamp('2025-08-31 00:00:00'), 'volume': np.int64(1765700)}, {'date': Timestamp('2025-07-31 00:00:00'), 'volume': np.int64(1440400)}, {'date': Timestamp('2025-06-30 00:00:00'), 'volume': np.int64(502100)}]"
AFGC,monthly,2025-08-31,337300,273,3,3,False,0.4849748382458663,"[{'date': Timestamp('2025-08-31 00:00:00'), 'volume': np.int64(337300)}, {'date': Timestamp('2025-07-31 00:00:00'), 'volume': np.int64(280300)}, {'date': Timestamp('2025-06-30 00:00:00'), 'volume': np.int64(181600)}]"
MLACU,monthly,2025-08-31,6400,273,2,2,False,0.0009073380968583418,"[{'date': Timestamp('2025-08-31 00:00:00'), 'volume': np.int64(6400)}, {'date': Timestamp('2025-06-30 00:00:00'), 'volume': np.int64(2700)}]"
ANF,monthly,2025-08-31,47122400,273,2,2,False,0.5436627063147961,"[{'date': Timestamp('2025-08-31 00:00:00'), 'volume': np.int64(47122400)}, {'date': Timestamp('2025-06-30 00:00:00'), 'volume': np.int64(43729900)}]"
FLC,monthly,2025-08-31,718700,273,3,3,False,0.28999717548319415,"[{'date': Timestamp('2025-08-31 00:00:00'), 'volume': np.int64(718700)}, {'date': Timestamp('2025-07-31 00:00:00'), 'volume': np.int64(591100)}, {'date': Timestamp('2025-06-30 00:00:00'), 'volume': np.int64(361300)}]"
ARLP,monthly,2025-08-31,9672100,273,3,3,False,0.37454063871065174,"[{'date': Timestamp('2025-08-31 00:00:00'), 'volume': np.int64(9672100)}, {'date': Timestamp('2025-07-31 00:00:00'), 'volume': np.int64(5886400)}, {'date': Timestamp('2025-06-30 00:00:00'), 'volume': np.int64(4506900)}]"
CMBT,monthly,2025-08-31,68934700,273,2,2,False,0.8175590652970847,"[{'date': Timestamp('2025-08-31 00:00:00'), 'volume': np.int64(68934700)}, {'date': Timestamp('2025-06-30 00:00:00'), 'volume': np.int64(2045900)}]"
HP,monthly,2025-08-31,50842700,273,2,2,False,0.5372544627053827,"[{'date': Timestamp('2025-08-31 00:00:00'), 'volume': np.int64(50842700)}, {'date': Timestamp('2025-06-30 00:00:00'), 'volume': np.int64(49927300)}]"
GFF,monthly,2025-08-31,11483400,273,2,2,False,0.7453075105791946,"[{'date': Timestamp('2025-08-31 00:00:00'), 'volume': np.int64(11483400)}, {'date': Timestamp('2025-06-30 00:00:00'), 'volume': np.int64(6544500)}]"
EPC,monthly,2025-08-31,19863700,273,3,3,False,0.6446469543995612,"[{'date': Timestamp('2025-08-31 00:00:00'), 'volume': np.int64(19863700)}, {'date': Timestamp('2025-07-31 00:00:00'), 'volume': np.int64(16422400)}, {'date': Timestamp('2025-06-30 00:00:00'), 'volume': np.int64(15649300)}]"
CSW,monthly,2025-08-31,3980500,273,3,3,False,0.48198241832756156,"[{'date': Timestamp('2025-08-31 00:00:00'), 'volume': np.int64(3980500)}, {'date': Timestamp('2025-07-31 00:00:00'), 'volume': np.int64(3167200)}, {'date': Timestamp('2025-06-30 00:00:00'), 'volume': np.int64(1926500)}]"
NHICU,monthly,2025-08-31,225700,273,2,2,False,0.029640816862564843,"[{'date': Timestamp('2025-08-31 00:00:00'), 'volume': np.int64(225700)}, {'date': Timestamp('2025-06-30 00:00:00'), 'volume': np.int64(5200)}]"
LOKVU,monthly,2025-08-31,204600,273,2,2,False,0.048806087641039095,"[{'date': Timestamp('2025-08-31 00:00:00'), 'volume': np.int64(204600)}, {'date': Timestamp('2025-06-30 00:00:00'), 'volume': np.int64(61200)}]"
FUFU,monthly,2025-08-31,17919500,273,2,2,True,1.0,"[{'date': Timestamp('2025-08-31 00:00:00'), 'volume': np.int64(17919500)}, {'date': Timestamp('2025-06-30 00:00:00'), 'volume': np.int64(10395600)}]"
GOOS,monthly,2025-08-31,36803300,273,3,3,False,0.48371231686624583,"[{'date': Timestamp('2025-08-31 00:00:00'), 'volume': np.int64(36803300)}, {'date': Timestamp('2025-07-31 00:00:00'), 'volume': np.int64(32775400)}, {'date': Timestamp('2025-06-30 00:00:00'), 'volume': np.int64(16117200)}]"
SGU,monthly,2025-08-31,1109300,273,3,3,False,0.2506666064084603,"[{'date': Timestamp('2025-08-31 00:00:00'), 'volume': np.int64(1109300)}, {'date': Timestamp('2025-07-31 00:00:00'), 'volume': np.int64(914900)}, {'date': Timestamp('2025-06-30 00:00:00'), 'volume': np.int64(749100)}]"
PANW,monthly,2025-08-31,228129900,273,3,3,False,0.5961967060594499,"[{'date': Timestamp('2025-08-31 00:00:00'), 'volume': np.int64(228129900)}, {'date': Timestamp('2025-07-31 00:00:00'), 'volume': np.int64(167377700)}, {'date': Timestamp('2025-06-30 00:00:00'), 'volume': np.int64(83943100)}]"
REGCP,monthly,2025-08-31,218700,273,2,2,False,0.6659561510353228,"[{'date': Timestamp('2025-08-31 00:00:00'), 'volume': np.int64(218700)}, {'date': Timestamp('2025-06-30 00:00:00'), 'volume': np.int64(76400)}]"
CATO,monthly,2025-08-31,3577800,273,3,3,False,0.33227151573687974,"[{'date': Timestamp('2025-08-31 00:00:00'), 'volume': np.int64(3577800)}, {'date': Timestamp('2025-07-31 00:00:00'), 'volume': np.int64(944000)}, {'date': Timestamp('2025-06-30 00:00:00'), 'volume': np.int64(809800)}]"
EGBN,monthly,2025-08-31,12232300,273,3,3,False,0.9832959542125868,"[{'date': Timestamp('2025-08-31 00:00:00'), 'volume': np.int64(12232300)}, {'date': Timestamp('2025-07-31 00:00:00'), 'volume': np.int64(11912600)}, {'date': Timestamp('2025-06-30 00:00:00'), 'volume': np.int64(8773800)}]"
MNST,monthly,2025-08-31,139523400,273,2,2,False,0.44429378847711126,"[{'date': Timestamp('2025-08-31 00:00:00'), 'volume': np.int64(139523400)}, {'date': Timestamp('2025-06-30 00:00:00'), 'volume': np.int64(121004300)}]"
IMXI,monthly,2025-08-31,26292400,273,2,2,True,1.0,"[{'date': Timestamp('2025-08-31 00:00:00'), 'volume': np.int64(26292400)}, {'date': Timestamp('2025-06-30 00:00:00'), 'volume': np.int64(7026400)}]"
FTNT,monthly,2025-08-31,237217300,273,3,3,False,0.6937202715605667,"[{'date': Timestamp('2025-08-31 00:00:00'), 'volume': np.int64(237217300)}, {'date': Timestamp('2025-07-31 00:00:00'), 'volume': np.int64(86782200)}, {'date': Timestamp('2025-06-30 00:00:00'), 'volume': np.int64(79747000)}]"
MEG,monthly,2025-08-31,12559700,273,2,2,False,0.8129834486597751,"[{'date': Timestamp('2025-08-31 00:00:00'), 'volume': np.int64(12559700)}, {'date': Timestamp('2025-06-30 00:00:00'), 'volume': np.int64(8451400)}]"
FIP,monthly,2025-08-31,73159300,273,2,2,True,1.0,"[{'date': Timestamp('2025-08-31 00:00:00'), 'volume': np.int64(73159300)}, {'date': Timestamp('2025-06-30 00:00:00'), 'volume': np.int64(25326300)}]"
ZTO,monthly,2025-08-31,46611300,273,3,3,False,0.39486846274141707,"[{'date': Timestamp('2025-08-31 00:00:00'), 'volume': np.int64(46611300)}, {'date': Timestamp('2025-07-31 00:00:00'), 'volume': np.int64(42945100)}, {'date': Timestamp('2025-06-30 00:00:00'), 'volume': np.int64(35605100)}]"
AAON,monthly,2025-08-31,31288500,273,3,3,False,0.9885625819497322,"[{'date': Timestamp('2025-08-31 00:00:00'), 'volume': np.int64(31288500)}, {'date': Timestamp('2025-07-31 00:00:00'), 'volume': np.int64(28209600)}, {'date': Timestamp('2025-06-30 00:00:00'), 'volume': np.int64(22702900)}]"
AFGE,monthly,2025-08-31,327500,273,2,2,False,0.20267343276192834,"[{'date': Timestamp('2025-08-31 00:00:00'), 'volume': np.int64(327500)}, {'date': Timestamp('2025-06-30 00:00:00'), 'volume': np.int64(204500)}]"
CUB,monthly,2025-08-31,1515700,273,2,2,False,0.34564776173861483,"[{'date': Timestamp('2025-08-31 00:00:00'), 'volume': np.int64(1515700)}, {'date': Timestamp('2025-06-30 00:00:00'), 'volume': np.int64(1176700)}]"
AAME,monthly,2025-08-31,1051100,273,3,3,False,0.00810284312584268,"[{'date': Timestamp('2025-08-31 00:00:00'), 'volume': np.int64(1051100)}, {'date': Timestamp('2025-07-31 00:00:00'), 'volume': np.int64(564900)}, {'date': Timestamp('2025-06-30 00:00:00'), 'volume': np.int64(166500)}]"
TWLO,monthly,2025-08-31,122523300,273,3,3,False,0.7599890086169466,"[{'date': Timestamp('2025-08-31 00:00:00'), 'volume': np.int64(122523300)}, {'date': Timestamp('2025-07-31 00:00:00'), 'volume': np.int64(55204100)}, {'date': Timestamp('2025-06-30 00:00:00'), 'volume': np.int64(39466900)}]"
THQ,monthly,2025-08-31,7068800,273,3,3,True,1.0,"[{'date': Timestamp('2025-08-31 00:00:00'), 'volume': np.int64(7068800)}, {'date': Timestamp('2025-07-31 00:00:00'), 'volume': np.int64(6756500)}, {'date': Timestamp('2025-06-30 00:00:00'), 'volume': np.int64(2634900)}]"
FGMC,monthly,2025-08-31,2517800,273,3,3,True,1.0,"[{'date': Timestamp('2025-08-31 00:00:00'), 'volume': np.int64(2517800)}, {'date': Timestamp('2025-07-31 00:00:00'), 'volume': np.int64(683500)}, {'date': Timestamp('2025-06-30 00:00:00'), 'volume': np.int64(591900)}]"
IT,monthly,2025-08-31,38230000,273,3,3,True,1.0,"[{'date': Timestamp('2025-08-31 00:00:00'), 'volume': np.int64(38230000)}, {'date': Timestamp('2025-07-31 00:00:00'), 'volume': np.int64(19191800)}, {'date': Timestamp('2025-06-30 00:00:00'), 'volume': np.int64(17700800)}]"
LZB,monthly,2025-08-31,13990700,273,2,2,False,0.9102957825289211,"[{'date': Timestamp('2025-08-31 00:00:00'), 'volume': np.int64(13990700)}, {'date': Timestamp('2025-06-30 00:00:00'), 'volume': np.int64(11525100)}]"
MDB,monthly,2025-08-31,85181100,273,2,2,True,1.0,"[{'date': Timestamp('2025-08-31 00:00:00'), 'volume': np.int64(85181100)}, {'date': Timestamp('2025-06-30 00:00:00'), 'volume': np.int64(60202300)}]"
GIC,monthly,2025-08-31,2854300,273,3,3,False,0.715399268133741,"[{'date': Timestamp('2025-08-31 00:00:00'), 'volume': np.int64(2854300)}, {'date': Timestamp('2025-07-31 00:00:00'), 'volume': np.int64(2056100)}, {'date': Timestamp('2025-06-30 00:00:00'), 'volume': np.int64(1668300)}]"
HFRO,monthly,2025-08-31,5209600,273,3,3,False,0.3550442646748131,"[{'date': Timestamp('2025-08-31 00:00:00'), 'volume': np.int64(5209600)}, {'date': Timestamp('2025-07-31 00:00:00'), 'volume': np.int64(4266700)}, {'date': Timestamp('2025-06-30 00:00:00'), 'volume': np.int64(3694100)}]"
YUMC,monthly,2025-08-31,44495000,273,2,2,False,0.46761629715573266,"[{'date': Timestamp('2025-08-31 00:00:00'), 'volume': np.int64(44495000)}, {'date': Timestamp('2025-06-30 00:00:00'), 'volume': np.int64(40090700)}]"
CMRE,monthly,2025-08-31,11798600,273,2,2,False,0.4189293310182966,"[{'date': Timestamp('2025-08-31 00:00:00'), 'volume': np.int64(11798600)}, {'date': Timestamp('2025-06-30 00:00:00'), 'volume': np.int64(11205000)}]"
HTH,monthly,2025-08-31,10496100,273,3,3,False,0.21285989223259427,"[{'date': Timestamp('2025-08-31 00:00:00'), 'volume': np.int64(10496100)}, {'date': Timestamp('2025-07-31 00:00:00'), 'volume': np.int64(10212300)}, {'date': Timestamp('2025-06-30 00:00:00'), 'volume': np.int64(8484000)}]"
MFC,monthly,2025-08-31,54324300,273,2,2,False,0.42389759844187824,"[{'date': Timestamp('2025-08-31 00:00:00'), 'volume': np.int64(54324300)}, {'date': Timestamp('2025-06-30 00:00:00'), 'volume': np.int64(44538500)}]"
HBB,monthly,2025-08-31,767500,273,3,3,False,0.26057581313234196,"[{'date': Timestamp('2025-08-31 00:00:00'), 'volume': np.int64(767500)}, {'date': Timestamp('2025-07-31 00:00:00'), 'volume': np.int64(713800)}, {'date': Timestamp('2025-06-30 00:00:00'), 'volume': np.int64(538500)}]"
BOW,monthly,2025-08-31,8227200,273,2,2,True,1.0,"[{'date': Timestamp('2025-08-31 00:00:00'), 'volume': np.int64(8227200)}, {'date': Timestamp('2025-06-30 00:00:00'), 'volume': np.int64(4517200)}]"
ROAD,monthly,2025-08-31,13843900,273,2,2,True,1.0,"[{'date': Timestamp('2025-08-31 00:00:00'), 'volume': np.int64(13843900)}, {'date': Timestamp('2025-06-30 00:00:00'), 'volume': np.int64(11418600)}]"
IBKR,monthly,2025-08-31,197721700,273,3,3,False,0.9324278567736727,"[{'date': Timestamp('2025-08-31 00:00:00'), 'volume': np.int64(197721700)}, {'date': Timestamp('2025-07-31 00:00:00'), 'volume': np.int64(129836100)}, {'date': Timestamp('2025-06-30 00:00:00'), 'volume': np.int64(104651100)}]"
HTHT,monthly,2025-08-31,55178200,273,3,3,False,0.7708594986595436,"[{'date': Timestamp('2025-08-31 00:00:00'), 'volume': np.int64(55178200)}, {'date': Timestamp('2025-07-31 00:00:00'), 'volume': np.int64(37503200)}, {'date': Timestamp('2025-06-30 00:00:00'), 'volume': np.int64(26763500)}]"
WBTN,monthly,2025-08-31,27674300,273,2,2,True,1.0,"[{'date': Timestamp('2025-08-31 00:00:00'), 'volume': np.int64(27674300)}, {'date': Timestamp('2025-06-30 00:00:00'), 'volume': np.int64(5609800)}]"
NEWTI,monthly,2025-08-31,98100,273,3,3,False,0.33630442235173125,"[{'date': Timestamp('2025-08-31 00:00:00'), 'volume': np.int64(98100)}, {'date': Timestamp('2025-07-31 00:00:00'), 'volume': np.int64(42500)}, {'date': Timestamp('2025-06-30 00:00:00'), 'volume': np.int64(32400)}]"
LSCC,monthly,2025-08-31,65252300,273,2,2,False,0.7561004436791652,"[{'date': Timestamp('2025-08-31 00:00:00'), 'volume': np.int64(65252300)}, {'date': Timestamp('2025-06-30 00:00:00'), 'volume': np.int64(44903500)}]"
OACC,monthly,2025-08-31,1658700,273,2,2,False,0.5506606467034062,"[{'date': Timestamp('2025-08-31 00:00:00'), 'volume': np.int64(1658700)}, {'date': Timestamp('2025-06-30 00:00:00'), 'volume': np.int64(1373800)}]"
MCK,monthly,2025-08-31,20563600,273,2,2,False,0.09604625854152947,"[{'date': Timestamp('2025-08-31 00:00:00'), 'volume': np.int64(20563600)}, {'date': Timestamp('2025-06-30 00:00:00'), 'volume': np.int64(15148000)}]"
GWW,monthly,2025-08-31,7441700,273,3,3,False,0.6463848933361128,"[{'date': Timestamp('2025-08-31 00:00:00'), 'volume': np.int64(7441700)}, {'date': Timestamp('2025-07-31 00:00:00'), 'volume': np.int64(7128100)}, {'date': Timestamp('2025-06-30 00:00:00'), 'volume': np.int64(4505300)}]"
INFU,monthly,2025-08-31,7291400,273,2,2,True,1.0,"[{'date': Timestamp('2025-08-31 00:00:00'), 'volume': np.int64(7291400)}, {'date': Timestamp('2025-06-30 00:00:00'), 'volume': np.int64(5911900)}]"
MIDD,monthly,2025-08-31,25765000,273,3,3,False,0.6415411928458135,"[{'date': Timestamp('2025-08-31 00:00:00'), 'volume': np.int64(25765000)}, {'date': Timestamp('2025-07-31 00:00:00'), 'volume': np.int64(17913400)}, {'date': Timestamp('2025-06-30 00:00:00'), 'volume': np.int64(15410500)}]"
FN,monthly,2025-08-31,18837300,273,2,2,False,0.9812371402526371,"[{'date': Timestamp('2025-08-31 00:00:00'), 'volume': np.int64(18837300)}, {'date': Timestamp('2025-06-30 00:00:00'), 'volume': np.int64(10876600)}]"
IBP,monthly,2025-08-31,13634800,273,3,3,True,1.0,"[{'date': Timestamp('2025-08-31 00:00:00'), 'volume': np.int64(13634800)}, {'date': Timestamp('2025-07-31 00:00:00'), 'volume': np.int64(10143600)}, {'date': Timestamp('2025-06-30 00:00:00'), 'volume': np.int64(8761800)}]"
AEFC,monthly,2025-08-31,1275300,273,2,2,False,0.3094562131469753,"[{'date': Timestamp('2025-08-31 00:00:00'), 'volume': np.int64(1275300)}, {'date': Timestamp('2025-06-30 00:00:00'), 'volume': np.int64(893900)}]"
PRSU,monthly,2025-08-31,6620200,273,2,2,False,0.6438317529783613,"[{'date': Timestamp('2025-08-31 00:00:00'), 'volume': np.int64(6620200)}, {'date': Timestamp('2025-06-30 00:00:00'), 'volume': np.int64(5995500)}]"
BHC,monthly,2025-08-31,92552200,273,2,2,False,0.3881671188534852,"[{'date': Timestamp('2025-08-31 00:00:00'), 'volume': np.int64(92552200)}, {'date': Timestamp('2025-06-30 00:00:00'), 'volume': np.int64(59443100)}]"
TDAC,monthly,2025-08-31,752400,273,2,2,False,0.21622553668419692,"[{'date': Timestamp('2025-08-31 00:00:00'), 'volume': np.int64(752400)}, {'date': Timestamp('2025-06-30 00:00:00'), 'volume': np.int64(364500)}]"
KFII,monthly,2025-08-31,2172700,273,2,2,False,0.21609874480316685,"[{'date': Timestamp('2025-08-31 00:00:00'), 'volume': np.int64(2172700)}, {'date': Timestamp('2025-06-30 00:00:00'), 'volume': np.int64(1900100)}]"
DXR,monthly,2025-08-31,1617300,273,2,2,True,1.0,"[{'date': Timestamp('2025-08-31 00:00:00'), 'volume': np.int64(1617300)}, {'date': Timestamp('2025-06-30 00:00:00'), 'volume': np.int64(117600)}]"
HGTY,monthly,2025-08-31,5677000,273,3,3,False,0.5541023288500205,"[{'date': Timestamp('2025-08-31 00:00:00'), 'volume': np.int64(5677000)}, {'date': Timestamp('2025-07-31 00:00:00'), 'volume': np.int64(1888000)}, {'date': Timestamp('2025-06-30 00:00:00'), 'volume': np.int64(1363100)}]"
TRUP,monthly,2025-08-31,12189200,273,3,3,False,0.3159133319510678,"[{'date': Timestamp('2025-08-31 00:00:00'), 'volume': np.int64(12189200)}, {'date': Timestamp('2025-07-31 00:00:00'), 'volume': np.int64(11071300)}, {'date': Timestamp('2025-06-30 00:00:00'), 'volume': np.int64(10794500)}]"
IDXX,monthly,2025-08-31,14585100,273,3,3,False,0.6311382479705052,"[{'date': Timestamp('2025-08-31 00:00:00'), 'volume': np.int64(14585100)}, {'date': Timestamp('2025-07-31 00:00:00'), 'volume': np.int64(11722200)}, {'date': Timestamp('2025-06-30 00:00:00'), 'volume': np.int64(9627400)}]"
AIZ,monthly,2025-08-31,10008100,273,2,2,False,0.5951321908114601,"[{'date': Timestamp('2025-08-31 00:00:00'), 'volume': np.int64(10008100)}, {'date': Timestamp('2025-06-30 00:00:00'), 'volume': np.int64(8754500)}]"
ASLE,monthly,2025-08-31,12735100,273,2,2,False,0.6989128108312799,"[{'date': Timestamp('2025-08-31 00:00:00'), 'volume': np.int64(12735100)}, {'date': Timestamp('2025-06-30 00:00:00'), 'volume': np.int64(6233900)}]"
LLY,monthly,2025-08-31,140434800,273,3,3,False,0.9344981943500825,"[{'date': Timestamp('2025-08-31 00:00:00'), 'volume': np.int64(140434800)}, {'date': Timestamp('2025-07-31 00:00:00'), 'volume': np.int64(71862600)}, {'date': Timestamp('2025-06-30 00:00:00'), 'volume': np.int64(64392100)}]"
AIZN,monthly,2025-08-31,1557800,273,2,2,False,0.8878376838025761,"[{'date': Timestamp('2025-08-31 00:00:00'), 'volume': np.int64(1557800)}, {'date': Timestamp('2025-06-30 00:00:00'), 'volume': np.int64(589500)}]"
MSCI,monthly,2025-07-31,19059600,304,2,2,False,0.7230473329008615,"[{'date': Timestamp('2025-07-31 00:00:00'), 'volume': np.int64(19059600)}, {'date': Timestamp('2025-06-30 00:00:00'), 'volume': np.int64(10130400)}]"
UHS,monthly,2025-07-31,22629700,304,2,2,False,0.7408206424240837,"[{'date': Timestamp('2025-07-31 00:00:00'), 'volume': np.int64(22629700)}, {'date': Timestamp('2025-06-30 00:00:00'), 'volume': np.int64(19535200)}]"
MHO,monthly,2025-07-31,7234100,304,2,2,False,0.6789776993542574,"[{'date': Timestamp('2025-07-31 00:00:00'), 'volume': np.int64(7234100)}, {'date': Timestamp('2025-06-30 00:00:00'), 'volume': np.int64(4932900)}]"
TMO,monthly,2025-07-31,71097800,304,2,2,False,0.9993941600401457,"[{'date': Timestamp('2025-07-31 00:00:00'), 'volume': np.int64(71097800)}, {'date': Timestamp('2025-06-30 00:00:00'), 'volume': np.int64(55607000)}]"
HQH,monthly,2025-07-31,5180000,304,2,2,False,0.685194248601172,"[{'date': Timestamp('2025-07-31 00:00:00'), 'volume': np.int64(5180000)}, {'date': Timestamp('2025-06-30 00:00:00'), 'volume': np.int64(3469300)}]"
VFC,monthly,2025-07-31,202561300,304,2,2,False,0.7213942449804375,"[{'date': Timestamp('2025-07-31 00:00:00'), 'volume': np.int64(202561300)}, {'date': Timestamp('2025-06-30 00:00:00'), 'volume': np.int64(139402600)}]"
MVT,monthly,2025-04-30,1661200,304,2,2,False,0.5835938872299314,"[{'date': Timestamp('2025-04-30 00:00:00'), 'volume': np.int64(1661200)}, {'date': Timestamp('2025-03-31 00:00:00'), 'volume': np.int64(984000)}]"
STRK,monthly,2025-07-31,8695200,304,2,2,True,1.0,"[{'date': Timestamp('2025-07-31 00:00:00'), 'volume': np.int64(8695200)}, {'date': Timestamp('2025-06-30 00:00:00'), 'volume': np.int64(6922100)}]"
MQT,monthly,2025-04-30,1993000,304,2,2,False,0.6805531842240055,"[{'date': Timestamp('2025-04-30 00:00:00'), 'volume': np.int64(1993000)}, {'date': Timestamp('2025-03-31 00:00:00'), 'volume': np.int64(994300)}]"
HCA,monthly,2025-07-31,34738800,304,2,2,False,0.35334145009261037,"[{'date': Timestamp('2025-07-31 00:00:00'), 'volume': np.int64(34738800)}, {'date': Timestamp('2025-06-30 00:00:00'), 'volume': np.int64(28675000)}]"
URI,monthly,2025-07-31,14771400,304,2,2,False,0.26154810470848205,"[{'date': Timestamp('2025-07-31 00:00:00'), 'volume': np.int64(14771400)}, {'date': Timestamp('2025-06-30 00:00:00'), 'volume': np.int64(9517000)}]"
CB,monthly,2025-07-31,47730600,304,2,2,False,0.6120775108904314,"[{'date': Timestamp('2025-07-31 00:00:00'), 'volume': np.int64(47730600)}, {'date': Timestamp('2025-06-30 00:00:00'), 'volume': np.int64(32290500)}]"
ELV,monthly,2025-07-31,69053900,304,2,2,False,0.9788284489173961,"[{'date': Timestamp('2025-07-31 00:00:00'), 'volume': np.int64(69053900)}, {'date': Timestamp('2025-06-30 00:00:00'), 'volume': np.int64(31710600)}]"
HERZ,monthly,2025-07-31,430420,304,2,2,False,0.5887132071342598,"[{'date': Timestamp('2025-07-31 00:00:00'), 'volume': np.int64(430420)}, {'date': Timestamp('2025-06-30 00:00:00'), 'volume': np.int64(65420)}]"
TM,monthly,2025-07-31,11572300,304,2,2,True,1.0,"[{'date': Timestamp('2025-07-31 00:00:00'), 'volume': np.int64(11572300)}, {'date': Timestamp('2025-06-30 00:00:00'), 'volume': np.int64(9026500)}]"
TAL,monthly,2025-07-31,124025800,304,2,2,False,0.10550989043035508,"[{'date': Timestamp('2025-07-31 00:00:00'), 'volume': np.int64(124025800)}, {'date': Timestamp('2025-06-30 00:00:00'), 'volume': np.int64(100047200)}]"
MNRO,monthly,2025-07-31,21576500,304,2,2,False,0.9236554951005783,"[{'date': Timestamp('2025-07-31 00:00:00'), 'volume': np.int64(21576500)}, {'date': Timestamp('2025-06-30 00:00:00'), 'volume': np.int64(18675900)}]"
RXST,monthly,2025-07-31,45353400,304,2,2,True,1.0,"[{'date': Timestamp('2025-07-31 00:00:00'), 'volume': np.int64(45353400)}, {'date': Timestamp('2025-06-30 00:00:00'), 'volume': np.int64(12654700)}]"
CMI,monthly,2025-07-31,20291000,304,2,2,False,0.14308894701174626,"[{'date': Timestamp('2025-07-31 00:00:00'), 'volume': np.int64(20291000)}, {'date': Timestamp('2025-06-30 00:00:00'), 'volume': np.int64(13692300)}]"
MOH,monthly,2025-07-31,47246700,304,2,2,True,1.0,"[{'date': Timestamp('2025-07-31 00:00:00'), 'volume': np.int64(47246700)}, {'date': Timestamp('2025-06-30 00:00:00'), 'volume': np.int64(11613000)}]"
EURK,monthly,2025-07-31,484100,304,2,2,False,0.14604199348376976,"[{'date': Timestamp('2025-07-31 00:00:00'), 'volume': np.int64(484100)}, {'date': Timestamp('2025-06-30 00:00:00'), 'volume': np.int64(168400)}]"
FR,monthly,2025-07-31,33031400,304,2,2,False,0.6516598570473149,"[{'date': Timestamp('2025-07-31 00:00:00'), 'volume': np.int64(33031400)}, {'date': Timestamp('2025-06-30 00:00:00'), 'volume': np.int64(25997500)}]"
BLCO,monthly,2025-07-31,21223300,304,2,2,False,0.5488935901680047,"[{'date': Timestamp('2025-07-31 00:00:00'), 'volume': np.int64(21223300)}, {'date': Timestamp('2025-06-30 00:00:00'), 'volume': np.int64(14051400)}]"
PHG,monthly,2025-07-31,26733900,304,2,2,False,0.3455662038245871,"[{'date': Timestamp('2025-07-31 00:00:00'), 'volume': np.int64(26733900)}, {'date': Timestamp('2025-06-30 00:00:00'), 'volume': np.int64(22255800)}]"
TBLD,monthly,2025-07-31,2406700,304,2,2,False,0.42402086012790924,"[{'date': Timestamp('2025-07-31 00:00:00'), 'volume': np.int64(2406700)}, {'date': Timestamp('2025-06-30 00:00:00'), 'volume': np.int64(1485800)}]"
MATX,monthly,2025-07-31,8099100,304,2,2,False,0.5881613919914017,"[{'date': Timestamp('2025-07-31 00:00:00'), 'volume': np.int64(8099100)}, {'date': Timestamp('2025-06-30 00:00:00'), 'volume': np.int64(7163700)}]"
AN,monthly,2025-07-31,12346200,304,2,2,False,0.40601948835664414,"[{'date': Timestamp('2025-07-31 00:00:00'), 'volume': np.int64(12346200)}, {'date': Timestamp('2025-06-30 00:00:00'), 'volume': np.int64(7663900)}]"
WCC,monthly,2025-07-31,16320600,304,2,2,False,0.44902069215975965,"[{'date': Timestamp('2025-07-31 00:00:00'), 'volume': np.int64(16320600)}, {'date': Timestamp('2025-06-30 00:00:00'), 'volume': np.int64(12132100)}]"
ACGLN,monthly,2025-07-31,1627200,304,2,2,False,0.12845369288578737,"[{'date': Timestamp('2025-07-31 00:00:00'), 'volume': np.int64(1627200)}, {'date': Timestamp('2025-06-30 00:00:00'), 'volume': np.int64(1001600)}]"
BHFAM,monthly,2025-07-31,2182400,304,2,2,False,0.29471978392977716,"[{'date': Timestamp('2025-07-31 00:00:00'), 'volume': np.int64(2182400)}, {'date': Timestamp('2025-06-30 00:00:00'), 'volume': np.int64(839700)}]"
FAF,monthly,2025-07-31,34940300,304,2,2,False,0.832939196437511,"[{'date': Timestamp('2025-07-31 00:00:00'), 'volume': np.int64(34940300)}, {'date': Timestamp('2025-06-30 00:00:00'), 'volume': np.int64(22568300)}]"
HPS,monthly,2025-07-31,1969700,304,2,2,False,0.3906507209297713,"[{'date': Timestamp('2025-07-31 00:00:00'), 'volume': np.int64(1969700)}, {'date': Timestamp('2025-06-30 00:00:00'), 'volume': np.int64(1157200)}]"
KWR,monthly,2025-07-31,4300000,304,2,2,False,0.9745484214581964,"[{'date': Timestamp('2025-07-31 00:00:00'), 'volume': np.int64(4300000)}, {'date': Timestamp('2025-06-30 00:00:00'), 'volume': np.int64(3691900)}]"
LBRDK,monthly,2025-07-31,48047684,304,2,2,True,1.0,"[{'date': Timestamp('2025-07-31 00:00:00'), 'volume': np.int64(48047684)}, {'date': Timestamp('2025-06-30 00:00:00'), 'volume': np.int64(31833129)}]"
MLCO,monthly,2025-07-31,94803900,304,2,2,False,0.6394012806384037,"[{'date': Timestamp('2025-07-31 00:00:00'), 'volume': np.int64(94803900)}, {'date': Timestamp('2025-06-30 00:00:00'), 'volume': np.int64(52924400)}]"
GUT,monthly,2025-07-31,5035500,304,2,2,False,0.5876183886804779,"[{'date': Timestamp('2025-07-31 00:00:00'), 'volume': np.int64(5035500)}, {'date': Timestamp('2025-06-30 00:00:00'), 'volume': np.int64(3960200)}]"
NSC,monthly,2025-07-31,61285500,304,2,2,True,1.0,"[{'date': Timestamp('2025-07-31 00:00:00'), 'volume': np.int64(61285500)}, {'date': Timestamp('2025-06-30 00:00:00'), 'volume': np.int64(25482000)}]"
MEDP,monthly,2025-07-31,15751400,304,2,2,True,1.0,"[{'date': Timestamp('2025-07-31 00:00:00'), 'volume': np.int64(15751400)}, {'date': Timestamp('2025-06-30 00:00:00'), 'volume': np.int64(8516000)}]"
FBK,monthly,2025-07-31,12744600,304,2,2,True,1.0,"[{'date': Timestamp('2025-07-31 00:00:00'), 'volume': np.int64(12744600)}, {'date': Timestamp('2025-06-30 00:00:00'), 'volume': np.int64(4186700)}]"
WILC,monthly,2025-07-31,649400,304,2,2,False,0.974636049827405,"[{'date': Timestamp('2025-07-31 00:00:00'), 'volume': np.int64(649400)}, {'date': Timestamp('2025-06-30 00:00:00'), 'volume': np.int64(305700)}]"
BBVA,monthly,2025-07-31,53825300,304,2,2,False,0.3052153109776532,"[{'date': Timestamp('2025-07-31 00:00:00'), 'volume': np.int64(53825300)}, {'date': Timestamp('2025-06-30 00:00:00'), 'volume': np.int64(52897300)}]"
RWTO,monthly,2025-07-31,295900,304,2,2,False,0.365669797330697,"[{'date': Timestamp('2025-07-31 00:00:00'), 'volume': np.int64(295900)}, {'date': Timestamp('2025-06-30 00:00:00'), 'volume': np.int64(70300)}]"
SQM,monthly,2025-07-31,41232500,304,2,2,False,0.7312788534356317,"[{'date': Timestamp('2025-07-31 00:00:00'), 'volume': np.int64(41232500)}, {'date': Timestamp('2025-06-30 00:00:00'), 'volume': np.int64(22437200)}]"
GCBC,monthly,2025-07-31,786900,304,2,2,False,0.43489554548469106,"[{'date': Timestamp('2025-07-31 00:00:00'), 'volume': np.int64(786900)}, {'date': Timestamp('2025-06-30 00:00:00'), 'volume': np.int64(467500)}]"
STLA,monthly,2025-07-31,684913900,304,2,2,True,1.0,"[{'date': Timestamp('2025-07-31 00:00:00'), 'volume': np.int64(684913900)}, {'date': Timestamp('2025-06-30 00:00:00'), 'volume': np.int64(312480300)}]"
TOL,monthly,2025-07-31,37242000,304,2,2,False,0.4037125686187788,"[{'date': Timestamp('2025-07-31 00:00:00'), 'volume': np.int64(37242000)}, {'date': Timestamp('2025-06-30 00:00:00'), 'volume': np.int64(34623700)}]"
RS,monthly,2025-07-31,9955700,304,2,2,False,0.5571336635048546,"[{'date': Timestamp('2025-07-31 00:00:00'), 'volume': np.int64(9955700)}, {'date': Timestamp('2025-06-30 00:00:00'), 'volume': np.int64(8085800)}]"
MFM,monthly,2025-07-31,4280400,304,2,2,False,0.9592577652279145,"[{'date': Timestamp('2025-07-31 00:00:00'), 'volume': np.int64(4280400)}, {'date': Timestamp('2025-06-30 00:00:00'), 'volume': np.int64(3021200)}]"
SAIA,monthly,2025-07-31,15667400,304,2,2,False,0.703564660553425,"[{'date': Timestamp('2025-07-31 00:00:00'), 'volume': np.int64(15667400)}, {'date': Timestamp('2025-06-30 00:00:00'), 'volume': np.int64(15074400)}]"
DHI,monthly,2025-07-31,107641800,304,2,2,False,0.6841615189097836,"[{'date': Timestamp('2025-07-31 00:00:00'), 'volume': np.int64(107641800)}, {'date': Timestamp('2025-06-30 00:00:00'), 'volume': np.int64(66461500)}]"
LCCC,monthly,2025-07-31,958600,304,2,2,True,1.0,"[{'date': Timestamp('2025-07-31 00:00:00'), 'volume': np.int64(958600)}, {'date': Timestamp('2025-06-30 00:00:00'), 'volume': np.int64(697800)}]"
GTEN,monthly,2025-07-31,6660600,304,2,2,True,1.0,"[{'date': Timestamp('2025-07-31 00:00:00'), 'volume': np.int64(6660600)}, {'date': Timestamp('2025-06-30 00:00:00'), 'volume': np.int64(743600)}]"
ICLR,monthly,2025-07-31,36994900,304,2,2,True,1.0,"[{'date': Timestamp('2025-07-31 00:00:00'), 'volume': np.int64(36994900)}, {'date': Timestamp('2025-06-30 00:00:00'), 'volume': np.int64(24551500)}]"
BHFAP,monthly,2025-07-31,3796000,304,2,2,True,1.0,"[{'date': Timestamp('2025-07-31 00:00:00'), 'volume': np.int64(3796000)}, {'date': Timestamp('2025-06-30 00:00:00'), 'volume': np.int64(876200)}]"
BHFAL,monthly,2025-07-31,2072400,304,2,2,True,1.0,"[{'date': Timestamp('2025-07-31 00:00:00'), 'volume': np.int64(2072400)}, {'date': Timestamp('2025-06-30 00:00:00'), 'volume': np.int64(505900)}]"
STRF,monthly,2025-07-31,7285600,304,2,2,True,1.0,"[{'date': Timestamp('2025-07-31 00:00:00'), 'volume': np.int64(7285600)}, {'date': Timestamp('2025-06-30 00:00:00'), 'volume': np.int64(6529800)}]"
CTS,monthly,2025-07-31,5659700,304,2,2,False,0.9237008747878314,"[{'date': Timestamp('2025-07-31 00:00:00'), 'volume': np.int64(5659700)}, {'date': Timestamp('2025-06-30 00:00:00'), 'volume': np.int64(3460900)}]"
INSE,monthly,2025-07-31,4191500,304,2,2,False,0.5451294056444271,"[{'date': Timestamp('2025-07-31 00:00:00'), 'volume': np.int64(4191500)}, {'date': Timestamp('2025-06-30 00:00:00'), 'volume': np.int64(3501200)}]"
BXMX,monthly,2025-04-30,5912900,304,2,2,False,0.3554536273354654,"[{'date': Timestamp('2025-04-30 00:00:00'), 'volume': np.int64(5912900)}, {'date': Timestamp('2025-03-31 00:00:00'), 'volume': np.int64(4180700)}]"
DIAX,monthly,2025-04-30,2762900,304,2,2,False,0.4627585629344276,"[{'date': Timestamp('2025-04-30 00:00:00'), 'volume': np.int64(2762900)}, {'date': Timestamp('2025-03-31 00:00:00'), 'volume': np.int64(1419800)}]"
SKYW,monthly,2025-07-31,9162900,304,2,2,False,0.35943653794856506,"[{'date': Timestamp('2025-07-31 00:00:00'), 'volume': np.int64(9162900)}, {'date': Timestamp('2025-06-30 00:00:00'), 'volume': np.int64(5585400)}]"
LEA,monthly,2025-07-31,16432300,304,2,2,False,0.7790293600337548,"[{'date': Timestamp('2025-07-31 00:00:00'), 'volume': np.int64(16432300)}, {'date': Timestamp('2025-06-30 00:00:00'), 'volume': np.int64(14738500)}]"
SSD,monthly,2025-07-31,7552200,304,2,2,False,0.46787183426673934,"[{'date': Timestamp('2025-07-31 00:00:00'), 'volume': np.int64(7552200)}, {'date': Timestamp('2025-06-30 00:00:00'), 'volume': np.int64(6045100)}]"
CCS,monthly,2025-07-31,8968500,304,2,2,False,0.5511174746363675,"[{'date': Timestamp('2025-07-31 00:00:00'), 'volume': np.int64(8968500)}, {'date': Timestamp('2025-06-30 00:00:00'), 'volume': np.int64(7637800)}]"
IQV,monthly,2025-07-31,49874100,304,2,2,False,0.8026099172995129,"[{'date': Timestamp('2025-07-31 00:00:00'), 'volume': np.int64(49874100)}, {'date': Timestamp('2025-06-30 00:00:00'), 'volume': np.int64(49426100)}]"
MOG-B,monthly,2025-07-31,12300,304,2,2,False,0.8541666666666666,"[{'date': Timestamp('2025-07-31 00:00:00'), 'volume': np.int64(12300)}, {'date': Timestamp('2025-06-30 00:00:00'), 'volume': np.int64(100)}]"
ALLE,monthly,2025-07-31,23120500,304,2,2,False,0.893128237616419,"[{'date': Timestamp('2025-07-31 00:00:00'), 'volume': np.int64(23120500)}, {'date': Timestamp('2025-06-30 00:00:00'), 'volume': np.int64(18016300)}]"
LB,monthly,2025-07-31,16877800,304,2,2,True,1.0,"[{'date': Timestamp('2025-07-31 00:00:00'), 'volume': np.int64(16877800)}, {'date': Timestamp('2025-06-30 00:00:00'), 'volume': np.int64(8177900)}]"
NBXG,monthly,2025-07-31,4509200,304,2,2,False,0.19408599836439547,"[{'date': Timestamp('2025-07-31 00:00:00'), 'volume': np.int64(4509200)}, {'date': Timestamp('2025-06-30 00:00:00'), 'volume': np.int64(3891200)}]"
BHFAN,monthly,2025-07-31,5270900,304,2,2,False,0.42320569744754993,"[{'date': Timestamp('2025-07-31 00:00:00'), 'volume': np.int64(5270900)}, {'date': Timestamp('2025-06-30 00:00:00'), 'volume': np.int64(1686700)}]"
ENVA,monthly,2025-07-31,7922900,304,2,2,False,0.6707046593525667,"[{'date': Timestamp('2025-07-31 00:00:00'), 'volume': np.int64(7922900)}, {'date': Timestamp('2025-06-30 00:00:00'), 'volume': np.int64(6207000)}]"
BHFAO,monthly,2025-07-31,3309600,304,2,2,False,0.3747367467560407,"[{'date': Timestamp('2025-07-31 00:00:00'), 'volume': np.int64(3309600)}, {'date': Timestamp('2025-06-30 00:00:00'), 'volume': np.int64(837300)}]"
GOOGL,monthly,2025-07-31,860114400,304,2,2,False,0.5475938361868091,"[{'date': Timestamp('2025-07-31 00:00:00'), 'volume': np.int64(860114400)}, {'date': Timestamp('2025-06-30 00:00:00'), 'volume': np.int64(847382400)}]"
CEPO,monthly,2025-07-31,24876100,304,2,2,True,1.0,"[{'date': Timestamp('2025-07-31 00:00:00'), 'volume': np.int64(24876100)}, {'date': Timestamp('2025-06-30 00:00:00'), 'volume': np.int64(5225500)}]"
TAK,monthly,2025-07-31,100956400,304,2,2,False,0.9817070799007367,"[{'date': Timestamp('2025-07-31 00:00:00'), 'volume': np.int64(100956400)}, {'date': Timestamp('2025-06-30 00:00:00'), 'volume': np.int64(40781600)}]"
YETI,monthly,2025-07-31,52992200,304,2,2,False,0.8346477031996913,"[{'date': Timestamp('2025-07-31 00:00:00'), 'volume': np.int64(52992200)}, {'date': Timestamp('2025-06-30 00:00:00'), 'volume': np.int64(40092600)}]"
NAVI,monthly,2025-07-31,24151200,304,2,2,False,0.22776028925534103,"[{'date': Timestamp('2025-07-31 00:00:00'), 'volume': np.int64(24151200)}, {'date': Timestamp('2025-06-30 00:00:00'), 'volume': np.int64(12885000)}]"
TDS,monthly,2025-07-31,30729600,304,2,2,False,0.4197281634024512,"[{'date': Timestamp('2025-07-31 00:00:00'), 'volume': np.int64(30729600)}, {'date': Timestamp('2025-06-30 00:00:00'), 'volume': np.int64(17844000)}]"
RCI,monthly,2025-07-31,38892400,304,2,2,True,1.0,"[{'date': Timestamp('2025-07-31 00:00:00'), 'volume': np.int64(38892400)}, {'date': Timestamp('2025-06-30 00:00:00'), 'volume': np.int64(27746600)}]"
CHCO,monthly,2025-07-31,3480700,304,2,2,True,1.0,"[{'date': Timestamp('2025-07-31 00:00:00'), 'volume': np.int64(3480700)}, {'date': Timestamp('2025-06-30 00:00:00'), 'volume': np.int64(1806400)}]"
SAM,monthly,2025-07-31,6462400,304,2,2,False,0.6574695804338094,"[{'date': Timestamp('2025-07-31 00:00:00'), 'volume': np.int64(6462400)}, {'date': Timestamp('2025-06-30 00:00:00'), 'volume': np.int64(5279500)}]"
ALF,monthly,2025-07-31,1560300,304,2,2,False,0.22862878410456292,"[{'date': Timestamp('2025-07-31 00:00:00'), 'volume': np.int64(1560300)}, {'date': Timestamp('2025-06-30 00:00:00'), 'volume': np.int64(761800)}]"
MHF,monthly,2025-07-31,1738700,304,2,2,False,0.6649711247944314,"[{'date': Timestamp('2025-07-31 00:00:00'), 'volume': np.int64(1738700)}, {'date': Timestamp('2025-06-30 00:00:00'), 'volume': np.int64(1192700)}]"
MCY,monthly,2025-07-31,6350100,304,2,2,False,0.2782885741331557,"[{'date': Timestamp('2025-07-31 00:00:00'), 'volume': np.int64(6350100)}, {'date': Timestamp('2025-06-30 00:00:00'), 'volume': np.int64(6043200)}]"
LPAA,monthly,2025-07-31,2017800,304,2,2,False,0.5019527848951466,"[{'date': Timestamp('2025-07-31 00:00:00'), 'volume': np.int64(2017800)}, {'date': Timestamp('2025-06-30 00:00:00'), 'volume': np.int64(1022300)}]"
BKHA,monthly,2025-07-31,394600,304,2,2,False,0.16410213756965816,"[{'date': Timestamp('2025-07-31 00:00:00'), 'volume': np.int64(394600)}, {'date': Timestamp('2025-06-30 00:00:00'), 'volume': np.int64(62700)}]"
SUI,monthly,2025-07-31,23734500,304,2,2,False,0.7476492731253248,"[{'date': Timestamp('2025-07-31 00:00:00'), 'volume': np.int64(23734500)}, {'date': Timestamp('2025-06-30 00:00:00'), 'volume': np.int64(17936100)}]"
ALV,monthly,2025-07-31,19276200,304,2,2,False,0.4801249367968258,"[{'date': Timestamp('2025-07-31 00:00:00'), 'volume': np.int64(19276200)}, {'date': Timestamp('2025-06-30 00:00:00'), 'volume': np.int64(15635700)}]"
ACGL,monthly,2025-07-31,64241300,304,2,2,False,0.4390526114353668,"[{'date': Timestamp('2025-07-31 00:00:00'), 'volume': np.int64(64241300)}, {'date': Timestamp('2025-06-30 00:00:00'), 'volume': np.int64(32463000)}]"
IGA,monthly,2025-07-31,1623400,304,2,2,False,0.6305200605895832,"[{'date': Timestamp('2025-07-31 00:00:00'), 'volume': np.int64(1623400)}, {'date': Timestamp('2025-06-30 00:00:00'), 'volume': np.int64(1293900)}]"
REXR,monthly,2025-07-31,70082900,304,2,2,True,1.0,"[{'date': Timestamp('2025-07-31 00:00:00'), 'volume': np.int64(70082900)}, {'date': Timestamp('2025-06-30 00:00:00'), 'volume': np.int64(55085100)}]"
PRGS,monthly,2025-07-31,30327900,304,2,2,True,1.0,"[{'date': Timestamp('2025-07-31 00:00:00'), 'volume': np.int64(30327900)}, {'date': Timestamp('2025-06-30 00:00:00'), 'volume': np.int64(10831200)}]"
FBNC,monthly,2025-07-31,7218800,304,2,2,False,0.5781330087134803,"[{'date': Timestamp('2025-07-31 00:00:00'), 'volume': np.int64(7218800)}, {'date': Timestamp('2025-06-30 00:00:00'), 'volume': np.int64(4439300)}]"
ATAT,monthly,2025-07-31,31486700,304,2,2,False,0.8233000823647845,"[{'date': Timestamp('2025-07-31 00:00:00'), 'volume': np.int64(31486700)}, {'date': Timestamp('2025-06-30 00:00:00'), 'volume': np.int64(23785900)}]"
BLIV,monthly,2025-07-31,872200,304,2,2,False,0.09244107173138884,"[{'date': Timestamp('2025-07-31 00:00:00'), 'volume': np.int64(872200)}, {'date': Timestamp('2025-06-30 00:00:00'), 'volume': np.int64(712100)}]"
AGCO,monthly,2025-07-31,20099100,304,2,2,False,0.8265452152814903,"[{'date': Timestamp('2025-07-31 00:00:00'), 'volume': np.int64(20099100)}, {'date': Timestamp('2025-06-30 00:00:00'), 'volume': np.int64(13543400)}]"
ESNT,monthly,2025-07-31,17317300,304,2,2,False,0.3551574564956573,"[{'date': Timestamp('2025-07-31 00:00:00'), 'volume': np.int64(17317300)}, {'date': Timestamp('2025-06-30 00:00:00'), 'volume': np.int64(13866000)}]"
TER,monthly,2025-07-31,100667000,304,2,2,True,1.0,"[{'date': Timestamp('2025-07-31 00:00:00'), 'volume': np.int64(100667000)}, {'date': Timestamp('2025-06-30 00:00:00'), 'volume': np.int64(67678900)}]"
BK,monthly,2025-07-31,97065900,304,2,2,False,0.4689495607911267,"[{'date': Timestamp('2025-07-31 00:00:00'), 'volume': np.int64(97065900)}, {'date': Timestamp('2025-06-30 00:00:00'), 'volume': np.int64(82863700)}]"
RNR,monthly,2025-07-31,11648900,304,2,2,False,0.6658188344498045,"[{'date': Timestamp('2025-07-31 00:00:00'), 'volume': np.int64(11648900)}, {'date': Timestamp('2025-06-30 00:00:00'), 'volume': np.int64(8504000)}]"
EGG,monthly,2025-07-31,14518100,304,2,2,True,1.0,"[{'date': Timestamp('2025-07-31 00:00:00'), 'volume': np.int64(14518100)}, {'date': Timestamp('2025-06-30 00:00:00'), 'volume': np.int64(4386100)}]"
RIBBU,monthly,2025-07-31,138500,304,2,2,False,0.05535129086403964,"[{'date': Timestamp('2025-07-31 00:00:00'), 'volume': np.int64(138500)}, {'date': Timestamp('2025-06-30 00:00:00'), 'volume': np.int64(21000)}]"
DOW,monthly,2025-07-31,369579100,304,2,2,True,1.0,"[{'date': Timestamp('2025-07-31 00:00:00'), 'volume': np.int64(369579100)}, {'date': Timestamp('2025-06-30 00:00:00'), 'volume': np.int64(245110800)}]"
FNLC,monthly,2025-07-31,634600,304,2,2,True,1.0,"[{'date': Timestamp('2025-07-31 00:00:00'), 'volume': np.int64(634600)}, {'date': Timestamp('2025-06-30 00:00:00'), 'volume': np.int64(358300)}]"
FEIM,monthly,2025-07-31,10084600,304,2,2,True,1.0,"[{'date': Timestamp('2025-07-31 00:00:00'), 'volume': np.int64(10084600)}, {'date': Timestamp('2025-06-30 00:00:00'), 'volume': np.int64(5803600)}]"
ILPT,monthly,2025-07-31,12585300,304,2,2,False,0.22585994325370548,"[{'date': Timestamp('2025-07-31 00:00:00'), 'volume': np.int64(12585300)}, {'date': Timestamp('2025-06-30 00:00:00'), 'volume': np.int64(10764800)}]"
MNSBP,monthly,2025-07-31,66100,304,2,2,False,0.3719752391671356,"[{'date': Timestamp('2025-07-31 00:00:00'), 'volume': np.int64(66100)}, {'date': Timestamp('2025-06-30 00:00:00'), 'volume': np.int64(12900)}]"
DGX,monthly,2025-07-31,29448300,304,2,2,False,0.4910636268434709,"[{'date': Timestamp('2025-07-31 00:00:00'), 'volume': np.int64(29448300)}, {'date': Timestamp('2025-06-30 00:00:00'), 'volume': np.int64(16264600)}]"
MTH,monthly,2025-07-31,28782800,304,2,2,False,0.8034546865491656,"[{'date': Timestamp('2025-07-31 00:00:00'), 'volume': np.int64(28782800)}, {'date': Timestamp('2025-06-30 00:00:00'), 'volume': np.int64(18064400)}]"
BFC,monthly,2025-07-31,3807200,304,2,2,True,1.0,"[{'date': Timestamp('2025-07-31 00:00:00'), 'volume': np.int64(3807200)}, {'date': Timestamp('2025-06-30 00:00:00'), 'volume': np.int64(2955900)}]"
HSY,monthly,2025-07-31,42717500,304,2,2,False,0.6747332973201791,"[{'date': Timestamp('2025-07-31 00:00:00'), 'volume': np.int64(42717500)}, {'date': Timestamp('2025-06-30 00:00:00'), 'volume': np.int64(34538900)}]"
MBNKO,monthly,2025-07-31,498200,304,2,2,True,1.0,"[{'date': Timestamp('2025-07-31 00:00:00'), 'volume': np.int64(498200)}, {'date': Timestamp('2025-06-30 00:00:00'), 'volume': np.int64(263700)}]"
WTW,monthly,2025-07-31,16099400,304,2,2,False,0.3232843703250033,"[{'date': Timestamp('2025-07-31 00:00:00'), 'volume': np.int64(16099400)}, {'date': Timestamp('2025-06-30 00:00:00'), 'volume': np.int64(13404200)}]"
RGCO,monthly,2025-07-31,429000,304,2,2,False,0.21082117057349256,"[{'date': Timestamp('2025-07-31 00:00:00'), 'volume': np.int64(429000)}, {'date': Timestamp('2025-06-30 00:00:00'), 'volume': np.int64(346100)}]"
CNP,monthly,2025-07-31,128701100,304,2,2,False,0.5369606866362601,"[{'date': Timestamp('2025-07-31 00:00:00'), 'volume': np.int64(128701100)}, {'date': Timestamp('2025-06-30 00:00:00'), 'volume': np.int64(105507000)}]"
MVBF,monthly,2025-07-31,1761900,304,2,2,True,1.0,"[{'date': Timestamp('2025-07-31 00:00:00'), 'volume': np.int64(1761900)}, {'date': Timestamp('2025-06-30 00:00:00'), 'volume': np.int64(1105900)}]"
VTMX,monthly,2025-07-31,3569300,304,2,2,False,0.5879165225412198,"[{'date': Timestamp('2025-07-31 00:00:00'), 'volume': np.int64(3569300)}, {'date': Timestamp('2025-06-30 00:00:00'), 'volume': np.int64(3094500)}]"
IQI,monthly,2025-07-31,4642000,304,2,2,False,0.7876206797088416,"[{'date': Timestamp('2025-07-31 00:00:00'), 'volume': np.int64(4642000)}, {'date': Timestamp('2025-06-30 00:00:00'), 'volume': np.int64(3068800)}]"
PHIN,monthly,2025-07-31,10189200,304,2,2,False,0.18366828237745625,"[{'date': Timestamp('2025-07-31 00:00:00'), 'volume': np.int64(10189200)}, {'date': Timestamp('2025-06-30 00:00:00'), 'volume': np.int64(9760600)}]"
OBT,monthly,2025-07-31,1980200,304,2,2,False,0.8866302498432883,"[{'date': Timestamp('2025-07-31 00:00:00'), 'volume': np.int64(1980200)}, {'date': Timestamp('2025-06-30 00:00:00'), 'volume': np.int64(1768800)}]"
POR,monthly,2025-07-31,30852700,304,2,2,False,0.8070918460773798,"[{'date': Timestamp('2025-07-31 00:00:00'), 'volume': np.int64(30852700)}, {'date': Timestamp('2025-06-30 00:00:00'), 'volume': np.int64(24879900)}]"
WAB,monthly,2025-07-31,26957900,304,2,2,False,0.4232035993946587,"[{'date': Timestamp('2025-07-31 00:00:00'), 'volume': np.int64(26957900)}, {'date': Timestamp('2025-06-30 00:00:00'), 'volume': np.int64(17775100)}]"
FMN,monthly,2025-07-31,906600,304,2,2,False,0.57996417604913,"[{'date': Timestamp('2025-07-31 00:00:00'), 'volume': np.int64(906600)}, {'date': Timestamp('2025-06-30 00:00:00'), 'volume': np.int64(497800)}]"
C,monthly,2025-07-31,360471100,304,2,2,False,0.4718376716864359,"[{'date': Timestamp('2025-07-31 00:00:00'), 'volume': np.int64(360471100)}, {'date': Timestamp('2025-06-30 00:00:00'), 'volume': np.int64(256067100)}]"
BGS,monthly,2025-07-31,62046800,304,2,2,False,0.7535841118544104,"[{'date': Timestamp('2025-07-31 00:00:00'), 'volume': np.int64(62046800)}, {'date': Timestamp('2025-06-30 00:00:00'), 'volume': np.int64(54310800)}]"
ESQ,monthly,2025-07-31,3282400,304,2,2,True,1.0,"[{'date': Timestamp('2025-07-31 00:00:00'), 'volume': np.int64(3282400)}, {'date': Timestamp('2025-06-30 00:00:00'), 'volume': np.int64(2383100)}]"
IDA,monthly,2025-07-31,10943800,304,2,2,False,0.8268332854833104,"[{'date': Timestamp('2025-07-31 00:00:00'), 'volume': np.int64(10943800)}, {'date': Timestamp('2025-06-30 00:00:00'), 'volume': np.int64(9888100)}]"
PCAR,monthly,2025-07-31,77491500,304,2,2,False,0.8020462184547791,"[{'date': Timestamp('2025-07-31 00:00:00'), 'volume': np.int64(77491500)}, {'date': Timestamp('2025-06-30 00:00:00'), 'volume': np.int64(49109600)}]"
HAS,monthly,2025-07-31,58826600,304,2,2,True,1.0,"[{'date': Timestamp('2025-07-31 00:00:00'), 'volume': np.int64(58826600)}, {'date': Timestamp('2025-06-30 00:00:00'), 'volume': np.int64(42159200)}]"
NMIH,monthly,2025-07-31,11257100,304,2,2,False,0.23645246732187455,"[{'date': Timestamp('2025-07-31 00:00:00'), 'volume': np.int64(11257100)}, {'date': Timestamp('2025-06-30 00:00:00'), 'volume': np.int64(10838900)}]"
XYZ,monthly,2025-07-31,351940300,304,2,2,False,0.6824698818777776,"[{'date': Timestamp('2025-07-31 00:00:00'), 'volume': np.int64(351940300)}, {'date': Timestamp('2025-06-30 00:00:00'), 'volume': np.int64(138632800)}]"
TBBK,monthly,2025-07-31,19721400,304,2,2,False,0.5872977584805196,"[{'date': Timestamp('2025-07-31 00:00:00'), 'volume': np.int64(19721400)}, {'date': Timestamp('2025-06-30 00:00:00'), 'volume': np.int64(10409500)}]"
ARCB,monthly,2025-07-31,9778000,304,2,2,False,0.8545036660287165,"[{'date': Timestamp('2025-07-31 00:00:00'), 'volume': np.int64(9778000)}, {'date': Timestamp('2025-06-30 00:00:00'), 'volume': np.int64(7804300)}]"
FLG,monthly,2025-07-31,153165600,304,2,2,False,0.4079863959784603,"[{'date': Timestamp('2025-07-31 00:00:00'), 'volume': np.int64(153165600)}, {'date': Timestamp('2025-06-30 00:00:00'), 'volume': np.int64(145593400)}]"
SFNC,monthly,2025-07-31,41372700,304,2,2,True,1.0,"[{'date': Timestamp('2025-07-31 00:00:00'), 'volume': np.int64(41372700)}, {'date': Timestamp('2025-06-30 00:00:00'), 'volume': np.int64(14904900)}]"
VALE,monthly,2025-07-31,1168986800,304,2,2,True,1.0,"[{'date': Timestamp('2025-07-31 00:00:00'), 'volume': np.int64(1168986800)}, {'date': Timestamp('2025-06-30 00:00:00'), 'volume': np.int64(840510800)}]"
GDV,monthly,2025-07-31,3793800,304,2,2,False,0.19978724748804583,"[{'date': Timestamp('2025-07-31 00:00:00'), 'volume': np.int64(3793800)}, {'date': Timestamp('2025-06-30 00:00:00'), 'volume': np.int64(2431000)}]"
NPK,monthly,2025-07-31,3250300,304,2,2,True,1.0,"[{'date': Timestamp('2025-07-31 00:00:00'), 'volume': np.int64(3250300)}, {'date': Timestamp('2025-06-30 00:00:00'), 'volume': np.int64(2042400)}]"
SIGI,monthly,2025-07-31,15365000,304,2,2,True,1.0,"[{'date': Timestamp('2025-07-31 00:00:00'), 'volume': np.int64(15365000)}, {'date': Timestamp('2025-06-30 00:00:00'), 'volume': np.int64(7203700)}]"
CRAQ,monthly,2025-07-31,1696700,304,2,2,True,1.0,"[{'date': Timestamp('2025-07-31 00:00:00'), 'volume': np.int64(1696700)}, {'date': Timestamp('2025-06-30 00:00:00'), 'volume': np.int64(1439300)}]"
BV,monthly,2025-07-31,21382000,304,2,2,False,0.9127075596533913,"[{'date': Timestamp('2025-07-31 00:00:00'), 'volume': np.int64(21382000)}, {'date': Timestamp('2025-06-30 00:00:00'), 'volume': np.int64(17143500)}]"
MPA,monthly,2025-07-31,1993500,304,2,2,True,1.0,"[{'date': Timestamp('2025-07-31 00:00:00'), 'volume': np.int64(1993500)}, {'date': Timestamp('2025-06-30 00:00:00'), 'volume': np.int64(1056000)}]"
NMI,monthly,2025-07-31,1287500,304,2,2,True,1.0,"[{'date': Timestamp('2025-07-31 00:00:00'), 'volume': np.int64(1287500)}, {'date': Timestamp('2025-06-30 00:00:00'), 'volume': np.int64(563900)}]"
RAL,monthly,2025-07-31,54506400,304,2,2,True,1.0,"[{'date': Timestamp('2025-07-31 00:00:00'), 'volume': np.int64(54506400)}, {'date': Timestamp('2025-06-30 00:00:00'), 'volume': np.int64(27737900)}]"
MTX,monthly,2025-07-31,6578000,304,2,2,False,0.5160429905075704,"[{'date': Timestamp('2025-07-31 00:00:00'), 'volume': np.int64(6578000)}, {'date': Timestamp('2025-06-30 00:00:00'), 'volume': np.int64(5041000)}]"
GRFS,monthly,2025-07-31,26999000,304,2,2,False,0.2658001915801225,"[{'date': Timestamp('2025-07-31 00:00:00'), 'volume': np.int64(26999000)}, {'date': Timestamp('2025-06-30 00:00:00'), 'volume': np.int64(14236500)}]"
THW,monthly,2025-07-31,4970800,304,2,2,False,0.7028547997115507,"[{'date': Timestamp('2025-07-31 00:00:00'), 'volume': np.int64(4970800)}, {'date': Timestamp('2025-06-30 00:00:00'), 'volume': np.int64(2696300)}]"
EGP,monthly,2025-07-31,10354100,304,2,2,False,0.8268793074533417,"[{'date': Timestamp('2025-07-31 00:00:00'), 'volume': np.int64(10354100)}, {'date': Timestamp('2025-06-30 00:00:00'), 'volume': np.int64(6554100)}]"
VLYPP,monthly,2025-07-31,162400,304,2,2,False,0.08382368122225663,"[{'date': Timestamp('2025-07-31 00:00:00'), 'volume': np.int64(162400)}, {'date': Timestamp('2025-06-30 00:00:00'), 'volume': np.int64(143600)}]"
AAT,monthly,2025-07-31,10923200,304,2,2,False,0.5107974897823667,"[{'date': Timestamp('2025-07-31 00:00:00'), 'volume': np.int64(10923200)}, {'date': Timestamp('2025-06-30 00:00:00'), 'volume': np.int64(9579500)}]"
TNET,monthly,2025-07-31,11883300,304,2,2,False,0.5740003671036488,"[{'date': Timestamp('2025-07-31 00:00:00'), 'volume': np.int64(11883300)}, {'date': Timestamp('2025-06-30 00:00:00'), 'volume': np.int64(7172000)}]"
MYFW,monthly,2025-07-31,1783400,304,2,2,False,0.8370412090490942,"[{'date': Timestamp('2025-07-31 00:00:00'), 'volume': np.int64(1783400)}, {'date': Timestamp('2025-06-30 00:00:00'), 'volume': np.int64(1014700)}]"
RBB,monthly,2025-07-31,2435700,304,2,2,False,0.999630632849052,"[{'date': Timestamp('2025-07-31 00:00:00'), 'volume': np.int64(2435700)}, {'date': Timestamp('2025-06-30 00:00:00'), 'volume': np.int64(1119700)}]"
KSS,monthly,2025-07-31,439298900,304,2,2,True,1.0,"[{'date': Timestamp('2025-07-31 00:00:00'), 'volume': np.int64(439298900)}, {'date': Timestamp('2025-06-30 00:00:00'), 'volume': np.int64(162294300)}]"
KMI,monthly,2025-07-31,341461300,304,2,2,False,0.541048444139092,"[{'date': Timestamp('2025-07-31 00:00:00'), 'volume': np.int64(341461300)}, {'date': Timestamp('2025-06-30 00:00:00'), 'volume': np.int64(261091300)}]"
ATLCP,monthly,2025-07-31,318300,304,2,2,False,0.22953775149635827,"[{'date': Timestamp('2025-07-31 00:00:00'), 'volume': np.int64(318300)}, {'date': Timestamp('2025-06-30 00:00:00'), 'volume': np.int64(166500)}]"
ALFUU,monthly,2025-07-31,5533,304,2,2,False,0.0001507765907311828,"[{'date': Timestamp('2025-07-31 00:00:00'), 'volume': np.int64(5533)}, {'date': Timestamp('2025-06-30 00:00:00'), 'volume': np.int64(3179)}]"
CMPR,monthly,2025-07-31,6630100,304,2,2,False,0.603757262279855,"[{'date': Timestamp('2025-07-31 00:00:00'), 'volume': np.int64(6630100)}, {'date': Timestamp('2025-06-30 00:00:00'), 'volume': np.int64(5428000)}]"
AWP,monthly,2025-07-31,4019799,304,2,2,False,0.6131076150705727,"[{'date': Timestamp('2025-07-31 00:00:00'), 'volume': np.int64(4019799)}, {'date': Timestamp('2025-06-30 00:00:00'), 'volume': np.int64(1538934)}]"
BYD,monthly,2025-07-31,33032000,304,2,2,False,0.4552364178108906,"[{'date': Timestamp('2025-07-31 00:00:00'), 'volume': np.int64(33032000)}, {'date': Timestamp('2025-06-30 00:00:00'), 'volume': np.int64(19243300)}]"
FORTY,monthly,2025-07-31,12400,304,2,2,False,0.06673842841765339,"[{'date': Timestamp('2025-07-31 00:00:00'), 'volume': np.int64(12400)}, {'date': Timestamp('2025-06-30 00:00:00'), 'volume': np.int64(7700)}]"
MCRI,monthly,2025-07-31,3844100,304,2,2,False,0.6211883716044794,"[{'date': Timestamp('2025-07-31 00:00:00'), 'volume': np.int64(3844100)}, {'date': Timestamp('2025-06-30 00:00:00'), 'volume': np.int64(1993100)}]"
PLUT,monthly,2025-07-31,1459900,304,2,2,False,0.2961017361674509,"[{'date': Timestamp('2025-07-31 00:00:00'), 'volume': np.int64(1459900)}, {'date': Timestamp('2025-06-30 00:00:00'), 'volume': np.int64(646700)}]"
NXT,monthly,2025-07-31,60740500,304,2,2,False,0.498540668403419,"[{'date': Timestamp('2025-07-31 00:00:00'), 'volume': np.int64(60740500)}, {'date': Timestamp('2025-06-30 00:00:00'), 'volume': np.int64(42791400)}]"
BUD,monthly,2025-07-31,51101900,304,2,2,False,0.45860544257369495,"[{'date': Timestamp('2025-07-31 00:00:00'), 'volume': np.int64(51101900)}, {'date': Timestamp('2025-06-30 00:00:00'), 'volume': np.int64(49851500)}]"
BGT,monthly,2025-07-31,5133800,304,2,2,True,1.0,"[{'date': Timestamp('2025-07-31 00:00:00'), 'volume': np.int64(5133800)}, {'date': Timestamp('2025-06-30 00:00:00'), 'volume': np.int64(2705100)}]"
FOR,monthly,2025-07-31,4512300,304,2,2,False,0.649719222462203,"[{'date': Timestamp('2025-07-31 00:00:00'), 'volume': np.int64(4512300)}, {'date': Timestamp('2025-06-30 00:00:00'), 'volume': np.int64(3031100)}]"
CCEC,monthly,2025-07-31,1742900,304,2,2,False,0.26317061017409815,"[{'date': Timestamp('2025-07-31 00:00:00'), 'volume': np.int64(1742900)}, {'date': Timestamp('2025-06-30 00:00:00'), 'volume': np.int64(165900)}]"
CFG,monthly,2025-07-31,123332400,304,2,2,False,0.5312044793797782,"[{'date': Timestamp('2025-07-31 00:00:00'), 'volume': np.int64(123332400)}, {'date': Timestamp('2025-06-30 00:00:00'), 'volume': np.int64(105286100)}]"
AOS,monthly,2025-07-31,36892600,304,2,2,False,0.5210760330391747,"[{'date': Timestamp('2025-07-31 00:00:00'), 'volume': np.int64(36892600)}, {'date': Timestamp('2025-06-30 00:00:00'), 'volume': np.int64(32501900)}]"
DNUT,monthly,2025-07-31,328288600,304,2,2,True,1.0,"[{'date': Timestamp('2025-07-31 00:00:00'), 'volume': np.int64(328288600)}, {'date': Timestamp('2025-06-30 00:00:00'), 'volume': np.int64(68200600)}]"
BDX,monthly,2025-07-31,81213892,304,2,2,False,0.7531750100736155,"[{'date': Timestamp('2025-07-31 00:00:00'), 'volume': np.int64(81213892)}, {'date': Timestamp('2025-06-30 00:00:00'), 'volume': np.int64(71235435)}]"
ENSG,monthly,2025-07-31,9548000,304,2,2,False,0.48061047799299317,"[{'date': Timestamp('2025-07-31 00:00:00'), 'volume': np.int64(9548000)}, {'date': Timestamp('2025-06-30 00:00:00'), 'volume': np.int64(7459400)}]"
MSM,monthly,2025-07-31,17402600,304,2,2,False,0.8616044242223202,"[{'date': Timestamp('2025-07-31 00:00:00'), 'volume': np.int64(17402600)}, {'date': Timestamp('2025-06-30 00:00:00'), 'volume': np.int64(10215000)}]"
CNA,monthly,2025-07-31,12279100,304,2,2,True,1.0,"[{'date': Timestamp('2025-07-31 00:00:00'), 'volume': np.int64(12279100)}, {'date': Timestamp('2025-06-30 00:00:00'), 'volume': np.int64(11746500)}]"
TFIN,monthly,2025-07-31,6670300,304,2,2,False,0.938461105561574,"[{'date': Timestamp('2025-07-31 00:00:00'), 'volume': np.int64(6670300)}, {'date': Timestamp('2025-06-30 00:00:00'), 'volume': np.int64(4154000)}]"
CNH,monthly,2025-07-31,496410400,304,2,2,True,1.0,"[{'date': Timestamp('2025-07-31 00:00:00'), 'volume': np.int64(496410400)}, {'date': Timestamp('2025-06-30 00:00:00'), 'volume': np.int64(387069400)}]"
HGV,monthly,2025-07-31,27524600,304,2,2,False,0.7755855368454273,"[{'date': Timestamp('2025-07-31 00:00:00'), 'volume': np.int64(27524600)}, {'date': Timestamp('2025-06-30 00:00:00'), 'volume': np.int64(16518400)}]"
XPRO,monthly,2025-07-31,30099300,304,2,2,False,0.8531063998639533,"[{'date': Timestamp('2025-07-31 00:00:00'), 'volume': np.int64(30099300)}, {'date': Timestamp('2025-06-30 00:00:00'), 'volume': np.int64(24240500)}]"
GL,monthly,2025-07-31,17234300,304,2,2,False,0.12198787079165452,"[{'date': Timestamp('2025-07-31 00:00:00'), 'volume': np.int64(17234300)}, {'date': Timestamp('2025-06-30 00:00:00'), 'volume': np.int64(9736600)}]"
TFII,monthly,2025-07-31,9867400,304,2,2,False,0.7537544878160568,"[{'date': Timestamp('2025-07-31 00:00:00'), 'volume': np.int64(9867400)}, {'date': Timestamp('2025-06-30 00:00:00'), 'volume': np.int64(8937900)}]"
TRIP,monthly,2025-07-31,93281100,304,2,2,False,0.7619087680550972,"[{'date': Timestamp('2025-07-31 00:00:00'), 'volume': np.int64(93281100)}, {'date': Timestamp('2025-06-30 00:00:00'), 'volume': np.int64(81618100)}]"
BCS,monthly,2025-07-31,433541700,304,2,2,False,0.8515323751520237,"[{'date': Timestamp('2025-07-31 00:00:00'), 'volume': np.int64(433541700)}, {'date': Timestamp('2025-06-30 00:00:00'), 'volume': np.int64(258241200)}]"
SSBI,monthly,2025-07-31,478300,304,2,2,False,0.8834503140007388,"[{'date': Timestamp('2025-07-31 00:00:00'), 'volume': np.int64(478300)}, {'date': Timestamp('2025-06-30 00:00:00'), 'volume': np.int64(155500)}]"
LFMDP,monthly,2025-07-31,96600,304,2,2,False,0.14306872037914692,"[{'date': Timestamp('2025-07-31 00:00:00'), 'volume': np.int64(96600)}, {'date': Timestamp('2025-06-30 00:00:00'), 'volume': np.int64(68900)}]"
FPH,monthly,2025-07-31,5960000,304,2,2,False,0.28752960927813664,"[{'date': Timestamp('2025-07-31 00:00:00'), 'volume': np.int64(5960000)}, {'date': Timestamp('2025-06-30 00:00:00'), 'volume': np.int64(2742000)}]"
SNN,monthly,2025-07-31,22847500,304,2,2,False,0.5441280138702334,"[{'date': Timestamp('2025-07-31 00:00:00'), 'volume': np.int64(22847500)}, {'date': Timestamp('2025-06-30 00:00:00'), 'volume': np.int64(18537100)}]"
RA,monthly,2025-07-31,4437200,304,2,2,False,0.32558480819465235,"[{'date': Timestamp('2025-07-31 00:00:00'), 'volume': np.int64(4437200)}, {'date': Timestamp('2025-06-30 00:00:00'), 'volume': np.int64(3870400)}]"
STWD,monthly,2025-07-31,112959600,304,2,2,False,0.6267980416930932,"[{'date': Timestamp('2025-07-31 00:00:00'), 'volume': np.int64(112959600)}, {'date': Timestamp('2025-06-30 00:00:00'), 'volume': np.int64(43496600)}]"
PNR,monthly,2025-07-31,43837000,304,2,2,False,0.974127414096926,"[{'date': Timestamp('2025-07-31 00:00:00'), 'volume': np.int64(43837000)}, {'date': Timestamp('2025-06-30 00:00:00'), 'volume': np.int64(23490100)}]"
UFCS,monthly,2025-07-31,2915700,304,2,2,False,0.827360177066485,"[{'date': Timestamp('2025-07-31 00:00:00'), 'volume': np.int64(2915700)}, {'date': Timestamp('2025-06-30 00:00:00'), 'volume': np.int64(2550600)}]"
UNTY,monthly,2025-07-31,1706700,304,2,2,False,0.7880956778721833,"[{'date': Timestamp('2025-07-31 00:00:00'), 'volume': np.int64(1706700)}, {'date': Timestamp('2025-06-30 00:00:00'), 'volume': np.int64(1525600)}]"
CNC,monthly,2025-07-31,577488100,304,2,2,True,1.0,"[{'date': Timestamp('2025-07-31 00:00:00'), 'volume': np.int64(577488100)}, {'date': Timestamp('2025-06-30 00:00:00'), 'volume': np.int64(94080200)}]"
HWKN,monthly,2025-07-31,4941200,304,2,2,True,1.0,"[{'date': Timestamp('2025-07-31 00:00:00'), 'volume': np.int64(4941200)}, {'date': Timestamp('2025-06-30 00:00:00'), 'volume': np.int64(3137800)}]"
SOJF,monthly,2025-07-31,1873600,304,2,2,False,0.13978334178877316,"[{'date': Timestamp('2025-07-31 00:00:00'), 'volume': np.int64(1873600)}, {'date': Timestamp('2025-06-30 00:00:00'), 'volume': np.int64(1665400)}]"
IWN,monthly,2025-07-31,25729400,304,2,2,False,0.4254066092500401,"[{'date': Timestamp('2025-07-31 00:00:00'), 'volume': np.int64(25729400)}, {'date': Timestamp('2025-06-30 00:00:00'), 'volume': np.int64(20847000)}]"
EVRG,monthly,2025-07-31,49744400,304,2,2,False,0.7303313214538973,"[{'date': Timestamp('2025-07-31 00:00:00'), 'volume': np.int64(49744400)}, {'date': Timestamp('2025-06-30 00:00:00'), 'volume': np.int64(49284700)}]"
TTAM,monthly,2025-07-31,16710400,304,2,2,False,0.9309466905108107,"[{'date': Timestamp('2025-07-31 00:00:00'), 'volume': np.int64(16710400)}, {'date': Timestamp('2025-06-30 00:00:00'), 'volume': np.int64(8264000)}]"
SR,monthly,2025-07-31,11630500,304,2,2,False,0.823736472321378,"[{'date': Timestamp('2025-07-31 00:00:00'), 'volume': np.int64(11630500)}, {'date': Timestamp('2025-06-30 00:00:00'), 'volume': np.int64(9219900)}]"
LUV,monthly,2025-07-31,289881600,304,2,2,False,0.5060846620426552,"[{'date': Timestamp('2025-07-31 00:00:00'), 'volume': np.int64(289881600)}, {'date': Timestamp('2025-06-30 00:00:00'), 'volume': np.int64(224127000)}]"
XHR,monthly,2025-07-31,26131600,304,2,2,False,0.8322775235128688,"[{'date': Timestamp('2025-07-31 00:00:00'), 'volume': np.int64(26131600)}, {'date': Timestamp('2025-06-30 00:00:00'), 'volume': np.int64(19774800)}]"
CNX,monthly,2025-07-31,54783200,304,2,2,False,0.31440761329319006,"[{'date': Timestamp('2025-07-31 00:00:00'), 'volume': np.int64(54783200)}, {'date': Timestamp('2025-06-30 00:00:00'), 'volume': np.int64(38948800)}]"
SCD,monthly,2025-07-31,2781800,304,2,2,True,1.0,"[{'date': Timestamp('2025-07-31 00:00:00'), 'volume': np.int64(2781800)}, {'date': Timestamp('2025-06-30 00:00:00'), 'volume': np.int64(2027800)}]"
EIC,monthly,2025-07-31,7324700,304,2,2,True,1.0,"[{'date': Timestamp('2025-07-31 00:00:00'), 'volume': np.int64(7324700)}, {'date': Timestamp('2025-06-30 00:00:00'), 'volume': np.int64(6902800)}]"
CX,monthly,2025-07-31,273721100,304,2,2,False,0.6524938384967434,"[{'date': Timestamp('2025-07-31 00:00:00'), 'volume': np.int64(273721100)}, {'date': Timestamp('2025-06-30 00:00:00'), 'volume': np.int64(242875700)}]"
FRMEP,monthly,2025-07-31,33600,304,2,2,False,0.16076555023923444,"[{'date': Timestamp('2025-07-31 00:00:00'), 'volume': np.int64(33600)}, {'date': Timestamp('2025-06-30 00:00:00'), 'volume': np.int64(7500)}]"
BSM,monthly,2025-07-31,12494100,304,2,2,False,0.6011952593818719,"[{'date': Timestamp('2025-07-31 00:00:00'), 'volume': np.int64(12494100)}, {'date': Timestamp('2025-06-30 00:00:00'), 'volume': np.int64(8858000)}]"
HCC,monthly,2025-07-31,27153100,304,2,2,False,0.8524128534833493,"[{'date': Timestamp('2025-07-31 00:00:00'), 'volume': np.int64(27153100)}, {'date': Timestamp('2025-06-30 00:00:00'), 'volume': np.int64(20442400)}]"
TBBB,monthly,2025-07-31,15353000,304,2,2,False,0.49403254507367206,"[{'date': Timestamp('2025-07-31 00:00:00'), 'volume': np.int64(15353000)}, {'date': Timestamp('2025-06-30 00:00:00'), 'volume': np.int64(10896000)}]"
ALLT,monthly,2025-07-31,16837500,304,2,2,False,0.74688272111499,"[{'date': Timestamp('2025-07-31 00:00:00'), 'volume': np.int64(16837500)}, {'date': Timestamp('2025-06-30 00:00:00'), 'volume': np.int64(14931000)}]"
KEY,monthly,2025-07-31,620787900,304,2,2,False,0.7888098383581762,"[{'date': Timestamp('2025-07-31 00:00:00'), 'volume': np.int64(620787900)}, {'date': Timestamp('2025-06-30 00:00:00'), 'volume': np.int64(263174700)}]"
ASML,monthly,2025-07-31,53458400,304,2,2,False,0.9043930184047627,"[{'date': Timestamp('2025-07-31 00:00:00'), 'volume': np.int64(53458400)}, {'date': Timestamp('2025-06-30 00:00:00'), 'volume': np.int64(28786000)}]"
TDY,monthly,2025-07-31,10040800,304,2,2,False,0.7283964946898033,"[{'date': Timestamp('2025-07-31 00:00:00'), 'volume': np.int64(10040800)}, {'date': Timestamp('2025-06-30 00:00:00'), 'volume': np.int64(7591000)}]"
CLST,monthly,2025-07-31,222600,304,2,2,False,0.10162991371045062,"[{'date': Timestamp('2025-07-31 00:00:00'), 'volume': np.int64(222600)}, {'date': Timestamp('2025-06-30 00:00:00'), 'volume': np.int64(173900)}]"
INDB,monthly,2025-07-31,11527000,304,2,2,True,1.0,"[{'date': Timestamp('2025-07-31 00:00:00'), 'volume': np.int64(11527000)}, {'date': Timestamp('2025-06-30 00:00:00'), 'volume': np.int64(6637800)}]"
VLGEA,monthly,2025-07-31,1681600,304,2,2,False,0.836533678240971,"[{'date': Timestamp('2025-07-31 00:00:00'), 'volume': np.int64(1681600)}, {'date': Timestamp('2025-06-30 00:00:00'), 'volume': np.int64(1173200)}]"
MXE,monthly,2025-07-31,445700,304,2,2,False,0.32764831287216056,"[{'date': Timestamp('2025-07-31 00:00:00'), 'volume': np.int64(445700)}, {'date': Timestamp('2025-06-30 00:00:00'), 'volume': np.int64(310400)}]"
FSS,monthly,2025-07-31,18023800,304,2,2,True,1.0,"[{'date': Timestamp('2025-07-31 00:00:00'), 'volume': np.int64(18023800)}, {'date': Timestamp('2025-06-30 00:00:00'), 'volume': np.int64(10155200)}]"
PLD,monthly,2025-07-31,99234500,304,2,2,False,0.6469369514437912,"[{'date': Timestamp('2025-07-31 00:00:00'), 'volume': np.int64(99234500)}, {'date': Timestamp('2025-06-30 00:00:00'), 'volume': np.int64(78884000)}]"
CRI,monthly,2025-07-31,39601800,304,2,2,False,0.9964321299529987,"[{'date': Timestamp('2025-07-31 00:00:00'), 'volume': np.int64(39601800)}, {'date': Timestamp('2025-06-30 00:00:00'), 'volume': np.int64(32193800)}]"
TLN,monthly,2025-07-31,29038500,304,2,2,False,0.9333116920683693,"[{'date': Timestamp('2025-07-31 00:00:00'), 'volume': np.int64(29038500)}, {'date': Timestamp('2025-06-30 00:00:00'), 'volume': np.int64(24582300)}]"
IVZ,monthly,2025-07-31,184986100,304,2,2,False,0.9043634660549777,"[{'date': Timestamp('2025-07-31 00:00:00'), 'volume': np.int64(184986100)}, {'date': Timestamp('2025-06-30 00:00:00'), 'volume': np.int64(101630600)}]"
BRSL,monthly,2025-07-31,70359400,304,2,2,False,0.5794321253217951,"[{'date': Timestamp('2025-07-31 00:00:00'), 'volume': np.int64(70359400)}, {'date': Timestamp('2025-06-30 00:00:00'), 'volume': np.int64(36004100)}]"
SPOT,monthly,2025-07-31,54343600,304,2,2,False,0.6188862834776053,"[{'date': Timestamp('2025-07-31 00:00:00'), 'volume': np.int64(54343600)}, {'date': Timestamp('2025-06-30 00:00:00'), 'volume': np.int64(32511200)}]"
HCSG,monthly,2025-07-31,20037600,304,2,2,False,0.6040151926207271,"[{'date': Timestamp('2025-07-31 00:00:00'), 'volume': np.int64(20037600)}, {'date': Timestamp('2025-06-30 00:00:00'), 'volume': np.int64(14928100)}]"
HELE,monthly,2025-07-31,29526000,304,2,2,True,1.0,"[{'date': Timestamp('2025-07-31 00:00:00'), 'volume': np.int64(29526000)}, {'date': Timestamp('2025-06-30 00:00:00'), 'volume': np.int64(11226700)}]"
RMNI,monthly,2025-07-31,10802100,304,2,2,False,0.4522412991873799,"[{'date': Timestamp('2025-07-31 00:00:00'), 'volume': np.int64(10802100)}, {'date': Timestamp('2025-06-30 00:00:00'), 'volume': np.int64(7323600)}]"
NTST,monthly,2025-07-31,34514800,304,2,2,True,1.0,"[{'date': Timestamp('2025-07-31 00:00:00'), 'volume': np.int64(34514800)}, {'date': Timestamp('2025-06-30 00:00:00'), 'volume': np.int64(19463700)}]"
CABO,monthly,2025-07-31,4846600,304,2,2,False,0.7702919626821787,"[{'date': Timestamp('2025-07-31 00:00:00'), 'volume': np.int64(4846600)}, {'date': Timestamp('2025-06-30 00:00:00'), 'volume': np.int64(4712200)}]"
RILYK,monthly,2025-04-30,741900,304,2,2,False,0.2798883313841627,"[{'date': Timestamp('2025-04-30 00:00:00'), 'volume': np.int64(741900)}, {'date': Timestamp('2025-03-31 00:00:00'), 'volume': np.int64(443600)}]"
KHC,monthly,2025-07-31,395661700,304,2,2,True,1.0,"[{'date': Timestamp('2025-07-31 00:00:00'), 'volume': np.int64(395661700)}, {'date': Timestamp('2025-06-30 00:00:00'), 'volume': np.int64(289437500)}]"
GLPG,monthly,2025-07-31,8111300,304,2,2,False,0.7391177569412172,"[{'date': Timestamp('2025-07-31 00:00:00'), 'volume': np.int64(8111300)}, {'date': Timestamp('2025-06-30 00:00:00'), 'volume': np.int64(4791100)}]"
WH,monthly,2025-07-31,31198900,304,2,2,False,0.7126241711454695,"[{'date': Timestamp('2025-07-31 00:00:00'), 'volume': np.int64(31198900)}, {'date': Timestamp('2025-06-30 00:00:00'), 'volume': np.int64(21740700)}]"
HRI,monthly,2025-07-31,14333200,304,2,2,True,1.0,"[{'date': Timestamp('2025-07-31 00:00:00'), 'volume': np.int64(14333200)}, {'date': Timestamp('2025-06-30 00:00:00'), 'volume': np.int64(9317800)}]"
HDL,monthly,2025-07-31,89600,304,2,2,False,0.05349573108842319,"[{'date': Timestamp('2025-07-31 00:00:00'), 'volume': np.int64(89600)}, {'date': Timestamp('2025-06-30 00:00:00'), 'volume': np.int64(47400)}]"
TCBS,monthly,2025-07-31,112700,304,2,2,False,0.1762038774233896,"[{'date': Timestamp('2025-07-31 00:00:00'), 'volume': np.int64(112700)}, {'date': Timestamp('2025-06-30 00:00:00'), 'volume': np.int64(74100)}]"
VFL,monthly,2025-07-31,1143500,304,2,2,False,0.7390292768047567,"[{'date': Timestamp('2025-07-31 00:00:00'), 'volume': np.int64(1143500)}, {'date': Timestamp('2025-06-30 00:00:00'), 'volume': np.int64(760100)}]"
UVV,monthly,2025-07-31,6816700,304,2,2,False,0.7910574200436337,"[{'date': Timestamp('2025-07-31 00:00:00'), 'volume': np.int64(6816700)}, {'date': Timestamp('2025-06-30 00:00:00'), 'volume': np.int64(6024700)}]"
FNF,monthly,2025-07-31,58630632,304,2,2,False,0.626101995176429,"[{'date': Timestamp('2025-07-31 00:00:00'), 'volume': np.int64(58630632)}, {'date': Timestamp('2025-06-30 00:00:00'), 'volume': np.int64(36108549)}]"
CHPG,monthly,2025-07-31,711800,304,2,2,True,1.0,"[{'date': Timestamp('2025-07-31 00:00:00'), 'volume': np.int64(711800)}, {'date': Timestamp('2025-06-30 00:00:00'), 'volume': np.int64(116000)}]"
TXT,monthly,2025-07-31,41596600,304,2,2,False,0.6422419782669784,"[{'date': Timestamp('2025-07-31 00:00:00'), 'volume': np.int64(41596600)}, {'date': Timestamp('2025-06-30 00:00:00'), 'volume': np.int64(30426600)}]"
AAP,monthly,2025-07-31,58301000,304,2,2,False,0.6370580007867477,"[{'date': Timestamp('2025-07-31 00:00:00'), 'volume': np.int64(58301000)}, {'date': Timestamp('2025-06-30 00:00:00'), 'volume': np.int64(55769900)}]"
PTC,monthly,2025-07-31,33309600,304,2,2,False,0.8707344999032796,"[{'date': Timestamp('2025-07-31 00:00:00'), 'volume': np.int64(33309600)}, {'date': Timestamp('2025-06-30 00:00:00'), 'volume': np.int64(17558300)}]"
ALB,monthly,2025-07-31,117258300,304,2,2,True,1.0,"[{'date': Timestamp('2025-07-31 00:00:00'), 'volume': np.int64(117258300)}, {'date': Timestamp('2025-06-30 00:00:00'), 'volume': np.int64(66494300)}]"
USB,monthly,2025-07-31,275615000,304,2,2,False,0.5444826619565026,"[{'date': Timestamp('2025-07-31 00:00:00'), 'volume': np.int64(275615000)}, {'date': Timestamp('2025-06-30 00:00:00'), 'volume': np.int64(215421500)}]"
LSBK,monthly,2025-07-31,1958899,304,2,2,True,1.0,"[{'date': Timestamp('2025-07-31 00:00:00'), 'volume': np.int64(1958899)}, {'date': Timestamp('2025-06-30 00:00:00'), 'volume': np.int64(77449)}]"
FDBC,monthly,2025-07-31,394200,304,2,2,False,0.4427720992923734,"[{'date': Timestamp('2025-07-31 00:00:00'), 'volume': np.int64(394200)}, {'date': Timestamp('2025-06-30 00:00:00'), 'volume': np.int64(154400)}]"
RARE,monthly,2025-07-31,66994800,304,2,2,True,1.0,"[{'date': Timestamp('2025-07-31 00:00:00'), 'volume': np.int64(66994800)}, {'date': Timestamp('2025-06-30 00:00:00'), 'volume': np.int64(22295600)}]"
ARGX,monthly,2025-07-31,9706000,304,2,2,False,0.6857231673543209,"[{'date': Timestamp('2025-07-31 00:00:00'), 'volume': np.int64(9706000)}, {'date': Timestamp('2025-06-30 00:00:00'), 'volume': np.int64(7271100)}]"
ECCX,monthly,2025-03-31,168700,334,1,1,True,1.0,"[{'date': Timestamp('2025-03-31 00:00:00'), 'volume': np.int64(168700)}]"
RCB,monthly,2025-03-31,1534700,334,1,1,False,0.865009581783339,"[{'date': Timestamp('2025-03-31 00:00:00'), 'volume': np.int64(1534700)}]"
AHH,monthly,2025-03-31,26992400,334,1,1,True,1.0,"[{'date': Timestamp('2025-03-31 00:00:00'), 'volume': np.int64(26992400)}]"
RCC,monthly,2025-03-31,2212300,334,1,1,False,0.5742355811659658,"[{'date': Timestamp('2025-03-31 00:00:00'), 'volume': np.int64(2212300)}]"
MGIC,monthly,2025-03-31,2738900,334,1,1,True,1.0,"[{'date': Timestamp('2025-03-31 00:00:00'), 'volume': np.int64(2738900)}]"
HASI,monthly,2025-06-30,35769300,335,1,1,False,0.5716922870376586,"[{'date': Timestamp('2025-06-30 00:00:00'), 'volume': np.int64(35769300)}]"
AMX,monthly,2025-06-30,53668600,335,1,1,False,0.4540183405522469,"[{'date': Timestamp('2025-06-30 00:00:00'), 'volume': np.int64(53668600)}]"
CSPI,monthly,2025-06-30,1560400,335,1,1,False,0.2804558035874762,"[{'date': Timestamp('2025-06-30 00:00:00'), 'volume': np.int64(1560400)}]"
USLM,monthly,2025-06-30,4196700,335,1,1,True,1.0,"[{'date': Timestamp('2025-06-30 00:00:00'), 'volume': np.int64(4196700)}]"
FIVE,monthly,2025-06-30,34808500,335,1,1,False,0.4669116907331272,"[{'date': Timestamp('2025-06-30 00:00:00'), 'volume': np.int64(34808500)}]"
ACT,monthly,2025-06-30,10359300,335,1,1,False,0.6241519756106378,"[{'date': Timestamp('2025-06-30 00:00:00'), 'volume': np.int64(10359300)}]"
AEG,monthly,2025-06-30,193302200,335,1,1,False,0.6442706559220565,"[{'date': Timestamp('2025-06-30 00:00:00'), 'volume': np.int64(193302200)}]"
EFSI,monthly,2025-06-30,1121900,335,1,1,True,1.0,"[{'date': Timestamp('2025-06-30 00:00:00'), 'volume': np.int64(1121900)}]"
AUB,monthly,2025-06-30,38578500,335,1,1,False,0.7576087853044103,"[{'date': Timestamp('2025-06-30 00:00:00'), 'volume': np.int64(38578500)}]"
SPH,monthly,2025-06-30,4294400,335,1,1,False,0.14502130878489272,"[{'date': Timestamp('2025-06-30 00:00:00'), 'volume': np.int64(4294400)}]"
CKX,monthly,2025-06-30,356100,335,1,1,False,0.1798575685640689,"[{'date': Timestamp('2025-06-30 00:00:00'), 'volume': np.int64(356100)}]"
RBKB,monthly,2025-06-30,944600,335,1,1,True,1.0,"[{'date': Timestamp('2025-06-30 00:00:00'), 'volume': np.int64(944600)}]"
OHI,monthly,2025-06-30,56634500,335,1,1,False,0.6105941472576119,"[{'date': Timestamp('2025-06-30 00:00:00'), 'volume': np.int64(56634500)}]"
ESRT,monthly,2025-06-30,47120600,335,1,1,False,0.5475675851554366,"[{'date': Timestamp('2025-06-30 00:00:00'), 'volume': np.int64(47120600)}]"
VIPS,monthly,2025-06-30,62152900,335,1,1,False,0.11899653174321306,"[{'date': Timestamp('2025-06-30 00:00:00'), 'volume': np.int64(62152900)}]"
TXG,monthly,2025-06-30,95877400,335,1,1,True,1.0,"[{'date': Timestamp('2025-06-30 00:00:00'), 'volume': np.int64(95877400)}]"
UNB,monthly,2025-06-30,612200,335,1,1,False,0.6698030634573304,"[{'date': Timestamp('2025-06-30 00:00:00'), 'volume': np.int64(612200)}]"
VRTS,monthly,2025-06-30,2997600,335,1,1,True,1.0,"[{'date': Timestamp('2025-06-30 00:00:00'), 'volume': np.int64(2997600)}]"
RNGR,monthly,2025-06-30,5866400,335,1,1,False,0.9892415095612289,"[{'date': Timestamp('2025-06-30 00:00:00'), 'volume': np.int64(5866400)}]"
EXOZ,monthly,2025-06-30,212300,335,1,1,False,0.24671702498547357,"[{'date': Timestamp('2025-06-30 00:00:00'), 'volume': np.int64(212300)}]"
RDAGU,monthly,2025-06-30,4390200,335,1,1,False,0.290839952566761,"[{'date': Timestamp('2025-06-30 00:00:00'), 'volume': np.int64(4390200)}]"
MLI,monthly,2025-06-30,39330300,335,1,1,False,0.9590066200943638,"[{'date': Timestamp('2025-06-30 00:00:00'), 'volume': np.int64(39330300)}]"
DDT,monthly,2025-06-30,260300,335,1,1,False,0.21771495483439277,"[{'date': Timestamp('2025-06-30 00:00:00'), 'volume': np.int64(260300)}]"
WENNU,monthly,2025-06-30,8646900,335,1,1,False,0.6390247867922019,"[{'date': Timestamp('2025-06-30 00:00:00'), 'volume': np.int64(8646900)}]"
BRID,monthly,2025-06-30,114900,335,1,1,False,0.22450175849941384,"[{'date': Timestamp('2025-06-30 00:00:00'), 'volume': np.int64(114900)}]"
CENTA,monthly,2025-06-30,9190500,335,1,1,False,0.6451850681830148,"[{'date': Timestamp('2025-06-30 00:00:00'), 'volume': np.int64(9190500)}]"
CHSCM,monthly,2025-06-30,910400,335,1,1,False,0.5926697480632771,"[{'date': Timestamp('2025-06-30 00:00:00'), 'volume': np.int64(910400)}]"
BSAAU,monthly,2025-06-30,3690200,335,1,1,True,1.0,"[{'date': Timestamp('2025-06-30 00:00:00'), 'volume': np.int64(3690200)}]"
CHPGU,monthly,2025-06-30,968200,335,1,1,False,0.19583729444365783,"[{'date': Timestamp('2025-06-30 00:00:00'), 'volume': np.int64(968200)}]"
WSBK,monthly,2025-06-30,480000,335,1,1,False,0.3154988826081241,"[{'date': Timestamp('2025-06-30 00:00:00'), 'volume': np.int64(480000)}]"
SIM,monthly,2025-06-30,27700,335,1,1,False,0.1058868501529052,"[{'date': Timestamp('2025-06-30 00:00:00'), 'volume': np.int64(27700)}]"
STHO,monthly,2025-06-30,4012000,335,1,1,False,0.6701633648481609,"[{'date': Timestamp('2025-06-30 00:00:00'), 'volume': np.int64(4012000)}]"
RHP,monthly,2025-06-30,13865300,335,1,1,False,0.4252637713164029,"[{'date': Timestamp('2025-06-30 00:00:00'), 'volume': np.int64(13865300)}]"
CQP,monthly,2025-06-30,4619700,335,1,1,False,0.2525668361489257,"[{'date': Timestamp('2025-06-30 00:00:00'), 'volume': np.int64(4619700)}]"
MMYT,monthly,2025-06-30,40579900,335,1,1,True,1.0,"[{'date': Timestamp('2025-06-30 00:00:00'), 'volume': np.int64(40579900)}]"
SKY,monthly,2025-06-30,18617200,335,1,1,False,0.6480642174370114,"[{'date': Timestamp('2025-06-30 00:00:00'), 'volume': np.int64(18617200)}]"
WLFC,monthly,2025-06-30,4128800,335,1,1,True,1.0,"[{'date': Timestamp('2025-06-30 00:00:00'), 'volume': np.int64(4128800)}]"
FSLR,monthly,2025-06-30,100167400,335,1,1,False,0.7997199270916249,"[{'date': Timestamp('2025-06-30 00:00:00'), 'volume': np.int64(100167400)}]"
BIO,monthly,2025-06-30,8489200,335,1,1,False,0.8380422120871093,"[{'date': Timestamp('2025-06-30 00:00:00'), 'volume': np.int64(8489200)}]"
YB,monthly,2025-06-30,3193900,335,1,1,True,1.0,"[{'date': Timestamp('2025-06-30 00:00:00'), 'volume': np.int64(3193900)}]"
HNVR,monthly,2025-06-30,832500,335,1,1,False,0.9853237069475678,"[{'date': Timestamp('2025-06-30 00:00:00'), 'volume': np.int64(832500)}]"
FVR,monthly,2025-06-30,7094300,335,1,1,False,0.5898840902665757,"[{'date': Timestamp('2025-06-30 00:00:00'), 'volume': np.int64(7094300)}]"
HOFT,monthly,2025-06-30,3889700,335,1,1,False,0.9789595550298241,"[{'date': Timestamp('2025-06-30 00:00:00'), 'volume': np.int64(3889700)}]"
KKRT,monthly,2025-06-30,7461300,335,1,1,True,1.0,"[{'date': Timestamp('2025-06-30 00:00:00'), 'volume': np.int64(7461300)}]"
FIHL,monthly,2025-06-30,17038800,335,1,1,False,0.841846263302997,"[{'date': Timestamp('2025-06-30 00:00:00'), 'volume': np.int64(17038800)}]"
TTAN,monthly,2025-06-30,40813500,335,1,1,True,1.0,"[{'date': Timestamp('2025-06-30 00:00:00'), 'volume': np.int64(40813500)}]"
FUNC,monthly,2025-06-30,1316100,335,1,1,False,0.8490967741935483,"[{'date': Timestamp('2025-06-30 00:00:00'), 'volume': np.int64(1316100)}]"
TWIN,monthly,2025-06-30,3117400,335,1,1,False,0.9922337513527277,"[{'date': Timestamp('2025-06-30 00:00:00'), 'volume': np.int64(3117400)}]"
PCG,monthly,2025-06-30,731056000,335,1,1,False,0.8960395511712766,"[{'date': Timestamp('2025-06-30 00:00:00'), 'volume': np.int64(731056000)}]"
AKO-A,monthly,2025-06-30,32500,335,1,1,False,0.19276393831553973,"[{'date': Timestamp('2025-06-30 00:00:00'), 'volume': np.int64(32500)}]"
CLPR,monthly,2025-06-30,2160600,335,1,1,False,0.3708356933216621,"[{'date': Timestamp('2025-06-30 00:00:00'), 'volume': np.int64(2160600)}]"
ADT,monthly,2025-06-30,393965100,335,1,1,False,0.8929035080164454,"[{'date': Timestamp('2025-06-30 00:00:00'), 'volume': np.int64(393965100)}]"
PMTV,monthly,2025-06-30,840200,335,1,1,False,0.27766945371624974,"[{'date': Timestamp('2025-06-30 00:00:00'), 'volume': np.int64(840200)}]"
PENN,monthly,2025-06-30,103100700,335,1,1,False,0.2555502484967625,"[{'date': Timestamp('2025-06-30 00:00:00'), 'volume': np.int64(103100700)}]"
SJM,monthly,2025-06-30,57459500,335,1,1,True,1.0,"[{'date': Timestamp('2025-06-30 00:00:00'), 'volume': np.int64(57459500)}]"
MAYS,monthly,2025-06-30,36100,335,1,1,False,0.47127937336814624,"[{'date': Timestamp('2025-06-30 00:00:00'), 'volume': np.int64(36100)}]"
FCAP,monthly,2025-06-30,582600,335,1,1,False,0.9433290155440415,"[{'date': Timestamp('2025-06-30 00:00:00'), 'volume': np.int64(582600)}]"
OGS,monthly,2025-06-30,12697000,335,1,1,False,0.7416082098487813,"[{'date': Timestamp('2025-06-30 00:00:00'), 'volume': np.int64(12697000)}]"
KLAC,monthly,2025-06-30,25786500,335,1,1,False,0.495152454304033,"[{'date': Timestamp('2025-06-30 00:00:00'), 'volume': np.int64(25786500)}]"
PCB,monthly,2025-06-30,698500,335,1,1,False,0.20194865271192322,"[{'date': Timestamp('2025-06-30 00:00:00'), 'volume': np.int64(698500)}]"
VEL,monthly,2025-06-30,4414500,335,1,1,False,0.6597471305595409,"[{'date': Timestamp('2025-06-30 00:00:00'), 'volume': np.int64(4414500)}]"
CBFV,monthly,2025-06-30,871800,335,1,1,False,0.8676353503184714,"[{'date': Timestamp('2025-06-30 00:00:00'), 'volume': np.int64(871800)}]"
WVVI,monthly,2025-06-30,472000,335,1,1,False,0.017494570011638337,"[{'date': Timestamp('2025-06-30 00:00:00'), 'volume': np.int64(472000)}]"
AIRO,monthly,2025-06-30,51222000,335,1,1,True,1.0,"[{'date': Timestamp('2025-06-30 00:00:00'), 'volume': np.int64(51222000)}]"
RDWR,monthly,2025-06-30,9022700,335,1,1,False,0.6650524438154626,"[{'date': Timestamp('2025-06-30 00:00:00'), 'volume': np.int64(9022700)}]"
UNFI,monthly,2025-06-30,32383300,335,1,1,False,0.5176937956612793,"[{'date': Timestamp('2025-06-30 00:00:00'), 'volume': np.int64(32383300)}]"
BDL,monthly,2025-06-30,65300,335,1,1,False,0.036658620108909225,"[{'date': Timestamp('2025-06-30 00:00:00'), 'volume': np.int64(65300)}]"
CACC,monthly,2025-06-30,5120100,335,1,1,False,0.6435924831877318,"[{'date': Timestamp('2025-06-30 00:00:00'), 'volume': np.int64(5120100)}]"
NATH,monthly,2025-06-30,1726600,335,1,1,True,1.0,"[{'date': Timestamp('2025-06-30 00:00:00'), 'volume': np.int64(1726600)}]"
FCNCP,monthly,2025-06-30,1114100,335,1,1,False,0.20324357851722125,"[{'date': Timestamp('2025-06-30 00:00:00'), 'volume': np.int64(1114100)}]"
CHSCN,monthly,2025-06-30,890100,335,1,1,False,0.8342080599812559,"[{'date': Timestamp('2025-06-30 00:00:00'), 'volume': np.int64(890100)}]"
ECBK,monthly,2025-06-30,1324000,335,1,1,False,0.4978379394623049,"[{'date': Timestamp('2025-06-30 00:00:00'), 'volume': np.int64(1324000)}]"
WNEB,monthly,2025-06-30,4117000,335,1,1,False,0.7296928448627285,"[{'date': Timestamp('2025-06-30 00:00:00'), 'volume': np.int64(4117000)}]"
GOOG,monthly,2025-06-30,580774000,335,1,1,False,0.4067494862876985,"[{'date': Timestamp('2025-06-30 00:00:00'), 'volume': np.int64(580774000)}]"
BGC,monthly,2025-06-30,65906800,335,1,1,False,0.3269120022856678,"[{'date': Timestamp('2025-06-30 00:00:00'), 'volume': np.int64(65906800)}]"
NOEM,monthly,2025-06-30,609200,335,1,1,False,0.23019081806159078,"[{'date': Timestamp('2025-06-30 00:00:00'), 'volume': np.int64(609200)}]"
MCD,monthly,2025-06-30,81445500,335,1,1,False,0.45320844232916935,"[{'date': Timestamp('2025-06-30 00:00:00'), 'volume': np.int64(81445500)}]"
FCRX,monthly,2025-06-30,713600,335,1,1,False,0.5890218737102765,"[{'date': Timestamp('2025-06-30 00:00:00'), 'volume': np.int64(713600)}]"
AXINU,monthly,2025-06-30,11161900,335,1,1,True,1.0,"[{'date': Timestamp('2025-06-30 00:00:00'), 'volume': np.int64(11161900)}]"
DAAQU,monthly,2025-06-30,1014000,335,1,1,False,0.283493625587117,"[{'date': Timestamp('2025-06-30 00:00:00'), 'volume': np.int64(1014000)}]"
UFPI,monthly,2025-06-30,10657600,335,1,1,False,0.41367692552526675,"[{'date': Timestamp('2025-06-30 00:00:00'), 'volume': np.int64(10657600)}]"
COKE,monthly,2025-06-30,14710500,335,1,1,False,0.6581290264853257,"[{'date': Timestamp('2025-06-30 00:00:00'), 'volume': np.int64(14710500)}]"
ROST,monthly,2025-06-30,71376700,335,1,1,False,0.5748221415812608,"[{'date': Timestamp('2025-06-30 00:00:00'), 'volume': np.int64(71376700)}]"
HLIO,monthly,2025-06-30,10358000,335,1,1,True,1.0,"[{'date': Timestamp('2025-06-30 00:00:00'), 'volume': np.int64(10358000)}]"
NTWO,monthly,2025-06-30,1500100,335,1,1,False,0.44629894085445676,"[{'date': Timestamp('2025-06-30 00:00:00'), 'volume': np.int64(1500100)}]"
ALDF,monthly,2025-06-30,1270000,335,1,1,False,0.4541228634770793,"[{'date': Timestamp('2025-06-30 00:00:00'), 'volume': np.int64(1270000)}]"
GAIA,monthly,2025-06-30,3195800,335,1,1,False,0.6775499819789259,"[{'date': Timestamp('2025-06-30 00:00:00'), 'volume': np.int64(3195800)}]"
ASIC,monthly,2025-06-30,4805600,335,1,1,True,1.0,"[{'date': Timestamp('2025-06-30 00:00:00'), 'volume': np.int64(4805600)}]"
HFBL,monthly,2025-06-30,110300,335,1,1,False,0.35753646677471634,"[{'date': Timestamp('2025-06-30 00:00:00'), 'volume': np.int64(110300)}]"
BMRC,monthly,2025-06-30,2675500,335,1,1,False,0.767939150401837,"[{'date': Timestamp('2025-06-30 00:00:00'), 'volume': np.int64(2675500)}]"
NVGS,monthly,2025-06-30,13688100,335,1,1,True,1.0,"[{'date': Timestamp('2025-06-30 00:00:00'), 'volume': np.int64(13688100)}]"
PAGS,monthly,2025-06-30,142793200,335,1,1,False,0.9895695236880823,"[{'date': Timestamp('2025-06-30 00:00:00'), 'volume': np.int64(142793200)}]"
BVFL,monthly,2025-06-30,2116800,335,1,1,False,0.9883275749369689,"[{'date': Timestamp('2025-06-30 00:00:00'), 'volume': np.int64(2116800)}]"
SPKL,monthly,2025-06-30,2987900,335,1,1,True,1.0,"[{'date': Timestamp('2025-06-30 00:00:00'), 'volume': np.int64(2987900)}]"
AGM,monthly,2025-06-30,4441600,335,1,1,True,1.0,"[{'date': Timestamp('2025-06-30 00:00:00'), 'volume': np.int64(4441600)}]"
CVCO,monthly,2025-06-30,4665700,335,1,1,True,1.0,"[{'date': Timestamp('2025-06-30 00:00:00'), 'volume': np.int64(4665700)}]"
NUE,monthly,2025-06-30,58100700,335,1,1,False,0.6642934563881165,"[{'date': Timestamp('2025-06-30 00:00:00'), 'volume': np.int64(58100700)}]"
ATIIU,monthly,2025-06-30,187000,335,1,1,False,0.017338575084374884,"[{'date': Timestamp('2025-06-30 00:00:00'), 'volume': np.int64(187000)}]"
GXO,monthly,2025-06-30,32282200,335,1,1,False,0.7487029628341161,"[{'date': Timestamp('2025-06-30 00:00:00'), 'volume': np.int64(32282200)}]"
FDP,monthly,2025-06-30,8003600,335,1,1,False,0.7816320950037111,"[{'date': Timestamp('2025-06-30 00:00:00'), 'volume': np.int64(8003600)}]"
BUSEP,monthly,2025-06-30,2058500,335,1,1,False,0.5918631397354802,"[{'date': Timestamp('2025-06-30 00:00:00'), 'volume': np.int64(2058500)}]"
RPT,monthly,2025-06-30,1390068,335,1,1,True,1.0,"[{'date': Timestamp('2025-06-30 00:00:00'), 'volume': np.int64(1390068)}]"
RMBI,monthly,2025-06-30,2198000,335,1,1,False,0.7862073899202346,"[{'date': Timestamp('2025-06-30 00:00:00'), 'volume': np.int64(2198000)}]"
SOBO,monthly,2025-06-30,23725900,335,1,1,False,0.8784344651657022,"[{'date': Timestamp('2025-06-30 00:00:00'), 'volume': np.int64(23725900)}]"
SDRL,monthly,2025-06-30,28811800,335,1,1,False,0.9852916534151338,"[{'date': Timestamp('2025-06-30 00:00:00'), 'volume': np.int64(28811800)}]"
KMPB,monthly,2025-06-30,839500,335,1,1,False,0.4538819204152249,"[{'date': Timestamp('2025-06-30 00:00:00'), 'volume': np.int64(839500)}]"
ALCO,monthly,2025-06-30,1156500,335,1,1,False,0.44912621359223304,"[{'date': Timestamp('2025-06-30 00:00:00'), 'volume': np.int64(1156500)}]"
GILD,monthly,2025-06-30,183497200,335,1,1,False,0.31515921794665913,"[{'date': Timestamp('2025-06-30 00:00:00'), 'volume': np.int64(183497200)}]"
COPL,monthly,2025-06-30,4031100,335,1,1,True,1.0,"[{'date': Timestamp('2025-06-30 00:00:00'), 'volume': np.int64(4031100)}]"
PMTRU,monthly,2025-06-30,2965100,335,1,1,False,0.22338830584707647,"[{'date': Timestamp('2025-06-30 00:00:00'), 'volume': np.int64(2965100)}]"
KR,monthly,2025-06-30,179019500,335,1,1,False,0.4817756585546098,"[{'date': Timestamp('2025-06-30 00:00:00'), 'volume': np.int64(179019500)}]"
ANTA,monthly,2025-06-30,2365800,335,1,1,False,0.24931238342132717,"[{'date': Timestamp('2025-06-30 00:00:00'), 'volume': np.int64(2365800)}]"
SZZLU,monthly,2025-06-30,209200,335,1,1,False,0.017975906099090895,"[{'date': Timestamp('2025-06-30 00:00:00'), 'volume': np.int64(209200)}]"
USPH,monthly,2025-06-30,4637300,335,1,1,True,1.0,"[{'date': Timestamp('2025-06-30 00:00:00'), 'volume': np.int64(4637300)}]"
CC,monthly,2025-06-30,99934800,335,1,1,True,1.0,"[{'date': Timestamp('2025-06-30 00:00:00'), 'volume': np.int64(99934800)}]"
MQ,monthly,2025-06-30,141811500,335,1,1,False,0.47185079278146796,"[{'date': Timestamp('2025-06-30 00:00:00'), 'volume': np.int64(141811500)}]"
KARO,monthly,2025-06-30,2388000,335,1,1,True,1.0,"[{'date': Timestamp('2025-06-30 00:00:00'), 'volume': np.int64(2388000)}]"
OFLX,monthly,2025-06-30,1288400,335,1,1,True,1.0,"[{'date': Timestamp('2025-06-30 00:00:00'), 'volume': np.int64(1288400)}]"
GCO,monthly,2025-06-30,6964400,335,1,1,False,0.4623330412384822,"[{'date': Timestamp('2025-06-30 00:00:00'), 'volume': np.int64(6964400)}]"
COFS,monthly,2025-06-30,3487200,335,1,1,True,1.0,"[{'date': Timestamp('2025-06-30 00:00:00'), 'volume': np.int64(3487200)}]"
CCAP,monthly,2025-06-30,6175300,335,1,1,True,1.0,"[{'date': Timestamp('2025-06-30 00:00:00'), 'volume': np.int64(6175300)}]"
CZWI,monthly,2025-06-30,1711900,335,1,1,True,1.0,"[{'date': Timestamp('2025-06-30 00:00:00'), 'volume': np.int64(1711900)}]"
MTR,monthly,2025-06-30,3431900,335,1,1,False,0.9303063160748171,"[{'date': Timestamp('2025-06-30 00:00:00'), 'volume': np.int64(3431900)}]"
CIA,monthly,2025-06-30,9833800,335,1,1,False,0.8830956571715938,"[{'date': Timestamp('2025-06-30 00:00:00'), 'volume': np.int64(9833800)}]"
GENK,monthly,2025-06-30,1689000,335,1,1,False,0.35642686812838964,"[{'date': Timestamp('2025-06-30 00:00:00'), 'volume': np.int64(1689000)}]"
OSUR,monthly,2025-06-30,16276500,335,1,1,False,0.2764299580001053,"[{'date': Timestamp('2025-06-30 00:00:00'), 'volume': np.int64(16276500)}]"
VTOL,monthly,2025-06-30,4988700,335,1,1,False,0.4667658451692584,"[{'date': Timestamp('2025-06-30 00:00:00'), 'volume': np.int64(4988700)}]"
BRBS,monthly,2025-06-30,21485500,335,1,1,True,1.0,"[{'date': Timestamp('2025-06-30 00:00:00'), 'volume': np.int64(21485500)}]"
NU,monthly,2025-06-30,1442042700,335,1,1,True,1.0,"[{'date': Timestamp('2025-06-30 00:00:00'), 'volume': np.int64(1442042700)}]"
JBL,monthly,2025-06-30,38911800,335,1,1,False,0.617286065780519,"[{'date': Timestamp('2025-06-30 00:00:00'), 'volume': np.int64(38911800)}]"
SDHI,monthly,2025-06-30,2754100,335,1,1,True,1.0,"[{'date': Timestamp('2025-06-30 00:00:00'), 'volume': np.int64(2754100)}]"
BLUWU,monthly,2025-06-30,15423200,335,1,1,True,1.0,"[{'date': Timestamp('2025-06-30 00:00:00'), 'volume': np.int64(15423200)}]"
UTMD,monthly,2025-06-30,420700,335,1,1,False,0.5450187848166861,"[{'date': Timestamp('2025-06-30 00:00:00'), 'volume': np.int64(420700)}]"
VTRS,monthly,2025-06-30,257130100,335,1,1,False,0.6234028233375083,"[{'date': Timestamp('2025-06-30 00:00:00'), 'volume': np.int64(257130100)}]"
CBNA,monthly,2025-06-30,627100,335,1,1,False,0.6369083891935812,"[{'date': Timestamp('2025-06-30 00:00:00'), 'volume': np.int64(627100)}]"
PRS,monthly,2025-06-30,836400,335,1,1,False,0.35173892930737205,"[{'date': Timestamp('2025-06-30 00:00:00'), 'volume': np.int64(836400)}]"
RTX,monthly,2025-06-30,132151900,335,1,1,False,0.31592964006924945,"[{'date': Timestamp('2025-06-30 00:00:00'), 'volume': np.int64(132151900)}]"
SEDG,monthly,2025-06-30,129889700,335,1,1,False,0.9335985567247427,"[{'date': Timestamp('2025-06-30 00:00:00'), 'volume': np.int64(129889700)}]"
BACCU,monthly,2025-06-30,10981400,335,1,1,True,1.0,"[{'date': Timestamp('2025-06-30 00:00:00'), 'volume': np.int64(10981400)}]"
RAC,monthly,2025-06-30,3683700,335,1,1,True,1.0,"[{'date': Timestamp('2025-06-30 00:00:00'), 'volume': np.int64(3683700)}]"
AACBU,monthly,2025-06-30,109100,335,1,1,False,0.01011796564899655,"[{'date': Timestamp('2025-06-30 00:00:00'), 'volume': np.int64(109100)}]"
PEP,monthly,2025-06-30,223944700,335,1,1,True,1.0,"[{'date': Timestamp('2025-06-30 00:00:00'), 'volume': np.int64(223944700)}]"
HLNE,monthly,2025-06-30,19520800,335,1,1,True,1.0,"[{'date': Timestamp('2025-06-30 00:00:00'), 'volume': np.int64(19520800)}]"
RANGU,monthly,2025-06-30,11900,335,1,1,False,0.0025705830255114163,"[{'date': Timestamp('2025-06-30 00:00:00'), 'volume': np.int64(11900)}]"
FORL,monthly,2025-06-30,107200,335,1,1,False,0.0938375350140056,"[{'date': Timestamp('2025-06-30 00:00:00'), 'volume': np.int64(107200)}]"
HWM,monthly,2025-06-30,77503300,335,1,1,False,0.44432899134802734,"[{'date': Timestamp('2025-06-30 00:00:00'), 'volume': np.int64(77503300)}]"
AMTM,monthly,2025-06-30,52615100,335,1,1,False,0.5889561006624414,"[{'date': Timestamp('2025-06-30 00:00:00'), 'volume': np.int64(52615100)}]"
LPBB,monthly,2025-06-30,1652300,335,1,1,False,0.4195358521226894,"[{'date': Timestamp('2025-06-30 00:00:00'), 'volume': np.int64(1652300)}]"
BEAGU,monthly,2025-06-30,257500,335,1,1,False,0.019241546796189054,"[{'date': Timestamp('2025-06-30 00:00:00'), 'volume': np.int64(257500)}]"
JACS,monthly,2025-06-30,2315600,335,1,1,False,0.41000035412018837,"[{'date': Timestamp('2025-06-30 00:00:00'), 'volume': np.int64(2315600)}]"
VEON,monthly,2025-06-30,5837400,335,1,1,False,0.08585250594190409,"[{'date': Timestamp('2025-06-30 00:00:00'), 'volume': np.int64(5837400)}]"
VIK,monthly,2025-06-30,74785200,335,1,1,False,0.8687750635446532,"[{'date': Timestamp('2025-06-30 00:00:00'), 'volume': np.int64(74785200)}]"
WMB,monthly,2025-06-30,182292300,335,1,1,False,0.3471725760550502,"[{'date': Timestamp('2025-06-30 00:00:00'), 'volume': np.int64(182292300)}]"
HQY,monthly,2025-06-30,25734800,335,1,1,False,0.8037528538367121,"[{'date': Timestamp('2025-06-30 00:00:00'), 'volume': np.int64(25734800)}]"
ENS,monthly,2025-06-30,10707100,335,1,1,True,1.0,"[{'date': Timestamp('2025-06-30 00:00:00'), 'volume': np.int64(10707100)}]"
UFPT,monthly,2025-06-30,5194200,335,1,1,True,1.0,"[{'date': Timestamp('2025-06-30 00:00:00'), 'volume': np.int64(5194200)}]"
PVH,monthly,2025-06-30,49834200,335,1,1,True,1.0,"[{'date': Timestamp('2025-06-30 00:00:00'), 'volume': np.int64(49834200)}]"
NBBK,monthly,2025-06-30,8862400,335,1,1,False,0.6612991083087714,"[{'date': Timestamp('2025-06-30 00:00:00'), 'volume': np.int64(8862400)}]"
PBT,monthly,2025-06-30,6382200,335,1,1,False,0.8407477177220692,"[{'date': Timestamp('2025-06-30 00:00:00'), 'volume': np.int64(6382200)}]"
APG,monthly,2025-06-30,123371550,335,1,1,False,0.9892710702588535,"[{'date': Timestamp('2025-06-30 00:00:00'), 'volume': np.int64(123371550)}]"
NTIC,monthly,2025-06-30,1642300,335,1,1,True,1.0,"[{'date': Timestamp('2025-06-30 00:00:00'), 'volume': np.int64(1642300)}]"
NTRS,monthly,2025-06-30,54559600,335,1,1,False,0.9897056075868311,"[{'date': Timestamp('2025-06-30 00:00:00'), 'volume': np.int64(54559600)}]"
FRHC,monthly,2025-06-30,4275100,335,1,1,False,0.19103774638824217,"[{'date': Timestamp('2025-06-30 00:00:00'), 'volume': np.int64(4275100)}]"
KBH,monthly,2025-06-30,35398400,335,1,1,False,0.41542444449138716,"[{'date': Timestamp('2025-06-30 00:00:00'), 'volume': np.int64(35398400)}]"
SFBC,monthly,2025-06-30,442900,335,1,1,True,1.0,"[{'date': Timestamp('2025-06-30 00:00:00'), 'volume': np.int64(442900)}]"
BY,monthly,2025-06-30,7065500,335,1,1,True,1.0,"[{'date': Timestamp('2025-06-30 00:00:00'), 'volume': np.int64(7065500)}]"
ONL,monthly,2025-06-30,21309000,335,1,1,False,0.5430455812720758,"[{'date': Timestamp('2025-06-30 00:00:00'), 'volume': np.int64(21309000)}]"
LBRDA,monthly,2025-06-30,4326260,335,1,1,False,0.4752116135353575,"[{'date': Timestamp('2025-06-30 00:00:00'), 'volume': np.int64(4326260)}]"
CFFI,monthly,2025-06-30,695800,335,1,1,False,0.867148554336989,"[{'date': Timestamp('2025-06-30 00:00:00'), 'volume': np.int64(695800)}]"
GSHRU,monthly,2025-06-30,39500,335,1,1,False,0.005488092922444216,"[{'date': Timestamp('2025-06-30 00:00:00'), 'volume': np.int64(39500)}]"
IPCXU,monthly,2025-06-30,3219300,335,1,1,False,0.56546406239022,"[{'date': Timestamp('2025-06-30 00:00:00'), 'volume': np.int64(3219300)}]"
NPACU,monthly,2025-06-30,3462600,335,1,1,False,0.3249467431188356,"[{'date': Timestamp('2025-06-30 00:00:00'), 'volume': np.int64(3462600)}]"
OXLCG,monthly,2025-06-30,851200,335,1,1,True,1.0,"[{'date': Timestamp('2025-06-30 00:00:00'), 'volume': np.int64(851200)}]"
ZGN,monthly,2025-06-30,37096000,335,1,1,True,1.0,"[{'date': Timestamp('2025-06-30 00:00:00'), 'volume': np.int64(37096000)}]"
SBXD,monthly,2025-06-30,5092300,335,1,1,True,1.0,"[{'date': Timestamp('2025-06-30 00:00:00'), 'volume': np.int64(5092300)}]"
BAYA,monthly,2025-06-30,457900,335,1,1,False,0.31789780616495417,"[{'date': Timestamp('2025-06-30 00:00:00'), 'volume': np.int64(457900)}]"
ENIC,monthly,2025-06-30,24871300,335,1,1,False,0.510859563070502,"[{'date': Timestamp('2025-06-30 00:00:00'), 'volume': np.int64(24871300)}]"
PRVA,monthly,2025-06-30,20959600,335,1,1,False,0.33417676311102823,"[{'date': Timestamp('2025-06-30 00:00:00'), 'volume': np.int64(20959600)}]"
EXLS,monthly,2025-06-30,61418600,335,1,1,False,0.8324559501219843,"[{'date': Timestamp('2025-06-30 00:00:00'), 'volume': np.int64(61418600)}]"
DGICA,monthly,2025-06-30,3540000,335,1,1,True,1.0,"[{'date': Timestamp('2025-06-30 00:00:00'), 'volume': np.int64(3540000)}]"
TVACU,monthly,2025-06-30,97100,335,1,1,False,0.009251848464059761,"[{'date': Timestamp('2025-06-30 00:00:00'), 'volume': np.int64(97100)}]"
CW,monthly,2025-06-30,7898500,335,1,1,False,0.768688018841299,"[{'date': Timestamp('2025-06-30 00:00:00'), 'volume': np.int64(7898500)}]"
QSEAU,monthly,2025-06-30,170000,335,1,1,False,0.08019246190858059,"[{'date': Timestamp('2025-06-30 00:00:00'), 'volume': np.int64(170000)}]"
RVSB,monthly,2025-06-30,5233000,335,1,1,False,0.9808625892673052,"[{'date': Timestamp('2025-06-30 00:00:00'), 'volume': np.int64(5233000)}]"
GE,monthly,2025-06-30,155562100,335,1,1,False,0.3036218172361667,"[{'date': Timestamp('2025-06-30 00:00:00'), 'volume': np.int64(155562100)}]"
BEPI,monthly,2025-06-30,494000,335,1,1,False,0.1267576721748948,"[{'date': Timestamp('2025-06-30 00:00:00'), 'volume': np.int64(494000)}]"
CMDB,monthly,2025-06-30,2582200,335,1,1,False,0.9228734810578985,"[{'date': Timestamp('2025-06-30 00:00:00'), 'volume': np.int64(2582200)}]"
TACOU,monthly,2025-06-30,6807900,335,1,1,False,0.8523192488262911,"[{'date': Timestamp('2025-06-30 00:00:00'), 'volume': np.int64(6807900)}]"
WSM,monthly,2025-06-30,34756000,335,1,1,False,0.3918305870469078,"[{'date': Timestamp('2025-06-30 00:00:00'), 'volume': np.int64(34756000)}]"
FGMCU,monthly,2025-06-30,463764,335,1,1,False,0.07980931012247498,"[{'date': Timestamp('2025-06-30 00:00:00'), 'volume': np.int64(463764)}]"
LEGT-U,monthly,2025-06-30,35830,335,1,1,False,0.0026659950214421744,"[{'date': Timestamp('2025-06-30 00:00:00'), 'volume': np.int64(35830)}]"
DUKB,monthly,2025-06-30,1193200,335,1,1,False,0.4203036387333122,"[{'date': Timestamp('2025-06-30 00:00:00'), 'volume': np.int64(1193200)}]"
CNXN,monthly,2025-06-30,2161500,335,1,1,False,0.3253947942854562,"[{'date': Timestamp('2025-06-30 00:00:00'), 'volume': np.int64(2161500)}]"
TR,monthly,2025-06-30,6401100,335,1,1,False,0.3388115031721598,"[{'date': Timestamp('2025-06-30 00:00:00'), 'volume': np.int64(6401100)}]"
BRO,monthly,2025-06-30,96168900,335,1,1,True,1.0,"[{'date': Timestamp('2025-06-30 00:00:00'), 'volume': np.int64(96168900)}]"
BCAX,monthly,2025-06-30,21823600,335,1,1,False,0.978491972040012,"[{'date': Timestamp('2025-06-30 00:00:00'), 'volume': np.int64(21823600)}]"
KFIIU,monthly,2025-06-30,157400,335,1,1,False,0.009931664594940782,"[{'date': Timestamp('2025-06-30 00:00:00'), 'volume': np.int64(157400)}]"
DRDBU,monthly,2025-06-30,86200,335,1,1,False,0.004565726331846736,"[{'date': Timestamp('2025-06-30 00:00:00'), 'volume': np.int64(86200)}]"
TRP,monthly,2025-06-30,65419000,335,1,1,False,0.6869614982752194,"[{'date': Timestamp('2025-06-30 00:00:00'), 'volume': np.int64(65419000)}]"
FINW,monthly,2025-06-30,1497400,335,1,1,False,0.6859996334982591,"[{'date': Timestamp('2025-06-30 00:00:00'), 'volume': np.int64(1497400)}]"
MRK,monthly,2025-06-30,356886900,335,1,1,False,0.8489577584599165,"[{'date': Timestamp('2025-06-30 00:00:00'), 'volume': np.int64(356886900)}]"
JBGS,monthly,2025-06-30,38406900,335,1,1,False,0.5186456058758472,"[{'date': Timestamp('2025-06-30 00:00:00'), 'volume': np.int64(38406900)}]"
MHNC,monthly,2025-06-30,1025800,335,1,1,False,0.6535006689176276,"[{'date': Timestamp('2025-06-30 00:00:00'), 'volume': np.int64(1025800)}]"
UBER,monthly,2025-06-30,442350500,335,1,1,False,0.4036681516637068,"[{'date': Timestamp('2025-06-30 00:00:00'), 'volume': np.int64(442350500)}]"
RBCAA,monthly,2025-06-30,1848300,335,1,1,True,1.0,"[{'date': Timestamp('2025-06-30 00:00:00'), 'volume': np.int64(1848300)}]"
SRBK,monthly,2025-06-30,2482200,335,1,1,True,1.0,"[{'date': Timestamp('2025-06-30 00:00:00'), 'volume': np.int64(2482200)}]"
HLN,monthly,2025-06-30,291640100,335,1,1,False,0.7229137349844369,"[{'date': Timestamp('2025-06-30 00:00:00'), 'volume': np.int64(291640100)}]"
ASX,monthly,2025-06-30,255461300,335,1,1,False,0.7977489142881768,"[{'date': Timestamp('2025-06-30 00:00:00'), 'volume': np.int64(255461300)}]"
SBI,monthly,2025-06-30,1499400,335,1,1,False,0.8546998802941345,"[{'date': Timestamp('2025-06-30 00:00:00'), 'volume': np.int64(1499400)}]"
CPHC,monthly,2025-06-30,155900,335,1,1,False,0.36768867924528303,"[{'date': Timestamp('2025-06-30 00:00:00'), 'volume': np.int64(155900)}]"
BEPJ,monthly,2025-06-30,691400,335,1,1,False,0.2346433177221204,"[{'date': Timestamp('2025-06-30 00:00:00'), 'volume': np.int64(691400)}]"
HBANL,monthly,2025-06-30,606200,335,1,1,False,0.04211067424316101,"[{'date': Timestamp('2025-06-30 00:00:00'), 'volume': np.int64(606200)}]"
TIMB,monthly,2025-06-30,11420400,335,1,1,False,0.303702541491707,"[{'date': Timestamp('2025-06-30 00:00:00'), 'volume': np.int64(11420400)}]"
IGIC,monthly,2025-06-30,3170700,335,1,1,False,0.3785865243400079,"[{'date': Timestamp('2025-06-30 00:00:00'), 'volume': np.int64(3170700)}]"
HWBK,monthly,2025-06-30,1122900,335,1,1,False,0.8658025347219277,"[{'date': Timestamp('2025-06-30 00:00:00'), 'volume': np.int64(1122900)}]"
STLD,monthly,2025-06-30,31363300,335,1,1,False,0.3853397107553264,"[{'date': Timestamp('2025-06-30 00:00:00'), 'volume': np.int64(31363300)}]"
TRNO,monthly,2025-06-30,20296600,335,1,1,False,0.43534196155479576,"[{'date': Timestamp('2025-06-30 00:00:00'), 'volume': np.int64(20296600)}]"
GSHR,monthly,2025-06-30,584700,335,1,1,False,0.7990979909799097,"[{'date': Timestamp('2025-06-30 00:00:00'), 'volume': np.int64(584700)}]"
CMSC,monthly,2025-06-30,2146000,335,1,1,True,1.0,"[{'date': Timestamp('2025-06-30 00:00:00'), 'volume': np.int64(2146000)}]"
IIIV,monthly,2025-06-30,8581200,335,1,1,True,1.0,"[{'date': Timestamp('2025-06-30 00:00:00'), 'volume': np.int64(8581200)}]"
ASR,monthly,2025-06-30,2237900,335,1,1,False,0.9291289545794237,"[{'date': Timestamp('2025-06-30 00:00:00'), 'volume': np.int64(2237900)}]"
FRD,monthly,2025-06-30,1229200,335,1,1,False,0.47295113505194303,"[{'date': Timestamp('2025-06-30 00:00:00'), 'volume': np.int64(1229200)}]"
RAAQU,monthly,2025-06-30,364700,335,1,1,False,0.1922103931696005,"[{'date': Timestamp('2025-06-30 00:00:00'), 'volume': np.int64(364700)}]"
OYSEU,monthly,2025-06-30,2534300,335,1,1,False,0.13402683392476558,"[{'date': Timestamp('2025-06-30 00:00:00'), 'volume': np.int64(2534300)}]"
AACB,monthly,2025-06-30,2348200,335,1,1,False,0.5318565830898507,"[{'date': Timestamp('2025-06-30 00:00:00'), 'volume': np.int64(2348200)}]"
TACHU,monthly,2025-06-30,421600,335,1,1,False,0.04634240175872492,"[{'date': Timestamp('2025-06-30 00:00:00'), 'volume': np.int64(421600)}]"
SDHIU,monthly,2025-06-30,799300,335,1,1,False,0.07655250354365399,"[{'date': Timestamp('2025-06-30 00:00:00'), 'volume': np.int64(799300)}]"
LCCCU,monthly,2025-06-30,465600,335,1,1,False,0.12769808836839364,"[{'date': Timestamp('2025-06-30 00:00:00'), 'volume': np.int64(465600)}]"
ZLAB,monthly,2025-06-30,20411100,335,1,1,False,0.5899247098946516,"[{'date': Timestamp('2025-06-30 00:00:00'), 'volume': np.int64(20411100)}]"
NRIM,monthly,2025-06-30,5560800,335,1,1,False,0.8601658210617498,"[{'date': Timestamp('2025-06-30 00:00:00'), 'volume': np.int64(5560800)}]"
AIT,monthly,2025-06-30,13562900,335,1,1,False,0.9558203780180129,"[{'date': Timestamp('2025-06-30 00:00:00'), 'volume': np.int64(13562900)}]"
FVNNU,monthly,2025-06-30,57203,335,1,1,False,0.01565186174877398,"[{'date': Timestamp('2025-06-30 00:00:00'), 'volume': np.int64(57203)}]"
OBAWU,monthly,2025-06-30,13130800,335,1,1,True,1.0,"[{'date': Timestamp('2025-06-30 00:00:00'), 'volume': np.int64(13130800)}]"
PMTW,monthly,2025-06-30,1651800,335,1,1,True,1.0,"[{'date': Timestamp('2025-06-30 00:00:00'), 'volume': np.int64(1651800)}]"
SMG,monthly,2025-06-30,21215400,335,1,1,False,0.5915992537875302,"[{'date': Timestamp('2025-06-30 00:00:00'), 'volume': np.int64(21215400)}]"
LARK,monthly,2025-06-30,922635,335,1,1,False,0.8773155125673104,"[{'date': Timestamp('2025-06-30 00:00:00'), 'volume': np.int64(922635)}]"
AQN,monthly,2025-06-30,270772700,335,1,1,False,0.9700191587352083,"[{'date': Timestamp('2025-06-30 00:00:00'), 'volume': np.int64(270772700)}]"
VOD,monthly,2025-06-30,310642900,335,1,1,False,0.8367052801579016,"[{'date': Timestamp('2025-06-30 00:00:00'), 'volume': np.int64(310642900)}]"
CHSCO,monthly,2025-06-30,951000,335,1,1,False,0.953765921171397,"[{'date': Timestamp('2025-06-30 00:00:00'), 'volume': np.int64(951000)}]"
WTFCN,monthly,2025-06-30,1912100,335,1,1,False,0.1881469673711969,"[{'date': Timestamp('2025-06-30 00:00:00'), 'volume': np.int64(1912100)}]"
FIGXU,monthly,2025-06-30,10753000,335,1,1,True,1.0,"[{'date': Timestamp('2025-06-30 00:00:00'), 'volume': np.int64(10753000)}]"
RTAC,monthly,2025-06-30,12562300,335,1,1,True,1.0,"[{'date': Timestamp('2025-06-30 00:00:00'), 'volume': np.int64(12562300)}]"
CRAQU,monthly,2025-06-30,1945900,335,1,1,False,0.124873259321055,"[{'date': Timestamp('2025-06-30 00:00:00'), 'volume': np.int64(1945900)}]"
MYE,monthly,2025-06-30,6485000,335,1,1,False,0.38984069732491733,"[{'date': Timestamp('2025-06-30 00:00:00'), 'volume': np.int64(6485000)}]"
MACI,monthly,2025-06-30,2091600,335,1,1,False,0.9014740108611327,"[{'date': Timestamp('2025-06-30 00:00:00'), 'volume': np.int64(2091600)}]"
AU,monthly,2025-06-30,98952500,335,1,1,False,0.7907331137396296,"[{'date': Timestamp('2025-06-30 00:00:00'), 'volume': np.int64(98952500)}]"
REYN,monthly,2025-06-30,34767300,335,1,1,True,1.0,"[{'date': Timestamp('2025-06-30 00:00:00'), 'volume': np.int64(34767300)}]"
GBFH,monthly,2025-06-30,3754100,335,1,1,True,1.0,"[{'date': Timestamp('2025-06-30 00:00:00'), 'volume': np.int64(3754100)}]"
SBFG,monthly,2025-06-30,1328800,335,1,1,False,0.8982991265785133,"[{'date': Timestamp('2025-06-30 00:00:00'), 'volume': np.int64(1328800)}]"
FCNCO,monthly,2025-06-30,519500,335,1,1,False,0.2620560936238902,"[{'date': Timestamp('2025-06-30 00:00:00'), 'volume': np.int64(519500)}]"
NEU,monthly,2025-06-30,4370500,335,1,1,True,1.0,"[{'date': Timestamp('2025-06-30 00:00:00'), 'volume': np.int64(4370500)}]"
SHO,monthly,2025-06-30,56474200,335,1,1,False,0.38929977437871427,"[{'date': Timestamp('2025-06-30 00:00:00'), 'volume': np.int64(56474200)}]"
OXSQG,monthly,2025-06-30,212200,335,1,1,False,0.3368788696618511,"[{'date': Timestamp('2025-06-30 00:00:00'), 'volume': np.int64(212200)}]"
VIV,monthly,2025-06-30,71588200,335,1,1,True,1.0,"[{'date': Timestamp('2025-06-30 00:00:00'), 'volume': np.int64(71588200)}]"
STRW,monthly,2025-06-30,1180300,335,1,1,False,0.22026275519725302,"[{'date': Timestamp('2025-06-30 00:00:00'), 'volume': np.int64(1180300)}]"
MDV,monthly,2025-06-30,2193700,335,1,1,True,1.0,"[{'date': Timestamp('2025-06-30 00:00:00'), 'volume': np.int64(2193700)}]"
FLS,monthly,2025-06-30,73491500,335,1,1,True,1.0,"[{'date': Timestamp('2025-06-30 00:00:00'), 'volume': np.int64(73491500)}]"
BTI,monthly,2025-06-30,138569700,335,1,1,False,0.939297663850417,"[{'date': Timestamp('2025-06-30 00:00:00'), 'volume': np.int64(138569700)}]"
MNSB,monthly,2025-06-30,1330900,335,1,1,False,0.9330482333146383,"[{'date': Timestamp('2025-06-30 00:00:00'), 'volume': np.int64(1330900)}]"
GEOS,monthly,2025-06-30,9426000,335,1,1,True,1.0,"[{'date': Timestamp('2025-06-30 00:00:00'), 'volume': np.int64(9426000)}]"
SRI,monthly,2025-06-30,9168500,335,1,1,False,0.9839241063284075,"[{'date': Timestamp('2025-06-30 00:00:00'), 'volume': np.int64(9168500)}]"
RTACU,monthly,2025-06-30,11215500,335,1,1,True,1.0,"[{'date': Timestamp('2025-06-30 00:00:00'), 'volume': np.int64(11215500)}]"
WINA,monthly,2025-06-30,7593300,335,1,1,True,1.0,"[{'date': Timestamp('2025-06-30 00:00:00'), 'volume': np.int64(7593300)}]"
LWACU,monthly,2025-06-30,10178300,335,1,1,True,1.0,"[{'date': Timestamp('2025-06-30 00:00:00'), 'volume': np.int64(10178300)}]"
GTENU,monthly,2025-06-30,2410300,335,1,1,False,0.18134145882706992,"[{'date': Timestamp('2025-06-30 00:00:00'), 'volume': np.int64(2410300)}]"
CGCTU,monthly,2025-06-30,2258200,335,1,1,False,0.1294216088581188,"[{'date': Timestamp('2025-06-30 00:00:00'), 'volume': np.int64(2258200)}]"
EGHAU,monthly,2025-06-30,1156900,335,1,1,False,0.12199339892231607,"[{'date': Timestamp('2025-06-30 00:00:00'), 'volume': np.int64(1156900)}]"
WTGUU,monthly,2025-06-30,1854600,335,1,1,False,0.7382374014807738,"[{'date': Timestamp('2025-06-30 00:00:00'), 'volume': np.int64(1854600)}]"
NPCT,monthly,2025-06-30,4234000,335,1,1,False,0.7791825392443733,"[{'date': Timestamp('2025-06-30 00:00:00'), 'volume': np.int64(4234000)}]"
TK,monthly,2025-06-30,19624900,335,1,1,False,0.3648008595402649,"[{'date': Timestamp('2025-06-30 00:00:00'), 'volume': np.int64(19624900)}]"
CRS,monthly,2025-06-30,24521100,335,1,1,True,1.0,"[{'date': Timestamp('2025-06-30 00:00:00'), 'volume': np.int64(24521100)}]"
EIX,monthly,2025-06-30,92943200,335,1,1,False,0.6307746914271481,"[{'date': Timestamp('2025-06-30 00:00:00'), 'volume': np.int64(92943200)}]"
SSB,monthly,2025-06-30,32083300,335,1,1,False,0.8638801678038482,"[{'date': Timestamp('2025-06-30 00:00:00'), 'volume': np.int64(32083300)}]"
OVBC,monthly,2025-06-30,627900,335,1,1,False,0.6403222516826432,"[{'date': Timestamp('2025-06-30 00:00:00'), 'volume': np.int64(627900)}]"
PACHU,monthly,2025-06-30,14088100,335,1,1,True,1.0,"[{'date': Timestamp('2025-06-30 00:00:00'), 'volume': np.int64(14088100)}]"
UYSC,monthly,2025-06-30,836900,335,1,1,True,1.0,"[{'date': Timestamp('2025-06-30 00:00:00'), 'volume': np.int64(836900)}]"
KCHVU,monthly,2025-06-30,7776100,335,1,1,False,0.4667667096851646,"[{'date': Timestamp('2025-06-30 00:00:00'), 'volume': np.int64(7776100)}]"
EBMT,monthly,2025-06-30,1940300,335,1,1,True,1.0,"[{'date': Timestamp('2025-06-30 00:00:00'), 'volume': np.int64(1940300)}]"
GHC,monthly,2025-06-30,1266700,335,1,1,True,1.0,"[{'date': Timestamp('2025-06-30 00:00:00'), 'volume': np.int64(1266700)}]"
ITIC,monthly,2025-06-30,1386000,335,1,1,False,0.9736564805057956,"[{'date': Timestamp('2025-06-30 00:00:00'), 'volume': np.int64(1386000)}]"
ENOV,monthly,2025-06-30,35392200,335,1,1,True,1.0,"[{'date': Timestamp('2025-06-30 00:00:00'), 'volume': np.int64(35392200)}]"
AOMD,monthly,2025-06-30,285900,335,1,1,True,1.0,"[{'date': Timestamp('2025-06-30 00:00:00'), 'volume': np.int64(285900)}]"
SPB,monthly,2025-06-30,17043700,335,1,1,False,0.6964571755475646,"[{'date': Timestamp('2025-06-30 00:00:00'), 'volume': np.int64(17043700)}]"
SAT,monthly,2025-06-30,636800,335,1,1,False,0.638268016437807,"[{'date': Timestamp('2025-06-30 00:00:00'), 'volume': np.int64(636800)}]"
ACU,monthly,2025-06-30,707500,335,1,1,False,0.7931614349775785,"[{'date': Timestamp('2025-06-30 00:00:00'), 'volume': np.int64(707500)}]"
UMBFO,monthly,2025-06-30,8261900,335,1,1,True,1.0,"[{'date': Timestamp('2025-06-30 00:00:00'), 'volume': np.int64(8261900)}]"
STRD,monthly,2025-06-30,8005400,335,1,1,True,1.0,"[{'date': Timestamp('2025-06-30 00:00:00'), 'volume': np.int64(8005400)}]"
EHLD,monthly,2025-06-30,1044900,335,1,1,False,0.3289055368440933,"[{'date': Timestamp('2025-06-30 00:00:00'), 'volume': np.int64(1044900)}]"
CME,monthly,2025-06-30,54577700,335,1,1,False,0.6979870320872712,"[{'date': Timestamp('2025-06-30 00:00:00'), 'volume': np.int64(54577700)}]"
HCM,monthly,2025-06-30,1802600,335,1,1,False,0.08578458199884834,"[{'date': Timestamp('2025-06-30 00:00:00'), 'volume': np.int64(1802600)}]"
CBNK,monthly,2025-06-30,1600600,335,1,1,False,0.783992946708464,"[{'date': Timestamp('2025-06-30 00:00:00'), 'volume': np.int64(1600600)}]"
PCAPU,monthly,2025-06-30,10031900,335,1,1,False,0.6869846878680801,"[{'date': Timestamp('2025-06-30 00:00:00'), 'volume': np.int64(10031900)}]"
MBAVU,monthly,2025-06-30,58000,335,1,1,False,0.002547759509073099,"[{'date': Timestamp('2025-06-30 00:00:00'), 'volume': np.int64(58000)}]"
WDFC,monthly,2025-06-30,5829000,335,1,1,True,1.0,"[{'date': Timestamp('2025-06-30 00:00:00'), 'volume': np.int64(5829000)}]"
NHIC,monthly,2025-06-30,2625100,335,1,1,False,0.9461865628604383,"[{'date': Timestamp('2025-06-30 00:00:00'), 'volume': np.int64(2625100)}]"
ZJK,monthly,2025-06-30,17898300,335,1,1,False,0.3820194741717501,"[{'date': Timestamp('2025-06-30 00:00:00'), 'volume': np.int64(17898300)}]"
WHG,monthly,2025-06-30,1682300,335,1,1,False,0.7637791700717335,"[{'date': Timestamp('2025-06-30 00:00:00'), 'volume': np.int64(1682300)}]"
VGM,monthly,2025-06-30,5897600,335,1,1,False,0.74070910940581,"[{'date': Timestamp('2025-06-30 00:00:00'), 'volume': np.int64(5897600)}]"
FBLA,monthly,2025-06-30,4451500,335,1,1,False,0.7766998761188562,"[{'date': Timestamp('2025-06-30 00:00:00'), 'volume': np.int64(4451500)}]"
MOV,monthly,2025-06-30,3898800,335,1,1,False,0.3514585511845094,"[{'date': Timestamp('2025-06-30 00:00:00'), 'volume': np.int64(3898800)}]"
SAMG,monthly,2025-06-30,1467200,335,1,1,False,0.4371741008909151,"[{'date': Timestamp('2025-06-30 00:00:00'), 'volume': np.int64(1467200)}]"
SNFCA,monthly,2025-06-30,3021900,335,1,1,False,0.8631928337199072,"[{'date': Timestamp('2025-06-30 00:00:00'), 'volume': np.int64(3021900)}]"
GBAB,monthly,2025-06-30,2358300,335,1,1,False,0.5663136661623802,"[{'date': Timestamp('2025-06-30 00:00:00'), 'volume': np.int64(2358300)}]"
LSE,monthly,2025-06-30,27182400,335,1,1,True,1.0,"[{'date': Timestamp('2025-06-30 00:00:00'), 'volume': np.int64(27182400)}]"
ISRL,monthly,2025-04-30,395876,396,2,2,False,0.11087121943049796,"[{'date': Timestamp('2025-04-30 00:00:00'), 'volume': np.int64(395876)}, {'date': Timestamp('2025-03-31 00:00:00'), 'volume': np.int64(37825)}]"
ISRLU,monthly,2025-04-30,2500,396,2,2,False,0.0002053946493872256,"[{'date': Timestamp('2025-04-30 00:00:00'), 'volume': np.int64(2500)}, {'date': Timestamp('2025-03-31 00:00:00'), 'volume': np.int64(784)}]"
ABLLL,monthly,2025-03-31,836288,426,1,1,False,0.8219789897464931,"[{'date': Timestamp('2025-03-31 00:00:00'), 'volume': np.int64(836288)}]"
