ticker,market_cap,timeframe,hv1y_date,hv1y_volume,days_since_hv1y,hv1y_occ_1y,total_hv1y_count,is_hv1y_also_hve,hv1y_to_hve_ratio,all_hv1y_details
CXW,3042797773.0224643,weekly,2026-08-10,11451448.0,0,6,6,False,0.2840739739280354,"[{'date': Timestamp('2026-08-10 00:00:00'), 'volume': 11451448.0}, {'date': Timestamp('2026-03-16 00:00:00'), 'volume': 10604600.0}, {'date': Timestamp('2025-11-01 00:00:00'), 'volume': 7144700.0}, {'date': Timestamp('2025-09-13 00:00:00'), 'volume': 5681500.0}, {'date': Timestamp('2025-09-06 00:00:00'), 'volume': 5401400.0}, {'date': Timestamp('2025-08-23 00:00:00'), 'volume': 4978300.0}]"
BLBD,2494067739.915039,weekly,2026-08-10,3629666.0,0,3,3,False,0.394597538702383,"[{'date': Timestamp('2026-08-10 00:00:00'), 'volume': 3629666.0}, {'date': Timestamp('2026-05-04 00:00:00'), 'volume': 3507900.0}, {'date': Timestamp('2025-08-18 00:00:00'), 'volume': 3492900.0}]"
IEP,4838763714.364641,weekly,2026-08-10,11662526.0,0,8,8,False,0.2025296131063501,"[{'date': Timestamp('2026-08-10 00:00:00'), 'volume': 11662526.0}, {'date': Timestamp('2025-11-01 00:00:00'), 'volume': 7756800.0}, {'date': Timestamp('2025-10-25 00:00:00'), 'volume': 4076800.0}, {'date': Timestamp('2025-10-11 00:00:00'), 'volume': 3540400.0}, {'date': Timestamp('2025-10-04 00:00:00'), 'volume': 3349400.0}, {'date': Timestamp('2025-09-27 00:00:00'), 'volume': 3137000.0}, {'date': Timestamp('2025-09-06 00:00:00'), 'volume': 3003700.0}, {'date': Timestamp('2025-08-23 00:00:00'), 'volume': 2180900.0}]"
RHP,8338628342.997249,weekly,2026-08-10,10529273.0,0,6,6,False,0.6302991284151043,"[{'date': Timestamp('2026-08-10 00:00:00'), 'volume': 10529273.0}, {'date': Timestamp('2026-06-22 00:00:00'), 'volume': 5406200.0}, {'date': Timestamp('2025-11-01 00:00:00'), 'volume': 4560100.0}, {'date': Timestamp('2025-09-13 00:00:00'), 'volume': 4294100.0}, {'date': Timestamp('2025-09-06 00:00:00'), 'volume': 3206300.0}, {'date': Timestamp('2025-08-23 00:00:00'), 'volume': 2891200.0}]"
PLGO,2115189821.375684,weekly,2026-08-10,5048068.0,0,3,3,False,0.5678494454318432,"[{'date': Timestamp('2026-08-10 00:00:00'), 'volume': 5048068.0}, {'date': Timestamp('2025-12-01 00:00:00'), 'volume': 4042400.0}, {'date': Timestamp('2025-08-18 00:00:00'), 'volume': 3758900.0}]"
REZI,4688157327.050093,weekly,2026-08-10,22342288.0,0,3,3,False,0.670677753429592,"[{'date': Timestamp('2026-08-10 00:00:00'), 'volume': 22342288.0}, {'date': Timestamp('2025-09-15 00:00:00'), 'volume': 19824600.0}, {'date': Timestamp('2025-08-18 00:00:00'), 'volume': 9153200.0}]"
BIRK,8169107575.122192,weekly,2026-08-10,39881130.0,0,6,6,True,1.0,"[{'date': Timestamp('2026-08-10 00:00:00'), 'volume': 39881130.0}, {'date': Timestamp('2025-12-15 00:00:00'), 'volume': 26392600.0}, {'date': Timestamp('2025-09-22 00:00:00'), 'volume': 14524500.0}, {'date': Timestamp('2025-09-15 00:00:00'), 'volume': 12023000.0}, {'date': Timestamp('2025-09-08 00:00:00'), 'volume': 9603400.0}, {'date': Timestamp('2025-08-18 00:00:00'), 'volume': 9110600.0}]"
DAC,2239402590.334298,weekly,2026-08-10,710901.0,0,8,8,False,0.138563687749732,"[{'date': Timestamp('2026-08-10 00:00:00'), 'volume': 710901.0}, {'date': Timestamp('2026-08-03 00:00:00'), 'volume': 709200.0}, {'date': Timestamp('2026-05-04 00:00:00'), 'volume': 674500.0}, {'date': Timestamp('2026-03-02 00:00:00'), 'volume': 672600.0}, {'date': Timestamp('2025-11-17 00:00:00'), 'volume': 606100.0}, {'date': Timestamp('2025-10-06 00:00:00'), 'volume': 436800.0}, {'date': Timestamp('2025-08-25 00:00:00'), 'volume': 405500.0}, {'date': Timestamp('2025-08-18 00:00:00'), 'volume': 374600.0}]"
BKD,3751387640.761194,weekly,2026-08-10,44755283.0,0,7,7,False,0.7892039591319957,"[{'date': Timestamp('2026-08-10 00:00:00'), 'volume': 44755283.0}, {'date': Timestamp('2026-02-02 00:00:00'), 'volume': 38783500.0}, {'date': Timestamp('2026-01-26 00:00:00'), 'volume': 31961700.0}, {'date': Timestamp('2026-01-12 00:00:00'), 'volume': 26624300.0}, {'date': Timestamp('2025-11-10 00:00:00'), 'volume': 25103000.0}, {'date': Timestamp('2025-10-06 00:00:00'), 'volume': 20355400.0}, {'date': Timestamp('2025-08-18 00:00:00'), 'volume': 19127700.0}]"
OPLN,4545087875.0630665,weekly,2026-08-10,13499331.0,0,8,8,False,0.3361521126339695,"[{'date': Timestamp('2026-08-10 00:00:00'), 'volume': 13499331.0}, {'date': Timestamp('2026-06-22 00:00:00'), 'volume': 10341000.0}, {'date': Timestamp('2026-05-04 00:00:00'), 'volume': 9598800.0}, {'date': Timestamp('2025-11-03 00:00:00'), 'volume': 8538700.0}, {'date': Timestamp('2025-09-15 00:00:00'), 'volume': 5290200.0}, {'date': Timestamp('2025-09-08 00:00:00'), 'volume': 5057400.0}, {'date': Timestamp('2025-08-25 00:00:00'), 'volume': 3132200.0}, {'date': Timestamp('2025-08-18 00:00:00'), 'volume': 3113600.0}]"
HTFL,3074485529.9814177,weekly,2026-08-10,23672458.0,0,10,10,True,1.0,"[{'date': Timestamp('2026-08-10 00:00:00'), 'volume': 23672458.0}, {'date': Timestamp('2026-06-22 00:00:00'), 'volume': 18461200.0}, {'date': Timestamp('2026-02-02 00:00:00'), 'volume': 15686100.0}, {'date': Timestamp('2025-12-15 00:00:00'), 'volume': 6724300.0}, {'date': Timestamp('2025-11-17 00:00:00'), 'volume': 4335300.0}, {'date': Timestamp('2025-11-10 00:00:00'), 'volume': 3952700.0}, {'date': Timestamp('2025-09-29 00:00:00'), 'volume': 2772800.0}, {'date': Timestamp('2025-09-15 00:00:00'), 'volume': 2609300.0}, {'date': Timestamp('2025-08-25 00:00:00'), 'volume': 2037400.0}, {'date': Timestamp('2025-08-18 00:00:00'), 'volume': 1633700.0}]"
NIQ,2547026655.5633626,weekly,2026-08-10,20536429.0,0,5,5,False,0.7183483161002364,"[{'date': Timestamp('2026-08-10 00:00:00'), 'volume': 20536429.0}, {'date': Timestamp('2025-11-10 00:00:00'), 'volume': 17209500.0}, {'date': Timestamp('2025-09-29 00:00:00'), 'volume': 12953000.0}, {'date': Timestamp('2025-09-15 00:00:00'), 'volume': 10252300.0}, {'date': Timestamp('2025-08-18 00:00:00'), 'volume': 6195100.0}]"
HRB,4718014501.486305,weekly,2026-08-10,25171833.0,0,5,5,False,0.369018660693212,"[{'date': Timestamp('2026-08-10 00:00:00'), 'volume': 25171833.0}, {'date': Timestamp('2026-01-31 00:00:00'), 'volume': 20182800.0}, {'date': Timestamp('2026-01-24 00:00:00'), 'volume': 12109100.0}, {'date': Timestamp('2025-12-13 00:00:00'), 'volume': 10729400.0}, {'date': Timestamp('2025-08-23 00:00:00'), 'volume': 10319500.0}]"
FA,3056790242.695704,weekly,2026-08-10,27105652.0,0,7,7,True,1.0,"[{'date': Timestamp('2026-08-10 00:00:00'), 'volume': 27105652.0}, {'date': Timestamp('2026-06-15 00:00:00'), 'volume': 21439500.0}, {'date': Timestamp('2026-02-23 00:00:00'), 'volume': 12268500.0}, {'date': Timestamp('2025-11-03 00:00:00'), 'volume': 6541200.0}, {'date': Timestamp('2025-09-22 00:00:00'), 'volume': 5031500.0}, {'date': Timestamp('2025-09-15 00:00:00'), 'volume': 4448400.0}, {'date': Timestamp('2025-08-18 00:00:00'), 'volume': 3863200.0}]"
CHEF,3911390280.9851623,weekly,2026-08-10,7408918.0,0,9,9,False,0.4427754902019375,"[{'date': Timestamp('2026-08-10 00:00:00'), 'volume': 7408918.0}, {'date': Timestamp('2026-07-27 00:00:00'), 'volume': 6504982.0}, {'date': Timestamp('2026-04-27 00:00:00'), 'volume': 3970500.0}, {'date': Timestamp('2025-09-29 00:00:00'), 'volume': 3557500.0}, {'date': Timestamp('2025-09-22 00:00:00'), 'volume': 3002900.0}, {'date': Timestamp('2025-09-15 00:00:00'), 'volume': 2516400.0}, {'date': Timestamp('2025-09-08 00:00:00'), 'volume': 1922100.0}, {'date': Timestamp('2025-08-25 00:00:00'), 'volume': 1919700.0}, {'date': Timestamp('2025-08-18 00:00:00'), 'volume': 1615600.0}]"
RNW,2254383196.4740973,weekly,2026-08-10,40902093.0,0,6,6,True,1.0,"[{'date': Timestamp('2026-08-10 00:00:00'), 'volume': 40902093.0}, {'date': Timestamp('2025-12-15 00:00:00'), 'volume': 27548300.0}, {'date': Timestamp('2025-10-27 00:00:00'), 'volume': 13631600.0}, {'date': Timestamp('2025-10-13 00:00:00'), 'volume': 9004400.0}, {'date': Timestamp('2025-09-29 00:00:00'), 'volume': 4812100.0}, {'date': Timestamp('2025-08-18 00:00:00'), 'volume': 4215300.0}]"
DDS,9027428910.633978,weekly,2026-08-10,1188531.0,0,3,3,False,0.1460273248885011,"[{'date': Timestamp('2026-08-10 00:00:00'), 'volume': 1188531.0}, {'date': Timestamp('2026-02-23 00:00:00'), 'volume': 970700.0}, {'date': Timestamp('2025-08-23 00:00:00'), 'volume': 848700.0}]"
HUBG,2675466096.3838267,weekly,2026-08-10,14430079.0,0,5,5,True,1.0,"[{'date': Timestamp('2026-08-10 00:00:00'), 'volume': 14430079.0}, {'date': Timestamp('2026-01-31 00:00:00'), 'volume': 10896400.0}, {'date': Timestamp('2025-12-13 00:00:00'), 'volume': 6076000.0}, {'date': Timestamp('2025-12-06 00:00:00'), 'volume': 5027500.0}, {'date': Timestamp('2025-08-23 00:00:00'), 'volume': 4963700.0}]"
CPRX,3856222741.5658817,weekly,2026-07-13,31027728.0,0,6,6,False,0.4761344199957339,"[{'date': Timestamp('2026-07-13 00:00:00'), 'volume': 31027728}, {'date': Timestamp('2026-05-04 00:00:00'), 'volume': 23685600}, {'date': Timestamp('2026-04-27 00:00:00'), 'volume': 16586900}, {'date': Timestamp('2025-08-04 00:00:00'), 'volume': 10800100}, {'date': Timestamp('2025-07-28 00:00:00'), 'volume': 5583400}, {'date': Timestamp('2025-07-21 00:00:00'), 'volume': 5527700}]"
BTDR,4172828921.1866975,weekly,2026-08-10,107870341.0,0,8,8,True,1.0,"[{'date': Timestamp('2026-08-10 00:00:00'), 'volume': 107870341.0}, {'date': Timestamp('2026-02-16 00:00:00'), 'volume': 94234800.0}, {'date': Timestamp('2025-11-10 00:00:00'), 'volume': 82684200.0}, {'date': Timestamp('2025-10-13 00:00:00'), 'volume': 73886500.0}, {'date': Timestamp('2025-10-06 00:00:00'), 'volume': 42617000.0}, {'date': Timestamp('2025-09-15 00:00:00'), 'volume': 33279800.0}, {'date': Timestamp('2025-09-08 00:00:00'), 'volume': 26031300.0}, {'date': Timestamp('2025-08-18 00:00:00'), 'volume': 20952900.0}]"
YETI,3879583625.362927,weekly,2026-08-10,18049000.0,0,4,4,False,0.6727146003928424,"[{'date': Timestamp('2026-08-10 00:00:00'), 'volume': 18049000.0}, {'date': Timestamp('2025-11-03 00:00:00'), 'volume': 15878000.0}, {'date': Timestamp('2025-08-25 00:00:00'), 'volume': 8967500.0}, {'date': Timestamp('2025-08-18 00:00:00'), 'volume': 7540400.0}]"
ABCL,2253670376.6486487,weekly,2026-08-10,124039185.0,0,6,6,True,1.0,"[{'date': Timestamp('2026-08-10 00:00:00'), 'volume': 124039185.0}, {'date': Timestamp('2026-05-04 00:00:00'), 'volume': 53496600.0}, {'date': Timestamp('2026-04-27 00:00:00'), 'volume': 49631400.0}, {'date': Timestamp('2025-09-29 00:00:00'), 'volume': 41047300.0}, {'date': Timestamp('2025-09-22 00:00:00'), 'volume': 29795100.0}, {'date': Timestamp('2025-08-18 00:00:00'), 'volume': 23106300.0}]"
DKL,2698817946.700495,weekly,2026-08-10,2992583.0,0,7,7,False,0.5172467851216814,"[{'date': Timestamp('2026-08-10 00:00:00'), 'volume': 2992583.0}, {'date': Timestamp('2026-06-15 00:00:00'), 'volume': 1211700.0}, {'date': Timestamp('2025-11-10 00:00:00'), 'volume': 520800.0}, {'date': Timestamp('2025-09-08 00:00:00'), 'volume': 426700.0}, {'date': Timestamp('2025-09-01 00:00:00'), 'volume': 286800.0}, {'date': Timestamp('2025-08-25 00:00:00'), 'volume': 224900.0}, {'date': Timestamp('2025-08-18 00:00:00'), 'volume': 209700.0}]"
CLBT,3432291945.425178,weekly,2026-08-10,58292165.0,0,6,6,True,1.0,"[{'date': Timestamp('2026-08-10 00:00:00'), 'volume': 58292165.0}, {'date': Timestamp('2026-05-11 00:00:00'), 'volume': 16260300.0}, {'date': Timestamp('2026-02-23 00:00:00'), 'volume': 13749000.0}, {'date': Timestamp('2026-02-02 00:00:00'), 'volume': 12790100.0}, {'date': Timestamp('2025-11-10 00:00:00'), 'volume': 10908600.0}, {'date': Timestamp('2025-08-18 00:00:00'), 'volume': 10342100.0}]"
DIOD,4784684510.915369,weekly,2026-08-10,7172905.0,0,7,7,True,1.0,"[{'date': Timestamp('2026-08-10 00:00:00'), 'volume': 7172905.0}, {'date': Timestamp('2026-06-22 00:00:00'), 'volume': 5432400.0}, {'date': Timestamp('2026-05-04 00:00:00'), 'volume': 4156500.0}, {'date': Timestamp('2026-02-09 00:00:00'), 'volume': 3670500.0}, {'date': Timestamp('2025-11-29 00:00:00'), 'volume': 3330700.0}, {'date': Timestamp('2025-09-13 00:00:00'), 'volume': 3124200.0}, {'date': Timestamp('2025-08-23 00:00:00'), 'volume': 2319800.0}]"
TDS,4087235301.487648,weekly,2026-08-03,10133100.0,7,5,5,False,0.3845447404073485,"[{'date': Timestamp('2026-08-03 00:00:00'), 'volume': 10133100.0}, {'date': Timestamp('2026-01-03 00:00:00'), 'volume': 7651900.0}, {'date': Timestamp('2025-12-13 00:00:00'), 'volume': 7235700.0}, {'date': Timestamp('2025-09-13 00:00:00'), 'volume': 6480600.0}, {'date': Timestamp('2025-08-23 00:00:00'), 'volume': 6461200.0}]"
DORM,4024912786.327751,weekly,2026-08-03,3771600.0,7,5,5,True,1.0,"[{'date': Timestamp('2026-08-03 00:00:00'), 'volume': 3771600.0}, {'date': Timestamp('2025-10-25 00:00:00'), 'volume': 2675100.0}, {'date': Timestamp('2025-10-18 00:00:00'), 'volume': 1188900.0}, {'date': Timestamp('2025-10-04 00:00:00'), 'volume': 1129000.0}, {'date': Timestamp('2025-08-23 00:00:00'), 'volume': 936900.0}]"
ICUI,3705798980.8978696,weekly,2026-08-03,2516400.0,7,5,5,False,0.330132241813602,"[{'date': Timestamp('2026-08-03 00:00:00'), 'volume': 2516400.0}, {'date': Timestamp('2025-11-01 00:00:00'), 'volume': 2341600.0}, {'date': Timestamp('2025-09-13 00:00:00'), 'volume': 1733100.0}, {'date': Timestamp('2025-09-06 00:00:00'), 'volume': 1444500.0}, {'date': Timestamp('2025-08-23 00:00:00'), 'volume': 1245800.0}]"
BRSL,2060704369.5483868,weekly,2026-08-03,14318500.0,7,10,10,False,0.3784989043000605,"[{'date': Timestamp('2026-08-03 00:00:00'), 'volume': 14318500.0}, {'date': Timestamp('2026-05-11 00:00:00'), 'volume': 13751400.0}, {'date': Timestamp('2025-11-15 00:00:00'), 'volume': 11371000.0}, {'date': Timestamp('2025-11-01 00:00:00'), 'volume': 10142600.0}, {'date': Timestamp('2025-10-04 00:00:00'), 'volume': 9246900.0}, {'date': Timestamp('2025-09-27 00:00:00'), 'volume': 8876100.0}, {'date': Timestamp('2025-09-20 00:00:00'), 'volume': 8659700.0}, {'date': Timestamp('2025-09-13 00:00:00'), 'volume': 7577700.0}, {'date': Timestamp('2025-09-06 00:00:00'), 'volume': 7428000.0}, {'date': Timestamp('2025-08-23 00:00:00'), 'volume': 6375000.0}]"
OTF,4862369647.094634,weekly,2026-08-03,22565400.0,7,10,10,True,1.0,"[{'date': Timestamp('2026-08-03 00:00:00'), 'volume': 22565400.0}, {'date': Timestamp('2026-03-16 00:00:00'), 'volume': 20028800.0}, {'date': Timestamp('2026-02-23 00:00:00'), 'volume': 14869400.0}, {'date': Timestamp('2026-02-02 00:00:00'), 'volume': 14610700.0}, {'date': Timestamp('2025-12-29 00:00:00'), 'volume': 10589200.0}, {'date': Timestamp('2025-09-15 00:00:00'), 'volume': 10296200.0}, {'date': Timestamp('2025-09-08 00:00:00'), 'volume': 1494200.0}, {'date': Timestamp('2025-09-01 00:00:00'), 'volume': 622100.0}, {'date': Timestamp('2025-08-25 00:00:00'), 'volume': 453000.0}, {'date': Timestamp('2025-08-18 00:00:00'), 'volume': 391200.0}]"
POST,4052292516.070804,weekly,2026-08-03,7661300.0,7,7,7,False,0.8431181538537388,"[{'date': Timestamp('2026-08-03 00:00:00'), 'volume': 7661300.0}, {'date': Timestamp('2026-02-02 00:00:00'), 'volume': 7167800.0}, {'date': Timestamp('2025-11-24 00:00:00'), 'volume': 5318300.0}, {'date': Timestamp('2025-11-17 00:00:00'), 'volume': 5010200.0}, {'date': Timestamp('2025-09-15 00:00:00'), 'volume': 4932000.0}, {'date': Timestamp('2025-08-25 00:00:00'), 'volume': 3485400.0}, {'date': Timestamp('2025-08-18 00:00:00'), 'volume': 3370900.0}]"
PRVA,3222136515.529556,weekly,2026-08-03,9722000.0,7,7,7,False,0.2936140011778385,"[{'date': Timestamp('2026-08-03 00:00:00'), 'volume': 9722000.0}, {'date': Timestamp('2026-06-22 00:00:00'), 'volume': 8048900.0}, {'date': Timestamp('2026-02-23 00:00:00'), 'volume': 7188000.0}, {'date': Timestamp('2025-11-03 00:00:00'), 'volume': 5958600.0}, {'date': Timestamp('2025-09-15 00:00:00'), 'volume': 5610100.0}, {'date': Timestamp('2025-09-01 00:00:00'), 'volume': 3620800.0}, {'date': Timestamp('2025-08-18 00:00:00'), 'volume': 3498700.0}]"
SEDG,3147342068.451233,weekly,2026-08-03,38596800.0,7,4,4,False,0.653541693829276,"[{'date': Timestamp('2026-08-03 00:00:00'), 'volume': 38596800.0}, {'date': Timestamp('2025-11-03 00:00:00'), 'volume': 34637600.0}, {'date': Timestamp('2025-09-15 00:00:00'), 'volume': 25764300.0}, {'date': Timestamp('2025-08-18 00:00:00'), 'volume': 25052500.0}]"
FRPT,2822270367.084301,weekly,2026-08-03,13402200.0,7,10,10,False,0.8657416379210108,"[{'date': Timestamp('2026-08-03 00:00:00'), 'volume': 13402200.0}, {'date': Timestamp('2026-05-04 00:00:00'), 'volume': 12782900.0}, {'date': Timestamp('2026-03-23 00:00:00'), 'volume': 12652300.0}, {'date': Timestamp('2026-03-16 00:00:00'), 'volume': 12501600.0}, {'date': Timestamp('2025-11-03 00:00:00'), 'volume': 10859900.0}, {'date': Timestamp('2025-09-29 00:00:00'), 'volume': 8968600.0}, {'date': Timestamp('2025-09-15 00:00:00'), 'volume': 8714900.0}, {'date': Timestamp('2025-09-08 00:00:00'), 'volume': 7994500.0}, {'date': Timestamp('2025-08-25 00:00:00'), 'volume': 7898300.0}, {'date': Timestamp('2025-08-18 00:00:00'), 'volume': 5156200.0}]"
KNF,5275838601.455327,weekly,2026-08-03,7849700.0,7,7,7,False,0.8116572917528332,"[{'date': Timestamp('2026-08-03 00:00:00'), 'volume': 7849700.0}, {'date': Timestamp('2026-03-16 00:00:00'), 'volume': 6519000.0}, {'date': Timestamp('2025-11-03 00:00:00'), 'volume': 6195600.0}, {'date': Timestamp('2025-10-27 00:00:00'), 'volume': 4715300.0}, {'date': Timestamp('2025-10-06 00:00:00'), 'volume': 4628700.0}, {'date': Timestamp('2025-08-25 00:00:00'), 'volume': 4046900.0}, {'date': Timestamp('2025-08-18 00:00:00'), 'volume': 2262400.0}]"
EPAM,4215082344.355693,weekly,2026-08-03,13211700.0,7,10,10,False,0.5428803885553679,"[{'date': Timestamp('2026-08-03 00:00:00'), 'volume': 13211700.0}, {'date': Timestamp('2026-06-22 00:00:00'), 'volume': 12433100.0}, {'date': Timestamp('2026-05-04 00:00:00'), 'volume': 10696300.0}, {'date': Timestamp('2026-02-16 00:00:00'), 'volume': 10631800.0}, {'date': Timestamp('2026-02-02 00:00:00'), 'volume': 6890700.0}, {'date': Timestamp('2025-11-17 00:00:00'), 'volume': 6733900.0}, {'date': Timestamp('2025-11-03 00:00:00'), 'volume': 6207700.0}, {'date': Timestamp('2025-09-08 00:00:00'), 'volume': 5823000.0}, {'date': Timestamp('2025-08-25 00:00:00'), 'volume': 3874800.0}, {'date': Timestamp('2025-08-18 00:00:00'), 'volume': 3500400.0}]"
FIG,9838372132.7791,weekly,2026-08-03,192011800.0,7,6,6,True,1.0,"[{'date': Timestamp('2026-08-03 00:00:00'), 'volume': 192011800.0}, {'date': Timestamp('2026-05-11 00:00:00'), 'volume': 164297700.0}, {'date': Timestamp('2026-02-16 00:00:00'), 'volume': 146518600.0}, {'date': Timestamp('2025-10-06 00:00:00'), 'volume': 108497900.0}, {'date': Timestamp('2025-09-01 00:00:00'), 'volume': 70434100.0}, {'date': Timestamp('2025-08-18 00:00:00'), 'volume': 28834700.0}]"
CHYM,7742308911.675972,weekly,2026-08-03,77136200.0,7,6,6,True,1.0,"[{'date': Timestamp('2026-08-03 00:00:00'), 'volume': 77136200.0}, {'date': Timestamp('2026-05-04 00:00:00'), 'volume': 50091100.0}, {'date': Timestamp('2025-11-03 00:00:00'), 'volume': 41437500.0}, {'date': Timestamp('2025-09-15 00:00:00'), 'volume': 17820600.0}, {'date': Timestamp('2025-09-08 00:00:00'), 'volume': 17157400.0}, {'date': Timestamp('2025-08-18 00:00:00'), 'volume': 12718300.0}]"
ITGR,3188020172.810997,weekly,2026-08-03,21089800.0,7,5,5,True,1.0,"[{'date': Timestamp('2026-08-03 00:00:00'), 'volume': 21089800.0}, {'date': Timestamp('2025-10-20 00:00:00'), 'volume': 19849500.0}, {'date': Timestamp('2025-09-15 00:00:00'), 'volume': 3389800.0}, {'date': Timestamp('2025-09-08 00:00:00'), 'volume': 2109400.0}, {'date': Timestamp('2025-08-18 00:00:00'), 'volume': 1512700.0}]"
DOCS,3818368359.29471,weekly,2026-08-03,97689200.0,7,10,10,True,1.0,"[{'date': Timestamp('2026-08-03 00:00:00'), 'volume': 97689200.0}, {'date': Timestamp('2026-05-11 00:00:00'), 'volume': 57994700.0}, {'date': Timestamp('2026-02-02 00:00:00'), 'volume': 47136900.0}, {'date': Timestamp('2025-12-08 00:00:00'), 'volume': 18620100.0}, {'date': Timestamp('2025-11-17 00:00:00'), 'volume': 15545200.0}, {'date': Timestamp('2025-11-10 00:00:00'), 'volume': 12665400.0}, {'date': Timestamp('2025-11-03 00:00:00'), 'volume': 12458700.0}, {'date': Timestamp('2025-09-22 00:00:00'), 'volume': 8156500.0}, {'date': Timestamp('2025-09-15 00:00:00'), 'volume': 7920500.0}, {'date': Timestamp('2025-08-18 00:00:00'), 'volume': 7055000.0}]"
TTD,8635897246.184652,weekly,2026-08-03,278473000.0,7,6,6,True,1.0,"[{'date': Timestamp('2026-08-03 00:00:00'), 'volume': 278473000.0}, {'date': Timestamp('2026-03-02 00:00:00'), 'volume': 174328000.0}, {'date': Timestamp('2026-02-23 00:00:00'), 'volume': 132768500.0}, {'date': Timestamp('2025-09-15 00:00:00'), 'volume': 132346100.0}, {'date': Timestamp('2025-09-08 00:00:00'), 'volume': 113379800.0}, {'date': Timestamp('2025-08-18 00:00:00'), 'volume': 56100700.0}]"
ATKR,2628106229.6938467,weekly,2026-08-03,18801800.0,7,5,5,True,1.0,"[{'date': Timestamp('2026-08-03 00:00:00'), 'volume': 18801800.0}, {'date': Timestamp('2025-11-17 00:00:00'), 'volume': 5708800.0}, {'date': Timestamp('2025-09-15 00:00:00'), 'volume': 3805900.0}, {'date': Timestamp('2025-09-08 00:00:00'), 'volume': 2882500.0}, {'date': Timestamp('2025-08-18 00:00:00'), 'volume': 2553900.0}]"
LMAT,2185901654.7835617,weekly,2026-08-03,3975600.0,7,5,5,True,1.0,"[{'date': Timestamp('2026-08-03 00:00:00'), 'volume': 3975600.0}, {'date': Timestamp('2026-02-23 00:00:00'), 'volume': 2379600.0}, {'date': Timestamp('2025-09-15 00:00:00'), 'volume': 1429400.0}, {'date': Timestamp('2025-08-25 00:00:00'), 'volume': 1074800.0}, {'date': Timestamp('2025-08-18 00:00:00'), 'volume': 982000.0}]"
TX,8906479123.0,weekly,2026-08-03,5210600.0,7,7,7,False,0.5568486636102294,"[{'date': Timestamp('2026-08-03 00:00:00'), 'volume': 5210600.0}, {'date': Timestamp('2026-07-27 00:00:00'), 'volume': 3552863.0}, {'date': Timestamp('2026-07-20 00:00:00'), 'volume': 3454300.0}, {'date': Timestamp('2026-07-06 00:00:00'), 'volume': 3070300.0}, {'date': Timestamp('2026-05-25 00:00:00'), 'volume': 2802200.0}, {'date': Timestamp('2025-10-27 00:00:00'), 'volume': 2539600.0}, {'date': Timestamp('2025-08-18 00:00:00'), 'volume': 1108000.0}]"
ZETA,4730909261.799776,weekly,2026-08-03,87832500.0,7,4,4,False,0.6489497996240735,"[{'date': Timestamp('2026-08-03 00:00:00'), 'volume': 87832500.0}, {'date': Timestamp('2026-02-23 00:00:00'), 'volume': 69019200.0}, {'date': Timestamp('2025-10-06 00:00:00'), 'volume': 65723200.0}, {'date': Timestamp('2025-08-18 00:00:00'), 'volume': 43736300.0}]"
JBTM,7253046794.513808,weekly,2026-08-03,4681700.0,7,4,4,False,0.8318585643212509,"[{'date': Timestamp('2026-08-03 00:00:00'), 'volume': 4681700.0}, {'date': Timestamp('2025-09-15 00:00:00'), 'volume': 4642300.0}, {'date': Timestamp('2025-09-01 00:00:00'), 'volume': 3125500.0}, {'date': Timestamp('2025-08-18 00:00:00'), 'volume': 1740600.0}]"
CAI,5229593062.780748,weekly,2026-08-03,37187700.0,7,6,6,True,1.0,"[{'date': Timestamp('2026-08-03 00:00:00'), 'volume': 37187700.0}, {'date': Timestamp('2026-07-27 00:00:00'), 'volume': 24263307.0}, {'date': Timestamp('2025-12-01 00:00:00'), 'volume': 22530500.0}, {'date': Timestamp('2025-11-03 00:00:00'), 'volume': 11512200.0}, {'date': Timestamp('2025-09-22 00:00:00'), 'volume': 4932100.0}, {'date': Timestamp('2025-08-18 00:00:00'), 'volume': 3985800.0}]"
LNTH,7148647625.498576,weekly,2026-08-03,19839000.0,7,2,2,False,0.8627077517155008,"[{'date': Timestamp('2026-08-03 00:00:00'), 'volume': 19839000.0}, {'date': Timestamp('2025-08-18 00:00:00'), 'volume': 14454700.0}]"
ACIW,5007848808.135019,weekly,2026-08-03,8360300.0,7,5,5,False,0.2982487433690196,"[{'date': Timestamp('2026-08-03 00:00:00'), 'volume': 8360300.0}, {'date': Timestamp('2026-02-23 00:00:00'), 'volume': 7480300.0}, {'date': Timestamp('2025-09-13 00:00:00'), 'volume': 6136000.0}, {'date': Timestamp('2025-09-06 00:00:00'), 'volume': 5018400.0}, {'date': Timestamp('2025-08-23 00:00:00'), 'volume': 4621700.0}]"
HUBS,9499354003.402864,weekly,2026-08-03,18634100.0,7,5,5,True,1.0,"[{'date': Timestamp('2026-08-03 00:00:00'), 'volume': 18634100.0}, {'date': Timestamp('2026-02-09 00:00:00'), 'volume': 17757700.0}, {'date': Timestamp('2026-02-02 00:00:00'), 'volume': 12068400.0}, {'date': Timestamp('2025-09-29 00:00:00'), 'volume': 8205500.0}, {'date': Timestamp('2025-08-18 00:00:00'), 'volume': 4434800.0}]"
STWD,6235991103.650813,weekly,2026-08-03,36719900.0,7,11,11,False,0.4114431250042018,"[{'date': Timestamp('2026-08-03 00:00:00'), 'volume': 36719900.0}, {'date': Timestamp('2026-02-23 00:00:00'), 'volume': 22358800.0}, {'date': Timestamp('2026-01-05 00:00:00'), 'volume': 21030500.0}, {'date': Timestamp('2025-12-15 00:00:00'), 'volume': 20831600.0}, {'date': Timestamp('2025-11-03 00:00:00'), 'volume': 19135700.0}, {'date': Timestamp('2025-10-06 00:00:00'), 'volume': 17046800.0}, {'date': Timestamp('2025-09-29 00:00:00'), 'volume': 16343300.0}, {'date': Timestamp('2025-09-22 00:00:00'), 'volume': 14955600.0}, {'date': Timestamp('2025-09-08 00:00:00'), 'volume': 14194000.0}, {'date': Timestamp('2025-08-25 00:00:00'), 'volume': 12081000.0}, {'date': Timestamp('2025-08-18 00:00:00'), 'volume': 10845900.0}]"
MAC,7321802189.785713,weekly,2026-08-03,37050300.0,7,8,8,False,0.2777054891549577,"[{'date': Timestamp('2026-08-03 00:00:00'), 'volume': 37050300.0}, {'date': Timestamp('2026-05-11 00:00:00'), 'volume': 30230600.0}, {'date': Timestamp('2026-05-04 00:00:00'), 'volume': 15893400.0}, {'date': Timestamp('2026-04-27 00:00:00'), 'volume': 15558300.0}, {'date': Timestamp('2025-09-20 00:00:00'), 'volume': 14398900.0}, {'date': Timestamp('2025-09-13 00:00:00'), 'volume': 11930500.0}, {'date': Timestamp('2025-09-06 00:00:00'), 'volume': 9244300.0}, {'date': Timestamp('2025-08-23 00:00:00'), 'volume': 7618000.0}]"
SUPN,2718580598.8907266,weekly,2026-08-03,11943300.0,7,5,5,True,1.0,"[{'date': Timestamp('2026-08-03 00:00:00'), 'volume': 11943300.0}, {'date': Timestamp('2025-11-03 00:00:00'), 'volume': 8938500.0}, {'date': Timestamp('2025-10-06 00:00:00'), 'volume': 5055100.0}, {'date': Timestamp('2025-09-15 00:00:00'), 'volume': 4702500.0}, {'date': Timestamp('2025-08-18 00:00:00'), 'volume': 3884600.0}]"
KRG,5935635115.942089,weekly,2026-08-03,21678600.0,7,8,8,False,0.4220582509150378,"[{'date': Timestamp('2026-08-03 00:00:00'), 'volume': 21678600.0}, {'date': Timestamp('2026-07-27 00:00:00'), 'volume': 14879959.0}, {'date': Timestamp('2026-07-13 00:00:00'), 'volume': 13405300.0}, {'date': Timestamp('2026-02-23 00:00:00'), 'volume': 13395100.0}, {'date': Timestamp('2025-12-15 00:00:00'), 'volume': 13318200.0}, {'date': Timestamp('2025-09-15 00:00:00'), 'volume': 12528000.0}, {'date': Timestamp('2025-09-08 00:00:00'), 'volume': 8735900.0}, {'date': Timestamp('2025-08-18 00:00:00'), 'volume': 7839500.0}]"
BANC,3208945547.76722,weekly,2026-07-27,35650829.0,14,7,7,True,1.0,"[{'date': Timestamp('2026-07-27 00:00:00'), 'volume': 35650829.0}, {'date': Timestamp('2025-10-13 00:00:00'), 'volume': 29537700.0}, {'date': Timestamp('2025-10-06 00:00:00'), 'volume': 27515900.0}, {'date': Timestamp('2025-09-29 00:00:00'), 'volume': 17806600.0}, {'date': Timestamp('2025-09-15 00:00:00'), 'volume': 13411100.0}, {'date': Timestamp('2025-09-08 00:00:00'), 'volume': 11900600.0}, {'date': Timestamp('2025-08-18 00:00:00'), 'volume': 10159300.0}]"
PCOR,6323808701.1,weekly,2026-07-27,28138839.0,14,6,6,True,1.0,"[{'date': Timestamp('2026-07-27 00:00:00'), 'volume': 28138839.0}, {'date': Timestamp('2026-02-02 00:00:00'), 'volume': 25324300.0}, {'date': Timestamp('2026-01-26 00:00:00'), 'volume': 13191100.0}, {'date': Timestamp('2025-11-03 00:00:00'), 'volume': 11448600.0}, {'date': Timestamp('2025-09-22 00:00:00'), 'volume': 10564500.0}, {'date': Timestamp('2025-08-18 00:00:00'), 'volume': 7557200.0}]"
NEU,7292373245.664637,weekly,2026-07-27,901641.0,14,5,5,False,0.6357643491750106,"[{'date': Timestamp('2026-07-27 00:00:00'), 'volume': 901641.0}, {'date': Timestamp('2026-02-09 00:00:00'), 'volume': 887800.0}, {'date': Timestamp('2026-01-10 00:00:00'), 'volume': 847000.0}, {'date': Timestamp('2026-01-03 00:00:00'), 'volume': 779900.0}, {'date': Timestamp('2025-08-23 00:00:00'), 'volume': 649900.0}]"
COHU,3022996223.469121,weekly,2026-07-27,11865120.0,14,4,4,True,1.0,"[{'date': Timestamp('2026-07-27 00:00:00'), 'volume': 11865120.0}, {'date': Timestamp('2025-09-20 00:00:00'), 'volume': 10847400.0}, {'date': Timestamp('2025-08-30 00:00:00'), 'volume': 2613800.0}, {'date': Timestamp('2025-08-23 00:00:00'), 'volume': 2100300.0}]"
AVTR,7018725162.194444,weekly,2026-07-27,120360776.0,14,4,4,False,0.6481459945363519,"[{'date': Timestamp('2026-07-27 00:00:00'), 'volume': 120360776.0}, {'date': Timestamp('2025-10-27 00:00:00'), 'volume': 114067400.0}, {'date': Timestamp('2025-08-25 00:00:00'), 'volume': 97545700.0}, {'date': Timestamp('2025-08-18 00:00:00'), 'volume': 39103900.0}]"
AN,6412560897.060139,weekly,2026-07-27,4910750.0,14,5,5,False,0.4654254058818511,"[{'date': Timestamp('2026-07-27 00:00:00'), 'volume': 4910750.0}, {'date': Timestamp('2026-01-31 00:00:00'), 'volume': 3749500.0}, {'date': Timestamp('2025-10-25 00:00:00'), 'volume': 3095500.0}, {'date': Timestamp('2025-09-06 00:00:00'), 'volume': 2676000.0}, {'date': Timestamp('2025-08-23 00:00:00'), 'volume': 1918300.0}]"
MKTX,3999609748.907324,weekly,2026-07-27,21144255.0,14,6,6,True,1.0,"[{'date': Timestamp('2026-07-27 00:00:00'), 'volume': 21144255.0}, {'date': Timestamp('2025-09-15 00:00:00'), 'volume': 12238300.0}, {'date': Timestamp('2025-09-08 00:00:00'), 'volume': 3795300.0}, {'date': Timestamp('2025-09-01 00:00:00'), 'volume': 3189100.0}, {'date': Timestamp('2025-08-25 00:00:00'), 'volume': 3063200.0}, {'date': Timestamp('2025-08-18 00:00:00'), 'volume': 2766500.0}]"
GATX,6470229782.27129,weekly,2026-07-27,1879376.0,14,4,4,False,0.6785485792685129,"[{'date': Timestamp('2026-07-27 00:00:00'), 'volume': 1879376.0}, {'date': Timestamp('2026-06-22 00:00:00'), 'volume': 1746900.0}, {'date': Timestamp('2025-09-13 00:00:00'), 'volume': 1542800.0}, {'date': Timestamp('2025-08-23 00:00:00'), 'volume': 957600.0}]"
WERN,2564066310.104739,weekly,2026-07-27,12867875.0,14,8,8,False,0.7321859387980381,"[{'date': Timestamp('2026-07-27 00:00:00'), 'volume': 12867875.0}, {'date': Timestamp('2025-10-25 00:00:00'), 'volume': 11051800.0}, {'date': Timestamp('2025-10-11 00:00:00'), 'volume': 9347900.0}, {'date': Timestamp('2025-10-04 00:00:00'), 'volume': 6396000.0}, {'date': Timestamp('2025-09-27 00:00:00'), 'volume': 5430200.0}, {'date': Timestamp('2025-09-13 00:00:00'), 'volume': 4365500.0}, {'date': Timestamp('2025-09-06 00:00:00'), 'volume': 3380100.0}, {'date': Timestamp('2025-08-23 00:00:00'), 'volume': 2941300.0}]"
AXTI,4589436423.585288,weekly,2026-07-27,99568939.0,14,15,15,False,0.9579960763787998,"[{'date': Timestamp('2026-07-27 00:00:00'), 'volume': 99568939.0}, {'date': Timestamp('2026-04-06 00:00:00'), 'volume': 83949100.0}, {'date': Timestamp('2026-03-30 00:00:00'), 'volume': 73562100.0}, {'date': Timestamp('2026-01-03 00:00:00'), 'volume': 63571400.0}, {'date': Timestamp('2025-12-27 00:00:00'), 'volume': 31991100.0}, {'date': Timestamp('2025-12-06 00:00:00'), 'volume': 24888000.0}, {'date': Timestamp('2025-11-08 00:00:00'), 'volume': 24554800.0}, {'date': Timestamp('2025-10-25 00:00:00'), 'volume': 23998900.0}, {'date': Timestamp('2025-10-18 00:00:00'), 'volume': 13215600.0}, {'date': Timestamp('2025-09-27 00:00:00'), 'volume': 11607300.0}, {'date': Timestamp('2025-09-20 00:00:00'), 'volume': 10942500.0}, {'date': Timestamp('2025-09-13 00:00:00'), 'volume': 6936700.0}, {'date': Timestamp('2025-09-06 00:00:00'), 'volume': 5942300.0}, {'date': Timestamp('2025-08-30 00:00:00'), 'volume': 3047100.0}, {'date': Timestamp('2025-08-23 00:00:00'), 'volume': 2248500.0}]"
SEI,5648024925.111419,weekly,2026-07-27,28855341.0,14,8,8,True,1.0,"[{'date': Timestamp('2026-07-27 00:00:00'), 'volume': 28855341.0}, {'date': Timestamp('2025-10-06 00:00:00'), 'volume': 27597000.0}, {'date': Timestamp('2025-09-22 00:00:00'), 'volume': 21254000.0}, {'date': Timestamp('2025-09-15 00:00:00'), 'volume': 19491900.0}, {'date': Timestamp('2025-09-08 00:00:00'), 'volume': 13207400.0}, {'date': Timestamp('2025-09-01 00:00:00'), 'volume': 8414500.0}, {'date': Timestamp('2025-08-25 00:00:00'), 'volume': 7511800.0}, {'date': Timestamp('2025-08-18 00:00:00'), 'volume': 6639900.0}]"
LEGN,5280582329.0,weekly,2026-07-27,25114612.0,14,10,10,True,1.0,"[{'date': Timestamp('2026-07-27 00:00:00'), 'volume': 25114612.0}, {'date': Timestamp('2026-06-01 00:00:00'), 'volume': 24620900.0}, {'date': Timestamp('2026-01-19 00:00:00'), 'volume': 21636200.0}, {'date': Timestamp('2025-12-08 00:00:00'), 'volume': 21552700.0}, {'date': Timestamp('2025-11-17 00:00:00'), 'volume': 10760300.0}, {'date': Timestamp('2025-11-10 00:00:00'), 'volume': 9961100.0}, {'date': Timestamp('2025-10-13 00:00:00'), 'volume': 9631800.0}, {'date': Timestamp('2025-09-08 00:00:00'), 'volume': 7898000.0}, {'date': Timestamp('2025-08-25 00:00:00'), 'volume': 4967300.0}, {'date': Timestamp('2025-08-18 00:00:00'), 'volume': 4311900.0}]"
BLCO,5818673117.62665,weekly,2026-07-27,3562681.0,14,2,2,False,0.1689739710304398,"[{'date': Timestamp('2026-07-27 00:00:00'), 'volume': 3562681.0}, {'date': Timestamp('2025-08-18 00:00:00'), 'volume': 3349400.0}]"
HGV,4335027397.684513,weekly,2026-07-27,8704637.0,14,6,6,False,0.5173017769061627,"[{'date': Timestamp('2026-07-27 00:00:00'), 'volume': 8704637.0}, {'date': Timestamp('2026-06-22 00:00:00'), 'volume': 8323500.0}, {'date': Timestamp('2026-06-01 00:00:00'), 'volume': 8084200.0}, {'date': Timestamp('2025-10-27 00:00:00'), 'volume': 7211200.0}, {'date': Timestamp('2025-08-25 00:00:00'), 'volume': 5598600.0}, {'date': Timestamp('2025-08-18 00:00:00'), 'volume': 5322300.0}]"
WU,2355760645.69146,weekly,2026-07-27,152239190.0,14,4,4,True,1.0,"[{'date': Timestamp('2026-07-27 00:00:00'), 'volume': 152239190.0}, {'date': Timestamp('2025-09-29 00:00:00'), 'volume': 89147100.0}, {'date': Timestamp('2025-09-15 00:00:00'), 'volume': 58261900.0}, {'date': Timestamp('2025-08-18 00:00:00'), 'volume': 52032400.0}]"
REXR,7753417572.729851,weekly,2026-07-27,18074000.0,14,6,6,False,0.5745968062412773,"[{'date': Timestamp('2026-07-27 00:00:00'), 'volume': 18074000.0}, {'date': Timestamp('2026-07-20 00:00:00'), 'volume': 16011100.0}, {'date': Timestamp('2026-03-16 00:00:00'), 'volume': 15917800.0}, {'date': Timestamp('2025-09-08 00:00:00'), 'volume': 15733400.0}, {'date': Timestamp('2025-08-25 00:00:00'), 'volume': 15151100.0}, {'date': Timestamp('2025-08-18 00:00:00'), 'volume': 10693600.0}]"
CHDN,6198146190.627649,weekly,2026-07-27,10240445.0,14,6,6,False,0.8648294063001436,"[{'date': Timestamp('2026-07-27 00:00:00'), 'volume': 10240445.0}, {'date': Timestamp('2026-04-20 00:00:00'), 'volume': 8410800.0}, {'date': Timestamp('2026-02-23 00:00:00'), 'volume': 7122000.0}, {'date': Timestamp('2025-10-18 00:00:00'), 'volume': 6587600.0}, {'date': Timestamp('2025-09-13 00:00:00'), 'volume': 4092400.0}, {'date': Timestamp('2025-08-23 00:00:00'), 'volume': 3130000.0}]"
TFSL,4904758532.737862,weekly,2026-07-27,8126187.0,14,12,12,True,1.0,"[{'date': Timestamp('2026-07-27 00:00:00'), 'volume': 8126187.0}, {'date': Timestamp('2026-05-11 00:00:00'), 'volume': 6209100.0}, {'date': Timestamp('2026-03-09 00:00:00'), 'volume': 5014100.0}, {'date': Timestamp('2026-02-02 00:00:00'), 'volume': 4778600.0}, {'date': Timestamp('2025-12-15 00:00:00'), 'volume': 4413900.0}, {'date': Timestamp('2025-12-08 00:00:00'), 'volume': 4361200.0}, {'date': Timestamp('2025-12-01 00:00:00'), 'volume': 4092900.0}, {'date': Timestamp('2025-10-27 00:00:00'), 'volume': 2554200.0}, {'date': Timestamp('2025-09-15 00:00:00'), 'volume': 2536800.0}, {'date': Timestamp('2025-09-08 00:00:00'), 'volume': 2412800.0}, {'date': Timestamp('2025-08-25 00:00:00'), 'volume': 2364100.0}, {'date': Timestamp('2025-08-18 00:00:00'), 'volume': 1451200.0}]"
ITRI,3718740966.511875,weekly,2026-07-27,14769417.0,14,5,5,True,1.0,"[{'date': Timestamp('2026-07-27 00:00:00'), 'volume': 14769417.0}, {'date': Timestamp('2025-10-25 00:00:00'), 'volume': 13302400.0}, {'date': Timestamp('2025-09-13 00:00:00'), 'volume': 4044700.0}, {'date': Timestamp('2025-09-06 00:00:00'), 'volume': 3975900.0}, {'date': Timestamp('2025-08-23 00:00:00'), 'volume': 3321800.0}]"
PFS,3080615745.896698,weekly,2026-07-27,7442013.0,14,9,9,False,0.3404755761127657,"[{'date': Timestamp('2026-07-27 00:00:00'), 'volume': 7442013.0}, {'date': Timestamp('2026-06-22 00:00:00'), 'volume': 7028300.0}, {'date': Timestamp('2026-01-26 00:00:00'), 'volume': 6618100.0}, {'date': Timestamp('2025-12-15 00:00:00'), 'volume': 5953100.0}, {'date': Timestamp('2025-12-08 00:00:00'), 'volume': 5196000.0}, {'date': Timestamp('2025-11-24 00:00:00'), 'volume': 5069000.0}, {'date': Timestamp('2025-09-15 00:00:00'), 'volume': 4619600.0}, {'date': Timestamp('2025-08-25 00:00:00'), 'volume': 2660200.0}, {'date': Timestamp('2025-08-18 00:00:00'), 'volume': 2418800.0}]"
DLB,5060053260.330029,weekly,2026-07-27,7479151.0,14,6,6,False,0.5238821411560337,"[{'date': Timestamp('2026-07-27 00:00:00'), 'volume': 7479151.0}, {'date': Timestamp('2026-01-26 00:00:00'), 'volume': 6206100.0}, {'date': Timestamp('2025-11-17 00:00:00'), 'volume': 4986400.0}, {'date': Timestamp('2025-09-15 00:00:00'), 'volume': 3685400.0}, {'date': Timestamp('2025-08-25 00:00:00'), 'volume': 2728700.0}, {'date': Timestamp('2025-08-18 00:00:00'), 'volume': 2207700.0}]"
GPI,3590160952.158633,weekly,2026-07-27,1894092.0,14,10,10,False,0.5666523065876863,"[{'date': Timestamp('2026-07-27 00:00:00'), 'volume': 1894092.0}, {'date': Timestamp('2025-10-25 00:00:00'), 'volume': 1763700.0}, {'date': Timestamp('2025-10-18 00:00:00'), 'volume': 1418700.0}, {'date': Timestamp('2025-10-11 00:00:00'), 'volume': 1387500.0}, {'date': Timestamp('2025-10-04 00:00:00'), 'volume': 1332700.0}, {'date': Timestamp('2025-09-27 00:00:00'), 'volume': 1255300.0}, {'date': Timestamp('2025-09-20 00:00:00'), 'volume': 1030300.0}, {'date': Timestamp('2025-09-13 00:00:00'), 'volume': 940900.0}, {'date': Timestamp('2025-09-06 00:00:00'), 'volume': 866800.0}, {'date': Timestamp('2025-08-23 00:00:00'), 'volume': 798800.0}]"
PRM,5611571094.265583,weekly,2026-07-27,19311054.0,14,5,5,False,0.8013883055982073,"[{'date': Timestamp('2026-07-27 00:00:00'), 'volume': 19311054.0}, {'date': Timestamp('2026-06-22 00:00:00'), 'volume': 15320800.0}, {'date': Timestamp('2026-05-04 00:00:00'), 'volume': 10575500.0}, {'date': Timestamp('2025-08-25 00:00:00'), 'volume': 9533800.0}, {'date': Timestamp('2025-08-18 00:00:00'), 'volume': 4843400.0}]"
MTRN,5970441983.309865,weekly,2026-07-27,3278050.0,14,9,9,True,1.0,"[{'date': Timestamp('2026-07-27 00:00:00'), 'volume': 3278050.0}, {'date': Timestamp('2026-06-22 00:00:00'), 'volume': 3073300.0}, {'date': Timestamp('2026-06-15 00:00:00'), 'volume': 1925000.0}, {'date': Timestamp('2026-04-27 00:00:00'), 'volume': 1841800.0}, {'date': Timestamp('2026-03-16 00:00:00'), 'volume': 1590500.0}, {'date': Timestamp('2026-03-02 00:00:00'), 'volume': 1439200.0}, {'date': Timestamp('2026-02-23 00:00:00'), 'volume': 1286200.0}, {'date': Timestamp('2025-09-13 00:00:00'), 'volume': 1271500.0}, {'date': Timestamp('2025-08-23 00:00:00'), 'volume': 601700.0}]"
ST,6813491707.303782,weekly,2026-07-27,16136237.0,14,9,9,False,0.4911274215884707,"[{'date': Timestamp('2026-07-27 00:00:00'), 'volume': 16136237.0}, {'date': Timestamp('2026-04-27 00:00:00'), 'volume': 14410100.0}, {'date': Timestamp('2026-02-02 00:00:00'), 'volume': 13927600.0}, {'date': Timestamp('2025-10-27 00:00:00'), 'volume': 10636700.0}, {'date': Timestamp('2025-10-06 00:00:00'), 'volume': 8196200.0}, {'date': Timestamp('2025-09-15 00:00:00'), 'volume': 7505400.0}, {'date': Timestamp('2025-09-08 00:00:00'), 'volume': 7133500.0}, {'date': Timestamp('2025-08-25 00:00:00'), 'volume': 6243900.0}, {'date': Timestamp('2025-08-18 00:00:00'), 'volume': 6132800.0}]"
VCYT,4826657233.715116,weekly,2026-07-27,15945501.0,14,4,4,False,0.6883742445173545,"[{'date': Timestamp('2026-07-27 00:00:00'), 'volume': 15945501.0}, {'date': Timestamp('2025-11-03 00:00:00'), 'volume': 9486200.0}, {'date': Timestamp('2025-09-15 00:00:00'), 'volume': 5531600.0}, {'date': Timestamp('2025-08-18 00:00:00'), 'volume': 4928900.0}]"
PLXS,7690866173.688062,weekly,2026-07-27,2930551.0,14,6,6,True,1.0,"[{'date': Timestamp('2026-07-27 00:00:00'), 'volume': 2930551.0}, {'date': Timestamp('2026-01-24 00:00:00'), 'volume': 2483500.0}, {'date': Timestamp('2026-01-10 00:00:00'), 'volume': 1729400.0}, {'date': Timestamp('2025-09-13 00:00:00'), 'volume': 1435800.0}, {'date': Timestamp('2025-09-06 00:00:00'), 'volume': 799300.0}, {'date': Timestamp('2025-08-23 00:00:00'), 'volume': 634700.0}]"
OSK,9452458472.603483,weekly,2026-07-27,7309655.0,14,5,5,False,0.472969886378342,"[{'date': Timestamp('2026-07-27 00:00:00'), 'volume': 7309655.0}, {'date': Timestamp('2025-10-25 00:00:00'), 'volume': 6689200.0}, {'date': Timestamp('2025-10-11 00:00:00'), 'volume': 4339700.0}, {'date': Timestamp('2025-09-13 00:00:00'), 'volume': 4160100.0}, {'date': Timestamp('2025-08-23 00:00:00'), 'volume': 2816500.0}]"
MSA,6580453270.077437,weekly,2026-07-27,2371709.0,14,5,5,False,0.4357436293152547,"[{'date': Timestamp('2026-07-27 00:00:00'), 'volume': 2371709.0}, {'date': Timestamp('2025-10-25 00:00:00'), 'volume': 2138600.0}, {'date': Timestamp('2025-09-13 00:00:00'), 'volume': 1958800.0}, {'date': Timestamp('2025-09-06 00:00:00'), 'volume': 1330400.0}, {'date': Timestamp('2025-08-23 00:00:00'), 'volume': 926500.0}]"
UFPI,5207477395.166722,weekly,2026-07-27,3751944.0,14,6,6,False,0.1904830177184343,"[{'date': Timestamp('2026-07-27 00:00:00'), 'volume': 3751944.0}, {'date': Timestamp('2026-06-22 00:00:00'), 'volume': 3670900.0}, {'date': Timestamp('2026-05-04 00:00:00'), 'volume': 3268500.0}, {'date': Timestamp('2025-12-13 00:00:00'), 'volume': 3117200.0}, {'date': Timestamp('2025-09-13 00:00:00'), 'volume': 2822800.0}, {'date': Timestamp('2025-08-23 00:00:00'), 'volume': 1644000.0}]"
STAG,7537303607.995395,weekly,2026-07-27,12689209.0,14,5,5,False,0.2404671113722071,"[{'date': Timestamp('2026-07-27 00:00:00'), 'volume': 12689209.0}, {'date': Timestamp('2025-12-15 00:00:00'), 'volume': 10161200.0}, {'date': Timestamp('2025-09-15 00:00:00'), 'volume': 10068200.0}, {'date': Timestamp('2025-08-25 00:00:00'), 'volume': 5894900.0}, {'date': Timestamp('2025-08-18 00:00:00'), 'volume': 5797500.0}]"
EEFT,2681628654.44587,weekly,2026-07-27,6539734.0,14,3,3,False,0.557707507184827,"[{'date': Timestamp('2026-07-27 00:00:00'), 'volume': 6539734.0}, {'date': Timestamp('2025-09-13 00:00:00'), 'volume': 5978800.0}, {'date': Timestamp('2025-08-23 00:00:00'), 'volume': 3767300.0}]"
TTEK,7593692534.7524605,weekly,2026-07-27,27278641.0,14,7,7,False,0.6576811485883742,"[{'date': Timestamp('2026-07-27 00:00:00'), 'volume': 27278641.0}, {'date': Timestamp('2026-05-11 00:00:00'), 'volume': 26612900.0}, {'date': Timestamp('2026-02-09 00:00:00'), 'volume': 23375500.0}, {'date': Timestamp('2025-11-08 00:00:00'), 'volume': 21679800.0}, {'date': Timestamp('2025-09-27 00:00:00'), 'volume': 13672700.0}, {'date': Timestamp('2025-09-13 00:00:00'), 'volume': 12627100.0}, {'date': Timestamp('2025-08-23 00:00:00'), 'volume': 10787700.0}]"
AXS,8015190414.361639,weekly,2026-07-27,6918335.0,14,6,6,False,0.9492645545478244,"[{'date': Timestamp('2026-07-27 00:00:00'), 'volume': 6918335.0}, {'date': Timestamp('2025-10-27 00:00:00'), 'volume': 5372800.0}, {'date': Timestamp('2025-10-20 00:00:00'), 'volume': 4373000.0}, {'date': Timestamp('2025-09-15 00:00:00'), 'volume': 4125500.0}, {'date': Timestamp('2025-08-25 00:00:00'), 'volume': 2782900.0}, {'date': Timestamp('2025-08-18 00:00:00'), 'volume': 2611900.0}]"
JBLU,2232113554.0540543,weekly,2026-07-27,335101726.0,14,8,8,True,1.0,"[{'date': Timestamp('2026-07-27 00:00:00'), 'volume': 335101726.0}, {'date': Timestamp('2026-03-23 00:00:00'), 'volume': 226689900.0}, {'date': Timestamp('2025-10-27 00:00:00'), 'volume': 157079200.0}, {'date': Timestamp('2025-10-13 00:00:00'), 'volume': 141704300.0}, {'date': Timestamp('2025-09-15 00:00:00'), 'volume': 105592900.0}, {'date': Timestamp('2025-09-08 00:00:00'), 'volume': 104944400.0}, {'date': Timestamp('2025-09-01 00:00:00'), 'volume': 94538300.0}, {'date': Timestamp('2025-08-18 00:00:00'), 'volume': 89568300.0}]"
AMBA,2725530244.552176,weekly,2026-07-27,26619920.0,14,4,4,True,1.0,"[{'date': Timestamp('2026-07-27 00:00:00'), 'volume': 26619920.0}, {'date': Timestamp('2026-05-25 00:00:00'), 'volume': 14341600.0}, {'date': Timestamp('2025-08-25 00:00:00'), 'volume': 11156100.0}, {'date': Timestamp('2025-08-18 00:00:00'), 'volume': 2730500.0}]"
CAKE,3993709694.3711576,weekly,2026-07-27,14800951.0,14,5,5,False,0.4242200012611136,"[{'date': Timestamp('2026-07-27 00:00:00'), 'volume': 14800951.0}, {'date': Timestamp('2025-10-25 00:00:00'), 'volume': 13714100.0}, {'date': Timestamp('2025-09-13 00:00:00'), 'volume': 9013200.0}, {'date': Timestamp('2025-09-06 00:00:00'), 'volume': 7077300.0}, {'date': Timestamp('2025-08-23 00:00:00'), 'volume': 5251000.0}]"
LAD,6661580404.339636,weekly,2026-07-27,4285511.0,14,4,4,False,0.6742995830383133,"[{'date': Timestamp('2026-07-27 00:00:00'), 'volume': 4285511.0}, {'date': Timestamp('2026-02-09 00:00:00'), 'volume': 2672700.0}, {'date': Timestamp('2025-10-18 00:00:00'), 'volume': 2376500.0}, {'date': Timestamp('2025-08-23 00:00:00'), 'volume': 1721200.0}]"
EXP,7224289976.967254,weekly,2026-07-27,4552634.0,14,7,7,True,1.0,"[{'date': Timestamp('2026-07-27 00:00:00'), 'volume': 4552634.0}, {'date': Timestamp('2026-01-31 00:00:00'), 'volume': 3695200.0}, {'date': Timestamp('2025-12-13 00:00:00'), 'volume': 3471100.0}, {'date': Timestamp('2025-10-25 00:00:00'), 'volume': 2861700.0}, {'date': Timestamp('2025-09-13 00:00:00'), 'volume': 2381000.0}, {'date': Timestamp('2025-08-30 00:00:00'), 'volume': 1628000.0}, {'date': Timestamp('2025-08-23 00:00:00'), 'volume': 1314900.0}]"
GVA,7016532985.699777,weekly,2026-07-27,9552841.0,14,4,4,True,1.0,"[{'date': Timestamp('2026-07-27 00:00:00'), 'volume': 9552841.0}, {'date': Timestamp('2025-09-27 00:00:00'), 'volume': 8954700.0}, {'date': Timestamp('2025-09-13 00:00:00'), 'volume': 3716100.0}, {'date': Timestamp('2025-08-23 00:00:00'), 'volume': 2026200.0}]"
SKYW,3938662655.150778,weekly,2026-07-27,2958680.0,14,5,5,False,0.401814403867831,"[{'date': Timestamp('2026-07-27 00:00:00'), 'volume': 2958680.0}, {'date': Timestamp('2026-06-22 00:00:00'), 'volume': 2842000.0}, {'date': Timestamp('2026-03-16 00:00:00'), 'volume': 2795900.0}, {'date': Timestamp('2025-09-06 00:00:00'), 'volume': 2368900.0}, {'date': Timestamp('2025-08-23 00:00:00'), 'volume': 1922800.0}]"
SITE,5167668927.074267,weekly,2026-07-27,9120421.0,14,7,7,True,1.0,"[{'date': Timestamp('2026-07-27 00:00:00'), 'volume': 9120421.0}, {'date': Timestamp('2026-04-27 00:00:00'), 'volume': 7466900.0}, {'date': Timestamp('2026-01-12 00:00:00'), 'volume': 4963900.0}, {'date': Timestamp('2025-10-27 00:00:00'), 'volume': 4661900.0}, {'date': Timestamp('2025-09-08 00:00:00'), 'volume': 3260200.0}, {'date': Timestamp('2025-08-25 00:00:00'), 'volume': 2372500.0}, {'date': Timestamp('2025-08-18 00:00:00'), 'volume': 2290600.0}]"
AOS,8506783091.154589,weekly,2026-07-27,13221739.0,14,8,8,False,0.6211092529348485,"[{'date': Timestamp('2026-07-27 00:00:00'), 'volume': 13221739.0}, {'date': Timestamp('2026-04-27 00:00:00'), 'volume': 12155900.0}, {'date': Timestamp('2026-01-24 00:00:00'), 'volume': 11097000.0}, {'date': Timestamp('2025-10-25 00:00:00'), 'volume': 10713200.0}, {'date': Timestamp('2025-10-18 00:00:00'), 'volume': 5944200.0}, {'date': Timestamp('2025-09-06 00:00:00'), 'volume': 5910700.0}, {'date': Timestamp('2025-08-30 00:00:00'), 'volume': 5279600.0}, {'date': Timestamp('2025-08-23 00:00:00'), 'volume': 4837600.0}]"
APAM,2883224557.504018,weekly,2026-07-27,6093389.0,14,9,9,False,0.3156035344510569,"[{'date': Timestamp('2026-07-27 00:00:00'), 'volume': 6093389.0}, {'date': Timestamp('2026-03-16 00:00:00'), 'volume': 5713600.0}, {'date': Timestamp('2026-02-02 00:00:00'), 'volume': 4113300.0}, {'date': Timestamp('2025-12-15 00:00:00'), 'volume': 3424000.0}, {'date': Timestamp('2025-12-08 00:00:00'), 'volume': 3315300.0}, {'date': Timestamp('2025-10-27 00:00:00'), 'volume': 2793400.0}, {'date': Timestamp('2025-09-15 00:00:00'), 'volume': 2553800.0}, {'date': Timestamp('2025-09-08 00:00:00'), 'volume': 2272400.0}, {'date': Timestamp('2025-08-18 00:00:00'), 'volume': 2012900.0}]"
VFC,6815068349.651533,weekly,2026-07-27,81600757.0,14,5,5,False,0.6912067375090529,"[{'date': Timestamp('2026-07-27 00:00:00'), 'volume': 81600757.0}, {'date': Timestamp('2026-05-18 00:00:00'), 'volume': 68451700.0}, {'date': Timestamp('2025-10-25 00:00:00'), 'volume': 62255000.0}, {'date': Timestamp('2025-09-13 00:00:00'), 'volume': 54117100.0}, {'date': Timestamp('2025-08-23 00:00:00'), 'volume': 44547900.0}]"
TRN,2870943718.1539297,weekly,2026-07-27,6914806.0,14,5,5,False,0.4042067913322538,"[{'date': Timestamp('2026-07-27 00:00:00'), 'volume': 6914806.0}, {'date': Timestamp('2026-01-10 00:00:00'), 'volume': 6691300.0}, {'date': Timestamp('2025-12-13 00:00:00'), 'volume': 5157200.0}, {'date': Timestamp('2025-09-13 00:00:00'), 'volume': 3844900.0}, {'date': Timestamp('2025-08-23 00:00:00'), 'volume': 2381200.0}]"
BDC,4654591457.068249,weekly,2026-07-27,4008583.0,14,9,9,True,1.0,"[{'date': Timestamp('2026-07-27 00:00:00'), 'volume': 4008583.0}, {'date': Timestamp('2026-06-22 00:00:00'), 'volume': 3739200.0}, {'date': Timestamp('2026-05-04 00:00:00'), 'volume': 3596500.0}, {'date': Timestamp('2026-04-27 00:00:00'), 'volume': 3347100.0}, {'date': Timestamp('2026-03-02 00:00:00'), 'volume': 2386000.0}, {'date': Timestamp('2026-02-09 00:00:00'), 'volume': 2276600.0}, {'date': Timestamp('2025-12-13 00:00:00'), 'volume': 2137500.0}, {'date': Timestamp('2025-10-25 00:00:00'), 'volume': 1594200.0}, {'date': Timestamp('2025-08-23 00:00:00'), 'volume': 1578100.0}]"
BXMT,2940153773.692219,weekly,2026-07-27,21404813.0,14,7,7,False,0.4538591190327765,"[{'date': Timestamp('2026-07-27 00:00:00'), 'volume': 21404813.0}, {'date': Timestamp('2026-06-22 00:00:00'), 'volume': 11380900.0}, {'date': Timestamp('2026-04-27 00:00:00'), 'volume': 11311100.0}, {'date': Timestamp('2025-12-13 00:00:00'), 'volume': 10052600.0}, {'date': Timestamp('2025-09-13 00:00:00'), 'volume': 9543600.0}, {'date': Timestamp('2025-09-06 00:00:00'), 'volume': 4666900.0}, {'date': Timestamp('2025-08-23 00:00:00'), 'volume': 3550800.0}]"
TRMK,2730432352.307725,weekly,2026-07-27,3484892.0,14,7,7,False,0.2107292000507942,"[{'date': Timestamp('2026-07-27 00:00:00'), 'volume': 3484892.0}, {'date': Timestamp('2026-06-22 00:00:00'), 'volume': 3034800.0}, {'date': Timestamp('2026-03-16 00:00:00'), 'volume': 3030800.0}, {'date': Timestamp('2026-02-23 00:00:00'), 'volume': 2795400.0}, {'date': Timestamp('2025-12-13 00:00:00'), 'volume': 2422100.0}, {'date': Timestamp('2025-09-13 00:00:00'), 'volume': 2412200.0}, {'date': Timestamp('2025-08-23 00:00:00'), 'volume': 1060000.0}]"
AMR,2101091591.12112,weekly,2026-07-27,2176336.0,14,3,3,False,0.3293636212297773,"[{'date': Timestamp('2026-07-27 00:00:00'), 'volume': 2176336.0}, {'date': Timestamp('2025-11-03 00:00:00'), 'volume': 2137300.0}, {'date': Timestamp('2025-08-18 00:00:00'), 'volume': 2073800.0}]"
MMSI,4279042774.8221097,weekly,2026-07-27,9616235.0,14,5,5,True,1.0,"[{'date': Timestamp('2026-07-27 00:00:00'), 'volume': 9616235.0}, {'date': Timestamp('2026-04-27 00:00:00'), 'volume': 6062800.0}, {'date': Timestamp('2025-09-13 00:00:00'), 'volume': 5369200.0}, {'date': Timestamp('2025-09-06 00:00:00'), 'volume': 2722000.0}, {'date': Timestamp('2025-08-23 00:00:00'), 'volume': 2438800.0}]"
BUSE,2520399237.6946616,weekly,2026-07-27,6522205.0,14,6,6,True,1.0,"[{'date': Timestamp('2026-07-27 00:00:00'), 'volume': 6522205.0}, {'date': Timestamp('2026-06-22 00:00:00'), 'volume': 5387200.0}, {'date': Timestamp('2026-01-24 00:00:00'), 'volume': 4754700.0}, {'date': Timestamp('2025-09-13 00:00:00'), 'volume': 4441900.0}, {'date': Timestamp('2025-09-06 00:00:00'), 'volume': 2362300.0}, {'date': Timestamp('2025-08-23 00:00:00'), 'volume': 2296300.0}]"
HLI,9635181408.100931,weekly,2026-07-27,8072962.0,14,7,7,False,0.7664374210821125,"[{'date': Timestamp('2026-07-27 00:00:00'), 'volume': 8072962.0}, {'date': Timestamp('2026-05-04 00:00:00'), 'volume': 6560600.0}, {'date': Timestamp('2025-10-27 00:00:00'), 'volume': 4459000.0}, {'date': Timestamp('2025-09-15 00:00:00'), 'volume': 2175800.0}, {'date': Timestamp('2025-09-08 00:00:00'), 'volume': 2130300.0}, {'date': Timestamp('2025-08-25 00:00:00'), 'volume': 2058900.0}, {'date': Timestamp('2025-08-18 00:00:00'), 'volume': 1835700.0}]"
BLDR,9587887433.32845,weekly,2026-07-27,19480928.0,14,7,7,False,0.4890392643673544,"[{'date': Timestamp('2026-07-27 00:00:00'), 'volume': 19480928.0}, {'date': Timestamp('2026-04-27 00:00:00'), 'volume': 17481000.0}, {'date': Timestamp('2026-03-02 00:00:00'), 'volume': 15432700.0}, {'date': Timestamp('2025-11-17 00:00:00'), 'volume': 14991500.0}, {'date': Timestamp('2025-11-10 00:00:00'), 'volume': 14295000.0}, {'date': Timestamp('2025-09-15 00:00:00'), 'volume': 12528900.0}, {'date': Timestamp('2025-08-18 00:00:00'), 'volume': 10625600.0}]"
EDU,7361246175.539711,weekly,2026-07-27,9174482.0,14,7,7,False,0.0657107522253925,"[{'date': Timestamp('2026-07-27 00:00:00'), 'volume': 9174482.0}, {'date': Timestamp('2026-01-26 00:00:00'), 'volume': 9051800.0}, {'date': Timestamp('2025-10-27 00:00:00'), 'volume': 8247200.0}, {'date': Timestamp('2025-10-13 00:00:00'), 'volume': 7698000.0}, {'date': Timestamp('2025-09-08 00:00:00'), 'volume': 6983400.0}, {'date': Timestamp('2025-08-25 00:00:00'), 'volume': 3658200.0}, {'date': Timestamp('2025-08-18 00:00:00'), 'volume': 3070000.0}]"
LEA,6855013078.093475,weekly,2026-07-27,7406037.0,14,8,8,True,1.0,"[{'date': Timestamp('2026-07-27 00:00:00'), 'volume': 7406037.0}, {'date': Timestamp('2026-03-16 00:00:00'), 'volume': 5393300.0}, {'date': Timestamp('2025-12-15 00:00:00'), 'volume': 4920000.0}, {'date': Timestamp('2025-09-22 00:00:00'), 'volume': 4478600.0}, {'date': Timestamp('2025-09-15 00:00:00'), 'volume': 4367600.0}, {'date': Timestamp('2025-09-08 00:00:00'), 'volume': 3886900.0}, {'date': Timestamp('2025-08-25 00:00:00'), 'volume': 2564100.0}, {'date': Timestamp('2025-08-18 00:00:00'), 'volume': 2042900.0}]"
NBTB,2579187268.653472,weekly,2026-07-27,3008611.0,14,5,5,False,0.765296721186376,"[{'date': Timestamp('2026-07-27 00:00:00'), 'volume': 3008611.0}, {'date': Timestamp('2026-06-22 00:00:00'), 'volume': 2534700.0}, {'date': Timestamp('2025-12-13 00:00:00'), 'volume': 2001300.0}, {'date': Timestamp('2025-09-13 00:00:00'), 'volume': 1523300.0}, {'date': Timestamp('2025-08-23 00:00:00'), 'volume': 754500.0}]"
KBR,4230980802.7475967,weekly,2026-07-27,16762822.0,14,8,8,False,0.6786265388990773,"[{'date': Timestamp('2026-07-27 00:00:00'), 'volume': 16762822.0}, {'date': Timestamp('2026-05-04 00:00:00'), 'volume': 14353000.0}, {'date': Timestamp('2025-12-15 00:00:00'), 'volume': 11560500.0}, {'date': Timestamp('2025-10-27 00:00:00'), 'volume': 10256900.0}, {'date': Timestamp('2025-09-22 00:00:00'), 'volume': 9528100.0}, {'date': Timestamp('2025-09-08 00:00:00'), 'volume': 5704000.0}, {'date': Timestamp('2025-08-25 00:00:00'), 'volume': 5699800.0}, {'date': Timestamp('2025-08-18 00:00:00'), 'volume': 4849600.0}]"
GEF,3819430987.25872,weekly,2026-07-27,2112860.0,14,4,4,False,0.8112032557782385,"[{'date': Timestamp('2026-07-27 00:00:00'), 'volume': 2112860.0}, {'date': Timestamp('2026-03-16 00:00:00'), 'volume': 2097500.0}, {'date': Timestamp('2025-12-13 00:00:00'), 'volume': 1992000.0}, {'date': Timestamp('2025-08-23 00:00:00'), 'volume': 1602600.0}]"
MYRG,7442176613.164591,weekly,2026-07-27,2850130.0,14,8,8,False,0.7880035389421881,"[{'date': Timestamp('2026-07-27 00:00:00'), 'volume': 2850130.0}, {'date': Timestamp('2026-05-04 00:00:00'), 'volume': 2289200.0}, {'date': Timestamp('2026-02-23 00:00:00'), 'volume': 1840500.0}, {'date': Timestamp('2025-09-29 00:00:00'), 'volume': 1817800.0}, {'date': Timestamp('2025-09-22 00:00:00'), 'volume': 1642600.0}, {'date': Timestamp('2025-09-15 00:00:00'), 'volume': 1369500.0}, {'date': Timestamp('2025-08-25 00:00:00'), 'volume': 947100.0}, {'date': Timestamp('2025-08-18 00:00:00'), 'volume': 860800.0}]"
UHS,8817726422.19784,weekly,2026-07-27,9286333.0,14,7,7,True,1.0,"[{'date': Timestamp('2026-07-27 00:00:00'), 'volume': 9286333.0}, {'date': Timestamp('2026-05-25 00:00:00'), 'volume': 7975100.0}, {'date': Timestamp('2026-04-27 00:00:00'), 'volume': 6662400.0}, {'date': Timestamp('2026-02-23 00:00:00'), 'volume': 5542400.0}, {'date': Timestamp('2025-12-13 00:00:00'), 'volume': 4978800.0}, {'date': Timestamp('2025-10-25 00:00:00'), 'volume': 4533500.0}, {'date': Timestamp('2025-08-23 00:00:00'), 'volume': 3988800.0}]"
TAL,4953290950.0,weekly,2026-07-27,48669051.0,14,5,5,False,0.0808090610856685,"[{'date': Timestamp('2026-07-27 00:00:00'), 'volume': 48669051.0}, {'date': Timestamp('2026-01-26 00:00:00'), 'volume': 36051200.0}, {'date': Timestamp('2025-10-27 00:00:00'), 'volume': 27105500.0}, {'date': Timestamp('2025-10-13 00:00:00'), 'volume': 25217100.0}, {'date': Timestamp('2025-08-18 00:00:00'), 'volume': 24138300.0}]"
PLUS,2087942301.0491,weekly,2026-07-27,1782209.0,14,6,6,False,0.4793074792243767,"[{'date': Timestamp('2026-07-27 00:00:00'), 'volume': 1782209.0}, {'date': Timestamp('2026-03-16 00:00:00'), 'volume': 1690800.0}, {'date': Timestamp('2025-09-13 00:00:00'), 'volume': 1631200.0}, {'date': Timestamp('2025-09-06 00:00:00'), 'volume': 739000.0}, {'date': Timestamp('2025-08-30 00:00:00'), 'volume': 735000.0}, {'date': Timestamp('2025-08-23 00:00:00'), 'volume': 653100.0}]"
MTX,2474496943.960924,weekly,2026-07-27,3187939.0,14,7,7,False,0.4048382140045208,"[{'date': Timestamp('2026-07-27 00:00:00'), 'volume': 3187939.0}, {'date': Timestamp('2026-06-22 00:00:00'), 'volume': 2343100.0}, {'date': Timestamp('2026-01-24 00:00:00'), 'volume': 1889600.0}, {'date': Timestamp('2025-12-13 00:00:00'), 'volume': 1646200.0}, {'date': Timestamp('2025-09-13 00:00:00'), 'volume': 1462600.0}, {'date': Timestamp('2025-09-06 00:00:00'), 'volume': 1303200.0}, {'date': Timestamp('2025-08-23 00:00:00'), 'volume': 1049400.0}]"
FND,6443492052.545268,weekly,2026-07-27,22732859.0,14,6,6,False,0.7190188351019247,"[{'date': Timestamp('2026-07-27 00:00:00'), 'volume': 22732859.0}, {'date': Timestamp('2026-05-11 00:00:00'), 'volume': 19559600.0}, {'date': Timestamp('2025-11-03 00:00:00'), 'volume': 18309700.0}, {'date': Timestamp('2025-10-27 00:00:00'), 'volume': 16160200.0}, {'date': Timestamp('2025-09-29 00:00:00'), 'volume': 13133500.0}, {'date': Timestamp('2025-08-18 00:00:00'), 'volume': 13004300.0}]"
CFR,9753009317.462736,weekly,2026-07-27,4486287.0,14,6,6,False,0.5022656486156671,"[{'date': Timestamp('2026-07-27 00:00:00'), 'volume': 4486287.0}, {'date': Timestamp('2026-01-24 00:00:00'), 'volume': 3885500.0}, {'date': Timestamp('2025-12-13 00:00:00'), 'volume': 3094600.0}, {'date': Timestamp('2025-11-01 00:00:00'), 'volume': 2865600.0}, {'date': Timestamp('2025-10-11 00:00:00'), 'volume': 2575300.0}, {'date': Timestamp('2025-08-23 00:00:00'), 'volume': 2550300.0}]"
MANH,8155840336.390083,weekly,2026-07-27,8096832.0,14,7,7,False,0.7405052038557919,"[{'date': Timestamp('2026-07-27 00:00:00'), 'volume': 8096832.0}, {'date': Timestamp('2026-01-31 00:00:00'), 'volume': 7647200.0}, {'date': Timestamp('2026-01-24 00:00:00'), 'volume': 5608000.0}, {'date': Timestamp('2025-10-18 00:00:00'), 'volume': 4667700.0}, {'date': Timestamp('2025-09-13 00:00:00'), 'volume': 4363000.0}, {'date': Timestamp('2025-09-06 00:00:00'), 'volume': 2536300.0}, {'date': Timestamp('2025-08-23 00:00:00'), 'volume': 2429200.0}]"
SLGN,4885575324.381204,weekly,2026-07-27,14775656.0,14,5,5,True,1.0,"[{'date': Timestamp('2026-07-27 00:00:00'), 'volume': 14775656.0}, {'date': Timestamp('2025-10-25 00:00:00'), 'volume': 13362600.0}, {'date': Timestamp('2025-09-13 00:00:00'), 'volume': 6872600.0}, {'date': Timestamp('2025-08-30 00:00:00'), 'volume': 5217400.0}, {'date': Timestamp('2025-08-23 00:00:00'), 'volume': 4817000.0}]"
PSN,5449485886.752816,weekly,2026-07-27,23872653.0,14,7,7,True,1.0,"[{'date': Timestamp('2026-07-27 00:00:00'), 'volume': 23872653.0}, {'date': Timestamp('2025-12-08 00:00:00'), 'volume': 15449700.0}, {'date': Timestamp('2025-12-01 00:00:00'), 'volume': 15074100.0}, {'date': Timestamp('2025-09-15 00:00:00'), 'volume': 8749700.0}, {'date': Timestamp('2025-09-01 00:00:00'), 'volume': 5375900.0}, {'date': Timestamp('2025-08-25 00:00:00'), 'volume': 3981800.0}, {'date': Timestamp('2025-08-18 00:00:00'), 'volume': 3434500.0}]"
WEX,4784550650.383002,weekly,2026-07-27,6024539.0,14,8,8,False,0.4818628925183562,"[{'date': Timestamp('2026-07-27 00:00:00'), 'volume': 6024539.0}, {'date': Timestamp('2026-07-20 00:00:00'), 'volume': 5357600.0}, {'date': Timestamp('2026-04-20 00:00:00'), 'volume': 5242600.0}, {'date': Timestamp('2026-02-02 00:00:00'), 'volume': 5155100.0}, {'date': Timestamp('2025-11-10 00:00:00'), 'volume': 2687300.0}, {'date': Timestamp('2025-10-27 00:00:00'), 'volume': 2562200.0}, {'date': Timestamp('2025-09-15 00:00:00'), 'volume': 2415400.0}, {'date': Timestamp('2025-08-18 00:00:00'), 'volume': 1801800.0}]"
OLN,2476747768.1912107,weekly,2026-07-27,31365903.0,14,5,5,True,1.0,"[{'date': Timestamp('2026-07-27 00:00:00'), 'volume': 31365903.0}, {'date': Timestamp('2026-01-24 00:00:00'), 'volume': 24195400.0}, {'date': Timestamp('2025-10-25 00:00:00'), 'volume': 21723100.0}, {'date': Timestamp('2025-09-06 00:00:00'), 'volume': 15043000.0}, {'date': Timestamp('2025-08-23 00:00:00'), 'volume': 11004700.0}]"
EXPO,2950962281.946724,weekly,2026-07-27,5083359.0,14,5,5,False,0.3708829645194475,"[{'date': Timestamp('2026-07-27 00:00:00'), 'volume': 5083359.0}, {'date': Timestamp('2026-06-22 00:00:00'), 'volume': 3800100.0}, {'date': Timestamp('2026-02-09 00:00:00'), 'volume': 3410900.0}, {'date': Timestamp('2025-09-13 00:00:00'), 'volume': 3363000.0}, {'date': Timestamp('2025-08-23 00:00:00'), 'volume': 2310100.0}]"
AGCO,8497140282.869762,weekly,2026-07-27,7142630.0,14,7,7,False,0.5753318619711957,"[{'date': Timestamp('2026-07-27 00:00:00'), 'volume': 7142630.0}, {'date': Timestamp('2026-01-31 00:00:00'), 'volume': 5719800.0}, {'date': Timestamp('2025-10-25 00:00:00'), 'volume': 5158400.0}, {'date': Timestamp('2025-10-04 00:00:00'), 'volume': 4778700.0}, {'date': Timestamp('2025-09-13 00:00:00'), 'volume': 4354800.0}, {'date': Timestamp('2025-08-30 00:00:00'), 'volume': 3699700.0}, {'date': Timestamp('2025-08-23 00:00:00'), 'volume': 3269600.0}]"
CUBE,9344090447.661991,weekly,2026-07-27,19008599.0,14,8,8,False,0.3671016913801028,"[{'date': Timestamp('2026-07-27 00:00:00'), 'volume': 19008599.0}, {'date': Timestamp('2026-03-16 00:00:00'), 'volume': 18954300.0}, {'date': Timestamp('2025-12-15 00:00:00'), 'volume': 15373800.0}, {'date': Timestamp('2025-10-27 00:00:00'), 'volume': 12350600.0}, {'date': Timestamp('2025-09-15 00:00:00'), 'volume': 10669800.0}, {'date': Timestamp('2025-09-08 00:00:00'), 'volume': 8794800.0}, {'date': Timestamp('2025-08-25 00:00:00'), 'volume': 8399400.0}, {'date': Timestamp('2025-08-18 00:00:00'), 'volume': 5965500.0}]"
EXLS,3972356428.86598,weekly,2026-07-27,24713503.0,14,7,7,False,0.4443675806886631,"[{'date': Timestamp('2026-07-27 00:00:00'), 'volume': 24713503.0}, {'date': Timestamp('2026-06-22 00:00:00'), 'volume': 21521200.0}, {'date': Timestamp('2026-02-02 00:00:00'), 'volume': 17136600.0}, {'date': Timestamp('2025-10-27 00:00:00'), 'volume': 13407300.0}, {'date': Timestamp('2025-09-15 00:00:00'), 'volume': 10242900.0}, {'date': Timestamp('2025-09-08 00:00:00'), 'volume': 7361100.0}, {'date': Timestamp('2025-08-18 00:00:00'), 'volume': 5678000.0}]"
MGY,5100823846.844853,weekly,2026-07-20,82110300.0,21,7,7,True,1.0,"[{'date': Timestamp('2026-07-20 00:00:00'), 'volume': 82110300.0}, {'date': Timestamp('2026-06-22 00:00:00'), 'volume': 22986400.0}, {'date': Timestamp('2026-03-09 00:00:00'), 'volume': 20636500.0}, {'date': Timestamp('2025-11-03 00:00:00'), 'volume': 17775700.0}, {'date': Timestamp('2025-09-15 00:00:00'), 'volume': 15542800.0}, {'date': Timestamp('2025-08-25 00:00:00'), 'volume': 11770800.0}, {'date': Timestamp('2025-08-18 00:00:00'), 'volume': 7947800.0}]"
BKU,3580300999.799403,weekly,2026-07-20,8668200.0,21,5,5,False,0.3594481511737362,"[{'date': Timestamp('2026-07-20 00:00:00'), 'volume': 8668200.0}, {'date': Timestamp('2025-10-06 00:00:00'), 'volume': 7803700.0}, {'date': Timestamp('2025-09-15 00:00:00'), 'volume': 5995900.0}, {'date': Timestamp('2025-09-08 00:00:00'), 'volume': 3285300.0}, {'date': Timestamp('2025-08-18 00:00:00'), 'volume': 2924000.0}]"
CLBK,2170654777.113546,weekly,2026-07-20,90910100.0,21,6,6,True,1.0,"[{'date': Timestamp('2026-07-20 00:00:00'), 'volume': 90910100.0}, {'date': Timestamp('2026-07-13 00:00:00'), 'volume': 20247920.0}, {'date': Timestamp('2026-02-02 00:00:00'), 'volume': 2951900.0}, {'date': Timestamp('2025-09-15 00:00:00'), 'volume': 962300.0}, {'date': Timestamp('2025-09-08 00:00:00'), 'volume': 656900.0}, {'date': Timestamp('2025-08-18 00:00:00'), 'volume': 586000.0}]"
ACI,6656089142.413517,weekly,2026-07-20,81223700.0,21,8,8,False,0.9810810484358016,"[{'date': Timestamp('2026-07-20 00:00:00'), 'volume': 81223700.0}, {'date': Timestamp('2026-01-05 00:00:00'), 'volume': 80980800.0}, {'date': Timestamp('2025-10-13 00:00:00'), 'volume': 61741900.0}, {'date': Timestamp('2025-10-06 00:00:00'), 'volume': 43863000.0}, {'date': Timestamp('2025-09-15 00:00:00'), 'volume': 35359900.0}, {'date': Timestamp('2025-09-08 00:00:00'), 'volume': 29100600.0}, {'date': Timestamp('2025-08-25 00:00:00'), 'volume': 27276000.0}, {'date': Timestamp('2025-08-18 00:00:00'), 'volume': 21939000.0}]"
ROAD,6946424190.426471,weekly,2026-07-20,11277900.0,21,5,5,True,1.0,"[{'date': Timestamp('2026-07-20 00:00:00'), 'volume': 11277900.0}, {'date': Timestamp('2026-07-13 00:00:00'), 'volume': 5389900.0}, {'date': Timestamp('2026-05-04 00:00:00'), 'volume': 4292400.0}, {'date': Timestamp('2026-02-02 00:00:00'), 'volume': 4177800.0}, {'date': Timestamp('2025-08-18 00:00:00'), 'volume': 3880600.0}]"
RGEN,8292501280.211389,weekly,2026-07-20,8983400.0,21,9,9,False,0.9420314171263188,"[{'date': Timestamp('2026-07-20 00:00:00'), 'volume': 8983400.0}, {'date': Timestamp('2026-05-11 00:00:00'), 'volume': 8759500.0}, {'date': Timestamp('2026-05-04 00:00:00'), 'volume': 6936000.0}, {'date': Timestamp('2025-10-25 00:00:00'), 'volume': 6602400.0}, {'date': Timestamp('2025-10-18 00:00:00'), 'volume': 6265000.0}, {'date': Timestamp('2025-09-27 00:00:00'), 'volume': 6037000.0}, {'date': Timestamp('2025-09-13 00:00:00'), 'volume': 4959600.0}, {'date': Timestamp('2025-09-06 00:00:00'), 'volume': 3627300.0}, {'date': Timestamp('2025-08-23 00:00:00'), 'volume': 3423600.0}]"
VVX,2269383856.448018,weekly,2026-07-20,6288500.0,21,6,6,True,1.0,"[{'date': Timestamp('2026-07-20 00:00:00'), 'volume': 6288500.0}, {'date': Timestamp('2026-05-04 00:00:00'), 'volume': 5403700.0}, {'date': Timestamp('2026-02-23 00:00:00'), 'volume': 3964800.0}, {'date': Timestamp('2025-09-15 00:00:00'), 'volume': 2930200.0}, {'date': Timestamp('2025-09-08 00:00:00'), 'volume': 2205300.0}, {'date': Timestamp('2025-08-18 00:00:00'), 'volume': 1759100.0}]"
TPC,4184447294.7980623,weekly,2026-07-20,12377600.0,21,5,5,False,0.7866535320474117,"[{'date': Timestamp('2026-07-20 00:00:00'), 'volume': 12377600.0}, {'date': Timestamp('2026-02-23 00:00:00'), 'volume': 5432000.0}, {'date': Timestamp('2026-01-24 00:00:00'), 'volume': 4108000.0}, {'date': Timestamp('2025-09-13 00:00:00'), 'volume': 3501300.0}, {'date': Timestamp('2025-08-23 00:00:00'), 'volume': 2814600.0}]"
NG,2790644911.7658534,weekly,2026-07-20,42405400.0,21,5,5,False,0.8239898180263682,"[{'date': Timestamp('2026-07-20 00:00:00'), 'volume': 42405400.0}, {'date': Timestamp('2026-01-26 00:00:00'), 'volume': 38268200.0}, {'date': Timestamp('2025-09-29 00:00:00'), 'volume': 32129500.0}, {'date': Timestamp('2025-09-15 00:00:00'), 'volume': 26720700.0}, {'date': Timestamp('2025-08-18 00:00:00'), 'volume': 17920900.0}]"
SXT,5115937852.331308,weekly,2026-07-20,4888600.0,21,6,6,False,0.5391461625842312,"[{'date': Timestamp('2026-07-20 00:00:00'), 'volume': 4888600.0}, {'date': Timestamp('2026-04-27 00:00:00'), 'volume': 3691900.0}, {'date': Timestamp('2026-04-20 00:00:00'), 'volume': 3506900.0}, {'date': Timestamp('2026-02-09 00:00:00'), 'volume': 3304700.0}, {'date': Timestamp('2025-09-06 00:00:00'), 'volume': 3286700.0}, {'date': Timestamp('2025-08-23 00:00:00'), 'volume': 1901100.0}]"
PEGA,5143831683.549444,weekly,2026-07-20,31430500.0,21,6,6,True,1.0,"[{'date': Timestamp('2026-07-20 00:00:00'), 'volume': 31430500.0}, {'date': Timestamp('2026-02-09 00:00:00'), 'volume': 24830300.0}, {'date': Timestamp('2025-10-18 00:00:00'), 'volume': 14682300.0}, {'date': Timestamp('2025-09-13 00:00:00'), 'volume': 10368700.0}, {'date': Timestamp('2025-09-06 00:00:00'), 'volume': 6541200.0}, {'date': Timestamp('2025-08-23 00:00:00'), 'volume': 4953500.0}]"
KRMN,6151870483.829695,weekly,2026-07-13,32940600.0,28,10,10,True,1.0,"[{'date': Timestamp('2026-07-13 00:00:00'), 'volume': 32940600.0}, {'date': Timestamp('2026-06-15 00:00:00'), 'volume': 23546500.0}, {'date': Timestamp('2026-05-25 00:00:00'), 'volume': 20649700.0}, {'date': Timestamp('2025-12-15 00:00:00'), 'volume': 18532300.0}, {'date': Timestamp('2025-11-03 00:00:00'), 'volume': 12906900.0}, {'date': Timestamp('2025-09-15 00:00:00'), 'volume': 10928300.0}, {'date': Timestamp('2025-09-08 00:00:00'), 'volume': 9237000.0}, {'date': Timestamp('2025-09-01 00:00:00'), 'volume': 6633000.0}, {'date': Timestamp('2025-08-25 00:00:00'), 'volume': 5808100.0}, {'date': Timestamp('2025-08-18 00:00:00'), 'volume': 5521000.0}]"
FHB,3594727241.0017066,weekly,2026-07-13,14593500.0,28,8,8,False,0.3324350551723509,"[{'date': Timestamp('2026-07-13 00:00:00'), 'volume': 14593500.0}, {'date': Timestamp('2026-04-20 00:00:00'), 'volume': 12236000.0}, {'date': Timestamp('2026-01-26 00:00:00'), 'volume': 12044700.0}, {'date': Timestamp('2025-11-17 00:00:00'), 'volume': 8580600.0}, {'date': Timestamp('2025-11-10 00:00:00'), 'volume': 7186200.0}, {'date': Timestamp('2025-10-20 00:00:00'), 'volume': 6815400.0}, {'date': Timestamp('2025-08-25 00:00:00'), 'volume': 6510400.0}, {'date': Timestamp('2025-08-18 00:00:00'), 'volume': 4699000.0}]"
PATH,5455809721.821752,weekly,2026-07-13,402400900.0,28,7,7,True,1.0,"[{'date': Timestamp('2026-07-13 00:00:00'), 'volume': 402400900.0}, {'date': Timestamp('2026-07-06 00:00:00'), 'volume': 378026700.0}, {'date': Timestamp('2026-03-09 00:00:00'), 'volume': 361270400.0}, {'date': Timestamp('2025-10-06 00:00:00'), 'volume': 303134100.0}, {'date': Timestamp('2025-09-29 00:00:00'), 'volume': 172299400.0}, {'date': Timestamp('2025-09-01 00:00:00'), 'volume': 91570600.0}, {'date': Timestamp('2025-08-18 00:00:00'), 'volume': 48327000.0}]"
WDFC,3341380038.0831914,weekly,2026-07-06,1869600.0,35,6,6,False,0.9238523496565696,"[{'date': Timestamp('2026-07-06 00:00:00'), 'volume': 1869600.0}, {'date': Timestamp('2026-01-03 00:00:00'), 'volume': 1546800.0}, {'date': Timestamp('2025-10-18 00:00:00'), 'volume': 1161100.0}, {'date': Timestamp('2025-09-13 00:00:00'), 'volume': 1140400.0}, {'date': Timestamp('2025-09-06 00:00:00'), 'volume': 575800.0}, {'date': Timestamp('2025-08-23 00:00:00'), 'volume': 461900.0}]"
OLLI,4347196511.976474,weekly,2026-07-06,19444000.0,35,5,5,True,1.0,"[{'date': Timestamp('2026-07-06 00:00:00'), 'volume': 19444000.0}, {'date': Timestamp('2026-06-01 00:00:00'), 'volume': 12703400.0}, {'date': Timestamp('2025-12-08 00:00:00'), 'volume': 10613200.0}, {'date': Timestamp('2025-08-25 00:00:00'), 'volume': 8341000.0}, {'date': Timestamp('2025-08-18 00:00:00'), 'volume': 6069100.0}]"
PLBL,2868813795.871324,weekly,2026-07-06,4373900.0,35,6,6,True,1.0,"[{'date': Timestamp('2026-07-06 00:00:00'), 'volume': 4373900.0}, {'date': Timestamp('2026-06-29 00:00:00'), 'volume': 1578400.0}, {'date': Timestamp('2026-06-15 00:00:00'), 'volume': 1091300.0}, {'date': Timestamp('2026-06-08 00:00:00'), 'volume': 673600.0}, {'date': Timestamp('2025-08-25 00:00:00'), 'volume': 288400.0}, {'date': Timestamp('2025-08-18 00:00:00'), 'volume': 170400.0}]"
NUVL,9757823209.789362,weekly,2026-06-08,73017500.0,35,6,6,True,1.0,"[{'date': Timestamp('2026-06-08 00:00:00'), 'volume': 73017500}, {'date': Timestamp('2025-11-17 00:00:00'), 'volume': 7857000}, {'date': Timestamp('2025-10-27 00:00:00'), 'volume': 4230900}, {'date': Timestamp('2025-10-20 00:00:00'), 'volume': 3195300}, {'date': Timestamp('2025-08-04 00:00:00'), 'volume': 3066100}, {'date': Timestamp('2025-07-21 00:00:00'), 'volume': 2761500}]"
MLCO,2007467350.0,weekly,2026-07-06,26140500.0,35,4,4,False,0.4120741403988877,"[{'date': Timestamp('2026-07-06 00:00:00'), 'volume': 26140500.0}, {'date': Timestamp('2026-01-19 00:00:00'), 'volume': 18944600.0}, {'date': Timestamp('2025-08-25 00:00:00'), 'volume': 18855600.0}, {'date': Timestamp('2025-08-18 00:00:00'), 'volume': 16908600.0}]"
FIZZ,3064578645.8121047,weekly,2026-07-06,3807200.0,35,8,8,False,0.1430471538606049,"[{'date': Timestamp('2026-07-06 00:00:00'), 'volume': 3807200.0}, {'date': Timestamp('2026-06-22 00:00:00'), 'volume': 3222100.0}, {'date': Timestamp('2025-11-15 00:00:00'), 'volume': 2916200.0}, {'date': Timestamp('2025-11-01 00:00:00'), 'volume': 2500300.0}, {'date': Timestamp('2025-10-25 00:00:00'), 'volume': 1797600.0}, {'date': Timestamp('2025-09-13 00:00:00'), 'volume': 1700600.0}, {'date': Timestamp('2025-09-06 00:00:00'), 'volume': 1387200.0}, {'date': Timestamp('2025-08-23 00:00:00'), 'volume': 964900.0}]"
PENG,3160554702.017073,weekly,2026-07-06,40390900.0,35,7,7,True,1.0,"[{'date': Timestamp('2026-07-06 00:00:00'), 'volume': 40390900.0}, {'date': Timestamp('2026-05-11 00:00:00'), 'volume': 27329900.0}, {'date': Timestamp('2026-05-04 00:00:00'), 'volume': 20837000.0}, {'date': Timestamp('2025-10-06 00:00:00'), 'volume': 19573300.0}, {'date': Timestamp('2025-09-15 00:00:00'), 'volume': 7791600.0}, {'date': Timestamp('2025-09-08 00:00:00'), 'volume': 5945300.0}, {'date': Timestamp('2025-08-18 00:00:00'), 'volume': 4669100.0}]"
TARS,2707067416.1193657,weekly,2026-07-06,9010200.0,35,6,6,True,1.0,"[{'date': Timestamp('2026-07-06 00:00:00'), 'volume': 9010200.0}, {'date': Timestamp('2026-06-29 00:00:00'), 'volume': 6214800.0}, {'date': Timestamp('2026-06-22 00:00:00'), 'volume': 5524600.0}, {'date': Timestamp('2026-02-23 00:00:00'), 'volume': 5313800.0}, {'date': Timestamp('2025-09-08 00:00:00'), 'volume': 4570900.0}, {'date': Timestamp('2025-08-18 00:00:00'), 'volume': 3302600.0}]"
TMHC,6606517021.052237,weekly,2026-06-08,32299100.0,35,4,4,False,0.6913675116711653,"[{'date': Timestamp('2026-06-08 00:00:00'), 'volume': 32299100}, {'date': Timestamp('2026-06-01 00:00:00'), 'volume': 31896000}, {'date': Timestamp('2026-04-13 00:00:00'), 'volume': 9586100}, {'date': Timestamp('2025-07-21 00:00:00'), 'volume': 9172600}]"
CRNX,3869655835.0671625,weekly,2026-07-06,121621900.0,35,7,7,True,1.0,"[{'date': Timestamp('2026-07-06 00:00:00'), 'volume': 121621900.0}, {'date': Timestamp('2026-01-05 00:00:00'), 'volume': 17706200.0}, {'date': Timestamp('2025-09-22 00:00:00'), 'volume': 15963800.0}, {'date': Timestamp('2025-09-15 00:00:00'), 'volume': 7632700.0}, {'date': Timestamp('2025-09-08 00:00:00'), 'volume': 6657000.0}, {'date': Timestamp('2025-09-01 00:00:00'), 'volume': 5981200.0}, {'date': Timestamp('2025-08-18 00:00:00'), 'volume': 4759700.0}]"
ALSN,9939047784.87761,weekly,2026-06-29,16819700.0,42,6,6,True,1.0,"[{'date': Timestamp('2026-06-29 00:00:00'), 'volume': 16819700.0}, {'date': Timestamp('2025-12-08 00:00:00'), 'volume': 7334500.0}, {'date': Timestamp('2025-10-27 00:00:00'), 'volume': 6295000.0}, {'date': Timestamp('2025-09-15 00:00:00'), 'volume': 5706500.0}, {'date': Timestamp('2025-08-25 00:00:00'), 'volume': 4514500.0}, {'date': Timestamp('2025-08-18 00:00:00'), 'volume': 4022700.0}]"
CURB,3341375647.693585,weekly,2026-06-29,9778800.0,42,5,5,False,0.7107977466836272,"[{'date': Timestamp('2026-06-29 00:00:00'), 'volume': 9778800.0}, {'date': Timestamp('2025-12-08 00:00:00'), 'volume': 6901900.0}, {'date': Timestamp('2025-10-27 00:00:00'), 'volume': 5152500.0}, {'date': Timestamp('2025-08-25 00:00:00'), 'volume': 3722400.0}, {'date': Timestamp('2025-08-18 00:00:00'), 'volume': 2280400.0}]"
LCII,2328222281.03276,weekly,2026-06-29,5572400.0,42,6,6,True,1.0,"[{'date': Timestamp('2026-06-29 00:00:00'), 'volume': 5572400.0}, {'date': Timestamp('2026-04-13 00:00:00'), 'volume': 4778900.0}, {'date': Timestamp('2025-10-25 00:00:00'), 'volume': 3151400.0}, {'date': Timestamp('2025-09-13 00:00:00'), 'volume': 1985600.0}, {'date': Timestamp('2025-09-06 00:00:00'), 'volume': 1163300.0}, {'date': Timestamp('2025-08-23 00:00:00'), 'volume': 955200.0}]"
PATK,3135710940.7315493,weekly,2026-06-29,7670100.0,42,8,8,True,1.0,"[{'date': Timestamp('2026-06-29 00:00:00'), 'volume': 7670100.0}, {'date': Timestamp('2026-04-27 00:00:00'), 'volume': 4430600.0}, {'date': Timestamp('2026-04-13 00:00:00'), 'volume': 3856800.0}, {'date': Timestamp('2026-01-31 00:00:00'), 'volume': 2581300.0}, {'date': Timestamp('2026-01-10 00:00:00'), 'volume': 2234300.0}, {'date': Timestamp('2025-10-25 00:00:00'), 'volume': 2051300.0}, {'date': Timestamp('2025-09-13 00:00:00'), 'volume': 1971600.0}, {'date': Timestamp('2025-08-23 00:00:00'), 'volume': 1127600.0}]"
GPOR,2926715318.3165555,weekly,2026-06-29,4089300.0,42,3,3,True,1.0,"[{'date': Timestamp('2026-06-29 00:00:00'), 'volume': 4089300.0}, {'date': Timestamp('2025-09-15 00:00:00'), 'volume': 2437500.0}, {'date': Timestamp('2025-08-18 00:00:00'), 'volume': 1478200.0}]"
NTST,2070568544.123314,weekly,2026-06-22,35044400.0,49,6,6,True,1.0,"[{'date': Timestamp('2026-06-22 00:00:00'), 'volume': 35044400.0}, {'date': Timestamp('2026-02-09 00:00:00'), 'volume': 14398400.0}, {'date': Timestamp('2025-12-15 00:00:00'), 'volume': 9385700.0}, {'date': Timestamp('2025-09-15 00:00:00'), 'volume': 9028400.0}, {'date': Timestamp('2025-08-25 00:00:00'), 'volume': 5214700.0}, {'date': Timestamp('2025-08-18 00:00:00'), 'volume': 4792200.0}]"
NMIH,3085978246.2614417,weekly,2026-06-22,4786800.0,49,7,7,False,0.2462333012690264,"[{'date': Timestamp('2026-06-22 00:00:00'), 'volume': 4786800.0}, {'date': Timestamp('2026-04-27 00:00:00'), 'volume': 4195200.0}, {'date': Timestamp('2026-01-12 00:00:00'), 'volume': 3173700.0}, {'date': Timestamp('2025-11-03 00:00:00'), 'volume': 2905800.0}, {'date': Timestamp('2025-09-15 00:00:00'), 'volume': 2319800.0}, {'date': Timestamp('2025-09-08 00:00:00'), 'volume': 1593500.0}, {'date': Timestamp('2025-08-18 00:00:00'), 'volume': 1532300.0}]"
KNSA,4554730502.204255,weekly,2026-06-22,9872000.0,49,9,9,False,0.8901392195051576,"[{'date': Timestamp('2026-06-22 00:00:00'), 'volume': 9872000.0}, {'date': Timestamp('2026-04-27 00:00:00'), 'volume': 7484400.0}, {'date': Timestamp('2026-02-23 00:00:00'), 'volume': 4554300.0}, {'date': Timestamp('2026-01-12 00:00:00'), 'volume': 4215400.0}, {'date': Timestamp('2025-10-27 00:00:00'), 'volume': 4141500.0}, {'date': Timestamp('2025-10-20 00:00:00'), 'volume': 2821600.0}, {'date': Timestamp('2025-09-29 00:00:00'), 'volume': 2767800.0}, {'date': Timestamp('2025-09-08 00:00:00'), 'volume': 2256500.0}, {'date': Timestamp('2025-08-18 00:00:00'), 'volume': 2048300.0}]"
SFBS,4838753271.031206,weekly,2026-06-22,2964500.0,49,5,5,False,0.963657640672236,"[{'date': Timestamp('2026-06-22 00:00:00'), 'volume': 2964500.0}, {'date': Timestamp('2025-12-15 00:00:00'), 'volume': 2640200.0}, {'date': Timestamp('2025-09-15 00:00:00'), 'volume': 1933300.0}, {'date': Timestamp('2025-08-25 00:00:00'), 'volume': 1162100.0}, {'date': Timestamp('2025-08-18 00:00:00'), 'volume': 944500.0}]"
MSGE,3798629898.148148,weekly,2026-06-22,4274100.0,49,7,7,False,0.535675343719059,"[{'date': Timestamp('2026-06-22 00:00:00'), 'volume': 4274100.0}, {'date': Timestamp('2026-05-11 00:00:00'), 'volume': 3000900.0}, {'date': Timestamp('2026-05-04 00:00:00'), 'volume': 2721500.0}, {'date': Timestamp('2026-03-02 00:00:00'), 'volume': 2267100.0}, {'date': Timestamp('2025-09-08 00:00:00'), 'volume': 2237200.0}, {'date': Timestamp('2025-08-25 00:00:00'), 'volume': 1962100.0}, {'date': Timestamp('2025-08-18 00:00:00'), 'volume': 1494000.0}]"
OUT,5852351412.15166,weekly,2026-06-22,14905000.0,49,4,4,False,0.3587937088309494,"[{'date': Timestamp('2026-06-22 00:00:00'), 'volume': 14905000.0}, {'date': Timestamp('2025-11-10 00:00:00'), 'volume': 14197900.0}, {'date': Timestamp('2025-11-03 00:00:00'), 'volume': 14140900.0}, {'date': Timestamp('2025-08-18 00:00:00'), 'volume': 8801000.0}]"
SR,4780184065.574726,weekly,2026-06-22,5140900.0,49,7,7,False,0.7643324412726732,"[{'date': Timestamp('2026-06-22 00:00:00'), 'volume': 5140900.0}, {'date': Timestamp('2026-06-08 00:00:00'), 'volume': 3638900.0}, {'date': Timestamp('2025-12-13 00:00:00'), 'volume': 3026700.0}, {'date': Timestamp('2025-09-20 00:00:00'), 'volume': 2900500.0}, {'date': Timestamp('2025-09-13 00:00:00'), 'volume': 2898300.0}, {'date': Timestamp('2025-09-06 00:00:00'), 'volume': 2375400.0}, {'date': Timestamp('2025-08-23 00:00:00'), 'volume': 1851900.0}]"
NTB,2410478351.5495467,weekly,2026-06-22,1726200.0,49,5,5,False,0.398274191315583,"[{'date': Timestamp('2026-06-22 00:00:00'), 'volume': 1726200.0}, {'date': Timestamp('2025-10-27 00:00:00'), 'volume': 1657500.0}, {'date': Timestamp('2025-09-15 00:00:00'), 'volume': 1265400.0}, {'date': Timestamp('2025-08-25 00:00:00'), 'volume': 1034400.0}, {'date': Timestamp('2025-08-18 00:00:00'), 'volume': 732700.0}]"
UBSI,6367673313.004546,weekly,2026-06-22,7556400.0,49,5,5,False,0.4984761527805264,"[{'date': Timestamp('2026-06-22 00:00:00'), 'volume': 7556400.0}, {'date': Timestamp('2025-12-13 00:00:00'), 'volume': 6598100.0}, {'date': Timestamp('2025-10-11 00:00:00'), 'volume': 4640900.0}, {'date': Timestamp('2025-09-13 00:00:00'), 'volume': 4567700.0}, {'date': Timestamp('2025-08-23 00:00:00'), 'volume': 2924900.0}]"
FCPT,2807384559.514788,weekly,2026-06-22,6615600.0,49,8,8,False,0.8786124096897577,"[{'date': Timestamp('2026-06-22 00:00:00'), 'volume': 6615600.0}, {'date': Timestamp('2026-01-12 00:00:00'), 'volume': 6360800.0}, {'date': Timestamp('2025-12-15 00:00:00'), 'volume': 5702800.0}, {'date': Timestamp('2025-09-15 00:00:00'), 'volume': 4751200.0}, {'date': Timestamp('2025-09-08 00:00:00'), 'volume': 2839500.0}, {'date': Timestamp('2025-09-01 00:00:00'), 'volume': 2456300.0}, {'date': Timestamp('2025-08-25 00:00:00'), 'volume': 2158200.0}, {'date': Timestamp('2025-08-18 00:00:00'), 'volume': 2040700.0}]"
FFIN,5049255249.307385,weekly,2026-06-22,8472600.0,49,6,6,False,0.8226783702955685,"[{'date': Timestamp('2026-06-22 00:00:00'), 'volume': 8472600.0}, {'date': Timestamp('2025-12-13 00:00:00'), 'volume': 6190000.0}, {'date': Timestamp('2025-12-06 00:00:00'), 'volume': 5258000.0}, {'date': Timestamp('2025-10-25 00:00:00'), 'volume': 3947800.0}, {'date': Timestamp('2025-09-13 00:00:00'), 'volume': 3450400.0}, {'date': Timestamp('2025-08-23 00:00:00'), 'volume': 2700000.0}]"
OSW,2862718703.793103,weekly,2026-06-22,7656400.0,49,5,5,False,0.4012451786013751,"[{'date': Timestamp('2026-06-22 00:00:00'), 'volume': 7656400.0}, {'date': Timestamp('2026-02-02 00:00:00'), 'volume': 6820900.0}, {'date': Timestamp('2025-09-15 00:00:00'), 'volume': 4975300.0}, {'date': Timestamp('2025-08-25 00:00:00'), 'volume': 2480900.0}, {'date': Timestamp('2025-08-18 00:00:00'), 'volume': 2430400.0}]"
ESNT,5898704586.193694,weekly,2026-06-22,6693000.0,49,5,5,False,0.2211611538842811,"[{'date': Timestamp('2026-06-22 00:00:00'), 'volume': 6693000.0}, {'date': Timestamp('2025-12-15 00:00:00'), 'volume': 5803900.0}, {'date': Timestamp('2025-09-15 00:00:00'), 'volume': 5265500.0}, {'date': Timestamp('2025-09-08 00:00:00'), 'volume': 2830900.0}, {'date': Timestamp('2025-08-18 00:00:00'), 'volume': 2264300.0}]"
SBRA,4927794300.010358,weekly,2026-06-22,24601000.0,49,4,4,False,0.8363448456394549,"[{'date': Timestamp('2026-06-22 00:00:00'), 'volume': 24601000.0}, {'date': Timestamp('2025-10-06 00:00:00'), 'volume': 22932400.0}, {'date': Timestamp('2025-09-29 00:00:00'), 'volume': 14223900.0}, {'date': Timestamp('2025-08-18 00:00:00'), 'volume': 12645300.0}]"
KN,3426704256.854621,weekly,2026-06-22,9987700.0,49,8,8,False,0.7877666916433332,"[{'date': Timestamp('2026-06-22 00:00:00'), 'volume': 9987700.0}, {'date': Timestamp('2026-05-11 00:00:00'), 'volume': 6726700.0}, {'date': Timestamp('2026-04-20 00:00:00'), 'volume': 6585300.0}, {'date': Timestamp('2025-12-15 00:00:00'), 'volume': 6136900.0}, {'date': Timestamp('2025-10-20 00:00:00'), 'volume': 4831900.0}, {'date': Timestamp('2025-09-15 00:00:00'), 'volume': 4356200.0}, {'date': Timestamp('2025-09-08 00:00:00'), 'volume': 3382600.0}, {'date': Timestamp('2025-08-18 00:00:00'), 'volume': 2462800.0}]"
KFY,3745728647.276464,weekly,2026-06-22,5774400.0,49,4,4,True,1.0,"[{'date': Timestamp('2026-06-22 00:00:00'), 'volume': 5774400.0}, {'date': Timestamp('2026-03-16 00:00:00'), 'volume': 5170400.0}, {'date': Timestamp('2025-09-06 00:00:00'), 'volume': 3749200.0}, {'date': Timestamp('2025-08-23 00:00:00'), 'volume': 1745100.0}]"
ESE,8805329212.538292,weekly,2026-06-22,2356600.0,49,5,5,True,1.0,"[{'date': Timestamp('2026-06-22 00:00:00'), 'volume': 2356600.0}, {'date': Timestamp('2026-04-13 00:00:00'), 'volume': 2173500.0}, {'date': Timestamp('2026-03-30 00:00:00'), 'volume': 1850000.0}, {'date': Timestamp('2026-03-23 00:00:00'), 'volume': 1749000.0}, {'date': Timestamp('2025-08-23 00:00:00'), 'volume': 1711500.0}]"
MIAX,3598876988.42025,weekly,2026-06-22,21459800.0,49,5,5,True,1.0,"[{'date': Timestamp('2026-06-22 00:00:00'), 'volume': 21459800.0}, {'date': Timestamp('2026-06-15 00:00:00'), 'volume': 13915500.0}, {'date': Timestamp('2026-06-08 00:00:00'), 'volume': 11412000.0}, {'date': Timestamp('2026-02-23 00:00:00'), 'volume': 11141100.0}, {'date': Timestamp('2025-08-18 00:00:00'), 'volume': 9257800.0}]"
PAY,2947255788.390691,weekly,2026-06-22,14788600.0,49,7,7,True,1.0,"[{'date': Timestamp('2026-06-22 00:00:00'), 'volume': 14788600.0}, {'date': Timestamp('2026-02-23 00:00:00'), 'volume': 8270300.0}, {'date': Timestamp('2025-11-03 00:00:00'), 'volume': 6778000.0}, {'date': Timestamp('2025-09-15 00:00:00'), 'volume': 6030600.0}, {'date': Timestamp('2025-09-08 00:00:00'), 'volume': 4909800.0}, {'date': Timestamp('2025-08-25 00:00:00'), 'volume': 4205800.0}, {'date': Timestamp('2025-08-18 00:00:00'), 'volume': 3467700.0}]"
FRSH,2830961787.9171205,weekly,2026-06-22,170516900.0,49,7,7,True,1.0,"[{'date': Timestamp('2026-06-22 00:00:00'), 'volume': 170516900.0}, {'date': Timestamp('2026-04-20 00:00:00'), 'volume': 86486900.0}, {'date': Timestamp('2026-02-09 00:00:00'), 'volume': 57946100.0}, {'date': Timestamp('2026-02-02 00:00:00'), 'volume': 35750800.0}, {'date': Timestamp('2025-11-03 00:00:00'), 'volume': 31567400.0}, {'date': Timestamp('2025-09-08 00:00:00'), 'volume': 25002000.0}, {'date': Timestamp('2025-08-18 00:00:00'), 'volume': 21047600.0}]"
NESR,2847926560.8539658,weekly,2026-06-22,17003700.0,49,5,5,True,1.0,"[{'date': Timestamp('2026-06-22 00:00:00'), 'volume': 17003700.0}, {'date': Timestamp('2026-03-02 00:00:00'), 'volume': 16161600.0}, {'date': Timestamp('2026-02-16 00:00:00'), 'volume': 12087700.0}, {'date': Timestamp('2025-10-27 00:00:00'), 'volume': 9756600.0}, {'date': Timestamp('2025-08-18 00:00:00'), 'volume': 6359100.0}]"
FBNC,2628580210.858694,weekly,2026-06-22,2026900.0,49,5,5,False,0.2452656671627884,"[{'date': Timestamp('2026-06-22 00:00:00'), 'volume': 2026900.0}, {'date': Timestamp('2026-01-17 00:00:00'), 'volume': 1890000.0}, {'date': Timestamp('2025-12-13 00:00:00'), 'volume': 1781800.0}, {'date': Timestamp('2025-09-13 00:00:00'), 'volume': 1665800.0}, {'date': Timestamp('2025-08-23 00:00:00'), 'volume': 1181900.0}]"
ABCB,6123617826.042242,weekly,2026-06-22,4310500.0,49,8,8,False,0.6120608866043791,"[{'date': Timestamp('2026-06-22 00:00:00'), 'volume': 4310500.0}, {'date': Timestamp('2026-04-20 00:00:00'), 'volume': 3925100.0}, {'date': Timestamp('2026-03-16 00:00:00'), 'volume': 3662100.0}, {'date': Timestamp('2026-02-23 00:00:00'), 'volume': 3455700.0}, {'date': Timestamp('2025-12-13 00:00:00'), 'volume': 3406600.0}, {'date': Timestamp('2025-09-13 00:00:00'), 'volume': 3219700.0}, {'date': Timestamp('2025-09-06 00:00:00'), 'volume': 1972300.0}, {'date': Timestamp('2025-08-23 00:00:00'), 'volume': 1821700.0}]"
HIW,3297153576.5092406,weekly,2026-06-22,22276100.0,49,5,5,False,0.909911933860532,"[{'date': Timestamp('2026-06-22 00:00:00'), 'volume': 22276100.0}, {'date': Timestamp('2026-02-09 00:00:00'), 'volume': 11764500.0}, {'date': Timestamp('2025-12-06 00:00:00'), 'volume': 9495200.0}, {'date': Timestamp('2025-10-25 00:00:00'), 'volume': 7248900.0}, {'date': Timestamp('2025-08-23 00:00:00'), 'volume': 6663900.0}]"
PECO,5872557872.60886,weekly,2026-06-22,8980600.0,49,5,5,False,0.2639675970559879,"[{'date': Timestamp('2026-06-22 00:00:00'), 'volume': 8980600.0}, {'date': Timestamp('2025-12-15 00:00:00'), 'volume': 7435000.0}, {'date': Timestamp('2025-09-22 00:00:00'), 'volume': 6065500.0}, {'date': Timestamp('2025-09-15 00:00:00'), 'volume': 4600900.0}, {'date': Timestamp('2025-08-18 00:00:00'), 'volume': 4281100.0}]"
UE,2948867636.6894784,weekly,2026-06-22,9316300.0,49,3,3,False,0.2910425147062958,"[{'date': Timestamp('2026-06-22 00:00:00'), 'volume': 9316300.0}, {'date': Timestamp('2026-03-16 00:00:00'), 'volume': 6344000.0}, {'date': Timestamp('2025-08-18 00:00:00'), 'volume': 6253300.0}]"
CPK,3022199617.340122,weekly,2026-06-22,1586800.0,49,5,5,False,0.2985400361228176,"[{'date': Timestamp('2026-06-22 00:00:00'), 'volume': 1586800.0}, {'date': Timestamp('2026-03-16 00:00:00'), 'volume': 1250700.0}, {'date': Timestamp('2025-09-13 00:00:00'), 'volume': 993700.0}, {'date': Timestamp('2025-09-06 00:00:00'), 'volume': 581500.0}, {'date': Timestamp('2025-08-23 00:00:00'), 'volume': 464800.0}]"
VC,2751619708.2543497,weekly,2026-06-22,5849600.0,49,10,10,True,1.0,"[{'date': Timestamp('2026-06-22 00:00:00'), 'volume': 5849600.0}, {'date': Timestamp('2026-04-20 00:00:00'), 'volume': 5308000.0}, {'date': Timestamp('2026-02-16 00:00:00'), 'volume': 4509100.0}, {'date': Timestamp('2025-10-27 00:00:00'), 'volume': 3147400.0}, {'date': Timestamp('2025-10-20 00:00:00'), 'volume': 2706900.0}, {'date': Timestamp('2025-10-13 00:00:00'), 'volume': 2648200.0}, {'date': Timestamp('2025-10-06 00:00:00'), 'volume': 2360100.0}, {'date': Timestamp('2025-09-29 00:00:00'), 'volume': 1860400.0}, {'date': Timestamp('2025-09-15 00:00:00'), 'volume': 1793100.0}, {'date': Timestamp('2025-08-18 00:00:00'), 'volume': 1546900.0}]"
AROC,7352224251.727053,weekly,2026-06-22,19733900.0,49,6,6,True,1.0,"[{'date': Timestamp('2026-06-22 00:00:00'), 'volume': 19733900.0}, {'date': Timestamp('2025-11-03 00:00:00'), 'volume': 11615300.0}, {'date': Timestamp('2025-10-27 00:00:00'), 'volume': 11091800.0}, {'date': Timestamp('2025-09-15 00:00:00'), 'volume': 9821600.0}, {'date': Timestamp('2025-09-08 00:00:00'), 'volume': 8232800.0}, {'date': Timestamp('2025-08-18 00:00:00'), 'volume': 7218600.0}]"
HOMB,5901413065.980495,weekly,2026-06-22,13513700.0,49,10,10,False,0.6139911674905496,"[{'date': Timestamp('2026-06-22 00:00:00'), 'volume': 13513700.0}, {'date': Timestamp('2026-04-20 00:00:00'), 'volume': 11198700.0}, {'date': Timestamp('2026-04-13 00:00:00'), 'volume': 9613300.0}, {'date': Timestamp('2025-12-15 00:00:00'), 'volume': 9508500.0}, {'date': Timestamp('2025-12-08 00:00:00'), 'volume': 8859200.0}, {'date': Timestamp('2025-10-13 00:00:00'), 'volume': 8137100.0}, {'date': Timestamp('2025-09-15 00:00:00'), 'volume': 7862400.0}, {'date': Timestamp('2025-09-08 00:00:00'), 'volume': 4962000.0}, {'date': Timestamp('2025-08-25 00:00:00'), 'volume': 4284300.0}, {'date': Timestamp('2025-08-18 00:00:00'), 'volume': 3858600.0}]"
NPO,8012498314.254536,weekly,2026-06-22,2713300.0,49,10,10,True,1.0,"[{'date': Timestamp('2026-06-22 00:00:00'), 'volume': 2713300.0}, {'date': Timestamp('2026-04-13 00:00:00'), 'volume': 1508800.0}, {'date': Timestamp('2026-04-06 00:00:00'), 'volume': 1502400.0}, {'date': Timestamp('2026-03-09 00:00:00'), 'volume': 1362200.0}, {'date': Timestamp('2026-02-02 00:00:00'), 'volume': 1302100.0}, {'date': Timestamp('2025-10-27 00:00:00'), 'volume': 1290200.0}, {'date': Timestamp('2025-10-06 00:00:00'), 'volume': 1178300.0}, {'date': Timestamp('2025-09-29 00:00:00'), 'volume': 1075000.0}, {'date': Timestamp('2025-09-15 00:00:00'), 'volume': 754600.0}, {'date': Timestamp('2025-08-18 00:00:00'), 'volume': 640600.0}]"
SHO,2220591889.0758624,weekly,2026-06-22,27498500.0,49,5,5,False,0.2832493667743759,"[{'date': Timestamp('2026-06-22 00:00:00'), 'volume': 27498500.0}, {'date': Timestamp('2026-02-02 00:00:00'), 'volume': 19594200.0}, {'date': Timestamp('2025-09-15 00:00:00'), 'volume': 18607000.0}, {'date': Timestamp('2025-08-25 00:00:00'), 'volume': 12988400.0}, {'date': Timestamp('2025-08-18 00:00:00'), 'volume': 12453300.0}]"
PSMT,6063316343.220448,weekly,2026-06-22,2393800.0,49,5,5,False,0.8559985696406222,"[{'date': Timestamp('2026-06-22 00:00:00'), 'volume': 2393800.0}, {'date': Timestamp('2026-04-06 00:00:00'), 'volume': 1749700.0}, {'date': Timestamp('2025-12-13 00:00:00'), 'volume': 1708100.0}, {'date': Timestamp('2025-09-06 00:00:00'), 'volume': 1507700.0}, {'date': Timestamp('2025-08-23 00:00:00'), 'volume': 840700.0}]"
NWL,2472917908.105263,weekly,2026-06-22,127334400.0,49,4,4,False,0.9529734017871844,"[{'date': Timestamp('2026-06-22 00:00:00'), 'volume': 127334400.0}, {'date': Timestamp('2025-10-25 00:00:00'), 'volume': 97066200.0}, {'date': Timestamp('2025-08-30 00:00:00'), 'volume': 42436100.0}, {'date': Timestamp('2025-08-23 00:00:00'), 'volume': 34260300.0}]"
PRIM,5051676610.981758,weekly,2026-06-22,28348800.0,49,9,9,True,1.0,"[{'date': Timestamp('2026-06-22 00:00:00'), 'volume': 28348800.0}, {'date': Timestamp('2026-05-04 00:00:00'), 'volume': 25409500.0}, {'date': Timestamp('2025-12-15 00:00:00'), 'volume': 14932500.0}, {'date': Timestamp('2025-12-08 00:00:00'), 'volume': 7389700.0}, {'date': Timestamp('2025-11-03 00:00:00'), 'volume': 6401100.0}, {'date': Timestamp('2025-09-15 00:00:00'), 'volume': 5297500.0}, {'date': Timestamp('2025-09-08 00:00:00'), 'volume': 4434800.0}, {'date': Timestamp('2025-08-25 00:00:00'), 'volume': 4209600.0}, {'date': Timestamp('2025-08-18 00:00:00'), 'volume': 3014000.0}]"
FRME,2752833355.9160714,weekly,2026-06-22,3560600.0,49,4,4,True,1.0,"[{'date': Timestamp('2026-06-22 00:00:00'), 'volume': 3560600.0}, {'date': Timestamp('2026-03-16 00:00:00'), 'volume': 2707800.0}, {'date': Timestamp('2025-09-13 00:00:00'), 'volume': 2697800.0}, {'date': Timestamp('2025-08-23 00:00:00'), 'volume': 1043200.0}]"
NHI,3758931928.659382,weekly,2026-06-22,5854800.0,49,11,11,True,1.0,"[{'date': Timestamp('2026-06-22 00:00:00'), 'volume': 5854800.0}, {'date': Timestamp('2026-05-04 00:00:00'), 'volume': 3115000.0}, {'date': Timestamp('2026-04-20 00:00:00'), 'volume': 2421200.0}, {'date': Timestamp('2026-02-23 00:00:00'), 'volume': 2383600.0}, {'date': Timestamp('2025-12-13 00:00:00'), 'volume': 1593900.0}, {'date': Timestamp('2025-12-06 00:00:00'), 'volume': 1410000.0}, {'date': Timestamp('2025-11-01 00:00:00'), 'volume': 1316800.0}, {'date': Timestamp('2025-10-11 00:00:00'), 'volume': 1263600.0}, {'date': Timestamp('2025-09-13 00:00:00'), 'volume': 1195600.0}, {'date': Timestamp('2025-09-06 00:00:00'), 'volume': 1087700.0}, {'date': Timestamp('2025-08-23 00:00:00'), 'volume': 985400.0}]"
WSFS,4026127719.4246817,weekly,2026-06-22,3646500.0,49,4,4,False,0.2271099457527045,"[{'date': Timestamp('2026-06-22 00:00:00'), 'volume': 3646500.0}, {'date': Timestamp('2025-12-13 00:00:00'), 'volume': 3538100.0}, {'date': Timestamp('2025-09-13 00:00:00'), 'volume': 2790100.0}, {'date': Timestamp('2025-08-23 00:00:00'), 'volume': 1414400.0}]"
PCVX,8161357475.441133,weekly,2026-06-22,15399700.0,49,6,6,False,0.4051283940029306,"[{'date': Timestamp('2026-06-22 00:00:00'), 'volume': 15399700.0}, {'date': Timestamp('2026-02-02 00:00:00'), 'volume': 12615200.0}, {'date': Timestamp('2025-09-15 00:00:00'), 'volume': 12191200.0}, {'date': Timestamp('2025-09-08 00:00:00'), 'volume': 8343000.0}, {'date': Timestamp('2025-08-25 00:00:00'), 'volume': 8042100.0}, {'date': Timestamp('2025-08-18 00:00:00'), 'volume': 6046900.0}]"
CLDX,2767630508.9052505,weekly,2026-06-22,9784400.0,49,4,4,False,0.089750398787722,"[{'date': Timestamp('2026-06-22 00:00:00'), 'volume': 9784400.0}, {'date': Timestamp('2026-02-23 00:00:00'), 'volume': 8767200.0}, {'date': Timestamp('2025-09-06 00:00:00'), 'volume': 7671800.0}, {'date': Timestamp('2025-08-23 00:00:00'), 'volume': 7397500.0}]"
TXG,4665639971.494543,weekly,2026-06-22,22431100.0,49,7,7,False,0.636366731255337,"[{'date': Timestamp('2026-06-22 00:00:00'), 'volume': 22431100.0}, {'date': Timestamp('2025-11-10 00:00:00'), 'volume': 19063500.0}, {'date': Timestamp('2025-11-03 00:00:00'), 'volume': 18629900.0}, {'date': Timestamp('2025-10-20 00:00:00'), 'volume': 17724100.0}, {'date': Timestamp('2025-09-29 00:00:00'), 'volume': 15619700.0}, {'date': Timestamp('2025-09-15 00:00:00'), 'volume': 13497700.0}, {'date': Timestamp('2025-08-18 00:00:00'), 'volume': 13289400.0}]"
GBCI,6772623634.051181,weekly,2026-06-22,9511400.0,49,5,5,False,0.5158417667284935,"[{'date': Timestamp('2026-06-22 00:00:00'), 'volume': 9511400.0}, {'date': Timestamp('2026-01-31 00:00:00'), 'volume': 8122200.0}, {'date': Timestamp('2025-09-27 00:00:00'), 'volume': 7413300.0}, {'date': Timestamp('2025-09-13 00:00:00'), 'volume': 5043900.0}, {'date': Timestamp('2025-08-23 00:00:00'), 'volume': 3711800.0}]"
INDB,4110157875.1922216,weekly,2026-06-22,2826000.0,49,4,4,False,0.4627173592690834,"[{'date': Timestamp('2026-06-22 00:00:00'), 'volume': 2826000.0}, {'date': Timestamp('2025-09-13 00:00:00'), 'volume': 2580600.0}, {'date': Timestamp('2025-09-06 00:00:00'), 'volume': 1331300.0}, {'date': Timestamp('2025-08-23 00:00:00'), 'volume': 1185300.0}]"
SSD,8641516469.339727,weekly,2026-06-22,2336500.0,49,8,8,False,0.2227699172419053,"[{'date': Timestamp('2026-06-22 00:00:00'), 'volume': 2336500.0}, {'date': Timestamp('2026-04-27 00:00:00'), 'volume': 2038000.0}, {'date': Timestamp('2026-04-20 00:00:00'), 'volume': 1997100.0}, {'date': Timestamp('2025-11-29 00:00:00'), 'volume': 1935800.0}, {'date': Timestamp('2025-10-25 00:00:00'), 'volume': 1922300.0}, {'date': Timestamp('2025-09-13 00:00:00'), 'volume': 1757200.0}, {'date': Timestamp('2025-09-06 00:00:00'), 'volume': 1039500.0}, {'date': Timestamp('2025-08-23 00:00:00'), 'volume': 1004700.0}]"
SBCF,3252904457.3243995,weekly,2026-06-22,8870200.0,49,4,4,False,0.7607114678741724,"[{'date': Timestamp('2026-06-22 00:00:00'), 'volume': 8870200.0}, {'date': Timestamp('2025-12-13 00:00:00'), 'volume': 7397900.0}, {'date': Timestamp('2025-09-13 00:00:00'), 'volume': 4247600.0}, {'date': Timestamp('2025-08-23 00:00:00'), 'volume': 2775500.0}]"
NXST,5008390197.983194,weekly,2026-06-22,3105500.0,49,2,2,False,0.2768935847710757,"[{'date': Timestamp('2026-06-22 00:00:00'), 'volume': 3105500.0}, {'date': Timestamp('2025-08-18 00:00:00'), 'volume': 2946800.0}]"
LGND,6084266106.923526,weekly,2026-06-22,5628600.0,49,5,5,False,0.2584130821680236,"[{'date': Timestamp('2026-06-22 00:00:00'), 'volume': 5628600.0}, {'date': Timestamp('2026-01-10 00:00:00'), 'volume': 2066300.0}, {'date': Timestamp('2025-09-13 00:00:00'), 'volume': 2017700.0}, {'date': Timestamp('2025-09-06 00:00:00'), 'volume': 1011300.0}, {'date': Timestamp('2025-08-23 00:00:00'), 'volume': 660600.0}]"
BBT,2632604400.271813,weekly,2026-06-22,8352000.0,49,8,8,True,1.0,"[{'date': Timestamp('2026-06-22 00:00:00'), 'volume': 8352000.0}, {'date': Timestamp('2025-12-15 00:00:00'), 'volume': 6607600.0}, {'date': Timestamp('2025-12-01 00:00:00'), 'volume': 6193100.0}, {'date': Timestamp('2025-11-10 00:00:00'), 'volume': 6165200.0}, {'date': Timestamp('2025-09-15 00:00:00'), 'volume': 5958700.0}, {'date': Timestamp('2025-09-01 00:00:00'), 'volume': 5666200.0}, {'date': Timestamp('2025-08-25 00:00:00'), 'volume': 4666300.0}, {'date': Timestamp('2025-08-18 00:00:00'), 'volume': 2017900.0}]"
GRBK,3461918731.6531954,weekly,2026-06-22,1869000.0,49,5,5,False,0.1455993019958556,"[{'date': Timestamp('2026-06-22 00:00:00'), 'volume': 1869000.0}, {'date': Timestamp('2025-10-06 00:00:00'), 'volume': 1810400.0}, {'date': Timestamp('2025-09-15 00:00:00'), 'volume': 1411100.0}, {'date': Timestamp('2025-09-08 00:00:00'), 'volume': 1352700.0}, {'date': Timestamp('2025-08-18 00:00:00'), 'volume': 1108300.0}]"
BELFA,4291331386.026283,weekly,2026-06-22,1319100.0,49,11,11,True,1.0,"[{'date': Timestamp('2026-06-22 00:00:00'), 'volume': 1319100.0}, {'date': Timestamp('2026-06-08 00:00:00'), 'volume': 1053800.0}, {'date': Timestamp('2026-05-25 00:00:00'), 'volume': 697400.0}, {'date': Timestamp('2026-04-06 00:00:00'), 'volume': 622500.0}, {'date': Timestamp('2026-03-09 00:00:00'), 'volume': 545700.0}, {'date': Timestamp('2026-01-24 00:00:00'), 'volume': 387600.0}, {'date': Timestamp('2026-01-03 00:00:00'), 'volume': 366400.0}, {'date': Timestamp('2025-11-15 00:00:00'), 'volume': 314700.0}, {'date': Timestamp('2025-10-18 00:00:00'), 'volume': 99700.0}, {'date': Timestamp('2025-08-30 00:00:00'), 'volume': 73800.0}, {'date': Timestamp('2025-08-23 00:00:00'), 'volume': 41700.0}]"
PK,2976127809.7652707,weekly,2026-06-22,49392300.0,49,8,8,False,0.8293574500167072,"[{'date': Timestamp('2026-06-22 00:00:00'), 'volume': 49392300.0}, {'date': Timestamp('2026-05-04 00:00:00'), 'volume': 29545300.0}, {'date': Timestamp('2025-11-03 00:00:00'), 'volume': 25871300.0}, {'date': Timestamp('2025-10-27 00:00:00'), 'volume': 23518200.0}, {'date': Timestamp('2025-09-15 00:00:00'), 'volume': 18342200.0}, {'date': Timestamp('2025-09-08 00:00:00'), 'volume': 16962200.0}, {'date': Timestamp('2025-08-25 00:00:00'), 'volume': 16600200.0}, {'date': Timestamp('2025-08-18 00:00:00'), 'volume': 15404700.0}]"
MMS,2865025995.9644094,weekly,2026-06-22,6489800.0,49,7,7,False,0.8342717572952821,"[{'date': Timestamp('2026-06-22 00:00:00'), 'volume': 6489800.0}, {'date': Timestamp('2026-02-09 00:00:00'), 'volume': 6050400.0}, {'date': Timestamp('2026-01-31 00:00:00'), 'volume': 5549100.0}, {'date': Timestamp('2025-11-15 00:00:00'), 'volume': 5042800.0}, {'date': Timestamp('2025-09-13 00:00:00'), 'volume': 3567700.0}, {'date': Timestamp('2025-09-06 00:00:00'), 'volume': 3072300.0}, {'date': Timestamp('2025-08-23 00:00:00'), 'volume': 3050900.0}]"
FCFS,9313104629.318892,weekly,2026-06-22,3259300.0,49,5,5,True,1.0,"[{'date': Timestamp('2026-06-22 00:00:00'), 'volume': 3259300.0}, {'date': Timestamp('2026-06-08 00:00:00'), 'volume': 2989600.0}, {'date': Timestamp('2025-09-27 00:00:00'), 'volume': 2414300.0}, {'date': Timestamp('2025-09-20 00:00:00'), 'volume': 1809300.0}, {'date': Timestamp('2025-08-23 00:00:00'), 'volume': 1502300.0}]"
BANF,3848328398.324625,weekly,2026-06-22,1757100.0,49,5,5,False,0.2955891259000067,"[{'date': Timestamp('2026-06-22 00:00:00'), 'volume': 1757100.0}, {'date': Timestamp('2026-03-16 00:00:00'), 'volume': 1392800.0}, {'date': Timestamp('2025-09-13 00:00:00'), 'volume': 1160400.0}, {'date': Timestamp('2025-09-06 00:00:00'), 'volume': 564700.0}, {'date': Timestamp('2025-08-23 00:00:00'), 'volume': 489100.0}]"
AVNT,3476732427.896216,weekly,2026-06-22,6989700.0,49,6,6,False,0.4977461599265098,"[{'date': Timestamp('2026-06-22 00:00:00'), 'volume': 6989700.0}, {'date': Timestamp('2026-01-24 00:00:00'), 'volume': 6272900.0}, {'date': Timestamp('2025-12-13 00:00:00'), 'volume': 5602900.0}, {'date': Timestamp('2025-11-01 00:00:00'), 'volume': 4877700.0}, {'date': Timestamp('2025-09-13 00:00:00'), 'volume': 3270800.0}, {'date': Timestamp('2025-08-23 00:00:00'), 'volume': 3238000.0}]"
CBT,4821440251.951875,weekly,2026-06-22,5079700.0,49,7,7,False,0.5921638572194633,"[{'date': Timestamp('2026-06-22 00:00:00'), 'volume': 5079700.0}, {'date': Timestamp('2025-11-01 00:00:00'), 'volume': 4020100.0}, {'date': Timestamp('2025-10-11 00:00:00'), 'volume': 2840000.0}, {'date': Timestamp('2025-10-04 00:00:00'), 'volume': 2213600.0}, {'date': Timestamp('2025-09-13 00:00:00'), 'volume': 2057400.0}, {'date': Timestamp('2025-09-06 00:00:00'), 'volume': 1595700.0}, {'date': Timestamp('2025-08-23 00:00:00'), 'volume': 1336300.0}]"
ENS,8103293624.956702,weekly,2026-06-22,4961500.0,49,8,8,True,1.0,"[{'date': Timestamp('2026-06-22 00:00:00'), 'volume': 4961500.0}, {'date': Timestamp('2026-02-02 00:00:00'), 'volume': 4610400.0}, {'date': Timestamp('2025-12-15 00:00:00'), 'volume': 3815500.0}, {'date': Timestamp('2025-11-10 00:00:00'), 'volume': 3201500.0}, {'date': Timestamp('2025-10-13 00:00:00'), 'volume': 2859900.0}, {'date': Timestamp('2025-09-15 00:00:00'), 'volume': 2499300.0}, {'date': Timestamp('2025-09-01 00:00:00'), 'volume': 1467900.0}, {'date': Timestamp('2025-08-18 00:00:00'), 'volume': 1405000.0}]"
ACA,7083157778.252622,weekly,2026-06-22,12857300.0,49,7,7,True,1.0,"[{'date': Timestamp('2026-06-22 00:00:00'), 'volume': 12857300.0}, {'date': Timestamp('2026-03-02 00:00:00'), 'volume': 2487800.0}, {'date': Timestamp('2026-02-23 00:00:00'), 'volume': 2280900.0}, {'date': Timestamp('2025-12-15 00:00:00'), 'volume': 1541100.0}, {'date': Timestamp('2025-09-15 00:00:00'), 'volume': 1324700.0}, {'date': Timestamp('2025-08-25 00:00:00'), 'volume': 1283300.0}, {'date': Timestamp('2025-08-18 00:00:00'), 'volume': 1142400.0}]"
SIGI,5765434741.152258,weekly,2026-06-22,5020300.0,49,4,4,False,0.7613898325649114,"[{'date': Timestamp('2026-06-22 00:00:00'), 'volume': 5020300.0}, {'date': Timestamp('2025-10-18 00:00:00'), 'volume': 4687100.0}, {'date': Timestamp('2025-09-13 00:00:00'), 'volume': 4060800.0}, {'date': Timestamp('2025-08-23 00:00:00'), 'volume': 3506800.0}]"
IDA,8470810793.748545,weekly,2026-06-22,3576400.0,49,5,5,False,0.7484043777596417,"[{'date': Timestamp('2026-06-22 00:00:00'), 'volume': 3576400.0}, {'date': Timestamp('2025-11-29 00:00:00'), 'volume': 3169700.0}, {'date': Timestamp('2025-09-27 00:00:00'), 'volume': 3041000.0}, {'date': Timestamp('2025-09-13 00:00:00'), 'volume': 2165600.0}, {'date': Timestamp('2025-08-23 00:00:00'), 'volume': 1518900.0}]"
DGII,2659890000.910076,weekly,2026-06-22,2862800.0,49,6,6,False,0.7193145556421016,"[{'date': Timestamp('2026-06-22 00:00:00'), 'volume': 2862800.0}, {'date': Timestamp('2025-12-13 00:00:00'), 'volume': 2430600.0}, {'date': Timestamp('2025-11-15 00:00:00'), 'volume': 1595100.0}, {'date': Timestamp('2025-09-13 00:00:00'), 'volume': 1476300.0}, {'date': Timestamp('2025-09-06 00:00:00'), 'volume': 1193600.0}, {'date': Timestamp('2025-08-23 00:00:00'), 'volume': 890200.0}]"
SYBT,2252304048.7396665,weekly,2026-06-22,1848800.0,49,4,4,False,0.8243634904356356,"[{'date': Timestamp('2026-06-22 00:00:00'), 'volume': 1848800.0}, {'date': Timestamp('2025-11-15 00:00:00'), 'volume': 1343600.0}, {'date': Timestamp('2025-09-13 00:00:00'), 'volume': 908600.0}, {'date': Timestamp('2025-08-23 00:00:00'), 'volume': 496600.0}]"
ENSG,9529522825.140884,weekly,2026-06-22,11844600.0,49,5,5,False,0.9067705781479668,"[{'date': Timestamp('2026-06-22 00:00:00'), 'volume': 11844600.0}, {'date': Timestamp('2026-06-08 00:00:00'), 'volume': 8071600.0}, {'date': Timestamp('2025-11-03 00:00:00'), 'volume': 3601800.0}, {'date': Timestamp('2025-09-15 00:00:00'), 'volume': 2453500.0}, {'date': Timestamp('2025-08-18 00:00:00'), 'volume': 1823800.0}]"
BLX,2181900444.171779,weekly,2026-06-22,1791700.0,49,6,6,False,0.6950230808022033,"[{'date': Timestamp('2026-06-22 00:00:00'), 'volume': 1791700.0}, {'date': Timestamp('2025-10-25 00:00:00'), 'volume': 1019200.0}, {'date': Timestamp('2025-09-13 00:00:00'), 'volume': 794400.0}, {'date': Timestamp('2025-09-06 00:00:00'), 'volume': 734200.0}, {'date': Timestamp('2025-08-30 00:00:00'), 'volume': 479000.0}, {'date': Timestamp('2025-08-23 00:00:00'), 'volume': 428900.0}]"
TRNO,7014149738.51691,weekly,2026-06-22,7156700.0,49,4,4,False,0.2526316161052788,"[{'date': Timestamp('2026-06-22 00:00:00'), 'volume': 7156700.0}, {'date': Timestamp('2026-02-02 00:00:00'), 'volume': 5045200.0}, {'date': Timestamp('2025-09-15 00:00:00'), 'volume': 4544500.0}, {'date': Timestamp('2025-08-18 00:00:00'), 'volume': 4131900.0}]"
PJT,3915803538.560011,weekly,2026-06-22,3054300.0,49,7,7,False,0.5244784064565983,"[{'date': Timestamp('2026-06-22 00:00:00'), 'volume': 3054300.0}, {'date': Timestamp('2026-04-27 00:00:00'), 'volume': 2499200.0}, {'date': Timestamp('2026-02-02 00:00:00'), 'volume': 2356600.0}, {'date': Timestamp('2025-11-03 00:00:00'), 'volume': 1980500.0}, {'date': Timestamp('2025-10-06 00:00:00'), 'volume': 1517600.0}, {'date': Timestamp('2025-08-25 00:00:00'), 'volume': 927300.0}, {'date': Timestamp('2025-08-18 00:00:00'), 'volume': 845900.0}]"
SYNA,4675159850.61296,weekly,2026-06-22,10651200.0,49,7,7,True,1.0,"[{'date': Timestamp('2026-06-22 00:00:00'), 'volume': 10651200.0}, {'date': Timestamp('2026-05-04 00:00:00'), 'volume': 7218500.0}, {'date': Timestamp('2026-01-12 00:00:00'), 'volume': 5840900.0}, {'date': Timestamp('2026-01-05 00:00:00'), 'volume': 3850100.0}, {'date': Timestamp('2025-12-08 00:00:00'), 'volume': 2941800.0}, {'date': Timestamp('2025-09-15 00:00:00'), 'volume': 2767700.0}, {'date': Timestamp('2025-08-18 00:00:00'), 'volume': 2669200.0}]"
NJR,5814091715.775308,weekly,2026-06-22,5834800.0,49,6,6,False,0.7134577290846397,"[{'date': Timestamp('2026-06-22 00:00:00'), 'volume': 5834800.0}, {'date': Timestamp('2026-01-31 00:00:00'), 'volume': 4580300.0}, {'date': Timestamp('2025-12-13 00:00:00'), 'volume': 4520800.0}, {'date': Timestamp('2025-11-15 00:00:00'), 'volume': 4274500.0}, {'date': Timestamp('2025-09-13 00:00:00'), 'volume': 3900300.0}, {'date': Timestamp('2025-08-23 00:00:00'), 'volume': 3247100.0}]"
FUL,3402053770.8151736,weekly,2026-06-22,6353600.0,49,7,7,True,1.0,"[{'date': Timestamp('2026-06-22 00:00:00'), 'volume': 6353600.0}, {'date': Timestamp('2026-03-23 00:00:00'), 'volume': 5003900.0}, {'date': Timestamp('2026-01-10 00:00:00'), 'volume': 4571500.0}, {'date': Timestamp('2025-09-13 00:00:00'), 'volume': 2916800.0}, {'date': Timestamp('2025-09-06 00:00:00'), 'volume': 2583900.0}, {'date': Timestamp('2025-08-30 00:00:00'), 'volume': 1525100.0}, {'date': Timestamp('2025-08-23 00:00:00'), 'volume': 1369000.0}]"
KNSL,7574521308.562949,weekly,2026-06-22,2755400.0,49,9,9,False,0.5533153941925378,"[{'date': Timestamp('2026-06-22 00:00:00'), 'volume': 2755400.0}, {'date': Timestamp('2026-05-04 00:00:00'), 'volume': 2358900.0}, {'date': Timestamp('2025-10-27 00:00:00'), 'volume': 1993800.0}, {'date': Timestamp('2025-10-20 00:00:00'), 'volume': 1838200.0}, {'date': Timestamp('2025-09-29 00:00:00'), 'volume': 1458800.0}, {'date': Timestamp('2025-09-15 00:00:00'), 'volume': 1218400.0}, {'date': Timestamp('2025-09-08 00:00:00'), 'volume': 1015100.0}, {'date': Timestamp('2025-08-25 00:00:00'), 'volume': 960600.0}, {'date': Timestamp('2025-08-18 00:00:00'), 'volume': 867900.0}]"
RCUS,3898968048.132232,weekly,2026-06-22,14573700.0,49,12,12,False,0.6003831259784131,"[{'date': Timestamp('2026-06-22 00:00:00'), 'volume': 14573700.0}, {'date': Timestamp('2025-12-15 00:00:00'), 'volume': 14467900.0}, {'date': Timestamp('2025-12-08 00:00:00'), 'volume': 13794200.0}, {'date': Timestamp('2025-11-03 00:00:00'), 'volume': 12805000.0}, {'date': Timestamp('2025-10-27 00:00:00'), 'volume': 12717700.0}, {'date': Timestamp('2025-10-13 00:00:00'), 'volume': 8112100.0}, {'date': Timestamp('2025-10-06 00:00:00'), 'volume': 6884800.0}, {'date': Timestamp('2025-09-29 00:00:00'), 'volume': 4985700.0}, {'date': Timestamp('2025-09-15 00:00:00'), 'volume': 4319500.0}, {'date': Timestamp('2025-09-08 00:00:00'), 'volume': 4180100.0}, {'date': Timestamp('2025-09-01 00:00:00'), 'volume': 3905300.0}, {'date': Timestamp('2025-08-18 00:00:00'), 'volume': 3285700.0}]"
UCB,4264632651.4475183,weekly,2026-06-22,7418700.0,49,6,6,False,0.8116650802507631,"[{'date': Timestamp('2026-06-22 00:00:00'), 'volume': 7418700.0}, {'date': Timestamp('2026-01-19 00:00:00'), 'volume': 5551500.0}, {'date': Timestamp('2025-12-15 00:00:00'), 'volume': 5092400.0}, {'date': Timestamp('2025-09-15 00:00:00'), 'volume': 4413200.0}, {'date': Timestamp('2025-08-25 00:00:00'), 'volume': 2731200.0}, {'date': Timestamp('2025-08-18 00:00:00'), 'volume': 2626300.0}]"
OGS,4998407816.376448,weekly,2026-06-22,4965900.0,49,6,6,False,0.5387995573204869,"[{'date': Timestamp('2026-06-22 00:00:00'), 'volume': 4965900.0}, {'date': Timestamp('2026-06-08 00:00:00'), 'volume': 3747500.0}, {'date': Timestamp('2026-03-16 00:00:00'), 'volume': 3423300.0}, {'date': Timestamp('2025-12-15 00:00:00'), 'volume': 3292600.0}, {'date': Timestamp('2025-09-22 00:00:00'), 'volume': 2944500.0}, {'date': Timestamp('2025-08-18 00:00:00'), 'volume': 2782800.0}]"
SPSC,2161276831.81296,weekly,2026-06-22,7410800.0,49,6,6,True,1.0,"[{'date': Timestamp('2026-06-22 00:00:00'), 'volume': 7410800.0}, {'date': Timestamp('2026-02-09 00:00:00'), 'volume': 6405400.0}, {'date': Timestamp('2025-10-27 00:00:00'), 'volume': 5413600.0}, {'date': Timestamp('2025-09-08 00:00:00'), 'volume': 2368400.0}, {'date': Timestamp('2025-08-25 00:00:00'), 'volume': 2351400.0}, {'date': Timestamp('2025-08-18 00:00:00'), 'volume': 1942300.0}]"
BWIN,3738123113.030404,weekly,2026-06-22,16812100.0,49,11,11,True,1.0,"[{'date': Timestamp('2026-06-22 00:00:00'), 'volume': 16812100.0}, {'date': Timestamp('2026-03-16 00:00:00'), 'volume': 13710400.0}, {'date': Timestamp('2026-02-23 00:00:00'), 'volume': 12082100.0}, {'date': Timestamp('2025-12-01 00:00:00'), 'volume': 9537300.0}, {'date': Timestamp('2025-11-03 00:00:00'), 'volume': 6784900.0}, {'date': Timestamp('2025-10-20 00:00:00'), 'volume': 5258300.0}, {'date': Timestamp('2025-10-13 00:00:00'), 'volume': 5032500.0}, {'date': Timestamp('2025-09-15 00:00:00'), 'volume': 4682200.0}, {'date': Timestamp('2025-09-08 00:00:00'), 'volume': 4017200.0}, {'date': Timestamp('2025-08-25 00:00:00'), 'volume': 3420300.0}, {'date': Timestamp('2025-08-18 00:00:00'), 'volume': 3148900.0}]"
INSW,3936118267.690882,weekly,2026-06-22,4883700.0,49,7,7,False,0.4134174214848048,"[{'date': Timestamp('2026-06-22 00:00:00'), 'volume': 4883700.0}, {'date': Timestamp('2026-03-02 00:00:00'), 'volume': 4284500.0}, {'date': Timestamp('2026-01-05 00:00:00'), 'volume': 3671300.0}, {'date': Timestamp('2025-12-15 00:00:00'), 'volume': 3417000.0}, {'date': Timestamp('2025-09-15 00:00:00'), 'volume': 3280100.0}, {'date': Timestamp('2025-09-08 00:00:00'), 'volume': 2861900.0}, {'date': Timestamp('2025-08-18 00:00:00'), 'volume': 2452100.0}]"
ALRM,2292003388.029045,weekly,2026-06-22,4333500.0,49,6,6,False,0.5657753871060396,"[{'date': Timestamp('2026-06-22 00:00:00'), 'volume': 4333500.0}, {'date': Timestamp('2026-02-23 00:00:00'), 'volume': 3708100.0}, {'date': Timestamp('2025-09-22 00:00:00'), 'volume': 3310100.0}, {'date': Timestamp('2025-09-15 00:00:00'), 'volume': 2185300.0}, {'date': Timestamp('2025-08-25 00:00:00'), 'volume': 1829400.0}, {'date': Timestamp('2025-08-18 00:00:00'), 'volume': 1409700.0}]"
KALU,3058471282.304958,weekly,2026-06-22,2564600.0,49,5,5,True,1.0,"[{'date': Timestamp('2026-06-22 00:00:00'), 'volume': 2564600.0}, {'date': Timestamp('2026-04-20 00:00:00'), 'volume': 2288800.0}, {'date': Timestamp('2025-10-20 00:00:00'), 'volume': 1908300.0}, {'date': Timestamp('2025-09-15 00:00:00'), 'volume': 584500.0}, {'date': Timestamp('2025-08-18 00:00:00'), 'volume': 441000.0}]"
CXT,2798860612.383927,weekly,2026-06-22,12408000.0,49,7,7,True,1.0,"[{'date': Timestamp('2026-06-22 00:00:00'), 'volume': 12408000.0}, {'date': Timestamp('2026-02-09 00:00:00'), 'volume': 6326500.0}, {'date': Timestamp('2025-12-13 00:00:00'), 'volume': 5079600.0}, {'date': Timestamp('2025-12-06 00:00:00'), 'volume': 4155100.0}, {'date': Timestamp('2025-09-20 00:00:00'), 'volume': 3563600.0}, {'date': Timestamp('2025-09-13 00:00:00'), 'volume': 2806700.0}, {'date': Timestamp('2025-08-23 00:00:00'), 'volume': 2325200.0}]"
FLG,6368934941.819141,weekly,2026-06-22,35432400.0,49,7,7,False,0.1974824867666853,"[{'date': Timestamp('2026-06-22 00:00:00'), 'volume': 35432400.0}, {'date': Timestamp('2026-01-03 00:00:00'), 'volume': 34943100.0}, {'date': Timestamp('2025-12-06 00:00:00'), 'volume': 31352500.0}, {'date': Timestamp('2025-10-11 00:00:00'), 'volume': 28622100.0}, {'date': Timestamp('2025-10-04 00:00:00'), 'volume': 27162300.0}, {'date': Timestamp('2025-09-13 00:00:00'), 'volume': 26981400.0}, {'date': Timestamp('2025-08-23 00:00:00'), 'volume': 26475200.0}]"
STC,2089731917.3779435,weekly,2026-06-22,2150700.0,49,9,9,False,0.771606931439027,"[{'date': Timestamp('2026-06-22 00:00:00'), 'volume': 2150700.0}, {'date': Timestamp('2026-03-16 00:00:00'), 'volume': 1960900.0}, {'date': Timestamp('2026-01-10 00:00:00'), 'volume': 1836100.0}, {'date': Timestamp('2025-12-13 00:00:00'), 'volume': 1783000.0}, {'date': Timestamp('2025-12-06 00:00:00'), 'volume': 1762600.0}, {'date': Timestamp('2025-10-18 00:00:00'), 'volume': 1707300.0}, {'date': Timestamp('2025-09-13 00:00:00'), 'volume': 1121900.0}, {'date': Timestamp('2025-09-06 00:00:00'), 'volume': 791800.0}, {'date': Timestamp('2025-08-23 00:00:00'), 'volume': 705000.0}]"
SKWD,2399744256.674188,weekly,2026-06-22,5186900.0,49,5,5,False,0.8461086733112572,"[{'date': Timestamp('2026-06-22 00:00:00'), 'volume': 5186900.0}, {'date': Timestamp('2025-09-15 00:00:00'), 'volume': 3637500.0}, {'date': Timestamp('2025-09-08 00:00:00'), 'volume': 3077200.0}, {'date': Timestamp('2025-09-01 00:00:00'), 'volume': 2564100.0}, {'date': Timestamp('2025-08-18 00:00:00'), 'volume': 2049300.0}]"
CBU,3545881156.088292,weekly,2026-06-22,3138700.0,49,3,3,False,0.4493614706219219,"[{'date': Timestamp('2026-06-22 00:00:00'), 'volume': 3138700.0}, {'date': Timestamp('2025-09-13 00:00:00'), 'volume': 2939500.0}, {'date': Timestamp('2025-08-23 00:00:00'), 'volume': 1104900.0}]"
TTAN,6601512405.022083,weekly,2026-06-22,15979300.0,49,7,7,False,0.8680297902622129,"[{'date': Timestamp('2026-06-22 00:00:00'), 'volume': 15979300.0}, {'date': Timestamp('2026-02-02 00:00:00'), 'volume': 13778600.0}, {'date': Timestamp('2025-09-15 00:00:00'), 'volume': 13661200.0}, {'date': Timestamp('2025-09-08 00:00:00'), 'volume': 8456500.0}, {'date': Timestamp('2025-09-01 00:00:00'), 'volume': 7590400.0}, {'date': Timestamp('2025-08-25 00:00:00'), 'volume': 4039500.0}, {'date': Timestamp('2025-08-18 00:00:00'), 'volume': 3262600.0}]"
SDRL,2431886590.832725,weekly,2026-06-22,8730200.0,49,4,4,False,0.7535323718031711,"[{'date': Timestamp('2026-06-22 00:00:00'), 'volume': 8730200.0}, {'date': Timestamp('2026-02-09 00:00:00'), 'volume': 6841800.0}, {'date': Timestamp('2025-10-06 00:00:00'), 'volume': 6125000.0}, {'date': Timestamp('2025-08-18 00:00:00'), 'volume': 4860600.0}]"
CDP,8211238181.916999,weekly,2026-06-22,9605300.0,49,4,4,False,0.5549918819444043,"[{'date': Timestamp('2026-06-22 00:00:00'), 'volume': 9605300.0}, {'date': Timestamp('2026-01-03 00:00:00'), 'volume': 8225300.0}, {'date': Timestamp('2025-08-30 00:00:00'), 'volume': 6981600.0}, {'date': Timestamp('2025-08-23 00:00:00'), 'volume': 5303000.0}]"
GOLF,6914062541.1053,weekly,2026-06-22,2763200.0,49,4,4,False,0.3247652292467355,"[{'date': Timestamp('2026-06-22 00:00:00'), 'volume': 2763200.0}, {'date': Timestamp('2026-05-04 00:00:00'), 'volume': 2503200.0}, {'date': Timestamp('2025-08-25 00:00:00'), 'volume': 2464700.0}, {'date': Timestamp('2025-08-18 00:00:00'), 'volume': 1680800.0}]"
TR,2946964034.370049,weekly,2026-06-22,3844700.0,49,4,4,False,0.2393579501740508,"[{'date': Timestamp('2026-06-22 00:00:00'), 'volume': 3844700.0}, {'date': Timestamp('2025-09-13 00:00:00'), 'volume': 1973900.0}, {'date': Timestamp('2025-09-06 00:00:00'), 'volume': 998400.0}, {'date': Timestamp('2025-08-23 00:00:00'), 'volume': 701800.0}]"
SFNC,3326322212.8136706,weekly,2026-06-22,10393600.0,49,9,9,False,0.3738664690668806,"[{'date': Timestamp('2026-06-22 00:00:00'), 'volume': 10393600.0}, {'date': Timestamp('2026-06-08 00:00:00'), 'volume': 9589500.0}, {'date': Timestamp('2026-03-16 00:00:00'), 'volume': 8920600.0}, {'date': Timestamp('2026-01-17 00:00:00'), 'volume': 7903000.0}, {'date': Timestamp('2025-12-13 00:00:00'), 'volume': 7153500.0}, {'date': Timestamp('2025-10-18 00:00:00'), 'volume': 6660700.0}, {'date': Timestamp('2025-09-27 00:00:00'), 'volume': 6512600.0}, {'date': Timestamp('2025-09-13 00:00:00'), 'volume': 5368300.0}, {'date': Timestamp('2025-08-23 00:00:00'), 'volume': 4141000.0}]"
APGE,9965601123.344135,weekly,2026-06-22,90785700.0,49,5,5,True,1.0,"[{'date': Timestamp('2026-06-22 00:00:00'), 'volume': 90785700.0}, {'date': Timestamp('2026-03-23 00:00:00'), 'volume': 11842900.0}, {'date': Timestamp('2025-10-06 00:00:00'), 'volume': 7950600.0}, {'date': Timestamp('2025-09-08 00:00:00'), 'volume': 3604900.0}, {'date': Timestamp('2025-08-18 00:00:00'), 'volume': 2288400.0}]"
MHO,4171187810.302155,weekly,2026-06-22,2172200.0,49,4,4,False,0.5192923738943342,"[{'date': Timestamp('2026-06-22 00:00:00'), 'volume': 2172200.0}, {'date': Timestamp('2025-09-13 00:00:00'), 'volume': 2147400.0}, {'date': Timestamp('2025-09-06 00:00:00'), 'volume': 1352800.0}, {'date': Timestamp('2025-08-23 00:00:00'), 'volume': 1118200.0}]"
DOX,5590464705.346702,weekly,2026-06-22,12307100.0,49,4,4,True,1.0,"[{'date': Timestamp('2026-06-22 00:00:00'), 'volume': 12307100.0}, {'date': Timestamp('2026-01-31 00:00:00'), 'volume': 11589700.0}, {'date': Timestamp('2025-11-08 00:00:00'), 'volume': 10561300.0}, {'date': Timestamp('2025-08-23 00:00:00'), 'volume': 4968300.0}]"
BGC,5485198506.820808,weekly,2026-06-22,27961800.0,49,6,6,False,0.2746514773353449,"[{'date': Timestamp('2026-06-22 00:00:00'), 'volume': 27961800.0}, {'date': Timestamp('2025-11-01 00:00:00'), 'volume': 20792700.0}, {'date': Timestamp('2025-09-13 00:00:00'), 'volume': 20509900.0}, {'date': Timestamp('2025-09-06 00:00:00'), 'volume': 13501500.0}, {'date': Timestamp('2025-08-30 00:00:00'), 'volume': 9112600.0}, {'date': Timestamp('2025-08-23 00:00:00'), 'volume': 7939000.0}]"
KLIC,6553123271.502167,weekly,2026-06-22,10948200.0,49,6,6,False,0.7752749314884185,"[{'date': Timestamp('2026-06-22 00:00:00'), 'volume': 10948200.0}, {'date': Timestamp('2026-01-31 00:00:00'), 'volume': 7053600.0}, {'date': Timestamp('2026-01-10 00:00:00'), 'volume': 4811100.0}, {'date': Timestamp('2025-11-29 00:00:00'), 'volume': 4524400.0}, {'date': Timestamp('2025-09-13 00:00:00'), 'volume': 4180800.0}, {'date': Timestamp('2025-08-23 00:00:00'), 'volume': 2440700.0}]"
LBRDA,4496778341.483647,weekly,2026-06-22,1527400.0,49,5,5,False,0.4115369371510295,"[{'date': Timestamp('2026-06-22 00:00:00'), 'volume': 1527400.0}, {'date': Timestamp('2026-03-16 00:00:00'), 'volume': 1370800.0}, {'date': Timestamp('2026-01-26 00:00:00'), 'volume': 1192800.0}, {'date': Timestamp('2025-12-01 00:00:00'), 'volume': 854900.0}, {'date': Timestamp('2025-08-18 00:00:00'), 'volume': 843000.0}]"
OII,3992777692.329693,weekly,2026-06-22,9250500.0,49,8,8,False,0.3703162530024019,"[{'date': Timestamp('2026-06-22 00:00:00'), 'volume': 9250500.0}, {'date': Timestamp('2026-02-23 00:00:00'), 'volume': 8884600.0}, {'date': Timestamp('2026-02-16 00:00:00'), 'volume': 8659900.0}, {'date': Timestamp('2026-01-24 00:00:00'), 'volume': 7464400.0}, {'date': Timestamp('2025-12-13 00:00:00'), 'volume': 5953300.0}, {'date': Timestamp('2025-10-18 00:00:00'), 'volume': 4476300.0}, {'date': Timestamp('2025-09-13 00:00:00'), 'volume': 4299800.0}, {'date': Timestamp('2025-08-23 00:00:00'), 'volume': 3210400.0}]"
KBH,3898600474.51581,weekly,2026-06-22,13952700.0,49,6,6,False,0.4262839509944701,"[{'date': Timestamp('2026-06-22 00:00:00'), 'volume': 13952700.0}, {'date': Timestamp('2025-12-13 00:00:00'), 'volume': 13344900.0}, {'date': Timestamp('2025-09-13 00:00:00'), 'volume': 9903800.0}, {'date': Timestamp('2025-09-06 00:00:00'), 'volume': 5149900.0}, {'date': Timestamp('2025-08-30 00:00:00'), 'volume': 5077800.0}, {'date': Timestamp('2025-08-23 00:00:00'), 'volume': 4875000.0}]"
ESTA,2601057975.0656786,weekly,2026-06-22,7736800.0,49,4,4,False,0.4976650242502991,"[{'date': Timestamp('2026-06-22 00:00:00'), 'volume': 7736800.0}, {'date': Timestamp('2025-11-03 00:00:00'), 'volume': 5803900.0}, {'date': Timestamp('2025-10-13 00:00:00'), 'volume': 2509900.0}, {'date': Timestamp('2025-08-18 00:00:00'), 'volume': 1709000.0}]"
DCO,2680100450.316061,weekly,2026-06-22,1921700.0,49,7,7,True,1.0,"[{'date': Timestamp('2026-06-22 00:00:00'), 'volume': 1921700.0}, {'date': Timestamp('2026-05-11 00:00:00'), 'volume': 1760400.0}, {'date': Timestamp('2026-04-06 00:00:00'), 'volume': 1547600.0}, {'date': Timestamp('2026-03-02 00:00:00'), 'volume': 1230400.0}, {'date': Timestamp('2025-10-25 00:00:00'), 'volume': 1189800.0}, {'date': Timestamp('2025-09-13 00:00:00'), 'volume': 1073700.0}, {'date': Timestamp('2025-08-23 00:00:00'), 'volume': 589300.0}]"
RYTM,7534317536.838722,weekly,2026-06-22,7226600.0,49,6,6,False,0.1499506154395226,"[{'date': Timestamp('2026-06-22 00:00:00'), 'volume': 7226600.0}, {'date': Timestamp('2025-12-08 00:00:00'), 'volume': 7087300.0}, {'date': Timestamp('2025-11-03 00:00:00'), 'volume': 4711200.0}, {'date': Timestamp('2025-09-15 00:00:00'), 'volume': 3632200.0}, {'date': Timestamp('2025-09-08 00:00:00'), 'volume': 3282900.0}, {'date': Timestamp('2025-08-18 00:00:00'), 'volume': 2611500.0}]"
ASH,2927670472.18718,weekly,2026-06-22,10035500.0,49,9,9,True,1.0,"[{'date': Timestamp('2026-06-22 00:00:00'), 'volume': 10035500.0}, {'date': Timestamp('2026-06-08 00:00:00'), 'volume': 7565300.0}, {'date': Timestamp('2025-11-29 00:00:00'), 'volume': 7293400.0}, {'date': Timestamp('2025-11-08 00:00:00'), 'volume': 5357300.0}, {'date': Timestamp('2025-11-01 00:00:00'), 'volume': 5240800.0}, {'date': Timestamp('2025-09-27 00:00:00'), 'volume': 4321900.0}, {'date': Timestamp('2025-09-20 00:00:00'), 'volume': 3521800.0}, {'date': Timestamp('2025-09-13 00:00:00'), 'volume': 3512400.0}, {'date': Timestamp('2025-08-23 00:00:00'), 'volume': 2139800.0}]"
TDC,3091184957.844081,weekly,2026-06-22,31933400.0,49,7,7,False,0.6724746453721486,"[{'date': Timestamp('2026-06-22 00:00:00'), 'volume': 31933400.0}, {'date': Timestamp('2026-02-09 00:00:00'), 'volume': 21802100.0}, {'date': Timestamp('2025-11-03 00:00:00'), 'volume': 16791900.0}, {'date': Timestamp('2025-10-06 00:00:00'), 'volume': 9281800.0}, {'date': Timestamp('2025-09-15 00:00:00'), 'volume': 6472500.0}, {'date': Timestamp('2025-09-08 00:00:00'), 'volume': 4195300.0}, {'date': Timestamp('2025-08-18 00:00:00'), 'volume': 4178600.0}]"
XRAY,2205596809.7142854,weekly,2026-06-22,51438800.0,49,8,8,False,0.8735348759802872,"[{'date': Timestamp('2026-06-22 00:00:00'), 'volume': 51438800.0}, {'date': Timestamp('2026-02-23 00:00:00'), 'volume': 38974600.0}, {'date': Timestamp('2026-02-09 00:00:00'), 'volume': 26836200.0}, {'date': Timestamp('2025-11-01 00:00:00'), 'volume': 24481000.0}, {'date': Timestamp('2025-10-11 00:00:00'), 'volume': 20342000.0}, {'date': Timestamp('2025-09-13 00:00:00'), 'volume': 18528800.0}, {'date': Timestamp('2025-09-06 00:00:00'), 'volume': 13701900.0}, {'date': Timestamp('2025-08-23 00:00:00'), 'volume': 13505100.0}]"
TWST,6217167959.699533,weekly,2026-06-22,13785900.0,49,6,6,False,0.7356128639805344,"[{'date': Timestamp('2026-06-22 00:00:00'), 'volume': 13785900.0}, {'date': Timestamp('2025-11-17 00:00:00'), 'volume': 12499600.0}, {'date': Timestamp('2025-10-06 00:00:00'), 'volume': 11807200.0}, {'date': Timestamp('2025-09-15 00:00:00'), 'volume': 10158400.0}, {'date': Timestamp('2025-09-08 00:00:00'), 'volume': 9430500.0}, {'date': Timestamp('2025-08-18 00:00:00'), 'volume': 6051200.0}]"
NHC,3226080498.687739,weekly,2026-06-15,1074300.0,56,5,5,False,0.3076724804536472,"[{'date': Timestamp('2026-06-15 00:00:00'), 'volume': 1074300.0}, {'date': Timestamp('2026-03-16 00:00:00'), 'volume': 933800.0}, {'date': Timestamp('2025-09-13 00:00:00'), 'volume': 893300.0}, {'date': Timestamp('2025-09-06 00:00:00'), 'volume': 191700.0}, {'date': Timestamp('2025-08-23 00:00:00'), 'volume': 180700.0}]"
PAYO,2411326037.565341,weekly,2026-06-15,119945000.0,56,6,6,True,1.0,"[{'date': Timestamp('2026-06-15 00:00:00'), 'volume': 119945000.0}, {'date': Timestamp('2026-06-08 00:00:00'), 'volume': 88027200.0}, {'date': Timestamp('2026-01-26 00:00:00'), 'volume': 33708700.0}, {'date': Timestamp('2025-09-15 00:00:00'), 'volume': 23646700.0}, {'date': Timestamp('2025-08-25 00:00:00'), 'volume': 14651000.0}, {'date': Timestamp('2025-08-18 00:00:00'), 'volume': 14239700.0}]"
LION,4766391545.891276,weekly,2026-06-15,29184300.0,56,7,7,True,1.0,"[{'date': Timestamp('2026-06-15 00:00:00'), 'volume': 29184300.0}, {'date': Timestamp('2026-04-20 00:00:00'), 'volume': 26645300.0}, {'date': Timestamp('2026-04-13 00:00:00'), 'volume': 23466600.0}, {'date': Timestamp('2025-09-08 00:00:00'), 'volume': 20433800.0}, {'date': Timestamp('2025-09-01 00:00:00'), 'volume': 9944900.0}, {'date': Timestamp('2025-08-25 00:00:00'), 'volume': 9910600.0}, {'date': Timestamp('2025-08-18 00:00:00'), 'volume': 9513100.0}]"
AAMI,2572412966.9628787,weekly,2026-06-15,4738500.0,56,3,3,False,0.2179582712369597,"[{'date': Timestamp('2026-06-15 00:00:00'), 'volume': 4738500.0}, {'date': Timestamp('2025-09-01 00:00:00'), 'volume': 2999600.0}, {'date': Timestamp('2025-08-18 00:00:00'), 'volume': 1163500.0}]"
CPB,6778227900.288143,weekly,2026-06-15,90821100.0,56,4,4,True,1.0,"[{'date': Timestamp('2026-06-15 00:00:00'), 'volume': 90821100.0}, {'date': Timestamp('2026-03-09 00:00:00'), 'volume': 74010700.0}, {'date': Timestamp('2025-12-06 00:00:00'), 'volume': 56744900.0}, {'date': Timestamp('2025-08-23 00:00:00'), 'volume': 48784100.0}]"
RSI,7353683263.656126,weekly,2026-06-15,27965900.0,56,6,6,True,1.0,"[{'date': Timestamp('2026-06-15 00:00:00'), 'volume': 27965900.0}, {'date': Timestamp('2026-05-04 00:00:00'), 'volume': 17657800.0}, {'date': Timestamp('2026-01-26 00:00:00'), 'volume': 16152900.0}, {'date': Timestamp('2025-10-13 00:00:00'), 'volume': 10063200.0}, {'date': Timestamp('2025-09-29 00:00:00'), 'volume': 9082100.0}, {'date': Timestamp('2025-08-18 00:00:00'), 'volume': 8540100.0}]"
ROG,2865225347.424382,weekly,2026-06-15,2071600.0,56,4,4,False,0.2255146362438902,"[{'date': Timestamp('2026-06-15 00:00:00'), 'volume': 2071600.0}, {'date': Timestamp('2025-10-25 00:00:00'), 'volume': 2029800.0}, {'date': Timestamp('2025-09-06 00:00:00'), 'volume': 1194500.0}, {'date': Timestamp('2025-08-23 00:00:00'), 'volume': 1053900.0}]"
NIC,3469373383.2429504,weekly,2026-06-15,4301800.0,56,10,10,True,1.0,"[{'date': Timestamp('2026-06-15 00:00:00'), 'volume': 4301800.0}, {'date': Timestamp('2026-06-08 00:00:00'), 'volume': 1734200.0}, {'date': Timestamp('2026-02-16 00:00:00'), 'volume': 1560600.0}, {'date': Timestamp('2026-01-19 00:00:00'), 'volume': 1087300.0}, {'date': Timestamp('2025-12-15 00:00:00'), 'volume': 1014700.0}, {'date': Timestamp('2025-10-27 00:00:00'), 'volume': 868000.0}, {'date': Timestamp('2025-10-20 00:00:00'), 'volume': 754700.0}, {'date': Timestamp('2025-10-13 00:00:00'), 'volume': 464600.0}, {'date': Timestamp('2025-09-15 00:00:00'), 'volume': 439400.0}, {'date': Timestamp('2025-08-18 00:00:00'), 'volume': 336300.0}]"
ADPT,3354530368.339753,weekly,2026-06-15,27118400.0,56,6,6,True,1.0,"[{'date': Timestamp('2026-06-15 00:00:00'), 'volume': 27118400.0}, {'date': Timestamp('2025-12-01 00:00:00'), 'volume': 17766500.0}, {'date': Timestamp('2025-11-17 00:00:00'), 'volume': 15549700.0}, {'date': Timestamp('2025-09-29 00:00:00'), 'volume': 13476800.0}, {'date': Timestamp('2025-09-08 00:00:00'), 'volume': 9745500.0}, {'date': Timestamp('2025-08-18 00:00:00'), 'volume': 9437500.0}]"
LAZ,3949320048.920729,weekly,2026-06-15,27142700.0,56,10,10,True,1.0,"[{'date': Timestamp('2026-06-15 00:00:00'), 'volume': 27142700.0}, {'date': Timestamp('2026-06-08 00:00:00'), 'volume': 17973100.0}, {'date': Timestamp('2026-03-09 00:00:00'), 'volume': 13834900.0}, {'date': Timestamp('2026-01-26 00:00:00'), 'volume': 7407900.0}, {'date': Timestamp('2025-12-08 00:00:00'), 'volume': 6743600.0}, {'date': Timestamp('2025-10-20 00:00:00'), 'volume': 5777500.0}, {'date': Timestamp('2025-09-15 00:00:00'), 'volume': 5765300.0}, {'date': Timestamp('2025-09-08 00:00:00'), 'volume': 4383800.0}, {'date': Timestamp('2025-08-25 00:00:00'), 'volume': 4168500.0}, {'date': Timestamp('2025-08-18 00:00:00'), 'volume': 3552500.0}]"
USLM,3050049923.962669,weekly,2026-06-15,2739600.0,56,4,4,True,1.0,"[{'date': Timestamp('2026-06-15 00:00:00'), 'volume': 2739600.0}, {'date': Timestamp('2026-06-08 00:00:00'), 'volume': 1531000.0}, {'date': Timestamp('2026-03-16 00:00:00'), 'volume': 1115700.0}, {'date': Timestamp('2025-08-23 00:00:00'), 'volume': 700600.0}]"
WSBC,3731805739.878064,weekly,2026-06-15,22025400.0,56,5,5,True,1.0,"[{'date': Timestamp('2026-06-15 00:00:00'), 'volume': 22025400.0}, {'date': Timestamp('2026-06-08 00:00:00'), 'volume': 7970400.0}, {'date': Timestamp('2025-09-13 00:00:00'), 'volume': 4991600.0}, {'date': Timestamp('2025-09-06 00:00:00'), 'volume': 2238800.0}, {'date': Timestamp('2025-08-23 00:00:00'), 'volume': 1651600.0}]"
CMPR,2229594524.994314,weekly,2026-06-15,1857300.0,56,3,3,False,0.6007180283330099,"[{'date': Timestamp('2026-06-15 00:00:00'), 'volume': 1857300.0}, {'date': Timestamp('2025-09-15 00:00:00'), 'volume': 1797100.0}, {'date': Timestamp('2025-08-18 00:00:00'), 'volume': 1054500.0}]"
POOL,7711704387.130583,weekly,2026-06-15,11132700.0,56,8,8,True,1.0,"[{'date': Timestamp('2026-06-15 00:00:00'), 'volume': 11132700.0}, {'date': Timestamp('2026-02-16 00:00:00'), 'volume': 6765400.0}, {'date': Timestamp('2025-11-01 00:00:00'), 'volume': 5884600.0}, {'date': Timestamp('2025-10-18 00:00:00'), 'volume': 4258600.0}, {'date': Timestamp('2025-09-13 00:00:00'), 'volume': 3757300.0}, {'date': Timestamp('2025-09-06 00:00:00'), 'volume': 2354100.0}, {'date': Timestamp('2025-08-30 00:00:00'), 'volume': 2252300.0}, {'date': Timestamp('2025-08-23 00:00:00'), 'volume': 2009400.0}]"
INGR,6148258618.673828,weekly,2026-06-15,8852500.0,56,6,6,True,1.0,"[{'date': Timestamp('2026-06-15 00:00:00'), 'volume': 8852500.0}, {'date': Timestamp('2026-05-04 00:00:00'), 'volume': 6283500.0}, {'date': Timestamp('2026-01-31 00:00:00'), 'volume': 5713600.0}, {'date': Timestamp('2025-11-01 00:00:00'), 'volume': 5656700.0}, {'date': Timestamp('2025-09-13 00:00:00'), 'volume': 3825500.0}, {'date': Timestamp('2025-08-23 00:00:00'), 'volume': 2167000.0}]"
EBC,5105951100.230663,weekly,2026-06-15,51227300.0,56,6,6,True,1.0,"[{'date': Timestamp('2026-06-15 00:00:00'), 'volume': 51227300.0}, {'date': Timestamp('2025-10-13 00:00:00'), 'volume': 24480500.0}, {'date': Timestamp('2025-10-06 00:00:00'), 'volume': 24009700.0}, {'date': Timestamp('2025-09-15 00:00:00'), 'volume': 15501400.0}, {'date': Timestamp('2025-08-25 00:00:00'), 'volume': 7565100.0}, {'date': Timestamp('2025-08-18 00:00:00'), 'volume': 5920100.0}]"
IVT,2818940128.9835567,weekly,2026-06-15,16149100.0,56,6,6,True,1.0,"[{'date': Timestamp('2026-06-15 00:00:00'), 'volume': 16149100.0}, {'date': Timestamp('2026-06-08 00:00:00'), 'volume': 8752600.0}, {'date': Timestamp('2025-10-06 00:00:00'), 'volume': 3776300.0}, {'date': Timestamp('2025-09-15 00:00:00'), 'volume': 2517700.0}, {'date': Timestamp('2025-09-08 00:00:00'), 'volume': 2393500.0}, {'date': Timestamp('2025-08-18 00:00:00'), 'volume': 1970300.0}]"
VSH,7669578222.385244,weekly,2026-06-08,51951700.0,63,10,10,True,1.0,"[{'date': Timestamp('2026-06-08 00:00:00'), 'volume': 51951700.0}, {'date': Timestamp('2026-06-01 00:00:00'), 'volume': 45263200.0}, {'date': Timestamp('2026-05-11 00:00:00'), 'volume': 36619900.0}, {'date': Timestamp('2026-05-04 00:00:00'), 'volume': 25526300.0}, {'date': Timestamp('2026-01-31 00:00:00'), 'volume': 20316900.0}, {'date': Timestamp('2026-01-24 00:00:00'), 'volume': 17478500.0}, {'date': Timestamp('2025-11-01 00:00:00'), 'volume': 14126300.0}, {'date': Timestamp('2025-10-18 00:00:00'), 'volume': 11357100.0}, {'date': Timestamp('2025-09-13 00:00:00'), 'volume': 8673600.0}, {'date': Timestamp('2025-08-23 00:00:00'), 'volume': 6544700.0}]"
TXNM,6324705956.187685,weekly,2026-06-08,14415800.0,63,7,7,False,0.2949729495248774,"[{'date': Timestamp('2026-06-08 00:00:00'), 'volume': 14415800.0}, {'date': Timestamp('2026-05-04 00:00:00'), 'volume': 10783500.0}, {'date': Timestamp('2026-03-16 00:00:00'), 'volume': 8840400.0}, {'date': Timestamp('2026-01-24 00:00:00'), 'volume': 7677400.0}, {'date': Timestamp('2025-12-13 00:00:00'), 'volume': 6528800.0}, {'date': Timestamp('2025-09-13 00:00:00'), 'volume': 6293600.0}, {'date': Timestamp('2025-08-23 00:00:00'), 'volume': 4033800.0}]"
NRIX,2367993069.799644,weekly,2026-06-08,36862000.0,63,8,8,True,1.0,"[{'date': Timestamp('2026-06-08 00:00:00'), 'volume': 36862000.0}, {'date': Timestamp('2025-12-08 00:00:00'), 'volume': 14353800.0}, {'date': Timestamp('2025-10-27 00:00:00'), 'volume': 12630200.0}, {'date': Timestamp('2025-10-20 00:00:00'), 'volume': 12303500.0}, {'date': Timestamp('2025-10-06 00:00:00'), 'volume': 6493900.0}, {'date': Timestamp('2025-09-29 00:00:00'), 'volume': 6478100.0}, {'date': Timestamp('2025-09-15 00:00:00'), 'volume': 6467000.0}, {'date': Timestamp('2025-08-18 00:00:00'), 'volume': 4151800.0}]"
BKH,5788782087.010093,weekly,2026-06-08,9199500.0,63,7,7,True,1.0,"[{'date': Timestamp('2026-06-08 00:00:00'), 'volume': 9199500.0}, {'date': Timestamp('2025-11-08 00:00:00'), 'volume': 8741200.0}, {'date': Timestamp('2025-11-01 00:00:00'), 'volume': 5873800.0}, {'date': Timestamp('2025-10-25 00:00:00'), 'volume': 4269400.0}, {'date': Timestamp('2025-10-11 00:00:00'), 'volume': 4266100.0}, {'date': Timestamp('2025-09-13 00:00:00'), 'volume': 3007300.0}, {'date': Timestamp('2025-08-23 00:00:00'), 'volume': 2798400.0}]"
SAIL,7475471473.662728,weekly,2026-06-08,34985300.0,63,5,5,False,0.6397393886641749,"[{'date': Timestamp('2026-06-08 00:00:00'), 'volume': 34985300.0}, {'date': Timestamp('2026-03-16 00:00:00'), 'volume': 28592400.0}, {'date': Timestamp('2025-09-08 00:00:00'), 'volume': 25828200.0}, {'date': Timestamp('2025-09-01 00:00:00'), 'volume': 10954500.0}, {'date': Timestamp('2025-08-18 00:00:00'), 'volume': 8654900.0}]"
BRC,4252400354.3116913,weekly,2026-06-08,4394900.0,63,5,5,False,0.4875800170851038,"[{'date': Timestamp('2026-06-08 00:00:00'), 'volume': 4394900.0}, {'date': Timestamp('2026-05-11 00:00:00'), 'volume': 2245400.0}, {'date': Timestamp('2025-12-13 00:00:00'), 'volume': 1915400.0}, {'date': Timestamp('2025-09-13 00:00:00'), 'volume': 1695800.0}, {'date': Timestamp('2025-08-23 00:00:00'), 'volume': 1109100.0}]"
ZGN,5566308344.55814,weekly,2026-06-08,9348900.0,63,5,5,False,0.4067851921470342,"[{'date': Timestamp('2026-06-08 00:00:00'), 'volume': 9348900.0}, {'date': Timestamp('2025-09-15 00:00:00'), 'volume': 6660300.0}, {'date': Timestamp('2025-09-01 00:00:00'), 'volume': 3867500.0}, {'date': Timestamp('2025-08-25 00:00:00'), 'volume': 3116900.0}, {'date': Timestamp('2025-08-18 00:00:00'), 'volume': 3103200.0}]"
AKR,2921354999.3932686,weekly,2026-06-08,13383900.0,63,5,5,False,0.74507740868781,"[{'date': Timestamp('2026-06-08 00:00:00'), 'volume': 13383900.0}, {'date': Timestamp('2026-01-03 00:00:00'), 'volume': 10336200.0}, {'date': Timestamp('2025-09-13 00:00:00'), 'volume': 9379900.0}, {'date': Timestamp('2025-09-06 00:00:00'), 'volume': 8675500.0}, {'date': Timestamp('2025-08-23 00:00:00'), 'volume': 8013300.0}]"
CELC,4874190576.412488,weekly,2026-06-01,16664600.0,70,6,6,False,0.3856689254239798,"[{'date': Timestamp('2026-06-01 00:00:00'), 'volume': 16664600.0}, {'date': Timestamp('2025-10-20 00:00:00'), 'volume': 13041600.0}, {'date': Timestamp('2025-10-13 00:00:00'), 'volume': 6879900.0}, {'date': Timestamp('2025-09-29 00:00:00'), 'volume': 6705500.0}, {'date': Timestamp('2025-09-15 00:00:00'), 'volume': 5211900.0}, {'date': Timestamp('2025-08-18 00:00:00'), 'volume': 5091400.0}]"
VSXY,7035017406.596386,weekly,2026-06-01,27885400.0,70,4,4,False,0.4973203760212444,"[{'date': Timestamp('2026-06-01 00:00:00'), 'volume': 27885400.0}, {'date': Timestamp('2025-12-01 00:00:00'), 'volume': 26757700.0}, {'date': Timestamp('2025-08-25 00:00:00'), 'volume': 22608100.0}, {'date': Timestamp('2025-08-18 00:00:00'), 'volume': 11261800.0}]"
FRHC,7895710452.247326,weekly,2026-06-01,1392900.0,70,5,5,False,0.1820546333812573,"[{'date': Timestamp('2026-06-01 00:00:00'), 'volume': 1392900.0}, {'date': Timestamp('2025-11-03 00:00:00'), 'volume': 991400.0}, {'date': Timestamp('2025-10-06 00:00:00'), 'volume': 796700.0}, {'date': Timestamp('2025-09-29 00:00:00'), 'volume': 677400.0}, {'date': Timestamp('2025-08-18 00:00:00'), 'volume': 552400.0}]"
AD,3204444793.6068544,weekly,2026-06-01,4211800.0,70,6,6,False,0.5036170797909866,"[{'date': Timestamp('2026-06-01 00:00:00'), 'volume': 4211800.0}, {'date': Timestamp('2026-03-30 00:00:00'), 'volume': 3670700.0}, {'date': Timestamp('2026-01-17 00:00:00'), 'volume': 2327800.0}, {'date': Timestamp('2025-11-29 00:00:00'), 'volume': 1855000.0}, {'date': Timestamp('2025-09-13 00:00:00'), 'volume': 1534900.0}, {'date': Timestamp('2025-08-23 00:00:00'), 'volume': 1031900.0}]"
PVH,3429520078.2630186,weekly,2026-06-01,12038000.0,70,2,2,False,0.5636321923035504,"[{'date': Timestamp('2026-06-01 00:00:00'), 'volume': 12038000.0}, {'date': Timestamp('2025-08-23 00:00:00'), 'volume': 9610900.0}]"
MBC,2025557770.5431845,weekly,2026-05-25,29009900.0,77,9,9,False,0.4666251672843319,"[{'date': Timestamp('2026-05-25 00:00:00'), 'volume': 29009900.0}, {'date': Timestamp('2026-05-04 00:00:00'), 'volume': 25549700.0}, {'date': Timestamp('2026-02-09 00:00:00'), 'volume': 18083500.0}, {'date': Timestamp('2025-11-03 00:00:00'), 'volume': 15438200.0}, {'date': Timestamp('2025-09-15 00:00:00'), 'volume': 11001700.0}, {'date': Timestamp('2025-09-08 00:00:00'), 'volume': 7718800.0}, {'date': Timestamp('2025-09-01 00:00:00'), 'volume': 7088200.0}, {'date': Timestamp('2025-08-25 00:00:00'), 'volume': 6293400.0}, {'date': Timestamp('2025-08-18 00:00:00'), 'volume': 6177100.0}]"
FLY,4194567476.043072,weekly,2026-05-25,65149400.0,77,8,8,True,1.0,"[{'date': Timestamp('2026-05-25 00:00:00'), 'volume': 65149400.0}, {'date': Timestamp('2026-04-06 00:00:00'), 'volume': 48911100.0}, {'date': Timestamp('2026-03-23 00:00:00'), 'volume': 35325500.0}, {'date': Timestamp('2026-03-16 00:00:00'), 'volume': 31705000.0}, {'date': Timestamp('2026-03-09 00:00:00'), 'volume': 28255600.0}, {'date': Timestamp('2025-09-29 00:00:00'), 'volume': 20605700.0}, {'date': Timestamp('2025-09-22 00:00:00'), 'volume': 11280800.0}, {'date': Timestamp('2025-08-18 00:00:00'), 'volume': 4769200.0}]"
RDW,2610361098.776852,weekly,2026-05-25,380987400.0,77,9,9,True,1.0,"[{'date': Timestamp('2026-05-25 00:00:00'), 'volume': 380987400.0}, {'date': Timestamp('2026-01-26 00:00:00'), 'volume': 270588700.0}, {'date': Timestamp('2026-01-12 00:00:00'), 'volume': 149077500.0}, {'date': Timestamp('2026-01-05 00:00:00'), 'volume': 119383000.0}, {'date': Timestamp('2025-12-15 00:00:00'), 'volume': 78928200.0}, {'date': Timestamp('2025-12-08 00:00:00'), 'volume': 72970600.0}, {'date': Timestamp('2025-10-06 00:00:00'), 'volume': 61862400.0}, {'date': Timestamp('2025-09-15 00:00:00'), 'volume': 49608400.0}, {'date': Timestamp('2025-08-18 00:00:00'), 'volume': 17396700.0}]"
LLYVA,9414569923.145603,weekly,2026-05-25,2877900.0,77,9,9,False,0.9017672494829856,"[{'date': Timestamp('2026-05-25 00:00:00'), 'volume': 2877900.0}, {'date': Timestamp('2026-05-11 00:00:00'), 'volume': 2714600.0}, {'date': Timestamp('2026-01-05 00:00:00'), 'volume': 2188400.0}, {'date': Timestamp('2025-12-15 00:00:00'), 'volume': 1729900.0}, {'date': Timestamp('2025-12-08 00:00:00'), 'volume': 1713300.0}, {'date': Timestamp('2025-12-01 00:00:00'), 'volume': 1188400.0}, {'date': Timestamp('2025-11-03 00:00:00'), 'volume': 978300.0}, {'date': Timestamp('2025-09-15 00:00:00'), 'volume': 894400.0}, {'date': Timestamp('2025-08-18 00:00:00'), 'volume': 859300.0}]"
YMM,7823084203.0,weekly,2026-05-25,145757600.0,77,3,3,True,1.0,"[{'date': Timestamp('2026-05-25 00:00:00'), 'volume': 145757600.0}, {'date': Timestamp('2026-01-12 00:00:00'), 'volume': 95957900.0}, {'date': Timestamp('2025-08-18 00:00:00'), 'volume': 87136000.0}]"
JKHY,9591855969.388548,weekly,2026-05-25,12319800.0,77,7,7,True,1.0,"[{'date': Timestamp('2026-05-25 00:00:00'), 'volume': 12319800.0}, {'date': Timestamp('2026-05-11 00:00:00'), 'volume': 8514400.0}, {'date': Timestamp('2026-02-09 00:00:00'), 'volume': 7856200.0}, {'date': Timestamp('2025-09-27 00:00:00'), 'volume': 7095000.0}, {'date': Timestamp('2025-09-13 00:00:00'), 'volume': 6817300.0}, {'date': Timestamp('2025-09-06 00:00:00'), 'volume': 3628000.0}, {'date': Timestamp('2025-08-23 00:00:00'), 'volume': 3360300.0}]"
TBBB,5062010797.445047,weekly,2026-05-25,9506000.0,77,7,7,False,0.5934795909448475,"[{'date': Timestamp('2026-05-25 00:00:00'), 'volume': 9506000.0}, {'date': Timestamp('2026-01-26 00:00:00'), 'volume': 5383600.0}, {'date': Timestamp('2025-12-15 00:00:00'), 'volume': 4688200.0}, {'date': Timestamp('2025-10-06 00:00:00'), 'volume': 3797400.0}, {'date': Timestamp('2025-09-08 00:00:00'), 'volume': 3008300.0}, {'date': Timestamp('2025-08-25 00:00:00'), 'volume': 2577800.0}, {'date': Timestamp('2025-08-18 00:00:00'), 'volume': 2055000.0}]"
ACM,9127697606.46963,weekly,2026-05-25,21549200.0,77,6,6,True,1.0,"[{'date': Timestamp('2026-05-25 00:00:00'), 'volume': 21549200.0}, {'date': Timestamp('2026-02-09 00:00:00'), 'volume': 13918900.0}, {'date': Timestamp('2025-11-17 00:00:00'), 'volume': 12156000.0}, {'date': Timestamp('2025-09-15 00:00:00'), 'volume': 8143300.0}, {'date': Timestamp('2025-08-25 00:00:00'), 'volume': 5577800.0}, {'date': Timestamp('2025-08-18 00:00:00'), 'volume': 2968800.0}]"
CZR,6149508938.163762,weekly,2026-05-25,119574000.0,77,4,4,True,1.0,"[{'date': Timestamp('2026-05-25 00:00:00'), 'volume': 119574000.0}, {'date': Timestamp('2025-09-15 00:00:00'), 'volume': 80962900.0}, {'date': Timestamp('2025-09-08 00:00:00'), 'volume': 28767700.0}, {'date': Timestamp('2025-08-18 00:00:00'), 'volume': 28625000.0}]"
LUNR,4294844899.995721,weekly,2026-05-25,125973900.0,77,9,9,False,0.3880092020354375,"[{'date': Timestamp('2026-05-25 00:00:00'), 'volume': 125973900.0}, {'date': Timestamp('2026-03-23 00:00:00'), 'volume': 91386300.0}, {'date': Timestamp('2026-01-12 00:00:00'), 'volume': 73735900.0}, {'date': Timestamp('2025-12-15 00:00:00'), 'volume': 66654700.0}, {'date': Timestamp('2025-10-13 00:00:00'), 'volume': 60749800.0}, {'date': Timestamp('2025-10-06 00:00:00'), 'volume': 56057400.0}, {'date': Timestamp('2025-09-22 00:00:00'), 'volume': 41209600.0}, {'date': Timestamp('2025-09-15 00:00:00'), 'volume': 36907800.0}, {'date': Timestamp('2025-08-18 00:00:00'), 'volume': 34580100.0}]"
UTI,2290002916.205647,weekly,2026-05-25,13226000.0,77,6,6,True,1.0,"[{'date': Timestamp('2026-05-25 00:00:00'), 'volume': 13226000.0}, {'date': Timestamp('2025-12-01 00:00:00'), 'volume': 6316000.0}, {'date': Timestamp('2025-11-17 00:00:00'), 'volume': 5621900.0}, {'date': Timestamp('2025-09-22 00:00:00'), 'volume': 4560700.0}, {'date': Timestamp('2025-09-15 00:00:00'), 'volume': 4110600.0}, {'date': Timestamp('2025-08-18 00:00:00'), 'volume': 3704200.0}]"
S,5454006978.667781,weekly,2026-05-25,76956000.0,77,5,5,False,0.8006692011411378,"[{'date': Timestamp('2026-05-25 00:00:00'), 'volume': 76956000.0}, {'date': Timestamp('2025-12-08 00:00:00'), 'volume': 76626500.0}, {'date': Timestamp('2025-12-01 00:00:00'), 'volume': 70320100.0}, {'date': Timestamp('2025-08-25 00:00:00'), 'volume': 56281900.0}, {'date': Timestamp('2025-08-18 00:00:00'), 'volume': 21047900.0}]"
AAP,3749454001.050338,weekly,2026-05-18,17535400.0,84,6,6,False,0.3692782654109877,"[{'date': Timestamp('2026-05-18 00:00:00'), 'volume': 17535400.0}, {'date': Timestamp('2025-10-27 00:00:00'), 'volume': 14445000.0}, {'date': Timestamp('2025-10-06 00:00:00'), 'volume': 11193500.0}, {'date': Timestamp('2025-09-15 00:00:00'), 'volume': 10873200.0}, {'date': Timestamp('2025-09-08 00:00:00'), 'volume': 6943900.0}, {'date': Timestamp('2025-08-18 00:00:00'), 'volume': 6939200.0}]"
TE,2292817884.917648,weekly,2026-05-18,315834300.0,84,11,11,True,1.0,"[{'date': Timestamp('2026-05-18 00:00:00'), 'volume': 315834300.0}, {'date': Timestamp('2026-04-13 00:00:00'), 'volume': 146283900.0}, {'date': Timestamp('2025-12-08 00:00:00'), 'volume': 146249700.0}, {'date': Timestamp('2025-12-01 00:00:00'), 'volume': 76143000.0}, {'date': Timestamp('2025-11-10 00:00:00'), 'volume': 73853600.0}, {'date': Timestamp('2025-11-03 00:00:00'), 'volume': 71641000.0}, {'date': Timestamp('2025-10-13 00:00:00'), 'volume': 66909200.0}, {'date': Timestamp('2025-10-06 00:00:00'), 'volume': 47405700.0}, {'date': Timestamp('2025-09-22 00:00:00'), 'volume': 17963000.0}, {'date': Timestamp('2025-09-01 00:00:00'), 'volume': 12430300.0}, {'date': Timestamp('2025-08-18 00:00:00'), 'volume': 10727600.0}]"
AGYS,2889332947.1641884,weekly,2026-05-18,4379600.0,84,6,6,True,1.0,"[{'date': Timestamp('2026-05-18 00:00:00'), 'volume': 4379600.0}, {'date': Timestamp('2026-01-24 00:00:00'), 'volume': 3874700.0}, {'date': Timestamp('2025-10-25 00:00:00'), 'volume': 2659900.0}, {'date': Timestamp('2025-09-13 00:00:00'), 'volume': 1550500.0}, {'date': Timestamp('2025-09-06 00:00:00'), 'volume': 1052800.0}, {'date': Timestamp('2025-08-23 00:00:00'), 'volume': 789900.0}]"
RLAY,4044972375.008413,weekly,2026-05-18,40151600.0,84,11,11,False,0.83546474125554,"[{'date': Timestamp('2026-05-18 00:00:00'), 'volume': 40151600.0}, {'date': Timestamp('2026-04-06 00:00:00'), 'volume': 22345400.0}, {'date': Timestamp('2026-03-09 00:00:00'), 'volume': 19566900.0}, {'date': Timestamp('2026-02-02 00:00:00'), 'volume': 16399800.0}, {'date': Timestamp('2025-12-15 00:00:00'), 'volume': 15037900.0}, {'date': Timestamp('2025-12-08 00:00:00'), 'volume': 13532600.0}, {'date': Timestamp('2025-11-03 00:00:00'), 'volume': 13464600.0}, {'date': Timestamp('2025-10-20 00:00:00'), 'volume': 11002000.0}, {'date': Timestamp('2025-09-15 00:00:00'), 'volume': 9767200.0}, {'date': Timestamp('2025-09-01 00:00:00'), 'volume': 7572200.0}, {'date': Timestamp('2025-08-18 00:00:00'), 'volume': 5555400.0}]"
BILI,6823830009.205301,weekly,2026-05-18,33815600.0,84,4,4,False,0.2567225729651595,"[{'date': Timestamp('2026-05-18 00:00:00'), 'volume': 33815600.0}, {'date': Timestamp('2026-01-12 00:00:00'), 'volume': 30282500.0}, {'date': Timestamp('2025-09-08 00:00:00'), 'volume': 24311400.0}, {'date': Timestamp('2025-08-18 00:00:00'), 'volume': 21703500.0}]"
IMVT,7976252259.46522,weekly,2026-05-18,27304400.0,84,5,5,False,0.4757634947822556,"[{'date': Timestamp('2026-05-18 00:00:00'), 'volume': 27304400.0}, {'date': Timestamp('2025-10-27 00:00:00'), 'volume': 14363300.0}, {'date': Timestamp('2025-09-22 00:00:00'), 'volume': 10300600.0}, {'date': Timestamp('2025-09-01 00:00:00'), 'volume': 9631200.0}, {'date': Timestamp('2025-08-18 00:00:00'), 'volume': 6259900.0}]"
RAMP,2291644128.429068,weekly,2026-05-18,15307500.0,84,7,7,False,0.8835905842694035,"[{'date': Timestamp('2026-05-18 00:00:00'), 'volume': 15307500.0}, {'date': Timestamp('2026-02-23 00:00:00'), 'volume': 6678900.0}, {'date': Timestamp('2026-02-09 00:00:00'), 'volume': 4644300.0}, {'date': Timestamp('2026-01-31 00:00:00'), 'volume': 4610000.0}, {'date': Timestamp('2025-12-13 00:00:00'), 'volume': 4116200.0}, {'date': Timestamp('2025-11-01 00:00:00'), 'volume': 3889100.0}, {'date': Timestamp('2025-08-23 00:00:00'), 'volume': 3824900.0}]"
WIX,2427592829.3456373,weekly,2026-05-11,22605000.0,91,6,6,True,1.0,"[{'date': Timestamp('2026-05-11 00:00:00'), 'volume': 22605000.0}, {'date': Timestamp('2026-03-02 00:00:00'), 'volume': 19872700.0}, {'date': Timestamp('2025-09-08 00:00:00'), 'volume': 19241100.0}, {'date': Timestamp('2025-09-01 00:00:00'), 'volume': 6527200.0}, {'date': Timestamp('2025-08-25 00:00:00'), 'volume': 6032800.0}, {'date': Timestamp('2025-08-18 00:00:00'), 'volume': 5916100.0}]"
OUST,2675537371.0573893,weekly,2026-05-11,38637100.0,91,5,5,True,1.0,"[{'date': Timestamp('2026-05-11 00:00:00'), 'volume': 38637100.0}, {'date': Timestamp('2026-05-04 00:00:00'), 'volume': 27202700.0}, {'date': Timestamp('2025-09-15 00:00:00'), 'volume': 20642700.0}, {'date': Timestamp('2025-09-08 00:00:00'), 'volume': 13248100.0}, {'date': Timestamp('2025-08-18 00:00:00'), 'volume': 12305800.0}]"
BOOT,5389104093.170882,weekly,2026-05-11,6632000.0,91,5,5,False,0.6214567500960484,"[{'date': Timestamp('2026-05-11 00:00:00'), 'volume': 6632000.0}, {'date': Timestamp('2026-02-02 00:00:00'), 'volume': 5516000.0}, {'date': Timestamp('2025-10-27 00:00:00'), 'volume': 4859600.0}, {'date': Timestamp('2025-09-29 00:00:00'), 'volume': 3051000.0}, {'date': Timestamp('2025-08-18 00:00:00'), 'volume': 2497400.0}]"
PDFS,2594907506.3627496,weekly,2026-05-11,10403100.0,91,9,9,True,1.0,"[{'date': Timestamp('2026-05-11 00:00:00'), 'volume': 10403100.0}, {'date': Timestamp('2026-04-27 00:00:00'), 'volume': 2987100.0}, {'date': Timestamp('2026-04-20 00:00:00'), 'volume': 2601200.0}, {'date': Timestamp('2026-04-13 00:00:00'), 'volume': 2593400.0}, {'date': Timestamp('2026-03-23 00:00:00'), 'volume': 2340400.0}, {'date': Timestamp('2025-09-22 00:00:00'), 'volume': 2317500.0}, {'date': Timestamp('2025-09-15 00:00:00'), 'volume': 1829000.0}, {'date': Timestamp('2025-08-25 00:00:00'), 'volume': 1500300.0}, {'date': Timestamp('2025-08-18 00:00:00'), 'volume': 1381600.0}]"
ADEA,3399253187.3206058,weekly,2026-05-11,16523112.0,91,6,6,False,0.5331808353331379,"[{'date': Timestamp('2026-05-11 00:00:00'), 'volume': 16523112.0}, {'date': Timestamp('2026-05-04 00:00:00'), 'volume': 15113357.0}, {'date': Timestamp('2025-11-03 00:00:00'), 'volume': 8727665.0}, {'date': Timestamp('2025-09-15 00:00:00'), 'volume': 3446010.0}, {'date': Timestamp('2025-08-25 00:00:00'), 'volume': 2997533.0}, {'date': Timestamp('2025-08-18 00:00:00'), 'volume': 2169028.0}]"
G,4836020900.737622,weekly,2026-05-11,21902500.0,91,5,5,False,0.4422969351715169,"[{'date': Timestamp('2026-05-11 00:00:00'), 'volume': 21902500.0}, {'date': Timestamp('2026-02-02 00:00:00'), 'volume': 20864200.0}, {'date': Timestamp('2025-11-03 00:00:00'), 'volume': 18653000.0}, {'date': Timestamp('2025-09-15 00:00:00'), 'volume': 11343900.0}, {'date': Timestamp('2025-08-18 00:00:00'), 'volume': 9696900.0}]"
SGHC,6996217231.144354,weekly,2026-05-11,31508500.0,91,6,6,False,0.92642086383817,"[{'date': Timestamp('2026-05-11 00:00:00'), 'volume': 31508500.0}, {'date': Timestamp('2025-09-15 00:00:00'), 'volume': 26212200.0}, {'date': Timestamp('2025-09-08 00:00:00'), 'volume': 23490400.0}, {'date': Timestamp('2025-09-01 00:00:00'), 'volume': 15258700.0}, {'date': Timestamp('2025-08-25 00:00:00'), 'volume': 12607200.0}, {'date': Timestamp('2025-08-18 00:00:00'), 'volume': 9190100.0}]"
RELY,4710251330.582798,weekly,2026-05-11,55031800.0,91,5,5,True,1.0,"[{'date': Timestamp('2026-05-11 00:00:00'), 'volume': 55031800.0}, {'date': Timestamp('2025-11-03 00:00:00'), 'volume': 47512300.0}, {'date': Timestamp('2025-09-15 00:00:00'), 'volume': 20217000.0}, {'date': Timestamp('2025-08-25 00:00:00'), 'volume': 17524900.0}, {'date': Timestamp('2025-08-18 00:00:00'), 'volume': 13732400.0}]"
RLI,5291970470.146925,weekly,2026-05-11,6749100.0,91,6,6,False,0.597593369813526,"[{'date': Timestamp('2026-05-11 00:00:00'), 'volume': 6749100.0}, {'date': Timestamp('2025-12-13 00:00:00'), 'volume': 6379300.0}, {'date': Timestamp('2025-12-06 00:00:00'), 'volume': 4342600.0}, {'date': Timestamp('2025-09-13 00:00:00'), 'volume': 4237500.0}, {'date': Timestamp('2025-09-06 00:00:00'), 'volume': 2633100.0}, {'date': Timestamp('2025-08-23 00:00:00'), 'volume': 2177100.0}]"
INTR,2393628463.4503818,weekly,2026-05-11,63430200.0,91,9,9,True,1.0,"[{'date': Timestamp('2026-05-11 00:00:00'), 'volume': 63430200.0}, {'date': Timestamp('2026-05-04 00:00:00'), 'volume': 31307900.0}, {'date': Timestamp('2026-02-09 00:00:00'), 'volume': 22901300.0}, {'date': Timestamp('2026-01-26 00:00:00'), 'volume': 18610200.0}, {'date': Timestamp('2026-01-12 00:00:00'), 'volume': 18475200.0}, {'date': Timestamp('2025-10-27 00:00:00'), 'volume': 16087900.0}, {'date': Timestamp('2025-10-20 00:00:00'), 'volume': 14955200.0}, {'date': Timestamp('2025-08-25 00:00:00'), 'volume': 11832600.0}, {'date': Timestamp('2025-08-18 00:00:00'), 'volume': 10777500.0}]"
VNET,2192125597.0,weekly,2026-05-11,117565900.0,91,6,6,True,1.0,"[{'date': Timestamp('2026-05-11 00:00:00'), 'volume': 117565900.0}, {'date': Timestamp('2025-09-22 00:00:00'), 'volume': 61957000.0}, {'date': Timestamp('2025-09-15 00:00:00'), 'volume': 40905600.0}, {'date': Timestamp('2025-09-08 00:00:00'), 'volume': 37452200.0}, {'date': Timestamp('2025-08-25 00:00:00'), 'volume': 35960100.0}, {'date': Timestamp('2025-08-18 00:00:00'), 'volume': 30765900.0}]"
CAMT,7077956679.163871,weekly,2026-05-11,4173400.0,91,6,6,False,0.6248540200628837,"[{'date': Timestamp('2026-05-11 00:00:00'), 'volume': 4173400.0}, {'date': Timestamp('2025-09-15 00:00:00'), 'volume': 3696700.0}, {'date': Timestamp('2025-09-08 00:00:00'), 'volume': 2750000.0}, {'date': Timestamp('2025-09-01 00:00:00'), 'volume': 1789200.0}, {'date': Timestamp('2025-08-25 00:00:00'), 'volume': 1426700.0}, {'date': Timestamp('2025-08-18 00:00:00'), 'volume': 1151600.0}]"
ALHC,4794157224.327609,weekly,2026-05-11,65387700.0,91,3,3,True,1.0,"[{'date': Timestamp('2026-05-11 00:00:00'), 'volume': 65387700.0}, {'date': Timestamp('2025-09-08 00:00:00'), 'volume': 34725300.0}, {'date': Timestamp('2025-08-18 00:00:00'), 'volume': 15153800.0}]"
IBP,6285806591.629812,weekly,2026-05-11,4155600.0,91,6,6,False,0.7952692616833161,"[{'date': Timestamp('2026-05-11 00:00:00'), 'volume': 4155600.0}, {'date': Timestamp('2026-05-04 00:00:00'), 'volume': 3556500.0}, {'date': Timestamp('2025-11-03 00:00:00'), 'volume': 2759400.0}, {'date': Timestamp('2025-09-15 00:00:00'), 'volume': 2740100.0}, {'date': Timestamp('2025-08-25 00:00:00'), 'volume': 2686200.0}, {'date': Timestamp('2025-08-18 00:00:00'), 'volume': 2457800.0}]"
AGO,3532412191.351341,weekly,2026-05-11,3265500.0,91,5,5,False,0.1124905698075379,"[{'date': Timestamp('2026-05-11 00:00:00'), 'volume': 3265500.0}, {'date': Timestamp('2025-12-15 00:00:00'), 'volume': 3058800.0}, {'date': Timestamp('2025-09-15 00:00:00'), 'volume': 2362600.0}, {'date': Timestamp('2025-08-25 00:00:00'), 'volume': 1705100.0}, {'date': Timestamp('2025-08-18 00:00:00'), 'volume': 1525800.0}]"
PBH,2340658721.138406,weekly,2026-05-11,6821200.0,91,3,3,False,0.44502146426754,"[{'date': Timestamp('2026-05-11 00:00:00'), 'volume': 6821200.0}, {'date': Timestamp('2025-09-15 00:00:00'), 'volume': 3546100.0}, {'date': Timestamp('2025-08-18 00:00:00'), 'volume': 2950200.0}]"
VNT,4169088205.719789,weekly,2026-05-11,14106100.0,91,10,10,False,0.3395149683015707,"[{'date': Timestamp('2026-05-11 00:00:00'), 'volume': 14106100.0}, {'date': Timestamp('2026-05-04 00:00:00'), 'volume': 13375000.0}, {'date': Timestamp('2026-02-09 00:00:00'), 'volume': 9702000.0}, {'date': Timestamp('2025-12-15 00:00:00'), 'volume': 7968000.0}, {'date': Timestamp('2025-10-27 00:00:00'), 'volume': 7867700.0}, {'date': Timestamp('2025-10-13 00:00:00'), 'volume': 6405000.0}, {'date': Timestamp('2025-10-06 00:00:00'), 'volume': 4992100.0}, {'date': Timestamp('2025-09-15 00:00:00'), 'volume': 4967300.0}, {'date': Timestamp('2025-08-25 00:00:00'), 'volume': 4671600.0}, {'date': Timestamp('2025-08-18 00:00:00'), 'volume': 4121700.0}]"
MIRM,7547646495.803802,weekly,2026-05-11,10419100.0,91,6,6,False,0.9735383982882184,"[{'date': Timestamp('2026-05-11 00:00:00'), 'volume': 10419100.0}, {'date': Timestamp('2026-05-04 00:00:00'), 'volume': 8018800.0}, {'date': Timestamp('2025-12-15 00:00:00'), 'volume': 7109300.0}, {'date': Timestamp('2025-09-22 00:00:00'), 'volume': 5795400.0}, {'date': Timestamp('2025-08-25 00:00:00'), 'volume': 5316000.0}, {'date': Timestamp('2025-08-18 00:00:00'), 'volume': 3789300.0}]"
BFAM,3689832329.94799,weekly,2026-05-11,17116600.0,91,5,5,True,1.0,"[{'date': Timestamp('2026-05-11 00:00:00'), 'volume': 17116600.0}, {'date': Timestamp('2026-05-04 00:00:00'), 'volume': 8797400.0}, {'date': Timestamp('2025-10-27 00:00:00'), 'volume': 8300400.0}, {'date': Timestamp('2025-09-15 00:00:00'), 'volume': 5343000.0}, {'date': Timestamp('2025-08-18 00:00:00'), 'volume': 2935700.0}]"
SHC,4956202434.590643,weekly,2026-05-11,40455600.0,91,7,7,False,0.6199806905429636,"[{'date': Timestamp('2026-05-11 00:00:00'), 'volume': 40455600.0}, {'date': Timestamp('2026-03-09 00:00:00'), 'volume': 26595900.0}, {'date': Timestamp('2025-11-10 00:00:00'), 'volume': 25666100.0}, {'date': Timestamp('2025-11-03 00:00:00'), 'volume': 20219800.0}, {'date': Timestamp('2025-09-08 00:00:00'), 'volume': 17728900.0}, {'date': Timestamp('2025-09-01 00:00:00'), 'volume': 16313800.0}, {'date': Timestamp('2025-08-18 00:00:00'), 'volume': 7686300.0}]"
TMDX,2365348630.6654663,weekly,2026-05-04,16463400.0,98,5,5,False,0.6606792434658031,"[{'date': Timestamp('2026-05-04 00:00:00'), 'volume': 16463400.0}, {'date': Timestamp('2025-10-27 00:00:00'), 'volume': 7549000.0}, {'date': Timestamp('2025-09-08 00:00:00'), 'volume': 6735300.0}, {'date': Timestamp('2025-09-01 00:00:00'), 'volume': 4746700.0}, {'date': Timestamp('2025-08-18 00:00:00'), 'volume': 3789800.0}]"
CORZ,8646479881.716171,weekly,2026-05-04,121679500.0,98,5,5,False,0.5018452208614715,"[{'date': Timestamp('2026-05-04 00:00:00'), 'volume': 121679500.0}, {'date': Timestamp('2025-10-27 00:00:00'), 'volume': 119383500.0}, {'date': Timestamp('2025-10-06 00:00:00'), 'volume': 115648600.0}, {'date': Timestamp('2025-09-08 00:00:00'), 'volume': 91133700.0}, {'date': Timestamp('2025-08-18 00:00:00'), 'volume': 88459800.0}]"
PLMR,3347968996.897488,weekly,2026-05-04,2377900.0,98,4,4,False,0.3929503916449086,"[{'date': Timestamp('2026-05-04 00:00:00'), 'volume': 2377900.0}, {'date': Timestamp('2025-09-15 00:00:00'), 'volume': 2015300.0}, {'date': Timestamp('2025-09-08 00:00:00'), 'volume': 1723000.0}, {'date': Timestamp('2025-08-18 00:00:00'), 'volume': 1351900.0}]"
LIVN,4583105443.955461,weekly,2026-05-04,6921100.0,98,6,6,False,0.7553971753508982,"[{'date': Timestamp('2026-05-04 00:00:00'), 'volume': 6921100.0}, {'date': Timestamp('2026-02-23 00:00:00'), 'volume': 6685400.0}, {'date': Timestamp('2025-11-03 00:00:00'), 'volume': 4122400.0}, {'date': Timestamp('2025-09-15 00:00:00'), 'volume': 3114700.0}, {'date': Timestamp('2025-08-25 00:00:00'), 'volume': 3031900.0}, {'date': Timestamp('2025-08-18 00:00:00'), 'volume': 2850100.0}]"
INOD,2413230919.401476,weekly,2026-05-04,26111400.0,98,4,4,True,1.0,"[{'date': Timestamp('2026-05-04 00:00:00'), 'volume': 26111400.0}, {'date': Timestamp('2025-09-06 00:00:00'), 'volume': 21066800.0}, {'date': Timestamp('2025-08-30 00:00:00'), 'volume': 9691300.0}, {'date': Timestamp('2025-08-23 00:00:00'), 'volume': 5692700.0}]"
GXO,5774288516.859273,weekly,2026-05-04,15219500.0,98,5,5,False,0.8246727209675322,"[{'date': Timestamp('2026-05-04 00:00:00'), 'volume': 15219500.0}, {'date': Timestamp('2026-02-09 00:00:00'), 'volume': 10560400.0}, {'date': Timestamp('2025-11-03 00:00:00'), 'volume': 9176600.0}, {'date': Timestamp('2025-09-08 00:00:00'), 'volume': 5159000.0}, {'date': Timestamp('2025-08-18 00:00:00'), 'volume': 4488200.0}]"
ALG,2054016146.9983337,weekly,2026-05-04,1532700.0,98,10,10,True,1.0,"[{'date': Timestamp('2026-05-04 00:00:00'), 'volume': 1532700.0}, {'date': Timestamp('2026-03-09 00:00:00'), 'volume': 1093300.0}, {'date': Timestamp('2026-03-02 00:00:00'), 'volume': 978400.0}, {'date': Timestamp('2025-12-13 00:00:00'), 'volume': 939800.0}, {'date': Timestamp('2025-11-15 00:00:00'), 'volume': 767400.0}, {'date': Timestamp('2025-11-08 00:00:00'), 'volume': 733900.0}, {'date': Timestamp('2025-11-01 00:00:00'), 'volume': 638400.0}, {'date': Timestamp('2025-09-13 00:00:00'), 'volume': 573000.0}, {'date': Timestamp('2025-09-06 00:00:00'), 'volume': 403300.0}, {'date': Timestamp('2025-08-23 00:00:00'), 'volume': 352700.0}]"
GBTG,4917329624.066028,weekly,2026-05-04,113350000.0,98,8,8,True,1.0,"[{'date': Timestamp('2026-05-04 00:00:00'), 'volume': 113350000.0}, {'date': Timestamp('2025-12-15 00:00:00'), 'volume': 15674900.0}, {'date': Timestamp('2025-12-08 00:00:00'), 'volume': 10851500.0}, {'date': Timestamp('2025-11-10 00:00:00'), 'volume': 9355000.0}, {'date': Timestamp('2025-11-03 00:00:00'), 'volume': 6374400.0}, {'date': Timestamp('2025-09-08 00:00:00'), 'volume': 6005500.0}, {'date': Timestamp('2025-08-25 00:00:00'), 'volume': 3950500.0}, {'date': Timestamp('2025-08-18 00:00:00'), 'volume': 3901200.0}]"
FLYW,2164749564.9075828,weekly,2026-05-04,21667700.0,98,7,7,False,0.4777314277902962,"[{'date': Timestamp('2026-05-04 00:00:00'), 'volume': 21667700.0}, {'date': Timestamp('2026-02-23 00:00:00'), 'volume': 16943700.0}, {'date': Timestamp('2025-11-03 00:00:00'), 'volume': 15627800.0}, {'date': Timestamp('2025-09-15 00:00:00'), 'volume': 13612600.0}, {'date': Timestamp('2025-09-08 00:00:00'), 'volume': 13051200.0}, {'date': Timestamp('2025-08-25 00:00:00'), 'volume': 9236000.0}, {'date': Timestamp('2025-08-18 00:00:00'), 'volume': 7674700.0}]"
UFPT,2010056706.4859736,weekly,2026-05-04,1729500.0,98,6,6,False,0.744799965548426,"[{'date': Timestamp('2026-05-04 00:00:00'), 'volume': 1729500.0}, {'date': Timestamp('2026-02-23 00:00:00'), 'volume': 1635400.0}, {'date': Timestamp('2025-11-01 00:00:00'), 'volume': 1179200.0}, {'date': Timestamp('2025-09-13 00:00:00'), 'volume': 770900.0}, {'date': Timestamp('2025-09-06 00:00:00'), 'volume': 616900.0}, {'date': Timestamp('2025-08-23 00:00:00'), 'volume': 449800.0}]"
HR,7103692119.694733,weekly,2026-05-04,44008400.0,98,5,5,False,0.4863688005340194,"[{'date': Timestamp('2026-05-04 00:00:00'), 'volume': 44008400.0}, {'date': Timestamp('2026-02-09 00:00:00'), 'volume': 29945900.0}, {'date': Timestamp('2025-09-06 00:00:00'), 'volume': 25770300.0}, {'date': Timestamp('2025-08-30 00:00:00'), 'volume': 20429300.0}, {'date': Timestamp('2025-08-23 00:00:00'), 'volume': 12745000.0}]"
KVYO,4459269135.7590885,weekly,2026-05-04,69673200.0,98,8,8,True,1.0,"[{'date': Timestamp('2026-05-04 00:00:00'), 'volume': 69673200.0}, {'date': Timestamp('2026-02-09 00:00:00'), 'volume': 40740700.0}, {'date': Timestamp('2025-11-03 00:00:00'), 'volume': 31936200.0}, {'date': Timestamp('2025-09-29 00:00:00'), 'volume': 25724000.0}, {'date': Timestamp('2025-09-22 00:00:00'), 'volume': 20202600.0}, {'date': Timestamp('2025-09-15 00:00:00'), 'volume': 16460400.0}, {'date': Timestamp('2025-09-08 00:00:00'), 'volume': 11326200.0}, {'date': Timestamp('2025-08-18 00:00:00'), 'volume': 9645900.0}]"
MGEE,3011417573.409422,weekly,2026-05-04,3165400.0,98,6,6,False,0.305340124242775,"[{'date': Timestamp('2026-05-04 00:00:00'), 'volume': 3165400.0}, {'date': Timestamp('2026-03-16 00:00:00'), 'volume': 2055500.0}, {'date': Timestamp('2026-03-09 00:00:00'), 'volume': 1158500.0}, {'date': Timestamp('2025-12-13 00:00:00'), 'volume': 1131900.0}, {'date': Timestamp('2025-09-13 00:00:00'), 'volume': 1108200.0}, {'date': Timestamp('2025-08-23 00:00:00'), 'volume': 703600.0}]"
TRVG,2470467321.0,weekly,2026-05-04,1051100.0,98,6,6,False,0.0783395094669246,"[{'date': Timestamp('2026-05-04 00:00:00'), 'volume': 1051100.0}, {'date': Timestamp('2026-02-02 00:00:00'), 'volume': 872800.0}, {'date': Timestamp('2025-11-10 00:00:00'), 'volume': 418900.0}, {'date': Timestamp('2025-09-01 00:00:00'), 'volume': 391600.0}, {'date': Timestamp('2025-08-25 00:00:00'), 'volume': 342900.0}, {'date': Timestamp('2025-08-18 00:00:00'), 'volume': 217900.0}]"
LPX,5755468989.053677,weekly,2026-05-04,10384900.0,98,5,5,False,0.4510447748229029,"[{'date': Timestamp('2026-05-04 00:00:00'), 'volume': 10384900.0}, {'date': Timestamp('2026-04-20 00:00:00'), 'volume': 9636200.0}, {'date': Timestamp('2025-11-01 00:00:00'), 'volume': 7477700.0}, {'date': Timestamp('2025-09-27 00:00:00'), 'volume': 4822600.0}, {'date': Timestamp('2025-08-23 00:00:00'), 'volume': 4684000.0}]"
VVV,5126950550.000001,weekly,2026-05-04,20189500.0,98,6,6,False,0.5899826127613566,"[{'date': Timestamp('2026-05-04 00:00:00'), 'volume': 20189500.0}, {'date': Timestamp('2025-12-15 00:00:00'), 'volume': 19206200.0}, {'date': Timestamp('2025-11-17 00:00:00'), 'volume': 16533900.0}, {'date': Timestamp('2025-10-27 00:00:00'), 'volume': 10435300.0}, {'date': Timestamp('2025-09-08 00:00:00'), 'volume': 10030600.0}, {'date': Timestamp('2025-08-18 00:00:00'), 'volume': 6840900.0}]"
SHAK,2432985090.3924303,weekly,2026-05-04,24665800.0,98,7,7,False,0.9355899544452831,"[{'date': Timestamp('2026-05-04 00:00:00'), 'volume': 24665800.0}, {'date': Timestamp('2026-02-23 00:00:00'), 'volume': 11310800.0}, {'date': Timestamp('2025-12-08 00:00:00'), 'volume': 10789500.0}, {'date': Timestamp('2025-10-27 00:00:00'), 'volume': 10729800.0}, {'date': Timestamp('2025-09-08 00:00:00'), 'volume': 6711200.0}, {'date': Timestamp('2025-08-25 00:00:00'), 'volume': 5353200.0}, {'date': Timestamp('2025-08-18 00:00:00'), 'volume': 5164900.0}]"
IPGP,4549531634.995917,weekly,2026-05-04,6330600.0,98,8,8,False,0.6506670503833741,"[{'date': Timestamp('2026-05-04 00:00:00'), 'volume': 6330600.0}, {'date': Timestamp('2026-02-09 00:00:00'), 'volume': 5259100.0}, {'date': Timestamp('2026-02-02 00:00:00'), 'volume': 3586900.0}, {'date': Timestamp('2026-01-26 00:00:00'), 'volume': 2351400.0}, {'date': Timestamp('2025-12-15 00:00:00'), 'volume': 2170800.0}, {'date': Timestamp('2025-09-15 00:00:00'), 'volume': 1808700.0}, {'date': Timestamp('2025-08-25 00:00:00'), 'volume': 1206700.0}, {'date': Timestamp('2025-08-18 00:00:00'), 'volume': 993600.0}]"
NSIT,3609066264.419842,weekly,2026-05-04,4903100.0,98,3,3,True,1.0,"[{'date': Timestamp('2026-05-04 00:00:00'), 'volume': 4903100.0}, {'date': Timestamp('2025-09-13 00:00:00'), 'volume': 3281100.0}, {'date': Timestamp('2025-08-23 00:00:00'), 'volume': 1844100.0}]"
INGM,6377229098.458649,weekly,2026-05-04,16511300.0,98,7,7,True,1.0,"[{'date': Timestamp('2026-05-04 00:00:00'), 'volume': 16511300.0}, {'date': Timestamp('2026-03-02 00:00:00'), 'volume': 14305900.0}, {'date': Timestamp('2025-12-08 00:00:00'), 'volume': 2528900.0}, {'date': Timestamp('2025-10-06 00:00:00'), 'volume': 2353500.0}, {'date': Timestamp('2025-09-29 00:00:00'), 'volume': 1690100.0}, {'date': Timestamp('2025-09-15 00:00:00'), 'volume': 1527800.0}, {'date': Timestamp('2025-08-18 00:00:00'), 'volume': 1327900.0}]"
NMZ,2233366160.0,weekly,2026-05-04,4294100.0,98,9,9,False,0.6274621544216494,"[{'date': Timestamp('2026-05-04 00:00:00'), 'volume': 4294100.0}, {'date': Timestamp('2025-12-29 00:00:00'), 'volume': 4140200.0}, {'date': Timestamp('2025-12-22 00:00:00'), 'volume': 3492700.0}, {'date': Timestamp('2025-12-15 00:00:00'), 'volume': 2925400.0}, {'date': Timestamp('2025-12-01 00:00:00'), 'volume': 2513900.0}, {'date': Timestamp('2025-09-08 00:00:00'), 'volume': 1804300.0}, {'date': Timestamp('2025-09-01 00:00:00'), 'volume': 1605200.0}, {'date': Timestamp('2025-08-25 00:00:00'), 'volume': 1459000.0}, {'date': Timestamp('2025-08-18 00:00:00'), 'volume': 1454500.0}]"
KEN,3431859042.044445,weekly,2026-05-04,226300.0,98,10,10,False,0.2428372142933791,"[{'date': Timestamp('2026-05-04 00:00:00'), 'volume': 226300.0}, {'date': Timestamp('2026-04-27 00:00:00'), 'volume': 169400.0}, {'date': Timestamp('2026-04-13 00:00:00'), 'volume': 138600.0}, {'date': Timestamp('2026-03-09 00:00:00'), 'volume': 132000.0}, {'date': Timestamp('2026-02-16 00:00:00'), 'volume': 107000.0}, {'date': Timestamp('2026-02-02 00:00:00'), 'volume': 90700.0}, {'date': Timestamp('2025-12-15 00:00:00'), 'volume': 88100.0}, {'date': Timestamp('2025-09-15 00:00:00'), 'volume': 81400.0}, {'date': Timestamp('2025-08-25 00:00:00'), 'volume': 55900.0}, {'date': Timestamp('2025-08-18 00:00:00'), 'volume': 33100.0}]"
VECO,4330325614.759443,weekly,2026-05-04,14370600.0,98,4,4,True,1.0,"[{'date': Timestamp('2026-05-04 00:00:00'), 'volume': 14370600.0}, {'date': Timestamp('2026-04-20 00:00:00'), 'volume': 9906900.0}, {'date': Timestamp('2025-09-27 00:00:00'), 'volume': 8750500.0}, {'date': Timestamp('2025-08-23 00:00:00'), 'volume': 7343000.0}]"
PLNT,4189805141.673084,weekly,2026-05-04,34387600.0,98,7,7,False,0.9987366073114132,"[{'date': Timestamp('2026-05-04 00:00:00'), 'volume': 34387600.0}, {'date': Timestamp('2026-02-23 00:00:00'), 'volume': 17891400.0}, {'date': Timestamp('2026-01-12 00:00:00'), 'volume': 12845800.0}, {'date': Timestamp('2025-11-03 00:00:00'), 'volume': 12217100.0}, {'date': Timestamp('2025-10-27 00:00:00'), 'volume': 7568400.0}, {'date': Timestamp('2025-09-15 00:00:00'), 'volume': 6864100.0}, {'date': Timestamp('2025-08-18 00:00:00'), 'volume': 5701200.0}]"
KAI,3832318391.157388,weekly,2026-05-04,1240600.0,98,5,5,False,0.3946054263812462,"[{'date': Timestamp('2026-05-04 00:00:00'), 'volume': 1240600.0}, {'date': Timestamp('2025-10-25 00:00:00'), 'volume': 1237600.0}, {'date': Timestamp('2025-10-11 00:00:00'), 'volume': 908500.0}, {'date': Timestamp('2025-09-13 00:00:00'), 'volume': 806100.0}, {'date': Timestamp('2025-08-23 00:00:00'), 'volume': 535600.0}]"
FLNC,3551666507.888029,weekly,2026-05-04,108197900.0,98,6,6,True,1.0,"[{'date': Timestamp('2026-05-04 00:00:00'), 'volume': 108197900.0}, {'date': Timestamp('2025-10-13 00:00:00'), 'volume': 62377100.0}, {'date': Timestamp('2025-09-22 00:00:00'), 'volume': 57588400.0}, {'date': Timestamp('2025-09-15 00:00:00'), 'volume': 27500000.0}, {'date': Timestamp('2025-09-08 00:00:00'), 'volume': 23840900.0}, {'date': Timestamp('2025-08-18 00:00:00'), 'volume': 22352000.0}]"
HESM,7766739072.001848,weekly,2026-05-04,22189000.0,98,7,7,True,1.0,"[{'date': Timestamp('2026-05-04 00:00:00'), 'volume': 22189000.0}, {'date': Timestamp('2026-04-27 00:00:00'), 'volume': 11932100.0}, {'date': Timestamp('2026-04-13 00:00:00'), 'volume': 11888600.0}, {'date': Timestamp('2025-09-15 00:00:00'), 'volume': 11214400.0}, {'date': Timestamp('2025-09-08 00:00:00'), 'volume': 8211000.0}, {'date': Timestamp('2025-08-25 00:00:00'), 'volume': 5205000.0}, {'date': Timestamp('2025-08-18 00:00:00'), 'volume': 5035400.0}]"
CALY,3460333105.208333,weekly,2026-05-02,24177500.0,100,6,6,False,0.551108142792342,"[{'date': Timestamp('2026-05-02 00:00:00'), 'volume': 24177500.0}, {'date': Timestamp('2026-02-07 00:00:00'), 'volume': 24115300.0}, {'date': Timestamp('2025-11-08 00:00:00'), 'volume': 20219200.0}, {'date': Timestamp('2025-11-01 00:00:00'), 'volume': 16797000.0}, {'date': Timestamp('2025-09-13 00:00:00'), 'volume': 11534800.0}, {'date': Timestamp('2025-08-23 00:00:00'), 'volume': 11275700.0}]"
PPLI,3330328455.380818,weekly,2026-05-02,11580200.0,100,7,7,False,0.1885422078715533,"[{'date': Timestamp('2026-05-02 00:00:00'), 'volume': 11580200.0}, {'date': Timestamp('2025-11-01 00:00:00'), 'volume': 11510500.0}, {'date': Timestamp('2025-09-27 00:00:00'), 'volume': 7319300.0}, {'date': Timestamp('2025-09-13 00:00:00'), 'volume': 7090700.0}, {'date': Timestamp('2025-09-06 00:00:00'), 'volume': 6280100.0}, {'date': Timestamp('2025-08-30 00:00:00'), 'volume': 5333100.0}, {'date': Timestamp('2025-08-23 00:00:00'), 'volume': 4866800.0}]"
OLED,4074807512.063056,weekly,2026-04-27,9614400.0,105,4,4,True,1.0,"[{'date': Timestamp('2026-04-27 00:00:00'), 'volume': 9614400.0}, {'date': Timestamp('2025-09-13 00:00:00'), 'volume': 6984800.0}, {'date': Timestamp('2025-09-06 00:00:00'), 'volume': 3370700.0}, {'date': Timestamp('2025-08-23 00:00:00'), 'volume': 2740200.0}]"
OPCH,3426339896.609869,weekly,2026-04-27,31931600.0,105,5,5,False,0.6758697179819325,"[{'date': Timestamp('2026-04-27 00:00:00'), 'volume': 31931600.0}, {'date': Timestamp('2025-10-25 00:00:00'), 'volume': 20317200.0}, {'date': Timestamp('2025-09-20 00:00:00'), 'volume': 12731400.0}, {'date': Timestamp('2025-09-13 00:00:00'), 'volume': 10722400.0}, {'date': Timestamp('2025-08-23 00:00:00'), 'volume': 8957600.0}]"
NFG,7455524375.893347,weekly,2026-04-27,5708300.0,105,8,8,False,0.6736729057993249,"[{'date': Timestamp('2026-04-27 00:00:00'), 'volume': 5708300.0}, {'date': Timestamp('2026-01-03 00:00:00'), 'volume': 5693300.0}, {'date': Timestamp('2025-11-01 00:00:00'), 'volume': 3981000.0}, {'date': Timestamp('2025-10-25 00:00:00'), 'volume': 3756500.0}, {'date': Timestamp('2025-10-04 00:00:00'), 'volume': 3164900.0}, {'date': Timestamp('2025-09-27 00:00:00'), 'volume': 3043000.0}, {'date': Timestamp('2025-09-13 00:00:00'), 'volume': 2900000.0}, {'date': Timestamp('2025-08-23 00:00:00'), 'volume': 2292800.0}]"
AX,5474008305.030732,weekly,2026-04-27,3051400.0,105,6,6,False,0.3069108757530953,"[{'date': Timestamp('2026-04-27 00:00:00'), 'volume': 3051400.0}, {'date': Timestamp('2026-03-16 00:00:00'), 'volume': 2967400.0}, {'date': Timestamp('2026-02-02 00:00:00'), 'volume': 2815100.0}, {'date': Timestamp('2025-09-15 00:00:00'), 'volume': 2628900.0}, {'date': Timestamp('2025-08-25 00:00:00'), 'volume': 1509400.0}, {'date': Timestamp('2025-08-18 00:00:00'), 'volume': 1509100.0}]"
BEPC,5568330506.614833,weekly,2026-04-27,13230200.0,105,10,10,False,0.6982372809795229,"[{'date': Timestamp('2026-04-27 00:00:00'), 'volume': 13230200.0}, {'date': Timestamp('2026-03-23 00:00:00'), 'volume': 9137400.0}, {'date': Timestamp('2026-03-09 00:00:00'), 'volume': 8106500.0}, {'date': Timestamp('2025-10-27 00:00:00'), 'volume': 8003400.0}, {'date': Timestamp('2025-10-06 00:00:00'), 'volume': 6063500.0}, {'date': Timestamp('2025-09-29 00:00:00'), 'volume': 4994300.0}, {'date': Timestamp('2025-09-22 00:00:00'), 'volume': 4210300.0}, {'date': Timestamp('2025-09-01 00:00:00'), 'volume': 4114300.0}, {'date': Timestamp('2025-08-25 00:00:00'), 'volume': 3399700.0}, {'date': Timestamp('2025-08-18 00:00:00'), 'volume': 3307700.0}]"
CTOS,2715548060.922306,weekly,2026-04-27,10582800.0,105,6,6,False,0.367941256232138,"[{'date': Timestamp('2026-04-27 00:00:00'), 'volume': 10582800.0}, {'date': Timestamp('2026-03-09 00:00:00'), 'volume': 6829700.0}, {'date': Timestamp('2026-01-05 00:00:00'), 'volume': 6774900.0}, {'date': Timestamp('2025-09-08 00:00:00'), 'volume': 6384700.0}, {'date': Timestamp('2025-08-25 00:00:00'), 'volume': 2674800.0}, {'date': Timestamp('2025-08-18 00:00:00'), 'volume': 2218200.0}]"
CHH,5128251762.370211,weekly,2026-04-27,5406000.0,105,8,8,False,0.9006997667444185,"[{'date': Timestamp('2026-04-27 00:00:00'), 'volume': 5406000.0}, {'date': Timestamp('2025-12-13 00:00:00'), 'volume': 5381200.0}, {'date': Timestamp('2025-11-01 00:00:00'), 'volume': 4784200.0}, {'date': Timestamp('2025-10-04 00:00:00'), 'volume': 2934700.0}, {'date': Timestamp('2025-09-20 00:00:00'), 'volume': 2660600.0}, {'date': Timestamp('2025-09-13 00:00:00'), 'volume': 2425200.0}, {'date': Timestamp('2025-09-06 00:00:00'), 'volume': 2275500.0}, {'date': Timestamp('2025-08-23 00:00:00'), 'volume': 1313000.0}]"
ETY,2226748380.0,weekly,2026-04-27,2629900.0,105,6,6,False,0.3570080771058169,"[{'date': Timestamp('2026-04-27 00:00:00'), 'volume': 2629900.0}, {'date': Timestamp('2025-12-15 00:00:00'), 'volume': 1968900.0}, {'date': Timestamp('2025-09-29 00:00:00'), 'volume': 1679100.0}, {'date': Timestamp('2025-09-08 00:00:00'), 'volume': 1090400.0}, {'date': Timestamp('2025-08-25 00:00:00'), 'volume': 955000.0}, {'date': Timestamp('2025-08-18 00:00:00'), 'volume': 842200.0}]"
BHE,3302481342.956065,weekly,2026-04-27,4058600.0,105,5,5,False,0.6368229460867382,"[{'date': Timestamp('2026-04-27 00:00:00'), 'volume': 4058600.0}, {'date': Timestamp('2026-03-16 00:00:00'), 'volume': 3253700.0}, {'date': Timestamp('2025-12-13 00:00:00'), 'volume': 3233500.0}, {'date': Timestamp('2025-09-13 00:00:00'), 'volume': 3005600.0}, {'date': Timestamp('2025-08-23 00:00:00'), 'volume': 1000400.0}]"
VISN,2837665867.0491285,weekly,2026-04-27,86627800.0,105,4,4,False,0.6563975189165188,"[{'date': Timestamp('2026-04-27 00:00:00'), 'volume': 86627800.0}, {'date': Timestamp('2026-03-02 00:00:00'), 'volume': 36620500.0}, {'date': Timestamp('2025-08-25 00:00:00'), 'volume': 34223300.0}, {'date': Timestamp('2025-08-18 00:00:00'), 'volume': 32483600.0}]"
HRI,5051032916.998431,weekly,2026-04-27,5133800.0,105,6,6,False,0.9710416312016492,"[{'date': Timestamp('2026-04-27 00:00:00'), 'volume': 5133800.0}, {'date': Timestamp('2026-02-16 00:00:00'), 'volume': 3958800.0}, {'date': Timestamp('2026-02-02 00:00:00'), 'volume': 3576600.0}, {'date': Timestamp('2025-10-27 00:00:00'), 'volume': 3480300.0}, {'date': Timestamp('2025-09-15 00:00:00'), 'volume': 3141700.0}, {'date': Timestamp('2025-08-18 00:00:00'), 'volume': 2325900.0}]"
SXI,4125130973.142781,weekly,2026-04-27,1539800.0,105,10,10,True,1.0,"[{'date': Timestamp('2026-04-27 00:00:00'), 'volume': 1539800.0}, {'date': Timestamp('2026-04-06 00:00:00'), 'volume': 1075900.0}, {'date': Timestamp('2026-03-02 00:00:00'), 'volume': 1021600.0}, {'date': Timestamp('2026-02-23 00:00:00'), 'volume': 930600.0}, {'date': Timestamp('2025-12-06 00:00:00'), 'volume': 925200.0}, {'date': Timestamp('2025-11-29 00:00:00'), 'volume': 821800.0}, {'date': Timestamp('2025-10-11 00:00:00'), 'volume': 809000.0}, {'date': Timestamp('2025-10-04 00:00:00'), 'volume': 715700.0}, {'date': Timestamp('2025-09-13 00:00:00'), 'volume': 631500.0}, {'date': Timestamp('2025-08-23 00:00:00'), 'volume': 411300.0}]"
BIO,8113363287.09169,weekly,2026-04-27,2503200.0,105,6,6,False,0.3690076065805767,"[{'date': Timestamp('2026-04-27 00:00:00'), 'volume': 2503200.0}, {'date': Timestamp('2026-02-09 00:00:00'), 'volume': 2159600.0}, {'date': Timestamp('2025-10-25 00:00:00'), 'volume': 1819700.0}, {'date': Timestamp('2025-10-18 00:00:00'), 'volume': 1597000.0}, {'date': Timestamp('2025-09-13 00:00:00'), 'volume': 1225000.0}, {'date': Timestamp('2025-08-23 00:00:00'), 'volume': 1065900.0}]"
WING,4541300568.260912,weekly,2026-04-27,10751200.0,105,6,6,True,1.0,"[{'date': Timestamp('2026-04-27 00:00:00'), 'volume': 10751200.0}, {'date': Timestamp('2025-11-03 00:00:00'), 'volume': 10217000.0}, {'date': Timestamp('2025-09-08 00:00:00'), 'volume': 5449500.0}, {'date': Timestamp('2025-09-01 00:00:00'), 'volume': 3688000.0}, {'date': Timestamp('2025-08-25 00:00:00'), 'volume': 3356100.0}, {'date': Timestamp('2025-08-18 00:00:00'), 'volume': 3246400.0}]"
JHG,8001146005.018682,weekly,2026-03-16,32350700.0,105,8,8,True,1.0,"[{'date': Timestamp('2026-03-16 00:00:00'), 'volume': 32350700}, {'date': Timestamp('2026-02-23 00:00:00'), 'volume': 21517300}, {'date': Timestamp('2025-12-22 00:00:00'), 'volume': 20663700}, {'date': Timestamp('2025-10-27 00:00:00'), 'volume': 17178600}, {'date': Timestamp('2025-10-20 00:00:00'), 'volume': 6967200}, {'date': Timestamp('2025-07-28 00:00:00'), 'volume': 6900100}, {'date': Timestamp('2025-07-14 00:00:00'), 'volume': 5623300}, {'date': Timestamp('2025-07-07 00:00:00'), 'volume': 5126300}]"
DPZ,9918978162.26822,weekly,2026-04-27,9029900.0,105,6,6,False,0.6650194426441997,"[{'date': Timestamp('2026-04-27 00:00:00'), 'volume': 9029900.0}, {'date': Timestamp('2026-02-23 00:00:00'), 'volume': 6727300.0}, {'date': Timestamp('2026-02-02 00:00:00'), 'volume': 4946800.0}, {'date': Timestamp('2025-10-13 00:00:00'), 'volume': 4671800.0}, {'date': Timestamp('2025-09-15 00:00:00'), 'volume': 4058100.0}, {'date': Timestamp('2025-08-18 00:00:00'), 'volume': 3759200.0}]"
OGN,3545227457.238307,weekly,2026-04-27,212666200.0,105,4,4,True,1.0,"[{'date': Timestamp('2026-04-27 00:00:00'), 'volume': 212666200.0}, {'date': Timestamp('2025-10-27 00:00:00'), 'volume': 83111500.0}, {'date': Timestamp('2025-09-15 00:00:00'), 'volume': 26479700.0}, {'date': Timestamp('2025-08-18 00:00:00'), 'volume': 20256700.0}]"
ABG,3820019482.96518,weekly,2026-04-27,2406600.0,105,8,8,False,0.3787296991061312,"[{'date': Timestamp('2026-04-27 00:00:00'), 'volume': 2406600.0}, {'date': Timestamp('2026-04-20 00:00:00'), 'volume': 1718200.0}, {'date': Timestamp('2026-02-02 00:00:00'), 'volume': 1690300.0}, {'date': Timestamp('2025-10-27 00:00:00'), 'volume': 1474900.0}, {'date': Timestamp('2025-09-29 00:00:00'), 'volume': 974600.0}, {'date': Timestamp('2025-09-15 00:00:00'), 'volume': 782300.0}, {'date': Timestamp('2025-08-25 00:00:00'), 'volume': 779600.0}, {'date': Timestamp('2025-08-18 00:00:00'), 'volume': 698100.0}]"
HLNE,4318864846.3217,weekly,2026-04-27,7618100.0,105,9,9,False,0.8720152926901856,"[{'date': Timestamp('2026-04-27 00:00:00'), 'volume': 7618100.0}, {'date': Timestamp('2026-02-23 00:00:00'), 'volume': 5987400.0}, {'date': Timestamp('2026-02-02 00:00:00'), 'volume': 4119600.0}, {'date': Timestamp('2025-11-03 00:00:00'), 'volume': 3924300.0}, {'date': Timestamp('2025-10-06 00:00:00'), 'volume': 3344900.0}, {'date': Timestamp('2025-09-29 00:00:00'), 'volume': 2634900.0}, {'date': Timestamp('2025-09-15 00:00:00'), 'volume': 2215100.0}, {'date': Timestamp('2025-09-01 00:00:00'), 'volume': 1766000.0}, {'date': Timestamp('2025-08-18 00:00:00'), 'volume': 1765100.0}]"
HAPN,2318553533.487544,weekly,2026-04-27,29618800.0,105,4,4,False,0.5482181263581072,"[{'date': Timestamp('2026-04-27 00:00:00'), 'volume': 29618800.0}, {'date': Timestamp('2026-01-26 00:00:00'), 'volume': 23743300.0}, {'date': Timestamp('2025-10-20 00:00:00'), 'volume': 19438700.0}, {'date': Timestamp('2025-08-18 00:00:00'), 'volume': 9140200.0}]"
LFST,3986938111.663967,weekly,2026-04-27,58183500.0,105,5,5,True,1.0,"[{'date': Timestamp('2026-04-27 00:00:00'), 'volume': 58183500.0}, {'date': Timestamp('2026-02-23 00:00:00'), 'volume': 25152900.0}, {'date': Timestamp('2025-11-03 00:00:00'), 'volume': 21344700.0}, {'date': Timestamp('2025-09-15 00:00:00'), 'volume': 14125800.0}, {'date': Timestamp('2025-08-18 00:00:00'), 'volume': 13066200.0}]"
NNN,9031080372.024368,weekly,2026-04-27,12078700.0,105,9,9,False,0.6212332395554206,"[{'date': Timestamp('2026-04-27 00:00:00'), 'volume': 12078700.0}, {'date': Timestamp('2026-02-09 00:00:00'), 'volume': 9770100.0}, {'date': Timestamp('2025-12-13 00:00:00'), 'volume': 9752900.0}, {'date': Timestamp('2025-11-01 00:00:00'), 'volume': 8934000.0}, {'date': Timestamp('2025-10-25 00:00:00'), 'volume': 7582000.0}, {'date': Timestamp('2025-09-20 00:00:00'), 'volume': 7392900.0}, {'date': Timestamp('2025-09-13 00:00:00'), 'volume': 6968800.0}, {'date': Timestamp('2025-09-06 00:00:00'), 'volume': 6512600.0}, {'date': Timestamp('2025-08-23 00:00:00'), 'volume': 5433000.0}]"
ERAS,4978862223.028763,weekly,2026-04-27,109837300.0,105,8,8,True,1.0,"[{'date': Timestamp('2026-04-27 00:00:00'), 'volume': 109837300.0}, {'date': Timestamp('2026-01-05 00:00:00'), 'volume': 78951300.0}, {'date': Timestamp('2025-12-15 00:00:00'), 'volume': 21027800.0}, {'date': Timestamp('2025-10-06 00:00:00'), 'volume': 19759900.0}, {'date': Timestamp('2025-09-29 00:00:00'), 'volume': 15025100.0}, {'date': Timestamp('2025-09-22 00:00:00'), 'volume': 8676200.0}, {'date': Timestamp('2025-09-01 00:00:00'), 'volume': 7505300.0}, {'date': Timestamp('2025-08-18 00:00:00'), 'volume': 4212300.0}]"
VOYA,8263327782.604023,weekly,2026-04-20,9238300.0,112,5,5,False,0.3841257037363514,"[{'date': Timestamp('2026-04-20 00:00:00'), 'volume': 9238300.0}, {'date': Timestamp('2026-02-02 00:00:00'), 'volume': 8825000.0}, {'date': Timestamp('2025-11-03 00:00:00'), 'volume': 5832500.0}, {'date': Timestamp('2025-09-01 00:00:00'), 'volume': 4842600.0}, {'date': Timestamp('2025-08-18 00:00:00'), 'volume': 3345700.0}]"
ALK,6001564856.533684,weekly,2026-04-20,28935600.0,112,9,9,False,0.5653582384087845,"[{'date': Timestamp('2026-04-20 00:00:00'), 'volume': 28935600.0}, {'date': Timestamp('2026-03-16 00:00:00'), 'volume': 28713700.0}, {'date': Timestamp('2026-03-09 00:00:00'), 'volume': 27936000.0}, {'date': Timestamp('2026-03-02 00:00:00'), 'volume': 26437000.0}, {'date': Timestamp('2025-11-29 00:00:00'), 'volume': 25007600.0}, {'date': Timestamp('2025-10-18 00:00:00'), 'volume': 24514400.0}, {'date': Timestamp('2025-09-13 00:00:00'), 'volume': 20257200.0}, {'date': Timestamp('2025-09-06 00:00:00'), 'volume': 13770200.0}, {'date': Timestamp('2025-08-23 00:00:00'), 'volume': 10851700.0}]"
MGRC,3028711734.9999995,weekly,2026-04-20,2625100.0,112,7,7,False,0.472395177253914,"[{'date': Timestamp('2026-04-20 00:00:00'), 'volume': 2625100.0}, {'date': Timestamp('2026-03-30 00:00:00'), 'volume': 1172400.0}, {'date': Timestamp('2026-02-23 00:00:00'), 'volume': 951800.0}, {'date': Timestamp('2025-10-25 00:00:00'), 'volume': 861800.0}, {'date': Timestamp('2025-09-13 00:00:00'), 'volume': 821800.0}, {'date': Timestamp('2025-09-06 00:00:00'), 'volume': 531800.0}, {'date': Timestamp('2025-08-23 00:00:00'), 'volume': 530800.0}]"
TH,2018597572.9791973,weekly,2026-04-20,14083900.0,112,4,4,False,0.3147781852966879,"[{'date': Timestamp('2026-04-20 00:00:00'), 'volume': 14083900.0}, {'date': Timestamp('2026-03-30 00:00:00'), 'volume': 12708600.0}, {'date': Timestamp('2026-03-09 00:00:00'), 'volume': 3799200.0}, {'date': Timestamp('2025-08-18 00:00:00'), 'volume': 3394200.0}]"
SON,5448653547.886639,weekly,2026-04-20,14835700.0,112,8,8,True,1.0,"[{'date': Timestamp('2026-04-20 00:00:00'), 'volume': 14835700.0}, {'date': Timestamp('2025-10-25 00:00:00'), 'volume': 12605800.0}, {'date': Timestamp('2025-10-18 00:00:00'), 'volume': 9501100.0}, {'date': Timestamp('2025-10-11 00:00:00'), 'volume': 6144200.0}, {'date': Timestamp('2025-10-04 00:00:00'), 'volume': 5855600.0}, {'date': Timestamp('2025-09-13 00:00:00'), 'volume': 5604800.0}, {'date': Timestamp('2025-08-30 00:00:00'), 'volume': 4775600.0}, {'date': Timestamp('2025-08-23 00:00:00'), 'volume': 4402200.0}]"
RRC,8852328395.528778,weekly,2026-04-20,26226400.0,112,5,5,False,0.1834864696009408,"[{'date': Timestamp('2026-04-20 00:00:00'), 'volume': 26226400.0}, {'date': Timestamp('2025-12-06 00:00:00'), 'volume': 21034000.0}, {'date': Timestamp('2025-09-13 00:00:00'), 'volume': 19121700.0}, {'date': Timestamp('2025-09-06 00:00:00'), 'volume': 16377600.0}, {'date': Timestamp('2025-08-23 00:00:00'), 'volume': 12576300.0}]"
BMI,4111662889.630092,weekly,2026-04-20,7278800.0,112,6,6,True,1.0,"[{'date': Timestamp('2026-04-20 00:00:00'), 'volume': 7278800.0}, {'date': Timestamp('2026-04-13 00:00:00'), 'volume': 5818400.0}, {'date': Timestamp('2026-01-24 00:00:00'), 'volume': 3860300.0}, {'date': Timestamp('2025-10-18 00:00:00'), 'volume': 3338900.0}, {'date': Timestamp('2025-09-13 00:00:00'), 'volume': 3149600.0}, {'date': Timestamp('2025-08-23 00:00:00'), 'volume': 1874800.0}]"
BYD,6667414667.609504,weekly,2026-04-20,7169900.0,112,6,6,False,0.2785995997746304,"[{'date': Timestamp('2026-04-20 00:00:00'), 'volume': 7169900.0}, {'date': Timestamp('2025-12-13 00:00:00'), 'volume': 7018900.0}, {'date': Timestamp('2025-10-25 00:00:00'), 'volume': 6806400.0}, {'date': Timestamp('2025-10-18 00:00:00'), 'volume': 6794000.0}, {'date': Timestamp('2025-09-13 00:00:00'), 'volume': 5035100.0}, {'date': Timestamp('2025-08-23 00:00:00'), 'volume': 4408500.0}]"
MCRI,2376127632.8939075,weekly,2026-04-20,1440700.0,112,6,6,False,0.7008318334387313,"[{'date': Timestamp('2026-04-20 00:00:00'), 'volume': 1440700.0}, {'date': Timestamp('2026-01-31 00:00:00'), 'volume': 986800.0}, {'date': Timestamp('2025-10-25 00:00:00'), 'volume': 676100.0}, {'date': Timestamp('2025-09-13 00:00:00'), 'volume': 674700.0}, {'date': Timestamp('2025-08-30 00:00:00'), 'volume': 475900.0}, {'date': Timestamp('2025-08-23 00:00:00'), 'volume': 401900.0}]"
BATRA,3309637776.54351,weekly,2026-04-20,653100.0,112,7,7,False,0.2827150339812129,"[{'date': Timestamp('2026-04-20 00:00:00'), 'volume': 653100.0}, {'date': Timestamp('2026-02-02 00:00:00'), 'volume': 621500.0}, {'date': Timestamp('2025-11-03 00:00:00'), 'volume': 472000.0}, {'date': Timestamp('2025-09-15 00:00:00'), 'volume': 432300.0}, {'date': Timestamp('2025-09-08 00:00:00'), 'volume': 196400.0}, {'date': Timestamp('2025-09-01 00:00:00'), 'volume': 175100.0}, {'date': Timestamp('2025-08-18 00:00:00'), 'volume': 152700.0}]"
ZWS,8488773829.715343,weekly,2026-04-20,10688700.0,112,5,5,False,0.3241150945627553,"[{'date': Timestamp('2026-04-20 00:00:00'), 'volume': 10688700.0}, {'date': Timestamp('2026-02-02 00:00:00'), 'volume': 8664100.0}, {'date': Timestamp('2025-09-15 00:00:00'), 'volume': 7402100.0}, {'date': Timestamp('2025-09-08 00:00:00'), 'volume': 6968800.0}, {'date': Timestamp('2025-08-18 00:00:00'), 'volume': 4130100.0}]"
MXL,8650139797.1483,weekly,2026-04-20,55793300.0,112,4,4,True,1.0,"[{'date': Timestamp('2026-04-20 00:00:00'), 'volume': 55793300.0}, {'date': Timestamp('2025-10-20 00:00:00'), 'volume': 13378500.0}, {'date': Timestamp('2025-08-25 00:00:00'), 'volume': 9376900.0}, {'date': Timestamp('2025-08-18 00:00:00'), 'volume': 7430200.0}]"
NN,2348079669.468506,weekly,2026-04-20,29611000.0,112,6,6,True,1.0,"[{'date': Timestamp('2026-04-20 00:00:00'), 'volume': 29611000.0}, {'date': Timestamp('2026-04-13 00:00:00'), 'volume': 17800100.0}, {'date': Timestamp('2026-03-16 00:00:00'), 'volume': 10756000.0}, {'date': Timestamp('2026-01-26 00:00:00'), 'volume': 9838800.0}, {'date': Timestamp('2025-08-25 00:00:00'), 'volume': 8951800.0}, {'date': Timestamp('2025-08-18 00:00:00'), 'volume': 3593000.0}]"
CALX,2268736426.15767,weekly,2026-04-20,11330000.0,112,6,6,False,0.7300728139699723,"[{'date': Timestamp('2026-04-20 00:00:00'), 'volume': 11330000.0}, {'date': Timestamp('2026-01-26 00:00:00'), 'volume': 10560900.0}, {'date': Timestamp('2025-10-27 00:00:00'), 'volume': 5434300.0}, {'date': Timestamp('2025-09-15 00:00:00'), 'volume': 3402000.0}, {'date': Timestamp('2025-09-08 00:00:00'), 'volume': 2848000.0}, {'date': Timestamp('2025-08-18 00:00:00'), 'volume': 2777600.0}]"
AWR,3236137424.691745,weekly,2026-04-20,2867800.0,112,6,6,False,0.8196993082947465,"[{'date': Timestamp('2026-04-20 00:00:00'), 'volume': 2867800.0}, {'date': Timestamp('2026-04-13 00:00:00'), 'volume': 2481800.0}, {'date': Timestamp('2025-11-01 00:00:00'), 'volume': 2351500.0}, {'date': Timestamp('2025-09-13 00:00:00'), 'volume': 1894100.0}, {'date': Timestamp('2025-09-06 00:00:00'), 'volume': 1249100.0}, {'date': Timestamp('2025-08-23 00:00:00'), 'volume': 1005800.0}]"
EXTR,4150896499.300387,weekly,2026-04-20,20966200.0,112,4,4,False,0.7514497688254901,"[{'date': Timestamp('2026-04-20 00:00:00'), 'volume': 20966200.0}, {'date': Timestamp('2025-10-25 00:00:00'), 'volume': 17035500.0}, {'date': Timestamp('2025-09-20 00:00:00'), 'volume': 14760900.0}, {'date': Timestamp('2025-08-23 00:00:00'), 'volume': 8515000.0}]"
TFX,5748929545.900305,weekly,2026-04-20,7272000.0,112,8,8,False,0.459467997725406,"[{'date': Timestamp('2026-04-20 00:00:00'), 'volume': 7272000.0}, {'date': Timestamp('2026-02-23 00:00:00'), 'volume': 6887400.0}, {'date': Timestamp('2025-12-06 00:00:00'), 'volume': 6474100.0}, {'date': Timestamp('2025-11-01 00:00:00'), 'volume': 5770400.0}, {'date': Timestamp('2025-09-13 00:00:00'), 'volume': 3649200.0}, {'date': Timestamp('2025-09-06 00:00:00'), 'volume': 3440500.0}, {'date': Timestamp('2025-08-30 00:00:00'), 'volume': 2642500.0}, {'date': Timestamp('2025-08-23 00:00:00'), 'volume': 2474900.0}]"
SRAD,4571090183.304499,weekly,2026-04-20,52423700.0,112,7,7,True,1.0,"[{'date': Timestamp('2026-04-20 00:00:00'), 'volume': 52423700.0}, {'date': Timestamp('2026-01-26 00:00:00'), 'volume': 19462800.0}, {'date': Timestamp('2025-11-03 00:00:00'), 'volume': 18871400.0}, {'date': Timestamp('2025-09-29 00:00:00'), 'volume': 17712200.0}, {'date': Timestamp('2025-09-22 00:00:00'), 'volume': 10325100.0}, {'date': Timestamp('2025-09-15 00:00:00'), 'volume': 9997300.0}, {'date': Timestamp('2025-08-18 00:00:00'), 'volume': 8755600.0}]"
PBI,2454198557.321143,weekly,2026-04-20,29446200.0,112,3,3,False,0.301159793814433,"[{'date': Timestamp('2026-04-20 00:00:00'), 'volume': 29446200.0}, {'date': Timestamp('2025-09-06 00:00:00'), 'volume': 22076500.0}, {'date': Timestamp('2025-08-23 00:00:00'), 'volume': 15915700.0}]"
CWT,2937597955.3842278,weekly,2026-04-20,4303200.0,112,7,7,True,1.0,"[{'date': Timestamp('2026-04-20 00:00:00'), 'volume': 4303200.0}, {'date': Timestamp('2025-12-13 00:00:00'), 'volume': 3878000.0}, {'date': Timestamp('2025-11-01 00:00:00'), 'volume': 2900600.0}, {'date': Timestamp('2025-10-25 00:00:00'), 'volume': 2795600.0}, {'date': Timestamp('2025-09-13 00:00:00'), 'volume': 2141300.0}, {'date': Timestamp('2025-08-30 00:00:00'), 'volume': 1303800.0}, {'date': Timestamp('2025-08-23 00:00:00'), 'volume': 1214800.0}]"
CAR,5881256727.454782,weekly,2026-04-20,53962600.0,112,6,6,True,1.0,"[{'date': Timestamp('2026-04-20 00:00:00'), 'volume': 53962600.0}, {'date': Timestamp('2026-04-13 00:00:00'), 'volume': 29708500.0}, {'date': Timestamp('2026-04-06 00:00:00'), 'volume': 24053000.0}, {'date': Timestamp('2025-10-25 00:00:00'), 'volume': 8445800.0}, {'date': Timestamp('2025-09-13 00:00:00'), 'volume': 4656200.0}, {'date': Timestamp('2025-08-23 00:00:00'), 'volume': 3859300.0}]"
FBP,4077479782.836474,weekly,2026-04-20,12147400.0,112,10,10,False,0.5172165663945908,"[{'date': Timestamp('2026-04-20 00:00:00'), 'volume': 12147400.0}, {'date': Timestamp('2026-03-09 00:00:00'), 'volume': 10876900.0}, {'date': Timestamp('2026-01-24 00:00:00'), 'volume': 10731000.0}, {'date': Timestamp('2025-12-13 00:00:00'), 'volume': 10253200.0}, {'date': Timestamp('2025-11-01 00:00:00'), 'volume': 7309000.0}, {'date': Timestamp('2025-10-25 00:00:00'), 'volume': 7143200.0}, {'date': Timestamp('2025-10-18 00:00:00'), 'volume': 6955900.0}, {'date': Timestamp('2025-10-11 00:00:00'), 'volume': 6477800.0}, {'date': Timestamp('2025-09-13 00:00:00'), 'volume': 6342000.0}, {'date': Timestamp('2025-08-23 00:00:00'), 'volume': 4955400.0}]"
TNL,4871382744.931795,weekly,2026-04-20,7104700.0,112,3,3,False,0.6742813214763635,"[{'date': Timestamp('2026-04-20 00:00:00'), 'volume': 7104700.0}, {'date': Timestamp('2025-10-20 00:00:00'), 'volume': 5921400.0}, {'date': Timestamp('2025-08-18 00:00:00'), 'volume': 3602400.0}]"
SEM,2045058663.5347428,weekly,2026-03-09,28307200.0,112,7,7,True,1.0,"[{'date': Timestamp('2026-03-09 00:00:00'), 'volume': 28307200}, {'date': Timestamp('2026-03-02 00:00:00'), 'volume': 24488400}, {'date': Timestamp('2025-10-06 00:00:00'), 'volume': 10033000}, {'date': Timestamp('2025-08-04 00:00:00'), 'volume': 8507900}, {'date': Timestamp('2025-07-28 00:00:00'), 'volume': 6994900}, {'date': Timestamp('2025-07-14 00:00:00'), 'volume': 5039300}, {'date': Timestamp('2025-07-07 00:00:00'), 'volume': 4940000}]"
NSA,6108956184.302629,weekly,2026-03-16,35617800.0,119,7,7,True,1.0,"[{'date': Timestamp('2026-03-16 00:00:00'), 'volume': 35617800}, {'date': Timestamp('2026-03-09 00:00:00'), 'volume': 10348600}, {'date': Timestamp('2026-01-12 00:00:00'), 'volume': 9996500}, {'date': Timestamp('2025-10-27 00:00:00'), 'volume': 8900800}, {'date': Timestamp('2025-10-06 00:00:00'), 'volume': 7306200}, {'date': Timestamp('2025-08-04 00:00:00'), 'volume': 6670800}, {'date': Timestamp('2025-07-21 00:00:00'), 'volume': 4951400}]"
KRC,4466366087.590509,weekly,2026-04-13,15724700.0,119,4,4,True,1.0,"[{'date': Timestamp('2026-04-13 00:00:00'), 'volume': 15724700.0}, {'date': Timestamp('2026-02-09 00:00:00'), 'volume': 14759000.0}, {'date': Timestamp('2025-09-13 00:00:00'), 'volume': 10653700.0}, {'date': Timestamp('2025-08-23 00:00:00'), 'volume': 6610300.0}]"
PII,4127660540.958558,weekly,2026-04-13,17311500.0,119,6,6,True,1.0,"[{'date': Timestamp('2026-04-13 00:00:00'), 'volume': 17311500.0}, {'date': Timestamp('2025-10-11 00:00:00'), 'volume': 9825800.0}, {'date': Timestamp('2025-09-13 00:00:00'), 'volume': 6582800.0}, {'date': Timestamp('2025-09-06 00:00:00'), 'volume': 6436000.0}, {'date': Timestamp('2025-08-30 00:00:00'), 'volume': 5274400.0}, {'date': Timestamp('2025-08-23 00:00:00'), 'volume': 4582600.0}]"
CVBF,3963183635.0,weekly,2026-04-13,20036800.0,119,7,7,True,1.0,"[{'date': Timestamp('2026-04-13 00:00:00'), 'volume': 20036800.0}, {'date': Timestamp('2025-12-13 00:00:00'), 'volume': 15089900.0}, {'date': Timestamp('2025-12-06 00:00:00'), 'volume': 5025000.0}, {'date': Timestamp('2025-11-08 00:00:00'), 'volume': 4900100.0}, {'date': Timestamp('2025-09-13 00:00:00'), 'volume': 4663800.0}, {'date': Timestamp('2025-09-06 00:00:00'), 'volume': 3443400.0}, {'date': Timestamp('2025-08-23 00:00:00'), 'volume': 2769800.0}]"
APLE,4022591136.042528,weekly,2026-04-13,25071300.0,119,6,6,False,0.454950941519969,"[{'date': Timestamp('2026-04-13 00:00:00'), 'volume': 25071300.0}, {'date': Timestamp('2026-01-26 00:00:00'), 'volume': 22635300.0}, {'date': Timestamp('2025-11-03 00:00:00'), 'volume': 20023900.0}, {'date': Timestamp('2025-10-13 00:00:00'), 'volume': 17161500.0}, {'date': Timestamp('2025-08-25 00:00:00'), 'volume': 15858700.0}, {'date': Timestamp('2025-08-18 00:00:00'), 'volume': 11794800.0}]"
QLYS,4341200505.586625,weekly,2026-04-13,5725100.0,119,8,8,False,0.6105015088987705,"[{'date': Timestamp('2026-04-13 00:00:00'), 'volume': 5725100.0}, {'date': Timestamp('2026-04-06 00:00:00'), 'volume': 5316900.0}, {'date': Timestamp('2026-02-23 00:00:00'), 'volume': 5266100.0}, {'date': Timestamp('2026-02-02 00:00:00'), 'volume': 5045800.0}, {'date': Timestamp('2025-11-03 00:00:00'), 'volume': 4403700.0}, {'date': Timestamp('2025-09-15 00:00:00'), 'volume': 2173500.0}, {'date': Timestamp('2025-08-25 00:00:00'), 'volume': 1635100.0}, {'date': Timestamp('2025-08-18 00:00:00'), 'volume': 1336600.0}]"
SMR,3691359452.0158887,weekly,2026-04-13,261722900.0,119,6,6,True,1.0,"[{'date': Timestamp('2026-04-13 00:00:00'), 'volume': 261722900.0}, {'date': Timestamp('2026-01-05 00:00:00'), 'volume': 229845100.0}, {'date': Timestamp('2025-10-13 00:00:00'), 'volume': 186548000.0}, {'date': Timestamp('2025-09-15 00:00:00'), 'volume': 130437200.0}, {'date': Timestamp('2025-09-01 00:00:00'), 'volume': 85919200.0}, {'date': Timestamp('2025-08-18 00:00:00'), 'volume': 54279200.0}]"
SNDR,6355261084.589226,weekly,2026-04-13,9437800.0,119,6,6,False,0.6041119916019101,"[{'date': Timestamp('2026-04-13 00:00:00'), 'volume': 9437800.0}, {'date': Timestamp('2025-10-06 00:00:00'), 'volume': 8944900.0}, {'date': Timestamp('2025-09-29 00:00:00'), 'volume': 6762200.0}, {'date': Timestamp('2025-09-22 00:00:00'), 'volume': 6242900.0}, {'date': Timestamp('2025-08-25 00:00:00'), 'volume': 5676500.0}, {'date': Timestamp('2025-08-18 00:00:00'), 'volume': 3262300.0}]"
IDYA,3493354840.39019,weekly,2026-04-13,18868300.0,119,4,4,True,1.0,"[{'date': Timestamp('2026-04-13 00:00:00'), 'volume': 18868300.0}, {'date': Timestamp('2025-09-08 00:00:00'), 'volume': 9248900.0}, {'date': Timestamp('2025-09-01 00:00:00'), 'volume': 6963900.0}, {'date': Timestamp('2025-08-18 00:00:00'), 'volume': 4709600.0}]"
GRC,2357114066.375894,weekly,2026-04-13,1763900.0,119,9,9,True,1.0,"[{'date': Timestamp('2026-04-13 00:00:00'), 'volume': 1763900.0}, {'date': Timestamp('2026-03-16 00:00:00'), 'volume': 1252400.0}, {'date': Timestamp('2026-02-09 00:00:00'), 'volume': 827100.0}, {'date': Timestamp('2026-01-31 00:00:00'), 'volume': 808000.0}, {'date': Timestamp('2026-01-24 00:00:00'), 'volume': 797000.0}, {'date': Timestamp('2025-12-13 00:00:00'), 'volume': 659900.0}, {'date': Timestamp('2025-10-04 00:00:00'), 'volume': 639200.0}, {'date': Timestamp('2025-09-13 00:00:00'), 'volume': 571900.0}, {'date': Timestamp('2025-08-23 00:00:00'), 'volume': 358600.0}]"
IFS,6440827299.187432,weekly,2026-04-13,2890800.0,119,6,6,True,1.0,"[{'date': Timestamp('2026-04-13 00:00:00'), 'volume': 2890800.0}, {'date': Timestamp('2026-02-09 00:00:00'), 'volume': 1780000.0}, {'date': Timestamp('2025-09-15 00:00:00'), 'volume': 1452100.0}, {'date': Timestamp('2025-09-08 00:00:00'), 'volume': 882500.0}, {'date': Timestamp('2025-08-25 00:00:00'), 'volume': 770600.0}, {'date': Timestamp('2025-08-18 00:00:00'), 'volume': 641600.0}]"
AESI,2123394888.4014423,weekly,2026-04-06,60837300.0,126,8,8,True,1.0,"[{'date': Timestamp('2026-04-06 00:00:00'), 'volume': 60837300.0}, {'date': Timestamp('2025-11-03 00:00:00'), 'volume': 28485100.0}, {'date': Timestamp('2025-10-27 00:00:00'), 'volume': 21407300.0}, {'date': Timestamp('2025-10-06 00:00:00'), 'volume': 11720300.0}, {'date': Timestamp('2025-09-22 00:00:00'), 'volume': 10742800.0}, {'date': Timestamp('2025-09-15 00:00:00'), 'volume': 8900700.0}, {'date': Timestamp('2025-09-01 00:00:00'), 'volume': 8400700.0}, {'date': Timestamp('2025-08-18 00:00:00'), 'volume': 7026300.0}]"
MNR,2123386007.882027,weekly,2026-04-06,12831700.0,126,5,5,True,1.0,"[{'date': Timestamp('2026-04-06 00:00:00'), 'volume': 12831700.0}, {'date': Timestamp('2025-11-17 00:00:00'), 'volume': 2877500.0}, {'date': Timestamp('2025-11-03 00:00:00'), 'volume': 2293100.0}, {'date': Timestamp('2025-10-27 00:00:00'), 'volume': 2116000.0}, {'date': Timestamp('2025-08-18 00:00:00'), 'volume': 1735100.0}]"
DBD,2942720604.9122515,weekly,2026-04-06,9361800.0,126,5,5,True,1.0,"[{'date': Timestamp('2026-04-06 00:00:00'), 'volume': 9361800.0}, {'date': Timestamp('2025-11-03 00:00:00'), 'volume': 1934900.0}, {'date': Timestamp('2025-09-15 00:00:00'), 'volume': 1128300.0}, {'date': Timestamp('2025-08-25 00:00:00'), 'volume': 1101200.0}, {'date': Timestamp('2025-08-18 00:00:00'), 'volume': 967800.0}]"
BNL,4067368736.389154,weekly,2026-04-06,48910200.0,126,3,3,True,1.0,"[{'date': Timestamp('2026-04-06 00:00:00'), 'volume': 48910200.0}, {'date': Timestamp('2025-11-24 00:00:00'), 'volume': 13729300.0}, {'date': Timestamp('2025-08-18 00:00:00'), 'volume': 12501000.0}]"
ATMU,4399693760.24423,weekly,2026-04-06,20953500.0,126,4,4,False,0.3367511752179677,"[{'date': Timestamp('2026-04-06 00:00:00'), 'volume': 20953500.0}, {'date': Timestamp('2026-02-09 00:00:00'), 'volume': 6324200.0}, {'date': Timestamp('2025-09-15 00:00:00'), 'volume': 5311900.0}, {'date': Timestamp('2025-08-18 00:00:00'), 'volume': 4238900.0}]"
VIRT,9415292453.189682,weekly,2026-04-06,9054600.0,126,6,6,False,0.4366503508306609,"[{'date': Timestamp('2026-04-06 00:00:00'), 'volume': 9054600.0}, {'date': Timestamp('2026-01-26 00:00:00'), 'volume': 8092300.0}, {'date': Timestamp('2025-09-08 00:00:00'), 'volume': 7691200.0}, {'date': Timestamp('2025-09-01 00:00:00'), 'volume': 4919500.0}, {'date': Timestamp('2025-08-25 00:00:00'), 'volume': 4554700.0}, {'date': Timestamp('2025-08-18 00:00:00'), 'volume': 4049500.0}]"
CPA,6466568870.687214,weekly,2026-04-06,3860300.0,126,4,4,False,0.2496523892981174,"[{'date': Timestamp('2026-04-06 00:00:00'), 'volume': 3860300.0}, {'date': Timestamp('2026-03-09 00:00:00'), 'volume': 3637600.0}, {'date': Timestamp('2025-11-17 00:00:00'), 'volume': 2901000.0}, {'date': Timestamp('2025-08-18 00:00:00'), 'volume': 1706700.0}]"
SPXX,2475157400.0,weekly,2026-04-06,1968900.0,126,6,6,True,1.0,"[{'date': Timestamp('2026-04-06 00:00:00'), 'volume': 1968900.0}, {'date': Timestamp('2026-03-30 00:00:00'), 'volume': 1674800.0}, {'date': Timestamp('2025-09-29 00:00:00'), 'volume': 412500.0}, {'date': Timestamp('2025-09-22 00:00:00'), 'volume': 296300.0}, {'date': Timestamp('2025-09-08 00:00:00'), 'volume': 266300.0}, {'date': Timestamp('2025-08-18 00:00:00'), 'volume': 204500.0}]"
AEHR,2887723341.1317945,weekly,2026-04-06,37006100.0,126,2,2,False,0.1632503702305112,"[{'date': Timestamp('2026-04-06 00:00:00'), 'volume': 37006100.0}, {'date': Timestamp('2025-08-23 00:00:00'), 'volume': 21852800.0}]"
CLMT,3057121996.920922,weekly,2026-03-30,10458400.0,133,7,7,False,0.7415884901472768,"[{'date': Timestamp('2026-03-30 00:00:00'), 'volume': 10458400.0}, {'date': Timestamp('2026-03-02 00:00:00'), 'volume': 8529500.0}, {'date': Timestamp('2026-02-02 00:00:00'), 'volume': 8260100.0}, {'date': Timestamp('2026-01-26 00:00:00'), 'volume': 7014200.0}, {'date': Timestamp('2026-01-05 00:00:00'), 'volume': 6862500.0}, {'date': Timestamp('2025-09-15 00:00:00'), 'volume': 6356500.0}, {'date': Timestamp('2025-08-18 00:00:00'), 'volume': 5164500.0}]"
RH,3006010003.865933,weekly,2026-03-30,15787600.0,133,3,3,False,0.5871855810822371,"[{'date': Timestamp('2026-03-30 00:00:00'), 'volume': 15787600.0}, {'date': Timestamp('2025-09-08 00:00:00'), 'volume': 10284600.0}, {'date': Timestamp('2025-08-18 00:00:00'), 'volume': 5690000.0}]"
ALKS,9180504030.48041,weekly,2026-03-30,21804200.0,133,5,5,False,0.5210619012228258,"[{'date': Timestamp('2026-03-30 00:00:00'), 'volume': 21804200.0}, {'date': Timestamp('2025-11-08 00:00:00'), 'volume': 21302000.0}, {'date': Timestamp('2025-09-06 00:00:00'), 'volume': 15991200.0}, {'date': Timestamp('2025-08-30 00:00:00'), 'volume': 8934500.0}, {'date': Timestamp('2025-08-23 00:00:00'), 'volume': 6197900.0}]"
MRX,4620119982.045852,weekly,2026-03-30,8161300.0,133,3,3,False,0.6663536827322681,"[{'date': Timestamp('2026-03-30 00:00:00'), 'volume': 8161300.0}, {'date': Timestamp('2025-09-15 00:00:00'), 'volume': 8020500.0}, {'date': Timestamp('2025-08-18 00:00:00'), 'volume': 5422300.0}]"
ADMA,2028011364.822248,weekly,2026-03-23,117276900.0,140,6,6,False,0.4355408176187751,"[{'date': Timestamp('2026-03-23 00:00:00'), 'volume': 117276900.0}, {'date': Timestamp('2025-11-03 00:00:00'), 'volume': 28078300.0}, {'date': Timestamp('2025-09-15 00:00:00'), 'volume': 21500600.0}, {'date': Timestamp('2025-09-01 00:00:00'), 'volume': 17227200.0}, {'date': Timestamp('2025-08-25 00:00:00'), 'volume': 12234700.0}, {'date': Timestamp('2025-08-18 00:00:00'), 'volume': 11508300.0}]"
NEA,3453935100.0,weekly,2026-03-23,7255800.0,140,7,7,False,0.4553115920657132,"[{'date': Timestamp('2026-03-23 00:00:00'), 'volume': 7255800.0}, {'date': Timestamp('2025-12-08 00:00:00'), 'volume': 5589800.0}, {'date': Timestamp('2025-12-01 00:00:00'), 'volume': 5524500.0}, {'date': Timestamp('2025-11-03 00:00:00'), 'volume': 5283100.0}, {'date': Timestamp('2025-09-08 00:00:00'), 'volume': 5181600.0}, {'date': Timestamp('2025-09-01 00:00:00'), 'volume': 4996100.0}, {'date': Timestamp('2025-08-18 00:00:00'), 'volume': 4289100.0}]"
TILE,2074928150.182484,weekly,2026-03-23,5516900.0,140,5,5,False,0.733962163744246,"[{'date': Timestamp('2026-03-23 00:00:00'), 'volume': 5516900.0}, {'date': Timestamp('2025-09-13 00:00:00'), 'volume': 4044200.0}, {'date': Timestamp('2025-09-06 00:00:00'), 'volume': 2405500.0}, {'date': Timestamp('2025-08-30 00:00:00'), 'volume': 1699400.0}, {'date': Timestamp('2025-08-23 00:00:00'), 'volume': 1586100.0}]"
NAD,2793857850.0,weekly,2026-03-23,7182300.0,140,4,4,False,0.7271447951890173,"[{'date': Timestamp('2026-03-23 00:00:00'), 'volume': 7182300.0}, {'date': Timestamp('2025-11-29 00:00:00'), 'volume': 4884200.0}, {'date': Timestamp('2025-09-06 00:00:00'), 'volume': 4770900.0}, {'date': Timestamp('2025-08-23 00:00:00'), 'volume': 3781700.0}]"
IOSP,2035263295.7966428,weekly,2026-03-23,2210300.0,140,6,6,False,0.7677318513372698,"[{'date': Timestamp('2026-03-23 00:00:00'), 'volume': 2210300.0}, {'date': Timestamp('2025-12-13 00:00:00'), 'volume': 2084300.0}, {'date': Timestamp('2025-11-22 00:00:00'), 'volume': 1801200.0}, {'date': Timestamp('2025-09-13 00:00:00'), 'volume': 1621600.0}, {'date': Timestamp('2025-09-06 00:00:00'), 'volume': 881000.0}, {'date': Timestamp('2025-08-23 00:00:00'), 'volume': 848200.0}]"
DAR,8343686315.137529,weekly,2026-03-23,19135300.0,140,5,5,False,0.5129887189825637,"[{'date': Timestamp('2026-03-23 00:00:00'), 'volume': 19135300.0}, {'date': Timestamp('2026-03-09 00:00:00'), 'volume': 19061900.0}, {'date': Timestamp('2026-02-09 00:00:00'), 'volume': 17173000.0}, {'date': Timestamp('2025-09-13 00:00:00'), 'volume': 16755200.0}, {'date': Timestamp('2025-08-23 00:00:00'), 'volume': 11542400.0}]"
JPC,2911761520.0,weekly,2026-03-23,10180400.0,140,6,6,False,0.7763534175747916,"[{'date': Timestamp('2026-03-23 00:00:00'), 'volume': 10180400.0}, {'date': Timestamp('2025-12-01 00:00:00'), 'volume': 7485700.0}, {'date': Timestamp('2025-11-17 00:00:00'), 'volume': 7211200.0}, {'date': Timestamp('2025-10-13 00:00:00'), 'volume': 6473200.0}, {'date': Timestamp('2025-09-08 00:00:00'), 'volume': 5789700.0}, {'date': Timestamp('2025-08-18 00:00:00'), 'volume': 5048500.0}]"
SFD,9884148819.978697,weekly,2026-03-23,16895600.0,140,3,3,False,0.8285853003055285,"[{'date': Timestamp('2026-03-23 00:00:00'), 'volume': 16895600.0}, {'date': Timestamp('2025-09-01 00:00:00'), 'volume': 16119900.0}, {'date': Timestamp('2025-08-18 00:00:00'), 'volume': 4630100.0}]"
BRZE,2367517626.172713,weekly,2026-03-23,33721000.0,140,5,5,True,1.0,"[{'date': Timestamp('2026-03-23 00:00:00'), 'volume': 33721000.0}, {'date': Timestamp('2025-12-08 00:00:00'), 'volume': 24050700.0}, {'date': Timestamp('2025-09-01 00:00:00'), 'volume': 19236900.0}, {'date': Timestamp('2025-08-25 00:00:00'), 'volume': 5946600.0}, {'date': Timestamp('2025-08-18 00:00:00'), 'volume': 4746300.0}]"
DNLI,4058207773.456126,weekly,2026-03-23,15193800.0,140,3,3,True,1.0,"[{'date': Timestamp('2026-03-23 00:00:00'), 'volume': 15193800.0}, {'date': Timestamp('2025-09-01 00:00:00'), 'volume': 13678800.0}, {'date': Timestamp('2025-08-18 00:00:00'), 'volume': 8183900.0}]"
COCO,4209773159.607874,weekly,2026-03-23,16482400.0,140,6,6,True,1.0,"[{'date': Timestamp('2026-03-23 00:00:00'), 'volume': 16482400.0}, {'date': Timestamp('2026-02-16 00:00:00'), 'volume': 10849100.0}, {'date': Timestamp('2025-09-15 00:00:00'), 'volume': 9388000.0}, {'date': Timestamp('2025-09-08 00:00:00'), 'volume': 5369500.0}, {'date': Timestamp('2025-08-25 00:00:00'), 'volume': 4310500.0}, {'date': Timestamp('2025-08-18 00:00:00'), 'volume': 3629200.0}]"
LAUR,5195994003.77863,weekly,2026-03-16,29672700.0,147,10,10,True,1.0,"[{'date': Timestamp('2026-03-16 00:00:00'), 'volume': 29672700.0}, {'date': Timestamp('2026-03-09 00:00:00'), 'volume': 12938200.0}, {'date': Timestamp('2025-12-15 00:00:00'), 'volume': 8881600.0}, {'date': Timestamp('2025-11-10 00:00:00'), 'volume': 8336100.0}, {'date': Timestamp('2025-09-29 00:00:00'), 'volume': 7333400.0}, {'date': Timestamp('2025-09-22 00:00:00'), 'volume': 6708600.0}, {'date': Timestamp('2025-09-15 00:00:00'), 'volume': 5759400.0}, {'date': Timestamp('2025-09-08 00:00:00'), 'volume': 4378900.0}, {'date': Timestamp('2025-08-25 00:00:00'), 'volume': 3891800.0}, {'date': Timestamp('2025-08-18 00:00:00'), 'volume': 3636600.0}]"
LIF,4301161713.011034,weekly,2026-03-16,20304700.0,147,4,4,True,1.0,"[{'date': Timestamp('2026-03-16 00:00:00'), 'volume': 20304700.0}, {'date': Timestamp('2025-09-15 00:00:00'), 'volume': 10669100.0}, {'date': Timestamp('2025-09-08 00:00:00'), 'volume': 5609800.0}, {'date': Timestamp('2025-08-18 00:00:00'), 'volume': 3540500.0}]"
MTCH,8670516403.932743,weekly,2026-03-16,95084800.0,147,7,7,True,1.0,"[{'date': Timestamp('2026-03-16 00:00:00'), 'volume': 95084800.0}, {'date': Timestamp('2026-01-31 00:00:00'), 'volume': 41576200.0}, {'date': Timestamp('2025-11-01 00:00:00'), 'volume': 32069200.0}, {'date': Timestamp('2025-09-27 00:00:00'), 'volume': 26546700.0}, {'date': Timestamp('2025-09-13 00:00:00'), 'volume': 22841400.0}, {'date': Timestamp('2025-09-06 00:00:00'), 'volume': 18323800.0}, {'date': Timestamp('2025-08-23 00:00:00'), 'volume': 15092900.0}]"
STNG,3756943301.662603,weekly,2026-03-16,8848000.0,147,4,4,False,0.3206366347648677,"[{'date': Timestamp('2026-03-16 00:00:00'), 'volume': 8848000.0}, {'date': Timestamp('2026-01-05 00:00:00'), 'volume': 7997400.0}, {'date': Timestamp('2025-09-08 00:00:00'), 'volume': 6837400.0}, {'date': Timestamp('2025-08-18 00:00:00'), 'volume': 4581900.0}]"
BANR,2303497218.356197,weekly,2026-03-16,2860400.0,147,6,6,True,1.0,"[{'date': Timestamp('2026-03-16 00:00:00'), 'volume': 2860400.0}, {'date': Timestamp('2026-02-23 00:00:00'), 'volume': 2122300.0}, {'date': Timestamp('2025-10-11 00:00:00'), 'volume': 1651300.0}, {'date': Timestamp('2025-09-13 00:00:00'), 'volume': 1354700.0}, {'date': Timestamp('2025-09-06 00:00:00'), 'volume': 691800.0}, {'date': Timestamp('2025-08-23 00:00:00'), 'volume': 684400.0}]"
ASO,3007891041.0386124,weekly,2026-03-16,14463500.0,147,5,5,False,0.3109995376990313,"[{'date': Timestamp('2026-03-16 00:00:00'), 'volume': 14463500.0}, {'date': Timestamp('2025-12-08 00:00:00'), 'volume': 14192200.0}, {'date': Timestamp('2025-09-29 00:00:00'), 'volume': 11530600.0}, {'date': Timestamp('2025-08-25 00:00:00'), 'volume': 9817300.0}, {'date': Timestamp('2025-08-18 00:00:00'), 'volume': 5593200.0}]"
GLNG,5055081694.916284,weekly,2026-03-16,24357000.0,147,6,6,False,0.8875325669101973,"[{'date': Timestamp('2026-03-16 00:00:00'), 'volume': 24357000.0}, {'date': Timestamp('2026-03-02 00:00:00'), 'volume': 16493900.0}, {'date': Timestamp('2026-02-23 00:00:00'), 'volume': 9213000.0}, {'date': Timestamp('2025-09-08 00:00:00'), 'volume': 9159600.0}, {'date': Timestamp('2025-08-25 00:00:00'), 'volume': 6885300.0}, {'date': Timestamp('2025-08-18 00:00:00'), 'volume': 6614200.0}]"
CTRE,9645688584.744722,weekly,2026-03-16,50400100.0,147,5,5,True,1.0,"[{'date': Timestamp('2026-03-16 00:00:00'), 'volume': 50400100.0}, {'date': Timestamp('2025-12-15 00:00:00'), 'volume': 13214000.0}, {'date': Timestamp('2025-09-29 00:00:00'), 'volume': 12773500.0}, {'date': Timestamp('2025-09-15 00:00:00'), 'volume': 12589200.0}, {'date': Timestamp('2025-08-18 00:00:00'), 'volume': 11588100.0}]"
FCF,2087581956.7726164,weekly,2026-03-16,10471600.0,147,5,5,True,1.0,"[{'date': Timestamp('2026-03-16 00:00:00'), 'volume': 10471600.0}, {'date': Timestamp('2025-12-13 00:00:00'), 'volume': 6668400.0}, {'date': Timestamp('2025-09-13 00:00:00'), 'volume': 5320500.0}, {'date': Timestamp('2025-09-06 00:00:00'), 'volume': 2226100.0}, {'date': Timestamp('2025-08-23 00:00:00'), 'volume': 1967100.0}]"
PIPR,5409286251.03554,weekly,2026-03-16,4894000.0,147,8,8,True,1.0,"[{'date': Timestamp('2026-03-16 00:00:00'), 'volume': 4894000.0}, {'date': Timestamp('2026-02-09 00:00:00'), 'volume': 4827200.0}, {'date': Timestamp('2026-02-02 00:00:00'), 'volume': 1567200.0}, {'date': Timestamp('2025-10-16 00:00:00'), 'volume': 1124000.0}, {'date': Timestamp('2025-10-09 00:00:00'), 'volume': 1100700.0}, {'date': Timestamp('2025-09-11 00:00:00'), 'volume': 823500.0}, {'date': Timestamp('2025-09-04 00:00:00'), 'volume': 466800.0}, {'date': Timestamp('2025-08-28 00:00:00'), 'volume': 442400.0}]"
IDCC,7129610247.419108,weekly,2026-03-16,7232900.0,147,4,4,False,0.7472312905491962,"[{'date': Timestamp('2026-03-16 00:00:00'), 'volume': 7232900.0}, {'date': Timestamp('2025-09-20 00:00:00'), 'volume': 3269400.0}, {'date': Timestamp('2025-09-13 00:00:00'), 'volume': 2154600.0}, {'date': Timestamp('2025-08-23 00:00:00'), 'volume': 1669800.0}]"
BZ,6243110816.588961,weekly,2026-03-16,34658600.0,147,2,2,False,0.5397039450121306,"[{'date': Timestamp('2026-03-16 00:00:00'), 'volume': 34658600.0}, {'date': Timestamp('2025-08-18 00:00:00'), 'volume': 28955300.0}]"
CBSH,8424461912.004353,weekly,2026-03-16,9047100.0,147,6,6,True,1.0,"[{'date': Timestamp('2026-03-16 00:00:00'), 'volume': 9047100.0}, {'date': Timestamp('2026-01-24 00:00:00'), 'volume': 7471300.0}, {'date': Timestamp('2025-10-11 00:00:00'), 'volume': 7368585.0}, {'date': Timestamp('2025-09-13 00:00:00'), 'volume': 6255585.0}, {'date': Timestamp('2025-08-30 00:00:00'), 'volume': 4970070.0}, {'date': Timestamp('2025-08-23 00:00:00'), 'volume': 4827375.0}]"
DX,2827082982.5958757,weekly,2026-03-16,50525400.0,147,6,6,True,1.0,"[{'date': Timestamp('2026-03-16 00:00:00'), 'volume': 50525400.0}, {'date': Timestamp('2026-01-24 00:00:00'), 'volume': 40595100.0}, {'date': Timestamp('2026-01-03 00:00:00'), 'volume': 39535900.0}, {'date': Timestamp('2025-09-13 00:00:00'), 'volume': 35872600.0}, {'date': Timestamp('2025-08-30 00:00:00'), 'volume': 23388900.0}, {'date': Timestamp('2025-08-23 00:00:00'), 'volume': 14604300.0}]"
LTH,9128938401.969393,weekly,2026-03-16,36676200.0,147,6,6,True,1.0,"[{'date': Timestamp('2026-03-16 00:00:00'), 'volume': 36676200.0}, {'date': Timestamp('2026-02-23 00:00:00'), 'volume': 22356900.0}, {'date': Timestamp('2025-11-03 00:00:00'), 'volume': 17147300.0}, {'date': Timestamp('2025-09-15 00:00:00'), 'volume': 14064300.0}, {'date': Timestamp('2025-09-08 00:00:00'), 'volume': 10347100.0}, {'date': Timestamp('2025-08-18 00:00:00'), 'volume': 9404800.0}]"
BKE,2227641936.528639,weekly,2026-03-16,3841000.0,147,3,3,False,0.5832333692697815,"[{'date': Timestamp('2026-03-16 00:00:00'), 'volume': 3841000.0}, {'date': Timestamp('2025-09-13 00:00:00'), 'volume': 3709700.0}, {'date': Timestamp('2025-08-23 00:00:00'), 'volume': 3086000.0}]"
PAYC,6153030961.099453,weekly,2026-03-16,21838100.0,147,9,9,False,0.9760219177102608,"[{'date': Timestamp('2026-03-16 00:00:00'), 'volume': 21838100.0}, {'date': Timestamp('2026-02-23 00:00:00'), 'volume': 15534700.0}, {'date': Timestamp('2026-02-09 00:00:00'), 'volume': 13804200.0}, {'date': Timestamp('2026-02-02 00:00:00'), 'volume': 8298800.0}, {'date': Timestamp('2026-01-26 00:00:00'), 'volume': 7724800.0}, {'date': Timestamp('2025-11-03 00:00:00'), 'volume': 5785200.0}, {'date': Timestamp('2025-09-29 00:00:00'), 'volume': 5127900.0}, {'date': Timestamp('2025-09-15 00:00:00'), 'volume': 4226700.0}, {'date': Timestamp('2025-08-18 00:00:00'), 'volume': 3310600.0}]"
MAIN,4743411488.787408,weekly,2026-03-16,8144800.0,147,4,4,False,0.796020289486801,"[{'date': Timestamp('2026-03-16 00:00:00'), 'volume': 8144800.0}, {'date': Timestamp('2025-10-06 00:00:00'), 'volume': 5714200.0}, {'date': Timestamp('2025-09-15 00:00:00'), 'volume': 4684300.0}, {'date': Timestamp('2025-08-18 00:00:00'), 'volume': 2656900.0}]"
SIG,3442928879.022839,weekly,2026-03-16,10963100.0,147,3,3,False,0.2830092726446656,"[{'date': Timestamp('2026-03-16 00:00:00'), 'volume': 10963100.0}, {'date': Timestamp('2025-11-29 00:00:00'), 'volume': 8993300.0}, {'date': Timestamp('2025-08-23 00:00:00'), 'volume': 7536400.0}]"
TOWN,3351852435.9158587,weekly,2026-03-16,5570500.0,147,6,6,True,1.0,"[{'date': Timestamp('2026-03-16 00:00:00'), 'volume': 5570500.0}, {'date': Timestamp('2026-01-24 00:00:00'), 'volume': 3238800.0}, {'date': Timestamp('2025-12-13 00:00:00'), 'volume': 2583800.0}, {'date': Timestamp('2025-10-11 00:00:00'), 'volume': 2128200.0}, {'date': Timestamp('2025-08-30 00:00:00'), 'volume': 2108300.0}, {'date': Timestamp('2025-08-23 00:00:00'), 'volume': 1816800.0}]"
SLDE,2186935870.0365453,weekly,2026-03-16,17901700.0,147,5,5,False,0.965634237383218,"[{'date': Timestamp('2026-03-16 00:00:00'), 'volume': 17901700.0}, {'date': Timestamp('2026-02-23 00:00:00'), 'volume': 15625200.0}, {'date': Timestamp('2025-09-15 00:00:00'), 'volume': 13183900.0}, {'date': Timestamp('2025-08-25 00:00:00'), 'volume': 6250800.0}, {'date': Timestamp('2025-08-18 00:00:00'), 'volume': 2840000.0}]"
MTH,5681712799.13319,weekly,2026-03-16,8246600.0,147,6,6,False,0.7744449870403065,"[{'date': Timestamp('2026-03-16 00:00:00'), 'volume': 8246600.0}, {'date': Timestamp('2026-01-24 00:00:00'), 'volume': 6879100.0}, {'date': Timestamp('2025-10-25 00:00:00'), 'volume': 6205900.0}, {'date': Timestamp('2025-09-13 00:00:00'), 'volume': 5786700.0}, {'date': Timestamp('2025-08-30 00:00:00'), 'volume': 4056800.0}, {'date': Timestamp('2025-08-23 00:00:00'), 'volume': 3651500.0}]"
IBOC,4838944304.723736,weekly,2026-03-16,5182800.0,147,5,5,True,1.0,"[{'date': Timestamp('2026-03-16 00:00:00'), 'volume': 5182800.0}, {'date': Timestamp('2025-12-13 00:00:00'), 'volume': 2136200.0}, {'date': Timestamp('2025-12-06 00:00:00'), 'volume': 1843600.0}, {'date': Timestamp('2025-09-13 00:00:00'), 'volume': 1616700.0}, {'date': Timestamp('2025-08-23 00:00:00'), 'volume': 1038100.0}]"
MZTI,3178758446.244996,weekly,2026-03-16,2603200.0,147,6,6,True,1.0,"[{'date': Timestamp('2026-03-16 00:00:00'), 'volume': 2603200.0}, {'date': Timestamp('2026-01-31 00:00:00'), 'volume': 1937500.0}, {'date': Timestamp('2025-12-13 00:00:00'), 'volume': 933500.0}, {'date': Timestamp('2025-11-01 00:00:00'), 'volume': 883500.0}, {'date': Timestamp('2025-09-13 00:00:00'), 'volume': 877100.0}, {'date': Timestamp('2025-08-23 00:00:00'), 'volume': 849500.0}]"
ATEN,2518496071.381692,weekly,2026-03-16,10944300.0,147,6,6,False,0.4835656688390589,"[{'date': Timestamp('2026-03-16 00:00:00'), 'volume': 10944300.0}, {'date': Timestamp('2025-12-15 00:00:00'), 'volume': 7475700.0}, {'date': Timestamp('2025-11-10 00:00:00'), 'volume': 5405700.0}, {'date': Timestamp('2025-09-15 00:00:00'), 'volume': 5066700.0}, {'date': Timestamp('2025-08-25 00:00:00'), 'volume': 3550200.0}, {'date': Timestamp('2025-08-18 00:00:00'), 'volume': 2779100.0}]"
DHC,2297594729.57158,weekly,2026-03-16,18587500.0,147,8,8,False,0.2443126255244424,"[{'date': Timestamp('2026-03-16 00:00:00'), 'volume': 18587500.0}, {'date': Timestamp('2026-03-09 00:00:00'), 'volume': 12610800.0}, {'date': Timestamp('2026-03-02 00:00:00'), 'volume': 12603000.0}, {'date': Timestamp('2026-02-23 00:00:00'), 'volume': 10687600.0}, {'date': Timestamp('2026-01-05 00:00:00'), 'volume': 9917800.0}, {'date': Timestamp('2025-09-15 00:00:00'), 'volume': 7203000.0}, {'date': Timestamp('2025-09-08 00:00:00'), 'volume': 5401600.0}, {'date': Timestamp('2025-08-18 00:00:00'), 'volume': 3031400.0}]"
ALV,8921463410.64556,weekly,2026-03-16,6421000.0,147,5,5,False,0.3338463298220803,"[{'date': Timestamp('2026-03-16 00:00:00'), 'volume': 6421000.0}, {'date': Timestamp('2026-01-24 00:00:00'), 'volume': 4871100.0}, {'date': Timestamp('2025-10-11 00:00:00'), 'volume': 4842000.0}, {'date': Timestamp('2025-10-04 00:00:00'), 'volume': 3167100.0}, {'date': Timestamp('2025-08-23 00:00:00'), 'volume': 2936200.0}]"
FAF,6833414484.931663,weekly,2026-03-16,8771600.0,147,6,6,False,0.5594774910385121,"[{'date': Timestamp('2026-03-16 00:00:00'), 'volume': 8771600.0}, {'date': Timestamp('2026-01-12 00:00:00'), 'volume': 6085500.0}, {'date': Timestamp('2025-09-15 00:00:00'), 'volume': 4979400.0}, {'date': Timestamp('2025-09-08 00:00:00'), 'volume': 4306800.0}, {'date': Timestamp('2025-08-25 00:00:00'), 'volume': 2583300.0}, {'date': Timestamp('2025-08-18 00:00:00'), 'volume': 2187000.0}]"
NWN,2138944332.4213865,weekly,2026-03-16,2684500.0,147,4,4,False,0.4781199351701782,"[{'date': Timestamp('2026-03-16 00:00:00'), 'volume': 2684500.0}, {'date': Timestamp('2025-12-13 00:00:00'), 'volume': 2356500.0}, {'date': Timestamp('2025-09-13 00:00:00'), 'volume': 1423100.0}, {'date': Timestamp('2025-08-23 00:00:00'), 'volume': 1302400.0}]"
NWBI,2215203845.6474485,weekly,2026-03-16,13576200.0,147,7,7,False,0.8290556013556838,"[{'date': Timestamp('2026-03-16 00:00:00'), 'volume': 13576200.0}, {'date': Timestamp('2026-03-09 00:00:00'), 'volume': 7046500.0}, {'date': Timestamp('2025-10-25 00:00:00'), 'volume': 7021800.0}, {'date': Timestamp('2025-09-13 00:00:00'), 'volume': 6640100.0}, {'date': Timestamp('2025-09-06 00:00:00'), 'volume': 3421100.0}, {'date': Timestamp('2025-08-30 00:00:00'), 'volume': 3209400.0}, {'date': Timestamp('2025-08-23 00:00:00'), 'volume': 3192700.0}]"
MC,5249862263.76291,weekly,2026-03-16,12640900.0,147,6,6,False,0.6227811306811184,"[{'date': Timestamp('2026-03-16 00:00:00'), 'volume': 12640900.0}, {'date': Timestamp('2026-02-23 00:00:00'), 'volume': 7607700.0}, {'date': Timestamp('2026-02-02 00:00:00'), 'volume': 7385200.0}, {'date': Timestamp('2025-10-27 00:00:00'), 'volume': 6597600.0}, {'date': Timestamp('2025-09-15 00:00:00'), 'volume': 4162300.0}, {'date': Timestamp('2025-08-18 00:00:00'), 'volume': 3184600.0}]"
XXI,3466781175.599229,weekly,2026-03-16,28584800.0,147,7,7,False,0.2877839224462962,"[{'date': Timestamp('2026-03-16 00:00:00'), 'volume': 28584800.0}, {'date': Timestamp('2025-12-08 00:00:00'), 'volume': 23947700.0}, {'date': Timestamp('2025-12-01 00:00:00'), 'volume': 4444400.0}, {'date': Timestamp('2025-11-03 00:00:00'), 'volume': 1583400.0}, {'date': Timestamp('2025-09-08 00:00:00'), 'volume': 1446800.0}, {'date': Timestamp('2025-09-01 00:00:00'), 'volume': 1354200.0}, {'date': Timestamp('2025-08-18 00:00:00'), 'volume': 1299800.0}]"
PRDO,2089895381.11128,weekly,2026-03-16,5754500.0,147,5,5,False,0.7206817954112814,"[{'date': Timestamp('2026-03-16 00:00:00'), 'volume': 5754500.0}, {'date': Timestamp('2025-12-13 00:00:00'), 'volume': 5352400.0}, {'date': Timestamp('2025-11-01 00:00:00'), 'volume': 5199100.0}, {'date': Timestamp('2025-09-13 00:00:00'), 'volume': 3730600.0}, {'date': Timestamp('2025-08-23 00:00:00'), 'volume': 2622300.0}]"
OFG,2067280610.5309265,weekly,2026-03-16,3392400.0,147,5,5,False,0.5617486338797815,"[{'date': Timestamp('2026-03-16 00:00:00'), 'volume': 3392400.0}, {'date': Timestamp('2026-01-24 00:00:00'), 'volume': 2565200.0}, {'date': Timestamp('2025-10-25 00:00:00'), 'volume': 2266600.0}, {'date': Timestamp('2025-09-13 00:00:00'), 'volume': 1785700.0}, {'date': Timestamp('2025-08-23 00:00:00'), 'volume': 1094000.0}]"
ORA,7135986857.24469,weekly,2026-03-16,9780100.0,147,6,6,False,0.96719674044186,"[{'date': Timestamp('2026-03-16 00:00:00'), 'volume': 9780100.0}, {'date': Timestamp('2026-02-23 00:00:00'), 'volume': 4530000.0}, {'date': Timestamp('2025-11-03 00:00:00'), 'volume': 4169200.0}, {'date': Timestamp('2025-10-13 00:00:00'), 'volume': 3644600.0}, {'date': Timestamp('2025-10-06 00:00:00'), 'volume': 3252500.0}, {'date': Timestamp('2025-08-18 00:00:00'), 'volume': 3225300.0}]"
CAG,6736395142.502177,weekly,2026-03-16,96897800.0,147,2,2,True,1.0,"[{'date': Timestamp('2026-03-16 00:00:00'), 'volume': 96897800.0}, {'date': Timestamp('2025-08-23 00:00:00'), 'volume': 94306800.0}]"
HWKN,3378265174.047369,weekly,2026-03-16,1464300.0,147,4,4,False,0.6159249600403802,"[{'date': Timestamp('2026-03-16 00:00:00'), 'volume': 1464300.0}, {'date': Timestamp('2025-12-13 00:00:00'), 'volume': 1379700.0}, {'date': Timestamp('2025-09-13 00:00:00'), 'volume': 1265000.0}, {'date': Timestamp('2025-08-23 00:00:00'), 'volume': 678300.0}]"
CSQ,3242681400.0,weekly,2026-03-16,1998300.0,147,5,5,False,0.29846755884813,"[{'date': Timestamp('2026-03-16 00:00:00'), 'volume': 1998300.0}, {'date': Timestamp('2025-11-17 00:00:00'), 'volume': 1841700.0}, {'date': Timestamp('2025-10-13 00:00:00'), 'volume': 1303000.0}, {'date': Timestamp('2025-09-22 00:00:00'), 'volume': 1260700.0}, {'date': Timestamp('2025-08-18 00:00:00'), 'volume': 1223900.0}]"
NGVT,2681592695.0562224,weekly,2026-03-16,2748300.0,147,4,4,False,0.3355841555143108,"[{'date': Timestamp('2026-03-16 00:00:00'), 'volume': 2748300.0}, {'date': Timestamp('2025-12-08 00:00:00'), 'volume': 2583300.0}, {'date': Timestamp('2025-11-03 00:00:00'), 'volume': 2046800.0}, {'date': Timestamp('2025-08-18 00:00:00'), 'volume': 1469900.0}]"
TGLS,2075914219.304516,weekly,2026-03-16,4940300.0,147,4,4,False,0.3003203627941471,"[{'date': Timestamp('2026-03-16 00:00:00'), 'volume': 4940300.0}, {'date': Timestamp('2026-03-09 00:00:00'), 'volume': 3358400.0}, {'date': Timestamp('2025-11-10 00:00:00'), 'volume': 3346900.0}, {'date': Timestamp('2025-08-18 00:00:00'), 'volume': 3003000.0}]"
EFSC,2446126728.8223443,weekly,2026-03-16,2281000.0,147,7,7,False,0.5238138979469986,"[{'date': Timestamp('2026-03-16 00:00:00'), 'volume': 2281000.0}, {'date': Timestamp('2025-12-15 00:00:00'), 'volume': 1488900.0}, {'date': Timestamp('2025-10-13 00:00:00'), 'volume': 1218100.0}, {'date': Timestamp('2025-09-15 00:00:00'), 'volume': 1178400.0}, {'date': Timestamp('2025-09-08 00:00:00'), 'volume': 930700.0}, {'date': Timestamp('2025-08-25 00:00:00'), 'volume': 717500.0}, {'date': Timestamp('2025-08-18 00:00:00'), 'volume': 606800.0}]"
LW,6235367676.300804,weekly,2026-03-16,48256000.0,147,6,6,False,0.9248129522875016,"[{'date': Timestamp('2026-03-16 00:00:00'), 'volume': 48256000.0}, {'date': Timestamp('2025-12-15 00:00:00'), 'volume': 29284700.0}, {'date': Timestamp('2025-09-29 00:00:00'), 'volume': 20251200.0}, {'date': Timestamp('2025-09-15 00:00:00'), 'volume': 8735100.0}, {'date': Timestamp('2025-09-08 00:00:00'), 'volume': 6750400.0}, {'date': Timestamp('2025-08-18 00:00:00'), 'volume': 5816600.0}]"
RDN,4986570167.22973,weekly,2026-03-16,14949300.0,147,3,3,False,0.2855246546326873,"[{'date': Timestamp('2026-03-16 00:00:00'), 'volume': 14949300.0}, {'date': Timestamp('2025-09-13 00:00:00'), 'volume': 10990100.0}, {'date': Timestamp('2025-08-23 00:00:00'), 'volume': 3916200.0}]"
STEL,2021042515.14519,weekly,2026-02-02,7047000.0,147,6,6,False,0.9056560126460268,"[{'date': Timestamp('2026-02-02 00:00:00'), 'volume': 7047000}, {'date': Timestamp('2026-01-26 00:00:00'), 'volume': 5611800}, {'date': Timestamp('2025-12-15 00:00:00'), 'volume': 2207700}, {'date': Timestamp('2025-08-11 00:00:00'), 'volume': 1692900}, {'date': Timestamp('2025-07-14 00:00:00'), 'volume': 1676700}, {'date': Timestamp('2025-07-07 00:00:00'), 'volume': 1375900}]"
NBHC,2026784577.347787,weekly,2026-03-16,7190700.0,147,6,6,True,1.0,"[{'date': Timestamp('2026-03-16 00:00:00'), 'volume': 7190700.0}, {'date': Timestamp('2026-03-09 00:00:00'), 'volume': 3300600.0}, {'date': Timestamp('2026-01-26 00:00:00'), 'volume': 3242100.0}, {'date': Timestamp('2025-09-15 00:00:00'), 'volume': 3045600.0}, {'date': Timestamp('2025-09-08 00:00:00'), 'volume': 1648300.0}, {'date': Timestamp('2025-08-18 00:00:00'), 'volume': 1481600.0}]"
FHI,4367255194.519567,weekly,2026-03-16,6036200.0,147,3,3,False,0.385623295066153,"[{'date': Timestamp('2026-03-16 00:00:00'), 'volume': 6036200.0}, {'date': Timestamp('2025-09-13 00:00:00'), 'volume': 5951300.0}, {'date': Timestamp('2025-08-23 00:00:00'), 'volume': 2699100.0}]"
TALO,2223451855.9941688,weekly,2026-03-16,16791400.0,147,6,6,False,0.4939736706626462,"[{'date': Timestamp('2026-03-16 00:00:00'), 'volume': 16791400.0}, {'date': Timestamp('2026-02-23 00:00:00'), 'volume': 15335400.0}, {'date': Timestamp('2025-12-15 00:00:00'), 'volume': 14265300.0}, {'date': Timestamp('2025-09-15 00:00:00'), 'volume': 13110900.0}, {'date': Timestamp('2025-08-25 00:00:00'), 'volume': 12805700.0}, {'date': Timestamp('2025-08-18 00:00:00'), 'volume': 12767500.0}]"
SAH,2670862715.787813,weekly,2026-03-16,2718700.0,147,7,7,False,0.6120165683670253,"[{'date': Timestamp('2026-03-16 00:00:00'), 'volume': 2718700.0}, {'date': Timestamp('2026-02-23 00:00:00'), 'volume': 2021100.0}, {'date': Timestamp('2026-02-16 00:00:00'), 'volume': 1872600.0}, {'date': Timestamp('2025-10-25 00:00:00'), 'volume': 1557600.0}, {'date': Timestamp('2025-10-18 00:00:00'), 'volume': 1372300.0}, {'date': Timestamp('2025-09-13 00:00:00'), 'volume': 1052400.0}, {'date': Timestamp('2025-08-23 00:00:00'), 'volume': 948200.0}]"
VSEC,6172292890.234118,weekly,2026-03-16,9101500.0,147,6,6,True,1.0,"[{'date': Timestamp('2026-03-16 00:00:00'), 'volume': 9101500.0}, {'date': Timestamp('2026-01-31 00:00:00'), 'volume': 7719400.0}, {'date': Timestamp('2025-10-25 00:00:00'), 'volume': 3031300.0}, {'date': Timestamp('2025-09-13 00:00:00'), 'volume': 2791900.0}, {'date': Timestamp('2025-09-06 00:00:00'), 'volume': 887300.0}, {'date': Timestamp('2025-08-23 00:00:00'), 'volume': 863100.0}]"
GPGI,4365313301.792818,weekly,2026-03-16,55521200.0,147,7,7,True,1.0,"[{'date': Timestamp('2026-03-16 00:00:00'), 'volume': 55521200.0}, {'date': Timestamp('2026-03-09 00:00:00'), 'volume': 30839700.0}, {'date': Timestamp('2026-02-23 00:00:00'), 'volume': 21395800.0}, {'date': Timestamp('2026-01-12 00:00:00'), 'volume': 18908100.0}, {'date': Timestamp('2025-11-03 00:00:00'), 'volume': 11217300.0}, {'date': Timestamp('2025-09-08 00:00:00'), 'volume': 6847400.0}, {'date': Timestamp('2025-08-18 00:00:00'), 'volume': 6631800.0}]"
PRK,3331671098.677734,weekly,2026-03-16,1050600.0,147,4,4,False,0.260526707335218,"[{'date': Timestamp('2026-03-16 00:00:00'), 'volume': 1050600.0}, {'date': Timestamp('2025-12-13 00:00:00'), 'volume': 483900.0}, {'date': Timestamp('2025-09-13 00:00:00'), 'volume': 414000.0}, {'date': Timestamp('2025-08-23 00:00:00'), 'volume': 253500.0}]"
JOE,3789043260.008997,weekly,2026-03-16,2225900.0,147,5,5,False,0.5040648565411354,"[{'date': Timestamp('2026-03-16 00:00:00'), 'volume': 2225900.0}, {'date': Timestamp('2025-10-25 00:00:00'), 'volume': 1608700.0}, {'date': Timestamp('2025-09-13 00:00:00'), 'volume': 1316500.0}, {'date': Timestamp('2025-09-06 00:00:00'), 'volume': 1113200.0}, {'date': Timestamp('2025-08-23 00:00:00'), 'volume': 963600.0}]"
NTCT,2973486026.1409907,weekly,2026-03-16,5805200.0,147,5,5,False,0.2722263644847104,"[{'date': Timestamp('2026-03-16 00:00:00'), 'volume': 5805200.0}, {'date': Timestamp('2025-12-13 00:00:00'), 'volume': 4766700.0}, {'date': Timestamp('2025-09-13 00:00:00'), 'volume': 4432400.0}, {'date': Timestamp('2025-09-06 00:00:00'), 'volume': 3034300.0}, {'date': Timestamp('2025-08-23 00:00:00'), 'volume': 2765200.0}]"
GRDN,2679096112.772891,weekly,2026-03-16,4895100.0,147,5,5,True,1.0,"[{'date': Timestamp('2026-03-16 00:00:00'), 'volume': 4895100.0}, {'date': Timestamp('2025-09-15 00:00:00'), 'volume': 3506700.0}, {'date': Timestamp('2025-09-01 00:00:00'), 'volume': 1719800.0}, {'date': Timestamp('2025-08-25 00:00:00'), 'volume': 1548800.0}, {'date': Timestamp('2025-08-18 00:00:00'), 'volume': 1436900.0}]"
WFRD,5951820892.468175,weekly,2026-03-16,10336300.0,147,7,7,False,0.5300666666666667,"[{'date': Timestamp('2026-03-16 00:00:00'), 'volume': 10336300.0}, {'date': Timestamp('2026-03-09 00:00:00'), 'volume': 10054600.0}, {'date': Timestamp('2026-02-02 00:00:00'), 'volume': 7938100.0}, {'date': Timestamp('2025-12-15 00:00:00'), 'volume': 7440400.0}, {'date': Timestamp('2025-10-20 00:00:00'), 'volume': 6814200.0}, {'date': Timestamp('2025-08-25 00:00:00'), 'volume': 5147400.0}, {'date': Timestamp('2025-08-18 00:00:00'), 'volume': 3097400.0}]"
RITM,5236916117.339057,weekly,2026-03-16,166627600.0,147,9,9,True,1.0,"[{'date': Timestamp('2026-03-16 00:00:00'), 'volume': 166627600.0}, {'date': Timestamp('2026-02-02 00:00:00'), 'volume': 70759200.0}, {'date': Timestamp('2026-01-26 00:00:00'), 'volume': 56721500.0}, {'date': Timestamp('2026-01-05 00:00:00'), 'volume': 52173100.0}, {'date': Timestamp('2025-09-15 00:00:00'), 'volume': 42896900.0}, {'date': Timestamp('2025-09-08 00:00:00'), 'volume': 22853900.0}, {'date': Timestamp('2025-09-01 00:00:00'), 'volume': 22627500.0}, {'date': Timestamp('2025-08-25 00:00:00'), 'volume': 20343100.0}, {'date': Timestamp('2025-08-18 00:00:00'), 'volume': 19426400.0}]"
AGM,2063670532.9411216,weekly,2026-03-16,1228900.0,147,9,9,False,0.7463257621766063,"[{'date': Timestamp('2026-03-16 00:00:00'), 'volume': 1228900.0}, {'date': Timestamp('2026-02-16 00:00:00'), 'volume': 729500.0}, {'date': Timestamp('2026-01-03 00:00:00'), 'volume': 678300.0}, {'date': Timestamp('2025-10-04 00:00:00'), 'volume': 552000.0}, {'date': Timestamp('2025-09-27 00:00:00'), 'volume': 516800.0}, {'date': Timestamp('2025-09-20 00:00:00'), 'volume': 419600.0}, {'date': Timestamp('2025-09-13 00:00:00'), 'volume': 404800.0}, {'date': Timestamp('2025-08-30 00:00:00'), 'volume': 338200.0}, {'date': Timestamp('2025-08-23 00:00:00'), 'volume': 323700.0}]"
CATY,4159551410.240439,weekly,2026-03-16,6767100.0,147,5,5,False,0.4766637552124422,"[{'date': Timestamp('2026-03-16 00:00:00'), 'volume': 6767100.0}, {'date': Timestamp('2025-12-13 00:00:00'), 'volume': 4465600.0}, {'date': Timestamp('2025-09-13 00:00:00'), 'volume': 4046600.0}, {'date': Timestamp('2025-09-06 00:00:00'), 'volume': 1612400.0}, {'date': Timestamp('2025-08-23 00:00:00'), 'volume': 1402700.0}]"
OMF,6982690695.202538,weekly,2026-03-16,15896800.0,147,7,7,False,0.926629943749818,"[{'date': Timestamp('2026-03-16 00:00:00'), 'volume': 15896800.0}, {'date': Timestamp('2026-02-02 00:00:00'), 'volume': 11035500.0}, {'date': Timestamp('2025-11-03 00:00:00'), 'volume': 8937200.0}, {'date': Timestamp('2025-10-27 00:00:00'), 'volume': 7659400.0}, {'date': Timestamp('2025-09-29 00:00:00'), 'volume': 7241300.0}, {'date': Timestamp('2025-09-15 00:00:00'), 'volume': 4724000.0}, {'date': Timestamp('2025-08-18 00:00:00'), 'volume': 4668800.0}]"
MUR,4962762334.189318,weekly,2026-03-16,21217000.0,147,7,7,False,0.3917199157369234,"[{'date': Timestamp('2026-03-16 00:00:00'), 'volume': 21217000.0}, {'date': Timestamp('2026-01-24 00:00:00'), 'volume': 20333300.0}, {'date': Timestamp('2025-12-13 00:00:00'), 'volume': 15122000.0}, {'date': Timestamp('2025-09-13 00:00:00'), 'volume': 14179400.0}, {'date': Timestamp('2025-09-06 00:00:00'), 'volume': 11505500.0}, {'date': Timestamp('2025-08-30 00:00:00'), 'volume': 10304300.0}, {'date': Timestamp('2025-08-23 00:00:00'), 'volume': 8850300.0}]"
MOS,7113407858.609296,weekly,2026-03-09,80885300.0,154,6,6,False,0.8995271341795689,"[{'date': Timestamp('2026-03-09 00:00:00'), 'volume': 80885300.0}, {'date': Timestamp('2025-12-13 00:00:00'), 'volume': 52465200.0}, {'date': Timestamp('2025-11-01 00:00:00'), 'volume': 50408300.0}, {'date': Timestamp('2025-10-04 00:00:00'), 'volume': 29871500.0}, {'date': Timestamp('2025-09-20 00:00:00'), 'volume': 24700600.0}, {'date': Timestamp('2025-08-23 00:00:00'), 'volume': 22281900.0}]"
WHD,4169998603.07642,weekly,2026-03-09,7439500.0,154,9,9,False,0.386236793603821,"[{'date': Timestamp('2026-03-09 00:00:00'), 'volume': 7439500.0}, {'date': Timestamp('2026-03-02 00:00:00'), 'volume': 7159800.0}, {'date': Timestamp('2026-02-23 00:00:00'), 'volume': 7104300.0}, {'date': Timestamp('2025-10-27 00:00:00'), 'volume': 5731100.0}, {'date': Timestamp('2025-10-06 00:00:00'), 'volume': 4945100.0}, {'date': Timestamp('2025-09-15 00:00:00'), 'volume': 4017200.0}, {'date': Timestamp('2025-09-08 00:00:00'), 'volume': 3669100.0}, {'date': Timestamp('2025-08-25 00:00:00'), 'volume': 2709700.0}, {'date': Timestamp('2025-08-18 00:00:00'), 'volume': 2640300.0}]"
DNP,4099812480.0,weekly,2026-03-09,4607300.0,154,5,5,False,0.4509400906323712,"[{'date': Timestamp('2026-03-09 00:00:00'), 'volume': 4607300.0}, {'date': Timestamp('2026-01-03 00:00:00'), 'volume': 4041500.0}, {'date': Timestamp('2025-12-06 00:00:00'), 'volume': 3390600.0}, {'date': Timestamp('2025-09-06 00:00:00'), 'volume': 3170000.0}, {'date': Timestamp('2025-08-23 00:00:00'), 'volume': 2420200.0}]"
HHH,4315031378.237708,weekly,2026-03-09,4663700.0,154,6,6,False,0.4594437024087077,"[{'date': Timestamp('2026-03-09 00:00:00'), 'volume': 4663700.0}, {'date': Timestamp('2025-12-15 00:00:00'), 'volume': 2736000.0}, {'date': Timestamp('2025-11-10 00:00:00'), 'volume': 2536300.0}, {'date': Timestamp('2025-09-08 00:00:00'), 'volume': 2080800.0}, {'date': Timestamp('2025-08-25 00:00:00'), 'volume': 1591900.0}, {'date': Timestamp('2025-08-18 00:00:00'), 'volume': 1558400.0}]"
UNF,4622607520.394992,weekly,2026-03-09,4562300.0,154,7,7,True,1.0,"[{'date': Timestamp('2026-03-09 00:00:00'), 'volume': 4562300.0}, {'date': Timestamp('2025-12-20 00:00:00'), 'volume': 2073100.0}, {'date': Timestamp('2025-12-13 00:00:00'), 'volume': 1467800.0}, {'date': Timestamp('2025-10-18 00:00:00'), 'volume': 1199100.0}, {'date': Timestamp('2025-09-13 00:00:00'), 'volume': 903600.0}, {'date': Timestamp('2025-09-06 00:00:00'), 'volume': 481500.0}, {'date': Timestamp('2025-08-23 00:00:00'), 'volume': 469100.0}]"
XENE,5774799846.526241,weekly,2026-03-09,27542600.0,154,5,5,False,0.2549204536304224,"[{'date': Timestamp('2026-03-09 00:00:00'), 'volume': 27542600.0}, {'date': Timestamp('2026-01-05 00:00:00'), 'volume': 7380800.0}, {'date': Timestamp('2025-11-03 00:00:00'), 'volume': 4706100.0}, {'date': Timestamp('2025-09-29 00:00:00'), 'volume': 4699200.0}, {'date': Timestamp('2025-08-18 00:00:00'), 'volume': 4303300.0}]"
CRSP,5296967584.24083,weekly,2026-03-09,22285500.0,154,3,3,False,0.8404548197314828,"[{'date': Timestamp('2026-03-09 00:00:00'), 'volume': 22285500.0}, {'date': Timestamp('2025-09-15 00:00:00'), 'volume': 17747300.0}, {'date': Timestamp('2025-08-18 00:00:00'), 'volume': 10229000.0}]"
VEON,3563853263.0,weekly,2026-03-09,1285700.0,154,2,2,False,0.0556931025454827,"[{'date': Timestamp('2026-03-09 00:00:00'), 'volume': 1285700.0}, {'date': Timestamp('2025-08-23 00:00:00'), 'volume': 1240300.0}]"
HIMS,7855674156.419443,weekly,2026-03-09,516662000.0,154,5,5,True,1.0,"[{'date': Timestamp('2026-03-09 00:00:00'), 'volume': 516662000.0}, {'date': Timestamp('2025-10-13 00:00:00'), 'volume': 212294400.0}, {'date': Timestamp('2025-09-15 00:00:00'), 'volume': 177738700.0}, {'date': Timestamp('2025-09-08 00:00:00'), 'volume': 156441400.0}, {'date': Timestamp('2025-08-18 00:00:00'), 'volume': 124007800.0}]"
HIMX,2631696027.0,weekly,2026-03-09,58692400.0,154,3,3,True,1.0,"[{'date': Timestamp('2026-03-09 00:00:00'), 'volume': 58692400.0}, {'date': Timestamp('2025-12-08 00:00:00'), 'volume': 7619700.0}, {'date': Timestamp('2025-08-18 00:00:00'), 'volume': 7395800.0}]"
BKV,2838582672.240046,weekly,2026-03-09,9262200.0,154,9,9,True,1.0,"[{'date': Timestamp('2026-03-09 00:00:00'), 'volume': 9262200.0}, {'date': Timestamp('2025-12-01 00:00:00'), 'volume': 9173100.0}, {'date': Timestamp('2025-11-10 00:00:00'), 'volume': 5131100.0}, {'date': Timestamp('2025-10-27 00:00:00'), 'volume': 4261100.0}, {'date': Timestamp('2025-09-29 00:00:00'), 'volume': 2729600.0}, {'date': Timestamp('2025-09-22 00:00:00'), 'volume': 2108400.0}, {'date': Timestamp('2025-09-15 00:00:00'), 'volume': 2103200.0}, {'date': Timestamp('2025-09-08 00:00:00'), 'volume': 1224000.0}, {'date': Timestamp('2025-08-18 00:00:00'), 'volume': 1062700.0}]"
NOG,2085392261.352584,weekly,2026-03-09,21128600.0,154,8,8,False,0.8199836225263999,"[{'date': Timestamp('2026-03-09 00:00:00'), 'volume': 21128600.0}, {'date': Timestamp('2026-03-02 00:00:00'), 'volume': 17449300.0}, {'date': Timestamp('2025-12-08 00:00:00'), 'volume': 14229000.0}, {'date': Timestamp('2025-11-03 00:00:00'), 'volume': 14134000.0}, {'date': Timestamp('2025-09-29 00:00:00'), 'volume': 12654600.0}, {'date': Timestamp('2025-09-22 00:00:00'), 'volume': 12206000.0}, {'date': Timestamp('2025-09-15 00:00:00'), 'volume': 10470800.0}, {'date': Timestamp('2025-08-18 00:00:00'), 'volume': 9453800.0}]"
CHRD,6563921917.869016,weekly,2026-03-09,8387700.0,154,6,6,False,0.0124711071224344,"[{'date': Timestamp('2026-03-09 00:00:00'), 'volume': 8387700.0}, {'date': Timestamp('2026-03-02 00:00:00'), 'volume': 7796000.0}, {'date': Timestamp('2025-09-15 00:00:00'), 'volume': 5897600.0}, {'date': Timestamp('2025-09-08 00:00:00'), 'volume': 4491500.0}, {'date': Timestamp('2025-09-01 00:00:00'), 'volume': 4228600.0}, {'date': Timestamp('2025-08-18 00:00:00'), 'volume': 3603700.0}]"
VCTR,5216969918.830512,weekly,2026-03-02,5750300.0,161,5,5,False,0.4484189183920146,"[{'date': Timestamp('2026-03-02 00:00:00'), 'volume': 5750300.0}, {'date': Timestamp('2026-02-23 00:00:00'), 'volume': 5305100.0}, {'date': Timestamp('2025-09-15 00:00:00'), 'volume': 4557000.0}, {'date': Timestamp('2025-09-08 00:00:00'), 'volume': 3682300.0}, {'date': Timestamp('2025-08-18 00:00:00'), 'volume': 3523800.0}]"
CACC,6577920732.325349,weekly,2026-03-02,1699600.0,161,7,7,False,0.603422566214585,"[{'date': Timestamp('2026-03-02 00:00:00'), 'volume': 1699600.0}, {'date': Timestamp('2026-01-31 00:00:00'), 'volume': 1500300.0}, {'date': Timestamp('2025-11-01 00:00:00'), 'volume': 1260200.0}, {'date': Timestamp('2025-10-25 00:00:00'), 'volume': 1100200.0}, {'date': Timestamp('2025-09-27 00:00:00'), 'volume': 874700.0}, {'date': Timestamp('2025-09-06 00:00:00'), 'volume': 679200.0}, {'date': Timestamp('2025-08-23 00:00:00'), 'volume': 616300.0}]"
LASR,3461802486.1122675,weekly,2026-03-02,15840100.0,161,5,5,True,1.0,"[{'date': Timestamp('2026-03-02 00:00:00'), 'volume': 15840100.0}, {'date': Timestamp('2026-02-23 00:00:00'), 'volume': 11772200.0}, {'date': Timestamp('2026-02-02 00:00:00'), 'volume': 11409400.0}, {'date': Timestamp('2025-08-25 00:00:00'), 'volume': 5587200.0}, {'date': Timestamp('2025-08-18 00:00:00'), 'volume': 3882300.0}]"
CRGY,3342146494.59802,weekly,2026-03-02,91095300.0,161,3,3,True,1.0,"[{'date': Timestamp('2026-03-02 00:00:00'), 'volume': 91095300.0}, {'date': Timestamp('2025-08-25 00:00:00'), 'volume': 44833100.0}, {'date': Timestamp('2025-08-18 00:00:00'), 'volume': 10835400.0}]"
TNK,2355435824.892288,weekly,2026-03-02,4017300.0,161,5,5,False,0.3169717531955184,"[{'date': Timestamp('2026-03-02 00:00:00'), 'volume': 4017300.0}, {'date': Timestamp('2026-02-23 00:00:00'), 'volume': 3944400.0}, {'date': Timestamp('2025-09-15 00:00:00'), 'volume': 3614200.0}, {'date': Timestamp('2025-08-25 00:00:00'), 'volume': 2905600.0}, {'date': Timestamp('2025-08-18 00:00:00'), 'volume': 2657600.0}]"
GTLB,4909923047.586395,weekly,2026-03-02,59449600.0,161,5,5,True,1.0,"[{'date': Timestamp('2026-03-02 00:00:00'), 'volume': 59449600.0}, {'date': Timestamp('2025-12-01 00:00:00'), 'volume': 50546600.0}, {'date': Timestamp('2025-09-01 00:00:00'), 'volume': 44491600.0}, {'date': Timestamp('2025-08-25 00:00:00'), 'volume': 24002600.0}, {'date': Timestamp('2025-08-18 00:00:00'), 'volume': 23261700.0}]"
BOX,3665573660.555957,weekly,2026-03-02,20174200.0,161,4,4,False,0.4658856566188408,"[{'date': Timestamp('2026-03-02 00:00:00'), 'volume': 20174200.0}, {'date': Timestamp('2025-12-01 00:00:00'), 'volume': 18499700.0}, {'date': Timestamp('2025-08-25 00:00:00'), 'volume': 17536800.0}, {'date': Timestamp('2025-08-18 00:00:00'), 'volume': 8728600.0}]"
FRO,7907565456.012477,weekly,2026-03-02,38496000.0,161,9,9,False,0.5876758440130981,"[{'date': Timestamp('2026-03-02 00:00:00'), 'volume': 38496000.0}, {'date': Timestamp('2025-11-24 00:00:00'), 'volume': 24750800.0}, {'date': Timestamp('2025-11-17 00:00:00'), 'volume': 16853900.0}, {'date': Timestamp('2025-10-20 00:00:00'), 'volume': 14939600.0}, {'date': Timestamp('2025-10-13 00:00:00'), 'volume': 14379900.0}, {'date': Timestamp('2025-10-06 00:00:00'), 'volume': 13542300.0}, {'date': Timestamp('2025-09-01 00:00:00'), 'volume': 13268400.0}, {'date': Timestamp('2025-08-25 00:00:00'), 'volume': 13030200.0}, {'date': Timestamp('2025-08-18 00:00:00'), 'volume': 10701300.0}]"
NVG,2703188520.0,weekly,2026-03-02,4130700.0,161,6,6,False,0.432710740511832,"[{'date': Timestamp('2026-03-02 00:00:00'), 'volume': 4130700.0}, {'date': Timestamp('2025-12-01 00:00:00'), 'volume': 4058800.0}, {'date': Timestamp('2025-11-03 00:00:00'), 'volume': 3399600.0}, {'date': Timestamp('2025-09-01 00:00:00'), 'volume': 3017300.0}, {'date': Timestamp('2025-08-25 00:00:00'), 'volume': 2664200.0}, {'date': Timestamp('2025-08-18 00:00:00'), 'volume': 2382200.0}]"
DHT,2842384955.566925,weekly,2026-03-02,47175900.0,161,7,7,False,0.9992311309364952,"[{'date': Timestamp('2026-03-02 00:00:00'), 'volume': 47175900.0}, {'date': Timestamp('2026-02-23 00:00:00'), 'volume': 30597900.0}, {'date': Timestamp('2026-02-16 00:00:00'), 'volume': 17914000.0}, {'date': Timestamp('2026-02-09 00:00:00'), 'volume': 14910500.0}, {'date': Timestamp('2026-01-05 00:00:00'), 'volume': 14070100.0}, {'date': Timestamp('2025-09-08 00:00:00'), 'volume': 13814700.0}, {'date': Timestamp('2025-08-18 00:00:00'), 'volume': 7761400.0}]"
GEO,4056651156.355949,weekly,2026-03-02,17955200.0,161,5,5,False,0.0776456190498842,"[{'date': Timestamp('2026-03-02 00:00:00'), 'volume': 17955200.0}, {'date': Timestamp('2026-02-16 00:00:00'), 'volume': 17489000.0}, {'date': Timestamp('2026-02-09 00:00:00'), 'volume': 15764400.0}, {'date': Timestamp('2025-11-01 00:00:00'), 'volume': 15488300.0}, {'date': Timestamp('2025-08-23 00:00:00'), 'volume': 14234400.0}]"
SEB,4538104571.527796,weekly,2026-03-02,151900.0,161,11,11,True,1.0,"[{'date': Timestamp('2026-03-02 00:00:00'), 'volume': 151900.0}, {'date': Timestamp('2026-02-09 00:00:00'), 'volume': 114000.0}, {'date': Timestamp('2026-01-24 00:00:00'), 'volume': 107900.0}, {'date': Timestamp('2026-01-17 00:00:00'), 'volume': 92600.0}, {'date': Timestamp('2026-01-03 00:00:00'), 'volume': 82000.0}, {'date': Timestamp('2025-12-06 00:00:00'), 'volume': 72400.0}, {'date': Timestamp('2025-11-15 00:00:00'), 'volume': 68000.0}, {'date': Timestamp('2025-11-08 00:00:00'), 'volume': 57500.0}, {'date': Timestamp('2025-11-01 00:00:00'), 'volume': 35500.0}, {'date': Timestamp('2025-09-13 00:00:00'), 'volume': 17300.0}, {'date': Timestamp('2025-08-23 00:00:00'), 'volume': 10700.0}]"
NATL,3190283203.02586,weekly,2026-03-02,10578400.0,161,4,4,False,0.4445565109222791,"[{'date': Timestamp('2026-03-02 00:00:00'), 'volume': 10578400.0}, {'date': Timestamp('2026-02-23 00:00:00'), 'volume': 9565200.0}, {'date': Timestamp('2025-09-08 00:00:00'), 'volume': 4426600.0}, {'date': Timestamp('2025-08-18 00:00:00'), 'volume': 3207600.0}]"
ASB,5200610379.516817,weekly,2026-03-02,15307000.0,161,7,7,False,0.5808490938344313,"[{'date': Timestamp('2026-03-02 00:00:00'), 'volume': 15307000.0}, {'date': Timestamp('2025-12-13 00:00:00'), 'volume': 14215200.0}, {'date': Timestamp('2025-11-29 00:00:00'), 'volume': 11531900.0}, {'date': Timestamp('2025-10-04 00:00:00'), 'volume': 9301800.0}, {'date': Timestamp('2025-09-13 00:00:00'), 'volume': 7689100.0}, {'date': Timestamp('2025-09-06 00:00:00'), 'volume': 7425700.0}, {'date': Timestamp('2025-08-23 00:00:00'), 'volume': 6275400.0}]"
EE,4292492644.4010696,weekly,2026-03-02,4383600.0,161,4,4,False,0.2921075778980195,"[{'date': Timestamp('2026-03-02 00:00:00'), 'volume': 4383600.0}, {'date': Timestamp('2026-02-23 00:00:00'), 'volume': 2998700.0}, {'date': Timestamp('2025-10-06 00:00:00'), 'volume': 2860000.0}, {'date': Timestamp('2025-08-18 00:00:00'), 'volume': 2508900.0}]"
SBLK,2777877591.677852,weekly,2026-03-02,14162300.0,161,9,9,False,0.6140728182492228,"[{'date': Timestamp('2026-03-02 00:00:00'), 'volume': 14162300.0}, {'date': Timestamp('2026-02-23 00:00:00'), 'volume': 13699300.0}, {'date': Timestamp('2026-01-05 00:00:00'), 'volume': 7848200.0}, {'date': Timestamp('2025-12-01 00:00:00'), 'volume': 7667900.0}, {'date': Timestamp('2025-11-17 00:00:00'), 'volume': 7111000.0}, {'date': Timestamp('2025-09-15 00:00:00'), 'volume': 6990300.0}, {'date': Timestamp('2025-09-08 00:00:00'), 'volume': 6964300.0}, {'date': Timestamp('2025-08-25 00:00:00'), 'volume': 6452400.0}, {'date': Timestamp('2025-08-18 00:00:00'), 'volume': 4389800.0}]"
AVAV,6888393617.510608,weekly,2026-03-02,25169100.0,161,5,5,True,1.0,"[{'date': Timestamp('2026-03-02 00:00:00'), 'volume': 25169100.0}, {'date': Timestamp('2026-01-05 00:00:00'), 'volume': 11431700.0}, {'date': Timestamp('2025-12-08 00:00:00'), 'volume': 10195300.0}, {'date': Timestamp('2025-09-08 00:00:00'), 'volume': 8509700.0}, {'date': Timestamp('2025-08-18 00:00:00'), 'volume': 3626200.0}]"
KTB,4603634781.005757,weekly,2026-03-02,7973200.0,161,5,5,False,0.3575570314496997,"[{'date': Timestamp('2026-03-02 00:00:00'), 'volume': 7973200.0}, {'date': Timestamp('2025-12-15 00:00:00'), 'volume': 6164700.0}, {'date': Timestamp('2025-11-03 00:00:00'), 'volume': 4767600.0}, {'date': Timestamp('2025-09-15 00:00:00'), 'volume': 4648900.0}, {'date': Timestamp('2025-08-18 00:00:00'), 'volume': 3419800.0}]"
HTO,2539284413.351555,weekly,2026-03-02,7107500.0,161,8,8,False,0.936775094896668,"[{'date': Timestamp('2026-03-02 00:00:00'), 'volume': 7107500.0}, {'date': Timestamp('2025-12-13 00:00:00'), 'volume': 2628600.0}, {'date': Timestamp('2025-11-29 00:00:00'), 'volume': 2535600.0}, {'date': Timestamp('2025-11-22 00:00:00'), 'volume': 2498700.0}, {'date': Timestamp('2025-10-25 00:00:00'), 'volume': 2316000.0}, {'date': Timestamp('2025-10-11 00:00:00'), 'volume': 1603700.0}, {'date': Timestamp('2025-09-13 00:00:00'), 'volume': 1536000.0}, {'date': Timestamp('2025-08-23 00:00:00'), 'volume': 1284300.0}]"
BC,5657973644.766713,weekly,2026-03-02,7021400.0,161,5,5,False,0.7292687993352721,"[{'date': Timestamp('2026-03-02 00:00:00'), 'volume': 7021400.0}, {'date': Timestamp('2026-01-03 00:00:00'), 'volume': 6626800.0}, {'date': Timestamp('2025-10-18 00:00:00'), 'volume': 6445900.0}, {'date': Timestamp('2025-09-13 00:00:00'), 'volume': 4258900.0}, {'date': Timestamp('2025-08-23 00:00:00'), 'volume': 3588700.0}]"
SSRM,6096087546.581166,weekly,2026-03-02,30079100.0,161,6,6,False,0.2646550055431397,"[{'date': Timestamp('2026-03-02 00:00:00'), 'volume': 30079100.0}, {'date': Timestamp('2026-02-16 00:00:00'), 'volume': 29673200.0}, {'date': Timestamp('2026-01-24 00:00:00'), 'volume': 27525300.0}, {'date': Timestamp('2025-09-13 00:00:00'), 'volume': 24539600.0}, {'date': Timestamp('2025-09-06 00:00:00'), 'volume': 17800100.0}, {'date': Timestamp('2025-08-23 00:00:00'), 'volume': 17695100.0}]"
YOU,7374093551.678451,weekly,2026-02-23,21002000.0,168,6,6,False,0.7215347299999313,"[{'date': Timestamp('2026-02-23 00:00:00'), 'volume': 21002000.0}, {'date': Timestamp('2025-12-08 00:00:00'), 'volume': 13086000.0}, {'date': Timestamp('2025-10-06 00:00:00'), 'volume': 12789000.0}, {'date': Timestamp('2025-09-29 00:00:00'), 'volume': 10524000.0}, {'date': Timestamp('2025-09-15 00:00:00'), 'volume': 9761900.0}, {'date': Timestamp('2025-08-18 00:00:00'), 'volume': 8726800.0}]"
DNOW,2473498129.743495,weekly,2026-02-23,36019000.0,168,5,5,True,1.0,"[{'date': Timestamp('2026-02-23 00:00:00'), 'volume': 36019000.0}, {'date': Timestamp('2025-11-03 00:00:00'), 'volume': 29763100.0}, {'date': Timestamp('2025-10-13 00:00:00'), 'volume': 8324100.0}, {'date': Timestamp('2025-09-15 00:00:00'), 'volume': 7144200.0}, {'date': Timestamp('2025-08-18 00:00:00'), 'volume': 4811700.0}]"
BFLY,2322687722.786784,weekly,2026-02-23,90075600.0,168,6,6,True,1.0,"[{'date': Timestamp('2026-02-23 00:00:00'), 'volume': 90075600.0}, {'date': Timestamp('2025-10-06 00:00:00'), 'volume': 52421400.0}, {'date': Timestamp('2025-09-22 00:00:00'), 'volume': 40553700.0}, {'date': Timestamp('2025-09-15 00:00:00'), 'volume': 37194200.0}, {'date': Timestamp('2025-08-25 00:00:00'), 'volume': 20588200.0}, {'date': Timestamp('2025-08-18 00:00:00'), 'volume': 15160300.0}]"
DRVN,2320930395.232644,weekly,2026-02-23,24434000.0,168,5,5,False,0.7305660287095646,"[{'date': Timestamp('2026-02-23 00:00:00'), 'volume': 24434000.0}, {'date': Timestamp('2025-11-03 00:00:00'), 'volume': 9231400.0}, {'date': Timestamp('2025-09-15 00:00:00'), 'volume': 7771100.0}, {'date': Timestamp('2025-08-25 00:00:00'), 'volume': 6122400.0}, {'date': Timestamp('2025-08-18 00:00:00'), 'volume': 3542900.0}]"
HRMY,2053453328.006446,weekly,2026-02-23,10500600.0,168,6,6,False,0.5363825363825364,"[{'date': Timestamp('2026-02-23 00:00:00'), 'volume': 10500600.0}, {'date': Timestamp('2026-02-16 00:00:00'), 'volume': 9004400.0}, {'date': Timestamp('2025-09-22 00:00:00'), 'volume': 7968500.0}, {'date': Timestamp('2025-09-08 00:00:00'), 'volume': 4996900.0}, {'date': Timestamp('2025-09-01 00:00:00'), 'volume': 3463800.0}, {'date': Timestamp('2025-08-18 00:00:00'), 'volume': 2384000.0}]"
LNC,7021348579.713813,weekly,2026-02-23,21608400.0,168,4,4,False,0.4072691907540598,"[{'date': Timestamp('2026-02-23 00:00:00'), 'volume': 21608400.0}, {'date': Timestamp('2025-09-13 00:00:00'), 'volume': 14661200.0}, {'date': Timestamp('2025-09-06 00:00:00'), 'volume': 9998600.0}, {'date': Timestamp('2025-08-23 00:00:00'), 'volume': 7248400.0}]"
PENN,2928492776.364239,weekly,2026-02-23,40407200.0,168,5,5,False,0.2778450492227569,"[{'date': Timestamp('2026-02-23 00:00:00'), 'volume': 40407200.0}, {'date': Timestamp('2025-11-01 00:00:00'), 'volume': 29941600.0}, {'date': Timestamp('2025-10-04 00:00:00'), 'volume': 21007900.0}, {'date': Timestamp('2025-09-13 00:00:00'), 'volume': 18235700.0}, {'date': Timestamp('2025-08-23 00:00:00'), 'volume': 15516300.0}]"
LOAR,7409440497.598293,weekly,2026-02-23,9169900.0,168,3,3,False,0.561368603419672,"[{'date': Timestamp('2026-02-23 00:00:00'), 'volume': 9169900.0}, {'date': Timestamp('2025-11-10 00:00:00'), 'volume': 6755300.0}, {'date': Timestamp('2025-08-18 00:00:00'), 'volume': 5555300.0}]"
DBX,5994905433.904306,weekly,2026-02-23,29526800.0,168,4,4,False,0.4138199737077411,"[{'date': Timestamp('2026-02-23 00:00:00'), 'volume': 29526800.0}, {'date': Timestamp('2026-02-02 00:00:00'), 'volume': 29514400.0}, {'date': Timestamp('2025-09-15 00:00:00'), 'volume': 27969900.0}, {'date': Timestamp('2025-08-18 00:00:00'), 'volume': 18080600.0}]"
FCN,4554764694.757122,weekly,2026-02-23,5144300.0,168,5,5,False,0.7278502504315346,"[{'date': Timestamp('2026-02-23 00:00:00'), 'volume': 5144300.0}, {'date': Timestamp('2025-10-18 00:00:00'), 'volume': 3689900.0}, {'date': Timestamp('2025-09-13 00:00:00'), 'volume': 2365200.0}, {'date': Timestamp('2025-09-06 00:00:00'), 'volume': 1567500.0}, {'date': Timestamp('2025-08-23 00:00:00'), 'volume': 1242100.0}]"
PVLA,2125752862.665933,weekly,2026-02-23,3999700.0,168,9,9,False,0.6660026122581646,"[{'date': Timestamp('2026-02-23 00:00:00'), 'volume': 3999700.0}, {'date': Timestamp('2025-12-11 00:00:00'), 'volume': 2090600.0}, {'date': Timestamp('2025-11-20 00:00:00'), 'volume': 1717400.0}, {'date': Timestamp('2025-11-13 00:00:00'), 'volume': 1540300.0}, {'date': Timestamp('2025-10-09 00:00:00'), 'volume': 1296100.0}, {'date': Timestamp('2025-09-18 00:00:00'), 'volume': 1272100.0}, {'date': Timestamp('2025-09-11 00:00:00'), 'volume': 729000.0}, {'date': Timestamp('2025-09-04 00:00:00'), 'volume': 540100.0}, {'date': Timestamp('2025-08-28 00:00:00'), 'volume': 293800.0}]"
CARG,2978879915.128908,weekly,2026-02-23,10050100.0,168,8,8,False,0.3375042397498799,"[{'date': Timestamp('2026-02-23 00:00:00'), 'volume': 10050100.0}, {'date': Timestamp('2026-02-16 00:00:00'), 'volume': 9694200.0}, {'date': Timestamp('2026-02-02 00:00:00'), 'volume': 7364200.0}, {'date': Timestamp('2025-11-03 00:00:00'), 'volume': 6675500.0}, {'date': Timestamp('2025-09-22 00:00:00'), 'volume': 6621700.0}, {'date': Timestamp('2025-09-15 00:00:00'), 'volume': 6220100.0}, {'date': Timestamp('2025-08-25 00:00:00'), 'volume': 5998800.0}, {'date': Timestamp('2025-08-18 00:00:00'), 'volume': 5258100.0}]"
FOUR,3780022858.8499312,weekly,2026-02-23,22480600.0,168,5,5,False,0.8204868043110906,"[{'date': Timestamp('2026-02-23 00:00:00'), 'volume': 22480600.0}, {'date': Timestamp('2025-11-03 00:00:00'), 'volume': 17512100.0}, {'date': Timestamp('2025-10-27 00:00:00'), 'volume': 16395800.0}, {'date': Timestamp('2025-09-22 00:00:00'), 'volume': 13828200.0}, {'date': Timestamp('2025-08-18 00:00:00'), 'volume': 8180700.0}]"
BSY,9113900174.503656,weekly,2026-02-23,34734300.0,168,4,4,True,1.0,"[{'date': Timestamp('2026-02-23 00:00:00'), 'volume': 34734300.0}, {'date': Timestamp('2025-09-29 00:00:00'), 'volume': 33424600.0}, {'date': Timestamp('2025-08-25 00:00:00'), 'volume': 9601900.0}, {'date': Timestamp('2025-08-18 00:00:00'), 'volume': 6366900.0}]"
EOSE,2013318296.538588,weekly,2026-02-23,278508100.0,168,10,10,True,1.0,"[{'date': Timestamp('2026-02-23 00:00:00'), 'volume': 278508100.0}, {'date': Timestamp('2025-11-17 00:00:00'), 'volume': 181960100.0}, {'date': Timestamp('2025-10-13 00:00:00'), 'volume': 160609300.0}, {'date': Timestamp('2025-10-06 00:00:00'), 'volume': 121387200.0}, {'date': Timestamp('2025-09-22 00:00:00'), 'volume': 119939900.0}, {'date': Timestamp('2025-09-15 00:00:00'), 'volume': 98984600.0}, {'date': Timestamp('2025-09-08 00:00:00'), 'volume': 65259300.0}, {'date': Timestamp('2025-09-01 00:00:00'), 'volume': 61841200.0}, {'date': Timestamp('2025-08-25 00:00:00'), 'volume': 52182800.0}, {'date': Timestamp('2025-08-18 00:00:00'), 'volume': 42005700.0}]"
DOCU,8632605658.81088,weekly,2026-02-23,43152700.0,168,5,5,False,0.39708211217903,"[{'date': Timestamp('2026-02-23 00:00:00'), 'volume': 43152700.0}, {'date': Timestamp('2025-09-29 00:00:00'), 'volume': 30005900.0}, {'date': Timestamp('2025-09-01 00:00:00'), 'volume': 21955200.0}, {'date': Timestamp('2025-08-25 00:00:00'), 'volume': 10199600.0}, {'date': Timestamp('2025-08-18 00:00:00'), 'volume': 9740000.0}]"
BRX,9956848995.707386,weekly,2026-02-23,20649200.0,168,8,8,False,0.6407680826172899,"[{'date': Timestamp('2026-02-23 00:00:00'), 'volume': 20649200.0}, {'date': Timestamp('2025-12-08 00:00:00'), 'volume': 19497300.0}, {'date': Timestamp('2025-10-27 00:00:00'), 'volume': 15730000.0}, {'date': Timestamp('2025-10-20 00:00:00'), 'volume': 12907200.0}, {'date': Timestamp('2025-10-13 00:00:00'), 'volume': 12336300.0}, {'date': Timestamp('2025-09-15 00:00:00'), 'volume': 10275500.0}, {'date': Timestamp('2025-08-25 00:00:00'), 'volume': 10016300.0}, {'date': Timestamp('2025-08-18 00:00:00'), 'volume': 8167500.0}]"
DUOL,5660598285.747207,weekly,2026-02-23,34312400.0,168,4,4,True,1.0,"[{'date': Timestamp('2026-02-23 00:00:00'), 'volume': 34312400.0}, {'date': Timestamp('2025-11-03 00:00:00'), 'volume': 23972800.0}, {'date': Timestamp('2025-09-08 00:00:00'), 'volume': 12891300.0}, {'date': Timestamp('2025-08-18 00:00:00'), 'volume': 9656600.0}]"
TNET,2293097228.517037,weekly,2026-02-23,4632800.0,168,5,5,False,0.5267358702943618,"[{'date': Timestamp('2026-02-23 00:00:00'), 'volume': 4632800.0}, {'date': Timestamp('2026-02-09 00:00:00'), 'volume': 4175200.0}, {'date': Timestamp('2025-11-03 00:00:00'), 'volume': 3837900.0}, {'date': Timestamp('2025-10-27 00:00:00'), 'volume': 2950500.0}, {'date': Timestamp('2025-08-18 00:00:00'), 'volume': 2887400.0}]"
WK,2752653614.9255023,weekly,2026-02-23,8640600.0,168,9,9,True,1.0,"[{'date': Timestamp('2026-02-23 00:00:00'), 'volume': 8640600.0}, {'date': Timestamp('2026-02-16 00:00:00'), 'volume': 8222100.0}, {'date': Timestamp('2026-02-02 00:00:00'), 'volume': 5419500.0}, {'date': Timestamp('2026-01-05 00:00:00'), 'volume': 5340300.0}, {'date': Timestamp('2025-10-06 00:00:00'), 'volume': 4972900.0}, {'date': Timestamp('2025-09-15 00:00:00'), 'volume': 4556600.0}, {'date': Timestamp('2025-09-01 00:00:00'), 'volume': 3808800.0}, {'date': Timestamp('2025-08-25 00:00:00'), 'volume': 3531300.0}, {'date': Timestamp('2025-08-18 00:00:00'), 'volume': 3461000.0}]"
AWI,6920800467.018456,weekly,2026-02-23,5345700.0,168,7,7,False,0.4759305917860418,"[{'date': Timestamp('2026-02-23 00:00:00'), 'volume': 5345700.0}, {'date': Timestamp('2026-01-26 00:00:00'), 'volume': 3277500.0}, {'date': Timestamp('2026-01-05 00:00:00'), 'volume': 2594700.0}, {'date': Timestamp('2025-10-27 00:00:00'), 'volume': 2416100.0}, {'date': Timestamp('2025-09-08 00:00:00'), 'volume': 2037400.0}, {'date': Timestamp('2025-08-25 00:00:00'), 'volume': 1732100.0}, {'date': Timestamp('2025-08-18 00:00:00'), 'volume': 1508800.0}]"
HTGC,2915307609.0958004,weekly,2026-02-23,27637400.0,168,5,5,True,1.0,"[{'date': Timestamp('2026-02-23 00:00:00'), 'volume': 27637400.0}, {'date': Timestamp('2026-02-02 00:00:00'), 'volume': 18277300.0}, {'date': Timestamp('2025-10-06 00:00:00'), 'volume': 10681600.0}, {'date': Timestamp('2025-09-15 00:00:00'), 'volume': 5292600.0}, {'date': Timestamp('2025-08-18 00:00:00'), 'volume': 5131000.0}]"
CECO,5365486195.383531,weekly,2026-02-23,8266800.0,168,5,5,True,1.0,"[{'date': Timestamp('2026-02-23 00:00:00'), 'volume': 8266800.0}, {'date': Timestamp('2025-10-25 00:00:00'), 'volume': 4931100.0}, {'date': Timestamp('2025-09-13 00:00:00'), 'volume': 4189600.0}, {'date': Timestamp('2025-08-30 00:00:00'), 'volume': 2584100.0}, {'date': Timestamp('2025-08-23 00:00:00'), 'volume': 2069000.0}]"
CHE,6149626431.245812,weekly,2026-02-23,1780200.0,168,5,5,True,1.0,"[{'date': Timestamp('2026-02-23 00:00:00'), 'volume': 1780200.0}, {'date': Timestamp('2025-10-25 00:00:00'), 'volume': 1480900.0}, {'date': Timestamp('2025-09-13 00:00:00'), 'volume': 1236400.0}, {'date': Timestamp('2025-09-06 00:00:00'), 'volume': 925200.0}, {'date': Timestamp('2025-08-23 00:00:00'), 'volume': 856100.0}]"
BCC,2851072439.812437,weekly,2026-02-23,3591400.0,168,4,4,False,0.7634129750871524,"[{'date': Timestamp('2026-02-23 00:00:00'), 'volume': 3591400.0}, {'date': Timestamp('2025-11-03 00:00:00'), 'volume': 3532400.0}, {'date': Timestamp('2025-09-15 00:00:00'), 'volume': 2354100.0}, {'date': Timestamp('2025-08-18 00:00:00'), 'volume': 1803200.0}]"
KWR,2789571775.639249,weekly,2026-02-23,1361600.0,168,4,4,False,0.9634189485601076,"[{'date': Timestamp('2026-02-23 00:00:00'), 'volume': 1361600.0}, {'date': Timestamp('2026-01-31 00:00:00'), 'volume': 991900.0}, {'date': Timestamp('2025-12-13 00:00:00'), 'volume': 902800.0}, {'date': Timestamp('2025-08-23 00:00:00'), 'volume': 821100.0}]"
ECG,7928292681.4808035,weekly,2026-02-23,6744000.0,168,5,5,False,0.9000880869124203,"[{'date': Timestamp('2026-02-23 00:00:00'), 'volume': 6744000.0}, {'date': Timestamp('2026-01-12 00:00:00'), 'volume': 6333700.0}, {'date': Timestamp('2025-12-08 00:00:00'), 'volume': 3714900.0}, {'date': Timestamp('2025-11-03 00:00:00'), 'volume': 3524100.0}, {'date': Timestamp('2025-08-18 00:00:00'), 'volume': 2700400.0}]"
STEP,4718878889.489612,weekly,2026-02-23,14872700.0,168,4,4,True,1.0,"[{'date': Timestamp('2026-02-23 00:00:00'), 'volume': 14872700.0}, {'date': Timestamp('2026-02-02 00:00:00'), 'volume': 7792200.0}, {'date': Timestamp('2025-09-15 00:00:00'), 'volume': 6007900.0}, {'date': Timestamp('2025-08-18 00:00:00'), 'volume': 3362000.0}]"
ACHC,2521735824.455031,weekly,2026-02-23,30603900.0,168,4,4,True,1.0,"[{'date': Timestamp('2026-02-23 00:00:00'), 'volume': 30603900.0}, {'date': Timestamp('2025-09-13 00:00:00'), 'volume': 28761400.0}, {'date': Timestamp('2025-09-06 00:00:00'), 'volume': 14183200.0}, {'date': Timestamp('2025-08-23 00:00:00'), 'volume': 11161600.0}]"
RNST,4000919034.359021,weekly,2026-02-23,4991800.0,168,5,5,False,0.3408907767321797,"[{'date': Timestamp('2026-02-23 00:00:00'), 'volume': 4991800.0}, {'date': Timestamp('2026-01-31 00:00:00'), 'volume': 4985100.0}, {'date': Timestamp('2025-10-25 00:00:00'), 'volume': 4142200.0}, {'date': Timestamp('2025-09-06 00:00:00'), 'volume': 3572700.0}, {'date': Timestamp('2025-08-23 00:00:00'), 'volume': 2368800.0}]"
ESTC,5846239484.432836,weekly,2026-02-23,21186300.0,168,3,3,True,1.0,"[{'date': Timestamp('2026-02-23 00:00:00'), 'volume': 21186300.0}, {'date': Timestamp('2025-08-25 00:00:00'), 'volume': 20688900.0}, {'date': Timestamp('2025-08-18 00:00:00'), 'volume': 7768400.0}]"
FSK,2912690909.4071145,weekly,2026-02-23,38714600.0,168,3,3,True,1.0,"[{'date': Timestamp('2026-02-23 00:00:00'), 'volume': 38714600.0}, {'date': Timestamp('2025-09-15 00:00:00'), 'volume': 25495100.0}, {'date': Timestamp('2025-08-18 00:00:00'), 'volume': 9541500.0}]"
WHR,2526805334.5193424,weekly,2026-02-23,31899500.0,168,6,6,True,1.0,"[{'date': Timestamp('2026-02-23 00:00:00'), 'volume': 31899500.0}, {'date': Timestamp('2026-01-24 00:00:00'), 'volume': 14910200.0}, {'date': Timestamp('2025-10-25 00:00:00'), 'volume': 11586700.0}, {'date': Timestamp('2025-09-13 00:00:00'), 'volume': 8112500.0}, {'date': Timestamp('2025-09-06 00:00:00'), 'volume': 4954400.0}, {'date': Timestamp('2025-08-23 00:00:00'), 'volume': 4889500.0}]"
BCO,3874722792.015024,weekly,2026-02-23,4664800.0,168,5,5,False,0.6595034779166431,"[{'date': Timestamp('2026-02-23 00:00:00'), 'volume': 4664800.0}, {'date': Timestamp('2025-12-13 00:00:00'), 'volume': 2111000.0}, {'date': Timestamp('2025-09-13 00:00:00'), 'volume': 1969300.0}, {'date': Timestamp('2025-08-30 00:00:00'), 'volume': 1505400.0}, {'date': Timestamp('2025-08-23 00:00:00'), 'volume': 1293400.0}]"
ATHM,2316591127.52742,weekly,2026-02-23,11810800.0,168,7,7,True,1.0,"[{'date': Timestamp('2026-02-23 00:00:00'), 'volume': 11810800.0}, {'date': Timestamp('2025-12-15 00:00:00'), 'volume': 3102200.0}, {'date': Timestamp('2025-11-24 00:00:00'), 'volume': 2627000.0}, {'date': Timestamp('2025-11-03 00:00:00'), 'volume': 2078500.0}, {'date': Timestamp('2025-10-13 00:00:00'), 'volume': 1859400.0}, {'date': Timestamp('2025-08-25 00:00:00'), 'volume': 1636800.0}, {'date': Timestamp('2025-08-18 00:00:00'), 'volume': 1109600.0}]"
UCTT,5326504716.377092,weekly,2026-02-23,20532600.0,168,9,9,True,1.0,"[{'date': Timestamp('2026-02-23 00:00:00'), 'volume': 20532600.0}, {'date': Timestamp('2026-01-12 00:00:00'), 'volume': 7508100.0}, {'date': Timestamp('2026-01-05 00:00:00'), 'volume': 5808800.0}, {'date': Timestamp('2025-12-01 00:00:00'), 'volume': 4335100.0}, {'date': Timestamp('2025-10-27 00:00:00'), 'volume': 3352400.0}, {'date': Timestamp('2025-09-29 00:00:00'), 'volume': 2372000.0}, {'date': Timestamp('2025-09-15 00:00:00'), 'volume': 2161100.0}, {'date': Timestamp('2025-08-25 00:00:00'), 'volume': 1655500.0}, {'date': Timestamp('2025-08-18 00:00:00'), 'volume': 1570000.0}]"
XMTR,5213551452.463958,weekly,2026-02-23,15970700.0,168,5,5,True,1.0,"[{'date': Timestamp('2026-02-23 00:00:00'), 'volume': 15970700.0}, {'date': Timestamp('2025-11-03 00:00:00'), 'volume': 7510700.0}, {'date': Timestamp('2025-09-22 00:00:00'), 'volume': 4628500.0}, {'date': Timestamp('2025-09-01 00:00:00'), 'volume': 3977900.0}, {'date': Timestamp('2025-08-18 00:00:00'), 'volume': 3337900.0}]"
POR,6079297297.02907,weekly,2026-02-16,14282600.0,175,6,6,False,0.5639255974825385,"[{'date': Timestamp('2026-02-16 00:00:00'), 'volume': 14282600.0}, {'date': Timestamp('2025-11-10 00:00:00'), 'volume': 8569200.0}, {'date': Timestamp('2025-10-27 00:00:00'), 'volume': 7932800.0}, {'date': Timestamp('2025-09-29 00:00:00'), 'volume': 6574000.0}, {'date': Timestamp('2025-09-08 00:00:00'), 'volume': 5818200.0}, {'date': Timestamp('2025-08-18 00:00:00'), 'volume': 5687200.0}]"
MCY,5952616214.113811,weekly,2026-02-16,2309700.0,175,5,5,False,0.2551337140584785,"[{'date': Timestamp('2026-02-16 00:00:00'), 'volume': 2309700.0}, {'date': Timestamp('2025-11-01 00:00:00'), 'volume': 1550500.0}, {'date': Timestamp('2025-09-20 00:00:00'), 'volume': 1321400.0}, {'date': Timestamp('2025-09-13 00:00:00'), 'volume': 1262500.0}, {'date': Timestamp('2025-08-23 00:00:00'), 'volume': 1225300.0}]"
MSGS,9461618179.754547,weekly,2026-02-16,2007700.0,175,5,5,False,0.36693106221215,"[{'date': Timestamp('2026-02-16 00:00:00'), 'volume': 2007700.0}, {'date': Timestamp('2025-09-15 00:00:00'), 'volume': 1423400.0}, {'date': Timestamp('2025-09-08 00:00:00'), 'volume': 1226000.0}, {'date': Timestamp('2025-08-25 00:00:00'), 'volume': 774600.0}, {'date': Timestamp('2025-08-18 00:00:00'), 'volume': 769200.0}]"
ZIM,3082892836.3713174,weekly,2026-02-16,66353300.0,175,2,2,False,0.9822667843058304,"[{'date': Timestamp('2026-02-16 00:00:00'), 'volume': 66353300.0}, {'date': Timestamp('2025-08-18 00:00:00'), 'volume': 43642800.0}]"
HG,3330038904.1278706,weekly,2026-02-16,4057200.0,175,3,3,False,0.5636565712697972,"[{'date': Timestamp('2026-02-16 00:00:00'), 'volume': 4057200.0}, {'date': Timestamp('2026-02-02 00:00:00'), 'volume': 3872000.0}, {'date': Timestamp('2025-08-18 00:00:00'), 'volume': 3228400.0}]"
IHS,2764694691.0,weekly,2026-02-16,23009500.0,175,6,6,True,1.0,"[{'date': Timestamp('2026-02-16 00:00:00'), 'volume': 23009500.0}, {'date': Timestamp('2026-01-05 00:00:00'), 'volume': 7433400.0}, {'date': Timestamp('2025-12-01 00:00:00'), 'volume': 7127600.0}, {'date': Timestamp('2025-11-10 00:00:00'), 'volume': 5710000.0}, {'date': Timestamp('2025-09-15 00:00:00'), 'volume': 3325800.0}, {'date': Timestamp('2025-08-18 00:00:00'), 'volume': 3221600.0}]"
ACLS,5324032758.831212,weekly,2026-02-16,9750800.0,175,5,5,True,1.0,"[{'date': Timestamp('2026-02-16 00:00:00'), 'volume': 9750800.0}, {'date': Timestamp('2025-09-29 00:00:00'), 'volume': 5320100.0}, {'date': Timestamp('2025-09-15 00:00:00'), 'volume': 3422700.0}, {'date': Timestamp('2025-08-25 00:00:00'), 'volume': 2238100.0}, {'date': Timestamp('2025-08-18 00:00:00'), 'volume': 1876100.0}]"
OCUL,2154569970.02459,weekly,2026-02-16,85855800.0,175,6,6,True,1.0,"[{'date': Timestamp('2026-02-16 00:00:00'), 'volume': 85855800.0}, {'date': Timestamp('2026-01-12 00:00:00'), 'volume': 51020300.0}, {'date': Timestamp('2025-12-08 00:00:00'), 'volume': 32179000.0}, {'date': Timestamp('2025-09-29 00:00:00'), 'volume': 30388700.0}, {'date': Timestamp('2025-09-01 00:00:00'), 'volume': 15095300.0}, {'date': Timestamp('2025-08-18 00:00:00'), 'volume': 8770700.0}]"
LBTYA,3801459432.522994,weekly,2026-02-16,31093900.0,175,4,4,False,0.5590228262515188,"[{'date': Timestamp('2026-02-16 00:00:00'), 'volume': 31093900.0}, {'date': Timestamp('2025-10-27 00:00:00'), 'volume': 16110300.0}, {'date': Timestamp('2025-09-08 00:00:00'), 'volume': 9692100.0}, {'date': Timestamp('2025-08-18 00:00:00'), 'volume': 9335900.0}]"
CSTM,4326861294.875779,weekly,2026-02-16,15896700.0,175,6,6,False,0.6213580468890469,"[{'date': Timestamp('2026-02-16 00:00:00'), 'volume': 15896700.0}, {'date': Timestamp('2025-10-27 00:00:00'), 'volume': 9835500.0}, {'date': Timestamp('2025-10-20 00:00:00'), 'volume': 6802600.0}, {'date': Timestamp('2025-09-15 00:00:00'), 'volume': 6618500.0}, {'date': Timestamp('2025-09-08 00:00:00'), 'volume': 6326800.0}, {'date': Timestamp('2025-08-18 00:00:00'), 'volume': 5562800.0}]"
FELE,4766820879.521675,weekly,2026-02-16,2933600.0,175,4,4,False,0.8951544000976444,"[{'date': Timestamp('2026-02-16 00:00:00'), 'volume': 2933600.0}, {'date': Timestamp('2025-10-25 00:00:00'), 'volume': 2350900.0}, {'date': Timestamp('2025-09-13 00:00:00'), 'volume': 1839800.0}, {'date': Timestamp('2025-08-23 00:00:00'), 'volume': 1204200.0}]"
GLBE,6169140257.226041,weekly,2026-02-16,21472300.0,175,4,4,False,0.5532386890652375,"[{'date': Timestamp('2026-02-16 00:00:00'), 'volume': 21472300.0}, {'date': Timestamp('2025-11-17 00:00:00'), 'volume': 12556100.0}, {'date': Timestamp('2025-09-08 00:00:00'), 'volume': 8300500.0}, {'date': Timestamp('2025-08-18 00:00:00'), 'volume': 8255500.0}]"
CLM,2120658300.0,weekly,2026-02-16,23459600.0,175,7,7,False,0.8460536262887841,"[{'date': Timestamp('2026-02-16 00:00:00'), 'volume': 23459600.0}, {'date': Timestamp('2026-02-02 00:00:00'), 'volume': 17556700.0}, {'date': Timestamp('2026-01-05 00:00:00'), 'volume': 15806200.0}, {'date': Timestamp('2025-11-10 00:00:00'), 'volume': 12799300.0}, {'date': Timestamp('2025-10-13 00:00:00'), 'volume': 12780300.0}, {'date': Timestamp('2025-09-08 00:00:00'), 'volume': 12236600.0}, {'date': Timestamp('2025-08-18 00:00:00'), 'volume': 6553600.0}]"
GTY,2055878967.846608,weekly,2026-02-16,6713000.0,175,9,9,True,1.0,"[{'date': Timestamp('2026-02-16 00:00:00'), 'volume': 6713000.0}, {'date': Timestamp('2026-01-03 00:00:00'), 'volume': 2698500.0}, {'date': Timestamp('2025-12-06 00:00:00'), 'volume': 2454300.0}, {'date': Timestamp('2025-11-15 00:00:00'), 'volume': 2015900.0}, {'date': Timestamp('2025-11-08 00:00:00'), 'volume': 1988200.0}, {'date': Timestamp('2025-10-18 00:00:00'), 'volume': 1924200.0}, {'date': Timestamp('2025-09-13 00:00:00'), 'volume': 1820500.0}, {'date': Timestamp('2025-09-06 00:00:00'), 'volume': 1402300.0}, {'date': Timestamp('2025-08-23 00:00:00'), 'volume': 1363600.0}]"
WTTR,2763705556.8018765,weekly,2026-02-16,16766700.0,175,6,6,False,0.6816424433377376,"[{'date': Timestamp('2026-02-16 00:00:00'), 'volume': 16766700.0}, {'date': Timestamp('2025-10-13 00:00:00'), 'volume': 9475100.0}, {'date': Timestamp('2025-09-15 00:00:00'), 'volume': 7699700.0}, {'date': Timestamp('2025-09-08 00:00:00'), 'volume': 6719400.0}, {'date': Timestamp('2025-09-01 00:00:00'), 'volume': 4613600.0}, {'date': Timestamp('2025-08-18 00:00:00'), 'volume': 4347000.0}]"
Z,7115062002.347841,weekly,2026-02-09,42690000.0,182,8,8,False,0.2665204934843262,"[{'date': Timestamp('2026-02-09 00:00:00'), 'volume': 42690000.0}, {'date': Timestamp('2026-02-02 00:00:00'), 'volume': 30055400.0}, {'date': Timestamp('2025-12-15 00:00:00'), 'volume': 26192700.0}, {'date': Timestamp('2025-09-29 00:00:00'), 'volume': 18486600.0}, {'date': Timestamp('2025-09-22 00:00:00'), 'volume': 18024000.0}, {'date': Timestamp('2025-09-15 00:00:00'), 'volume': 16530600.0}, {'date': Timestamp('2025-09-08 00:00:00'), 'volume': 13252700.0}, {'date': Timestamp('2025-08-18 00:00:00'), 'volume': 13070700.0}]"
SWX,6581047876.181135,weekly,2026-02-09,6178600.0,182,7,7,False,0.6533776067002242,"[{'date': Timestamp('2026-02-09 00:00:00'), 'volume': 6178600.0}, {'date': Timestamp('2026-01-31 00:00:00'), 'volume': 6174600.0}, {'date': Timestamp('2025-12-13 00:00:00'), 'volume': 3597200.0}, {'date': Timestamp('2025-11-01 00:00:00'), 'volume': 3015100.0}, {'date': Timestamp('2025-09-13 00:00:00'), 'volume': 2715600.0}, {'date': Timestamp('2025-09-06 00:00:00'), 'volume': 2023500.0}, {'date': Timestamp('2025-08-23 00:00:00'), 'volume': 1696100.0}]"
AMG,9032404980.344744,weekly,2026-02-09,3202000.0,182,7,7,False,0.4857771372221801,"[{'date': Timestamp('2026-02-09 00:00:00'), 'volume': 3202000.0}, {'date': Timestamp('2025-12-13 00:00:00'), 'volume': 2899600.0}, {'date': Timestamp('2025-12-06 00:00:00'), 'volume': 2885800.0}, {'date': Timestamp('2025-11-01 00:00:00'), 'volume': 2061000.0}, {'date': Timestamp('2025-09-13 00:00:00'), 'volume': 1416900.0}, {'date': Timestamp('2025-09-06 00:00:00'), 'volume': 968700.0}, {'date': Timestamp('2025-08-23 00:00:00'), 'volume': 837800.0}]"
KD,2496254656.7896204,weekly,2026-02-09,67116300.0,182,3,3,True,1.0,"[{'date': Timestamp('2026-02-09 00:00:00'), 'volume': 67116300.0}, {'date': Timestamp('2025-11-03 00:00:00'), 'volume': 24658100.0}, {'date': Timestamp('2025-08-18 00:00:00'), 'volume': 12255900.0}]"
VNO,7356503270.559611,weekly,2026-02-09,19507500.0,182,3,3,False,0.2574122726570964,"[{'date': Timestamp('2026-02-09 00:00:00'), 'volume': 19507500.0}, {'date': Timestamp('2025-09-13 00:00:00'), 'volume': 14135300.0}, {'date': Timestamp('2025-08-23 00:00:00'), 'volume': 10296500.0}]"
MAT,4062588208.535844,weekly,2026-02-09,87697400.0,182,9,9,True,1.0,"[{'date': Timestamp('2026-02-09 00:00:00'), 'volume': 87697400.0}, {'date': Timestamp('2026-02-07 00:00:00'), 'volume': 59414100.0}, {'date': Timestamp('2025-12-13 00:00:00'), 'volume': 31615000.0}, {'date': Timestamp('2025-10-18 00:00:00'), 'volume': 31306300.0}, {'date': Timestamp('2025-10-04 00:00:00'), 'volume': 25860000.0}, {'date': Timestamp('2025-09-27 00:00:00'), 'volume': 18596400.0}, {'date': Timestamp('2025-09-13 00:00:00'), 'volume': 18390400.0}, {'date': Timestamp('2025-09-06 00:00:00'), 'volume': 13999500.0}, {'date': Timestamp('2025-08-23 00:00:00'), 'volume': 13655300.0}]"
MHD,2043990000.0,weekly,2026-02-09,2938800.0,182,7,7,True,1.0,"[{'date': Timestamp('2026-02-09 00:00:00'), 'volume': 2938800.0}, {'date': Timestamp('2026-02-07 00:00:00'), 'volume': 1686900.0}, {'date': Timestamp('2025-11-01 00:00:00'), 'volume': 1009500.0}, {'date': Timestamp('2025-10-25 00:00:00'), 'volume': 1008700.0}, {'date': Timestamp('2025-09-27 00:00:00'), 'volume': 931300.0}, {'date': Timestamp('2025-08-30 00:00:00'), 'volume': 699300.0}, {'date': Timestamp('2025-08-23 00:00:00'), 'volume': 606400.0}]"
RNG,3117862937.92381,weekly,2026-02-09,27916900.0,182,4,4,True,1.0,"[{'date': Timestamp('2026-02-09 00:00:00'), 'volume': 27916900.0}, {'date': Timestamp('2025-11-03 00:00:00'), 'volume': 12037400.0}, {'date': Timestamp('2025-08-25 00:00:00'), 'volume': 10827200.0}, {'date': Timestamp('2025-08-18 00:00:00'), 'volume': 9580900.0}]"
FBIN,5482725199.571859,weekly,2026-02-09,26153700.0,182,8,8,False,0.6567093647317364,"[{'date': Timestamp('2026-02-09 00:00:00'), 'volume': 26153700.0}, {'date': Timestamp('2026-02-02 00:00:00'), 'volume': 11924300.0}, {'date': Timestamp('2026-01-05 00:00:00'), 'volume': 11299300.0}, {'date': Timestamp('2025-11-03 00:00:00'), 'volume': 10683800.0}, {'date': Timestamp('2025-10-27 00:00:00'), 'volume': 10135000.0}, {'date': Timestamp('2025-09-15 00:00:00'), 'volume': 9494100.0}, {'date': Timestamp('2025-09-08 00:00:00'), 'volume': 7854200.0}, {'date': Timestamp('2025-08-18 00:00:00'), 'volume': 7258300.0}]"
CWK,3198201915.3,weekly,2026-02-09,22544900.0,182,6,6,False,0.4835211735815469,"[{'date': Timestamp('2026-02-09 00:00:00'), 'volume': 22544900.0}, {'date': Timestamp('2025-10-27 00:00:00'), 'volume': 14419300.0}, {'date': Timestamp('2025-09-22 00:00:00'), 'volume': 13107900.0}, {'date': Timestamp('2025-09-15 00:00:00'), 'volume': 11910700.0}, {'date': Timestamp('2025-08-25 00:00:00'), 'volume': 11442700.0}, {'date': Timestamp('2025-08-18 00:00:00'), 'volume': 10470900.0}]"
MNDY,3735762873.088985,weekly,2026-02-09,25147400.0,182,6,6,True,1.0,"[{'date': Timestamp('2026-02-09 00:00:00'), 'volume': 25147400.0}, {'date': Timestamp('2026-02-02 00:00:00'), 'volume': 16596000.0}, {'date': Timestamp('2025-11-10 00:00:00'), 'volume': 14251800.0}, {'date': Timestamp('2025-09-15 00:00:00'), 'volume': 9984700.0}, {'date': Timestamp('2025-08-25 00:00:00'), 'volume': 7024800.0}, {'date': Timestamp('2025-08-18 00:00:00'), 'volume': 6693700.0}]"
NMRK,2710840236.235686,weekly,2026-02-09,10588000.0,182,4,4,False,0.6125542377784206,"[{'date': Timestamp('2026-02-09 00:00:00'), 'volume': 10588000.0}, {'date': Timestamp('2025-09-15 00:00:00'), 'volume': 9524900.0}, {'date': Timestamp('2025-08-25 00:00:00'), 'volume': 7269100.0}, {'date': Timestamp('2025-08-18 00:00:00'), 'volume': 6487400.0}]"
HOG,2651708455.2333074,weekly,2026-02-09,30377400.0,182,9,9,False,0.5279069080393652,"[{'date': Timestamp('2026-02-09 00:00:00'), 'volume': 30377400.0}, {'date': Timestamp('2026-02-07 00:00:00'), 'volume': 20033800.0}, {'date': Timestamp('2025-12-13 00:00:00'), 'volume': 18498500.0}, {'date': Timestamp('2025-12-06 00:00:00'), 'volume': 17380800.0}, {'date': Timestamp('2025-11-15 00:00:00'), 'volume': 15750000.0}, {'date': Timestamp('2025-11-01 00:00:00'), 'volume': 14793500.0}, {'date': Timestamp('2025-09-13 00:00:00'), 'volume': 10925900.0}, {'date': Timestamp('2025-09-06 00:00:00'), 'volume': 8308000.0}, {'date': Timestamp('2025-08-23 00:00:00'), 'volume': 7674300.0}]"
NKTR,2150480755.218442,weekly,2026-02-09,20530300.0,182,6,6,False,0.2679048658015889,"[{'date': Timestamp('2026-02-09 00:00:00'), 'volume': 20530300.0}, {'date': Timestamp('2026-02-07 00:00:00'), 'volume': 13460800.0}, {'date': Timestamp('2025-12-13 00:00:00'), 'volume': 9677200.0}, {'date': Timestamp('2025-09-06 00:00:00'), 'volume': 9452600.0}, {'date': Timestamp('2025-08-30 00:00:00'), 'volume': 6104400.0}, {'date': Timestamp('2025-08-23 00:00:00'), 'volume': 2155000.0}]"
RIG,5705938821.149713,weekly,2026-02-09,638363500.0,182,6,6,True,1.0,"[{'date': Timestamp('2026-02-09 00:00:00'), 'volume': 638363500.0}, {'date': Timestamp('2026-02-07 00:00:00'), 'volume': 433271700.0}, {'date': Timestamp('2025-09-20 00:00:00'), 'volume': 398437000.0}, {'date': Timestamp('2025-09-13 00:00:00'), 'volume': 168585900.0}, {'date': Timestamp('2025-09-06 00:00:00'), 'volume': 116289300.0}, {'date': Timestamp('2025-08-23 00:00:00'), 'volume': 110920100.0}]"
GCMG,2493284591.5004086,weekly,2026-02-09,5406600.0,182,3,3,False,0.3425302357405776,"[{'date': Timestamp('2026-02-09 00:00:00'), 'volume': 5406600.0}, {'date': Timestamp('2025-09-15 00:00:00'), 'volume': 5394600.0}, {'date': Timestamp('2025-08-18 00:00:00'), 'volume': 2639500.0}]"
MORN,5881032979.207911,weekly,2026-02-09,4485900.0,182,7,7,False,0.8877169374468169,"[{'date': Timestamp('2026-02-09 00:00:00'), 'volume': 4485900.0}, {'date': Timestamp('2026-02-02 00:00:00'), 'volume': 4143500.0}, {'date': Timestamp('2025-12-15 00:00:00'), 'volume': 3189800.0}, {'date': Timestamp('2025-09-22 00:00:00'), 'volume': 3025400.0}, {'date': Timestamp('2025-09-15 00:00:00'), 'volume': 2765200.0}, {'date': Timestamp('2025-09-08 00:00:00'), 'volume': 1944000.0}, {'date': Timestamp('2025-08-18 00:00:00'), 'volume': 1880300.0}]"
ICHR,3277503032.852784,weekly,2026-02-09,10788800.0,182,5,5,False,0.78464,"[{'date': Timestamp('2026-02-09 00:00:00'), 'volume': 10788800.0}, {'date': Timestamp('2025-11-03 00:00:00'), 'volume': 8954700.0}, {'date': Timestamp('2025-09-15 00:00:00'), 'volume': 7914200.0}, {'date': Timestamp('2025-09-08 00:00:00'), 'volume': 4338900.0}, {'date': Timestamp('2025-08-18 00:00:00'), 'volume': 3306200.0}]"
CUZ,4929628256.583932,weekly,2026-02-09,19271100.0,182,7,7,True,1.0,"[{'date': Timestamp('2026-02-09 00:00:00'), 'volume': 19271100.0}, {'date': Timestamp('2026-01-31 00:00:00'), 'volume': 12979600.0}, {'date': Timestamp('2025-10-25 00:00:00'), 'volume': 9518400.0}, {'date': Timestamp('2025-09-13 00:00:00'), 'volume': 9083400.0}, {'date': Timestamp('2025-09-06 00:00:00'), 'volume': 8359500.0}, {'date': Timestamp('2025-08-30 00:00:00'), 'volume': 8256400.0}, {'date': Timestamp('2025-08-23 00:00:00'), 'volume': 6998500.0}]"
RXO,4472638977.582156,weekly,2026-02-09,25686300.0,182,4,4,False,0.8684904550341833,"[{'date': Timestamp('2026-02-09 00:00:00'), 'volume': 25686300.0}, {'date': Timestamp('2025-11-10 00:00:00'), 'volume': 18245400.0}, {'date': Timestamp('2025-09-15 00:00:00'), 'volume': 15832500.0}, {'date': Timestamp('2025-08-18 00:00:00'), 'volume': 10906000.0}]"
VAL,5288065866.094918,weekly,2026-02-09,15220500.0,182,4,4,False,0.8544218527209242,"[{'date': Timestamp('2026-02-09 00:00:00'), 'volume': 15220500.0}, {'date': Timestamp('2025-12-15 00:00:00'), 'volume': 8496200.0}, {'date': Timestamp('2025-10-20 00:00:00'), 'volume': 7873600.0}, {'date': Timestamp('2025-08-18 00:00:00'), 'volume': 7196300.0}]"
MBIN,2297229641.0574,weekly,2026-02-09,6837200.0,182,3,3,True,1.0,"[{'date': Timestamp('2026-02-09 00:00:00'), 'volume': 6837200.0}, {'date': Timestamp('2026-01-26 00:00:00'), 'volume': 1454300.0}, {'date': Timestamp('2025-08-18 00:00:00'), 'volume': 1220900.0}]"
LSTR,7098120902.515418,weekly,2026-02-09,5534900.0,182,5,5,True,1.0,"[{'date': Timestamp('2026-02-09 00:00:00'), 'volume': 5534900.0}, {'date': Timestamp('2025-10-25 00:00:00'), 'volume': 3167400.0}, {'date': Timestamp('2025-10-04 00:00:00'), 'volume': 2803500.0}, {'date': Timestamp('2025-09-20 00:00:00'), 'volume': 2221400.0}, {'date': Timestamp('2025-08-23 00:00:00'), 'volume': 2162100.0}]"
PAGP,4702202243.005526,weekly,2026-02-02,13965700.0,189,8,8,False,0.3420157468745025,"[{'date': Timestamp('2026-02-02 00:00:00'), 'volume': 13965700.0}, {'date': Timestamp('2026-01-26 00:00:00'), 'volume': 11178200.0}, {'date': Timestamp('2026-01-05 00:00:00'), 'volume': 9778500.0}, {'date': Timestamp('2025-11-03 00:00:00'), 'volume': 9093200.0}, {'date': Timestamp('2025-10-20 00:00:00'), 'volume': 8081000.0}, {'date': Timestamp('2025-10-06 00:00:00'), 'volume': 7667100.0}, {'date': Timestamp('2025-08-25 00:00:00'), 'volume': 6445200.0}, {'date': Timestamp('2025-08-18 00:00:00'), 'volume': 6206000.0}]"
ENPH,6270959079.627197,weekly,2026-02-02,90344700.0,189,3,3,False,0.7801962738368909,"[{'date': Timestamp('2026-02-02 00:00:00'), 'volume': 90344700.0}, {'date': Timestamp('2025-09-15 00:00:00'), 'volume': 71916900.0}, {'date': Timestamp('2025-08-18 00:00:00'), 'volume': 45079300.0}]"
ALGT,3120266199.025897,weekly,2026-02-02,4940400.0,189,6,6,True,1.0,"[{'date': Timestamp('2026-02-02 00:00:00'), 'volume': 4940400.0}, {'date': Timestamp('2026-01-12 00:00:00'), 'volume': 4395100.0}, {'date': Timestamp('2025-11-03 00:00:00'), 'volume': 2624700.0}, {'date': Timestamp('2025-09-15 00:00:00'), 'volume': 2247700.0}, {'date': Timestamp('2025-09-08 00:00:00'), 'volume': 1946900.0}, {'date': Timestamp('2025-08-18 00:00:00'), 'volume': 1904500.0}]"
OBDC,5370025127.044945,weekly,2026-02-02,59060800.0,189,7,7,True,1.0,"[{'date': Timestamp('2026-02-02 00:00:00'), 'volume': 59060800.0}, {'date': Timestamp('2025-11-17 00:00:00'), 'volume': 53294200.0}, {'date': Timestamp('2025-10-13 00:00:00'), 'volume': 32294500.0}, {'date': Timestamp('2025-10-06 00:00:00'), 'volume': 31801200.0}, {'date': Timestamp('2025-09-29 00:00:00'), 'volume': 28303900.0}, {'date': Timestamp('2025-09-15 00:00:00'), 'volume': 26175900.0}, {'date': Timestamp('2025-08-18 00:00:00'), 'volume': 13320900.0}]"
STVN,4870385785.848831,weekly,2026-02-02,6226500.0,189,6,6,False,0.4965865407621265,"[{'date': Timestamp('2026-02-02 00:00:00'), 'volume': 6226500.0}, {'date': Timestamp('2026-01-19 00:00:00'), 'volume': 5643500.0}, {'date': Timestamp('2025-09-08 00:00:00'), 'volume': 2986700.0}, {'date': Timestamp('2025-09-01 00:00:00'), 'volume': 2252400.0}, {'date': Timestamp('2025-08-25 00:00:00'), 'volume': 1416300.0}, {'date': Timestamp('2025-08-18 00:00:00'), 'volume': 1376800.0}]"
NVST,4387144637.381381,weekly,2026-02-02,31063600.0,189,4,4,False,0.5031887062939895,"[{'date': Timestamp('2026-02-02 00:00:00'), 'volume': 31063600.0}, {'date': Timestamp('2025-10-27 00:00:00'), 'volume': 15975900.0}, {'date': Timestamp('2025-09-15 00:00:00'), 'volume': 12309300.0}, {'date': Timestamp('2025-08-18 00:00:00'), 'volume': 7611100.0}]"
CVCO,4765566555.363832,weekly,2026-02-02,1655700.0,189,4,4,True,1.0,"[{'date': Timestamp('2026-02-02 00:00:00'), 'volume': 1655700.0}, {'date': Timestamp('2026-01-26 00:00:00'), 'volume': 1519000.0}, {'date': Timestamp('2025-09-15 00:00:00'), 'volume': 1314700.0}, {'date': Timestamp('2025-08-18 00:00:00'), 'volume': 913800.0}]"
ENVA,5749406783.575029,weekly,2026-02-02,3080800.0,189,5,5,False,0.7169820102864856,"[{'date': Timestamp('2026-02-02 00:00:00'), 'volume': 3080800.0}, {'date': Timestamp('2025-09-15 00:00:00'), 'volume': 2537300.0}, {'date': Timestamp('2025-09-08 00:00:00'), 'volume': 1335300.0}, {'date': Timestamp('2025-08-25 00:00:00'), 'volume': 1279100.0}, {'date': Timestamp('2025-08-18 00:00:00'), 'volume': 968300.0}]"
RAL,8078215625.885911,weekly,2026-02-02,21577700.0,189,6,6,False,0.4920270803357451,"[{'date': Timestamp('2026-02-02 00:00:00'), 'volume': 21577700.0}, {'date': Timestamp('2025-12-15 00:00:00'), 'volume': 8586600.0}, {'date': Timestamp('2025-11-10 00:00:00'), 'volume': 8432600.0}, {'date': Timestamp('2025-11-03 00:00:00'), 'volume': 7834100.0}, {'date': Timestamp('2025-09-15 00:00:00'), 'volume': 7196700.0}, {'date': Timestamp('2025-08-18 00:00:00'), 'volume': 6723600.0}]"
PI,4036755961.5072217,weekly,2026-02-02,6697400.0,189,8,8,False,0.6017592567634348,"[{'date': Timestamp('2026-02-02 00:00:00'), 'volume': 6697400.0}, {'date': Timestamp('2025-12-15 00:00:00'), 'volume': 4621700.0}, {'date': Timestamp('2025-12-01 00:00:00'), 'volume': 3884600.0}, {'date': Timestamp('2025-10-20 00:00:00'), 'volume': 3587100.0}, {'date': Timestamp('2025-09-08 00:00:00'), 'volume': 3533500.0}, {'date': Timestamp('2025-09-01 00:00:00'), 'volume': 2774600.0}, {'date': Timestamp('2025-08-25 00:00:00'), 'volume': 2202500.0}, {'date': Timestamp('2025-08-18 00:00:00'), 'volume': 1793500.0}]"
HTH,2337696064.3593,weekly,2026-02-02,3071600.0,189,5,5,False,0.1349714818037209,"[{'date': Timestamp('2026-02-02 00:00:00'), 'volume': 3071600.0}, {'date': Timestamp('2026-01-26 00:00:00'), 'volume': 2620900.0}, {'date': Timestamp('2025-12-15 00:00:00'), 'volume': 2605800.0}, {'date': Timestamp('2025-08-25 00:00:00'), 'volume': 2536400.0}, {'date': Timestamp('2025-08-18 00:00:00'), 'volume': 2151900.0}]"
PCTY,5694410945.26672,weekly,2026-02-02,7296200.0,189,5,5,False,0.5628437642230639,"[{'date': Timestamp('2026-02-02 00:00:00'), 'volume': 7296200.0}, {'date': Timestamp('2025-11-03 00:00:00'), 'volume': 5989100.0}, {'date': Timestamp('2025-09-29 00:00:00'), 'volume': 3708900.0}, {'date': Timestamp('2025-09-08 00:00:00'), 'volume': 2967600.0}, {'date': Timestamp('2025-08-18 00:00:00'), 'volume': 2438000.0}]"
CCC,2940572014.3496656,weekly,2026-02-02,134895500.0,189,6,6,True,1.0,"[{'date': Timestamp('2026-02-02 00:00:00'), 'volume': 134895500.0}, {'date': Timestamp('2025-11-03 00:00:00'), 'volume': 68423600.0}, {'date': Timestamp('2025-10-27 00:00:00'), 'volume': 39675000.0}, {'date': Timestamp('2025-09-15 00:00:00'), 'volume': 34785700.0}, {'date': Timestamp('2025-08-25 00:00:00'), 'volume': 30126800.0}, {'date': Timestamp('2025-08-18 00:00:00'), 'volume': 26156500.0}]"
CPRI,2224748724.216331,weekly,2026-02-02,34051900.0,189,3,3,False,0.4651987879549609,"[{'date': Timestamp('2026-02-02 00:00:00'), 'volume': 34051900.0}, {'date': Timestamp('2025-09-08 00:00:00'), 'volume': 18955000.0}, {'date': Timestamp('2025-08-18 00:00:00'), 'volume': 12280700.0}]"
PFSI,4469693259.911743,weekly,2026-02-02,9729600.0,189,5,5,False,0.8363289409216328,"[{'date': Timestamp('2026-02-02 00:00:00'), 'volume': 9729600.0}, {'date': Timestamp('2026-01-26 00:00:00'), 'volume': 8017500.0}, {'date': Timestamp('2025-10-20 00:00:00'), 'volume': 3044000.0}, {'date': Timestamp('2025-09-08 00:00:00'), 'volume': 2679700.0}, {'date': Timestamp('2025-08-18 00:00:00'), 'volume': 1996100.0}]"
ESAB,6125308829.660899,weekly,2026-02-02,5591000.0,189,3,3,False,0.7427432746595816,"[{'date': Timestamp('2026-02-02 00:00:00'), 'volume': 5591000.0}, {'date': Timestamp('2025-09-15 00:00:00'), 'volume': 3516300.0}, {'date': Timestamp('2025-08-18 00:00:00'), 'volume': 2885800.0}]"
BILL,3537675801.289395,weekly,2026-02-02,41804200.0,189,3,3,True,1.0,"[{'date': Timestamp('2026-02-02 00:00:00'), 'volume': 41804200.0}, {'date': Timestamp('2025-08-25 00:00:00'), 'volume': 37324200.0}, {'date': Timestamp('2025-08-18 00:00:00'), 'volume': 18970300.0}]"
BXSL,5581321093.516694,weekly,2026-02-02,18169100.0,189,4,4,False,0.980417655946471,"[{'date': Timestamp('2026-02-02 00:00:00'), 'volume': 18169100.0}, {'date': Timestamp('2025-09-15 00:00:00'), 'volume': 17700800.0}, {'date': Timestamp('2025-09-08 00:00:00'), 'volume': 8592600.0}, {'date': Timestamp('2025-08-18 00:00:00'), 'volume': 5116300.0}]"
SLAB,7203889671.577426,weekly,2026-02-02,13789700.0,189,3,3,True,1.0,"[{'date': Timestamp('2026-02-02 00:00:00'), 'volume': 13789700.0}, {'date': Timestamp('2025-11-03 00:00:00'), 'volume': 2053000.0}, {'date': Timestamp('2025-08-18 00:00:00'), 'volume': 1425100.0}]"
TENB,3332419309.1676383,weekly,2026-02-02,26071200.0,189,4,4,True,1.0,"[{'date': Timestamp('2026-02-02 00:00:00'), 'volume': 26071200.0}, {'date': Timestamp('2025-12-15 00:00:00'), 'volume': 13134400.0}, {'date': Timestamp('2025-08-25 00:00:00'), 'volume': 8400500.0}, {'date': Timestamp('2025-08-18 00:00:00'), 'volume': 5435000.0}]"
ADT,4696329550.628572,weekly,2026-02-02,174245000.0,189,4,4,False,0.7356709976449408,"[{'date': Timestamp('2026-02-02 00:00:00'), 'volume': 174245000.0}, {'date': Timestamp('2025-09-15 00:00:00'), 'volume': 59638600.0}, {'date': Timestamp('2025-09-01 00:00:00'), 'volume': 53128300.0}, {'date': Timestamp('2025-08-18 00:00:00'), 'volume': 43726800.0}]"
PTON,2476713718.087566,weekly,2026-02-02,163510000.0,189,4,4,False,0.3310085872749456,"[{'date': Timestamp('2026-02-02 00:00:00'), 'volume': 163510000.0}, {'date': Timestamp('2025-09-29 00:00:00'), 'volume': 107214800.0}, {'date': Timestamp('2025-09-15 00:00:00'), 'volume': 60765100.0}, {'date': Timestamp('2025-08-18 00:00:00'), 'volume': 52898500.0}]"
MMYT,5064010849.286016,weekly,2026-02-02,17408100.0,189,5,5,False,0.7046244763311813,"[{'date': Timestamp('2026-02-02 00:00:00'), 'volume': 17408100.0}, {'date': Timestamp('2025-10-27 00:00:00'), 'volume': 14032100.0}, {'date': Timestamp('2025-09-15 00:00:00'), 'volume': 6773800.0}, {'date': Timestamp('2025-09-08 00:00:00'), 'volume': 3779600.0}, {'date': Timestamp('2025-08-18 00:00:00'), 'volume': 3464500.0}]"
GBDC,3279634193.345968,weekly,2026-02-02,23998000.0,189,5,5,True,1.0,"[{'date': Timestamp('2026-02-02 00:00:00'), 'volume': 23998000.0}, {'date': Timestamp('2025-09-29 00:00:00'), 'volume': 12727900.0}, {'date': Timestamp('2025-09-22 00:00:00'), 'volume': 8556400.0}, {'date': Timestamp('2025-09-15 00:00:00'), 'volume': 7820700.0}, {'date': Timestamp('2025-08-18 00:00:00'), 'volume': 5526100.0}]"
THG,7438540460.668434,weekly,2026-01-31,2718200.0,191,7,7,True,1.0,"[{'date': Timestamp('2026-01-31 00:00:00'), 'volume': 2718200.0}, {'date': Timestamp('2026-01-24 00:00:00'), 'volume': 2622600.0}, {'date': Timestamp('2026-01-10 00:00:00'), 'volume': 2301800.0}, {'date': Timestamp('2025-12-13 00:00:00'), 'volume': 2114300.0}, {'date': Timestamp('2025-09-13 00:00:00'), 'volume': 1808100.0}, {'date': Timestamp('2025-09-06 00:00:00'), 'volume': 1031100.0}, {'date': Timestamp('2025-08-23 00:00:00'), 'volume': 898600.0}]"
SHOO,3158752420.6784,weekly,2026-01-31,14932600.0,191,5,5,False,0.9727000918465056,"[{'date': Timestamp('2026-01-31 00:00:00'), 'volume': 14932600.0}, {'date': Timestamp('2025-11-01 00:00:00'), 'volume': 12187900.0}, {'date': Timestamp('2025-09-13 00:00:00'), 'volume': 10589100.0}, {'date': Timestamp('2025-09-06 00:00:00'), 'volume': 8325600.0}, {'date': Timestamp('2025-08-23 00:00:00'), 'volume': 6627600.0}]"
HP,3377666077.700676,weekly,2026-01-31,12776100.0,191,3,3,False,0.2792736668153083,"[{'date': Timestamp('2026-01-31 00:00:00'), 'volume': 12776100.0}, {'date': Timestamp('2025-11-15 00:00:00'), 'volume': 12690800.0}, {'date': Timestamp('2025-08-23 00:00:00'), 'volume': 9994100.0}]"
GPK,3257720119.597617,weekly,2026-01-31,74326500.0,191,7,7,False,0.9658110440034512,"[{'date': Timestamp('2026-01-31 00:00:00'), 'volume': 74326500.0}, {'date': Timestamp('2025-12-06 00:00:00'), 'volume': 43491500.0}, {'date': Timestamp('2025-11-01 00:00:00'), 'volume': 38843300.0}, {'date': Timestamp('2025-10-25 00:00:00'), 'volume': 34608100.0}, {'date': Timestamp('2025-09-13 00:00:00'), 'volume': 25659000.0}, {'date': Timestamp('2025-08-30 00:00:00'), 'volume': 19656900.0}, {'date': Timestamp('2025-08-23 00:00:00'), 'volume': 15110500.0}]"
SKY,4875709445.003564,weekly,2026-01-31,6670000.0,191,5,5,False,0.4042693755341265,"[{'date': Timestamp('2026-01-31 00:00:00'), 'volume': 6670000.0}, {'date': Timestamp('2025-11-01 00:00:00'), 'volume': 6473600.0}, {'date': Timestamp('2025-09-13 00:00:00'), 'volume': 5385600.0}, {'date': Timestamp('2025-08-30 00:00:00'), 'volume': 3052400.0}, {'date': Timestamp('2025-08-23 00:00:00'), 'volume': 3003900.0}]"
ARLP,3149567419.9918137,weekly,2026-01-31,3402900.0,191,2,2,False,0.432905885046943,"[{'date': Timestamp('2026-01-31 00:00:00'), 'volume': 3402900.0}, {'date': Timestamp('2025-08-23 00:00:00'), 'volume': 2598800.0}]"
CRUS,7391323369.064165,weekly,2026-01-31,6069100.0,191,5,5,False,0.4241219304253029,"[{'date': Timestamp('2026-01-31 00:00:00'), 'volume': 6069100.0}, {'date': Timestamp('2025-11-01 00:00:00'), 'volume': 4689000.0}, {'date': Timestamp('2025-09-13 00:00:00'), 'volume': 3532000.0}, {'date': Timestamp('2025-09-06 00:00:00'), 'volume': 3089500.0}, {'date': Timestamp('2025-08-23 00:00:00'), 'volume': 2838000.0}]"
COLM,3299092577.6639533,weekly,2026-01-31,8109900.0,191,4,4,True,1.0,"[{'date': Timestamp('2026-01-31 00:00:00'), 'volume': 8109900.0}, {'date': Timestamp('2025-10-25 00:00:00'), 'volume': 5098400.0}, {'date': Timestamp('2025-09-13 00:00:00'), 'volume': 4754600.0}, {'date': Timestamp('2025-08-23 00:00:00'), 'volume': 3489000.0}]"
KMT,2726797225.2028465,weekly,2026-01-31,12445500.0,191,4,4,False,0.5662502047427521,"[{'date': Timestamp('2026-01-31 00:00:00'), 'volume': 12445500.0}, {'date': Timestamp('2025-11-01 00:00:00'), 'volume': 7677500.0}, {'date': Timestamp('2025-09-13 00:00:00'), 'volume': 5708800.0}, {'date': Timestamp('2025-08-23 00:00:00'), 'volume': 4130400.0}]"
RHI,3351137917.926221,weekly,2026-01-31,23920700.0,191,6,6,False,0.6973395757780706,"[{'date': Timestamp('2026-01-31 00:00:00'), 'volume': 23920700.0}, {'date': Timestamp('2026-01-24 00:00:00'), 'volume': 22746800.0}, {'date': Timestamp('2025-10-18 00:00:00'), 'volume': 19127900.0}, {'date': Timestamp('2025-09-20 00:00:00'), 'volume': 9921000.0}, {'date': Timestamp('2025-09-13 00:00:00'), 'volume': 9491700.0}, {'date': Timestamp('2025-08-23 00:00:00'), 'volume': 8803700.0}]"
SPB,2029269259.1634483,weekly,2026-01-31,2931100.0,191,4,4,False,0.2814036098310292,"[{'date': Timestamp('2026-01-31 00:00:00'), 'volume': 2931100.0}, {'date': Timestamp('2025-11-08 00:00:00'), 'volume': 2655300.0}, {'date': Timestamp('2025-09-13 00:00:00'), 'volume': 2613300.0}, {'date': Timestamp('2025-08-23 00:00:00'), 'volume': 2338700.0}]"
IT,9035826748.590384,weekly,2026-01-31,19296200.0,191,4,4,True,1.0,"[{'date': Timestamp('2026-01-31 00:00:00'), 'volume': 19296200.0}, {'date': Timestamp('2025-09-13 00:00:00'), 'volume': 12488600.0}, {'date': Timestamp('2025-09-06 00:00:00'), 'volume': 7300800.0}, {'date': Timestamp('2025-08-23 00:00:00'), 'volume': 6582400.0}]"
MRCY,6567534117.047457,weekly,2026-01-31,6223500.0,191,4,4,False,0.310216431227507,"[{'date': Timestamp('2026-01-31 00:00:00'), 'volume': 6223500.0}, {'date': Timestamp('2025-09-13 00:00:00'), 'volume': 4625300.0}, {'date': Timestamp('2025-09-06 00:00:00'), 'volume': 3002800.0}, {'date': Timestamp('2025-08-23 00:00:00'), 'volume': 2273000.0}]"
CRVL,3193037679.629816,weekly,2026-01-31,1935800.0,191,4,4,True,1.0,"[{'date': Timestamp('2026-01-31 00:00:00'), 'volume': 1935800.0}, {'date': Timestamp('2025-09-13 00:00:00'), 'volume': 1725000.0}, {'date': Timestamp('2025-09-06 00:00:00'), 'volume': 1157700.0}, {'date': Timestamp('2025-08-23 00:00:00'), 'volume': 621300.0}]"
TEX,8200701982.668544,weekly,2026-01-31,23716200.0,191,4,4,True,1.0,"[{'date': Timestamp('2026-01-31 00:00:00'), 'volume': 23716200.0}, {'date': Timestamp('2025-10-25 00:00:00'), 'volume': 13101500.0}, {'date': Timestamp('2025-09-13 00:00:00'), 'volume': 4706100.0}, {'date': Timestamp('2025-08-23 00:00:00'), 'volume': 4012600.0}]"
TKR,9814013881.317688,weekly,2026-01-31,7628300.0,191,5,5,True,1.0,"[{'date': Timestamp('2026-01-31 00:00:00'), 'volume': 7628300.0}, {'date': Timestamp('2025-10-25 00:00:00'), 'volume': 4567100.0}, {'date': Timestamp('2025-09-13 00:00:00'), 'volume': 4249000.0}, {'date': Timestamp('2025-09-06 00:00:00'), 'volume': 3679800.0}, {'date': Timestamp('2025-08-23 00:00:00'), 'volume': 3652500.0}]"
FDS,8442549791.893699,weekly,2026-01-31,8389800.0,191,4,4,True,1.0,"[{'date': Timestamp('2026-01-31 00:00:00'), 'volume': 8389800.0}, {'date': Timestamp('2025-09-13 00:00:00'), 'volume': 6954700.0}, {'date': Timestamp('2025-09-06 00:00:00'), 'volume': 2236500.0}, {'date': Timestamp('2025-08-23 00:00:00'), 'volume': 1975400.0}]"
SIRI,9543175209.742435,weekly,2026-01-31,60212500.0,191,4,4,True,1.0,"[{'date': Timestamp('2026-01-31 00:00:00'), 'volume': 60212500.0}, {'date': Timestamp('2025-10-25 00:00:00'), 'volume': 29981200.0}, {'date': Timestamp('2025-09-27 00:00:00'), 'volume': 18116800.0}, {'date': Timestamp('2025-08-23 00:00:00'), 'volume': 17361700.0}]"
AMRX,5496762163.554273,weekly,2026-01-26,50214300.0,196,6,6,True,1.0,"[{'date': Timestamp('2026-01-26 00:00:00'), 'volume': 50214300.0}, {'date': Timestamp('2025-12-15 00:00:00'), 'volume': 12580700.0}, {'date': Timestamp('2025-11-03 00:00:00'), 'volume': 11578900.0}, {'date': Timestamp('2025-09-15 00:00:00'), 'volume': 10038700.0}, {'date': Timestamp('2025-09-08 00:00:00'), 'volume': 8830100.0}, {'date': Timestamp('2025-08-18 00:00:00'), 'volume': 7295600.0}]"
AUGO,5369213974.861442,weekly,2026-01-26,8008700.0,196,10,10,True,1.0,"[{'date': Timestamp('2026-01-26 00:00:00'), 'volume': 8008700.0}, {'date': Timestamp('2025-12-15 00:00:00'), 'volume': 4279200.0}, {'date': Timestamp('2025-10-20 00:00:00'), 'volume': 4009400.0}, {'date': Timestamp('2025-10-13 00:00:00'), 'volume': 3047900.0}, {'date': Timestamp('2025-09-22 00:00:00'), 'volume': 2653000.0}, {'date': Timestamp('2025-09-15 00:00:00'), 'volume': 1451500.0}, {'date': Timestamp('2025-09-08 00:00:00'), 'volume': 1291300.0}, {'date': Timestamp('2025-09-01 00:00:00'), 'volume': 1277500.0}, {'date': Timestamp('2025-08-25 00:00:00'), 'volume': 697600.0}, {'date': Timestamp('2025-08-18 00:00:00'), 'volume': 457100.0}]"
CSW,4612049074.184705,weekly,2026-01-26,1341700.0,196,6,6,False,0.3247174423388755,"[{'date': Timestamp('2026-01-26 00:00:00'), 'volume': 1341700.0}, {'date': Timestamp('2025-12-15 00:00:00'), 'volume': 1250900.0}, {'date': Timestamp('2025-12-01 00:00:00'), 'volume': 1034200.0}, {'date': Timestamp('2025-10-27 00:00:00'), 'volume': 930000.0}, {'date': Timestamp('2025-09-15 00:00:00'), 'volume': 898500.0}, {'date': Timestamp('2025-08-18 00:00:00'), 'volume': 788900.0}]"
CVLT,5800693304.913543,weekly,2026-01-26,13422600.0,196,5,5,True,1.0,"[{'date': Timestamp('2026-01-26 00:00:00'), 'volume': 13422600.0}, {'date': Timestamp('2025-10-27 00:00:00'), 'volume': 9157300.0}, {'date': Timestamp('2025-09-15 00:00:00'), 'volume': 6214000.0}, {'date': Timestamp('2025-09-01 00:00:00'), 'volume': 4975900.0}, {'date': Timestamp('2025-08-18 00:00:00'), 'volume': 1784500.0}]"
APPF,5503260360.23622,weekly,2026-01-26,2934600.0,196,6,6,False,0.5486669408817261,"[{'date': Timestamp('2026-01-26 00:00:00'), 'volume': 2934600.0}, {'date': Timestamp('2025-10-27 00:00:00'), 'volume': 2248200.0}, {'date': Timestamp('2025-10-13 00:00:00'), 'volume': 1773200.0}, {'date': Timestamp('2025-09-29 00:00:00'), 'volume': 1596600.0}, {'date': Timestamp('2025-08-25 00:00:00'), 'volume': 1335700.0}, {'date': Timestamp('2025-08-18 00:00:00'), 'volume': 1333800.0}]"
USAR,4677919396.615682,weekly,2026-01-26,280634000.0,196,7,7,True,1.0,"[{'date': Timestamp('2026-01-26 00:00:00'), 'volume': 280634000.0}, {'date': Timestamp('2025-10-13 00:00:00'), 'volume': 174151700.0}, {'date': Timestamp('2025-10-06 00:00:00'), 'volume': 133448500.0}, {'date': Timestamp('2025-09-29 00:00:00'), 'volume': 85590400.0}, {'date': Timestamp('2025-09-22 00:00:00'), 'volume': 42177000.0}, {'date': Timestamp('2025-09-15 00:00:00'), 'volume': 37832200.0}, {'date': Timestamp('2025-08-18 00:00:00'), 'volume': 31502600.0}]"
XP,8339460366.629909,weekly,2026-01-26,57443200.0,196,4,4,False,0.6451805652428334,"[{'date': Timestamp('2026-01-26 00:00:00'), 'volume': 57443200.0}, {'date': Timestamp('2025-12-01 00:00:00'), 'volume': 52216500.0}, {'date': Timestamp('2025-11-17 00:00:00'), 'volume': 47510900.0}, {'date': Timestamp('2025-08-18 00:00:00'), 'volume': 46494700.0}]"
TTAM,3561882828.304664,weekly,2026-01-26,4837700.0,196,4,4,False,0.4965614222368205,"[{'date': Timestamp('2026-01-26 00:00:00'), 'volume': 4837700.0}, {'date': Timestamp('2025-12-01 00:00:00'), 'volume': 1966200.0}, {'date': Timestamp('2025-09-01 00:00:00'), 'volume': 1849800.0}, {'date': Timestamp('2025-08-18 00:00:00'), 'volume': 1326400.0}]"
SARO,9355761103.858942,weekly,2026-01-26,50856700.0,196,5,5,True,1.0,"[{'date': Timestamp('2026-01-26 00:00:00'), 'volume': 50856700.0}, {'date': Timestamp('2026-01-19 00:00:00'), 'volume': 35782100.0}, {'date': Timestamp('2025-09-29 00:00:00'), 'volume': 14373700.0}, {'date': Timestamp('2025-09-15 00:00:00'), 'volume': 9479400.0}, {'date': Timestamp('2025-08-18 00:00:00'), 'volume': 8491900.0}]"
PB,7499554509.045517,weekly,2026-01-24,11777600.0,198,4,4,True,1.0,"[{'date': Timestamp('2026-01-24 00:00:00'), 'volume': 11777600.0}, {'date': Timestamp('2025-10-25 00:00:00'), 'volume': 7887900.0}, {'date': Timestamp('2025-09-13 00:00:00'), 'volume': 6562700.0}, {'date': Timestamp('2025-08-23 00:00:00'), 'volume': 6297900.0}]"
RYN,6626229650.048447,weekly,2026-01-24,31354900.0,198,6,6,True,1.0,"[{'date': Timestamp('2026-01-24 00:00:00'), 'volume': 31354900.0}, {'date': Timestamp('2025-12-13 00:00:00'), 'volume': 11047000.0}, {'date': Timestamp('2025-11-01 00:00:00'), 'volume': 10616800.0}, {'date': Timestamp('2025-10-11 00:00:00'), 'volume': 9484600.0}, {'date': Timestamp('2025-09-13 00:00:00'), 'volume': 7976400.0}, {'date': Timestamp('2025-08-23 00:00:00'), 'volume': 4878500.0}]"
CNX,4772039538.321333,weekly,2026-01-24,16704900.0,198,5,5,False,0.2715519763835335,"[{'date': Timestamp('2026-01-24 00:00:00'), 'volume': 16704900.0}, {'date': Timestamp('2025-12-13 00:00:00'), 'volume': 16216500.0}, {'date': Timestamp('2025-09-13 00:00:00'), 'volume': 14324100.0}, {'date': Timestamp('2025-09-06 00:00:00'), 'volume': 7089400.0}, {'date': Timestamp('2025-08-23 00:00:00'), 'volume': 6436100.0}]"
AB,3353048375.050923,weekly,2026-01-24,4326600.0,198,7,7,False,0.5083419494313375,"[{'date': Timestamp('2026-01-24 00:00:00'), 'volume': 4326600.0}, {'date': Timestamp('2026-01-10 00:00:00'), 'volume': 1636900.0}, {'date': Timestamp('2025-12-06 00:00:00'), 'volume': 1599200.0}, {'date': Timestamp('2025-11-15 00:00:00'), 'volume': 1218200.0}, {'date': Timestamp('2025-09-06 00:00:00'), 'volume': 1141400.0}, {'date': Timestamp('2025-08-30 00:00:00'), 'volume': 760100.0}, {'date': Timestamp('2025-08-23 00:00:00'), 'volume': 664000.0}]"
SM,6314980945.717195,weekly,2026-01-24,58394600.0,198,7,7,False,0.5232955253198984,"[{'date': Timestamp('2026-01-24 00:00:00'), 'volume': 58394600.0}, {'date': Timestamp('2025-11-01 00:00:00'), 'volume': 26772000.0}, {'date': Timestamp('2025-10-04 00:00:00'), 'volume': 14944000.0}, {'date': Timestamp('2025-09-27 00:00:00'), 'volume': 13091300.0}, {'date': Timestamp('2025-09-13 00:00:00'), 'volume': 12641600.0}, {'date': Timestamp('2025-09-06 00:00:00'), 'volume': 8208100.0}, {'date': Timestamp('2025-08-23 00:00:00'), 'volume': 7519200.0}]"
AVT,7084419457.85398,weekly,2026-01-24,13234100.0,198,3,3,True,1.0,"[{'date': Timestamp('2026-01-24 00:00:00'), 'volume': 13234100.0}, {'date': Timestamp('2025-08-30 00:00:00'), 'volume': 10453400.0}, {'date': Timestamp('2025-08-23 00:00:00'), 'volume': 3141600.0}]"
SMG,4067499405.031012,weekly,2026-01-24,7535400.0,198,7,7,False,0.5176016430489824,"[{'date': Timestamp('2026-01-24 00:00:00'), 'volume': 7535400.0}, {'date': Timestamp('2025-12-13 00:00:00'), 'volume': 5807600.0}, {'date': Timestamp('2025-11-01 00:00:00'), 'volume': 5742600.0}, {'date': Timestamp('2025-10-04 00:00:00'), 'volume': 4059500.0}, {'date': Timestamp('2025-09-27 00:00:00'), 'volume': 4041700.0}, {'date': Timestamp('2025-08-30 00:00:00'), 'volume': 3553100.0}, {'date': Timestamp('2025-08-23 00:00:00'), 'volume': 3444100.0}]"
UGI,7595969556.836178,weekly,2026-01-24,23181700.0,198,4,4,False,0.6946805992154701,"[{'date': Timestamp('2026-01-24 00:00:00'), 'volume': 23181700.0}, {'date': Timestamp('2025-09-13 00:00:00'), 'volume': 14801600.0}, {'date': Timestamp('2025-09-06 00:00:00'), 'volume': 7584500.0}, {'date': Timestamp('2025-08-23 00:00:00'), 'volume': 6586000.0}]"
FFBC,3544514455.1896086,weekly,2026-01-24,8474000.0,198,7,7,True,1.0,"[{'date': Timestamp('2026-01-24 00:00:00'), 'volume': 8474000.0}, {'date': Timestamp('2026-01-10 00:00:00'), 'volume': 6086100.0}, {'date': Timestamp('2025-12-13 00:00:00'), 'volume': 5571100.0}, {'date': Timestamp('2025-12-06 00:00:00'), 'volume': 4197700.0}, {'date': Timestamp('2025-09-13 00:00:00'), 'volume': 4067900.0}, {'date': Timestamp('2025-09-06 00:00:00'), 'volume': 2692600.0}, {'date': Timestamp('2025-08-23 00:00:00'), 'volume': 2215200.0}]"
CEF,7360094600.0,weekly,2026-01-24,28483800.0,198,9,9,True,1.0,"[{'date': Timestamp('2026-01-24 00:00:00'), 'volume': 28483800.0}, {'date': Timestamp('2026-01-10 00:00:00'), 'volume': 10663100.0}, {'date': Timestamp('2026-01-03 00:00:00'), 'volume': 9048200.0}, {'date': Timestamp('2025-11-08 00:00:00'), 'volume': 8538500.0}, {'date': Timestamp('2025-10-11 00:00:00'), 'volume': 8252900.0}, {'date': Timestamp('2025-10-04 00:00:00'), 'volume': 8016900.0}, {'date': Timestamp('2025-09-20 00:00:00'), 'volume': 6523000.0}, {'date': Timestamp('2025-08-30 00:00:00'), 'volume': 4650100.0}, {'date': Timestamp('2025-08-23 00:00:00'), 'volume': 3030000.0}]"
WT,2630589743.939919,weekly,2026-01-24,35867100.0,198,4,4,False,0.986395062950679,"[{'date': Timestamp('2026-01-24 00:00:00'), 'volume': 35867100.0}, {'date': Timestamp('2026-01-03 00:00:00'), 'volume': 24344400.0}, {'date': Timestamp('2025-10-25 00:00:00'), 'volume': 23623400.0}, {'date': Timestamp('2025-08-23 00:00:00'), 'volume': 14996500.0}]"
HXL,7280231832.144268,weekly,2026-01-24,10730500.0,198,5,5,False,0.4640095824540768,"[{'date': Timestamp('2026-01-24 00:00:00'), 'volume': 10730500.0}, {'date': Timestamp('2025-10-18 00:00:00'), 'volume': 10605000.0}, {'date': Timestamp('2025-09-13 00:00:00'), 'volume': 5132600.0}, {'date': Timestamp('2025-09-06 00:00:00'), 'volume': 4544400.0}, {'date': Timestamp('2025-08-23 00:00:00'), 'volume': 3774700.0}]"
NZF,2439048110.0,weekly,2026-01-19,4770800.0,203,7,7,False,0.8245562488117666,"[{'date': Timestamp('2026-01-19 00:00:00'), 'volume': 4770800.0}, {'date': Timestamp('2026-01-12 00:00:00'), 'volume': 3337000.0}, {'date': Timestamp('2025-12-15 00:00:00'), 'volume': 3333500.0}, {'date': Timestamp('2025-12-01 00:00:00'), 'volume': 3285800.0}, {'date': Timestamp('2025-09-08 00:00:00'), 'volume': 3090800.0}, {'date': Timestamp('2025-08-25 00:00:00'), 'volume': 2782800.0}, {'date': Timestamp('2025-08-18 00:00:00'), 'volume': 2322100.0}]"
UA,2622842931.1544995,weekly,2026-01-19,47317528.0,203,3,3,False,0.6333498496545399,"[{'date': Timestamp('2026-01-19 00:00:00'), 'volume': 47317528.0}, {'date': Timestamp('2025-12-15 00:00:00'), 'volume': 44479176.0}, {'date': Timestamp('2025-08-18 00:00:00'), 'volume': 37920085.0}]"
QGEN,8121405721.399845,weekly,2026-01-17,32280100.0,205,3,3,False,0.816930616941155,"[{'date': Timestamp('2026-01-17 00:00:00'), 'volume': 32280100.0}, {'date': Timestamp('2025-11-01 00:00:00'), 'volume': 10120900.0}, {'date': Timestamp('2025-08-23 00:00:00'), 'volume': 9996300.0}]"
OZK,5910936466.909091,weekly,2026-01-17,12053300.0,205,4,4,False,0.6238154632825964,"[{'date': Timestamp('2026-01-17 00:00:00'), 'volume': 12053300.0}, {'date': Timestamp('2025-10-11 00:00:00'), 'volume': 9811000.0}, {'date': Timestamp('2025-09-13 00:00:00'), 'volume': 6981400.0}, {'date': Timestamp('2025-08-23 00:00:00'), 'volume': 4201000.0}]"
BFH,4294058903.4555073,weekly,2026-01-12,8457000.0,210,7,7,False,0.3929119009005288,"[{'date': Timestamp('2026-01-12 00:00:00'), 'volume': 8457000.0}, {'date': Timestamp('2025-12-15 00:00:00'), 'volume': 5023300.0}, {'date': Timestamp('2025-10-20 00:00:00'), 'volume': 5001200.0}, {'date': Timestamp('2025-09-29 00:00:00'), 'volume': 4475300.0}, {'date': Timestamp('2025-09-15 00:00:00'), 'volume': 3863600.0}, {'date': Timestamp('2025-08-25 00:00:00'), 'volume': 3128100.0}, {'date': Timestamp('2025-08-18 00:00:00'), 'volume': 2395200.0}]"
ARR,2141035949.8343055,weekly,2026-01-12,27461900.0,210,5,5,False,0.6819054287934884,"[{'date': Timestamp('2026-01-12 00:00:00'), 'volume': 27461900.0}, {'date': Timestamp('2026-01-05 00:00:00'), 'volume': 23440200.0}, {'date': Timestamp('2025-09-15 00:00:00'), 'volume': 20914500.0}, {'date': Timestamp('2025-09-08 00:00:00'), 'volume': 18053200.0}, {'date': Timestamp('2025-08-18 00:00:00'), 'volume': 17123900.0}]"
BSTZ,2052014370.0,weekly,2026-01-12,2871100.0,210,4,4,False,0.7525030141007496,"[{'date': Timestamp('2026-01-12 00:00:00'), 'volume': 2871100.0}, {'date': Timestamp('2025-09-22 00:00:00'), 'volume': 1536700.0}, {'date': Timestamp('2025-08-25 00:00:00'), 'volume': 1330200.0}, {'date': Timestamp('2025-08-18 00:00:00'), 'volume': 1184900.0}]"
IRTC,3907011577.52677,weekly,2026-01-12,6745900.0,210,3,3,False,0.5316881704327814,"[{'date': Timestamp('2026-01-12 00:00:00'), 'volume': 6745900.0}, {'date': Timestamp('2025-10-27 00:00:00'), 'volume': 3138300.0}, {'date': Timestamp('2025-08-18 00:00:00'), 'volume': 2165000.0}]"
EXG,2900273280.0,weekly,2026-01-12,3733500.0,210,6,6,False,0.2290083359402314,"[{'date': Timestamp('2026-01-12 00:00:00'), 'volume': 3733500.0}, {'date': Timestamp('2025-11-17 00:00:00'), 'volume': 3135900.0}, {'date': Timestamp('2025-10-06 00:00:00'), 'volume': 2780300.0}, {'date': Timestamp('2025-09-29 00:00:00'), 'volume': 2771600.0}, {'date': Timestamp('2025-08-25 00:00:00'), 'volume': 2384900.0}, {'date': Timestamp('2025-08-18 00:00:00'), 'volume': 1863800.0}]"
GDV,2537691626.0,weekly,2026-01-12,977000.0,210,3,3,False,0.1404865984125158,"[{'date': Timestamp('2026-01-12 00:00:00'), 'volume': 977000.0}, {'date': Timestamp('2025-11-03 00:00:00'), 'volume': 704900.0}, {'date': Timestamp('2025-08-18 00:00:00'), 'volume': 629600.0}]"
TVTX,5472632326.506014,weekly,2026-01-12,33342500.0,210,4,4,False,0.8462670846076726,"[{'date': Timestamp('2026-01-12 00:00:00'), 'volume': 33342500.0}, {'date': Timestamp('2025-09-08 00:00:00'), 'volume': 23215000.0}, {'date': Timestamp('2025-09-01 00:00:00'), 'volume': 12858900.0}, {'date': Timestamp('2025-08-18 00:00:00'), 'volume': 8412000.0}]"
ADX,3004304120.0,weekly,2026-01-10,2159400.0,212,8,8,False,0.4894378966455122,"[{'date': Timestamp('2026-01-10 00:00:00'), 'volume': 2159400.0}, {'date': Timestamp('2025-11-15 00:00:00'), 'volume': 2018600.0}, {'date': Timestamp('2025-11-01 00:00:00'), 'volume': 1692900.0}, {'date': Timestamp('2025-10-25 00:00:00'), 'volume': 1589800.0}, {'date': Timestamp('2025-10-18 00:00:00'), 'volume': 1326200.0}, {'date': Timestamp('2025-10-11 00:00:00'), 'volume': 1275600.0}, {'date': Timestamp('2025-08-30 00:00:00'), 'volume': 1237700.0}, {'date': Timestamp('2025-08-23 00:00:00'), 'volume': 1117900.0}]"
RVT,2190388680.0,weekly,2026-01-10,4762700.0,212,5,5,True,1.0,"[{'date': Timestamp('2026-01-10 00:00:00'), 'volume': 4762700.0}, {'date': Timestamp('2025-12-06 00:00:00'), 'volume': 2345500.0}, {'date': Timestamp('2025-11-15 00:00:00'), 'volume': 1597400.0}, {'date': Timestamp('2025-10-11 00:00:00'), 'volume': 1558300.0}, {'date': Timestamp('2025-08-23 00:00:00'), 'volume': 1411600.0}]"
PBF,5100278469.637739,weekly,2026-01-05,28634900.0,217,3,3,False,0.4553642847487815,"[{'date': Timestamp('2026-01-05 00:00:00'), 'volume': 28634900.0}, {'date': Timestamp('2025-08-25 00:00:00'), 'volume': 22867300.0}, {'date': Timestamp('2025-08-18 00:00:00'), 'volume': 19511700.0}]"
CGON,6347049889.585392,weekly,2026-01-05,11232100.0,217,6,6,False,0.7507435851162666,"[{'date': Timestamp('2026-01-05 00:00:00'), 'volume': 11232100.0}, {'date': Timestamp('2025-09-15 00:00:00'), 'volume': 7995200.0}, {'date': Timestamp('2025-09-08 00:00:00'), 'volume': 7922000.0}, {'date': Timestamp('2025-09-01 00:00:00'), 'volume': 4824300.0}, {'date': Timestamp('2025-08-25 00:00:00'), 'volume': 2456800.0}, {'date': Timestamp('2025-08-18 00:00:00'), 'volume': 2074200.0}]"
COMP,8632940953.791855,weekly,2026-01-05,249159600.0,217,4,4,True,1.0,"[{'date': Timestamp('2026-01-05 00:00:00'), 'volume': 249159600.0}, {'date': Timestamp('2025-09-22 00:00:00'), 'volume': 110195400.0}, {'date': Timestamp('2025-08-25 00:00:00'), 'volume': 48654900.0}, {'date': Timestamp('2025-08-18 00:00:00'), 'volume': 40257800.0}]"
MBLY,6577473836.468193,weekly,2026-01-05,106810400.0,217,8,8,True,1.0,"[{'date': Timestamp('2026-01-05 00:00:00'), 'volume': 106810400.0}, {'date': Timestamp('2025-10-20 00:00:00'), 'volume': 34203100.0}, {'date': Timestamp('2025-10-06 00:00:00'), 'volume': 33423500.0}, {'date': Timestamp('2025-09-15 00:00:00'), 'volume': 31618300.0}, {'date': Timestamp('2025-09-08 00:00:00'), 'volume': 26320900.0}, {'date': Timestamp('2025-09-01 00:00:00'), 'volume': 18256900.0}, {'date': Timestamp('2025-08-25 00:00:00'), 'volume': 16700600.0}, {'date': Timestamp('2025-08-18 00:00:00'), 'volume': 16075100.0}]"
TBBK,2592576420.484736,weekly,2026-01-05,4623700.0,217,5,5,False,0.1889885757495248,"[{'date': Timestamp('2026-01-05 00:00:00'), 'volume': 4623700.0}, {'date': Timestamp('2025-11-03 00:00:00'), 'volume': 4584900.0}, {'date': Timestamp('2025-09-15 00:00:00'), 'volume': 3949900.0}, {'date': Timestamp('2025-08-25 00:00:00'), 'volume': 3856200.0}, {'date': Timestamp('2025-08-18 00:00:00'), 'volume': 3480300.0}]"
FG,3579744273.636844,weekly,2026-01-05,8191200.0,217,5,5,True,1.0,"[{'date': Timestamp('2026-01-05 00:00:00'), 'volume': 8191200.0}, {'date': Timestamp('2025-12-29 00:00:00'), 'volume': 7458700.0}, {'date': Timestamp('2025-12-15 00:00:00'), 'volume': 2132600.0}, {'date': Timestamp('2025-09-15 00:00:00'), 'volume': 1366800.0}, {'date': Timestamp('2025-08-18 00:00:00'), 'volume': 949000.0}]"
PTEN,3640533388.650973,weekly,2026-01-03,71448700.0,219,5,5,False,0.7962729956569177,"[{'date': Timestamp('2026-01-03 00:00:00'), 'volume': 71448700.0}, {'date': Timestamp('2025-10-18 00:00:00'), 'volume': 64459400.0}, {'date': Timestamp('2025-09-27 00:00:00'), 'volume': 48285900.0}, {'date': Timestamp('2025-09-06 00:00:00'), 'volume': 44627600.0}, {'date': Timestamp('2025-08-23 00:00:00'), 'volume': 35862600.0}]"
ADC,9251523676.046854,weekly,2026-01-03,9028400.0,219,5,5,False,0.3764656825952798,"[{'date': Timestamp('2026-01-03 00:00:00'), 'volume': 9028400.0}, {'date': Timestamp('2025-12-13 00:00:00'), 'volume': 8583200.0}, {'date': Timestamp('2025-10-11 00:00:00'), 'volume': 6786400.0}, {'date': Timestamp('2025-10-04 00:00:00'), 'volume': 5230300.0}, {'date': Timestamp('2025-08-23 00:00:00'), 'volume': 4947400.0}]"
MSM,6598499195.670772,weekly,2026-01-03,7046500.0,219,8,8,False,0.9096483527832284,"[{'date': Timestamp('2026-01-03 00:00:00'), 'volume': 7046500.0}, {'date': Timestamp('2025-10-18 00:00:00'), 'volume': 4577700.0}, {'date': Timestamp('2025-10-11 00:00:00'), 'volume': 3165200.0}, {'date': Timestamp('2025-09-20 00:00:00'), 'volume': 2861800.0}, {'date': Timestamp('2025-09-13 00:00:00'), 'volume': 2796200.0}, {'date': Timestamp('2025-09-06 00:00:00'), 'volume': 2482300.0}, {'date': Timestamp('2025-08-30 00:00:00'), 'volume': 2184100.0}, {'date': Timestamp('2025-08-23 00:00:00'), 'volume': 2163100.0}]"
SKT,4651323175.366424,weekly,2026-01-03,7929100.0,219,5,5,False,0.0811275658353813,"[{'date': Timestamp('2026-01-03 00:00:00'), 'volume': 7929100.0}, {'date': Timestamp('2025-09-13 00:00:00'), 'volume': 7617800.0}, {'date': Timestamp('2025-09-06 00:00:00'), 'volume': 3644500.0}, {'date': Timestamp('2025-08-30 00:00:00'), 'volume': 3247600.0}, {'date': Timestamp('2025-08-23 00:00:00'), 'volume': 2925500.0}]"
CALM,3801023769.965619,weekly,2026-01-03,10964500.0,219,6,6,True,1.0,"[{'date': Timestamp('2026-01-03 00:00:00'), 'volume': 10964500.0}, {'date': Timestamp('2025-09-27 00:00:00'), 'volume': 8869700.0}, {'date': Timestamp('2025-09-20 00:00:00'), 'volume': 6299700.0}, {'date': Timestamp('2025-09-13 00:00:00'), 'volume': 5215400.0}, {'date': Timestamp('2025-08-30 00:00:00'), 'volume': 3089100.0}, {'date': Timestamp('2025-08-23 00:00:00'), 'volume': 2770300.0}]"
CORT,9373941102.047903,weekly,2025-12-29,30304500.0,224,5,5,False,0.2738332864964212,"[{'date': Timestamp('2025-12-29 00:00:00'), 'volume': 30304500.0}, {'date': Timestamp('2025-12-15 00:00:00'), 'volume': 8147300.0}, {'date': Timestamp('2025-09-15 00:00:00'), 'volume': 7387700.0}, {'date': Timestamp('2025-09-08 00:00:00'), 'volume': 3499000.0}, {'date': Timestamp('2025-08-18 00:00:00'), 'volume': 3153700.0}]"
DBRG,2968205264.4147577,weekly,2025-12-29,129477800.0,224,6,6,True,1.0,"[{'date': Timestamp('2025-12-29 00:00:00'), 'volume': 129477800.0}, {'date': Timestamp('2025-12-01 00:00:00'), 'volume': 66157900.0}, {'date': Timestamp('2025-10-13 00:00:00'), 'volume': 36795900.0}, {'date': Timestamp('2025-09-22 00:00:00'), 'volume': 14454400.0}, {'date': Timestamp('2025-09-08 00:00:00'), 'volume': 12545400.0}, {'date': Timestamp('2025-08-18 00:00:00'), 'volume': 9979700.0}]"
CHRN,3180965614.408707,weekly,2025-12-29,118955200.0,224,5,5,True,1.0,"[{'date': Timestamp('2025-12-29 00:00:00'), 'volume': 118955200.0}, {'date': Timestamp('2025-12-01 00:00:00'), 'volume': 5768400.0}, {'date': Timestamp('2025-09-15 00:00:00'), 'volume': 369800.0}, {'date': Timestamp('2025-09-08 00:00:00'), 'volume': 231300.0}, {'date': Timestamp('2025-08-18 00:00:00'), 'volume': 222800.0}]"
RARE,3030513523.468718,weekly,2025-12-29,40062500.0,224,4,4,True,1.0,"[{'date': Timestamp('2025-12-29 00:00:00'), 'volume': 40062500.0}, {'date': Timestamp('2025-09-15 00:00:00'), 'volume': 10726800.0}, {'date': Timestamp('2025-09-08 00:00:00'), 'volume': 7234400.0}, {'date': Timestamp('2025-08-18 00:00:00'), 'volume': 6560800.0}]"
HYMC,2168900662.436729,weekly,2025-12-22,47788300.0,231,7,7,False,0.4226523915511797,"[{'date': Timestamp('2025-12-22 00:00:00'), 'volume': 47788300.0}, {'date': Timestamp('2025-12-15 00:00:00'), 'volume': 13722000.0}, {'date': Timestamp('2025-10-06 00:00:00'), 'volume': 12316900.0}, {'date': Timestamp('2025-09-08 00:00:00'), 'volume': 6953400.0}, {'date': Timestamp('2025-09-01 00:00:00'), 'volume': 6405900.0}, {'date': Timestamp('2025-08-25 00:00:00'), 'volume': 3221300.0}, {'date': Timestamp('2025-08-18 00:00:00'), 'volume': 2184700.0}]"
DAN,3026076375.268893,weekly,2025-12-16,16669200.0,237,6,6,False,0.5130279024246117,"[{'date': Timestamp('2025-12-16 00:00:00'), 'volume': 16669200.0}, {'date': Timestamp('2025-10-28 00:00:00'), 'volume': 14834200.0}, {'date': Timestamp('2025-10-07 00:00:00'), 'volume': 12624800.0}, {'date': Timestamp('2025-09-16 00:00:00'), 'volume': 9005700.0}, {'date': Timestamp('2025-09-02 00:00:00'), 'volume': 7787600.0}, {'date': Timestamp('2025-08-26 00:00:00'), 'volume': 7167700.0}]"
SPNT,2803379724.171726,weekly,2025-12-15,7142400.0,238,4,4,False,0.8080186437993528,"[{'date': Timestamp('2025-12-15 00:00:00'), 'volume': 7142400.0}, {'date': Timestamp('2025-09-15 00:00:00'), 'volume': 6421100.0}, {'date': Timestamp('2025-09-08 00:00:00'), 'volume': 5880000.0}, {'date': Timestamp('2025-08-18 00:00:00'), 'volume': 5394000.0}]"
EWTX,4460806045.526985,weekly,2025-12-15,14901400.0,238,7,7,False,0.4781392184923023,"[{'date': Timestamp('2025-12-15 00:00:00'), 'volume': 14901400.0}, {'date': Timestamp('2025-11-10 00:00:00'), 'volume': 9642400.0}, {'date': Timestamp('2025-10-27 00:00:00'), 'volume': 5977900.0}, {'date': Timestamp('2025-09-22 00:00:00'), 'volume': 5912100.0}, {'date': Timestamp('2025-09-15 00:00:00'), 'volume': 5759900.0}, {'date': Timestamp('2025-08-25 00:00:00'), 'volume': 5048400.0}, {'date': Timestamp('2025-08-18 00:00:00'), 'volume': 2944900.0}]"
INDV,5099999803.839428,weekly,2025-12-15,34666700.0,238,5,5,False,0.7903439816883555,"[{'date': Timestamp('2025-12-15 00:00:00'), 'volume': 34666700.0}, {'date': Timestamp('2025-12-08 00:00:00'), 'volume': 20905100.0}, {'date': Timestamp('2025-10-27 00:00:00'), 'volume': 19341700.0}, {'date': Timestamp('2025-09-15 00:00:00'), 'volume': 18057900.0}, {'date': Timestamp('2025-08-18 00:00:00'), 'volume': 12992500.0}]"
CUBI,2740170314.0312147,weekly,2025-12-15,3838000.0,238,4,4,False,0.2261211792708505,"[{'date': Timestamp('2025-12-15 00:00:00'), 'volume': 3838000.0}, {'date': Timestamp('2025-09-01 00:00:00'), 'volume': 3351500.0}, {'date': Timestamp('2025-08-25 00:00:00'), 'volume': 1178600.0}, {'date': Timestamp('2025-08-18 00:00:00'), 'volume': 1129800.0}]"
PRI,8852827776.9034,weekly,2025-12-15,1970100.0,238,5,5,False,0.6574889867841409,"[{'date': Timestamp('2025-12-15 00:00:00'), 'volume': 1970100.0}, {'date': Timestamp('2025-09-15 00:00:00'), 'volume': 1284800.0}, {'date': Timestamp('2025-09-08 00:00:00'), 'volume': 1027300.0}, {'date': Timestamp('2025-09-01 00:00:00'), 'volume': 809100.0}, {'date': Timestamp('2025-08-18 00:00:00'), 'volume': 764000.0}]"
WLK,9816779785.327932,weekly,2025-12-15,11438800.0,238,4,4,False,0.9462077408574666,"[{'date': Timestamp('2025-12-15 00:00:00'), 'volume': 11438800.0}, {'date': Timestamp('2025-10-27 00:00:00'), 'volume': 9067800.0}, {'date': Timestamp('2025-10-06 00:00:00'), 'volume': 6321300.0}, {'date': Timestamp('2025-08-18 00:00:00'), 'volume': 6235800.0}]"
BAH,7462295621.385028,weekly,2025-12-15,32060100.0,238,8,8,True,1.0,"[{'date': Timestamp('2025-12-15 00:00:00'), 'volume': 32060100.0}, {'date': Timestamp('2025-10-27 00:00:00'), 'volume': 19826500.0}, {'date': Timestamp('2025-10-20 00:00:00'), 'volume': 15955000.0}, {'date': Timestamp('2025-09-15 00:00:00'), 'volume': 10270600.0}, {'date': Timestamp('2025-09-08 00:00:00'), 'volume': 8584500.0}, {'date': Timestamp('2025-09-01 00:00:00'), 'volume': 7037200.0}, {'date': Timestamp('2025-08-25 00:00:00'), 'volume': 6401200.0}, {'date': Timestamp('2025-08-18 00:00:00'), 'volume': 5579800.0}]"
MWA,4177777888.054114,weekly,2025-12-15,11215500.0,238,4,4,False,0.2553864440588581,"[{'date': Timestamp('2025-12-15 00:00:00'), 'volume': 11215500.0}, {'date': Timestamp('2025-09-15 00:00:00'), 'volume': 9431300.0}, {'date': Timestamp('2025-09-08 00:00:00'), 'volume': 7196800.0}, {'date': Timestamp('2025-08-18 00:00:00'), 'volume': 3746600.0}]"
NNI,4829892161.895642,weekly,2025-12-15,1237600.0,238,5,5,False,0.8538705671312267,"[{'date': Timestamp('2025-12-15 00:00:00'), 'volume': 1237600.0}, {'date': Timestamp('2025-09-15 00:00:00'), 'volume': 793000.0}, {'date': Timestamp('2025-09-08 00:00:00'), 'volume': 407400.0}, {'date': Timestamp('2025-08-25 00:00:00'), 'volume': 373100.0}, {'date': Timestamp('2025-08-18 00:00:00'), 'volume': 266100.0}]"
LKQ,6886996203.106543,weekly,2025-12-15,77098700.0,238,3,3,True,1.0,"[{'date': Timestamp('2025-12-15 00:00:00'), 'volume': 77098700.0}, {'date': Timestamp('2025-08-25 00:00:00'), 'volume': 40530100.0}, {'date': Timestamp('2025-08-18 00:00:00'), 'volume': 13573000.0}]"
IMNM,2260477721.639176,weekly,2025-12-15,38138400.0,238,6,6,True,1.0,"[{'date': Timestamp('2025-12-15 00:00:00'), 'volume': 38138400.0}, {'date': Timestamp('2025-09-22 00:00:00'), 'volume': 13872100.0}, {'date': Timestamp('2025-09-08 00:00:00'), 'volume': 9856100.0}, {'date': Timestamp('2025-09-01 00:00:00'), 'volume': 3904000.0}, {'date': Timestamp('2025-08-25 00:00:00'), 'volume': 3384800.0}, {'date': Timestamp('2025-08-18 00:00:00'), 'volume': 2841500.0}]"
AVPT,2308867356.4000006,weekly,2025-12-15,17270200.0,238,6,6,False,0.2856934893407951,"[{'date': Timestamp('2025-12-15 00:00:00'), 'volume': 17270200.0}, {'date': Timestamp('2025-12-01 00:00:00'), 'volume': 13289000.0}, {'date': Timestamp('2025-11-03 00:00:00'), 'volume': 11213600.0}, {'date': Timestamp('2025-09-15 00:00:00'), 'volume': 7925400.0}, {'date': Timestamp('2025-08-25 00:00:00'), 'volume': 7055500.0}, {'date': Timestamp('2025-08-18 00:00:00'), 'volume': 5715800.0}]"
IRON,2856528028.6465225,weekly,2025-12-15,6666600.0,238,6,6,False,0.6493799982466565,"[{'date': Timestamp('2025-12-15 00:00:00'), 'volume': 6666600.0}, {'date': Timestamp('2025-10-20 00:00:00'), 'volume': 4690500.0}, {'date': Timestamp('2025-10-13 00:00:00'), 'volume': 3725900.0}, {'date': Timestamp('2025-09-15 00:00:00'), 'volume': 2427000.0}, {'date': Timestamp('2025-09-08 00:00:00'), 'volume': 1986400.0}, {'date': Timestamp('2025-08-18 00:00:00'), 'volume': 1397900.0}]"
VAC,3478952435.814848,weekly,2025-12-15,7182100.0,238,5,5,False,0.914521099141773,"[{'date': Timestamp('2025-12-15 00:00:00'), 'volume': 7182100.0}, {'date': Timestamp('2025-11-03 00:00:00'), 'volume': 4758600.0}, {'date': Timestamp('2025-09-15 00:00:00'), 'volume': 3688400.0}, {'date': Timestamp('2025-09-08 00:00:00'), 'volume': 1867500.0}, {'date': Timestamp('2025-08-18 00:00:00'), 'volume': 1799000.0}]"
MCHB,3698268986.096264,weekly,2025-12-15,10877400.0,238,7,7,True,1.0,"[{'date': Timestamp('2025-12-15 00:00:00'), 'volume': 10877400.0}, {'date': Timestamp('2025-12-08 00:00:00'), 'volume': 6033800.0}, {'date': Timestamp('2025-12-01 00:00:00'), 'volume': 3663900.0}, {'date': Timestamp('2025-11-24 00:00:00'), 'volume': 3301900.0}, {'date': Timestamp('2025-09-08 00:00:00'), 'volume': 1674900.0}, {'date': Timestamp('2025-08-25 00:00:00'), 'volume': 1459000.0}, {'date': Timestamp('2025-08-18 00:00:00'), 'volume': 465200.0}]"
ARCB,3256968277.1261163,weekly,2025-12-13,3701800.0,240,4,4,False,0.7769545597649281,"[{'date': Timestamp('2025-12-13 00:00:00'), 'volume': 3701800.0}, {'date': Timestamp('2025-09-27 00:00:00'), 'volume': 2115500.0}, {'date': Timestamp('2025-09-13 00:00:00'), 'volume': 1955100.0}, {'date': Timestamp('2025-08-23 00:00:00'), 'volume': 1349100.0}]"
FULT,4627344361.273889,weekly,2025-12-13,15584200.0,240,4,4,False,0.3810550767161807,"[{'date': Timestamp('2025-12-13 00:00:00'), 'volume': 15584200.0}, {'date': Timestamp('2025-10-18 00:00:00'), 'volume': 12817900.0}, {'date': Timestamp('2025-09-13 00:00:00'), 'volume': 10333800.0}, {'date': Timestamp('2025-08-23 00:00:00'), 'volume': 6748300.0}]"
HE,2342665445.8221555,weekly,2025-12-13,49333100.0,240,3,3,False,0.2927677903266295,"[{'date': Timestamp('2025-12-13 00:00:00'), 'volume': 49333100.0}, {'date': Timestamp('2025-12-06 00:00:00'), 'volume': 32073600.0}, {'date': Timestamp('2025-08-23 00:00:00'), 'volume': 14160000.0}]"
TTC,9221075712.666668,weekly,2025-12-13,10529500.0,240,3,3,False,0.8750228530589859,"[{'date': Timestamp('2025-12-13 00:00:00'), 'volume': 10529500.0}, {'date': Timestamp('2025-08-30 00:00:00'), 'volume': 5950500.0}, {'date': Timestamp('2025-08-23 00:00:00'), 'volume': 4449100.0}]"
OTTR,3805023637.789006,weekly,2025-12-13,2643200.0,240,4,4,False,0.2062051910159693,"[{'date': Timestamp('2025-12-13 00:00:00'), 'volume': 2643200.0}, {'date': Timestamp('2025-09-13 00:00:00'), 'volume': 1954600.0}, {'date': Timestamp('2025-09-06 00:00:00'), 'volume': 696800.0}, {'date': Timestamp('2025-08-23 00:00:00'), 'volume': 675800.0}]"
SSB,9900609396.07294,weekly,2025-12-13,5727800.0,240,5,5,False,0.2897584418869356,"[{'date': Timestamp('2025-12-13 00:00:00'), 'volume': 5727800.0}, {'date': Timestamp('2025-10-18 00:00:00'), 'volume': 5009000.0}, {'date': Timestamp('2025-09-13 00:00:00'), 'volume': 4587300.0}, {'date': Timestamp('2025-08-30 00:00:00'), 'volume': 4016100.0}, {'date': Timestamp('2025-08-23 00:00:00'), 'volume': 3299500.0}]"
HMN,2083668408.762581,weekly,2025-12-13,2054100.0,240,3,3,False,0.794991872435947,"[{'date': Timestamp('2025-12-13 00:00:00'), 'volume': 2054100.0}, {'date': Timestamp('2025-09-13 00:00:00'), 'volume': 1706500.0}, {'date': Timestamp('2025-08-23 00:00:00'), 'volume': 1042600.0}]"
RDNT,4776243091.434094,weekly,2025-12-13,10052000.0,240,4,4,True,1.0,"[{'date': Timestamp('2025-12-13 00:00:00'), 'volume': 10052000.0}, {'date': Timestamp('2025-11-08 00:00:00'), 'volume': 6127300.0}, {'date': Timestamp('2025-09-13 00:00:00'), 'volume': 5542800.0}, {'date': Timestamp('2025-08-23 00:00:00'), 'volume': 3258500.0}]"
CWST,6001579299.88411,weekly,2025-12-13,16374400.0,240,7,7,True,1.0,"[{'date': Timestamp('2025-12-13 00:00:00'), 'volume': 16374400.0}, {'date': Timestamp('2025-12-06 00:00:00'), 'volume': 7373200.0}, {'date': Timestamp('2025-09-27 00:00:00'), 'volume': 3567500.0}, {'date': Timestamp('2025-09-20 00:00:00'), 'volume': 3378000.0}, {'date': Timestamp('2025-09-13 00:00:00'), 'volume': 2983000.0}, {'date': Timestamp('2025-09-06 00:00:00'), 'volume': 2405500.0}, {'date': Timestamp('2025-08-23 00:00:00'), 'volume': 2283000.0}]"
AVA,3451807048.9619145,weekly,2025-12-13,6961800.0,240,4,4,False,0.4035100938382088,"[{'date': Timestamp('2025-12-13 00:00:00'), 'volume': 6961800.0}, {'date': Timestamp('2025-09-13 00:00:00'), 'volume': 4119100.0}, {'date': Timestamp('2025-09-06 00:00:00'), 'volume': 2743200.0}, {'date': Timestamp('2025-08-23 00:00:00'), 'volume': 2452300.0}]"
MATX,5885905349.385548,weekly,2025-12-13,2869400.0,240,5,5,False,0.5786830694766563,"[{'date': Timestamp('2025-12-13 00:00:00'), 'volume': 2869400.0}, {'date': Timestamp('2025-11-01 00:00:00'), 'volume': 2585800.0}, {'date': Timestamp('2025-09-13 00:00:00'), 'volume': 2520400.0}, {'date': Timestamp('2025-08-30 00:00:00'), 'volume': 1342200.0}, {'date': Timestamp('2025-08-23 00:00:00'), 'volume': 1244200.0}]"
ABM,2663674594.075619,weekly,2025-12-13,9139400.0,240,3,3,True,1.0,"[{'date': Timestamp('2025-12-13 00:00:00'), 'volume': 9139400.0}, {'date': Timestamp('2025-08-30 00:00:00'), 'volume': 4502300.0}, {'date': Timestamp('2025-08-23 00:00:00'), 'volume': 2126700.0}]"
MHK,7299748534.347768,weekly,2025-12-13,17460500.0,240,5,5,False,0.8590947781719419,"[{'date': Timestamp('2025-12-13 00:00:00'), 'volume': 17460500.0}, {'date': Timestamp('2025-10-18 00:00:00'), 'volume': 5737700.0}, {'date': Timestamp('2025-09-13 00:00:00'), 'volume': 5551800.0}, {'date': Timestamp('2025-08-30 00:00:00'), 'volume': 3042700.0}, {'date': Timestamp('2025-08-23 00:00:00'), 'volume': 2926200.0}]"
BCPC,5501270558.083555,weekly,2025-12-13,1958600.0,240,3,3,True,1.0,"[{'date': Timestamp('2025-12-13 00:00:00'), 'volume': 1958600.0}, {'date': Timestamp('2025-09-13 00:00:00'), 'volume': 1174100.0}, {'date': Timestamp('2025-08-23 00:00:00'), 'volume': 847200.0}]"
KYMR,8893689871.007729,weekly,2025-12-08,17557000.0,245,4,4,True,1.0,"[{'date': Timestamp('2025-12-08 00:00:00'), 'volume': 17557000.0}, {'date': Timestamp('2025-09-15 00:00:00'), 'volume': 6782200.0}, {'date': Timestamp('2025-09-01 00:00:00'), 'volume': 3498600.0}, {'date': Timestamp('2025-08-18 00:00:00'), 'volume': 2705000.0}]"
DYN,3461671011.624454,weekly,2025-12-08,32231100.0,245,4,4,False,0.7193928112277694,"[{'date': Timestamp('2025-12-08 00:00:00'), 'volume': 32231100.0}, {'date': Timestamp('2025-10-27 00:00:00'), 'volume': 24889200.0}, {'date': Timestamp('2025-08-25 00:00:00'), 'volume': 15024700.0}, {'date': Timestamp('2025-08-18 00:00:00'), 'volume': 10159400.0}]"
WRBY,3588193371.984,weekly,2025-12-08,66401600.0,245,7,7,True,1.0,"[{'date': Timestamp('2025-12-08 00:00:00'), 'volume': 66401600.0}, {'date': Timestamp('2025-11-03 00:00:00'), 'volume': 20364500.0}, {'date': Timestamp('2025-10-27 00:00:00'), 'volume': 11029000.0}, {'date': Timestamp('2025-10-13 00:00:00'), 'volume': 9855900.0}, {'date': Timestamp('2025-09-15 00:00:00'), 'volume': 8998200.0}, {'date': Timestamp('2025-09-08 00:00:00'), 'volume': 8507600.0}, {'date': Timestamp('2025-08-18 00:00:00'), 'volume': 7294600.0}]"
COLD,4556337884.310115,weekly,2025-12-08,46392800.0,245,6,6,True,1.0,"[{'date': Timestamp('2025-12-08 00:00:00'), 'volume': 46392800.0}, {'date': Timestamp('2025-11-17 00:00:00'), 'volume': 42288000.0}, {'date': Timestamp('2025-11-10 00:00:00'), 'volume': 41933500.0}, {'date': Timestamp('2025-09-08 00:00:00'), 'volume': 36286300.0}, {'date': Timestamp('2025-08-25 00:00:00'), 'volume': 27330300.0}, {'date': Timestamp('2025-08-18 00:00:00'), 'volume': 16215600.0}]"
PSNY,2763834037.0,weekly,2025-12-08,3860743.0,245,4,4,False,0.4677078958249113,"[{'date': Timestamp('2025-12-08 00:00:00'), 'volume': 3860743.0}, {'date': Timestamp('2025-11-10 00:00:00'), 'volume': 2229866.0}, {'date': Timestamp('2025-08-25 00:00:00'), 'volume': 1853618.0}, {'date': Timestamp('2025-08-18 00:00:00'), 'volume': 301449.0}]"
EZPW,2001149942.177885,weekly,2025-12-06,14055300.0,247,4,4,False,0.9137973630145892,"[{'date': Timestamp('2025-12-06 00:00:00'), 'volume': 14055300.0}, {'date': Timestamp('2025-09-13 00:00:00'), 'volume': 6821000.0}, {'date': Timestamp('2025-09-06 00:00:00'), 'volume': 3341900.0}, {'date': Timestamp('2025-08-23 00:00:00'), 'volume': 2405400.0}]"
SLM,4799432231.044291,weekly,2025-12-06,39334600.0,247,5,5,False,0.8553826481793985,"[{'date': Timestamp('2025-12-06 00:00:00'), 'volume': 39334600.0}, {'date': Timestamp('2025-10-18 00:00:00'), 'volume': 24710000.0}, {'date': Timestamp('2025-09-13 00:00:00'), 'volume': 21924800.0}, {'date': Timestamp('2025-09-06 00:00:00'), 'volume': 18026900.0}, {'date': Timestamp('2025-08-23 00:00:00'), 'volume': 8407300.0}]"
HNI,2851638841.9391303,weekly,2025-12-06,10305400.0,247,6,6,False,0.9941443744513364,"[{'date': Timestamp('2025-12-06 00:00:00'), 'volume': 10305400.0}, {'date': Timestamp('2025-10-25 00:00:00'), 'volume': 4010900.0}, {'date': Timestamp('2025-09-20 00:00:00'), 'volume': 3895500.0}, {'date': Timestamp('2025-09-13 00:00:00'), 'volume': 3744000.0}, {'date': Timestamp('2025-09-06 00:00:00'), 'volume': 3559300.0}, {'date': Timestamp('2025-08-23 00:00:00'), 'volume': 3355600.0}]"
WLY,2474089260.0834064,weekly,2025-12-06,5135359.0,247,5,5,False,0.3987460449448165,"[{'date': Timestamp('2025-12-06 00:00:00'), 'volume': 5135359.0}, {'date': Timestamp('2025-11-29 00:00:00'), 'volume': 3730911.0}, {'date': Timestamp('2025-11-15 00:00:00'), 'volume': 3169348.0}, {'date': Timestamp('2025-08-30 00:00:00'), 'volume': 2474364.0}, {'date': Timestamp('2025-08-23 00:00:00'), 'volume': 1408160.0}]"
AUB,5990821971.414446,weekly,2025-12-06,9002900.0,247,3,3,False,0.4147387526834167,"[{'date': Timestamp('2025-12-06 00:00:00'), 'volume': 9002900.0}, {'date': Timestamp('2025-09-13 00:00:00'), 'volume': 7275000.0}, {'date': Timestamp('2025-08-23 00:00:00'), 'volume': 3905200.0}]"
MTN,4915288420.396281,weekly,2025-12-06,7828100.0,247,4,4,True,1.0,"[{'date': Timestamp('2025-12-06 00:00:00'), 'volume': 7828100.0}, {'date': Timestamp('2025-09-27 00:00:00'), 'volume': 6672700.0}, {'date': Timestamp('2025-09-06 00:00:00'), 'volume': 4181300.0}, {'date': Timestamp('2025-08-23 00:00:00'), 'volume': 2214800.0}]"
SAIC,4662710483.385351,weekly,2025-12-01,6302300.0,252,4,4,False,0.5456253354804079,"[{'date': Timestamp('2025-12-01 00:00:00'), 'volume': 6302300.0}, {'date': Timestamp('2025-09-01 00:00:00'), 'volume': 3802300.0}, {'date': Timestamp('2025-08-25 00:00:00'), 'volume': 1954500.0}, {'date': Timestamp('2025-08-18 00:00:00'), 'volume': 1301500.0}]"
CNK,3905382494.813717,weekly,2025-12-01,34465200.0,252,4,4,False,0.3197475062344139,"[{'date': Timestamp('2025-12-01 00:00:00'), 'volume': 34465200.0}, {'date': Timestamp('2025-09-15 00:00:00'), 'volume': 23478900.0}, {'date': Timestamp('2025-09-08 00:00:00'), 'volume': 19629800.0}, {'date': Timestamp('2025-08-18 00:00:00'), 'volume': 18823200.0}]"
FIBK,3752629448.1693554,weekly,2025-12-01,21754100.0,252,6,6,True,1.0,"[{'date': Timestamp('2025-12-01 00:00:00'), 'volume': 21754100.0}, {'date': Timestamp('2025-11-24 00:00:00'), 'volume': 9440600.0}, {'date': Timestamp('2025-09-15 00:00:00'), 'volume': 6267700.0}, {'date': Timestamp('2025-09-08 00:00:00'), 'volume': 5806200.0}, {'date': Timestamp('2025-08-25 00:00:00'), 'volume': 3562300.0}, {'date': Timestamp('2025-08-18 00:00:00'), 'volume': 2881600.0}]"
PHVS,2376063892.6357355,weekly,2025-12-01,5295300.0,252,6,6,False,0.0529361662991168,"[{'date': Timestamp('2025-12-01 00:00:00'), 'volume': 5295300.0}, {'date': Timestamp('2025-11-17 00:00:00'), 'volume': 2400600.0}, {'date': Timestamp('2025-10-13 00:00:00'), 'volume': 1911800.0}, {'date': Timestamp('2025-09-29 00:00:00'), 'volume': 1447000.0}, {'date': Timestamp('2025-09-15 00:00:00'), 'volume': 1387900.0}, {'date': Timestamp('2025-08-18 00:00:00'), 'volume': 725800.0}]"
BLTE,6005949258.0,weekly,2025-12-01,2683900.0,252,7,7,False,0.2249367237131028,"[{'date': Timestamp('2025-12-01 00:00:00'), 'volume': 2683900.0}, {'date': Timestamp('2025-11-24 00:00:00'), 'volume': 1017200.0}, {'date': Timestamp('2025-11-17 00:00:00'), 'volume': 758600.0}, {'date': Timestamp('2025-11-03 00:00:00'), 'volume': 653300.0}, {'date': Timestamp('2025-10-27 00:00:00'), 'volume': 483200.0}, {'date': Timestamp('2025-09-15 00:00:00'), 'volume': 468300.0}, {'date': Timestamp('2025-08-18 00:00:00'), 'volume': 192300.0}]"
THO,4098997093.085568,weekly,2025-11-29,5980900.0,254,5,5,False,0.5984131430972726,"[{'date': Timestamp('2025-11-29 00:00:00'), 'volume': 5980900.0}, {'date': Timestamp('2025-09-20 00:00:00'), 'volume': 5582700.0}, {'date': Timestamp('2025-09-13 00:00:00'), 'volume': 5008100.0}, {'date': Timestamp('2025-09-06 00:00:00'), 'volume': 3749500.0}, {'date': Timestamp('2025-08-23 00:00:00'), 'volume': 2953300.0}]"
IMAX,2253450621.2121773,weekly,2025-11-29,16672200.0,254,4,4,True,1.0,"[{'date': Timestamp('2025-11-29 00:00:00'), 'volume': 16672200.0}, {'date': Timestamp('2025-11-01 00:00:00'), 'volume': 9623800.0}, {'date': Timestamp('2025-10-18 00:00:00'), 'volume': 7005000.0}, {'date': Timestamp('2025-08-23 00:00:00'), 'volume': 6487800.0}]"
FSS,7647853196.779318,weekly,2025-11-29,5419700.0,254,4,4,False,0.7316799870396371,"[{'date': Timestamp('2025-11-29 00:00:00'), 'volume': 5419700.0}, {'date': Timestamp('2025-10-25 00:00:00'), 'volume': 5113000.0}, {'date': Timestamp('2025-09-13 00:00:00'), 'volume': 3171600.0}, {'date': Timestamp('2025-08-23 00:00:00'), 'volume': 1877400.0}]"
SLG,4016465859.8206096,weekly,2025-11-29,10526600.0,254,6,6,False,0.2702600006675242,"[{'date': Timestamp('2025-11-29 00:00:00'), 'volume': 10526600.0}, {'date': Timestamp('2025-10-11 00:00:00'), 'volume': 8231400.0}, {'date': Timestamp('2025-09-13 00:00:00'), 'volume': 7806500.0}, {'date': Timestamp('2025-09-06 00:00:00'), 'volume': 5497300.0}, {'date': Timestamp('2025-08-30 00:00:00'), 'volume': 4336900.0}, {'date': Timestamp('2025-08-23 00:00:00'), 'volume': 3928300.0}]"
STNE,2673078205.227062,weekly,2025-11-24,62841900.0,259,5,5,False,0.5231632604639895,"[{'date': Timestamp('2025-11-24 00:00:00'), 'volume': 62841900.0}, {'date': Timestamp('2025-11-03 00:00:00'), 'volume': 38963500.0}, {'date': Timestamp('2025-09-15 00:00:00'), 'volume': 31716400.0}, {'date': Timestamp('2025-09-08 00:00:00'), 'volume': 25531400.0}, {'date': Timestamp('2025-08-18 00:00:00'), 'volume': 23098300.0}]"
PTCT,7003412378.177139,weekly,2025-11-24,22047000.0,259,2,2,True,1.0,"[{'date': Timestamp('2025-11-24 00:00:00'), 'volume': 22047000.0}, {'date': Timestamp('2025-08-18 00:00:00'), 'volume': 7965900.0}]"
TAP,7826054961.405032,weekly,2025-11-22,27037600.0,261,6,6,True,1.0,"[{'date': Timestamp('2025-11-22 00:00:00'), 'volume': 27037600.0}, {'date': Timestamp('2025-11-01 00:00:00'), 'volume': 21724100.0}, {'date': Timestamp('2025-09-20 00:00:00'), 'volume': 16308300.0}, {'date': Timestamp('2025-09-13 00:00:00'), 'volume': 15145000.0}, {'date': Timestamp('2025-09-06 00:00:00'), 'volume': 11078600.0}, {'date': Timestamp('2025-08-23 00:00:00'), 'volume': 9892200.0}]"
ANF,4065945647.4210415,weekly,2025-11-22,23543000.0,261,2,2,False,0.6293523095141987,"[{'date': Timestamp('2025-11-22 00:00:00'), 'volume': 23543000.0}, {'date': Timestamp('2025-08-23 00:00:00'), 'volume': 16230200.0}]"
URBN,6297604470.892251,weekly,2025-11-22,22332300.0,261,2,2,False,0.7230393664587023,"[{'date': Timestamp('2025-11-22 00:00:00'), 'volume': 22332300.0}, {'date': Timestamp('2025-08-23 00:00:00'), 'volume': 18224300.0}]"
LB,5015347201.436874,weekly,2025-11-17,4718300.0,266,2,2,False,0.6817564443416946,"[{'date': Timestamp('2025-11-17 00:00:00'), 'volume': 4718300.0}, {'date': Timestamp('2025-08-18 00:00:00'), 'volume': 2730600.0}]"
EVT,2026818732.0,weekly,2025-11-17,776200.0,266,6,6,False,0.2078068108802741,"[{'date': Timestamp('2025-11-17 00:00:00'), 'volume': 776200.0}, {'date': Timestamp('2025-10-27 00:00:00'), 'volume': 741900.0}, {'date': Timestamp('2025-09-29 00:00:00'), 'volume': 660500.0}, {'date': Timestamp('2025-09-01 00:00:00'), 'volume': 477100.0}, {'date': Timestamp('2025-08-25 00:00:00'), 'volume': 465700.0}, {'date': Timestamp('2025-08-18 00:00:00'), 'volume': 426500.0}]"
RUSHA,5701738736.489284,weekly,2025-11-17,5121100.0,266,7,7,False,0.3226194601064667,"[{'date': Timestamp('2025-11-17 00:00:00'), 'volume': 5121100.0}, {'date': Timestamp('2025-11-10 00:00:00'), 'volume': 4385400.0}, {'date': Timestamp('2025-11-03 00:00:00'), 'volume': 3956300.0}, {'date': Timestamp('2025-10-27 00:00:00'), 'volume': 3450200.0}, {'date': Timestamp('2025-09-29 00:00:00'), 'volume': 2964700.0}, {'date': Timestamp('2025-09-15 00:00:00'), 'volume': 2742800.0}, {'date': Timestamp('2025-08-18 00:00:00'), 'volume': 1605800.0}]"
AXTA,7383647408.940397,weekly,2025-11-17,49343600.0,266,4,4,False,0.9060072306367476,"[{'date': Timestamp('2025-11-17 00:00:00'), 'volume': 49343600.0}, {'date': Timestamp('2025-10-27 00:00:00'), 'volume': 29694700.0}, {'date': Timestamp('2025-09-22 00:00:00'), 'volume': 23704400.0}, {'date': Timestamp('2025-08-18 00:00:00'), 'volume': 16894400.0}]"
AMTM,4947405410.652066,weekly,2025-11-17,20809700.0,266,5,5,False,0.372780036902352,"[{'date': Timestamp('2025-11-17 00:00:00'), 'volume': 20809700.0}, {'date': Timestamp('2025-09-15 00:00:00'), 'volume': 12990800.0}, {'date': Timestamp('2025-09-08 00:00:00'), 'volume': 6609100.0}, {'date': Timestamp('2025-08-25 00:00:00'), 'volume': 6453500.0}, {'date': Timestamp('2025-08-18 00:00:00'), 'volume': 6003100.0}]"
AGIO,2253974104.850828,weekly,2025-11-17,30411500.0,266,4,4,True,1.0,"[{'date': Timestamp('2025-11-17 00:00:00'), 'volume': 30411500.0}, {'date': Timestamp('2025-09-01 00:00:00'), 'volume': 6055600.0}, {'date': Timestamp('2025-08-25 00:00:00'), 'volume': 3008200.0}, {'date': Timestamp('2025-08-18 00:00:00'), 'volume': 2919300.0}]"
CNS,4029171232.338607,weekly,2025-11-17,3573100.0,266,5,5,False,0.4902245942349115,"[{'date': Timestamp('2025-11-17 00:00:00'), 'volume': 3573100.0}, {'date': Timestamp('2025-11-03 00:00:00'), 'volume': 2124300.0}, {'date': Timestamp('2025-10-13 00:00:00'), 'volume': 1843800.0}, {'date': Timestamp('2025-08-25 00:00:00'), 'volume': 1556500.0}, {'date': Timestamp('2025-08-18 00:00:00'), 'volume': 1297900.0}]"
HNGE,6110708717.702822,weekly,2025-11-17,20597900.0,266,6,6,True,1.0,"[{'date': Timestamp('2025-11-17 00:00:00'), 'volume': 20597900.0}, {'date': Timestamp('2025-11-03 00:00:00'), 'volume': 15117700.0}, {'date': Timestamp('2025-09-22 00:00:00'), 'volume': 9504300.0}, {'date': Timestamp('2025-09-15 00:00:00'), 'volume': 7855400.0}, {'date': Timestamp('2025-09-08 00:00:00'), 'volume': 6408500.0}, {'date': Timestamp('2025-08-18 00:00:00'), 'volume': 4708600.0}]"
MRP,4770275148.521914,weekly,2025-11-17,29108400.0,266,5,5,False,0.5967281672816728,"[{'date': Timestamp('2025-11-17 00:00:00'), 'volume': 29108400.0}, {'date': Timestamp('2025-10-06 00:00:00'), 'volume': 10084900.0}, {'date': Timestamp('2025-09-15 00:00:00'), 'volume': 7234100.0}, {'date': Timestamp('2025-09-01 00:00:00'), 'volume': 5772800.0}, {'date': Timestamp('2025-08-18 00:00:00'), 'volume': 5017400.0}]"
WSC,5223506256.714138,weekly,2025-11-17,29810400.0,266,5,5,False,0.6040791513419861,"[{'date': Timestamp('2025-11-17 00:00:00'), 'volume': 29810400.0}, {'date': Timestamp('2025-11-03 00:00:00'), 'volume': 24426200.0}, {'date': Timestamp('2025-09-29 00:00:00'), 'volume': 11883100.0}, {'date': Timestamp('2025-09-22 00:00:00'), 'volume': 11695800.0}, {'date': Timestamp('2025-08-18 00:00:00'), 'volume': 11372300.0}]"
AIN,2166635900.394085,weekly,2025-11-15,3973800.0,268,5,5,True,1.0,"[{'date': Timestamp('2025-11-15 00:00:00'), 'volume': 3973800.0}, {'date': Timestamp('2025-11-01 00:00:00'), 'volume': 3492900.0}, {'date': Timestamp('2025-09-27 00:00:00'), 'volume': 2029500.0}, {'date': Timestamp('2025-09-13 00:00:00'), 'volume': 1592700.0}, {'date': Timestamp('2025-08-23 00:00:00'), 'volume': 1326100.0}]"
GFF,4422460801.748332,weekly,2025-11-15,2927600.0,268,2,2,False,0.4114109050028106,"[{'date': Timestamp('2025-11-15 00:00:00'), 'volume': 2927600.0}, {'date': Timestamp('2025-08-23 00:00:00'), 'volume': 1800300.0}]"
OSIS,3598050174.0600195,weekly,2025-11-15,3304200.0,268,4,4,True,1.0,"[{'date': Timestamp('2025-11-15 00:00:00'), 'volume': 3304200.0}, {'date': Timestamp('2025-10-25 00:00:00'), 'volume': 1177800.0}, {'date': Timestamp('2025-09-13 00:00:00'), 'volume': 922800.0}, {'date': Timestamp('2025-08-23 00:00:00'), 'volume': 898600.0}]"
WAFD,2804067445.7853203,weekly,2025-11-15,6915600.0,268,4,4,False,0.3536287910166137,"[{'date': Timestamp('2025-11-15 00:00:00'), 'volume': 6915600.0}, {'date': Timestamp('2025-09-13 00:00:00'), 'volume': 4152400.0}, {'date': Timestamp('2025-09-06 00:00:00'), 'volume': 1777700.0}, {'date': Timestamp('2025-08-23 00:00:00'), 'volume': 1685600.0}]"
BBWI,4607702988.96242,weekly,2025-11-15,97764300.0,268,2,2,False,0.8878240594641597,"[{'date': Timestamp('2025-11-15 00:00:00'), 'volume': 97764300.0}, {'date': Timestamp('2025-08-23 00:00:00'), 'volume': 44610000.0}]"
COGT,6510070367.97948,weekly,2025-11-10,51694300.0,273,5,5,False,0.4779441880848412,"[{'date': Timestamp('2025-11-10 00:00:00'), 'volume': 51694300.0}, {'date': Timestamp('2025-10-20 00:00:00'), 'volume': 17133700.0}, {'date': Timestamp('2025-09-08 00:00:00'), 'volume': 11482000.0}, {'date': Timestamp('2025-09-01 00:00:00'), 'volume': 8082900.0}, {'date': Timestamp('2025-08-18 00:00:00'), 'volume': 5138700.0}]"
SGRY,2069068731.5174644,weekly,2025-11-10,29717300.0,273,4,4,True,1.0,"[{'date': Timestamp('2025-11-10 00:00:00'), 'volume': 29717300.0}, {'date': Timestamp('2025-09-15 00:00:00'), 'volume': 7917200.0}, {'date': Timestamp('2025-09-08 00:00:00'), 'volume': 7608600.0}, {'date': Timestamp('2025-08-18 00:00:00'), 'volume': 7076800.0}]"
HASI,5058366133.809086,weekly,2025-11-10,8882200.0,273,5,5,False,0.2990982132634712,"[{'date': Timestamp('2025-11-10 00:00:00'), 'volume': 8882200.0}, {'date': Timestamp('2025-11-03 00:00:00'), 'volume': 8830200.0}, {'date': Timestamp('2025-09-29 00:00:00'), 'volume': 7387100.0}, {'date': Timestamp('2025-09-15 00:00:00'), 'volume': 5641000.0}, {'date': Timestamp('2025-08-18 00:00:00'), 'volume': 4861400.0}]"
DLO,3742686540.1094007,weekly,2025-11-10,25658900.0,273,3,3,False,0.1697205774186549,"[{'date': Timestamp('2025-11-10 00:00:00'), 'volume': 25658900.0}, {'date': Timestamp('2025-09-01 00:00:00'), 'volume': 24014100.0}, {'date': Timestamp('2025-08-18 00:00:00'), 'volume': 14406100.0}]"
ETOR,3239138353.9816127,weekly,2025-11-10,16727400.0,273,6,6,False,0.8875082238587406,"[{'date': Timestamp('2025-11-10 00:00:00'), 'volume': 16727400.0}, {'date': Timestamp('2025-11-03 00:00:00'), 'volume': 5916900.0}, {'date': Timestamp('2025-09-08 00:00:00'), 'volume': 5199000.0}, {'date': Timestamp('2025-09-01 00:00:00'), 'volume': 4471200.0}, {'date': Timestamp('2025-08-25 00:00:00'), 'volume': 3887100.0}, {'date': Timestamp('2025-08-18 00:00:00'), 'volume': 3676200.0}]"
RRR,7018677645.118452,weekly,2025-11-10,13448000.0,273,3,3,False,0.5630382629884403,"[{'date': Timestamp('2025-11-10 00:00:00'), 'volume': 13448000.0}, {'date': Timestamp('2025-11-03 00:00:00'), 'volume': 4892300.0}, {'date': Timestamp('2025-08-18 00:00:00'), 'volume': 4732700.0}]"
TDW,3347867591.408758,weekly,2025-11-08,7285000.0,275,5,5,False,0.5527356049742411,"[{'date': Timestamp('2025-11-08 00:00:00'), 'volume': 7285000.0}, {'date': Timestamp('2025-10-18 00:00:00'), 'volume': 4337100.0}, {'date': Timestamp('2025-09-13 00:00:00'), 'volume': 4070500.0}, {'date': Timestamp('2025-08-30 00:00:00'), 'volume': 3003300.0}, {'date': Timestamp('2025-08-23 00:00:00'), 'volume': 2941200.0}]"
CENX,4585467403.843342,weekly,2025-11-08,22962700.0,275,7,7,False,0.9553660210937988,"[{'date': Timestamp('2025-11-08 00:00:00'), 'volume': 22962700.0}, {'date': Timestamp('2025-10-18 00:00:00'), 'volume': 14860600.0}, {'date': Timestamp('2025-10-04 00:00:00'), 'volume': 12344100.0}, {'date': Timestamp('2025-09-27 00:00:00'), 'volume': 11147500.0}, {'date': Timestamp('2025-09-13 00:00:00'), 'volume': 10248100.0}, {'date': Timestamp('2025-09-06 00:00:00'), 'volume': 10224800.0}, {'date': Timestamp('2025-08-23 00:00:00'), 'volume': 6060400.0}]"
LXP,3277759666.6274366,weekly,2025-11-08,5933120.0,275,5,5,False,0.989212747298185,"[{'date': Timestamp('2025-11-08 00:00:00'), 'volume': 5933120.0}, {'date': Timestamp('2025-11-01 00:00:00'), 'volume': 4566380.0}, {'date': Timestamp('2025-09-27 00:00:00'), 'volume': 4416500.0}, {'date': Timestamp('2025-09-13 00:00:00'), 'volume': 4222140.0}, {'date': Timestamp('2025-08-23 00:00:00'), 'volume': 3673720.0}]"
DXPE,2532947845.720103,weekly,2025-11-08,1638500.0,275,4,4,False,0.6333591032083494,"[{'date': Timestamp('2025-11-08 00:00:00'), 'volume': 1638500.0}, {'date': Timestamp('2025-09-27 00:00:00'), 'volume': 1030500.0}, {'date': Timestamp('2025-09-06 00:00:00'), 'volume': 963700.0}, {'date': Timestamp('2025-08-23 00:00:00'), 'volume': 696400.0}]"
MGNI,2682416834.289261,weekly,2025-11-03,29120600.0,280,4,4,False,0.5687228412120265,"[{'date': Timestamp('2025-11-03 00:00:00'), 'volume': 29120600.0}, {'date': Timestamp('2025-09-15 00:00:00'), 'volume': 18982900.0}, {'date': Timestamp('2025-08-25 00:00:00'), 'volume': 18072800.0}, {'date': Timestamp('2025-08-18 00:00:00'), 'volume': 13832300.0}]"
CON,3861886731.588652,weekly,2025-11-03,9364800.0,280,4,4,False,0.6383030930926837,"[{'date': Timestamp('2025-11-03 00:00:00'), 'volume': 9364800.0}, {'date': Timestamp('2025-09-15 00:00:00'), 'volume': 7014600.0}, {'date': Timestamp('2025-09-08 00:00:00'), 'volume': 6420900.0}, {'date': Timestamp('2025-08-18 00:00:00'), 'volume': 4757100.0}]"
LMND,4521671571.041258,weekly,2025-11-03,28896100.0,280,4,4,False,0.643568568234157,"[{'date': Timestamp('2025-11-03 00:00:00'), 'volume': 28896100.0}, {'date': Timestamp('2025-09-22 00:00:00'), 'volume': 15232000.0}, {'date': Timestamp('2025-09-15 00:00:00'), 'volume': 14582700.0}, {'date': Timestamp('2025-08-18 00:00:00'), 'volume': 12887900.0}]"
CE,5419522357.261242,weekly,2025-11-03,18647300.0,280,3,3,False,0.5174358106326951,"[{'date': Timestamp('2025-11-03 00:00:00'), 'volume': 18647300.0}, {'date': Timestamp('2025-09-22 00:00:00'), 'volume': 11686300.0}, {'date': Timestamp('2025-08-18 00:00:00'), 'volume': 11075100.0}]"
FTDR,5248656109.696231,weekly,2025-11-03,5599300.0,280,4,4,False,0.2642226165084279,"[{'date': Timestamp('2025-11-03 00:00:00'), 'volume': 5599300.0}, {'date': Timestamp('2025-09-08 00:00:00'), 'volume': 3888800.0}, {'date': Timestamp('2025-08-25 00:00:00'), 'volume': 2949300.0}, {'date': Timestamp('2025-08-18 00:00:00'), 'volume': 2811500.0}]"
BSM,2996240492.860215,weekly,2025-11-03,4291600.0,280,3,3,False,0.7476524799219526,"[{'date': Timestamp('2025-11-03 00:00:00'), 'volume': 4291600.0}, {'date': Timestamp('2025-08-25 00:00:00'), 'volume': 3730000.0}, {'date': Timestamp('2025-08-18 00:00:00'), 'volume': 1878600.0}]"
HALO,8891230663.697664,weekly,2025-11-03,20653900.0,280,4,4,False,0.6363622358748098,"[{'date': Timestamp('2025-11-03 00:00:00'), 'volume': 20653900.0}, {'date': Timestamp('2025-09-29 00:00:00'), 'volume': 13576700.0}, {'date': Timestamp('2025-09-15 00:00:00'), 'volume': 11804700.0}, {'date': Timestamp('2025-08-18 00:00:00'), 'volume': 11046200.0}]"
ELF,4008074635.7133207,weekly,2025-11-03,35118900.0,280,3,3,False,0.8181417908361522,"[{'date': Timestamp('2025-11-03 00:00:00'), 'volume': 35118900.0}, {'date': Timestamp('2025-09-15 00:00:00'), 'volume': 9914200.0}, {'date': Timestamp('2025-08-18 00:00:00'), 'volume': 9277200.0}]"
HCI,2303537173.147543,weekly,2025-11-03,1394100.0,280,4,4,False,0.5871625321147286,"[{'date': Timestamp('2025-11-03 00:00:00'), 'volume': 1394100.0}, {'date': Timestamp('2025-09-15 00:00:00'), 'volume': 1253200.0}, {'date': Timestamp('2025-09-08 00:00:00'), 'volume': 855100.0}, {'date': Timestamp('2025-08-18 00:00:00'), 'volume': 634800.0}]"
CAVA,9713920421.59664,weekly,2025-11-03,37868400.0,280,6,6,False,0.4997208992980914,"[{'date': Timestamp('2025-11-03 00:00:00'), 'volume': 37868400.0}, {'date': Timestamp('2025-10-27 00:00:00'), 'volume': 26722300.0}, {'date': Timestamp('2025-09-29 00:00:00'), 'volume': 26219600.0}, {'date': Timestamp('2025-09-15 00:00:00'), 'volume': 23109600.0}, {'date': Timestamp('2025-09-08 00:00:00'), 'volume': 19832900.0}, {'date': Timestamp('2025-08-18 00:00:00'), 'volume': 18104700.0}]"
AUPH,2215806665.6148148,weekly,2025-11-03,17695900.0,280,4,4,False,0.251370785367683,"[{'date': Timestamp('2025-11-03 00:00:00'), 'volume': 17695900.0}, {'date': Timestamp('2025-09-29 00:00:00'), 'volume': 15078600.0}, {'date': Timestamp('2025-09-01 00:00:00'), 'volume': 8096200.0}, {'date': Timestamp('2025-08-18 00:00:00'), 'volume': 7829800.0}]"
BHF,3627701426.254783,weekly,2025-11-03,23778200.0,280,5,5,True,1.0,"[{'date': Timestamp('2025-11-03 00:00:00'), 'volume': 23778200.0}, {'date': Timestamp('2025-09-15 00:00:00'), 'volume': 13764000.0}, {'date': Timestamp('2025-09-08 00:00:00'), 'volume': 6887800.0}, {'date': Timestamp('2025-09-01 00:00:00'), 'volume': 3557200.0}, {'date': Timestamp('2025-08-18 00:00:00'), 'volume': 2811400.0}]"
HCC,4291743649.206693,weekly,2025-11-03,7417300.0,280,5,5,False,0.7874158687020956,"[{'date': Timestamp('2025-11-03 00:00:00'), 'volume': 7417300.0}, {'date': Timestamp('2025-09-15 00:00:00'), 'volume': 5454400.0}, {'date': Timestamp('2025-09-01 00:00:00'), 'volume': 4194600.0}, {'date': Timestamp('2025-08-25 00:00:00'), 'volume': 3149900.0}, {'date': Timestamp('2025-08-18 00:00:00'), 'volume': 3085200.0}]"
PRKS,2221026178.677586,weekly,2025-11-03,12394100.0,280,3,3,False,0.6222843687082958,"[{'date': Timestamp('2025-11-03 00:00:00'), 'volume': 12394100.0}, {'date': Timestamp('2025-09-01 00:00:00'), 'volume': 10142700.0}, {'date': Timestamp('2025-08-18 00:00:00'), 'volume': 3568100.0}]"
LOPE,3851466819.888275,weekly,2025-11-03,3486500.0,280,4,4,False,0.3800994265529948,"[{'date': Timestamp('2025-11-03 00:00:00'), 'volume': 3486500.0}, {'date': Timestamp('2025-10-27 00:00:00'), 'volume': 1401500.0}, {'date': Timestamp('2025-09-15 00:00:00'), 'volume': 1328200.0}, {'date': Timestamp('2025-08-18 00:00:00'), 'volume': 1234500.0}]"
CC,3118833603.836142,weekly,2025-11-03,24743900.0,280,3,3,False,0.6246172487346805,"[{'date': Timestamp('2025-11-03 00:00:00'), 'volume': 24743900.0}, {'date': Timestamp('2025-09-15 00:00:00'), 'volume': 18386500.0}, {'date': Timestamp('2025-08-18 00:00:00'), 'volume': 16898500.0}]"
NCLH,9751499117.262154,weekly,2025-11-03,169298200.0,280,3,3,False,0.3068590709810822,"[{'date': Timestamp('2025-11-03 00:00:00'), 'volume': 169298200.0}, {'date': Timestamp('2025-09-08 00:00:00'), 'volume': 128559100.0}, {'date': Timestamp('2025-08-18 00:00:00'), 'volume': 72825000.0}]"
DRH,2557838070.9242544,weekly,2025-11-03,26089200.0,280,5,5,False,0.5963750077149382,"[{'date': Timestamp('2025-11-03 00:00:00'), 'volume': 26089200.0}, {'date': Timestamp('2025-09-15 00:00:00'), 'volume': 20146500.0}, {'date': Timestamp('2025-09-08 00:00:00'), 'volume': 13805900.0}, {'date': Timestamp('2025-08-25 00:00:00'), 'volume': 11324200.0}, {'date': Timestamp('2025-08-18 00:00:00'), 'volume': 9647700.0}]"
MIDD,7838385327.399197,weekly,2025-11-01,6102200.0,282,3,3,False,0.3682568419782143,"[{'date': Timestamp('2025-11-01 00:00:00'), 'volume': 6102200.0}, {'date': Timestamp('2025-09-13 00:00:00'), 'volume': 4809900.0}, {'date': Timestamp('2025-08-23 00:00:00'), 'volume': 4242200.0}]"
EMN,8085685764.130859,weekly,2025-11-01,42909700.0,282,4,4,True,1.0,"[{'date': Timestamp('2025-11-01 00:00:00'), 'volume': 42909700.0}, {'date': Timestamp('2025-10-25 00:00:00'), 'volume': 11863900.0}, {'date': Timestamp('2025-09-06 00:00:00'), 'volume': 9566600.0}, {'date': Timestamp('2025-08-23 00:00:00'), 'volume': 6433500.0}]"
ATR,8040083468.589575,weekly,2025-11-01,5164500.0,282,4,4,True,1.0,"[{'date': Timestamp('2025-11-01 00:00:00'), 'volume': 5164500.0}, {'date': Timestamp('2025-10-25 00:00:00'), 'volume': 5047100.0}, {'date': Timestamp('2025-09-06 00:00:00'), 'volume': 2677100.0}, {'date': Timestamp('2025-08-23 00:00:00'), 'volume': 2109300.0}]"
PRMB,9053570425.3763,weekly,2025-11-01,85554400.0,282,3,3,True,1.0,"[{'date': Timestamp('2025-11-01 00:00:00'), 'volume': 85554400.0}, {'date': Timestamp('2025-09-13 00:00:00'), 'volume': 35143900.0}, {'date': Timestamp('2025-08-23 00:00:00'), 'volume': 24834900.0}]"
MDU,4573052036.221198,weekly,2025-11-01,18458100.0,282,6,6,False,0.2125083696735873,"[{'date': Timestamp('2025-11-01 00:00:00'), 'volume': 18458100.0}, {'date': Timestamp('2025-09-27 00:00:00'), 'volume': 15318900.0}, {'date': Timestamp('2025-09-20 00:00:00'), 'volume': 14732200.0}, {'date': Timestamp('2025-09-13 00:00:00'), 'volume': 13533000.0}, {'date': Timestamp('2025-09-06 00:00:00'), 'volume': 7506400.0}, {'date': Timestamp('2025-08-23 00:00:00'), 'volume': 7297200.0}]"
CRK,4199850353.431867,weekly,2025-11-01,20646800.0,282,5,5,False,0.3608280933789579,"[{'date': Timestamp('2025-11-01 00:00:00'), 'volume': 20646800.0}, {'date': Timestamp('2025-09-20 00:00:00'), 'volume': 19186100.0}, {'date': Timestamp('2025-09-13 00:00:00'), 'volume': 14662500.0}, {'date': Timestamp('2025-09-06 00:00:00'), 'volume': 10175800.0}, {'date': Timestamp('2025-08-23 00:00:00'), 'volume': 9131100.0}]"
TREX,5165844680.117647,weekly,2025-11-01,44123600.0,282,3,3,True,1.0,"[{'date': Timestamp('2025-11-01 00:00:00'), 'volume': 44123600.0}, {'date': Timestamp('2025-09-13 00:00:00'), 'volume': 13769500.0}, {'date': Timestamp('2025-08-23 00:00:00'), 'volume': 6827600.0}]"
HAE,3512520218.7871685,weekly,2025-11-01,9487200.0,282,4,4,False,0.5058005629958202,"[{'date': Timestamp('2025-11-01 00:00:00'), 'volume': 9487200.0}, {'date': Timestamp('2025-09-13 00:00:00'), 'volume': 9096000.0}, {'date': Timestamp('2025-09-06 00:00:00'), 'volume': 5032100.0}, {'date': Timestamp('2025-08-23 00:00:00'), 'volume': 3628200.0}]"
MD,2026768980.2770636,weekly,2025-11-01,8888800.0,282,4,4,False,0.3714205725412525,"[{'date': Timestamp('2025-11-01 00:00:00'), 'volume': 8888800.0}, {'date': Timestamp('2025-10-25 00:00:00'), 'volume': 4454700.0}, {'date': Timestamp('2025-09-13 00:00:00'), 'volume': 4439600.0}, {'date': Timestamp('2025-08-23 00:00:00'), 'volume': 4024700.0}]"
HSIC,9677228677.344366,weekly,2025-11-01,14068200.0,282,3,3,False,0.5324910293872731,"[{'date': Timestamp('2025-11-01 00:00:00'), 'volume': 14068200.0}, {'date': Timestamp('2025-09-13 00:00:00'), 'volume': 11348800.0}, {'date': Timestamp('2025-08-23 00:00:00'), 'volume': 8371000.0}]"
NOVT,5610648029.585177,weekly,2025-11-01,8708400.0,282,4,4,True,1.0,"[{'date': Timestamp('2025-11-01 00:00:00'), 'volume': 8708400.0}, {'date': Timestamp('2025-10-18 00:00:00'), 'volume': 2544600.0}, {'date': Timestamp('2025-09-20 00:00:00'), 'volume': 2308200.0}, {'date': Timestamp('2025-08-23 00:00:00'), 'volume': 2288300.0}]"
CVSA,4339959224.620651,weekly,2025-11-01,5661900.0,282,4,4,False,0.4642271489947853,"[{'date': Timestamp('2025-11-01 00:00:00'), 'volume': 5661900.0}, {'date': Timestamp('2025-10-25 00:00:00'), 'volume': 4983900.0}, {'date': Timestamp('2025-09-20 00:00:00'), 'volume': 2344600.0}, {'date': Timestamp('2025-08-23 00:00:00'), 'volume': 2053400.0}]"
HLIO,2989704102.7041345,weekly,2025-11-01,3460200.0,282,3,3,False,0.9234587670136108,"[{'date': Timestamp('2025-11-01 00:00:00'), 'volume': 3460200.0}, {'date': Timestamp('2025-10-11 00:00:00'), 'volume': 2258500.0}, {'date': Timestamp('2025-08-23 00:00:00'), 'volume': 1347300.0}]"
BOKF,8451715114.927775,weekly,2025-11-01,3199700.0,282,5,5,False,0.6372000398287364,"[{'date': Timestamp('2025-11-01 00:00:00'), 'volume': 3199700.0}, {'date': Timestamp('2025-10-18 00:00:00'), 'volume': 1682900.0}, {'date': Timestamp('2025-09-13 00:00:00'), 'volume': 1242900.0}, {'date': Timestamp('2025-09-06 00:00:00'), 'volume': 1100200.0}, {'date': Timestamp('2025-08-23 00:00:00'), 'volume': 964900.0}]"
SFM,7724799409.665813,weekly,2025-10-27,27202000.0,287,4,4,True,1.0,"[{'date': Timestamp('2025-10-27 00:00:00'), 'volume': 27202000.0}, {'date': Timestamp('2025-09-15 00:00:00'), 'volume': 14594700.0}, {'date': Timestamp('2025-09-08 00:00:00'), 'volume': 8776500.0}, {'date': Timestamp('2025-08-18 00:00:00'), 'volume': 7794600.0}]"
LRN,3704764201.025665,weekly,2025-10-27,39295700.0,287,4,4,True,1.0,"[{'date': Timestamp('2025-10-27 00:00:00'), 'volume': 39295700.0}, {'date': Timestamp('2025-09-15 00:00:00'), 'volume': 7579100.0}, {'date': Timestamp('2025-08-25 00:00:00'), 'volume': 3310700.0}, {'date': Timestamp('2025-08-18 00:00:00'), 'volume': 3031800.0}]"
GKOS,8482351661.356948,weekly,2025-10-27,13008600.0,287,5,5,False,0.8186040072492952,"[{'date': Timestamp('2025-10-27 00:00:00'), 'volume': 13008600.0}, {'date': Timestamp('2025-10-20 00:00:00'), 'volume': 10211700.0}, {'date': Timestamp('2025-09-15 00:00:00'), 'volume': 5904200.0}, {'date': Timestamp('2025-09-08 00:00:00'), 'volume': 3846400.0}, {'date': Timestamp('2025-08-18 00:00:00'), 'volume': 3176900.0}]"
NTLA,2330567643.510917,weekly,2025-10-27,114979700.0,287,5,5,True,1.0,"[{'date': Timestamp('2025-10-27 00:00:00'), 'volume': 114979700.0}, {'date': Timestamp('2025-09-15 00:00:00'), 'volume': 50041000.0}, {'date': Timestamp('2025-09-08 00:00:00'), 'volume': 23241800.0}, {'date': Timestamp('2025-08-25 00:00:00'), 'volume': 18635700.0}, {'date': Timestamp('2025-08-18 00:00:00'), 'volume': 18353300.0}]"
GTES,7312657918.627843,weekly,2025-10-27,26113800.0,287,6,6,False,0.4452541552143934,"[{'date': Timestamp('2025-10-27 00:00:00'), 'volume': 26113800.0}, {'date': Timestamp('2025-09-15 00:00:00'), 'volume': 16562200.0}, {'date': Timestamp('2025-09-08 00:00:00'), 'volume': 9750900.0}, {'date': Timestamp('2025-09-01 00:00:00'), 'volume': 8808300.0}, {'date': Timestamp('2025-08-25 00:00:00'), 'volume': 8663800.0}, {'date': Timestamp('2025-08-18 00:00:00'), 'volume': 8141600.0}]"
CROX,6348349240.150067,weekly,2025-10-27,13731800.0,287,5,5,False,0.4815640890759249,"[{'date': Timestamp('2025-10-27 00:00:00'), 'volume': 13731800.0}, {'date': Timestamp('2025-09-22 00:00:00'), 'volume': 13311900.0}, {'date': Timestamp('2025-09-15 00:00:00'), 'volume': 12368200.0}, {'date': Timestamp('2025-09-08 00:00:00'), 'volume': 9531900.0}, {'date': Timestamp('2025-08-18 00:00:00'), 'volume': 9114600.0}]"
MUSA,9721675777.699732,weekly,2025-10-27,2977900.0,287,5,5,False,0.6035590506495876,"[{'date': Timestamp('2025-10-27 00:00:00'), 'volume': 2977900.0}, {'date': Timestamp('2025-09-15 00:00:00'), 'volume': 2076700.0}, {'date': Timestamp('2025-09-08 00:00:00'), 'volume': 1626200.0}, {'date': Timestamp('2025-08-25 00:00:00'), 'volume': 1450200.0}, {'date': Timestamp('2025-08-18 00:00:00'), 'volume': 1311800.0}]"
IRT,4086408666.620525,weekly,2025-10-27,26524800.0,287,4,4,False,0.334165656708182,"[{'date': Timestamp('2025-10-27 00:00:00'), 'volume': 26524800.0}, {'date': Timestamp('2025-10-06 00:00:00'), 'volume': 18540800.0}, {'date': Timestamp('2025-09-08 00:00:00'), 'volume': 13426800.0}, {'date': Timestamp('2025-08-18 00:00:00'), 'volume': 12001900.0}]"
ARQT,3377251165.717497,weekly,2025-10-27,24699300.0,287,5,5,False,0.315709753534899,"[{'date': Timestamp('2025-10-27 00:00:00'), 'volume': 24699300.0}, {'date': Timestamp('2025-09-29 00:00:00'), 'volume': 15603300.0}, {'date': Timestamp('2025-09-08 00:00:00'), 'volume': 9736500.0}, {'date': Timestamp('2025-09-01 00:00:00'), 'volume': 7402200.0}, {'date': Timestamp('2025-08-18 00:00:00'), 'volume': 6447200.0}]"
VRNS,4627010327.564833,weekly,2025-10-27,50008300.0,287,3,3,True,1.0,"[{'date': Timestamp('2025-10-27 00:00:00'), 'volume': 50008300.0}, {'date': Timestamp('2025-09-15 00:00:00'), 'volume': 9920600.0}, {'date': Timestamp('2025-08-18 00:00:00'), 'volume': 6987400.0}]"
LUMN,8324912858.634615,weekly,2025-10-25,238090400.0,289,4,4,False,0.2904553806680426,"[{'date': Timestamp('2025-10-25 00:00:00'), 'volume': 238090400.0}, {'date': Timestamp('2025-09-13 00:00:00'), 'volume': 117678800.0}, {'date': Timestamp('2025-09-06 00:00:00'), 'volume': 108053900.0}, {'date': Timestamp('2025-08-23 00:00:00'), 'volume': 72936200.0}]"
KMX,7487229168.24121,weekly,2025-10-25,54857300.0,289,5,5,True,1.0,"[{'date': Timestamp('2025-10-25 00:00:00'), 'volume': 54857300.0}, {'date': Timestamp('2025-09-20 00:00:00'), 'volume': 50686600.0}, {'date': Timestamp('2025-09-13 00:00:00'), 'volume': 15690400.0}, {'date': Timestamp('2025-08-30 00:00:00'), 'volume': 12534100.0}, {'date': Timestamp('2025-08-23 00:00:00'), 'volume': 11899100.0}]"
FLS,9273677259.152422,weekly,2025-10-25,24598900.0,289,4,4,False,0.8178995002610081,"[{'date': Timestamp('2025-10-25 00:00:00'), 'volume': 24598900.0}, {'date': Timestamp('2025-09-13 00:00:00'), 'volume': 14362100.0}, {'date': Timestamp('2025-09-06 00:00:00'), 'volume': 10889600.0}, {'date': Timestamp('2025-08-23 00:00:00'), 'volume': 7239400.0}]"
EAT,7353540745.406493,weekly,2025-10-25,14055000.0,289,3,3,False,0.5045718409063984,"[{'date': Timestamp('2025-10-25 00:00:00'), 'volume': 14055000.0}, {'date': Timestamp('2025-09-13 00:00:00'), 'volume': 8806600.0}, {'date': Timestamp('2025-08-23 00:00:00'), 'volume': 6080500.0}]"
KEX,7317730160.917646,weekly,2025-10-25,8797100.0,289,4,4,True,1.0,"[{'date': Timestamp('2025-10-25 00:00:00'), 'volume': 8797100.0}, {'date': Timestamp('2025-09-06 00:00:00'), 'volume': 6344300.0}, {'date': Timestamp('2025-08-30 00:00:00'), 'volume': 6090800.0}, {'date': Timestamp('2025-08-23 00:00:00'), 'volume': 3094500.0}]"
BOH,3248527172.5410857,weekly,2025-10-25,3455500.0,289,5,5,False,0.2652873210241449,"[{'date': Timestamp('2025-10-25 00:00:00'), 'volume': 3455500.0}, {'date': Timestamp('2025-10-11 00:00:00'), 'volume': 3097300.0}, {'date': Timestamp('2025-09-13 00:00:00'), 'volume': 3003300.0}, {'date': Timestamp('2025-09-06 00:00:00'), 'volume': 1826900.0}, {'date': Timestamp('2025-08-23 00:00:00'), 'volume': 1619800.0}]"
ARE,9623161152.726591,weekly,2025-10-25,32417100.0,289,5,5,True,1.0,"[{'date': Timestamp('2025-10-25 00:00:00'), 'volume': 32417100.0}, {'date': Timestamp('2025-10-04 00:00:00'), 'volume': 13920500.0}, {'date': Timestamp('2025-09-13 00:00:00'), 'volume': 8767500.0}, {'date': Timestamp('2025-09-06 00:00:00'), 'volume': 6970500.0}, {'date': Timestamp('2025-08-23 00:00:00'), 'volume': 5343700.0}]"
NOV,6696858819.855331,weekly,2025-10-25,36117000.0,289,5,5,False,0.3182793159422538,"[{'date': Timestamp('2025-10-25 00:00:00'), 'volume': 36117000.0}, {'date': Timestamp('2025-09-13 00:00:00'), 'volume': 21317200.0}, {'date': Timestamp('2025-09-06 00:00:00'), 'volume': 15857200.0}, {'date': Timestamp('2025-08-30 00:00:00'), 'volume': 14898500.0}, {'date': Timestamp('2025-08-23 00:00:00'), 'volume': 14004700.0}]"
GOF,2249776230.0,weekly,2025-10-20,22424400.0,294,6,6,True,1.0,"[{'date': Timestamp('2025-10-20 00:00:00'), 'volume': 22424400.0}, {'date': Timestamp('2025-10-13 00:00:00'), 'volume': 13009700.0}, {'date': Timestamp('2025-10-06 00:00:00'), 'volume': 6276900.0}, {'date': Timestamp('2025-09-15 00:00:00'), 'volume': 5614500.0}, {'date': Timestamp('2025-09-08 00:00:00'), 'volume': 5501500.0}, {'date': Timestamp('2025-08-18 00:00:00'), 'volume': 5131600.0}]"
PTY,2501386656.0,weekly,2025-10-20,8670300.0,294,6,6,False,0.891941938337774,"[{'date': Timestamp('2025-10-20 00:00:00'), 'volume': 8670300.0}, {'date': Timestamp('2025-10-13 00:00:00'), 'volume': 6391300.0}, {'date': Timestamp('2025-10-06 00:00:00'), 'volume': 4931300.0}, {'date': Timestamp('2025-09-29 00:00:00'), 'volume': 3723600.0}, {'date': Timestamp('2025-09-08 00:00:00'), 'volume': 3587700.0}, {'date': Timestamp('2025-08-18 00:00:00'), 'volume': 3314200.0}]"
WH,6540560456.563399,weekly,2025-10-20,10778100.0,294,6,6,False,0.7765985041718906,"[{'date': Timestamp('2025-10-20 00:00:00'), 'volume': 10778100.0}, {'date': Timestamp('2025-10-13 00:00:00'), 'volume': 5117900.0}, {'date': Timestamp('2025-09-08 00:00:00'), 'volume': 5042900.0}, {'date': Timestamp('2025-09-01 00:00:00'), 'volume': 3608200.0}, {'date': Timestamp('2025-08-25 00:00:00'), 'volume': 3289000.0}, {'date': Timestamp('2025-08-18 00:00:00'), 'volume': 3189100.0}]"
EPRT,6621451102.817763,weekly,2025-10-20,15758100.0,294,5,5,False,0.9296156024352258,"[{'date': Timestamp('2025-10-20 00:00:00'), 'volume': 15758100.0}, {'date': Timestamp('2025-09-15 00:00:00'), 'volume': 12419100.0}, {'date': Timestamp('2025-09-08 00:00:00'), 'volume': 8690500.0}, {'date': Timestamp('2025-09-01 00:00:00'), 'volume': 6341900.0}, {'date': Timestamp('2025-08-18 00:00:00'), 'volume': 5829700.0}]"
PDI,7601959080.0,weekly,2025-10-20,35069000.0,294,6,6,True,1.0,"[{'date': Timestamp('2025-10-20 00:00:00'), 'volume': 35069000.0}, {'date': Timestamp('2025-10-13 00:00:00'), 'volume': 18666700.0}, {'date': Timestamp('2025-09-08 00:00:00'), 'volume': 15483900.0}, {'date': Timestamp('2025-09-01 00:00:00'), 'volume': 11812100.0}, {'date': Timestamp('2025-08-25 00:00:00'), 'volume': 8457100.0}, {'date': Timestamp('2025-08-18 00:00:00'), 'volume': 8368500.0}]"
MTDR,6196493672.224881,weekly,2025-10-20,19735100.0,294,4,4,False,0.1854419199037792,"[{'date': Timestamp('2025-10-20 00:00:00'), 'volume': 19735100.0}, {'date': Timestamp('2025-09-29 00:00:00'), 'volume': 9923100.0}, {'date': Timestamp('2025-09-15 00:00:00'), 'volume': 9595200.0}, {'date': Timestamp('2025-08-18 00:00:00'), 'volume': 6896300.0}]"
UTG,3638866686.0,weekly,2025-10-20,2491900.0,294,4,4,False,0.7796445779362994,"[{'date': Timestamp('2025-10-20 00:00:00'), 'volume': 2491900.0}, {'date': Timestamp('2025-09-29 00:00:00'), 'volume': 1559000.0}, {'date': Timestamp('2025-09-08 00:00:00'), 'volume': 1291400.0}, {'date': Timestamp('2025-08-18 00:00:00'), 'volume': 1115200.0}]"
GNTX,5462214876.356228,weekly,2025-10-18,29150400.0,296,4,4,True,1.0,"[{'date': Timestamp('2025-10-18 00:00:00'), 'volume': 29150400.0}, {'date': Timestamp('2025-10-11 00:00:00'), 'volume': 14410700.0}, {'date': Timestamp('2025-09-13 00:00:00'), 'volume': 13179800.0}, {'date': Timestamp('2025-08-23 00:00:00'), 'volume': 10650800.0}]"
FUN,2249508847.9141083,weekly,2025-10-18,34753700.0,296,4,4,False,0.7039665048897675,"[{'date': Timestamp('2025-10-18 00:00:00'), 'volume': 34753700.0}, {'date': Timestamp('2025-09-06 00:00:00'), 'volume': 24118400.0}, {'date': Timestamp('2025-08-30 00:00:00'), 'volume': 17110700.0}, {'date': Timestamp('2025-08-23 00:00:00'), 'volume': 12720600.0}]"
FBK,2879646287.7756352,weekly,2025-10-13,3583500.0,301,4,4,False,0.5083122925473063,"[{'date': Timestamp('2025-10-13 00:00:00'), 'volume': 3583500.0}, {'date': Timestamp('2025-10-06 00:00:00'), 'volume': 2822500.0}, {'date': Timestamp('2025-09-15 00:00:00'), 'volume': 2625800.0}, {'date': Timestamp('2025-08-18 00:00:00'), 'volume': 2105100.0}]"
MP,9595396478.247034,weekly,2025-10-13,154174400.0,301,4,4,False,0.747063099033793,"[{'date': Timestamp('2025-10-13 00:00:00'), 'volume': 154174400.0}, {'date': Timestamp('2025-10-06 00:00:00'), 'volume': 114796500.0}, {'date': Timestamp('2025-09-15 00:00:00'), 'volume': 84811100.0}, {'date': Timestamp('2025-08-18 00:00:00'), 'volume': 55459000.0}]"
MANU,3952069340.1092906,weekly,2025-10-13,3462600.0,301,6,6,False,0.059781220002348,"[{'date': Timestamp('2025-10-13 00:00:00'), 'volume': 3462600.0}, {'date': Timestamp('2025-09-15 00:00:00'), 'volume': 3251500.0}, {'date': Timestamp('2025-09-08 00:00:00'), 'volume': 1834000.0}, {'date': Timestamp('2025-09-01 00:00:00'), 'volume': 1818800.0}, {'date': Timestamp('2025-08-25 00:00:00'), 'volume': 1090300.0}, {'date': Timestamp('2025-08-18 00:00:00'), 'volume': 817900.0}]"
NAMS,3885888120.8811855,weekly,2025-10-13,10889700.0,301,4,4,False,0.6653489665116791,"[{'date': Timestamp('2025-10-13 00:00:00'), 'volume': 10889700.0}, {'date': Timestamp('2025-09-08 00:00:00'), 'volume': 7907200.0}, {'date': Timestamp('2025-08-25 00:00:00'), 'volume': 4199900.0}, {'date': Timestamp('2025-08-18 00:00:00'), 'volume': 3513900.0}]"
TCBI,4515574683.342022,weekly,2025-10-13,4151300.0,301,2,2,False,0.2262116241812613,"[{'date': Timestamp('2025-10-13 00:00:00'), 'volume': 4151300.0}, {'date': Timestamp('2025-08-18 00:00:00'), 'volume': 2486100.0}]"
LBRT,4383321581.613212,weekly,2025-10-13,46894900.0,301,6,6,False,0.821098395444772,"[{'date': Timestamp('2025-10-13 00:00:00'), 'volume': 46894900.0}, {'date': Timestamp('2025-09-22 00:00:00'), 'volume': 26227800.0}, {'date': Timestamp('2025-09-08 00:00:00'), 'volume': 25431000.0}, {'date': Timestamp('2025-09-01 00:00:00'), 'volume': 16529200.0}, {'date': Timestamp('2025-08-25 00:00:00'), 'volume': 13454900.0}, {'date': Timestamp('2025-08-18 00:00:00'), 'volume': 13391900.0}]"
FLR,7491892822.771355,weekly,2025-10-13,26219400.0,301,3,3,False,0.5712275136655476,"[{'date': Timestamp('2025-10-13 00:00:00'), 'volume': 26219400.0}, {'date': Timestamp('2025-09-15 00:00:00'), 'volume': 23444100.0}, {'date': Timestamp('2025-08-18 00:00:00'), 'volume': 20373100.0}]"
JOBY,8685566547.177002,weekly,2025-10-13,341961000.0,301,4,4,True,1.0,"[{'date': Timestamp('2025-10-13 00:00:00'), 'volume': 341961000.0}, {'date': Timestamp('2025-09-15 00:00:00'), 'volume': 273088300.0}, {'date': Timestamp('2025-09-08 00:00:00'), 'volume': 186226900.0}, {'date': Timestamp('2025-08-18 00:00:00'), 'volume': 148448700.0}]"
GRND,2548590670.79646,weekly,2025-10-13,29090900.0,301,5,5,True,1.0,"[{'date': Timestamp('2025-10-13 00:00:00'), 'volume': 29090900.0}, {'date': Timestamp('2025-10-06 00:00:00'), 'volume': 12145200.0}, {'date': Timestamp('2025-09-15 00:00:00'), 'volume': 11063800.0}, {'date': Timestamp('2025-09-08 00:00:00'), 'volume': 10961400.0}, {'date': Timestamp('2025-08-18 00:00:00'), 'volume': 9998300.0}]"
WAL,8958658840.565168,weekly,2025-10-13,15814100.0,301,4,4,False,0.0761483819895336,"[{'date': Timestamp('2025-10-13 00:00:00'), 'volume': 15814100.0}, {'date': Timestamp('2025-10-06 00:00:00'), 'volume': 10591900.0}, {'date': Timestamp('2025-09-15 00:00:00'), 'volume': 9488900.0}, {'date': Timestamp('2025-08-18 00:00:00'), 'volume': 5273100.0}]"
PGNY,2233255712.925859,weekly,2025-10-13,15277400.0,301,5,5,False,0.3556713391395852,"[{'date': Timestamp('2025-10-13 00:00:00'), 'volume': 15277400.0}, {'date': Timestamp('2025-10-06 00:00:00'), 'volume': 8161200.0}, {'date': Timestamp('2025-09-15 00:00:00'), 'volume': 7815000.0}, {'date': Timestamp('2025-08-25 00:00:00'), 'volume': 5016200.0}, {'date': Timestamp('2025-08-18 00:00:00'), 'volume': 4628100.0}]"
NVTS,4043237933.853108,weekly,2025-10-13,673105500.0,301,7,7,True,1.0,"[{'date': Timestamp('2025-10-13 00:00:00'), 'volume': 673105500.0}, {'date': Timestamp('2025-10-06 00:00:00'), 'volume': 369583600.0}, {'date': Timestamp('2025-09-29 00:00:00'), 'volume': 202903700.0}, {'date': Timestamp('2025-09-15 00:00:00'), 'volume': 118091600.0}, {'date': Timestamp('2025-09-08 00:00:00'), 'volume': 97561700.0}, {'date': Timestamp('2025-08-25 00:00:00'), 'volume': 62923900.0}, {'date': Timestamp('2025-08-18 00:00:00'), 'volume': 54605300.0}]"
SRRK,6561799934.438372,weekly,2025-10-13,27538600.0,301,3,3,False,0.2546599875900117,"[{'date': Timestamp('2025-10-13 00:00:00'), 'volume': 27538600.0}, {'date': Timestamp('2025-09-22 00:00:00'), 'volume': 24607800.0}, {'date': Timestamp('2025-08-18 00:00:00'), 'volume': 12999100.0}]"
LEU,3256240990.4153075,weekly,2025-10-11,9863200.0,303,4,4,False,0.568792313991442,"[{'date': Timestamp('2025-10-11 00:00:00'), 'volume': 9863200.0}, {'date': Timestamp('2025-09-20 00:00:00'), 'volume': 9608300.0}, {'date': Timestamp('2025-09-13 00:00:00'), 'volume': 9035500.0}, {'date': Timestamp('2025-08-23 00:00:00'), 'volume': 7783800.0}]"
POWI,4422495158.118264,weekly,2025-10-11,21504600.0,303,4,4,True,1.0,"[{'date': Timestamp('2025-10-11 00:00:00'), 'volume': 21504600.0}, {'date': Timestamp('2025-09-13 00:00:00'), 'volume': 3955400.0}, {'date': Timestamp('2025-09-06 00:00:00'), 'volume': 2969600.0}, {'date': Timestamp('2025-08-23 00:00:00'), 'volume': 2347300.0}]"
FNB,6848745760.687565,weekly,2025-10-11,143834700.0,303,5,5,True,1.0,"[{'date': Timestamp('2025-10-11 00:00:00'), 'volume': 143834700.0}, {'date': Timestamp('2025-10-04 00:00:00'), 'volume': 57186200.0}, {'date': Timestamp('2025-09-27 00:00:00'), 'volume': 53669200.0}, {'date': Timestamp('2025-09-13 00:00:00'), 'volume': 49315800.0}, {'date': Timestamp('2025-08-23 00:00:00'), 'volume': 44285200.0}]"
ONB,9999332549.0,weekly,2025-10-11,40845700.0,303,5,5,False,0.4214233537481222,"[{'date': Timestamp('2025-10-11 00:00:00'), 'volume': 40845700.0}, {'date': Timestamp('2025-09-27 00:00:00'), 'volume': 31525800.0}, {'date': Timestamp('2025-09-13 00:00:00'), 'volume': 26442300.0}, {'date': Timestamp('2025-09-06 00:00:00'), 'volume': 15817800.0}, {'date': Timestamp('2025-08-23 00:00:00'), 'volume': 14900900.0}]"
CMC,7673406490.333379,weekly,2025-10-11,11396500.0,303,3,3,False,0.5500082043956256,"[{'date': Timestamp('2025-10-11 00:00:00'), 'volume': 11396500.0}, {'date': Timestamp('2025-09-13 00:00:00'), 'volume': 7096000.0}, {'date': Timestamp('2025-08-23 00:00:00'), 'volume': 5095500.0}]"
FR,8711505508.351915,weekly,2025-10-11,8485400.0,303,3,3,False,0.3977332383380831,"[{'date': Timestamp('2025-10-11 00:00:00'), 'volume': 8485400.0}, {'date': Timestamp('2025-09-27 00:00:00'), 'volume': 5348400.0}, {'date': Timestamp('2025-08-23 00:00:00'), 'volume': 5188600.0}]"
CLF,5675626115.195168,weekly,2025-10-11,260158700.0,303,7,7,False,0.7188318813037292,"[{'date': Timestamp('2025-10-11 00:00:00'), 'volume': 260158700.0}, {'date': Timestamp('2025-10-04 00:00:00'), 'volume': 194465000.0}, {'date': Timestamp('2025-09-27 00:00:00'), 'volume': 136442900.0}, {'date': Timestamp('2025-09-20 00:00:00'), 'volume': 126639200.0}, {'date': Timestamp('2025-09-13 00:00:00'), 'volume': 111023700.0}, {'date': Timestamp('2025-09-06 00:00:00'), 'volume': 94145200.0}, {'date': Timestamp('2025-08-23 00:00:00'), 'volume': 76437400.0}]"
HWC,6040587628.720981,weekly,2025-10-11,7202800.0,303,5,5,False,0.6648943044401366,"[{'date': Timestamp('2025-10-11 00:00:00'), 'volume': 7202800.0}, {'date': Timestamp('2025-09-13 00:00:00'), 'volume': 5994200.0}, {'date': Timestamp('2025-09-06 00:00:00'), 'volume': 3955800.0}, {'date': Timestamp('2025-08-30 00:00:00'), 'volume': 2663200.0}, {'date': Timestamp('2025-08-23 00:00:00'), 'volume': 2570400.0}]"
VLY,8156815087.415427,weekly,2025-10-11,99678400.0,303,5,5,True,1.0,"[{'date': Timestamp('2025-10-11 00:00:00'), 'volume': 99678400.0}, {'date': Timestamp('2025-10-04 00:00:00'), 'volume': 55370900.0}, {'date': Timestamp('2025-09-13 00:00:00'), 'volume': 54117600.0}, {'date': Timestamp('2025-09-06 00:00:00'), 'volume': 39835800.0}, {'date': Timestamp('2025-08-23 00:00:00'), 'volume': 34252200.0}]"
BCRX,2526376729.955555,weekly,2025-10-11,74160400.0,303,6,6,False,0.7557378084944635,"[{'date': Timestamp('2025-10-11 00:00:00'), 'volume': 74160400.0}, {'date': Timestamp('2025-10-04 00:00:00'), 'volume': 21239500.0}, {'date': Timestamp('2025-09-13 00:00:00'), 'volume': 17415900.0}, {'date': Timestamp('2025-09-06 00:00:00'), 'volume': 12130100.0}, {'date': Timestamp('2025-08-30 00:00:00'), 'volume': 11033200.0}, {'date': Timestamp('2025-08-23 00:00:00'), 'volume': 10061900.0}]"
OSCR,7921220840.80537,weekly,2025-10-06,113822800.0,308,2,2,False,0.4516702499402787,"[{'date': Timestamp('2025-10-06 00:00:00'), 'volume': 113822800.0}, {'date': Timestamp('2025-08-18 00:00:00'), 'volume': 111421300.0}]"
LEVI,9437991765.811588,weekly,2025-10-06,32014100.0,308,5,5,False,0.6087360789182961,"[{'date': Timestamp('2025-10-06 00:00:00'), 'volume': 32014100.0}, {'date': Timestamp('2025-09-22 00:00:00'), 'volume': 15049000.0}, {'date': Timestamp('2025-09-15 00:00:00'), 'volume': 12577100.0}, {'date': Timestamp('2025-08-25 00:00:00'), 'volume': 9571300.0}, {'date': Timestamp('2025-08-18 00:00:00'), 'volume': 7990200.0}]"
KYN,2328865020.0,weekly,2025-10-06,3527400.0,308,3,3,False,0.1421547687174072,"[{'date': Timestamp('2025-10-06 00:00:00'), 'volume': 3527400.0}, {'date': Timestamp('2025-08-25 00:00:00'), 'volume': 1879900.0}, {'date': Timestamp('2025-08-18 00:00:00'), 'volume': 1446600.0}]"
BULL,3627003393.619048,weekly,2025-10-06,358550400.0,308,4,4,True,1.0,"[{'date': Timestamp('2025-10-06 00:00:00'), 'volume': 358550400.0}, {'date': Timestamp('2025-09-22 00:00:00'), 'volume': 118185900.0}, {'date': Timestamp('2025-08-25 00:00:00'), 'volume': 57156900.0}, {'date': Timestamp('2025-08-18 00:00:00'), 'volume': 57079600.0}]"
CNR,4121830230.998783,weekly,2025-10-06,7899300.0,308,4,4,False,0.6177264089711206,"[{'date': Timestamp('2025-10-06 00:00:00'), 'volume': 7899300.0}, {'date': Timestamp('2025-09-22 00:00:00'), 'volume': 4181100.0}, {'date': Timestamp('2025-09-15 00:00:00'), 'volume': 3558300.0}, {'date': Timestamp('2025-08-18 00:00:00'), 'volume': 3446700.0}]"
PPC,6806946706.819946,weekly,2025-10-04,12722000.0,310,6,6,False,0.6661046855610997,"[{'date': Timestamp('2025-10-04 00:00:00'), 'volume': 12722000.0}, {'date': Timestamp('2025-09-20 00:00:00'), 'volume': 9964400.0}, {'date': Timestamp('2025-09-13 00:00:00'), 'volume': 8984600.0}, {'date': Timestamp('2025-09-06 00:00:00'), 'volume': 7646400.0}, {'date': Timestamp('2025-08-30 00:00:00'), 'volume': 6859500.0}, {'date': Timestamp('2025-08-23 00:00:00'), 'volume': 5387700.0}]"
AZZ,4701802804.838859,weekly,2025-10-04,3228900.0,310,4,4,False,0.6694795770267469,"[{'date': Timestamp('2025-10-04 00:00:00'), 'volume': 3228900.0}, {'date': Timestamp('2025-09-13 00:00:00'), 'volume': 1941800.0}, {'date': Timestamp('2025-09-06 00:00:00'), 'volume': 1279100.0}, {'date': Timestamp('2025-08-23 00:00:00'), 'volume': 1054700.0}]"
VIPS,6208059944.0,weekly,2025-09-29,18622800.0,315,4,4,False,0.0768665929485711,"[{'date': Timestamp('2025-09-29 00:00:00'), 'volume': 18622800.0}, {'date': Timestamp('2025-09-15 00:00:00'), 'volume': 18352900.0}, {'date': Timestamp('2025-09-08 00:00:00'), 'volume': 15359400.0}, {'date': Timestamp('2025-08-18 00:00:00'), 'volume': 13683900.0}]"
XIFR,2322447109.3768363,weekly,2025-09-29,21657500.0,315,3,3,False,0.359177411998839,"[{'date': Timestamp('2025-09-29 00:00:00'), 'volume': 21657500.0}, {'date': Timestamp('2025-09-22 00:00:00'), 'volume': 11831500.0}, {'date': Timestamp('2025-08-18 00:00:00'), 'volume': 9789500.0}]"
BTU,2863518135.9590545,weekly,2025-09-29,37024700.0,315,4,4,False,0.3565439465040113,"[{'date': Timestamp('2025-09-29 00:00:00'), 'volume': 37024700.0}, {'date': Timestamp('2025-09-22 00:00:00'), 'volume': 34695400.0}, {'date': Timestamp('2025-09-15 00:00:00'), 'volume': 34040500.0}, {'date': Timestamp('2025-08-18 00:00:00'), 'volume': 24718000.0}]"
ETSY,7405701701.819305,weekly,2025-09-29,63764000.0,315,4,4,True,1.0,"[{'date': Timestamp('2025-09-29 00:00:00'), 'volume': 63764000.0}, {'date': Timestamp('2025-09-08 00:00:00'), 'volume': 35750900.0}, {'date': Timestamp('2025-08-25 00:00:00'), 'volume': 33271500.0}, {'date': Timestamp('2025-08-18 00:00:00'), 'volume': 21037600.0}]"
CLOV,2849367371.238004,weekly,2025-09-29,85320000.0,315,3,3,False,0.0557307829554467,"[{'date': Timestamp('2025-09-29 00:00:00'), 'volume': 85320000.0}, {'date': Timestamp('2025-09-08 00:00:00'), 'volume': 32751100.0}, {'date': Timestamp('2025-08-18 00:00:00'), 'volume': 27053300.0}]"
NEOG,2085307868.8643532,weekly,2025-09-27,46118600.0,317,4,4,False,0.4761180131277113,"[{'date': Timestamp('2025-09-27 00:00:00'), 'volume': 46118600.0}, {'date': Timestamp('2025-09-13 00:00:00'), 'volume': 40335400.0}, {'date': Timestamp('2025-09-06 00:00:00'), 'volume': 39509400.0}, {'date': Timestamp('2025-08-23 00:00:00'), 'volume': 22542600.0}]"
AIR,5691857494.433037,weekly,2025-09-27,6465800.0,317,5,5,True,1.0,"[{'date': Timestamp('2025-09-27 00:00:00'), 'volume': 6465800.0}, {'date': Timestamp('2025-09-20 00:00:00'), 'volume': 5207500.0}, {'date': Timestamp('2025-09-13 00:00:00'), 'volume': 2412800.0}, {'date': Timestamp('2025-08-30 00:00:00'), 'volume': 1222600.0}, {'date': Timestamp('2025-08-23 00:00:00'), 'volume': 1199000.0}]"
UNFI,2973305408.757853,weekly,2025-09-27,12076000.0,317,3,3,False,0.3108877652946689,"[{'date': Timestamp('2025-09-27 00:00:00'), 'volume': 12076000.0}, {'date': Timestamp('2025-09-13 00:00:00'), 'volume': 7662500.0}, {'date': Timestamp('2025-08-23 00:00:00'), 'volume': 4385900.0}]"
WTM,5192487185.650304,weekly,2025-09-27,229400.0,317,3,3,False,0.4598115854880737,"[{'date': Timestamp('2025-09-27 00:00:00'), 'volume': 229400.0}, {'date': Timestamp('2025-09-06 00:00:00'), 'volume': 211300.0}, {'date': Timestamp('2025-08-23 00:00:00'), 'volume': 134100.0}]"
QURE,2970772058.1594706,weekly,2025-09-22,101591800.0,322,4,4,False,0.7773149557981205,"[{'date': Timestamp('2025-09-22 00:00:00'), 'volume': 101591800.0}, {'date': Timestamp('2025-09-15 00:00:00'), 'volume': 9945200.0}, {'date': Timestamp('2025-09-01 00:00:00'), 'volume': 5729900.0}, {'date': Timestamp('2025-08-18 00:00:00'), 'volume': 3683100.0}]"
KC,2611872611.2382,weekly,2025-09-22,18697400.0,322,3,3,False,0.1029132348311217,"[{'date': Timestamp('2025-09-22 00:00:00'), 'volume': 18697400.0}, {'date': Timestamp('2025-09-08 00:00:00'), 'volume': 18479400.0}, {'date': Timestamp('2025-08-18 00:00:00'), 'volume': 12328500.0}]"
MBX,2489826960.3585467,weekly,2025-09-22,41350900.0,322,4,4,True,1.0,"[{'date': Timestamp('2025-09-22 00:00:00'), 'volume': 41350900.0}, {'date': Timestamp('2025-09-15 00:00:00'), 'volume': 3524000.0}, {'date': Timestamp('2025-09-08 00:00:00'), 'volume': 2352500.0}, {'date': Timestamp('2025-08-18 00:00:00'), 'volume': 1537000.0}]"
ACMR,7221941893.346436,weekly,2025-09-22,22603800.0,322,3,3,False,0.891967720932068,"[{'date': Timestamp('2025-09-22 00:00:00'), 'volume': 22603800.0}, {'date': Timestamp('2025-09-15 00:00:00'), 'volume': 11512200.0}, {'date': Timestamp('2025-08-18 00:00:00'), 'volume': 9387400.0}]"
ACAD,4335692111.620574,weekly,2025-09-22,17332100.0,322,4,4,False,0.3371603759086957,"[{'date': Timestamp('2025-09-22 00:00:00'), 'volume': 17332100.0}, {'date': Timestamp('2025-09-15 00:00:00'), 'volume': 11485700.0}, {'date': Timestamp('2025-08-25 00:00:00'), 'volume': 10378700.0}, {'date': Timestamp('2025-08-18 00:00:00'), 'volume': 8771600.0}]"
CAAP,4167574633.3333335,weekly,2025-09-22,2002900.0,322,4,4,False,0.0854122423218961,"[{'date': Timestamp('2025-09-22 00:00:00'), 'volume': 2002900.0}, {'date': Timestamp('2025-09-08 00:00:00'), 'volume': 1691700.0}, {'date': Timestamp('2025-08-25 00:00:00'), 'volume': 1031700.0}, {'date': Timestamp('2025-08-18 00:00:00'), 'volume': 919400.0}]"
LQDA,6951509457.082424,weekly,2025-09-22,21146200.0,322,3,3,False,0.4952816820586809,"[{'date': Timestamp('2025-09-22 00:00:00'), 'volume': 21146200.0}, {'date': Timestamp('2025-09-15 00:00:00'), 'volume': 13550500.0}, {'date': Timestamp('2025-08-18 00:00:00'), 'volume': 12309800.0}]"
REYN,5652781010.49715,weekly,2025-09-22,17067300.0,322,3,3,False,0.6513789128991138,"[{'date': Timestamp('2025-09-22 00:00:00'), 'volume': 17067300.0}, {'date': Timestamp('2025-08-25 00:00:00'), 'volume': 4574900.0}, {'date': Timestamp('2025-08-18 00:00:00'), 'volume': 3725200.0}]"
WOR,2775405958.6977124,weekly,2025-09-20,3429300.0,324,4,4,False,0.2440647423132381,"[{'date': Timestamp('2025-09-20 00:00:00'), 'volume': 3429300.0}, {'date': Timestamp('2025-09-13 00:00:00'), 'volume': 1512200.0}, {'date': Timestamp('2025-09-06 00:00:00'), 'volume': 1178800.0}, {'date': Timestamp('2025-08-23 00:00:00'), 'volume': 874000.0}]"
QRVO,8262723753.136623,weekly,2025-09-18,21450000.0,326,4,4,False,0.5433612402315301,"[{'date': Timestamp('2025-09-18 00:00:00'), 'volume': 21450000.0}, {'date': Timestamp('2025-09-11 00:00:00'), 'volume': 10063100.0}, {'date': Timestamp('2025-09-04 00:00:00'), 'volume': 9737800.0}, {'date': Timestamp('2025-08-28 00:00:00'), 'volume': 5113300.0}]"
EQX,7662220554.908751,weekly,2025-09-16,140200700.0,328,4,4,True,1.0,"[{'date': Timestamp('2025-09-16 00:00:00'), 'volume': 140200700.0}, {'date': Timestamp('2025-09-09 00:00:00'), 'volume': 96415400.0}, {'date': Timestamp('2025-09-02 00:00:00'), 'volume': 95158000.0}, {'date': Timestamp('2025-08-26 00:00:00'), 'volume': 43033800.0}]"
QTWO,2999186275.8079014,weekly,2025-09-15,18825000.0,329,3,3,True,1.0,"[{'date': Timestamp('2025-09-15 00:00:00'), 'volume': 18825000.0}, {'date': Timestamp('2025-09-08 00:00:00'), 'volume': 7571000.0}, {'date': Timestamp('2025-08-18 00:00:00'), 'volume': 3950500.0}]"
CCS,2066786856.1127737,weekly,2025-09-15,2919000.0,329,3,3,False,0.5165366034931252,"[{'date': Timestamp('2025-09-15 00:00:00'), 'volume': 2919000.0}, {'date': Timestamp('2025-09-01 00:00:00'), 'volume': 1395000.0}, {'date': Timestamp('2025-08-18 00:00:00'), 'volume': 1392600.0}]"
CRC,4769173916.21216,weekly,2025-09-15,9163500.0,329,4,4,False,0.3971628439174078,"[{'date': Timestamp('2025-09-15 00:00:00'), 'volume': 9163500.0}, {'date': Timestamp('2025-09-08 00:00:00'), 'volume': 5321300.0}, {'date': Timestamp('2025-09-01 00:00:00'), 'volume': 4059600.0}, {'date': Timestamp('2025-08-18 00:00:00'), 'volume': 3777500.0}]"
CNO,4902663527.6316,weekly,2025-09-15,7185600.0,329,3,3,False,0.5346189902236508,"[{'date': Timestamp('2025-09-15 00:00:00'), 'volume': 7185600.0}, {'date': Timestamp('2025-09-08 00:00:00'), 'volume': 3406100.0}, {'date': Timestamp('2025-08-18 00:00:00'), 'volume': 3405100.0}]"
UEC,5344621732.351275,weekly,2025-09-15,119216400.0,329,4,4,True,1.0,"[{'date': Timestamp('2025-09-15 00:00:00'), 'volume': 119216400.0}, {'date': Timestamp('2025-09-08 00:00:00'), 'volume': 67432300.0}, {'date': Timestamp('2025-08-25 00:00:00'), 'volume': 62423000.0}, {'date': Timestamp('2025-08-18 00:00:00'), 'volume': 59178300.0}]"
PAGS,2517077076.088101,weekly,2025-09-15,36757600.0,329,3,3,False,0.5488879663836433,"[{'date': Timestamp('2025-09-15 00:00:00'), 'volume': 36757600.0}, {'date': Timestamp('2025-08-25 00:00:00'), 'volume': 26531200.0}, {'date': Timestamp('2025-08-18 00:00:00'), 'volume': 19295300.0}]"
PEB,2160817521.783069,weekly,2025-09-15,36218000.0,329,3,3,False,0.8115951122335336,"[{'date': Timestamp('2025-09-15 00:00:00'), 'volume': 36218000.0}, {'date': Timestamp('2025-08-25 00:00:00'), 'volume': 14100500.0}, {'date': Timestamp('2025-08-18 00:00:00'), 'volume': 7516200.0}]"
GNW,3623267327.876597,weekly,2025-09-15,27901900.0,329,2,2,False,0.1591849146336315,"[{'date': Timestamp('2025-09-15 00:00:00'), 'volume': 27901900.0}, {'date': Timestamp('2025-08-18 00:00:00'), 'volume': 19320000.0}]"
LYFT,5418069611.480113,weekly,2025-09-15,207080600.0,329,4,4,False,0.6400447795146702,"[{'date': Timestamp('2025-09-15 00:00:00'), 'volume': 207080600.0}, {'date': Timestamp('2025-09-08 00:00:00'), 'volume': 117880500.0}, {'date': Timestamp('2025-09-01 00:00:00'), 'volume': 107386900.0}, {'date': Timestamp('2025-08-18 00:00:00'), 'volume': 89679300.0}]"
PHIN,3140083757.91648,weekly,2025-09-15,4009400.0,329,2,2,False,0.1851959629552645,"[{'date': Timestamp('2025-09-15 00:00:00'), 'volume': 4009400.0}, {'date': Timestamp('2025-08-18 00:00:00'), 'volume': 2112400.0}]"
JXN,7444378988.389515,weekly,2025-09-15,7225400.0,329,3,3,False,0.1642767335635732,"[{'date': Timestamp('2025-09-15 00:00:00'), 'volume': 7225400.0}, {'date': Timestamp('2025-09-08 00:00:00'), 'volume': 2859100.0}, {'date': Timestamp('2025-08-18 00:00:00'), 'volume': 2469000.0}]"
HAYW,3577719643.7466,weekly,2025-09-15,27089000.0,329,2,2,False,0.56651400129661,"[{'date': Timestamp('2025-09-15 00:00:00'), 'volume': 27089000.0}, {'date': Timestamp('2025-08-18 00:00:00'), 'volume': 11558300.0}]"
NE,6115395756.119223,weekly,2025-09-15,37912000.0,329,4,4,True,1.0,"[{'date': Timestamp('2025-09-15 00:00:00'), 'volume': 37912000.0}, {'date': Timestamp('2025-09-08 00:00:00'), 'volume': 16095700.0}, {'date': Timestamp('2025-09-01 00:00:00'), 'volume': 9383800.0}, {'date': Timestamp('2025-08-18 00:00:00'), 'volume': 7845000.0}]"
UNIT,2687969348.858639,weekly,2025-09-15,24782400.0,329,4,4,True,1.0,"[{'date': Timestamp('2025-09-15 00:00:00'), 'volume': 24782400.0}, {'date': Timestamp('2025-09-08 00:00:00'), 'volume': 21184400.0}, {'date': Timestamp('2025-08-25 00:00:00'), 'volume': 20450100.0}, {'date': Timestamp('2025-08-18 00:00:00'), 'volume': 10539700.0}]"
USAC,3818572040.85108,weekly,2025-09-15,3144700.0,329,4,4,False,0.2152120502870908,"[{'date': Timestamp('2025-09-15 00:00:00'), 'volume': 3144700.0}, {'date': Timestamp('2025-09-08 00:00:00'), 'volume': 1593800.0}, {'date': Timestamp('2025-08-25 00:00:00'), 'volume': 667500.0}, {'date': Timestamp('2025-08-18 00:00:00'), 'volume': 478600.0}]"
WAY,3817076460.200422,weekly,2025-09-15,39679700.0,329,4,4,True,1.0,"[{'date': Timestamp('2025-09-15 00:00:00'), 'volume': 39679700.0}, {'date': Timestamp('2025-09-08 00:00:00'), 'volume': 22889800.0}, {'date': Timestamp('2025-08-25 00:00:00'), 'volume': 9990100.0}, {'date': Timestamp('2025-08-18 00:00:00'), 'volume': 6850000.0}]"
ACT,6315538015.129034,weekly,2025-09-15,3356600.0,329,4,4,False,0.4110206330741444,"[{'date': Timestamp('2025-09-15 00:00:00'), 'volume': 3356600.0}, {'date': Timestamp('2025-09-08 00:00:00'), 'volume': 2184900.0}, {'date': Timestamp('2025-08-25 00:00:00'), 'volume': 1374500.0}, {'date': Timestamp('2025-08-18 00:00:00'), 'volume': 1118900.0}]"
HGTY,4037847554.527453,weekly,2025-09-15,1800900.0,329,5,5,False,0.4432329994339297,"[{'date': Timestamp('2025-09-15 00:00:00'), 'volume': 1800900.0}, {'date': Timestamp('2025-09-08 00:00:00'), 'volume': 1205200.0}, {'date': Timestamp('2025-09-01 00:00:00'), 'volume': 767200.0}, {'date': Timestamp('2025-08-25 00:00:00'), 'volume': 694800.0}, {'date': Timestamp('2025-08-18 00:00:00'), 'volume': 355700.0}]"
UTF,2664957672.0,weekly,2025-09-15,4012700.0,329,4,4,False,0.7201026487689326,"[{'date': Timestamp('2025-09-15 00:00:00'), 'volume': 4012700.0}, {'date': Timestamp('2025-09-08 00:00:00'), 'volume': 2175300.0}, {'date': Timestamp('2025-08-25 00:00:00'), 'volume': 1044600.0}, {'date': Timestamp('2025-08-18 00:00:00'), 'volume': 674500.0}]"
GHC,4996045238.941521,weekly,2025-09-13,356500.0,331,2,2,False,0.6251095914431001,"[{'date': Timestamp('2025-09-13 00:00:00'), 'volume': 356500.0}, {'date': Timestamp('2025-08-23 00:00:00'), 'volume': 194400.0}]"
MTG,5887889106.421052,weekly,2025-09-13,20452200.0,331,2,2,False,0.2124941427536902,"[{'date': Timestamp('2025-09-13 00:00:00'), 'volume': 20452200.0}, {'date': Timestamp('2025-08-23 00:00:00'), 'volume': 7226000.0}]"
KTOS,8852818623.124784,weekly,2025-09-13,52699800.0,331,3,3,True,1.0,"[{'date': Timestamp('2025-09-13 00:00:00'), 'volume': 52699800.0}, {'date': Timestamp('2025-09-06 00:00:00'), 'volume': 13060900.0}, {'date': Timestamp('2025-08-23 00:00:00'), 'volume': 12150500.0}]"
CENT,2525720980.975281,weekly,2025-09-13,783900.0,331,4,4,False,0.1899995152455281,"[{'date': Timestamp('2025-09-13 00:00:00'), 'volume': 783900.0}, {'date': Timestamp('2025-09-06 00:00:00'), 'volume': 326400.0}, {'date': Timestamp('2025-08-30 00:00:00'), 'volume': 293000.0}, {'date': Timestamp('2025-08-23 00:00:00'), 'volume': 288600.0}]"
IPAR,3457823457.495592,weekly,2025-09-13,2108100.0,331,3,3,False,0.5987049501576212,"[{'date': Timestamp('2025-09-13 00:00:00'), 'volume': 2108100.0}, {'date': Timestamp('2025-09-06 00:00:00'), 'volume': 1515400.0}, {'date': Timestamp('2025-08-23 00:00:00'), 'volume': 810700.0}]"
ANDE,2420562229.150246,weekly,2025-09-13,6078700.0,331,3,3,False,0.8462855710864844,"[{'date': Timestamp('2025-09-13 00:00:00'), 'volume': 6078700.0}, {'date': Timestamp('2025-09-06 00:00:00'), 'volume': 1222700.0}, {'date': Timestamp('2025-08-23 00:00:00'), 'volume': 1122600.0}]"
VCEL,2360884165.1377625,weekly,2025-09-13,6641600.0,331,4,4,False,0.3798564442792187,"[{'date': Timestamp('2025-09-13 00:00:00'), 'volume': 6641600.0}, {'date': Timestamp('2025-09-06 00:00:00'), 'volume': 5019400.0}, {'date': Timestamp('2025-08-30 00:00:00'), 'volume': 3214400.0}, {'date': Timestamp('2025-08-23 00:00:00'), 'volume': 2610500.0}]"
VSAT,8460446729.21,weekly,2025-09-13,29141100.0,331,2,2,False,0.6100752830441482,"[{'date': Timestamp('2025-09-13 00:00:00'), 'volume': 29141100.0}, {'date': Timestamp('2025-08-23 00:00:00'), 'volume': 28725800.0}]"
KGS,7697085536.295566,weekly,2025-09-08,20905900.0,336,2,2,False,0.916547563723728,"[{'date': Timestamp('2025-09-08 00:00:00'), 'volume': 20905900.0}, {'date': Timestamp('2025-08-18 00:00:00'), 'volume': 7414700.0}]"
MIR,4622098826.767732,weekly,2025-09-08,52343500.0,336,4,4,True,1.0,"[{'date': Timestamp('2025-09-08 00:00:00'), 'volume': 52343500.0}, {'date': Timestamp('2025-09-01 00:00:00'), 'volume': 15111200.0}, {'date': Timestamp('2025-08-25 00:00:00'), 'volume': 10594200.0}, {'date': Timestamp('2025-08-18 00:00:00'), 'volume': 9034800.0}]"
SPHR,6079305972.142548,weekly,2025-09-08,10924800.0,336,3,3,False,0.5214527438224021,"[{'date': Timestamp('2025-09-08 00:00:00'), 'volume': 10924800.0}, {'date': Timestamp('2025-08-25 00:00:00'), 'volume': 5496300.0}, {'date': Timestamp('2025-08-18 00:00:00'), 'volume': 3284200.0}]"
CHWY,7594818893.638369,weekly,2025-09-08,83037500.0,336,2,2,False,0.530609023819976,"[{'date': Timestamp('2025-09-08 00:00:00'), 'volume': 83037500.0}, {'date': Timestamp('2025-08-18 00:00:00'), 'volume': 29096700.0}]"
CVI,2724379247.099963,weekly,2025-09-08,13650100.0,336,2,2,False,0.6756438368369211,"[{'date': Timestamp('2025-09-08 00:00:00'), 'volume': 13650100.0}, {'date': Timestamp('2025-08-18 00:00:00'), 'volume': 11901500.0}]"
IRDM,4601271481.330784,weekly,2025-09-08,38115000.0,336,3,3,True,1.0,"[{'date': Timestamp('2025-09-08 00:00:00'), 'volume': 38115000.0}, {'date': Timestamp('2025-08-25 00:00:00'), 'volume': 8061800.0}, {'date': Timestamp('2025-08-18 00:00:00'), 'volume': 6831400.0}]"
CNM,9509573909.875671,weekly,2025-09-08,39802100.0,336,2,2,False,0.8704516924799566,"[{'date': Timestamp('2025-09-08 00:00:00'), 'volume': 39802100.0}, {'date': Timestamp('2025-08-18 00:00:00'), 'volume': 7245100.0}]"
PL,9647816243.766125,weekly,2025-09-08,181710200.0,336,3,3,True,1.0,"[{'date': Timestamp('2025-09-08 00:00:00'), 'volume': 181710200.0}, {'date': Timestamp('2025-08-25 00:00:00'), 'volume': 34583600.0}, {'date': Timestamp('2025-08-18 00:00:00'), 'volume': 25049500.0}]"
GME,9763521785.907663,weekly,2025-09-08,96612300.0,336,4,4,False,0.043189058519714,"[{'date': Timestamp('2025-09-08 00:00:00'), 'volume': 96612300.0}, {'date': Timestamp('2025-09-01 00:00:00'), 'volume': 36053500.0}, {'date': Timestamp('2025-08-25 00:00:00'), 'volume': 30414400.0}, {'date': Timestamp('2025-08-18 00:00:00'), 'volume': 24670600.0}]"
ATRO,3087642325.27642,weekly,2025-09-06,10999000.0,338,2,2,True,1.0,"[{'date': Timestamp('2025-09-06 00:00:00'), 'volume': 10999000.0}, {'date': Timestamp('2025-08-23 00:00:00'), 'volume': 3669800.0}]"
EPR,4567507823.363821,weekly,2025-09-06,7612700.0,338,2,2,False,0.3723283544130449,"[{'date': Timestamp('2025-09-06 00:00:00'), 'volume': 7612700.0}, {'date': Timestamp('2025-08-23 00:00:00'), 'volume': 4816000.0}]"
MLYS,2352068200.616553,weekly,2025-09-01,32363800.0,343,2,2,True,1.0,"[{'date': Timestamp('2025-09-01 00:00:00'), 'volume': 32363800.0}, {'date': Timestamp('2025-08-18 00:00:00'), 'volume': 5514700.0}]"
CTRI,3093647423.307692,weekly,2025-09-01,23277600.0,343,3,3,True,1.0,"[{'date': Timestamp('2025-09-01 00:00:00'), 'volume': 23277600.0}, {'date': Timestamp('2025-08-25 00:00:00'), 'volume': 7062000.0}, {'date': Timestamp('2025-08-18 00:00:00'), 'volume': 6573100.0}]"
JOYY,3346861608.0,weekly,2025-09-01,4723000.0,343,3,3,False,0.0859083401846583,"[{'date': Timestamp('2025-09-01 00:00:00'), 'volume': 4723000.0}, {'date': Timestamp('2025-08-25 00:00:00'), 'volume': 2406100.0}, {'date': Timestamp('2025-08-18 00:00:00'), 'volume': 1463000.0}]"
HQY,7395446887.201005,weekly,2025-09-01,10377900.0,343,3,3,False,0.6844000395687012,"[{'date': Timestamp('2025-09-01 00:00:00'), 'volume': 10377900.0}, {'date': Timestamp('2025-08-25 00:00:00'), 'volume': 5200800.0}, {'date': Timestamp('2025-08-18 00:00:00'), 'volume': 4354700.0}]"
BEAM,3581225381.8670797,weekly,2025-09-01,18268600.0,343,2,2,False,0.8658555659299774,"[{'date': Timestamp('2025-09-01 00:00:00'), 'volume': 18268600.0}, {'date': Timestamp('2025-08-18 00:00:00'), 'volume': 13450900.0}]"
BRKR,9272063134.60371,weekly,2025-09-01,45459000.0,343,2,2,True,1.0,"[{'date': Timestamp('2025-09-01 00:00:00'), 'volume': 45459000.0}, {'date': Timestamp('2025-08-18 00:00:00'), 'volume': 11749800.0}]"
M,6828465744.63502,weekly,2025-08-30,106276900.0,345,2,2,False,0.2684098324511094,"[{'date': Timestamp('2025-08-30 00:00:00'), 'volume': 106276900.0}, {'date': Timestamp('2025-08-23 00:00:00'), 'volume': 39500000.0}]"
AEO,2996211080.4698057,weekly,2025-08-30,180369100.0,345,2,2,True,1.0,"[{'date': Timestamp('2025-08-30 00:00:00'), 'volume': 180369100.0}, {'date': Timestamp('2025-08-23 00:00:00'), 'volume': 55898300.0}]"
ATAT,4332748572.0,weekly,2025-08-25,11810800.0,350,2,2,False,0.782089315039466,"[{'date': Timestamp('2025-08-25 00:00:00'), 'volume': 11810800.0}, {'date': Timestamp('2025-08-18 00:00:00'), 'volume': 5639400.0}]"
CHA,2174701844.0,weekly,2025-08-25,9290700.0,350,2,2,False,0.5832240001506601,"[{'date': Timestamp('2025-08-25 00:00:00'), 'volume': 9290700.0}, {'date': Timestamp('2025-08-18 00:00:00'), 'volume': 5840300.0}]"
KNTK,8316206948.9015,weekly,2025-08-25,13578000.0,350,2,2,False,0.519203413940256,"[{'date': Timestamp('2025-08-25 00:00:00'), 'volume': 13578000.0}, {'date': Timestamp('2025-08-18 00:00:00'), 'volume': 3609800.0}]"
GTLS,9980702124.521164,weekly,2025-07-28,53157200.0,350,2,2,True,1.0,"[{'date': Timestamp('2025-07-28 00:00:00'), 'volume': 53157200}, {'date': Timestamp('2025-07-21 00:00:00'), 'volume': 2140800}]"
GAP,7275174188.693375,weekly,2025-08-23,85231300.0,352,1,1,False,0.4481178600871511,"[{'date': Timestamp('2025-08-23 00:00:00'), 'volume': 85231300.0}]"
KSS,2184083900.118387,weekly,2025-08-23,91124600.0,352,1,1,False,0.2923908418775473,"[{'date': Timestamp('2025-08-23 00:00:00'), 'volume': 91124600.0}]"
COLB,9307115852.73776,weekly,2025-08-23,37240400.0,352,1,1,False,0.710748912130697,"[{'date': Timestamp('2025-08-23 00:00:00'), 'volume': 37240400.0}]"
PGEN,2089154193.5398552,weekly,2025-08-18,92640600.0,357,1,1,False,0.4954795273720714,"[{'date': Timestamp('2025-08-18 00:00:00'), 'volume': 92640600.0}]"
KYIV,3405238471.211616,weekly,2025-08-18,17760800.0,357,1,1,True,1.0,"[{'date': Timestamp('2025-08-18 00:00:00'), 'volume': 17760800.0}]"
RUN,3218029956.816912,weekly,2025-08-18,117240000.0,357,1,1,False,0.5137767455109173,"[{'date': Timestamp('2025-08-18 00:00:00'), 'volume': 117240000.0}]"
BLSH,3500538111.3313527,weekly,2025-08-18,36312200.0,357,1,1,False,0.3641445178059992,"[{'date': Timestamp('2025-08-18 00:00:00'), 'volume': 36312200.0}]"
PARR,2739381833.324404,weekly,2025-08-18,10630400.0,357,1,1,False,0.8334430959325116,"[{'date': Timestamp('2025-08-18 00:00:00'), 'volume': 10630400.0}]"
NWE,4515918592.230964,weekly,2025-08-18,4926000.0,357,1,1,False,0.7802451927645959,"[{'date': Timestamp('2025-08-18 00:00:00'), 'volume': 4926000.0}]"
GTX,6572188168.811483,weekly,2025-08-18,35837300.0,357,1,1,False,0.4621490259191771,"[{'date': Timestamp('2025-08-18 00:00:00'), 'volume': 35837300.0}]"
DK,2930770252.2153907,weekly,2025-08-18,19530000.0,357,1,1,False,0.6412550605958123,"[{'date': Timestamp('2025-08-18 00:00:00'), 'volume': 19530000.0}]"
