ticker,market_cap,timeframe,hve_date,hve_volume,days_since_hve,hve_occ_1y,total_hve_count,all_hve_details,latest_date,latest_volume,latest_close,volume_ratio,data_points
AMSF,631252289.3496703,weekly,2026-08-10,3771559.0,0,4,12,"[{'date': Timestamp('2026-08-10 00:00:00'), 'volume': 3771559.0}, {'date': Timestamp('2026-07-27 00:00:00'), 'volume': 1895812.0}, {'date': Timestamp('2026-06-22 00:00:00'), 'volume': 1848100.0}, {'date': Timestamp('2026-03-16 00:00:00'), 'volume': 1774600.0}, {'date': Timestamp('2024-03-11 00:00:00'), 'volume': 1584200.0}, {'date': Timestamp('2022-12-12 00:00:00'), 'volume': 1021000.0}, {'date': Timestamp('2021-12-13 00:00:00'), 'volume': 980500.0}, {'date': Timestamp('2020-03-16 00:00:00'), 'volume': 836100.0}, {'date': Timestamp('2020-02-24 00:00:00'), 'volume': 723400.0}, {'date': Timestamp('2020-02-17 00:00:00'), 'volume': 611900.0}, {'date': Timestamp('2020-01-13 00:00:00'), 'volume': 464700.0}, {'date': Timestamp('2020-01-06 00:00:00'), 'volume': 447600.0}]",2026-08-10,3771559.0,27.64999961853028,1.0,345
SVV,1564499365.4947164,weekly,2026-08-10,21763369.0,0,2,3,"[{'date': Timestamp('2026-08-10 00:00:00'), 'volume': 21763369.0}, {'date': Timestamp('2025-09-22 00:00:00'), 'volume': 15396400.0}, {'date': Timestamp('2023-06-26 00:00:00'), 'volume': 13107600.0}]",2026-08-10,21763369.0,10.65999984741211,1.0,164
JBSS,1017570583.1927242,weekly,2026-08-10,970784.0,0,1,7,"[{'date': Timestamp('2026-08-10 00:00:00'), 'volume': 970784.0}, {'date': Timestamp('2024-09-14 00:00:00'), 'volume': 918900.0}, {'date': Timestamp('2023-03-11 00:00:00'), 'volume': 894200.0}, {'date': Timestamp('2020-03-07 00:00:00'), 'volume': 684900.0}, {'date': Timestamp('2020-02-22 00:00:00'), 'volume': 627700.0}, {'date': Timestamp('2020-01-25 00:00:00'), 'volume': 491700.0}, {'date': Timestamp('2020-01-04 00:00:00'), 'volume': 435100.0}]",2026-08-10,970784.0,86.75,1.0,346
SLN,472346115.0,weekly,2026-08-10,29403122.0,0,1,10,"[{'date': Timestamp('2026-08-10 00:00:00'), 'volume': 29403122.0}, {'date': Timestamp('2024-11-18 00:00:00'), 'volume': 10328000.0}, {'date': Timestamp('2024-02-05 00:00:00'), 'volume': 2833900.0}, {'date': Timestamp('2023-08-28 00:00:00'), 'volume': 2163800.0}, {'date': Timestamp('2021-11-29 00:00:00'), 'volume': 1356100.0}, {'date': Timestamp('2021-11-22 00:00:00'), 'volume': 106400.0}, {'date': Timestamp('2021-11-15 00:00:00'), 'volume': 97000.0}, {'date': Timestamp('2021-08-30 00:00:00'), 'volume': 26700.0}, {'date': Timestamp('2020-09-14 00:00:00'), 'volume': 18700.0}, {'date': Timestamp('2020-09-07 00:00:00'), 'volume': 8900.0}]",2026-08-10,29403122.0,13.720000267028809,1.0,310
GLOB,1296681984.506311,weekly,2026-08-10,19637156.0,0,1,9,"[{'date': Timestamp('2026-08-10 00:00:00'), 'volume': 19637156.0}, {'date': Timestamp('2025-05-12 00:00:00'), 'volume': 17542300.0}, {'date': Timestamp('2021-11-29 00:00:00'), 'volume': 9710400.0}, {'date': Timestamp('2020-06-22 00:00:00'), 'volume': 4646100.0}, {'date': Timestamp('2020-06-01 00:00:00'), 'volume': 3882100.0}, {'date': Timestamp('2020-03-16 00:00:00'), 'volume': 3142700.0}, {'date': Timestamp('2020-02-24 00:00:00'), 'volume': 2852100.0}, {'date': Timestamp('2020-01-27 00:00:00'), 'volume': 2099600.0}, {'date': Timestamp('2020-01-06 00:00:00'), 'volume': 1284400.0}]",2026-08-10,19637156.0,37.380001068115234,1.0,345
WTBA,459247872.6257242,weekly,2026-08-10,760434.0,0,2,9,"[{'date': Timestamp('2026-08-10 00:00:00'), 'volume': 760434.0}, {'date': Timestamp('2026-06-22 00:00:00'), 'volume': 708500.0}, {'date': Timestamp('2021-06-19 00:00:00'), 'volume': 499100.0}, {'date': Timestamp('2020-03-14 00:00:00'), 'volume': 331500.0}, {'date': Timestamp('2020-03-07 00:00:00'), 'volume': 246400.0}, {'date': Timestamp('2020-02-22 00:00:00'), 'volume': 198900.0}, {'date': Timestamp('2020-02-15 00:00:00'), 'volume': 105800.0}, {'date': Timestamp('2020-01-11 00:00:00'), 'volume': 104000.0}, {'date': Timestamp('2020-01-04 00:00:00'), 'volume': 64800.0}]",2026-08-10,760434.0,29.82999992370605,1.0,346
BWMN,523831406.2325582,weekly,2026-08-10,7220335.0,0,1,2,"[{'date': Timestamp('2026-08-10 00:00:00'), 'volume': 7220335.0}, {'date': Timestamp('2021-05-03 00:00:00'), 'volume': 2471400.0}]",2026-08-10,7220335.0,42.29999923706055,1.0,276
AVAH,1885759958.471698,weekly,2026-08-10,29901632.0,0,2,4,"[{'date': Timestamp('2026-08-10 00:00:00'), 'volume': 29901632.0}, {'date': Timestamp('2026-06-22 00:00:00'), 'volume': 18462800.0}, {'date': Timestamp('2025-08-04 00:00:00'), 'volume': 18075400.0}, {'date': Timestamp('2021-04-26 00:00:00'), 'volume': 14178700.0}]",2026-08-10,29901632.0,12.31999969482422,1.0,277
HZO,831342546.24,weekly,2026-08-10,13667260.0,0,2,9,"[{'date': Timestamp('2026-08-10 00:00:00'), 'volume': 13667260.0}, {'date': Timestamp('2026-01-31 00:00:00'), 'volume': 4957800.0}, {'date': Timestamp('2021-05-08 00:00:00'), 'volume': 4747900.0}, {'date': Timestamp('2021-04-17 00:00:00'), 'volume': 4133400.0}, {'date': Timestamp('2021-01-23 00:00:00'), 'volume': 4113700.0}, {'date': Timestamp('2020-12-12 00:00:00'), 'volume': 3186600.0}, {'date': Timestamp('2020-01-18 00:00:00'), 'volume': 2779100.0}, {'date': Timestamp('2020-01-11 00:00:00'), 'volume': 942800.0}, {'date': Timestamp('2020-01-04 00:00:00'), 'volume': 779900.0}]",2026-08-10,13667260.0,52.02000045776367,1.0,346
VREX,433208983.0,weekly,2026-08-10,21457122.0,0,1,10,"[{'date': Timestamp('2026-08-10 00:00:00'), 'volume': 21457122.0}, {'date': Timestamp('2024-09-16 00:00:00'), 'volume': 12562400.0}, {'date': Timestamp('2020-06-01 00:00:00'), 'volume': 10111800.0}, {'date': Timestamp('2020-05-11 00:00:00'), 'volume': 4533100.0}, {'date': Timestamp('2020-03-09 00:00:00'), 'volume': 1830700.0}, {'date': Timestamp('2020-02-24 00:00:00'), 'volume': 1720500.0}, {'date': Timestamp('2020-02-10 00:00:00'), 'volume': 1623000.0}, {'date': Timestamp('2020-02-03 00:00:00'), 'volume': 993000.0}, {'date': Timestamp('2020-01-27 00:00:00'), 'volume': 872700.0}, {'date': Timestamp('2020-01-06 00:00:00'), 'volume': 772700.0}]",2026-08-10,21457122.0,18.489999771118164,1.0,345
CSV,620290588.0256821,weekly,2026-08-10,1808262.0,0,1,9,"[{'date': Timestamp('2026-08-10 00:00:00'), 'volume': 1808262.0}, {'date': Timestamp('2021-12-11 00:00:00'), 'volume': 1734700.0}, {'date': Timestamp('2020-04-25 00:00:00'), 'volume': 1596300.0}, {'date': Timestamp('2020-03-14 00:00:00'), 'volume': 1245200.0}, {'date': Timestamp('2020-03-07 00:00:00'), 'volume': 1135000.0}, {'date': Timestamp('2020-02-22 00:00:00'), 'volume': 924200.0}, {'date': Timestamp('2020-02-15 00:00:00'), 'volume': 740000.0}, {'date': Timestamp('2020-01-18 00:00:00'), 'volume': 368700.0}, {'date': Timestamp('2020-01-04 00:00:00'), 'volume': 353500.0}]",2026-08-10,1808262.0,36.43999862670898,1.0,346
HTLD,1201865113.013089,weekly,2026-08-10,5899126.0,0,1,10,"[{'date': Timestamp('2026-08-10 00:00:00'), 'volume': 5899126.0}, {'date': Timestamp('2024-04-27 00:00:00'), 'volume': 5122100.0}, {'date': Timestamp('2020-07-18 00:00:00'), 'volume': 4995200.0}, {'date': Timestamp('2020-03-28 00:00:00'), 'volume': 3125400.0}, {'date': Timestamp('2020-03-14 00:00:00'), 'volume': 3051000.0}, {'date': Timestamp('2020-03-07 00:00:00'), 'volume': 2417200.0}, {'date': Timestamp('2020-02-01 00:00:00'), 'volume': 1947800.0}, {'date': Timestamp('2020-01-18 00:00:00'), 'volume': 1484500.0}, {'date': Timestamp('2020-01-11 00:00:00'), 'volume': 1073500.0}, {'date': Timestamp('2020-01-04 00:00:00'), 'volume': 1006400.0}]",2026-08-10,5899126.0,12.789999961853027,1.0,346
WLFC,1717110116.4028404,weekly,2026-08-10,1830039.0,0,3,17,"[{'date': Timestamp('2026-08-10 00:00:00'), 'volume': 1830039.0}, {'date': Timestamp('2026-07-27 00:00:00'), 'volume': 1353641.0}, {'date': Timestamp('2026-05-11 00:00:00'), 'volume': 1123400.0}, {'date': Timestamp('2025-06-07 00:00:00'), 'volume': 1058900.0}, {'date': Timestamp('2025-05-31 00:00:00'), 'volume': 1012000.0}, {'date': Timestamp('2024-11-02 00:00:00'), 'volume': 570300.0}, {'date': Timestamp('2023-06-17 00:00:00'), 'volume': 428900.0}, {'date': Timestamp('2022-06-18 00:00:00'), 'volume': 406900.0}, {'date': Timestamp('2021-03-13 00:00:00'), 'volume': 229900.0}, {'date': Timestamp('2020-05-30 00:00:00'), 'volume': 194500.0}, {'date': Timestamp('2020-03-21 00:00:00'), 'volume': 128500.0}, {'date': Timestamp('2020-03-14 00:00:00'), 'volume': 115000.0}, {'date': Timestamp('2020-02-29 00:00:00'), 'volume': 94700.0}, {'date': Timestamp('2020-02-22 00:00:00'), 'volume': 64000.0}, {'date': Timestamp('2020-01-25 00:00:00'), 'volume': 42100.0}, {'date': Timestamp('2020-01-11 00:00:00'), 'volume': 29700.0}, {'date': Timestamp('2020-01-04 00:00:00'), 'volume': 19400.0}]",2026-08-10,1830039.0,56.93000030517578,1.0,346
MATW,850266450.066439,weekly,2026-08-10,6003042.0,0,3,13,"[{'date': Timestamp('2026-08-10 00:00:00'), 'volume': 6003042.0}, {'date': Timestamp('2026-08-03 00:00:00'), 'volume': 3530200.0}, {'date': Timestamp('2026-06-22 00:00:00'), 'volume': 3105200.0}, {'date': Timestamp('2025-02-01 00:00:00'), 'volume': 2959100.0}, {'date': Timestamp('2020-07-11 00:00:00'), 'volume': 1992700.0}, {'date': Timestamp('2020-06-27 00:00:00'), 'volume': 1954900.0}, {'date': Timestamp('2020-03-14 00:00:00'), 'volume': 1669300.0}, {'date': Timestamp('2020-03-07 00:00:00'), 'volume': 1237300.0}, {'date': Timestamp('2020-02-22 00:00:00'), 'volume': 995000.0}, {'date': Timestamp('2020-01-25 00:00:00'), 'volume': 931000.0}, {'date': Timestamp('2020-01-18 00:00:00'), 'volume': 626500.0}, {'date': Timestamp('2020-01-11 00:00:00'), 'volume': 500100.0}, {'date': Timestamp('2020-01-04 00:00:00'), 'volume': 468500.0}]",2026-08-10,6003042.0,23.25,1.0,346
LINC,1582547170.1053274,weekly,2026-08-10,11641190.0,0,3,11,"[{'date': Timestamp('2026-08-10 00:00:00'), 'volume': 11641190.0}, {'date': Timestamp('2026-02-23 00:00:00'), 'volume': 5008800.0}, {'date': Timestamp('2025-08-11 00:00:00'), 'volume': 4531100.0}, {'date': Timestamp('2023-06-19 00:00:00'), 'volume': 3135800.0}, {'date': Timestamp('2020-08-24 00:00:00'), 'volume': 2981800.0}, {'date': Timestamp('2020-07-20 00:00:00'), 'volume': 1802200.0}, {'date': Timestamp('2020-07-13 00:00:00'), 'volume': 886500.0}, {'date': Timestamp('2020-06-01 00:00:00'), 'volume': 665200.0}, {'date': Timestamp('2020-05-18 00:00:00'), 'volume': 438500.0}, {'date': Timestamp('2020-02-17 00:00:00'), 'volume': 179400.0}, {'date': Timestamp('2020-01-06 00:00:00'), 'volume': 115000.0}]",2026-08-10,11641190.0,29.940000534057617,1.0,345
IIIV,594661903.1119959,weekly,2026-08-10,3515007.0,0,2,6,"[{'date': Timestamp('2026-08-10 00:00:00'), 'volume': 3515007.0}, {'date': Timestamp('2026-02-02 00:00:00'), 'volume': 3356900.0}, {'date': Timestamp('2020-02-10 00:00:00'), 'volume': 3170000.0}, {'date': Timestamp('2020-02-03 00:00:00'), 'volume': 701000.0}, {'date': Timestamp('2020-01-13 00:00:00'), 'volume': 654800.0}, {'date': Timestamp('2020-01-06 00:00:00'), 'volume': 583700.0}]",2026-08-10,3515007.0,16.34000015258789,1.0,345
DV,1660482478.7095478,weekly,2026-08-03,49526200.0,7,1,5,"[{'date': Timestamp('2026-08-03 00:00:00'), 'volume': 49526200.0}, {'date': Timestamp('2024-05-06 00:00:00'), 'volume': 39277000.0}, {'date': Timestamp('2023-01-30 00:00:00'), 'volume': 26221600.0}, {'date': Timestamp('2022-11-07 00:00:00'), 'volume': 14175700.0}, {'date': Timestamp('2021-04-19 00:00:00'), 'volume': 11973100.0}]",2026-08-10,29407053.0,13.289999961853027,0.5937676017946056,278
LMB,968705966.949823,weekly,2026-08-03,3776100.0,7,2,9,"[{'date': Timestamp('2026-08-03 00:00:00'), 'volume': 3776100.0}, {'date': Timestamp('2026-05-04 00:00:00'), 'volume': 3042800.0}, {'date': Timestamp('2021-02-08 00:00:00'), 'volume': 2425300.0}, {'date': Timestamp('2020-11-16 00:00:00'), 'volume': 1900000.0}, {'date': Timestamp('2020-03-16 00:00:00'), 'volume': 1236000.0}, {'date': Timestamp('2020-03-09 00:00:00'), 'volume': 379200.0}, {'date': Timestamp('2020-01-20 00:00:00'), 'volume': 256000.0}, {'date': Timestamp('2020-01-13 00:00:00'), 'volume': 215300.0}, {'date': Timestamp('2020-01-06 00:00:00'), 'volume': 157400.0}]",2026-08-10,2350113.0,45.540000915527344,0.6223651386350997,345
AHCO,1399997303.1137724,weekly,2026-08-03,47161600.0,7,1,12,"[{'date': Timestamp('2026-08-03 00:00:00'), 'volume': 47161600.0}, {'date': Timestamp('2022-08-01 00:00:00'), 'volume': 43083600.0}, {'date': Timestamp('2021-04-12 00:00:00'), 'volume': 19846000.0}, {'date': Timestamp('2021-03-15 00:00:00'), 'volume': 13173700.0}, {'date': Timestamp('2021-01-04 00:00:00'), 'volume': 8933400.0}, {'date': Timestamp('2020-09-14 00:00:00'), 'volume': 5406900.0}, {'date': Timestamp('2020-06-29 00:00:00'), 'volume': 4019400.0}, {'date': Timestamp('2020-06-22 00:00:00'), 'volume': 2239800.0}, {'date': Timestamp('2020-03-16 00:00:00'), 'volume': 1037100.0}, {'date': Timestamp('2020-02-24 00:00:00'), 'volume': 816100.0}, {'date': Timestamp('2020-01-13 00:00:00'), 'volume': 390400.0}, {'date': Timestamp('2020-01-06 00:00:00'), 'volume': 155700.0}]",2026-08-10,24210626.0,5.809999942779541,0.5133546359750305,345
VPG,1700133921.096254,weekly,2026-08-03,4778900.0,7,4,12,"[{'date': Timestamp('2026-08-03 00:00:00'), 'volume': 4778900.0}, {'date': Timestamp('2026-05-11 00:00:00'), 'volume': 4704200.0}, {'date': Timestamp('2026-02-09 00:00:00'), 'volume': 2641600.0}, {'date': Timestamp('2026-01-19 00:00:00'), 'volume': 2579300.0}, {'date': Timestamp('2025-03-31 00:00:00'), 'volume': 2366900.0}, {'date': Timestamp('2020-06-08 00:00:00'), 'volume': 1376000.0}, {'date': Timestamp('2020-03-02 00:00:00'), 'volume': 690200.0}, {'date': Timestamp('2020-02-17 00:00:00'), 'volume': 483800.0}, {'date': Timestamp('2020-02-03 00:00:00'), 'volume': 254200.0}, {'date': Timestamp('2020-01-20 00:00:00'), 'volume': 232100.0}, {'date': Timestamp('2020-01-13 00:00:00'), 'volume': 225900.0}, {'date': Timestamp('2020-01-06 00:00:00'), 'volume': 157800.0}]",2026-08-10,3208462.0,72.72000122070312,0.6713808617045763,345
BV,1363515922.5710309,weekly,2026-08-03,13293900.0,7,1,10,"[{'date': Timestamp('2026-08-03 00:00:00'), 'volume': 13293900.0}, {'date': Timestamp('2024-05-20 00:00:00'), 'volume': 7472800.0}, {'date': Timestamp('2024-04-29 00:00:00'), 'volume': 5971500.0}, {'date': Timestamp('2022-08-08 00:00:00'), 'volume': 5819400.0}, {'date': Timestamp('2020-06-08 00:00:00'), 'volume': 5616800.0}, {'date': Timestamp('2020-03-16 00:00:00'), 'volume': 1848400.0}, {'date': Timestamp('2020-03-02 00:00:00'), 'volume': 1635500.0}, {'date': Timestamp('2020-02-24 00:00:00'), 'volume': 1238900.0}, {'date': Timestamp('2020-02-03 00:00:00'), 'volume': 1219500.0}, {'date': Timestamp('2020-01-06 00:00:00'), 'volume': 609400.0}]",2026-08-10,6002329.0,11.739999771118164,0.4515100158719413,345
ONT,724230090.2078065,weekly,2026-08-03,7393200.0,7,1,3,"[{'date': Timestamp('2026-08-03 00:00:00'), 'volume': 7393200.0}, {'date': Timestamp('2024-09-30 00:00:00'), 'volume': 6693500.0}, {'date': Timestamp('2020-07-20 00:00:00'), 'volume': 6065800.0}]",2026-08-10,3917963.0,17.6200008392334,0.529941432667857,317
BOW,977588327.1270344,weekly,2026-08-03,5004900.0,7,1,2,"[{'date': Timestamp('2026-08-03 00:00:00'), 'volume': 5004900.0}, {'date': Timestamp('2024-05-20 00:00:00'), 'volume': 4326300.0}]",2026-08-10,1271214.0,33.5099983215332,0.2539938859917281,117
RDVT,850485779.7317681,weekly,2026-08-03,1899700.0,7,1,7,"[{'date': Timestamp('2026-08-03 00:00:00'), 'volume': 1899700.0}, {'date': Timestamp('2022-06-20 00:00:00'), 'volume': 1409900.0}, {'date': Timestamp('2020-06-22 00:00:00'), 'volume': 1389400.0}, {'date': Timestamp('2020-03-02 00:00:00'), 'volume': 1043200.0}, {'date': Timestamp('2020-02-24 00:00:00'), 'volume': 514200.0}, {'date': Timestamp('2020-01-13 00:00:00'), 'volume': 329000.0}, {'date': Timestamp('2020-01-06 00:00:00'), 'volume': 238400.0}]",2026-08-10,1863401.0,69.77999877929688,0.980892246144128,345
TCI,430669929.4515123,weekly,2026-08-03,638900.0,7,2,10,"[{'date': Timestamp('2026-08-03 00:00:00'), 'volume': 638900.0}, {'date': Timestamp('2026-07-27 00:00:00'), 'volume': 369987.0}, {'date': Timestamp('2021-06-19 00:00:00'), 'volume': 185800.0}, {'date': Timestamp('2021-05-15 00:00:00'), 'volume': 135200.0}, {'date': Timestamp('2020-06-20 00:00:00'), 'volume': 40600.0}, {'date': Timestamp('2020-03-14 00:00:00'), 'volume': 30600.0}, {'date': Timestamp('2020-03-07 00:00:00'), 'volume': 12400.0}, {'date': Timestamp('2020-02-22 00:00:00'), 'volume': 8400.0}, {'date': Timestamp('2020-01-11 00:00:00'), 'volume': 5500.0}, {'date': Timestamp('2020-01-04 00:00:00'), 'volume': 3300.0}]",2026-08-10,89377.0,35.90999984741211,0.1398920018782282,346
MEC,943278217.0303202,weekly,2026-08-03,4652300.0,7,3,9,"[{'date': Timestamp('2026-08-03 00:00:00'), 'volume': 4652300.0}, {'date': Timestamp('2026-06-01 00:00:00'), 'volume': 4021900.0}, {'date': Timestamp('2026-05-18 00:00:00'), 'volume': 3896400.0}, {'date': Timestamp('2021-09-13 00:00:00'), 'volume': 2866800.0}, {'date': Timestamp('2020-09-14 00:00:00'), 'volume': 775500.0}, {'date': Timestamp('2020-05-04 00:00:00'), 'volume': 399200.0}, {'date': Timestamp('2020-01-27 00:00:00'), 'volume': 387100.0}, {'date': Timestamp('2020-01-13 00:00:00'), 'volume': 165800.0}, {'date': Timestamp('2020-01-06 00:00:00'), 'volume': 131900.0}]",2026-08-10,2502987.0,24.09000015258789,0.5380106613932893,345
SOPH,482397770.86994725,weekly,2026-08-03,4110100.0,7,2,3,"[{'date': Timestamp('2026-08-03 00:00:00'), 'volume': 4110100.0}, {'date': Timestamp('2026-01-12 00:00:00'), 'volume': 3201500.0}, {'date': Timestamp('2021-07-19 00:00:00'), 'volume': 2567400.0}]",2026-08-10,1431678.0,7.5,0.3483316707622685,265
PLOW,1246216549.894845,weekly,2026-08-03,2734300.0,7,1,7,"[{'date': Timestamp('2026-08-03 00:00:00'), 'volume': 2734300.0}, {'date': Timestamp('2024-07-29 00:00:00'), 'volume': 2357600.0}, {'date': Timestamp('2024-04-08 00:00:00'), 'volume': 2343100.0}, {'date': Timestamp('2020-03-23 00:00:00'), 'volume': 1727600.0}, {'date': Timestamp('2020-02-24 00:00:00'), 'volume': 1335400.0}, {'date': Timestamp('2020-01-13 00:00:00'), 'volume': 588500.0}, {'date': Timestamp('2020-01-06 00:00:00'), 'volume': 494000.0}]",2026-08-10,1669060.0,42.27999877929688,0.6104158285484402,345
ASTE,1404159952.4789438,weekly,2026-08-03,2586800.0,7,1,11,"[{'date': Timestamp('2026-08-03 00:00:00'), 'volume': 2586800.0}, {'date': Timestamp('2025-01-11 00:00:00'), 'volume': 2358300.0}, {'date': Timestamp('2024-04-27 00:00:00'), 'volume': 1898500.0}, {'date': Timestamp('2023-12-09 00:00:00'), 'volume': 1655300.0}, {'date': Timestamp('2021-05-01 00:00:00'), 'volume': 1628300.0}, {'date': Timestamp('2020-08-08 00:00:00'), 'volume': 1190600.0}, {'date': Timestamp('2020-08-01 00:00:00'), 'volume': 1185000.0}, {'date': Timestamp('2020-03-14 00:00:00'), 'volume': 1125000.0}, {'date': Timestamp('2020-03-07 00:00:00'), 'volume': 922600.0}, {'date': Timestamp('2020-02-29 00:00:00'), 'volume': 807600.0}, {'date': Timestamp('2020-01-04 00:00:00'), 'volume': 619100.0}]",2026-08-10,1282960.0,43.27999877929688,0.4959641255605381,346
NWPX,1426373559.086681,weekly,2026-07-27,2138787.0,14,5,11,"[{'date': Timestamp('2026-07-27 00:00:00'), 'volume': 2138787.0}, {'date': Timestamp('2026-06-22 00:00:00'), 'volume': 1617000.0}, {'date': Timestamp('2026-04-27 00:00:00'), 'volume': 1085300.0}, {'date': Timestamp('2026-04-13 00:00:00'), 'volume': 1022500.0}, {'date': Timestamp('2026-03-16 00:00:00'), 'volume': 972600.0}, {'date': Timestamp('2023-03-11 00:00:00'), 'volume': 714100.0}, {'date': Timestamp('2021-10-09 00:00:00'), 'volume': 651900.0}, {'date': Timestamp('2020-04-11 00:00:00'), 'volume': 589000.0}, {'date': Timestamp('2020-03-14 00:00:00'), 'volume': 557600.0}, {'date': Timestamp('2020-01-11 00:00:00'), 'volume': 470500.0}, {'date': Timestamp('2020-01-04 00:00:00'), 'volume': 352600.0}]",2026-08-10,833218.0,116.16000366210938,0.3895750254700444,346
PWP,1570592852.9776676,weekly,2026-07-27,12488501.0,14,1,4,"[{'date': Timestamp('2026-07-27 00:00:00'), 'volume': 12488501.0}, {'date': Timestamp('2020-12-28 00:00:00'), 'volume': 10709700.0}, {'date': Timestamp('2020-11-30 00:00:00'), 'volume': 1423900.0}, {'date': Timestamp('2020-11-23 00:00:00'), 'volume': 650300.0}]",2026-08-10,3798674.0,17.3799991607666,0.3041737355027637,299
LXFR,501509003.5757739,weekly,2026-07-27,5728083.0,14,2,8,"[{'date': Timestamp('2026-07-27 00:00:00'), 'volume': 5728083.0}, {'date': Timestamp('2026-03-16 00:00:00'), 'volume': 3800000.0}, {'date': Timestamp('2022-03-14 00:00:00'), 'volume': 2594500.0}, {'date': Timestamp('2022-03-07 00:00:00'), 'volume': 1365300.0}, {'date': Timestamp('2020-06-22 00:00:00'), 'volume': 1188800.0}, {'date': Timestamp('2020-03-02 00:00:00'), 'volume': 1076200.0}, {'date': Timestamp('2020-02-03 00:00:00'), 'volume': 663300.0}, {'date': Timestamp('2020-01-06 00:00:00'), 'volume': 546300.0}]",2026-08-10,761109.0,17.079999923706055,0.132873249217932,345
ORN,664264980.088015,weekly,2026-07-27,8304515.0,14,1,6,"[{'date': Timestamp('2026-07-27 00:00:00'), 'volume': 8304515.0}, {'date': Timestamp('2024-06-24 00:00:00'), 'volume': 8240100.0}, {'date': Timestamp('2020-06-15 00:00:00'), 'volume': 6175600.0}, {'date': Timestamp('2020-03-16 00:00:00'), 'volume': 1454100.0}, {'date': Timestamp('2020-01-13 00:00:00'), 'volume': 1174000.0}, {'date': Timestamp('2020-01-06 00:00:00'), 'volume': 516300.0}]",2026-08-10,2328959.0,9.93000030517578,0.2804449146036824,345
COUR,1643506686.8645835,weekly,2026-07-27,67955120.0,14,3,8,"[{'date': Timestamp('2026-07-27 00:00:00'), 'volume': 67955120.0}, {'date': Timestamp('2026-06-22 00:00:00'), 'volume': 59200400.0}, {'date': Timestamp('2025-12-15 00:00:00'), 'volume': 44422800.0}, {'date': Timestamp('2025-07-21 00:00:00'), 'volume': 38711100.0}, {'date': Timestamp('2024-07-22 00:00:00'), 'volume': 37552800.0}, {'date': Timestamp('2024-04-29 00:00:00'), 'volume': 23100700.0}, {'date': Timestamp('2021-09-13 00:00:00'), 'volume': 20139300.0}, {'date': Timestamp('2021-03-29 00:00:00'), 'volume': 16267600.0}]",2026-08-10,21031948.0,5.78000020980835,0.3094976213712815,281
DMLP,1236787101.8087604,weekly,2026-07-27,2161808.0,14,5,10,"[{'date': Timestamp('2026-07-27 00:00:00'), 'volume': 2161808.0}, {'date': Timestamp('2026-06-15 00:00:00'), 'volume': 1629500.0}, {'date': Timestamp('2025-12-01 00:00:00'), 'volume': 1503500.0}, {'date': Timestamp('2025-11-24 00:00:00'), 'volume': 1442700.0}, {'date': Timestamp('2025-11-03 00:00:00'), 'volume': 1324200.0}, {'date': Timestamp('2022-06-13 00:00:00'), 'volume': 1285500.0}, {'date': Timestamp('2020-03-09 00:00:00'), 'volume': 1211900.0}, {'date': Timestamp('2020-01-20 00:00:00'), 'volume': 843600.0}, {'date': Timestamp('2020-01-13 00:00:00'), 'volume': 432300.0}, {'date': Timestamp('2020-01-06 00:00:00'), 'volume': 311500.0}]",2026-08-10,1066110.0,27.709999084472656,0.493156654059935,345
RRBI,604145854.9911367,weekly,2026-07-27,670577.0,14,3,9,"[{'date': Timestamp('2026-07-27 00:00:00'), 'volume': 670577.0}, {'date': Timestamp('2026-06-08 00:00:00'), 'volume': 569300.0}, {'date': Timestamp('2026-05-04 00:00:00'), 'volume': 475600.0}, {'date': Timestamp('2020-06-15 00:00:00'), 'volume': 474200.0}, {'date': Timestamp('2020-06-08 00:00:00'), 'volume': 148800.0}, {'date': Timestamp('2020-03-16 00:00:00'), 'volume': 112300.0}, {'date': Timestamp('2020-03-09 00:00:00'), 'volume': 92000.0}, {'date': Timestamp('2020-01-13 00:00:00'), 'volume': 74200.0}, {'date': Timestamp('2020-01-06 00:00:00'), 'volume': 71600.0}]",2026-08-10,214102.0,102.6999969482422,0.319280261625436,345
SAFT,1104341003.016278,weekly,2026-07-27,4218783.0,14,2,10,"[{'date': Timestamp('2026-07-27 00:00:00'), 'volume': 4218783.0}, {'date': Timestamp('2026-07-20 00:00:00'), 'volume': 2007000.0}, {'date': Timestamp('2023-03-13 00:00:00'), 'volume': 1390400.0}, {'date': Timestamp('2023-01-30 00:00:00'), 'volume': 891700.0}, {'date': Timestamp('2021-12-13 00:00:00'), 'volume': 733100.0}, {'date': Timestamp('2020-12-14 00:00:00'), 'volume': 711800.0}, {'date': Timestamp('2020-03-16 00:00:00'), 'volume': 711300.0}, {'date': Timestamp('2020-03-09 00:00:00'), 'volume': 564300.0}, {'date': Timestamp('2020-02-24 00:00:00'), 'volume': 354800.0}, {'date': Timestamp('2020-01-06 00:00:00'), 'volume': 310800.0}]",2026-08-10,927165.0,103.3499984741211,0.2197707253489928,345
MYGN,555355466.8950276,weekly,2026-07-27,36167893.0,14,1,6,"[{'date': Timestamp('2026-07-27 00:00:00'), 'volume': 36167893.0}, {'date': Timestamp('2025-05-03 00:00:00'), 'volume': 28268700.0}, {'date': Timestamp('2025-04-26 00:00:00'), 'volume': 14072400.0}, {'date': Timestamp('2020-02-01 00:00:00'), 'volume': 13495600.0}, {'date': Timestamp('2020-01-11 00:00:00'), 'volume': 4135700.0}, {'date': Timestamp('2020-01-04 00:00:00'), 'volume': 3053700.0}]",2026-08-10,8754443.0,3.0299999713897705,0.2420501244017726,346
FIVN,1632344237.4044075,weekly,2026-07-27,46118348.0,14,3,11,"[{'date': Timestamp('2026-07-27 00:00:00'), 'volume': 46118348.0}, {'date': Timestamp('2026-05-04 00:00:00'), 'volume': 26764600.0}, {'date': Timestamp('2026-04-27 00:00:00'), 'volume': 26002800.0}, {'date': Timestamp('2021-07-19 00:00:00'), 'volume': 25905700.0}, {'date': Timestamp('2020-06-22 00:00:00'), 'volume': 13853500.0}, {'date': Timestamp('2020-05-04 00:00:00'), 'volume': 9161000.0}, {'date': Timestamp('2020-03-16 00:00:00'), 'volume': 7383200.0}, {'date': Timestamp('2020-03-02 00:00:00'), 'volume': 5594600.0}, {'date': Timestamp('2020-02-24 00:00:00'), 'volume': 5351300.0}, {'date': Timestamp('2020-02-17 00:00:00'), 'volume': 5140600.0}, {'date': Timestamp('2020-01-06 00:00:00'), 'volume': 5016300.0}]",2026-08-10,13405397.0,33.0,0.2906738333298495,345
MNRO,517035034.06355137,weekly,2026-07-27,10367440.0,14,2,11,"[{'date': Timestamp('2026-07-27 00:00:00'), 'volume': 10367440.0}, {'date': Timestamp('2026-06-15 00:00:00'), 'volume': 9869700.0}, {'date': Timestamp('2025-07-26 00:00:00'), 'volume': 9149400.0}, {'date': Timestamp('2025-05-24 00:00:00'), 'volume': 8199200.0}, {'date': Timestamp('2025-03-29 00:00:00'), 'volume': 7372300.0}, {'date': Timestamp('2025-01-25 00:00:00'), 'volume': 7219000.0}, {'date': Timestamp('2024-05-18 00:00:00'), 'volume': 6177900.0}, {'date': Timestamp('2023-10-21 00:00:00'), 'volume': 4172500.0}, {'date': Timestamp('2020-03-14 00:00:00'), 'volume': 3770200.0}, {'date': Timestamp('2020-01-25 00:00:00'), 'volume': 3108000.0}, {'date': Timestamp('2020-01-04 00:00:00'), 'volume': 1316900.0}]",2026-08-10,7168367.0,11.479999542236328,0.6914307678655482,346
CCB,1177970457.9621162,weekly,2026-07-27,5476160.0,14,3,7,"[{'date': Timestamp('2026-07-27 00:00:00'), 'volume': 5476160.0}, {'date': Timestamp('2026-02-23 00:00:00'), 'volume': 1468800.0}, {'date': Timestamp('2026-02-02 00:00:00'), 'volume': 1409800.0}, {'date': Timestamp('2024-12-09 00:00:00'), 'volume': 1274200.0}, {'date': Timestamp('2023-03-13 00:00:00'), 'volume': 811500.0}, {'date': Timestamp('2022-11-28 00:00:00'), 'volume': 520700.0}, {'date': Timestamp('2020-01-06 00:00:00'), 'volume': 505300.0}]",2026-08-10,1391698.0,52.470001220703125,0.2541375708525682,345
MFM,498260742.0,weekly,2026-07-27,2448119.0,14,2,7,"[{'date': Timestamp('2026-07-27 00:00:00'), 'volume': 2448119.0}, {'date': Timestamp('2026-06-08 00:00:00'), 'volume': 1861200.0}, {'date': Timestamp('2022-04-23 00:00:00'), 'volume': 1536100.0}, {'date': Timestamp('2021-04-03 00:00:00'), 'volume': 1377500.0}, {'date': Timestamp('2020-03-07 00:00:00'), 'volume': 1366300.0}, {'date': Timestamp('2020-02-22 00:00:00'), 'volume': 458200.0}, {'date': Timestamp('2020-01-04 00:00:00'), 'volume': 403400.0}]",2026-08-10,1754040.0,5.480000019073486,0.7164847787219494,346
OOMA,507374977.92307687,weekly,2026-07-27,2963034.0,14,2,10,"[{'date': Timestamp('2026-07-27 00:00:00'), 'volume': 2963034.0}, {'date': Timestamp('2025-12-08 00:00:00'), 'volume': 2886500.0}, {'date': Timestamp('2020-07-06 00:00:00'), 'volume': 2646900.0}, {'date': Timestamp('2020-06-29 00:00:00'), 'volume': 2419000.0}, {'date': Timestamp('2020-06-22 00:00:00'), 'volume': 2173700.0}, {'date': Timestamp('2020-05-25 00:00:00'), 'volume': 1659800.0}, {'date': Timestamp('2020-03-16 00:00:00'), 'volume': 1039100.0}, {'date': Timestamp('2020-03-02 00:00:00'), 'volume': 866600.0}, {'date': Timestamp('2020-01-13 00:00:00'), 'volume': 503100.0}, {'date': Timestamp('2020-01-06 00:00:00'), 'volume': 361100.0}]",2026-08-10,1544630.0,20.82999992370605,0.5213001268294593,345
FEIM,615317251.1378814,weekly,2026-07-27,3983914.0,14,1,9,"[{'date': Timestamp('2026-07-27 00:00:00'), 'volume': 3983914.0}, {'date': Timestamp('2024-07-20 00:00:00'), 'volume': 2870200.0}, {'date': Timestamp('2021-09-25 00:00:00'), 'volume': 1096700.0}, {'date': Timestamp('2021-06-12 00:00:00'), 'volume': 421600.0}, {'date': Timestamp('2020-06-27 00:00:00'), 'volume': 305000.0}, {'date': Timestamp('2020-05-23 00:00:00'), 'volume': 94000.0}, {'date': Timestamp('2020-04-04 00:00:00'), 'volume': 85500.0}, {'date': Timestamp('2020-02-29 00:00:00'), 'volume': 73000.0}, {'date': Timestamp('2020-01-04 00:00:00'), 'volume': 58600.0}]",2026-08-10,1216905.0,78.7300033569336,0.3054546358179418,346
MPTI,404184554.96332383,weekly,2026-07-27,2232886.0,14,3,7,"[{'date': Timestamp('2026-07-27 00:00:00'), 'volume': 2232886.0}, {'date': Timestamp('2026-07-20 00:00:00'), 'volume': 1621800.0}, {'date': Timestamp('2026-03-23 00:00:00'), 'volume': 1211300.0}, {'date': Timestamp('2024-01-01 00:00:00'), 'volume': 890300.0}, {'date': Timestamp('2023-10-09 00:00:00'), 'volume': 823100.0}, {'date': Timestamp('2022-10-10 00:00:00'), 'volume': 357000.0}, {'date': Timestamp('2022-10-03 00:00:00'), 'volume': 78800.0}]",2026-08-10,1179105.0,88.54000091552734,0.5280632329639757,202
CBZ,1693153936.448684,weekly,2026-07-27,26742300.0,14,3,12,"[{'date': Timestamp('2026-07-27 00:00:00'), 'volume': 26742300.0}, {'date': Timestamp('2026-02-23 00:00:00'), 'volume': 13916200.0}, {'date': Timestamp('2026-01-24 00:00:00'), 'volume': 8300700.0}, {'date': Timestamp('2025-07-26 00:00:00'), 'volume': 7700900.0}, {'date': Timestamp('2024-07-27 00:00:00'), 'volume': 4450100.0}, {'date': Timestamp('2024-03-09 00:00:00'), 'volume': 2581000.0}, {'date': Timestamp('2020-02-22 00:00:00'), 'volume': 2568400.0}, {'date': Timestamp('2020-02-15 00:00:00'), 'volume': 1304700.0}, {'date': Timestamp('2020-02-01 00:00:00'), 'volume': 973700.0}, {'date': Timestamp('2020-01-25 00:00:00'), 'volume': 858000.0}, {'date': Timestamp('2020-01-11 00:00:00'), 'volume': 826000.0}, {'date': Timestamp('2020-01-04 00:00:00'), 'volume': 766800.0}]",2026-08-10,7116667.0,54.459999084472656,0.2661202290004973,346
AMTB,977867928.7283655,weekly,2026-07-27,3398484.0,14,1,10,"[{'date': Timestamp('2026-07-27 00:00:00'), 'volume': 3398484.0}, {'date': Timestamp('2024-09-23 00:00:00'), 'volume': 2464100.0}, {'date': Timestamp('2021-12-13 00:00:00'), 'volume': 1639200.0}, {'date': Timestamp('2021-11-15 00:00:00'), 'volume': 1147700.0}, {'date': Timestamp('2021-06-21 00:00:00'), 'volume': 772700.0}, {'date': Timestamp('2021-03-08 00:00:00'), 'volume': 644500.0}, {'date': Timestamp('2020-06-22 00:00:00'), 'volume': 570100.0}, {'date': Timestamp('2020-03-16 00:00:00'), 'volume': 399300.0}, {'date': Timestamp('2020-01-13 00:00:00'), 'volume': 303300.0}, {'date': Timestamp('2020-01-06 00:00:00'), 'volume': 292500.0}]",2026-08-10,2153671.0,29.170000076293945,0.6337152094875245,345
UPBD,1191523806.9959676,weekly,2026-07-27,12531128.0,14,1,7,"[{'date': Timestamp('2026-07-27 00:00:00'), 'volume': 12531128.0}, {'date': Timestamp('2022-02-19 00:00:00'), 'volume': 11004800.0}, {'date': Timestamp('2020-03-14 00:00:00'), 'volume': 7574500.0}, {'date': Timestamp('2020-02-22 00:00:00'), 'volume': 6315900.0}, {'date': Timestamp('2020-02-15 00:00:00'), 'volume': 4033500.0}, {'date': Timestamp('2020-02-01 00:00:00'), 'volume': 3531400.0}, {'date': Timestamp('2020-01-04 00:00:00'), 'volume': 2438000.0}]",2026-08-10,4433851.0,19.6200008392334,0.3538269659363466,346
SHEN,854724862.994012,weekly,2026-07-27,4247802.0,14,1,6,"[{'date': Timestamp('2026-07-27 00:00:00'), 'volume': 4247802.0}, {'date': Timestamp('2021-07-03 00:00:00'), 'volume': 3613900.0}, {'date': Timestamp('2021-06-26 00:00:00'), 'volume': 2244100.0}, {'date': Timestamp('2020-03-14 00:00:00'), 'volume': 2179400.0}, {'date': Timestamp('2020-02-08 00:00:00'), 'volume': 1644500.0}, {'date': Timestamp('2020-01-04 00:00:00'), 'volume': 1305200.0}]",2026-08-10,1900933.0,13.270000457763672,0.4475097944772379,346
DUOT,359995213.2307693,weekly,2026-07-27,7116117.0,14,7,16,"[{'date': Timestamp('2026-07-27 00:00:00'), 'volume': 7116117.0}, {'date': Timestamp('2026-06-22 00:00:00'), 'volume': 6114800.0}, {'date': Timestamp('2026-05-25 00:00:00'), 'volume': 5416700.0}, {'date': Timestamp('2026-03-16 00:00:00'), 'volume': 5214300.0}, {'date': Timestamp('2026-03-02 00:00:00'), 'volume': 4342200.0}, {'date': Timestamp('2026-02-23 00:00:00'), 'volume': 3252500.0}, {'date': Timestamp('2025-08-18 00:00:00'), 'volume': 2895200.0}, {'date': Timestamp('2025-07-28 00:00:00'), 'volume': 2451400.0}, {'date': Timestamp('2025-07-14 00:00:00'), 'volume': 1386500.0}, {'date': Timestamp('2025-02-03 00:00:00'), 'volume': 1090300.0}, {'date': Timestamp('2024-11-18 00:00:00'), 'volume': 971800.0}, {'date': Timestamp('2020-10-19 00:00:00'), 'volume': 690200.0}, {'date': Timestamp('2020-02-10 00:00:00'), 'volume': 344000.0}, {'date': Timestamp('2020-01-27 00:00:00'), 'volume': 27200.0}, {'date': Timestamp('2020-01-13 00:00:00'), 'volume': 11050.0}, {'date': Timestamp('2020-01-06 00:00:00'), 'volume': 2864.0}]",2026-08-10,3249649.0,9.109999656677246,0.4566604230930998,345
LEGH,619272895.7436099,weekly,2026-07-27,1020745.0,14,3,13,"[{'date': Timestamp('2026-07-27 00:00:00'), 'volume': 1020745.0}, {'date': Timestamp('2026-03-16 00:00:00'), 'volume': 967500.0}, {'date': Timestamp('2025-11-10 00:00:00'), 'volume': 966400.0}, {'date': Timestamp('2024-03-18 00:00:00'), 'volume': 934800.0}, {'date': Timestamp('2024-02-12 00:00:00'), 'volume': 568900.0}, {'date': Timestamp('2022-06-13 00:00:00'), 'volume': 559000.0}, {'date': Timestamp('2021-11-08 00:00:00'), 'volume': 409800.0}, {'date': Timestamp('2021-02-01 00:00:00'), 'volume': 402700.0}, {'date': Timestamp('2020-03-09 00:00:00'), 'volume': 384500.0}, {'date': Timestamp('2020-02-24 00:00:00'), 'volume': 279400.0}, {'date': Timestamp('2020-02-03 00:00:00'), 'volume': 134600.0}, {'date': Timestamp('2020-01-13 00:00:00'), 'volume': 129700.0}, {'date': Timestamp('2020-01-06 00:00:00'), 'volume': 85000.0}]",2026-08-10,619694.0,29.32999992370605,0.6070997163836218,345
CMCO,417139869.6441138,weekly,2026-07-27,9367303.0,14,1,6,"[{'date': Timestamp('2026-07-27 00:00:00'), 'volume': 9367303.0}, {'date': Timestamp('2025-02-08 00:00:00'), 'volume': 8810200.0}, {'date': Timestamp('2021-04-24 00:00:00'), 'volume': 2071300.0}, {'date': Timestamp('2020-06-20 00:00:00'), 'volume': 1201500.0}, {'date': Timestamp('2020-01-11 00:00:00'), 'volume': 1194200.0}, {'date': Timestamp('2020-01-04 00:00:00'), 'volume': 920800.0}]",2026-08-10,2505057.0,19.25,0.2674256400161284,346
BH,1267415541.676225,weekly,2026-07-27,1422234.0,14,3,8,"[{'date': Timestamp('2026-07-27 00:00:00'), 'volume': 1422234.0}, {'date': Timestamp('2025-11-15 00:00:00'), 'volume': 1038900.0}, {'date': Timestamp('2025-11-08 00:00:00'), 'volume': 557100.0}, {'date': Timestamp('2025-05-24 00:00:00'), 'volume': 424500.0}, {'date': Timestamp('2024-12-14 00:00:00'), 'volume': 179000.0}, {'date': Timestamp('2020-03-14 00:00:00'), 'volume': 168600.0}, {'date': Timestamp('2020-03-07 00:00:00'), 'volume': 98000.0}, {'date': Timestamp('2020-01-04 00:00:00'), 'volume': 91100.0}]",2026-08-10,986263.0,385.0299987792969,0.6934604291558211,346
HURN,1600593784.992734,weekly,2026-07-27,4702038.0,14,3,9,"[{'date': Timestamp('2026-07-27 00:00:00'), 'volume': 4702038.0}, {'date': Timestamp('2026-02-09 00:00:00'), 'volume': 3052700.0}, {'date': Timestamp('2026-02-02 00:00:00'), 'volume': 1827400.0}, {'date': Timestamp('2025-02-24 00:00:00'), 'volume': 1803800.0}, {'date': Timestamp('2024-07-29 00:00:00'), 'volume': 1582000.0}, {'date': Timestamp('2022-06-20 00:00:00'), 'volume': 1525200.0}, {'date': Timestamp('2020-02-24 00:00:00'), 'volume': 1290400.0}, {'date': Timestamp('2020-02-03 00:00:00'), 'volume': 791900.0}, {'date': Timestamp('2020-01-06 00:00:00'), 'volume': 438500.0}]",2026-08-10,998342.0,151.8699951171875,0.2123211254353963,345
PFIS,671029311.9195579,weekly,2026-07-27,503268.0,14,3,12,"[{'date': Timestamp('2026-07-27 00:00:00'), 'volume': 503268.0}, {'date': Timestamp('2026-07-06 00:00:00'), 'volume': 478300.0}, {'date': Timestamp('2026-06-22 00:00:00'), 'volume': 473500.0}, {'date': Timestamp('2024-06-24 00:00:00'), 'volume': 455400.0}, {'date': Timestamp('2021-12-13 00:00:00'), 'volume': 213400.0}, {'date': Timestamp('2021-09-13 00:00:00'), 'volume': 164600.0}, {'date': Timestamp('2021-02-08 00:00:00'), 'volume': 126000.0}, {'date': Timestamp('2020-09-14 00:00:00'), 'volume': 108900.0}, {'date': Timestamp('2020-03-09 00:00:00'), 'volume': 108000.0}, {'date': Timestamp('2020-03-02 00:00:00'), 'volume': 56200.0}, {'date': Timestamp('2020-02-24 00:00:00'), 'volume': 47100.0}, {'date': Timestamp('2020-01-06 00:00:00'), 'volume': 40500.0}]",2026-08-10,254746.0,71.36000061035156,0.5061835840943593,345
CCIX,398521382.9926471,weekly,2026-07-13,11590600.0,21,2,7,"[{'date': Timestamp('2026-07-13 00:00:00'), 'volume': 11590600.0}, {'date': Timestamp('2026-01-19 00:00:00'), 'volume': 7059900.0}, {'date': Timestamp('2025-06-02 00:00:00'), 'volume': 4967300.0}, {'date': Timestamp('2025-04-28 00:00:00'), 'volume': 1734000.0}, {'date': Timestamp('2024-10-07 00:00:00'), 'volume': 1429200.0}, {'date': Timestamp('2024-06-24 00:00:00'), 'volume': 700600.0}, {'date': Timestamp('2024-06-17 00:00:00'), 'volume': 600.0}]",2026-08-03,0.0,10.880000114440918,0.0,112
NVEC,465238608.422392,weekly,2026-07-20,1673200.0,21,3,10,"[{'date': Timestamp('2026-07-20 00:00:00'), 'volume': 1673200.0}, {'date': Timestamp('2026-06-08 00:00:00'), 'volume': 1655700.0}, {'date': Timestamp('2026-05-11 00:00:00'), 'volume': 1182800.0}, {'date': Timestamp('2023-06-17 00:00:00'), 'volume': 918000.0}, {'date': Timestamp('2022-06-18 00:00:00'), 'volume': 812400.0}, {'date': Timestamp('2020-11-28 00:00:00'), 'volume': 341200.0}, {'date': Timestamp('2020-03-14 00:00:00'), 'volume': 181800.0}, {'date': Timestamp('2020-02-01 00:00:00'), 'volume': 147700.0}, {'date': Timestamp('2020-01-18 00:00:00'), 'volume': 137600.0}, {'date': Timestamp('2020-01-04 00:00:00'), 'volume': 117700.0}]",2026-08-10,1020290.0,121.25,0.6097836480994502,346
WSR,1947590315.7708547,weekly,2026-06-22,9173400.0,21,2,10,"[{'date': Timestamp('2026-06-22 00:00:00'), 'volume': 9173400}, {'date': Timestamp('2026-04-06 00:00:00'), 'volume': 8768300}, {'date': Timestamp('2022-02-14 00:00:00'), 'volume': 6378200}, {'date': Timestamp('2021-09-13 00:00:00'), 'volume': 5113100}, {'date': Timestamp('2020-05-11 00:00:00'), 'volume': 4924000}, {'date': Timestamp('2020-03-16 00:00:00'), 'volume': 3335100}, {'date': Timestamp('2020-03-09 00:00:00'), 'volume': 2990400}, {'date': Timestamp('2020-02-24 00:00:00'), 'volume': 2132500}, {'date': Timestamp('2020-01-27 00:00:00'), 'volume': 976600}, {'date': Timestamp('2020-01-06 00:00:00'), 'volume': 951200}]",2026-07-13,1869600.0,18.989999771118164,0.2038066583818431,341
UTZ,1109361518.1149583,weekly,2026-07-20,95717200.0,21,1,8,"[{'date': Timestamp('2026-07-20 00:00:00'), 'volume': 95717200.0}, {'date': Timestamp('2020-06-01 00:00:00'), 'volume': 18975100.0}, {'date': Timestamp('2020-05-11 00:00:00'), 'volume': 4788500.0}, {'date': Timestamp('2020-03-16 00:00:00'), 'volume': 4641700.0}, {'date': Timestamp('2020-03-09 00:00:00'), 'volume': 1990000.0}, {'date': Timestamp('2020-02-10 00:00:00'), 'volume': 946700.0}, {'date': Timestamp('2020-01-13 00:00:00'), 'volume': 811100.0}, {'date': Timestamp('2020-01-06 00:00:00'), 'volume': 269600.0}]",2026-08-10,9288132.0,14.170000076293944,0.0970372305082054,345
FDP,1390188519.6955605,weekly,2026-06-22,4361200.0,21,1,8,"[{'date': Timestamp('2026-06-22 00:00:00'), 'volume': 4361200}, {'date': Timestamp('2024-12-14 00:00:00'), 'volume': 3840400}, {'date': Timestamp('2020-05-09 00:00:00'), 'volume': 2974700}, {'date': Timestamp('2020-03-14 00:00:00'), 'volume': 2501300}, {'date': Timestamp('2020-03-07 00:00:00'), 'volume': 1837400}, {'date': Timestamp('2020-02-15 00:00:00'), 'volume': 1668100}, {'date': Timestamp('2020-02-01 00:00:00'), 'volume': 777600}, {'date': Timestamp('2020-01-04 00:00:00'), 'volume': 754000}]",2026-07-13,291695.0,29.32999992370605,0.066884114463909,342
LTC,1968438895.585436,weekly,2026-07-13,4118900.0,28,1,5,"[{'date': Timestamp('2026-07-13 00:00:00'), 'volume': 4118900.0}, {'date': Timestamp('2020-03-14 00:00:00'), 'volume': 3905700.0}, {'date': Timestamp('2020-03-07 00:00:00'), 'volume': 3446900.0}, {'date': Timestamp('2020-02-22 00:00:00'), 'volume': 1962300.0}, {'date': Timestamp('2020-01-04 00:00:00'), 'volume': 1235300.0}]",2026-08-10,3111828.0,40.220001220703125,0.755499769355896,346
ATAI,1947601741.3580787,weekly,2026-07-13,230617200.0,28,3,8,"[{'date': Timestamp('2026-07-13 00:00:00'), 'volume': 230617200.0}, {'date': Timestamp('2026-06-22 00:00:00'), 'volume': 88668700.0}, {'date': Timestamp('2026-04-20 00:00:00'), 'volume': 82993200.0}, {'date': Timestamp('2025-06-30 00:00:00'), 'volume': 68689400.0}, {'date': Timestamp('2025-02-03 00:00:00'), 'volume': 35164900.0}, {'date': Timestamp('2024-04-01 00:00:00'), 'volume': 23619700.0}, {'date': Timestamp('2021-12-13 00:00:00'), 'volume': 16220500.0}, {'date': Timestamp('2021-06-14 00:00:00'), 'volume': 8810500.0}]",2026-08-10,27254027.0,7.260000228881836,0.1181786397545369,270
EDD,374489941.0,weekly,2026-07-13,4351300.0,28,1,7,"[{'date': Timestamp('2026-07-13 00:00:00'), 'volume': 4351300.0}, {'date': Timestamp('2024-07-15 00:00:00'), 'volume': 4338300.0}, {'date': Timestamp('2020-03-16 00:00:00'), 'volume': 3795500.0}, {'date': Timestamp('2020-03-09 00:00:00'), 'volume': 2869000.0}, {'date': Timestamp('2020-03-02 00:00:00'), 'volume': 2145400.0}, {'date': Timestamp('2020-02-24 00:00:00'), 'volume': 1580900.0}, {'date': Timestamp('2020-01-06 00:00:00'), 'volume': 1094100.0}]",2026-08-10,2038633.0,5.769999980926514,0.4685112495116402,345
NXG,336290899.1,weekly,2026-07-13,1038500.0,28,3,15,"[{'date': Timestamp('2026-07-13 00:00:00'), 'volume': 1038500.0}, {'date': Timestamp('2026-05-11 00:00:00'), 'volume': 873900.0}, {'date': Timestamp('2026-03-30 00:00:00'), 'volume': 831600.0}, {'date': Timestamp('2025-07-14 00:00:00'), 'volume': 445700.0}, {'date': Timestamp('2025-04-07 00:00:00'), 'volume': 375300.0}, {'date': Timestamp('2025-03-03 00:00:00'), 'volume': 359400.0}, {'date': Timestamp('2024-12-02 00:00:00'), 'volume': 348100.0}, {'date': Timestamp('2024-06-17 00:00:00'), 'volume': 329300.0}, {'date': Timestamp('2022-01-24 00:00:00'), 'volume': 301000.0}, {'date': Timestamp('2020-06-01 00:00:00'), 'volume': 296700.0}, {'date': Timestamp('2020-03-09 00:00:00'), 'volume': 266975.0}, {'date': Timestamp('2020-02-24 00:00:00'), 'volume': 127375.0}, {'date': Timestamp('2020-01-27 00:00:00'), 'volume': 109300.0}, {'date': Timestamp('2020-01-13 00:00:00'), 'volume': 98100.0}, {'date': Timestamp('2020-01-06 00:00:00'), 'volume': 91300.0}]",2026-08-10,525921.0,62.86000061035156,0.5064236880115551,345
GSBC,861107649.1935484,weekly,2026-07-13,913700.0,28,2,10,"[{'date': Timestamp('2026-07-13 00:00:00'), 'volume': 913700.0}, {'date': Timestamp('2026-04-27 00:00:00'), 'volume': 646700.0}, {'date': Timestamp('2025-06-21 00:00:00'), 'volume': 596500.0}, {'date': Timestamp('2021-12-11 00:00:00'), 'volume': 454100.0}, {'date': Timestamp('2020-03-14 00:00:00'), 'volume': 439000.0}, {'date': Timestamp('2020-03-07 00:00:00'), 'volume': 370800.0}, {'date': Timestamp('2020-02-22 00:00:00'), 'volume': 245200.0}, {'date': Timestamp('2020-01-18 00:00:00'), 'volume': 145000.0}, {'date': Timestamp('2020-01-11 00:00:00'), 'volume': 128000.0}, {'date': Timestamp('2020-01-04 00:00:00'), 'volume': 109400.0}]",2026-08-10,544766.0,81.58999633789062,0.5962197657874576,346
DSGR,1285149430.045405,weekly,2026-07-13,2856800.0,28,2,9,"[{'date': Timestamp('2026-07-13 00:00:00'), 'volume': 2856800.0}, {'date': Timestamp('2026-03-16 00:00:00'), 'volume': 2340000.0}, {'date': Timestamp('2022-09-10 00:00:00'), 'volume': 2227000.0}, {'date': Timestamp('2022-06-11 00:00:00'), 'volume': 1702400.0}, {'date': Timestamp('2022-01-08 00:00:00'), 'volume': 718800.0}, {'date': Timestamp('2020-03-14 00:00:00'), 'volume': 355400.0}, {'date': Timestamp('2020-03-07 00:00:00'), 'volume': 348000.0}, {'date': Timestamp('2020-02-22 00:00:00'), 'volume': 347000.0}, {'date': Timestamp('2020-01-04 00:00:00'), 'volume': 194000.0}]",2026-08-10,1201154.0,34.959999084472656,0.4204543545225427,346
PFL,380935630.0,weekly,2026-07-13,2709000.0,28,1,4,"[{'date': Timestamp('2026-07-13 00:00:00'), 'volume': 2709000.0}, {'date': Timestamp('2020-03-16 00:00:00'), 'volume': 2333000.0}, {'date': Timestamp('2020-02-24 00:00:00'), 'volume': 2270700.0}, {'date': Timestamp('2020-01-06 00:00:00'), 'volume': 705800.0}]",2026-08-10,849505.0,7.75,0.3135861941675895,345
TCBK,1720299839.9529412,weekly,2026-07-13,3931800.0,28,2,9,"[{'date': Timestamp('2026-07-13 00:00:00'), 'volume': 3931800.0}, {'date': Timestamp('2026-06-22 00:00:00'), 'volume': 1415100.0}, {'date': Timestamp('2022-06-11 00:00:00'), 'volume': 1411900.0}, {'date': Timestamp('2020-03-14 00:00:00'), 'volume': 1018500.0}, {'date': Timestamp('2020-03-07 00:00:00'), 'volume': 743400.0}, {'date': Timestamp('2020-02-29 00:00:00'), 'volume': 710700.0}, {'date': Timestamp('2020-02-22 00:00:00'), 'volume': 441600.0}, {'date': Timestamp('2020-01-11 00:00:00'), 'volume': 397700.0}, {'date': Timestamp('2020-01-04 00:00:00'), 'volume': 253400.0}]",2026-08-10,1100672.0,57.56999969482422,0.2799409939467928,346
ARI,1411611418.5589602,weekly,2026-07-13,58195800.0,28,1,7,"[{'date': Timestamp('2026-07-13 00:00:00'), 'volume': 58195800.0}, {'date': Timestamp('2020-03-23 00:00:00'), 'volume': 34023500.0}, {'date': Timestamp('2020-03-16 00:00:00'), 'volume': 22615700.0}, {'date': Timestamp('2020-02-24 00:00:00'), 'volume': 17868100.0}, {'date': Timestamp('2020-02-10 00:00:00'), 'volume': 8025300.0}, {'date': Timestamp('2020-01-13 00:00:00'), 'volume': 5880200.0}, {'date': Timestamp('2020-01-06 00:00:00'), 'volume': 5020700.0}]",2026-08-10,24473380.0,6.829999923706055,0.4205351588946281,345
SAR,362608106.1475112,weekly,2026-07-06,2209900.0,35,1,7,"[{'date': Timestamp('2026-07-06 00:00:00'), 'volume': 2209900.0}, {'date': Timestamp('2023-12-04 00:00:00'), 'volume': 1680600.0}, {'date': Timestamp('2023-07-24 00:00:00'), 'volume': 1669900.0}, {'date': Timestamp('2020-03-16 00:00:00'), 'volume': 1526500.0}, {'date': Timestamp('2020-02-24 00:00:00'), 'volume': 1028700.0}, {'date': Timestamp('2020-01-13 00:00:00'), 'volume': 769300.0}, {'date': Timestamp('2020-01-06 00:00:00'), 'volume': 761400.0}]",2026-08-10,686413.0,18.89999961853028,0.3106081723154894,345
FDUS,712782946.7699836,weekly,2026-07-06,4492800.0,35,1,8,"[{'date': Timestamp('2026-07-06 00:00:00'), 'volume': 4492800.0}, {'date': Timestamp('2023-08-07 00:00:00'), 'volume': 4101300.0}, {'date': Timestamp('2020-03-23 00:00:00'), 'volume': 2651400.0}, {'date': Timestamp('2020-03-16 00:00:00'), 'volume': 2580400.0}, {'date': Timestamp('2020-03-09 00:00:00'), 'volume': 1932300.0}, {'date': Timestamp('2020-02-24 00:00:00'), 'volume': 1342500.0}, {'date': Timestamp('2020-02-10 00:00:00'), 'volume': 509300.0}, {'date': Timestamp('2020-01-06 00:00:00'), 'volume': 468400.0}]",2026-08-10,2189776.0,19.59000015258789,0.4873967236467236,345
PGC,850304991.0411639,weekly,2026-07-06,1719100.0,35,3,7,"[{'date': Timestamp('2026-07-06 00:00:00'), 'volume': 1719100.0}, {'date': Timestamp('2025-11-15 00:00:00'), 'volume': 1347200.0}, {'date': Timestamp('2025-10-11 00:00:00'), 'volume': 1205700.0}, {'date': Timestamp('2020-03-14 00:00:00'), 'volume': 1086000.0}, {'date': Timestamp('2020-03-07 00:00:00'), 'volume': 465500.0}, {'date': Timestamp('2020-01-11 00:00:00'), 'volume': 427500.0}, {'date': Timestamp('2020-01-04 00:00:00'), 'volume': 206100.0}]",2026-08-10,922829.0,46.68000030517578,0.5368093769995929,346
SOC,1136110965.3333333,weekly,2026-06-29,213880200.0,42,6,22,"[{'date': Timestamp('2026-06-29 00:00:00'), 'volume': 213880200.0}, {'date': Timestamp('2025-12-15 00:00:00'), 'volume': 86869800.0}, {'date': Timestamp('2025-11-10 00:00:00'), 'volume': 63462900.0}, {'date': Timestamp('2025-11-03 00:00:00'), 'volume': 52856700.0}, {'date': Timestamp('2025-10-13 00:00:00'), 'volume': 39314100.0}, {'date': Timestamp('2025-09-08 00:00:00'), 'volume': 38652900.0}, {'date': Timestamp('2025-07-14 00:00:00'), 'volume': 25304600.0}, {'date': Timestamp('2025-05-19 00:00:00'), 'volume': 24292500.0}, {'date': Timestamp('2025-04-07 00:00:00'), 'volume': 15566600.0}, {'date': Timestamp('2025-02-10 00:00:00'), 'volume': 14036700.0}, {'date': Timestamp('2024-09-02 00:00:00'), 'volume': 12249700.0}, {'date': Timestamp('2024-06-24 00:00:00'), 'volume': 8953800.0}, {'date': Timestamp('2022-11-28 00:00:00'), 'volume': 6715400.0}, {'date': Timestamp('2022-11-07 00:00:00'), 'volume': 6017000.0}, {'date': Timestamp('2022-08-29 00:00:00'), 'volume': 1841200.0}, {'date': Timestamp('2022-05-16 00:00:00'), 'volume': 1542900.0}, {'date': Timestamp('2022-03-14 00:00:00'), 'volume': 1513900.0}, {'date': Timestamp('2022-02-14 00:00:00'), 'volume': 1337500.0}, {'date': Timestamp('2021-07-19 00:00:00'), 'volume': 983800.0}, {'date': Timestamp('2021-06-28 00:00:00'), 'volume': 591400.0}, {'date': Timestamp('2021-05-10 00:00:00'), 'volume': 521600.0}, {'date': Timestamp('2021-04-19 00:00:00'), 'volume': 479200.0}]",2026-08-10,63797374.0,4.150000095367432,0.2982855542495284,278
BWB,581089396.7239206,weekly,2026-06-22,2463700.0,49,1,12,"[{'date': Timestamp('2026-06-22 00:00:00'), 'volume': 2463700.0}, {'date': Timestamp('2025-04-21 00:00:00'), 'volume': 1596600.0}, {'date': Timestamp('2023-03-13 00:00:00'), 'volume': 1104500.0}, {'date': Timestamp('2023-03-06 00:00:00'), 'volume': 768400.0}, {'date': Timestamp('2023-01-23 00:00:00'), 'volume': 728700.0}, {'date': Timestamp('2021-03-01 00:00:00'), 'volume': 682700.0}, {'date': Timestamp('2020-03-09 00:00:00'), 'volume': 666700.0}, {'date': Timestamp('2020-03-02 00:00:00'), 'volume': 349500.0}, {'date': Timestamp('2020-02-24 00:00:00'), 'volume': 343000.0}, {'date': Timestamp('2020-02-03 00:00:00'), 'volume': 292400.0}, {'date': Timestamp('2020-01-27 00:00:00'), 'volume': 289400.0}, {'date': Timestamp('2020-01-06 00:00:00'), 'volume': 242600.0}]",2026-08-10,1010663.0,22.229999542236328,0.4102216178917888,345
RBB,458115764.89830506,weekly,2026-06-22,1822600.0,49,2,7,"[{'date': Timestamp('2026-06-22 00:00:00'), 'volume': 1822600.0}, {'date': Timestamp('2026-06-15 00:00:00'), 'volume': 1375400.0}, {'date': Timestamp('2021-06-21 00:00:00'), 'volume': 1079900.0}, {'date': Timestamp('2020-03-09 00:00:00'), 'volume': 580200.0}, {'date': Timestamp('2020-03-02 00:00:00'), 'volume': 419700.0}, {'date': Timestamp('2020-02-24 00:00:00'), 'volume': 227200.0}, {'date': Timestamp('2020-01-06 00:00:00'), 'volume': 142800.0}]",2026-08-10,506923.0,27.59000015258789,0.2781317897509053,345
MPB,877948790.149883,weekly,2026-06-22,1459400.0,49,2,10,"[{'date': Timestamp('2026-06-22 00:00:00'), 'volume': 1459400.0}, {'date': Timestamp('2026-04-06 00:00:00'), 'volume': 1398500.0}, {'date': Timestamp('2025-04-26 00:00:00'), 'volume': 1163100.0}, {'date': Timestamp('2021-11-27 00:00:00'), 'volume': 900900.0}, {'date': Timestamp('2021-06-19 00:00:00'), 'volume': 767100.0}, {'date': Timestamp('2021-04-24 00:00:00'), 'volume': 659500.0}, {'date': Timestamp('2021-02-27 00:00:00'), 'volume': 116200.0}, {'date': Timestamp('2020-03-14 00:00:00'), 'volume': 114900.0}, {'date': Timestamp('2020-01-11 00:00:00'), 'volume': 107800.0}, {'date': Timestamp('2020-01-04 00:00:00'), 'volume': 41500.0}]",2026-08-10,722732.0,38.43000030517578,0.4952254351103193,346
CTS,1858539191.6342416,weekly,2026-06-22,3108600.0,49,1,10,"[{'date': Timestamp('2026-06-22 00:00:00'), 'volume': 3108600.0}, {'date': Timestamp('2023-12-09 00:00:00'), 'volume': 2754500.0}, {'date': Timestamp('2023-06-10 00:00:00'), 'volume': 1994500.0}, {'date': Timestamp('2022-10-22 00:00:00'), 'volume': 1807400.0}, {'date': Timestamp('2021-05-15 00:00:00'), 'volume': 1734300.0}, {'date': Timestamp('2020-09-12 00:00:00'), 'volume': 1575300.0}, {'date': Timestamp('2020-05-16 00:00:00'), 'volume': 1298300.0}, {'date': Timestamp('2020-03-14 00:00:00'), 'volume': 1089600.0}, {'date': Timestamp('2020-03-07 00:00:00'), 'volume': 875800.0}, {'date': Timestamp('2020-01-04 00:00:00'), 'volume': 647300.0}]",2026-08-10,912659.0,63.470001220703125,0.2935916489738145,346
HBT,1155099219.1097405,weekly,2026-06-22,1937600.0,49,2,6,"[{'date': Timestamp('2026-06-22 00:00:00'), 'volume': 1937600.0}, {'date': Timestamp('2026-06-15 00:00:00'), 'volume': 1307400.0}, {'date': Timestamp('2023-03-13 00:00:00'), 'volume': 974900.0}, {'date': Timestamp('2020-03-23 00:00:00'), 'volume': 784600.0}, {'date': Timestamp('2020-01-13 00:00:00'), 'volume': 480100.0}, {'date': Timestamp('2020-01-06 00:00:00'), 'volume': 349600.0}]",2026-08-10,851083.0,37.18999862670898,0.4392459744013212,345
CWBC,729910130.0640783,weekly,2026-06-22,4327700.0,49,2,7,"[{'date': Timestamp('2026-06-22 00:00:00'), 'volume': 4327700.0}, {'date': Timestamp('2026-06-08 00:00:00'), 'volume': 2558400.0}, {'date': Timestamp('2021-06-19 00:00:00'), 'volume': 2006900.0}, {'date': Timestamp('2020-03-07 00:00:00'), 'volume': 559700.0}, {'date': Timestamp('2020-01-25 00:00:00'), 'volume': 246100.0}, {'date': Timestamp('2020-01-11 00:00:00'), 'volume': 175200.0}, {'date': Timestamp('2020-01-04 00:00:00'), 'volume': 95900.0}]",2026-08-10,1320259.0,26.11000061035156,0.3050717471174065,346
FMNB,874605834.1951724,weekly,2026-06-22,3942400.0,49,3,9,"[{'date': Timestamp('2026-06-22 00:00:00'), 'volume': 3942400.0}, {'date': Timestamp('2026-01-31 00:00:00'), 'volume': 3618600.0}, {'date': Timestamp('2026-01-24 00:00:00'), 'volume': 2080500.0}, {'date': Timestamp('2023-03-11 00:00:00'), 'volume': 1882000.0}, {'date': Timestamp('2021-10-23 00:00:00'), 'volume': 1304100.0}, {'date': Timestamp('2020-02-01 00:00:00'), 'volume': 856300.0}, {'date': Timestamp('2020-01-25 00:00:00'), 'volume': 791800.0}, {'date': Timestamp('2020-01-18 00:00:00'), 'volume': 476800.0}, {'date': Timestamp('2020-01-04 00:00:00'), 'volume': 231000.0}]",2026-08-10,2505623.0,16.309999465942383,0.6355577820616883,346
ALNT,1659369448.3056912,weekly,2026-06-22,1975600.0,49,5,15,"[{'date': Timestamp('2026-06-22 00:00:00'), 'volume': 1975600.0}, {'date': Timestamp('2026-05-11 00:00:00'), 'volume': 1628300.0}, {'date': Timestamp('2025-11-01 00:00:00'), 'volume': 1546700.0}, {'date': Timestamp('2025-10-11 00:00:00'), 'volume': 1508100.0}, {'date': Timestamp('2025-10-04 00:00:00'), 'volume': 1394600.0}, {'date': Timestamp('2025-08-02 00:00:00'), 'volume': 1289000.0}, {'date': Timestamp('2024-11-02 00:00:00'), 'volume': 1202600.0}, {'date': Timestamp('2024-06-22 00:00:00'), 'volume': 1076300.0}, {'date': Timestamp('2024-03-02 00:00:00'), 'volume': 889100.0}, {'date': Timestamp('2023-07-29 00:00:00'), 'volume': 800200.0}, {'date': Timestamp('2020-03-07 00:00:00'), 'volume': 584850.0}, {'date': Timestamp('2020-02-01 00:00:00'), 'volume': 380100.0}, {'date': Timestamp('2020-01-25 00:00:00'), 'volume': 311400.0}, {'date': Timestamp('2020-01-11 00:00:00'), 'volume': 264000.0}, {'date': Timestamp('2020-01-04 00:00:00'), 'volume': 186750.0}]",2026-08-10,1514786.0,111.41000366210938,0.7667473172707026,346
CBAN,436735575.7837838,weekly,2026-06-22,3390900.0,49,1,15,"[{'date': Timestamp('2026-06-22 00:00:00'), 'volume': 3390900.0}, {'date': Timestamp('2022-06-18 00:00:00'), 'volume': 2430400.0}, {'date': Timestamp('2021-08-07 00:00:00'), 'volume': 1538900.0}, {'date': Timestamp('2021-06-19 00:00:00'), 'volume': 1208500.0}, {'date': Timestamp('2021-06-12 00:00:00'), 'volume': 326100.0}, {'date': Timestamp('2021-04-24 00:00:00'), 'volume': 226100.0}, {'date': Timestamp('2021-03-13 00:00:00'), 'volume': 214600.0}, {'date': Timestamp('2021-03-06 00:00:00'), 'volume': 165300.0}, {'date': Timestamp('2020-06-20 00:00:00'), 'volume': 152700.0}, {'date': Timestamp('2020-03-21 00:00:00'), 'volume': 143700.0}, {'date': Timestamp('2020-03-14 00:00:00'), 'volume': 120800.0}, {'date': Timestamp('2020-03-07 00:00:00'), 'volume': 116300.0}, {'date': Timestamp('2020-02-29 00:00:00'), 'volume': 86200.0}, {'date': Timestamp('2020-01-11 00:00:00'), 'volume': 62800.0}, {'date': Timestamp('2020-01-04 00:00:00'), 'volume': 32100.0}]",2026-08-10,770391.0,22.270000457763672,0.2271936653985667,346
KRNY,602074097.0394738,weekly,2026-06-22,5801300.0,49,1,9,"[{'date': Timestamp('2026-06-22 00:00:00'), 'volume': 5801300.0}, {'date': Timestamp('2024-02-05 00:00:00'), 'volume': 4196700.0}, {'date': Timestamp('2020-03-09 00:00:00'), 'volume': 4026700.0}, {'date': Timestamp('2020-03-02 00:00:00'), 'volume': 2427500.0}, {'date': Timestamp('2020-02-24 00:00:00'), 'volume': 2224800.0}, {'date': Timestamp('2020-02-03 00:00:00'), 'volume': 1769000.0}, {'date': Timestamp('2020-01-27 00:00:00'), 'volume': 1760900.0}, {'date': Timestamp('2020-01-13 00:00:00'), 'volume': 1424400.0}, {'date': Timestamp('2020-01-06 00:00:00'), 'volume': 1011700.0}]",2026-08-10,2678500.0,9.619999885559082,0.4617068588075086,345
PSTL,822921169.2358257,weekly,2026-06-22,3043100.0,49,1,8,"[{'date': Timestamp('2026-06-22 00:00:00'), 'volume': 3043100.0}, {'date': Timestamp('2021-11-15 00:00:00'), 'volume': 2864200.0}, {'date': Timestamp('2021-06-21 00:00:00'), 'volume': 2429500.0}, {'date': Timestamp('2020-07-13 00:00:00'), 'volume': 2222400.0}, {'date': Timestamp('2020-07-06 00:00:00'), 'volume': 117000.0}, {'date': Timestamp('2020-02-10 00:00:00'), 'volume': 109800.0}, {'date': Timestamp('2020-02-03 00:00:00'), 'volume': 47700.0}, {'date': Timestamp('2020-01-06 00:00:00'), 'volume': 42000.0}]",2026-08-10,1814242.0,23.0,0.5961821826426998,345
DGICA,727598753.7578946,weekly,2026-06-22,1552900.0,49,1,18,"[{'date': Timestamp('2026-06-22 00:00:00'), 'volume': 1552900.0}, {'date': Timestamp('2025-06-23 00:00:00'), 'volume': 1323600.0}, {'date': Timestamp('2025-05-12 00:00:00'), 'volume': 920200.0}, {'date': Timestamp('2022-07-25 00:00:00'), 'volume': 900100.0}, {'date': Timestamp('2022-06-27 00:00:00'), 'volume': 856500.0}, {'date': Timestamp('2021-06-21 00:00:00'), 'volume': 789000.0}, {'date': Timestamp('2020-12-14 00:00:00'), 'volume': 550700.0}, {'date': Timestamp('2020-04-27 00:00:00'), 'volume': 427300.0}, {'date': Timestamp('2020-03-30 00:00:00'), 'volume': 383300.0}, {'date': Timestamp('2020-03-23 00:00:00'), 'volume': 313700.0}, {'date': Timestamp('2020-03-16 00:00:00'), 'volume': 284900.0}, {'date': Timestamp('2020-03-09 00:00:00'), 'volume': 199100.0}, {'date': Timestamp('2020-03-02 00:00:00'), 'volume': 164200.0}, {'date': Timestamp('2020-02-24 00:00:00'), 'volume': 143300.0}, {'date': Timestamp('2020-02-03 00:00:00'), 'volume': 78700.0}, {'date': Timestamp('2020-01-27 00:00:00'), 'volume': 72600.0}, {'date': Timestamp('2020-01-13 00:00:00'), 'volume': 62300.0}, {'date': Timestamp('2020-01-06 00:00:00'), 'volume': 58600.0}]",2026-08-10,600867.0,18.75,0.3869321913838625,345
COSO,326702397.9049035,weekly,2026-06-22,1381100.0,49,3,6,"[{'date': Timestamp('2026-06-22 00:00:00'), 'volume': 1381100.0}, {'date': Timestamp('2026-04-27 00:00:00'), 'volume': 1146300.0}, {'date': Timestamp('2025-09-15 00:00:00'), 'volume': 1066700.0}, {'date': Timestamp('2025-06-30 00:00:00'), 'volume': 421800.0}, {'date': Timestamp('2025-06-23 00:00:00'), 'volume': 7200.0}, {'date': Timestamp('2025-05-05 00:00:00'), 'volume': 2000.0}]",2026-08-10,463623.0,27.809999465942383,0.335691115777279,67
FRST,412454995.6285714,weekly,2026-06-22,2738000.0,49,3,9,"[{'date': Timestamp('2026-06-22 00:00:00'), 'volume': 2738000.0}, {'date': Timestamp('2026-04-20 00:00:00'), 'volume': 2224000.0}, {'date': Timestamp('2026-04-06 00:00:00'), 'volume': 1301700.0}, {'date': Timestamp('2025-02-17 00:00:00'), 'volume': 1138200.0}, {'date': Timestamp('2020-02-24 00:00:00'), 'volume': 929400.0}, {'date': Timestamp('2020-02-17 00:00:00'), 'volume': 402500.0}, {'date': Timestamp('2020-01-27 00:00:00'), 'volume': 328300.0}, {'date': Timestamp('2020-01-13 00:00:00'), 'volume': 266800.0}, {'date': Timestamp('2020-01-06 00:00:00'), 'volume': 190300.0}]",2026-08-10,1118339.0,16.65999984741211,0.4084510591672753,345
CIVB,595858586.4614832,weekly,2026-06-22,1356300.0,49,3,11,"[{'date': Timestamp('2026-06-22 00:00:00'), 'volume': 1356300.0}, {'date': Timestamp('2025-12-13 00:00:00'), 'volume': 1064200.0}, {'date': Timestamp('2025-09-13 00:00:00'), 'volume': 991500.0}, {'date': Timestamp('2025-06-21 00:00:00'), 'volume': 764900.0}, {'date': Timestamp('2024-11-02 00:00:00'), 'volume': 566300.0}, {'date': Timestamp('2020-03-21 00:00:00'), 'volume': 469300.0}, {'date': Timestamp('2020-03-07 00:00:00'), 'volume': 438200.0}, {'date': Timestamp('2020-02-22 00:00:00'), 'volume': 331200.0}, {'date': Timestamp('2020-02-01 00:00:00'), 'volume': 280800.0}, {'date': Timestamp('2020-01-11 00:00:00'), 'volume': 208100.0}, {'date': Timestamp('2020-01-04 00:00:00'), 'volume': 197200.0}]",2026-08-10,834234.0,28.51000022888184,0.6150807343508073,346
ABSI,1697806108.0930462,weekly,2026-06-22,79267500.0,49,1,4,"[{'date': Timestamp('2026-06-22 00:00:00'), 'volume': 79267500.0}, {'date': Timestamp('2025-01-06 00:00:00'), 'volume': 72760800.0}, {'date': Timestamp('2022-01-03 00:00:00'), 'volume': 45666400.0}, {'date': Timestamp('2021-07-19 00:00:00'), 'volume': 3209700.0}]",2026-08-10,16903662.0,9.18000030517578,0.2132483300217617,265
ATLC,1669178015.9437518,weekly,2026-06-22,1228600.0,49,1,11,"[{'date': Timestamp('2026-06-22 00:00:00'), 'volume': 1228600.0}, {'date': Timestamp('2021-10-30 00:00:00'), 'volume': 798000.0}, {'date': Timestamp('2021-10-23 00:00:00'), 'volume': 675700.0}, {'date': Timestamp('2021-08-28 00:00:00'), 'volume': 639100.0}, {'date': Timestamp('2020-06-20 00:00:00'), 'volume': 603200.0}, {'date': Timestamp('2020-02-08 00:00:00'), 'volume': 537400.0}, {'date': Timestamp('2020-02-01 00:00:00'), 'volume': 264200.0}, {'date': Timestamp('2020-01-25 00:00:00'), 'volume': 197200.0}, {'date': Timestamp('2020-01-18 00:00:00'), 'volume': 170600.0}, {'date': Timestamp('2020-01-11 00:00:00'), 'volume': 140900.0}, {'date': Timestamp('2020-01-04 00:00:00'), 'volume': 37100.0}]",2026-08-10,934678.0,102.58000183105467,0.760766726355201,346
SNDA,1847924324.3034625,weekly,2026-06-22,7231100.0,49,3,12,"[{'date': Timestamp('2026-06-22 00:00:00'), 'volume': 7231100.0}, {'date': Timestamp('2026-03-16 00:00:00'), 'volume': 6261300.0}, {'date': Timestamp('2026-03-09 00:00:00'), 'volume': 4463400.0}, {'date': Timestamp('2024-08-10 00:00:00'), 'volume': 1417100.0}, {'date': Timestamp('2024-06-22 00:00:00'), 'volume': 642300.0}, {'date': Timestamp('2020-06-06 00:00:00'), 'volume': 522901.0}, {'date': Timestamp('2020-05-16 00:00:00'), 'volume': 143433.0}, {'date': Timestamp('2020-04-25 00:00:00'), 'volume': 137674.0}, {'date': Timestamp('2020-03-21 00:00:00'), 'volume': 115733.0}, {'date': Timestamp('2020-03-07 00:00:00'), 'volume': 96928.0}, {'date': Timestamp('2020-01-11 00:00:00'), 'volume': 32880.0}, {'date': Timestamp('2020-01-04 00:00:00'), 'volume': 32773.0}]",2026-08-10,3014381.0,39.150001525878906,0.4168634094397809,346
GLIBA,892467762.6248776,weekly,2026-06-22,1677000.0,49,1,3,"[{'date': Timestamp('2026-06-22 00:00:00'), 'volume': 1677000.0}, {'date': Timestamp('2025-07-14 00:00:00'), 'volume': 1144900.0}, {'date': Timestamp('2025-07-07 00:00:00'), 'volume': 375400.0}]",2026-08-10,208203.0,27.07999992370605,0.1241520572450805,58
STRO,505729824.6686971,weekly,2026-06-22,4014200.0,49,1,9,"[{'date': Timestamp('2026-06-22 00:00:00'), 'volume': 4014200.0}, {'date': Timestamp('2022-06-27 00:00:00'), 'volume': 2184980.0}, {'date': Timestamp('2022-01-03 00:00:00'), 'volume': 798360.0}, {'date': Timestamp('2020-11-30 00:00:00'), 'volume': 732120.0}, {'date': Timestamp('2020-08-31 00:00:00'), 'volume': 493540.0}, {'date': Timestamp('2020-08-10 00:00:00'), 'volume': 291660.0}, {'date': Timestamp('2020-06-15 00:00:00'), 'volume': 181540.0}, {'date': Timestamp('2020-05-11 00:00:00'), 'volume': 148650.0}, {'date': Timestamp('2020-01-06 00:00:00'), 'volume': 60680.0}]",2026-08-10,3016039.0,20.479999542236328,0.7513424841811569,345
UVSP,1236353609.8620057,weekly,2026-06-22,1981100.0,49,1,8,"[{'date': Timestamp('2026-06-22 00:00:00'), 'volume': 1981100.0}, {'date': Timestamp('2021-01-23 00:00:00'), 'volume': 1534700.0}, {'date': Timestamp('2020-03-14 00:00:00'), 'volume': 953700.0}, {'date': Timestamp('2020-02-22 00:00:00'), 'volume': 874700.0}, {'date': Timestamp('2020-01-25 00:00:00'), 'volume': 579500.0}, {'date': Timestamp('2020-01-18 00:00:00'), 'volume': 545600.0}, {'date': Timestamp('2020-01-11 00:00:00'), 'volume': 439500.0}, {'date': Timestamp('2020-01-04 00:00:00'), 'volume': 365600.0}]",2026-08-10,1131014.0,43.15999984741211,0.5709020241280097,346
ACHV,618007506.3473682,weekly,2026-06-22,23352500.0,49,2,7,"[{'date': Timestamp('2026-06-22 00:00:00'), 'volume': 23352500.0}, {'date': Timestamp('2025-10-11 00:00:00'), 'volume': 22468100.0}, {'date': Timestamp('2020-07-25 00:00:00'), 'volume': 17664060.0}, {'date': Timestamp('2020-07-18 00:00:00'), 'volume': 3170655.0}, {'date': Timestamp('2020-07-04 00:00:00'), 'volume': 1109895.0}, {'date': Timestamp('2020-01-11 00:00:00'), 'volume': 948595.0}, {'date': Timestamp('2020-01-04 00:00:00'), 'volume': 876220.0}]",2026-08-10,10449823.0,7.590000152587891,0.4474819826571031,346
TMP,1354729280.126259,weekly,2026-06-22,699700.0,49,1,7,"[{'date': Timestamp('2026-06-22 00:00:00'), 'volume': 699700.0}, {'date': Timestamp('2023-03-11 00:00:00'), 'volume': 578500.0}, {'date': Timestamp('2020-03-14 00:00:00'), 'volume': 520100.0}, {'date': Timestamp('2020-03-07 00:00:00'), 'volume': 310500.0}, {'date': Timestamp('2020-02-29 00:00:00'), 'volume': 299400.0}, {'date': Timestamp('2020-02-22 00:00:00'), 'volume': 226300.0}, {'date': Timestamp('2020-01-04 00:00:00'), 'volume': 196200.0}]",2026-08-10,634487.0,101.20999908447266,0.9067986279834216,346
CNOB,1671086578.499249,weekly,2026-06-22,3528500.0,49,2,9,"[{'date': Timestamp('2026-06-22 00:00:00'), 'volume': 3528500.0}, {'date': Timestamp('2026-03-16 00:00:00'), 'volume': 2887800.0}, {'date': Timestamp('2025-07-26 00:00:00'), 'volume': 2750100.0}, {'date': Timestamp('2023-03-11 00:00:00'), 'volume': 2184800.0}, {'date': Timestamp('2020-03-14 00:00:00'), 'volume': 2056300.0}, {'date': Timestamp('2020-03-07 00:00:00'), 'volume': 1420500.0}, {'date': Timestamp('2020-02-22 00:00:00'), 'volume': 958600.0}, {'date': Timestamp('2020-01-11 00:00:00'), 'volume': 722900.0}, {'date': Timestamp('2020-01-04 00:00:00'), 'volume': 543900.0}]",2026-08-10,1840242.0,33.025001525878906,0.5215366302961598,346
TWIN,348888165.67169327,weekly,2026-06-22,2113400.0,49,1,13,"[{'date': Timestamp('2026-06-22 00:00:00'), 'volume': 2113400.0}, {'date': Timestamp('2025-06-21 00:00:00'), 'volume': 2076300.0}, {'date': Timestamp('2024-06-22 00:00:00'), 'volume': 1920300.0}, {'date': Timestamp('2020-06-20 00:00:00'), 'volume': 1691900.0}, {'date': Timestamp('2020-06-06 00:00:00'), 'volume': 538300.0}, {'date': Timestamp('2020-05-30 00:00:00'), 'volume': 430400.0}, {'date': Timestamp('2020-05-16 00:00:00'), 'volume': 397700.0}, {'date': Timestamp('2020-03-14 00:00:00'), 'volume': 325200.0}, {'date': Timestamp('2020-03-07 00:00:00'), 'volume': 294700.0}, {'date': Timestamp('2020-01-25 00:00:00'), 'volume': 219700.0}, {'date': Timestamp('2020-01-18 00:00:00'), 'volume': 187500.0}, {'date': Timestamp('2020-01-11 00:00:00'), 'volume': 161900.0}, {'date': Timestamp('2020-01-04 00:00:00'), 'volume': 155700.0}]",2026-08-10,471867.0,24.540000915527344,0.2232738714867038,346
FMBH,1281018344.49842,weekly,2026-06-22,1444600.0,49,1,13,"[{'date': Timestamp('2026-06-22 00:00:00'), 'volume': 1444600.0}, {'date': Timestamp('2023-12-09 00:00:00'), 'volume': 1269600.0}, {'date': Timestamp('2022-06-11 00:00:00'), 'volume': 509300.0}, {'date': Timestamp('2021-03-13 00:00:00'), 'volume': 500800.0}, {'date': Timestamp('2020-12-12 00:00:00'), 'volume': 395400.0}, {'date': Timestamp('2020-03-21 00:00:00'), 'volume': 371100.0}, {'date': Timestamp('2020-03-14 00:00:00'), 'volume': 350000.0}, {'date': Timestamp('2020-03-07 00:00:00'), 'volume': 273800.0}, {'date': Timestamp('2020-02-29 00:00:00'), 'volume': 217400.0}, {'date': Timestamp('2020-02-22 00:00:00'), 'volume': 147700.0}, {'date': Timestamp('2020-01-25 00:00:00'), 'volume': 143700.0}, {'date': Timestamp('2020-01-11 00:00:00'), 'volume': 109300.0}, {'date': Timestamp('2020-01-04 00:00:00'), 'volume': 77400.0}]",2026-08-10,565530.0,52.0099983215332,0.3914786099958466,346
SPFI,832265890.9750291,weekly,2026-06-22,1491400.0,49,4,11,"[{'date': Timestamp('2026-06-22 00:00:00'), 'volume': 1491400.0}, {'date': Timestamp('2026-06-15 00:00:00'), 'volume': 811000.0}, {'date': Timestamp('2026-04-27 00:00:00'), 'volume': 804300.0}, {'date': Timestamp('2026-03-16 00:00:00'), 'volume': 755900.0}, {'date': Timestamp('2025-07-14 00:00:00'), 'volume': 633400.0}, {'date': Timestamp('2022-08-08 00:00:00'), 'volume': 459400.0}, {'date': Timestamp('2021-12-13 00:00:00'), 'volume': 429800.0}, {'date': Timestamp('2020-12-14 00:00:00'), 'volume': 267500.0}, {'date': Timestamp('2020-09-14 00:00:00'), 'volume': 248700.0}, {'date': Timestamp('2020-01-27 00:00:00'), 'volume': 221400.0}, {'date': Timestamp('2020-01-06 00:00:00'), 'volume': 156000.0}]",2026-08-10,443689.0,45.560001373291016,0.2974983237226767,345
WEN,1485748950.286494,weekly,2026-06-22,419730000.0,49,1,6,"[{'date': Timestamp('2026-06-22 00:00:00'), 'volume': 419730000.0}, {'date': Timestamp('2021-06-05 00:00:00'), 'volume': 144541200.0}, {'date': Timestamp('2020-03-14 00:00:00'), 'volume': 52099900.0}, {'date': Timestamp('2020-02-22 00:00:00'), 'volume': 27625200.0}, {'date': Timestamp('2020-02-01 00:00:00'), 'volume': 12919200.0}, {'date': Timestamp('2020-01-04 00:00:00'), 'volume': 11780800.0}]",2026-08-10,93428356.0,8.640000343322754,0.2225915612417506,346
LILA,1421850352.222857,weekly,2026-06-22,10277100.0,49,1,10,"[{'date': Timestamp('2026-06-22 00:00:00'), 'volume': 10277100.0}, {'date': Timestamp('2025-05-12 00:00:00'), 'volume': 6837500.0}, {'date': Timestamp('2024-03-25 00:00:00'), 'volume': 5342000.0}, {'date': Timestamp('2024-03-11 00:00:00'), 'volume': 3554500.0}, {'date': Timestamp('2020-03-16 00:00:00'), 'volume': 2646876.0}, {'date': Timestamp('2020-03-09 00:00:00'), 'volume': 2372502.0}, {'date': Timestamp('2020-03-02 00:00:00'), 'volume': 1779086.0}, {'date': Timestamp('2020-02-24 00:00:00'), 'volume': 1401369.0}, {'date': Timestamp('2020-01-27 00:00:00'), 'volume': 913415.0}, {'date': Timestamp('2020-01-06 00:00:00'), 'volume': 690286.0}]",2026-08-10,3005721.0,8.619999885559082,0.2924678167965671,345
JBIO,1338917210.9124255,weekly,2026-06-22,8167700.0,49,3,12,"[{'date': Timestamp('2026-06-22 00:00:00'), 'volume': 8167700.0}, {'date': Timestamp('2026-06-15 00:00:00'), 'volume': 8143500.0}, {'date': Timestamp('2026-06-01 00:00:00'), 'volume': 7661600.0}, {'date': Timestamp('2025-06-23 00:00:00'), 'volume': 5831600.0}, {'date': Timestamp('2025-06-16 00:00:00'), 'volume': 3871200.0}, {'date': Timestamp('2025-06-09 00:00:00'), 'volume': 1893200.0}, {'date': Timestamp('2025-05-26 00:00:00'), 'volume': 1699100.0}, {'date': Timestamp('2025-05-05 00:00:00'), 'volume': 1575300.0}, {'date': Timestamp('2024-06-17 00:00:00'), 'volume': 1159883.0}, {'date': Timestamp('2021-10-18 00:00:00'), 'volume': 79817.0}, {'date': Timestamp('2021-09-13 00:00:00'), 'volume': 66092.0}, {'date': Timestamp('2021-06-28 00:00:00'), 'volume': 47428.0}]",2026-08-10,5373378.0,24.709999084472656,0.6578814109235158,268
MUX,1075321521.4780602,weekly,2026-06-22,13975700.0,49,3,11,"[{'date': Timestamp('2026-06-22 00:00:00'), 'volume': 13975700.0}, {'date': Timestamp('2025-10-11 00:00:00'), 'volume': 12590400.0}, {'date': Timestamp('2025-08-30 00:00:00'), 'volume': 12396100.0}, {'date': Timestamp('2025-02-01 00:00:00'), 'volume': 12003000.0}, {'date': Timestamp('2021-01-30 00:00:00'), 'volume': 9657250.0}, {'date': Timestamp('2021-01-23 00:00:00'), 'volume': 9347320.0}, {'date': Timestamp('2020-07-18 00:00:00'), 'volume': 4343760.0}, {'date': Timestamp('2020-03-14 00:00:00'), 'volume': 3620770.0}, {'date': Timestamp('2020-02-22 00:00:00'), 'volume': 3493930.0}, {'date': Timestamp('2020-01-25 00:00:00'), 'volume': 1786780.0}, {'date': Timestamp('2020-01-04 00:00:00'), 'volume': 1702280.0}]",2026-08-10,8425723.0,18.799999237060547,0.6028837911517849,346
OCFC,1889518024.852146,weekly,2026-06-22,8359700.0,49,3,8,"[{'date': Timestamp('2026-06-22 00:00:00'), 'volume': 8359700.0}, {'date': Timestamp('2026-06-01 00:00:00'), 'volume': 6820900.0}, {'date': Timestamp('2026-01-03 00:00:00'), 'volume': 5101400.0}, {'date': Timestamp('2023-03-11 00:00:00'), 'volume': 5049500.0}, {'date': Timestamp('2021-01-30 00:00:00'), 'volume': 2937600.0}, {'date': Timestamp('2020-04-25 00:00:00'), 'volume': 2599400.0}, {'date': Timestamp('2020-03-14 00:00:00'), 'volume': 2041300.0}, {'date': Timestamp('2020-01-04 00:00:00'), 'volume': 1797100.0}]",2026-08-10,5357609.0,19.770000457763672,0.640885318851155,346
LIND,1938943945.8409088,weekly,2026-06-22,9781800.0,49,1,7,"[{'date': Timestamp('2026-06-22 00:00:00'), 'volume': 9781800.0}, {'date': Timestamp('2020-03-23 00:00:00'), 'volume': 7359300.0}, {'date': Timestamp('2020-03-16 00:00:00'), 'volume': 4936500.0}, {'date': Timestamp('2020-03-09 00:00:00'), 'volume': 2751500.0}, {'date': Timestamp('2020-03-02 00:00:00'), 'volume': 1245500.0}, {'date': Timestamp('2020-02-24 00:00:00'), 'volume': 1179100.0}, {'date': Timestamp('2020-01-06 00:00:00'), 'volume': 892500.0}]",2026-08-10,4040925.0,33.58000183105469,0.4131064834693001,345
HBNC,1041480974.2148634,weekly,2026-06-22,7857800.0,49,3,12,"[{'date': Timestamp('2026-06-22 00:00:00'), 'volume': 7857800.0}, {'date': Timestamp('2025-08-25 00:00:00'), 'volume': 4142300.0}, {'date': Timestamp('2025-08-18 00:00:00'), 'volume': 3958700.0}, {'date': Timestamp('2023-03-13 00:00:00'), 'volume': 3546800.0}, {'date': Timestamp('2022-10-24 00:00:00'), 'volume': 2430200.0}, {'date': Timestamp('2020-05-11 00:00:00'), 'volume': 1830800.0}, {'date': Timestamp('2020-03-16 00:00:00'), 'volume': 1177200.0}, {'date': Timestamp('2020-03-09 00:00:00'), 'volume': 718500.0}, {'date': Timestamp('2020-03-02 00:00:00'), 'volume': 563100.0}, {'date': Timestamp('2020-02-24 00:00:00'), 'volume': 512800.0}, {'date': Timestamp('2020-01-20 00:00:00'), 'volume': 459400.0}, {'date': Timestamp('2020-01-06 00:00:00'), 'volume': 384700.0}]",2026-08-10,2702054.0,20.56999969482422,0.3438690218636259,345
BFST,1006808170.4067796,weekly,2026-06-22,2311100.0,49,3,13,"[{'date': Timestamp('2026-06-22 00:00:00'), 'volume': 2311100.0}, {'date': Timestamp('2026-03-16 00:00:00'), 'volume': 1597300.0}, {'date': Timestamp('2026-02-02 00:00:00'), 'volume': 1323200.0}, {'date': Timestamp('2024-12-16 00:00:00'), 'volume': 1146000.0}, {'date': Timestamp('2023-03-13 00:00:00'), 'volume': 966200.0}, {'date': Timestamp('2020-09-14 00:00:00'), 'volume': 891200.0}, {'date': Timestamp('2020-06-15 00:00:00'), 'volume': 639600.0}, {'date': Timestamp('2020-03-16 00:00:00'), 'volume': 613900.0}, {'date': Timestamp('2020-03-09 00:00:00'), 'volume': 306200.0}, {'date': Timestamp('2020-02-03 00:00:00'), 'volume': 167300.0}, {'date': Timestamp('2020-01-27 00:00:00'), 'volume': 76500.0}, {'date': Timestamp('2020-01-13 00:00:00'), 'volume': 53100.0}, {'date': Timestamp('2020-01-06 00:00:00'), 'volume': 39400.0}]",2026-08-10,961589.0,32.119998931884766,0.4160741638180952,345
BHRB,1437487235.7210102,weekly,2026-06-22,1480500.0,49,1,7,"[{'date': Timestamp('2026-06-22 00:00:00'), 'volume': 1480500.0}, {'date': Timestamp('2023-06-19 00:00:00'), 'volume': 1036900.0}, {'date': Timestamp('2023-06-05 00:00:00'), 'volume': 96700.0}, {'date': Timestamp('2021-02-01 00:00:00'), 'volume': 80000.0}, {'date': Timestamp('2020-09-14 00:00:00'), 'volume': 36000.0}, {'date': Timestamp('2020-02-10 00:00:00'), 'volume': 32000.0}, {'date': Timestamp('2020-01-06 00:00:00'), 'volume': 16000.0}]",2026-08-10,716143.0,73.1500015258789,0.4837169875042215,345
EQBK,1023988952.9083544,weekly,2026-06-22,1258000.0,49,1,9,"[{'date': Timestamp('2026-06-22 00:00:00'), 'volume': 1258000.0}, {'date': Timestamp('2025-07-14 00:00:00'), 'volume': 841500.0}, {'date': Timestamp('2024-12-16 00:00:00'), 'volume': 705200.0}, {'date': Timestamp('2020-03-16 00:00:00'), 'volume': 555000.0}, {'date': Timestamp('2020-03-09 00:00:00'), 'volume': 469900.0}, {'date': Timestamp('2020-02-03 00:00:00'), 'volume': 318800.0}, {'date': Timestamp('2020-01-20 00:00:00'), 'volume': 255300.0}, {'date': Timestamp('2020-01-13 00:00:00'), 'volume': 235300.0}, {'date': Timestamp('2020-01-06 00:00:00'), 'volume': 223800.0}]",2026-08-10,371940.0,51.63999938964844,0.2956597774244833,345
GRAF,376049985.53097343,weekly,2026-06-22,4607000.0,49,2,4,"[{'date': Timestamp('2026-06-22 00:00:00'), 'volume': 4607000.0}, {'date': Timestamp('2026-06-15 00:00:00'), 'volume': 2783500.0}, {'date': Timestamp('2024-08-19 00:00:00'), 'volume': 1682100.0}, {'date': Timestamp('2024-08-12 00:00:00'), 'volume': 420600.0}]",2026-08-10,833500.0,10.850000381469728,0.1809203386151508,105
PCAP,325353618.0,weekly,2026-06-22,2512500.0,49,2,5,"[{'date': Timestamp('2026-06-22 00:00:00'), 'volume': 2512500.0}, {'date': Timestamp('2025-08-18 00:00:00'), 'volume': 1602500.0}, {'date': Timestamp('2025-07-21 00:00:00'), 'volume': 613900.0}, {'date': Timestamp('2025-07-14 00:00:00'), 'volume': 161600.0}, {'date': Timestamp('2025-07-07 00:00:00'), 'volume': 12000.0}]",2026-08-10,395895.0,10.329999923706056,0.1575701492537313,58
AVBH,358233945.33476,weekly,2026-06-22,1832500.0,49,1,8,"[{'date': Timestamp('2026-06-22 00:00:00'), 'volume': 1832500.0}, {'date': Timestamp('2025-08-04 00:00:00'), 'volume': 838500.0}, {'date': Timestamp('2024-07-15 00:00:00'), 'volume': 124800.0}, {'date': Timestamp('2023-01-30 00:00:00'), 'volume': 111000.0}, {'date': Timestamp('2021-04-12 00:00:00'), 'volume': 104600.0}, {'date': Timestamp('2020-07-20 00:00:00'), 'volume': 104300.0}, {'date': Timestamp('2020-03-09 00:00:00'), 'volume': 93100.0}, {'date': Timestamp('2020-01-06 00:00:00'), 'volume': 9700.0}]",2026-08-10,367208.0,32.880001068115234,0.2003863574351978,345
AROW,678516273.2498754,weekly,2026-06-22,935800.0,49,1,9,"[{'date': Timestamp('2026-06-22 00:00:00'), 'volume': 935800.0}, {'date': Timestamp('2023-11-25 00:00:00'), 'volume': 768900.0}, {'date': Timestamp('2023-05-13 00:00:00'), 'volume': 493400.0}, {'date': Timestamp('2023-03-11 00:00:00'), 'volume': 435700.0}, {'date': Timestamp('2020-03-07 00:00:00'), 'volume': 336604.0}, {'date': Timestamp('2020-02-22 00:00:00'), 'volume': 173658.0}, {'date': Timestamp('2020-01-25 00:00:00'), 'volume': 136475.0}, {'date': Timestamp('2020-01-11 00:00:00'), 'volume': 104751.0}, {'date': Timestamp('2020-01-04 00:00:00'), 'volume': 91052.0}]",2026-08-10,685210.0,39.25,0.7322184227399017,346
BSRR,537162044.9361702,weekly,2026-06-22,653400.0,49,2,9,"[{'date': Timestamp('2026-06-22 00:00:00'), 'volume': 653400.0}, {'date': Timestamp('2026-01-31 00:00:00'), 'volume': 571900.0}, {'date': Timestamp('2023-06-10 00:00:00'), 'volume': 448500.0}, {'date': Timestamp('2021-06-19 00:00:00'), 'volume': 416000.0}, {'date': Timestamp('2020-03-14 00:00:00'), 'volume': 413800.0}, {'date': Timestamp('2020-03-07 00:00:00'), 'volume': 320300.0}, {'date': Timestamp('2020-01-18 00:00:00'), 'volume': 296800.0}, {'date': Timestamp('2020-01-11 00:00:00'), 'volume': 182200.0}, {'date': Timestamp('2020-01-04 00:00:00'), 'volume': 120700.0}]",2026-08-10,342471.0,41.0099983215332,0.5241368227731864,346
FNLC,400402149.9982379,weekly,2026-06-22,530400.0,49,1,11,"[{'date': Timestamp('2026-06-22 00:00:00'), 'volume': 530400.0}, {'date': Timestamp('2023-12-09 00:00:00'), 'volume': 249200.0}, {'date': Timestamp('2022-01-15 00:00:00'), 'volume': 220200.0}, {'date': Timestamp('2021-09-11 00:00:00'), 'volume': 216600.0}, {'date': Timestamp('2021-03-13 00:00:00'), 'volume': 185100.0}, {'date': Timestamp('2020-06-20 00:00:00'), 'volume': 174900.0}, {'date': Timestamp('2020-03-14 00:00:00'), 'volume': 166200.0}, {'date': Timestamp('2020-03-07 00:00:00'), 'volume': 127700.0}, {'date': Timestamp('2020-02-22 00:00:00'), 'volume': 69000.0}, {'date': Timestamp('2020-01-25 00:00:00'), 'volume': 54200.0}, {'date': Timestamp('2020-01-04 00:00:00'), 'volume': 54000.0}]",2026-08-10,170340.0,35.619998931884766,0.3211538461538462,346
MBWM,986194129.3707126,weekly,2026-06-22,997800.0,49,3,14,"[{'date': Timestamp('2026-06-22 00:00:00'), 'volume': 997800.0}, {'date': Timestamp('2026-03-16 00:00:00'), 'volume': 860100.0}, {'date': Timestamp('2025-12-13 00:00:00'), 'volume': 783900.0}, {'date': Timestamp('2024-06-22 00:00:00'), 'volume': 780400.0}, {'date': Timestamp('2024-03-02 00:00:00'), 'volume': 631300.0}, {'date': Timestamp('2022-03-12 00:00:00'), 'volume': 561700.0}, {'date': Timestamp('2020-03-14 00:00:00'), 'volume': 451400.0}, {'date': Timestamp('2020-03-07 00:00:00'), 'volume': 395400.0}, {'date': Timestamp('2020-02-29 00:00:00'), 'volume': 269100.0}, {'date': Timestamp('2020-02-22 00:00:00'), 'volume': 251800.0}, {'date': Timestamp('2020-01-25 00:00:00'), 'volume': 209500.0}, {'date': Timestamp('2020-01-18 00:00:00'), 'volume': 182700.0}, {'date': Timestamp('2020-01-11 00:00:00'), 'volume': 171500.0}, {'date': Timestamp('2020-01-04 00:00:00'), 'volume': 120900.0}]",2026-08-10,508047.0,61.560001373291016,0.509167167769092,346
CTBI,1314326824.3870063,weekly,2026-06-22,962600.0,49,1,12,"[{'date': Timestamp('2026-06-22 00:00:00'), 'volume': 962600.0}, {'date': Timestamp('2021-09-11 00:00:00'), 'volume': 748600.0}, {'date': Timestamp('2021-02-20 00:00:00'), 'volume': 704600.0}, {'date': Timestamp('2021-01-09 00:00:00'), 'volume': 479100.0}, {'date': Timestamp('2020-09-12 00:00:00'), 'volume': 441000.0}, {'date': Timestamp('2020-03-07 00:00:00'), 'volume': 417900.0}, {'date': Timestamp('2020-02-29 00:00:00'), 'volume': 228600.0}, {'date': Timestamp('2020-02-22 00:00:00'), 'volume': 214000.0}, {'date': Timestamp('2020-02-01 00:00:00'), 'volume': 194900.0}, {'date': Timestamp('2020-01-25 00:00:00'), 'volume': 175900.0}, {'date': Timestamp('2020-01-11 00:00:00'), 'volume': 153700.0}, {'date': Timestamp('2020-01-04 00:00:00'), 'volume': 143800.0}]",2026-08-10,533090.0,78.87000274658203,0.5538022023685851,346
FSUN,1690385714.2682445,weekly,2026-06-22,2902400.0,49,1,9,"[{'date': Timestamp('2026-06-22 00:00:00'), 'volume': 2902400.0}, {'date': Timestamp('2025-06-23 00:00:00'), 'volume': 2341700.0}, {'date': Timestamp('2025-03-31 00:00:00'), 'volume': 1974400.0}, {'date': Timestamp('2024-09-16 00:00:00'), 'volume': 1142600.0}, {'date': Timestamp('2024-01-22 00:00:00'), 'volume': 261800.0}, {'date': Timestamp('2024-01-15 00:00:00'), 'volume': 259100.0}, {'date': Timestamp('2023-01-09 00:00:00'), 'volume': 229700.0}, {'date': Timestamp('2022-08-22 00:00:00'), 'volume': 151900.0}, {'date': Timestamp('2022-08-01 00:00:00'), 'volume': 9200.0}]",2026-08-10,1434120.0,41.11000061035156,0.4941152149944873,211
ALRS,774464874.7711394,weekly,2026-06-22,2527200.0,49,1,5,"[{'date': Timestamp('2026-06-22 00:00:00'), 'volume': 2527200.0}, {'date': Timestamp('2020-06-22 00:00:00'), 'volume': 1684400.0}, {'date': Timestamp('2020-01-27 00:00:00'), 'volume': 293500.0}, {'date': Timestamp('2020-01-13 00:00:00'), 'volume': 241000.0}, {'date': Timestamp('2020-01-06 00:00:00'), 'volume': 119000.0}]",2026-08-10,964212.0,33.66999816894531,0.3815337132003799,345
BLZE,873600005.4247392,weekly,2026-06-22,69945200.0,49,2,4,"[{'date': Timestamp('2026-06-22 00:00:00'), 'volume': 69945200.0}, {'date': Timestamp('2026-05-04 00:00:00'), 'volume': 52672400.0}, {'date': Timestamp('2021-11-15 00:00:00'), 'volume': 11947300.0}, {'date': Timestamp('2021-11-08 00:00:00'), 'volume': 9957500.0}]",2026-08-10,16397341.0,19.020000457763672,0.2344312547537214,249
HUN,1978643645.221536,weekly,2026-06-22,65335500.0,49,4,13,"[{'date': Timestamp('2026-06-22 00:00:00'), 'volume': 65335500.0}, {'date': Timestamp('2026-06-15 00:00:00'), 'volume': 54990600.0}, {'date': Timestamp('2026-03-02 00:00:00'), 'volume': 45243200.0}, {'date': Timestamp('2025-11-03 00:00:00'), 'volume': 42939800.0}, {'date': Timestamp('2025-07-28 00:00:00'), 'volume': 35200000.0}, {'date': Timestamp('2023-03-13 00:00:00'), 'volume': 28381100.0}, {'date': Timestamp('2020-03-16 00:00:00'), 'volume': 22277400.0}, {'date': Timestamp('2020-03-09 00:00:00'), 'volume': 20204700.0}, {'date': Timestamp('2020-03-02 00:00:00'), 'volume': 16741200.0}, {'date': Timestamp('2020-02-24 00:00:00'), 'volume': 15543100.0}, {'date': Timestamp('2020-02-10 00:00:00'), 'volume': 12900700.0}, {'date': Timestamp('2020-01-27 00:00:00'), 'volume': 12354300.0}, {'date': Timestamp('2020-01-06 00:00:00'), 'volume': 8305000.0}]",2026-08-10,13593323.0,10.300000190734863,0.2080541665710065,345
CTNM,530512675.0576348,weekly,2026-06-22,5068900.0,49,2,5,"[{'date': Timestamp('2026-06-22 00:00:00'), 'volume': 5068900.0}, {'date': Timestamp('2026-03-16 00:00:00'), 'volume': 3088400.0}, {'date': Timestamp('2025-07-14 00:00:00'), 'volume': 3040700.0}, {'date': Timestamp('2025-06-23 00:00:00'), 'volume': 2222100.0}, {'date': Timestamp('2024-04-01 00:00:00'), 'volume': 1583000.0}]",2026-08-10,3400714.0,14.1899995803833,0.6708978279311093,124
BMRC,449588152.5858662,weekly,2026-06-22,1330500.0,49,1,10,"[{'date': Timestamp('2026-06-22 00:00:00'), 'volume': 1330500.0}, {'date': Timestamp('2024-06-22 00:00:00'), 'volume': 1321700.0}, {'date': Timestamp('2023-04-29 00:00:00'), 'volume': 1143300.0}, {'date': Timestamp('2021-07-31 00:00:00'), 'volume': 975900.0}, {'date': Timestamp('2021-04-17 00:00:00'), 'volume': 696800.0}, {'date': Timestamp('2021-03-13 00:00:00'), 'volume': 431400.0}, {'date': Timestamp('2020-03-14 00:00:00'), 'volume': 392500.0}, {'date': Timestamp('2020-03-07 00:00:00'), 'volume': 229100.0}, {'date': Timestamp('2020-01-11 00:00:00'), 'volume': 227300.0}, {'date': Timestamp('2020-01-04 00:00:00'), 'volume': 77700.0}]",2026-08-10,869500.0,28.290000915527344,0.6535137166478767,346
CARE,746659531.0648715,weekly,2026-06-22,2754400.0,49,5,11,"[{'date': Timestamp('2026-06-22 00:00:00'), 'volume': 2754400.0}, {'date': Timestamp('2026-04-27 00:00:00'), 'volume': 2329500.0}, {'date': Timestamp('2026-04-06 00:00:00'), 'volume': 1994900.0}, {'date': Timestamp('2026-03-23 00:00:00'), 'volume': 1659200.0}, {'date': Timestamp('2026-03-02 00:00:00'), 'volume': 1021200.0}, {'date': Timestamp('2020-06-01 00:00:00'), 'volume': 993200.0}, {'date': Timestamp('2020-03-16 00:00:00'), 'volume': 693700.0}, {'date': Timestamp('2020-03-09 00:00:00'), 'volume': 586900.0}, {'date': Timestamp('2020-02-03 00:00:00'), 'volume': 444000.0}, {'date': Timestamp('2020-01-27 00:00:00'), 'volume': 288800.0}, {'date': Timestamp('2020-01-06 00:00:00'), 'volume': 269800.0}]",2026-08-10,2565052.0,32.68000030517578,0.9312561719430728,345
CCNE,1006497551.2077496,weekly,2026-06-22,1386700.0,49,2,15,"[{'date': Timestamp('2026-06-22 00:00:00'), 'volume': 1386700.0}, {'date': Timestamp('2026-03-23 00:00:00'), 'volume': 1336500.0}, {'date': Timestamp('2025-08-09 00:00:00'), 'volume': 1169100.0}, {'date': Timestamp('2025-07-26 00:00:00'), 'volume': 1103800.0}, {'date': Timestamp('2022-12-10 00:00:00'), 'volume': 884500.0}, {'date': Timestamp('2022-09-17 00:00:00'), 'volume': 620600.0}, {'date': Timestamp('2022-09-10 00:00:00'), 'volume': 580800.0}, {'date': Timestamp('2020-03-14 00:00:00'), 'volume': 450300.0}, {'date': Timestamp('2020-03-07 00:00:00'), 'volume': 244300.0}, {'date': Timestamp('2020-02-29 00:00:00'), 'volume': 214600.0}, {'date': Timestamp('2020-02-22 00:00:00'), 'volume': 210500.0}, {'date': Timestamp('2020-01-25 00:00:00'), 'volume': 150400.0}, {'date': Timestamp('2020-01-18 00:00:00'), 'volume': 126100.0}, {'date': Timestamp('2020-01-11 00:00:00'), 'volume': 98000.0}, {'date': Timestamp('2020-01-04 00:00:00'), 'volume': 95600.0}]",2026-08-10,1048207.0,34.939998626708984,0.7559003389341602,346
QCRH,1622416962.8127718,weekly,2026-06-22,1068400.0,49,1,9,"[{'date': Timestamp('2026-06-22 00:00:00'), 'volume': 1068400.0}, {'date': Timestamp('2021-01-23 00:00:00'), 'volume': 840300.0}, {'date': Timestamp('2020-12-12 00:00:00'), 'volume': 521300.0}, {'date': Timestamp('2020-07-11 00:00:00'), 'volume': 485900.0}, {'date': Timestamp('2020-03-14 00:00:00'), 'volume': 467800.0}, {'date': Timestamp('2020-03-07 00:00:00'), 'volume': 344300.0}, {'date': Timestamp('2020-02-29 00:00:00'), 'volume': 260900.0}, {'date': Timestamp('2020-01-25 00:00:00'), 'volume': 235400.0}, {'date': Timestamp('2020-01-04 00:00:00'), 'volume': 235200.0}]",2026-08-10,542812.0,106.55999755859376,0.5080606514414077,346
RGNX,541791049.6171875,weekly,2026-06-22,20353300.0,49,2,12,"[{'date': Timestamp('2026-06-22 00:00:00'), 'volume': 20353300.0}, {'date': Timestamp('2026-05-11 00:00:00'), 'volume': 19084800.0}, {'date': Timestamp('2024-12-16 00:00:00'), 'volume': 16486900.0}, {'date': Timestamp('2024-12-09 00:00:00'), 'volume': 8674000.0}, {'date': Timestamp('2024-03-04 00:00:00'), 'volume': 8669400.0}, {'date': Timestamp('2021-09-13 00:00:00'), 'volume': 6511100.0}, {'date': Timestamp('2021-01-04 00:00:00'), 'volume': 4808900.0}, {'date': Timestamp('2020-03-16 00:00:00'), 'volume': 4410400.0}, {'date': Timestamp('2020-03-09 00:00:00'), 'volume': 4156200.0}, {'date': Timestamp('2020-02-24 00:00:00'), 'volume': 3512900.0}, {'date': Timestamp('2020-01-13 00:00:00'), 'volume': 2695200.0}, {'date': Timestamp('2020-01-06 00:00:00'), 'volume': 2406100.0}]",2026-08-10,4248235.0,10.765000343322754,0.2087246294212732,345
SMBK,820213728.0353624,weekly,2026-06-22,973200.0,49,2,9,"[{'date': Timestamp('2026-06-22 00:00:00'), 'volume': 973200.0}, {'date': Timestamp('2025-12-08 00:00:00'), 'volume': 749500.0}, {'date': Timestamp('2023-03-13 00:00:00'), 'volume': 606300.0}, {'date': Timestamp('2022-11-28 00:00:00'), 'volume': 461500.0}, {'date': Timestamp('2020-03-16 00:00:00'), 'volume': 447900.0}, {'date': Timestamp('2020-03-09 00:00:00'), 'volume': 308900.0}, {'date': Timestamp('2020-01-20 00:00:00'), 'volume': 219800.0}, {'date': Timestamp('2020-01-13 00:00:00'), 'volume': 175500.0}, {'date': Timestamp('2020-01-06 00:00:00'), 'volume': 162300.0}]",2026-08-10,733397.0,52.77999877929688,0.7535933004521167,345
BLKB,1342595454.5530474,weekly,2026-06-15,8673000.0,56,1,10,"[{'date': Timestamp('2026-06-15 00:00:00'), 'volume': 8673000.0}, {'date': Timestamp('2022-09-12 00:00:00'), 'volume': 7339600.0}, {'date': Timestamp('2022-06-13 00:00:00'), 'volume': 5464600.0}, {'date': Timestamp('2020-07-27 00:00:00'), 'volume': 5233700.0}, {'date': Timestamp('2020-03-16 00:00:00'), 'volume': 5128500.0}, {'date': Timestamp('2020-03-09 00:00:00'), 'volume': 2949900.0}, {'date': Timestamp('2020-02-10 00:00:00'), 'volume': 2399000.0}, {'date': Timestamp('2020-02-03 00:00:00'), 'volume': 1695900.0}, {'date': Timestamp('2020-01-27 00:00:00'), 'volume': 1650600.0}, {'date': Timestamp('2020-01-06 00:00:00'), 'volume': 1196700.0}]",2026-08-10,2879760.0,45.25,0.3320373573158077,345
IIIN,593297019.0919355,weekly,2026-06-15,4901500.0,56,4,10,"[{'date': Timestamp('2026-06-15 00:00:00'), 'volume': 4901500.0}, {'date': Timestamp('2026-04-20 00:00:00'), 'volume': 2237500.0}, {'date': Timestamp('2026-04-13 00:00:00'), 'volume': 2043700.0}, {'date': Timestamp('2026-03-16 00:00:00'), 'volume': 1824000.0}, {'date': Timestamp('2024-12-14 00:00:00'), 'volume': 1667300.0}, {'date': Timestamp('2023-12-09 00:00:00'), 'volume': 1551400.0}, {'date': Timestamp('2022-12-10 00:00:00'), 'volume': 1433000.0}, {'date': Timestamp('2022-07-16 00:00:00'), 'volume': 1379000.0}, {'date': Timestamp('2020-01-11 00:00:00'), 'volume': 1197100.0}, {'date': Timestamp('2020-01-04 00:00:00'), 'volume': 429800.0}]",2026-08-10,762663.0,32.619998931884766,0.1555978782005508,346
ETD,573306041.0200182,weekly,2026-06-15,6567300.0,56,1,8,"[{'date': Timestamp('2026-06-15 00:00:00'), 'volume': 6567300.0}, {'date': Timestamp('2024-09-14 00:00:00'), 'volume': 5072900.0}, {'date': Timestamp('2020-05-09 00:00:00'), 'volume': 4421700.0}, {'date': Timestamp('2020-03-14 00:00:00'), 'volume': 2257300.0}, {'date': Timestamp('2020-02-01 00:00:00'), 'volume': 2125200.0}, {'date': Timestamp('2020-01-25 00:00:00'), 'volume': 1481000.0}, {'date': Timestamp('2020-01-11 00:00:00'), 'volume': 1470200.0}, {'date': Timestamp('2020-01-04 00:00:00'), 'volume': 1288500.0}]",2026-08-10,2428026.0,22.84000015258789,0.3697144945411356,346
UHT,595124420.2918063,weekly,2026-06-15,3036400.0,56,1,12,"[{'date': Timestamp('2026-06-15 00:00:00'), 'volume': 3036400.0}, {'date': Timestamp('2024-03-09 00:00:00'), 'volume': 1629400.0}, {'date': Timestamp('2024-02-24 00:00:00'), 'volume': 861900.0}, {'date': Timestamp('2021-06-19 00:00:00'), 'volume': 764100.0}, {'date': Timestamp('2020-12-12 00:00:00'), 'volume': 562000.0}, {'date': Timestamp('2020-03-28 00:00:00'), 'volume': 507700.0}, {'date': Timestamp('2020-03-14 00:00:00'), 'volume': 505600.0}, {'date': Timestamp('2020-03-07 00:00:00'), 'volume': 424400.0}, {'date': Timestamp('2020-02-29 00:00:00'), 'volume': 302800.0}, {'date': Timestamp('2020-02-22 00:00:00'), 'volume': 284300.0}, {'date': Timestamp('2020-01-11 00:00:00'), 'volume': 275200.0}, {'date': Timestamp('2020-01-04 00:00:00'), 'volume': 239700.0}]",2026-08-10,488137.0,41.29999923706055,0.1607617573442234,346
CTGO,484338873.6729223,weekly,2026-06-15,6361800.0,56,6,14,"[{'date': Timestamp('2026-06-15 00:00:00'), 'volume': 6361800.0}, {'date': Timestamp('2026-03-30 00:00:00'), 'volume': 4802500.0}, {'date': Timestamp('2026-03-23 00:00:00'), 'volume': 4259000.0}, {'date': Timestamp('2026-03-16 00:00:00'), 'volume': 2908800.0}, {'date': Timestamp('2025-12-15 00:00:00'), 'volume': 1864400.0}, {'date': Timestamp('2025-09-15 00:00:00'), 'volume': 1377500.0}, {'date': Timestamp('2024-09-16 00:00:00'), 'volume': 1111900.0}, {'date': Timestamp('2023-07-24 00:00:00'), 'volume': 1103700.0}, {'date': Timestamp('2023-06-19 00:00:00'), 'volume': 523800.0}, {'date': Timestamp('2022-09-12 00:00:00'), 'volume': 112400.0}, {'date': Timestamp('2021-11-22 00:00:00'), 'volume': 63500.0}, {'date': Timestamp('2020-05-11 00:00:00'), 'volume': 27000.0}, {'date': Timestamp('2020-01-13 00:00:00'), 'volume': 5700.0}, {'date': Timestamp('2020-01-06 00:00:00'), 'volume': 2100.0}]",2026-08-10,1856444.0,20.200000762939453,0.291811122638247,345
EEX,991526484.4413518,weekly,2026-05-11,11618700.0,63,1,14,"[{'date': Timestamp('2026-05-11 00:00:00'), 'volume': 11618700}, {'date': Timestamp('2024-09-16 00:00:00'), 'volume': 6979600}, {'date': Timestamp('2023-03-20 00:00:00'), 'volume': 4676800}, {'date': Timestamp('2022-06-20 00:00:00'), 'volume': 3781000}, {'date': Timestamp('2020-10-05 00:00:00'), 'volume': 3272800}, {'date': Timestamp('2020-06-08 00:00:00'), 'volume': 3079200}, {'date': Timestamp('2020-03-23 00:00:00'), 'volume': 3045100}, {'date': Timestamp('2020-03-16 00:00:00'), 'volume': 2084200}, {'date': Timestamp('2020-03-09 00:00:00'), 'volume': 1544100}, {'date': Timestamp('2020-03-02 00:00:00'), 'volume': 1364700}, {'date': Timestamp('2020-02-24 00:00:00'), 'volume': 1141200}, {'date': Timestamp('2020-02-17 00:00:00'), 'volume': 662600}, {'date': Timestamp('2020-01-20 00:00:00'), 'volume': 568200}, {'date': Timestamp('2020-01-06 00:00:00'), 'volume': 289300}]",2026-07-13,220000.0,5.039999961853027,0.0189349927272414,341
PCT,1545798902.6392405,weekly,2026-06-08,62183300.0,63,1,16,"[{'date': Timestamp('2026-06-08 00:00:00'), 'volume': 62183300.0}, {'date': Timestamp('2023-12-18 00:00:00'), 'volume': 45436000.0}, {'date': Timestamp('2023-09-11 00:00:00'), 'volume': 31194300.0}, {'date': Timestamp('2023-03-13 00:00:00'), 'volume': 29798200.0}, {'date': Timestamp('2021-05-03 00:00:00'), 'volume': 16234900.0}, {'date': Timestamp('2021-03-22 00:00:00'), 'volume': 7692600.0}, {'date': Timestamp('2021-03-15 00:00:00'), 'volume': 5536700.0}, {'date': Timestamp('2020-11-16 00:00:00'), 'volume': 4409200.0}, {'date': Timestamp('2020-10-26 00:00:00'), 'volume': 564400.0}, {'date': Timestamp('2020-10-05 00:00:00'), 'volume': 511200.0}, {'date': Timestamp('2020-08-31 00:00:00'), 'volume': 184300.0}, {'date': Timestamp('2020-08-17 00:00:00'), 'volume': 21800.0}, {'date': Timestamp('2020-08-10 00:00:00'), 'volume': 12200.0}, {'date': Timestamp('2020-07-27 00:00:00'), 'volume': 10500.0}, {'date': Timestamp('2020-07-20 00:00:00'), 'volume': 2200.0}, {'date': Timestamp('2020-07-13 00:00:00'), 'volume': 300.0}]",2026-08-10,26125749.0,6.949999809265137,0.4201409220803656,318
AVO,1082800798.6953585,weekly,2026-06-08,14354600.0,63,3,8,"[{'date': Timestamp('2026-06-08 00:00:00'), 'volume': 14354600.0}, {'date': Timestamp('2026-01-12 00:00:00'), 'volume': 7334300.0}, {'date': Timestamp('2025-09-08 00:00:00'), 'volume': 5989900.0}, {'date': Timestamp('2024-09-09 00:00:00'), 'volume': 5123000.0}, {'date': Timestamp('2021-06-21 00:00:00'), 'volume': 4986500.0}, {'date': Timestamp('2020-12-14 00:00:00'), 'volume': 2685100.0}, {'date': Timestamp('2020-10-05 00:00:00'), 'volume': 1838000.0}, {'date': Timestamp('2020-09-28 00:00:00'), 'volume': 1106100.0}]",2026-08-10,2650212.0,13.0600004196167,0.1846245802739191,307
TWN,555596456.8000001,weekly,2026-06-08,442700.0,63,2,9,"[{'date': Timestamp('2026-06-08 00:00:00'), 'volume': 442700.0}, {'date': Timestamp('2026-05-18 00:00:00'), 'volume': 357100.0}, {'date': Timestamp('2023-04-08 00:00:00'), 'volume': 282300.0}, {'date': Timestamp('2022-12-10 00:00:00'), 'volume': 148400.0}, {'date': Timestamp('2022-10-22 00:00:00'), 'volume': 141200.0}, {'date': Timestamp('2022-04-16 00:00:00'), 'volume': 139100.0}, {'date': Timestamp('2020-02-01 00:00:00'), 'volume': 114400.0}, {'date': Timestamp('2020-01-11 00:00:00'), 'volume': 97700.0}, {'date': Timestamp('2020-01-04 00:00:00'), 'volume': 97300.0}]",2026-08-10,141915.0,97.41999816894533,0.32056697537836,346
NRC,468988654.05355406,weekly,2026-06-08,1392200.0,63,1,14,"[{'date': Timestamp('2026-06-08 00:00:00'), 'volume': 1392200.0}, {'date': Timestamp('2024-06-24 00:00:00'), 'volume': 1273200.0}, {'date': Timestamp('2024-01-01 00:00:00'), 'volume': 1016200.0}, {'date': Timestamp('2023-12-11 00:00:00'), 'volume': 734100.0}, {'date': Timestamp('2023-03-13 00:00:00'), 'volume': 491600.0}, {'date': Timestamp('2022-09-12 00:00:00'), 'volume': 473300.0}, {'date': Timestamp('2022-06-06 00:00:00'), 'volume': 463700.0}, {'date': Timestamp('2021-11-29 00:00:00'), 'volume': 455600.0}, {'date': Timestamp('2020-06-22 00:00:00'), 'volume': 376200.0}, {'date': Timestamp('2020-03-16 00:00:00'), 'volume': 285200.0}, {'date': Timestamp('2020-03-09 00:00:00'), 'volume': 235300.0}, {'date': Timestamp('2020-02-24 00:00:00'), 'volume': 224400.0}, {'date': Timestamp('2020-01-13 00:00:00'), 'volume': 149000.0}, {'date': Timestamp('2020-01-06 00:00:00'), 'volume': 125200.0}]",2026-08-10,686813.0,21.190000534057617,0.49332926303692,345
CUB,314375314.0,weekly,2026-06-08,7805500.0,63,2,3,"[{'date': Timestamp('2026-06-08 00:00:00'), 'volume': 7805500.0}, {'date': Timestamp('2026-06-01 00:00:00'), 'volume': 4738400.0}, {'date': Timestamp('2024-08-12 00:00:00'), 'volume': 2836700.0}]",2026-08-10,718723.0,10.850000381469728,0.092079046825956,105
FAC,1221670282.9381256,weekly,2026-06-08,10013300.0,63,3,5,"[{'date': Timestamp('2026-06-08 00:00:00'), 'volume': 10013300.0}, {'date': Timestamp('2025-12-15 00:00:00'), 'volume': 7963400.0}, {'date': Timestamp('2025-08-11 00:00:00'), 'volume': 1654000.0}, {'date': Timestamp('2025-07-07 00:00:00'), 'volume': 941900.0}, {'date': Timestamp('2025-06-23 00:00:00'), 'volume': 859400.0}]",2026-08-10,1382824.0,5.159999847412109,0.1380987286908412,60
NRP,1338424081.9945898,weekly,2026-06-01,589500.0,70,1,10,"[{'date': Timestamp('2026-06-01 00:00:00'), 'volume': 589500.0}, {'date': Timestamp('2023-08-14 00:00:00'), 'volume': 435300.0}, {'date': Timestamp('2020-11-16 00:00:00'), 'volume': 430600.0}, {'date': Timestamp('2020-04-27 00:00:00'), 'volume': 402700.0}, {'date': Timestamp('2020-02-24 00:00:00'), 'volume': 395500.0}, {'date': Timestamp('2020-02-10 00:00:00'), 'volume': 283700.0}, {'date': Timestamp('2020-02-03 00:00:00'), 'volume': 122400.0}, {'date': Timestamp('2020-01-20 00:00:00'), 'volume': 118900.0}, {'date': Timestamp('2020-01-13 00:00:00'), 'volume': 79100.0}, {'date': Timestamp('2020-01-06 00:00:00'), 'volume': 72100.0}]",2026-08-10,258538.0,104.55999755859376,0.4385716709075488,345
BBCP,584059774.6223959,weekly,2026-06-01,6140200.0,70,1,6,"[{'date': Timestamp('2026-06-01 00:00:00'), 'volume': 6140200.0}, {'date': Timestamp('2022-10-31 00:00:00'), 'volume': 2428100.0}, {'date': Timestamp('2020-04-20 00:00:00'), 'volume': 2316400.0}, {'date': Timestamp('2020-03-16 00:00:00'), 'volume': 1481700.0}, {'date': Timestamp('2020-01-13 00:00:00'), 'volume': 655700.0}, {'date': Timestamp('2020-01-06 00:00:00'), 'volume': 353400.0}]",2026-08-10,451213.0,9.600000381469728,0.0734850656330412,345
OCS,686033693.3560476,weekly,2026-06-01,7010800.0,70,3,9,"[{'date': Timestamp('2026-06-01 00:00:00'), 'volume': 7010800.0}, {'date': Timestamp('2026-05-25 00:00:00'), 'volume': 3735100.0}, {'date': Timestamp('2026-03-09 00:00:00'), 'volume': 3489300.0}, {'date': Timestamp('2023-01-30 00:00:00'), 'volume': 2113400.0}, {'date': Timestamp('2022-04-25 00:00:00'), 'volume': 659000.0}, {'date': Timestamp('2022-02-07 00:00:00'), 'volume': 265700.0}, {'date': Timestamp('2021-11-22 00:00:00'), 'volume': 163900.0}, {'date': Timestamp('2021-07-12 00:00:00'), 'volume': 125400.0}, {'date': Timestamp('2021-05-17 00:00:00'), 'volume': 53500.0}]",2026-08-10,982885.0,12.9399995803833,0.1401958407029155,274
SILA,1674357656.1120262,weekly,2026-04-20,17624600.0,70,1,4,"[{'date': Timestamp('2026-04-20 00:00:00'), 'volume': 17624600}, {'date': Timestamp('2024-09-16 00:00:00'), 'volume': 11831500}, {'date': Timestamp('2024-06-17 00:00:00'), 'volume': 5878100}, {'date': Timestamp('2024-06-10 00:00:00'), 'volume': 4427200}]",2026-06-29,892900.0,30.36000061035156,0.0506621426869262,108
HLIT,1616596953.993266,weekly,2026-05-25,43460700.0,77,1,13,"[{'date': Timestamp('2026-05-25 00:00:00'), 'volume': 43460700.0}, {'date': Timestamp('2024-01-27 00:00:00'), 'volume': 26532900.0}, {'date': Timestamp('2023-07-29 00:00:00'), 'volume': 23036700.0}, {'date': Timestamp('2023-01-28 00:00:00'), 'volume': 18076800.0}, {'date': Timestamp('2022-10-29 00:00:00'), 'volume': 15071400.0}, {'date': Timestamp('2022-01-29 00:00:00'), 'volume': 13686500.0}, {'date': Timestamp('2021-07-31 00:00:00'), 'volume': 11131500.0}, {'date': Timestamp('2020-08-01 00:00:00'), 'volume': 9977900.0}, {'date': Timestamp('2020-04-25 00:00:00'), 'volume': 8948300.0}, {'date': Timestamp('2020-02-01 00:00:00'), 'volume': 8465600.0}, {'date': Timestamp('2020-01-25 00:00:00'), 'volume': 3596100.0}, {'date': Timestamp('2020-01-18 00:00:00'), 'volume': 3097800.0}, {'date': Timestamp('2020-01-04 00:00:00'), 'volume': 2504500.0}]",2026-08-10,17945608.0,13.920000076293944,0.4129157606757369,346
NHIC,303464271.7187644,weekly,2026-05-25,5352500.0,77,1,3,"[{'date': Timestamp('2026-05-25 00:00:00'), 'volume': 5352500.0}, {'date': Timestamp('2025-04-21 00:00:00'), 'volume': 1493500.0}, {'date': Timestamp('2025-04-14 00:00:00'), 'volume': 264000.0}]",2026-08-10,654002.0,10.630000114440918,0.1221862680990191,70
XOMA,745158965.9111373,weekly,2026-04-27,6020600.0,77,4,9,"[{'date': Timestamp('2026-04-27 00:00:00'), 'volume': 6020600}, {'date': Timestamp('2026-01-10 00:00:00'), 'volume': 4883100}, {'date': Timestamp('2026-01-03 00:00:00'), 'volume': 4368200}, {'date': Timestamp('2025-12-27 00:00:00'), 'volume': 2414200}, {'date': Timestamp('2023-06-17 00:00:00'), 'volume': 1118100}, {'date': Timestamp('2021-03-27 00:00:00'), 'volume': 1061800}, {'date': Timestamp('2020-06-20 00:00:00'), 'volume': 1058900}, {'date': Timestamp('2020-03-07 00:00:00'), 'volume': 543900}, {'date': Timestamp('2020-01-04 00:00:00'), 'volume': 400000}]",2026-07-13,0.0,40.16999816894531,0.0,342
NVRI,619687687.5,weekly,2026-05-25,25046300.0,77,3,7,"[{'date': Timestamp('2026-05-25 00:00:00'), 'volume': 25046300.0}, {'date': Timestamp('2025-11-15 00:00:00'), 'volume': 17602900.0}, {'date': Timestamp('2025-11-08 00:00:00'), 'volume': 12020400.0}, {'date': Timestamp('2020-02-22 00:00:00'), 'volume': 10734900.0}, {'date': Timestamp('2020-01-18 00:00:00'), 'volume': 7413900.0}, {'date': Timestamp('2020-01-11 00:00:00'), 'volume': 4434800.0}, {'date': Timestamp('2020-01-04 00:00:00'), 'volume': 2772400.0}]",2026-08-10,3322410.0,20.59000015258789,0.1326507308464723,346
SIBN,768573055.6951072,weekly,2026-05-11,8276600.0,91,1,5,"[{'date': Timestamp('2026-05-11 00:00:00'), 'volume': 8276600.0}, {'date': Timestamp('2023-05-01 00:00:00'), 'volume': 5889300.0}, {'date': Timestamp('2020-03-16 00:00:00'), 'volume': 3502700.0}, {'date': Timestamp('2020-01-20 00:00:00'), 'volume': 2290000.0}, {'date': Timestamp('2020-01-06 00:00:00'), 'volume': 1173400.0}]",2026-08-10,1335659.0,18.93000030517578,0.1613777396515477,345
WLDN,1228794499.9280374,weekly,2026-05-11,4452400.0,91,1,12,"[{'date': Timestamp('2026-05-11 00:00:00'), 'volume': 4452400.0}, {'date': Timestamp('2025-08-04 00:00:00'), 'volume': 3339800.0}, {'date': Timestamp('2025-07-07 00:00:00'), 'volume': 2222200.0}, {'date': Timestamp('2021-12-27 00:00:00'), 'volume': 2200200.0}, {'date': Timestamp('2021-12-20 00:00:00'), 'volume': 909900.0}, {'date': Timestamp('2021-03-29 00:00:00'), 'volume': 858900.0}, {'date': Timestamp('2021-03-22 00:00:00'), 'volume': 829300.0}, {'date': Timestamp('2020-03-02 00:00:00'), 'volume': 759400.0}, {'date': Timestamp('2020-01-27 00:00:00'), 'volume': 559800.0}, {'date': Timestamp('2020-01-20 00:00:00'), 'volume': 441500.0}, {'date': Timestamp('2020-01-13 00:00:00'), 'volume': 369600.0}, {'date': Timestamp('2020-01-06 00:00:00'), 'volume': 329800.0}]",2026-08-10,1501919.0,86.4000015258789,0.3373279579552601,345
FLO,1689586103.923684,weekly,2026-05-11,82657200.0,91,2,8,"[{'date': Timestamp('2026-05-11 00:00:00'), 'volume': 82657200.0}, {'date': Timestamp('2025-09-13 00:00:00'), 'volume': 36230000.0}, {'date': Timestamp('2023-01-28 00:00:00'), 'volume': 29103800.0}, {'date': Timestamp('2021-09-18 00:00:00'), 'volume': 14503100.0}, {'date': Timestamp('2020-03-21 00:00:00'), 'volume': 13355600.0}, {'date': Timestamp('2020-02-22 00:00:00'), 'volume': 12524200.0}, {'date': Timestamp('2020-02-01 00:00:00'), 'volume': 9652600.0}, {'date': Timestamp('2020-01-04 00:00:00'), 'volume': 6771600.0}]",2026-08-10,25911997.0,7.519999980926514,0.3134874759851531,346
ERII,454629169.7201365,weekly,2026-05-11,12483700.0,91,1,11,"[{'date': Timestamp('2026-05-11 00:00:00'), 'volume': 12483700.0}, {'date': Timestamp('2024-11-18 00:00:00'), 'volume': 8346300.0}, {'date': Timestamp('2023-10-30 00:00:00'), 'volume': 5250500.0}, {'date': Timestamp('2021-04-19 00:00:00'), 'volume': 4973200.0}, {'date': Timestamp('2021-02-22 00:00:00'), 'volume': 4559400.0}, {'date': Timestamp('2020-06-29 00:00:00'), 'volume': 3409800.0}, {'date': Timestamp('2020-03-09 00:00:00'), 'volume': 2433700.0}, {'date': Timestamp('2020-02-24 00:00:00'), 'volume': 1306900.0}, {'date': Timestamp('2020-02-03 00:00:00'), 'volume': 960900.0}, {'date': Timestamp('2020-01-13 00:00:00'), 'volume': 866400.0}, {'date': Timestamp('2020-01-06 00:00:00'), 'volume': 660300.0}]",2026-08-10,6751586.0,8.350000381469727,0.5408321250911188,345
WEST,916069205.9907502,weekly,2026-05-11,8114500.0,91,2,6,"[{'date': Timestamp('2026-05-11 00:00:00'), 'volume': 8114500.0}, {'date': Timestamp('2026-05-04 00:00:00'), 'volume': 6734000.0}, {'date': Timestamp('2022-04-04 00:00:00'), 'volume': 5458300.0}, {'date': Timestamp('2021-11-01 00:00:00'), 'volume': 1000200.0}, {'date': Timestamp('2021-10-25 00:00:00'), 'volume': 707700.0}, {'date': Timestamp('2021-10-18 00:00:00'), 'volume': 129900.0}]",2026-08-10,2026057.0,8.430000305175781,0.2496835294842565,252
MEI,679639794.4444444,weekly,2026-05-11,18230300.0,91,1,12,"[{'date': Timestamp('2026-05-11 00:00:00'), 'volume': 18230300.0}, {'date': Timestamp('2024-06-15 00:00:00'), 'volume': 10321400.0}, {'date': Timestamp('2024-03-16 00:00:00'), 'volume': 9271900.0}, {'date': Timestamp('2024-03-02 00:00:00'), 'volume': 4127700.0}, {'date': Timestamp('2023-06-10 00:00:00'), 'volume': 3925100.0}, {'date': Timestamp('2022-03-12 00:00:00'), 'volume': 1874900.0}, {'date': Timestamp('2020-05-09 00:00:00'), 'volume': 1763800.0}, {'date': Timestamp('2020-03-07 00:00:00'), 'volume': 1741600.0}, {'date': Timestamp('2020-02-29 00:00:00'), 'volume': 1493000.0}, {'date': Timestamp('2020-02-22 00:00:00'), 'volume': 1255200.0}, {'date': Timestamp('2020-01-25 00:00:00'), 'volume': 949800.0}, {'date': Timestamp('2020-01-04 00:00:00'), 'volume': 852400.0}]",2026-08-10,2765870.0,17.139999389648438,0.1517182931712588,346
BZH,798147672.2210106,weekly,2026-05-11,10782400.0,91,1,7,"[{'date': Timestamp('2026-05-11 00:00:00'), 'volume': 10782400.0}, {'date': Timestamp('2020-04-04 00:00:00'), 'volume': 6944000.0}, {'date': Timestamp('2020-03-14 00:00:00'), 'volume': 5261000.0}, {'date': Timestamp('2020-01-25 00:00:00'), 'volume': 4217900.0}, {'date': Timestamp('2020-01-18 00:00:00'), 'volume': 1598800.0}, {'date': Timestamp('2020-01-11 00:00:00'), 'volume': 1192400.0}, {'date': Timestamp('2020-01-04 00:00:00'), 'volume': 1144200.0}]",2026-08-10,6716418.0,33.099998474121094,0.6229056610773112,346
POET,1629300719.510365,weekly,2026-05-11,452604600.0,91,4,17,"[{'date': Timestamp('2026-05-11 00:00:00'), 'volume': 452604600.0}, {'date': Timestamp('2026-04-27 00:00:00'), 'volume': 406730600.0}, {'date': Timestamp('2026-04-20 00:00:00'), 'volume': 313099400.0}, {'date': Timestamp('2025-10-06 00:00:00'), 'volume': 167440200.0}, {'date': Timestamp('2024-09-23 00:00:00'), 'volume': 43345100.0}, {'date': Timestamp('2024-04-22 00:00:00'), 'volume': 22009600.0}, {'date': Timestamp('2023-11-27 00:00:00'), 'volume': 3523000.0}, {'date': Timestamp('2023-11-06 00:00:00'), 'volume': 999300.0}, {'date': Timestamp('2023-10-30 00:00:00'), 'volume': 894800.0}, {'date': Timestamp('2023-01-09 00:00:00'), 'volume': 788200.0}, {'date': Timestamp('2021-02-01 00:00:00'), 'volume': 607090.0}, {'date': Timestamp('2021-01-25 00:00:00'), 'volume': 295040.0}, {'date': Timestamp('2020-12-28 00:00:00'), 'volume': 163410.0}, {'date': Timestamp('2020-06-29 00:00:00'), 'volume': 141610.0}, {'date': Timestamp('2020-02-17 00:00:00'), 'volume': 137370.0}, {'date': Timestamp('2020-02-03 00:00:00'), 'volume': 76300.0}, {'date': Timestamp('2020-01-06 00:00:00'), 'volume': 75680.0}]",2026-08-10,85380234.0,9.579999923706056,0.1886419934750994,345
GAIN,603701020.4322147,weekly,2026-05-11,4103300.0,91,2,6,"[{'date': Timestamp('2026-05-11 00:00:00'), 'volume': 4103300.0}, {'date': Timestamp('2026-03-09 00:00:00'), 'volume': 3080700.0}, {'date': Timestamp('2020-03-16 00:00:00'), 'volume': 2895200.0}, {'date': Timestamp('2020-03-09 00:00:00'), 'volume': 2214500.0}, {'date': Timestamp('2020-02-24 00:00:00'), 'volume': 2167400.0}, {'date': Timestamp('2020-01-06 00:00:00'), 'volume': 1029900.0}]",2026-08-10,1107977.0,16.309999465942383,0.2700209587405259,345
ATEC,1430240539.501699,weekly,2026-05-04,50134900.0,98,2,9,"[{'date': Timestamp('2026-05-04 00:00:00'), 'volume': 50134900.0}, {'date': Timestamp('2026-01-12 00:00:00'), 'volume': 38552800.0}, {'date': Timestamp('2024-07-29 00:00:00'), 'volume': 29100900.0}, {'date': Timestamp('2023-10-23 00:00:00'), 'volume': 23596900.0}, {'date': Timestamp('2020-10-05 00:00:00'), 'volume': 16289800.0}, {'date': Timestamp('2020-03-16 00:00:00'), 'volume': 6563100.0}, {'date': Timestamp('2020-03-09 00:00:00'), 'volume': 5656600.0}, {'date': Timestamp('2020-01-13 00:00:00'), 'volume': 4116200.0}, {'date': Timestamp('2020-01-06 00:00:00'), 'volume': 991000.0}]",2026-08-10,10095850.0,9.789999961853027,0.2013736937741972,345
BRBR,1343009264.3415277,weekly,2026-05-04,57177800.0,98,1,10,"[{'date': Timestamp('2026-05-04 00:00:00'), 'volume': 57177800.0}, {'date': Timestamp('2025-08-04 00:00:00'), 'volume': 44082100.0}, {'date': Timestamp('2022-03-14 00:00:00'), 'volume': 24217000.0}, {'date': Timestamp('2022-03-07 00:00:00'), 'volume': 16096000.0}, {'date': Timestamp('2021-12-27 00:00:00'), 'volume': 12161100.0}, {'date': Timestamp('2021-11-15 00:00:00'), 'volume': 4577400.0}, {'date': Timestamp('2020-04-13 00:00:00'), 'volume': 3909300.0}, {'date': Timestamp('2020-03-16 00:00:00'), 'volume': 3535700.0}, {'date': Timestamp('2020-02-10 00:00:00'), 'volume': 2730100.0}, {'date': Timestamp('2020-01-06 00:00:00'), 'volume': 2528500.0}]",2026-08-10,14372263.0,10.75,0.2513608953125164,345
ULCC,1803846270.8870964,weekly,2026-05-04,45323100.0,98,3,7,"[{'date': Timestamp('2026-05-04 00:00:00'), 'volume': 45323100.0}, {'date': Timestamp('2026-04-20 00:00:00'), 'volume': 37348600.0}, {'date': Timestamp('2025-08-11 00:00:00'), 'volume': 35689200.0}, {'date': Timestamp('2025-04-07 00:00:00'), 'volume': 33920900.0}, {'date': Timestamp('2022-02-07 00:00:00'), 'volume': 33572800.0}, {'date': Timestamp('2021-04-05 00:00:00'), 'volume': 14830800.0}, {'date': Timestamp('2021-03-29 00:00:00'), 'volume': 10277900.0}]",2026-08-10,11288004.0,6.690000057220459,0.2490563090344658,281
PAHC,1285495837.814012,weekly,2026-05-04,3274500.0,98,2,12,"[{'date': Timestamp('2026-05-04 00:00:00'), 'volume': 3274500.0}, {'date': Timestamp('2025-08-25 00:00:00'), 'volume': 2681900.0}, {'date': Timestamp('2025-07-07 00:00:00'), 'volume': 2253700.0}, {'date': Timestamp('2025-02-10 00:00:00'), 'volume': 2163200.0}, {'date': Timestamp('2023-11-27 00:00:00'), 'volume': 1785500.0}, {'date': Timestamp('2022-08-29 00:00:00'), 'volume': 1617300.0}, {'date': Timestamp('2021-03-01 00:00:00'), 'volume': 1316900.0}, {'date': Timestamp('2020-03-30 00:00:00'), 'volume': 1293500.0}, {'date': Timestamp('2020-03-23 00:00:00'), 'volume': 1247100.0}, {'date': Timestamp('2020-02-03 00:00:00'), 'volume': 1235600.0}, {'date': Timestamp('2020-01-27 00:00:00'), 'volume': 595300.0}, {'date': Timestamp('2020-01-06 00:00:00'), 'volume': 573300.0}]",2026-08-10,693969.0,34.36000061035156,0.2119312872194228,345
EVC,1107231414.4029849,weekly,2026-05-04,56751500.0,98,1,8,"[{'date': Timestamp('2026-05-04 00:00:00'), 'volume': 56751500.0}, {'date': Timestamp('2024-03-04 00:00:00'), 'volume': 22788600.0}, {'date': Timestamp('2020-06-15 00:00:00'), 'volume': 15877000.0}, {'date': Timestamp('2020-05-11 00:00:00'), 'volume': 2306300.0}, {'date': Timestamp('2020-03-23 00:00:00'), 'volume': 1906300.0}, {'date': Timestamp('2020-03-09 00:00:00'), 'volume': 1874000.0}, {'date': Timestamp('2020-01-27 00:00:00'), 'volume': 1258900.0}, {'date': Timestamp('2020-01-06 00:00:00'), 'volume': 1079800.0}]",2026-08-10,18484345.0,9.010000228881836,0.3257067214082447,345
PUMP,1814731237.0,weekly,2026-05-04,55806200.0,98,3,8,"[{'date': Timestamp('2026-05-04 00:00:00'), 'volume': 55806200.0}, {'date': Timestamp('2025-10-27 00:00:00'), 'volume': 47616500.0}, {'date': Timestamp('2025-09-15 00:00:00'), 'volume': 37900600.0}, {'date': Timestamp('2020-03-16 00:00:00'), 'volume': 30519700.0}, {'date': Timestamp('2020-03-09 00:00:00'), 'volume': 18473900.0}, {'date': Timestamp('2020-02-24 00:00:00'), 'volume': 9992100.0}, {'date': Timestamp('2020-01-20 00:00:00'), 'volume': 7128600.0}, {'date': Timestamp('2020-01-06 00:00:00'), 'volume': 6851000.0}]",2026-08-10,9533391.0,12.100000381469728,0.17083031992861,345
CCOI,671541458.7104864,weekly,2026-05-04,16062100.0,98,4,13,"[{'date': Timestamp('2026-05-04 00:00:00'), 'volume': 16062100.0}, {'date': Timestamp('2025-11-10 00:00:00'), 'volume': 14945600.0}, {'date': Timestamp('2025-11-03 00:00:00'), 'volume': 12965200.0}, {'date': Timestamp('2025-08-11 00:00:00'), 'volume': 12954400.0}, {'date': Timestamp('2025-08-04 00:00:00'), 'volume': 12327500.0}, {'date': Timestamp('2025-04-07 00:00:00'), 'volume': 6519400.0}, {'date': Timestamp('2024-03-11 00:00:00'), 'volume': 4131300.0}, {'date': Timestamp('2021-12-13 00:00:00'), 'volume': 3970400.0}, {'date': Timestamp('2020-03-16 00:00:00'), 'volume': 3840300.0}, {'date': Timestamp('2020-03-09 00:00:00'), 'volume': 3497300.0}, {'date': Timestamp('2020-03-02 00:00:00'), 'volume': 2476100.0}, {'date': Timestamp('2020-02-24 00:00:00'), 'volume': 1863700.0}, {'date': Timestamp('2020-01-06 00:00:00'), 'volume': 1725400.0}]",2026-08-10,12461202.0,11.3100004196167,0.775813996924437,345
ULH,403456273.37491786,weekly,2026-05-04,981800.0,98,1,14,"[{'date': Timestamp('2026-05-04 00:00:00'), 'volume': 981800.0}, {'date': Timestamp('2024-04-22 00:00:00'), 'volume': 757600.0}, {'date': Timestamp('2023-02-06 00:00:00'), 'volume': 746400.0}, {'date': Timestamp('2022-08-01 00:00:00'), 'volume': 618600.0}, {'date': Timestamp('2021-12-13 00:00:00'), 'volume': 611400.0}, {'date': Timestamp('2021-01-04 00:00:00'), 'volume': 572600.0}, {'date': Timestamp('2020-12-14 00:00:00'), 'volume': 519600.0}, {'date': Timestamp('2020-08-31 00:00:00'), 'volume': 453300.0}, {'date': Timestamp('2020-08-24 00:00:00'), 'volume': 450600.0}, {'date': Timestamp('2020-03-30 00:00:00'), 'volume': 436700.0}, {'date': Timestamp('2020-03-16 00:00:00'), 'volume': 399200.0}, {'date': Timestamp('2020-02-03 00:00:00'), 'volume': 354900.0}, {'date': Timestamp('2020-01-13 00:00:00'), 'volume': 347000.0}, {'date': Timestamp('2020-01-06 00:00:00'), 'volume': 266200.0}]",2026-08-10,250202.0,19.290000915527344,0.2548400896312894,345
TRDA,300471584.72727275,weekly,2026-05-04,6687200.0,98,2,6,"[{'date': Timestamp('2026-05-04 00:00:00'), 'volume': 6687200.0}, {'date': Timestamp('2025-09-15 00:00:00'), 'volume': 3597000.0}, {'date': Timestamp('2023-06-19 00:00:00'), 'volume': 2927300.0}, {'date': Timestamp('2021-12-13 00:00:00'), 'volume': 2811800.0}, {'date': Timestamp('2021-11-01 00:00:00'), 'volume': 1485500.0}, {'date': Timestamp('2021-10-25 00:00:00'), 'volume': 1069000.0}]",2026-08-10,1376875.0,7.460000038146973,0.2058970869721258,251
EVER,820660057.5115207,weekly,2026-05-04,13965000.0,98,2,7,"[{'date': Timestamp('2026-05-04 00:00:00'), 'volume': 13965000.0}, {'date': Timestamp('2026-02-02 00:00:00'), 'volume': 8126700.0}, {'date': Timestamp('2025-02-24 00:00:00'), 'volume': 6758500.0}, {'date': Timestamp('2024-08-05 00:00:00'), 'volume': 6164400.0}, {'date': Timestamp('2020-08-03 00:00:00'), 'volume': 5187200.0}, {'date': Timestamp('2020-02-24 00:00:00'), 'volume': 4646200.0}, {'date': Timestamp('2020-01-06 00:00:00'), 'volume': 3556700.0}]",2026-08-10,2617910.0,24.420000076293945,0.1874622269960615,345
AORT,1146108491.4161518,weekly,2026-05-04,7067900.0,98,1,8,"[{'date': Timestamp('2026-05-04 00:00:00'), 'volume': 7067900.0}, {'date': Timestamp('2020-06-13 00:00:00'), 'volume': 6981400.0}, {'date': Timestamp('2020-03-21 00:00:00'), 'volume': 2498000.0}, {'date': Timestamp('2020-03-14 00:00:00'), 'volume': 2310100.0}, {'date': Timestamp('2020-02-22 00:00:00'), 'volume': 2147700.0}, {'date': Timestamp('2020-02-08 00:00:00'), 'volume': 1822500.0}, {'date': Timestamp('2020-01-11 00:00:00'), 'volume': 901200.0}, {'date': Timestamp('2020-01-04 00:00:00'), 'volume': 763800.0}]",2026-08-10,4672690.0,29.13999938964844,0.6611143338190976,346
FWRD,470264457.59972006,weekly,2026-05-04,17512300.0,98,1,15,"[{'date': Timestamp('2026-05-04 00:00:00'), 'volume': 17512300.0}, {'date': Timestamp('2024-05-18 00:00:00'), 'volume': 11878800.0}, {'date': Timestamp('2024-05-04 00:00:00'), 'volume': 9457000.0}, {'date': Timestamp('2024-03-09 00:00:00'), 'volume': 9221800.0}, {'date': Timestamp('2024-03-02 00:00:00'), 'volume': 7005600.0}, {'date': Timestamp('2023-08-12 00:00:00'), 'volume': 6930500.0}, {'date': Timestamp('2023-08-05 00:00:00'), 'volume': 3806200.0}, {'date': Timestamp('2023-02-04 00:00:00'), 'volume': 1609500.0}, {'date': Timestamp('2020-03-14 00:00:00'), 'volume': 1605500.0}, {'date': Timestamp('2020-03-07 00:00:00'), 'volume': 1355200.0}, {'date': Timestamp('2020-02-22 00:00:00'), 'volume': 1073500.0}, {'date': Timestamp('2020-02-08 00:00:00'), 'volume': 650900.0}, {'date': Timestamp('2020-02-01 00:00:00'), 'volume': 636700.0}, {'date': Timestamp('2020-01-18 00:00:00'), 'volume': 520000.0}, {'date': Timestamp('2020-01-04 00:00:00'), 'volume': 450100.0}]",2026-08-10,3070919.0,18.959999084472656,0.1753578342079567,346
AVNS,1168853002.7871487,weekly,2026-04-13,34634000.0,98,1,6,"[{'date': Timestamp('2026-04-13 00:00:00'), 'volume': 34634000}, {'date': Timestamp('2021-05-10 00:00:00'), 'volume': 13519000}, {'date': Timestamp('2020-03-16 00:00:00'), 'volume': 3225100}, {'date': Timestamp('2020-02-24 00:00:00'), 'volume': 3011100}, {'date': Timestamp('2020-01-27 00:00:00'), 'volume': 2166400}, {'date': Timestamp('2020-01-06 00:00:00'), 'volume': 1760200}]",2026-07-20,2040300.0,24.979999542236328,0.0589103193393774,342
AURA,724054930.6122448,weekly,2026-05-04,10186900.0,98,1,5,"[{'date': Timestamp('2026-05-04 00:00:00'), 'volume': 10186900.0}, {'date': Timestamp('2023-11-06 00:00:00'), 'volume': 5230600.0}, {'date': Timestamp('2022-06-20 00:00:00'), 'volume': 2265700.0}, {'date': Timestamp('2021-11-01 00:00:00'), 'volume': 1670400.0}, {'date': Timestamp('2021-10-25 00:00:00'), 'volume': 1573600.0}]",2026-08-10,3820926.0,7.690000057220459,0.3750823115962658,251
UPWK,1028906146.048346,weekly,2026-05-04,51146400.0,98,3,7,"[{'date': Timestamp('2026-05-04 00:00:00'), 'volume': 51146400.0}, {'date': Timestamp('2026-02-09 00:00:00'), 'volume': 42273300.0}, {'date': Timestamp('2025-11-24 00:00:00'), 'volume': 40923500.0}, {'date': Timestamp('2020-05-11 00:00:00'), 'volume': 38004900.0}, {'date': Timestamp('2020-03-09 00:00:00'), 'volume': 15567800.0}, {'date': Timestamp('2020-03-02 00:00:00'), 'volume': 14492700.0}, {'date': Timestamp('2020-01-06 00:00:00'), 'volume': 13404800.0}]",2026-08-10,40329665.0,8.484999656677246,0.7885142453818842,345
GDYN,457434512.9232245,weekly,2026-05-04,20293800.0,98,1,8,"[{'date': Timestamp('2026-05-04 00:00:00'), 'volume': 20293800.0}, {'date': Timestamp('2024-12-30 00:00:00'), 'volume': 16539200.0}, {'date': Timestamp('2022-03-28 00:00:00'), 'volume': 10508500.0}, {'date': Timestamp('2021-06-28 00:00:00'), 'volume': 10364400.0}, {'date': Timestamp('2020-06-15 00:00:00'), 'volume': 6388200.0}, {'date': Timestamp('2020-03-02 00:00:00'), 'volume': 5337400.0}, {'date': Timestamp('2020-02-03 00:00:00'), 'volume': 3936700.0}, {'date': Timestamp('2020-01-06 00:00:00'), 'volume': 2613300.0}]",2026-08-10,8625376.0,7.75,0.4250251801042683,345
VITL,479474208.9353933,weekly,2026-05-04,38153000.0,98,4,10,"[{'date': Timestamp('2026-05-04 00:00:00'), 'volume': 38153000.0}, {'date': Timestamp('2026-02-23 00:00:00'), 'volume': 23106600.0}, {'date': Timestamp('2025-12-08 00:00:00'), 'volume': 17887900.0}, {'date': Timestamp('2025-12-01 00:00:00'), 'volume': 15437600.0}, {'date': Timestamp('2025-02-24 00:00:00'), 'volume': 11574500.0}, {'date': Timestamp('2024-11-04 00:00:00'), 'volume': 9522700.0}, {'date': Timestamp('2024-08-05 00:00:00'), 'volume': 9438400.0}, {'date': Timestamp('2024-05-06 00:00:00'), 'volume': 7645900.0}, {'date': Timestamp('2020-11-09 00:00:00'), 'volume': 6354900.0}, {'date': Timestamp('2020-07-27 00:00:00'), 'volume': 5899400.0}]",2026-08-10,8064329.0,10.899999618530272,0.2113681492936335,316
SLRC,677568578.9585702,weekly,2026-05-04,5808400.0,98,1,8,"[{'date': Timestamp('2026-05-04 00:00:00'), 'volume': 5808400.0}, {'date': Timestamp('2022-06-13 00:00:00'), 'volume': 3821900.0}, {'date': Timestamp('2020-03-23 00:00:00'), 'volume': 3656500.0}, {'date': Timestamp('2020-03-16 00:00:00'), 'volume': 3619100.0}, {'date': Timestamp('2020-03-09 00:00:00'), 'volume': 2438100.0}, {'date': Timestamp('2020-02-24 00:00:00'), 'volume': 1847100.0}, {'date': Timestamp('2020-02-17 00:00:00'), 'volume': 1088600.0}, {'date': Timestamp('2020-01-06 00:00:00'), 'volume': 622100.0}]",2026-08-10,1701332.0,12.890000343322754,0.2929088905722746,345
ICFI,1294629880.1690986,weekly,2026-04-27,3159600.0,105,1,10,"[{'date': Timestamp('2026-04-27 00:00:00'), 'volume': 3159600.0}, {'date': Timestamp('2025-02-24 00:00:00'), 'volume': 2867800.0}, {'date': Timestamp('2024-11-11 00:00:00'), 'volume': 2008900.0}, {'date': Timestamp('2020-03-09 00:00:00'), 'volume': 1130100.0}, {'date': Timestamp('2020-03-02 00:00:00'), 'volume': 1119500.0}, {'date': Timestamp('2020-02-24 00:00:00'), 'volume': 875800.0}, {'date': Timestamp('2020-01-27 00:00:00'), 'volume': 853300.0}, {'date': Timestamp('2020-01-20 00:00:00'), 'volume': 574700.0}, {'date': Timestamp('2020-01-13 00:00:00'), 'volume': 559800.0}, {'date': Timestamp('2020-01-06 00:00:00'), 'volume': 393400.0}]",2026-08-10,1558121.0,88.38999938964844,0.4931386884415749,345
RMAX,333193219.6842105,weekly,2026-04-27,22132100.0,105,1,8,"[{'date': Timestamp('2026-04-27 00:00:00'), 'volume': 22132100.0}, {'date': Timestamp('2023-09-11 00:00:00'), 'volume': 5270600.0}, {'date': Timestamp('2023-09-04 00:00:00'), 'volume': 2226200.0}, {'date': Timestamp('2022-05-16 00:00:00'), 'volume': 2080600.0}, {'date': Timestamp('2020-03-16 00:00:00'), 'volume': 1717900.0}, {'date': Timestamp('2020-03-09 00:00:00'), 'volume': 1095700.0}, {'date': Timestamp('2020-02-17 00:00:00'), 'volume': 1007400.0}, {'date': Timestamp('2020-01-06 00:00:00'), 'volume': 534900.0}]",2026-08-10,4886517.0,12.550000190734863,0.2207886734652382,345
BBBY,468565981.0665611,weekly,2026-04-27,72649600.0,105,1,8,"[{'date': Timestamp('2026-04-27 00:00:00'), 'volume': 72649600.0}, {'date': Timestamp('2022-02-21 00:00:00'), 'volume': 58587100.0}, {'date': Timestamp('2020-08-17 00:00:00'), 'volume': 43234200.0}, {'date': Timestamp('2020-07-06 00:00:00'), 'volume': 42523400.0}, {'date': Timestamp('2020-05-11 00:00:00'), 'volume': 35253400.0}, {'date': Timestamp('2020-04-27 00:00:00'), 'volume': 30323900.0}, {'date': Timestamp('2020-04-20 00:00:00'), 'volume': 25771800.0}, {'date': Timestamp('2020-01-06 00:00:00'), 'volume': 14920900.0}]",2026-08-10,13591176.0,4.349999904632568,0.1870784698057525,345
KFRC,882862350.5032929,weekly,2026-04-27,3569100.0,105,1,11,"[{'date': Timestamp('2026-04-27 00:00:00'), 'volume': 3569100.0}, {'date': Timestamp('2025-07-26 00:00:00'), 'volume': 2811600.0}, {'date': Timestamp('2023-03-11 00:00:00'), 'volume': 1955900.0}, {'date': Timestamp('2020-08-08 00:00:00'), 'volume': 1872500.0}, {'date': Timestamp('2020-03-14 00:00:00'), 'volume': 1346400.0}, {'date': Timestamp('2020-03-07 00:00:00'), 'volume': 1275500.0}, {'date': Timestamp('2020-02-22 00:00:00'), 'volume': 1035300.0}, {'date': Timestamp('2020-02-01 00:00:00'), 'volume': 866500.0}, {'date': Timestamp('2020-01-25 00:00:00'), 'volume': 547000.0}, {'date': Timestamp('2020-01-11 00:00:00'), 'volume': 514900.0}, {'date': Timestamp('2020-01-04 00:00:00'), 'volume': 444200.0}]",2026-08-10,1798411.0,58.08000183105469,0.503883612115099,346
CWH,782691996.0107816,weekly,2026-04-20,26345900.0,112,2,11,"[{'date': Timestamp('2026-04-20 00:00:00'), 'volume': 26345900.0}, {'date': Timestamp('2026-02-23 00:00:00'), 'volume': 26113600.0}, {'date': Timestamp('2020-09-14 00:00:00'), 'volume': 25791100.0}, {'date': Timestamp('2020-08-03 00:00:00'), 'volume': 25041200.0}, {'date': Timestamp('2020-05-04 00:00:00'), 'volume': 21671100.0}, {'date': Timestamp('2020-03-23 00:00:00'), 'volume': 12675300.0}, {'date': Timestamp('2020-03-16 00:00:00'), 'volume': 12512600.0}, {'date': Timestamp('2020-03-09 00:00:00'), 'volume': 9790100.0}, {'date': Timestamp('2020-03-02 00:00:00'), 'volume': 5920800.0}, {'date': Timestamp('2020-01-13 00:00:00'), 'volume': 5593200.0}, {'date': Timestamp('2020-01-06 00:00:00'), 'volume': 3446100.0}]",2026-08-10,6284781.0,6.409999847412109,0.2385487305425132,345
SCHL,1000366732.663328,weekly,2026-04-20,5835800.0,112,2,14,"[{'date': Timestamp('2026-04-20 00:00:00'), 'volume': 5835800.0}, {'date': Timestamp('2026-04-13 00:00:00'), 'volume': 4794800.0}, {'date': Timestamp('2024-03-09 00:00:00'), 'volume': 4375900.0}, {'date': Timestamp('2022-09-24 00:00:00'), 'volume': 2985600.0}, {'date': Timestamp('2020-09-19 00:00:00'), 'volume': 2591600.0}, {'date': Timestamp('2020-03-14 00:00:00'), 'volume': 2014900.0}, {'date': Timestamp('2020-03-07 00:00:00'), 'volume': 1386200.0}, {'date': Timestamp('2020-02-22 00:00:00'), 'volume': 1319400.0}, {'date': Timestamp('2020-02-15 00:00:00'), 'volume': 1194800.0}, {'date': Timestamp('2020-02-01 00:00:00'), 'volume': 1039100.0}, {'date': Timestamp('2020-01-25 00:00:00'), 'volume': 953600.0}, {'date': Timestamp('2020-01-18 00:00:00'), 'volume': 705300.0}, {'date': Timestamp('2020-01-11 00:00:00'), 'volume': 695800.0}, {'date': Timestamp('2020-01-04 00:00:00'), 'volume': 643700.0}]",2026-08-10,1980636.0,41.43000030517578,0.3393940847870043,346
CMPS,1832258336.0,weekly,2026-04-20,70335500.0,112,1,6,"[{'date': Timestamp('2026-04-20 00:00:00'), 'volume': 70335500.0}, {'date': Timestamp('2025-06-23 00:00:00'), 'volume': 63678500.0}, {'date': Timestamp('2021-11-08 00:00:00'), 'volume': 14795100.0}, {'date': Timestamp('2020-10-05 00:00:00'), 'volume': 7922500.0}, {'date': Timestamp('2020-09-21 00:00:00'), 'volume': 5572200.0}, {'date': Timestamp('2020-09-14 00:00:00'), 'volume': 2999400.0}]",2026-08-10,13121750.0,13.449999809265137,0.1865594187856772,309
ATII,320163812.9640553,weekly,2026-04-20,5137000.0,112,1,3,"[{'date': Timestamp('2026-04-20 00:00:00'), 'volume': 5137000.0}, {'date': Timestamp('2025-04-21 00:00:00'), 'volume': 2157500.0}, {'date': Timestamp('2025-03-31 00:00:00'), 'volume': 1007100.0}]",2026-08-10,362068.0,10.640000343322754,0.0704823827136461,72
EFOR,804009974.7116061,weekly,2026-04-18,14458700.0,114,3,10,"[{'date': Timestamp('2026-04-18 00:00:00'), 'volume': 14458700.0}, {'date': Timestamp('2026-03-14 00:00:00'), 'volume': 10785200.0}, {'date': Timestamp('2026-02-07 00:00:00'), 'volume': 5432900.0}, {'date': Timestamp('2025-07-19 00:00:00'), 'volume': 4513900.0}, {'date': Timestamp('2020-03-14 00:00:00'), 'volume': 4484500.0}, {'date': Timestamp('2020-03-07 00:00:00'), 'volume': 3790600.0}, {'date': Timestamp('2020-02-22 00:00:00'), 'volume': 2703100.0}, {'date': Timestamp('2020-02-08 00:00:00'), 'volume': 2005500.0}, {'date': Timestamp('2020-01-25 00:00:00'), 'volume': 1098400.0}, {'date': Timestamp('2020-01-04 00:00:00'), 'volume': 1080500.0}]",2026-08-10,4159498.0,31.670000076293945,0.2876813268136139,346
QDEL,940353843.0813608,weekly,2026-04-13,24585500.0,119,1,9,"[{'date': Timestamp('2026-04-13 00:00:00'), 'volume': 24585500.0}, {'date': Timestamp('2020-08-22 00:00:00'), 'volume': 18958100.0}, {'date': Timestamp('2020-06-13 00:00:00'), 'volume': 14054000.0}, {'date': Timestamp('2020-05-09 00:00:00'), 'volume': 12743100.0}, {'date': Timestamp('2020-03-21 00:00:00'), 'volume': 5465100.0}, {'date': Timestamp('2020-03-14 00:00:00'), 'volume': 4803800.0}, {'date': Timestamp('2020-03-07 00:00:00'), 'volume': 2639500.0}, {'date': Timestamp('2020-01-11 00:00:00'), 'volume': 2124700.0}, {'date': Timestamp('2020-01-04 00:00:00'), 'volume': 1525500.0}]",2026-08-10,9486944.0,14.300000190734863,0.3858755770677838,346
NEXA,1701836193.5714288,weekly,2026-04-13,17888200.0,119,2,12,"[{'date': Timestamp('2026-04-13 00:00:00'), 'volume': 17888200.0}, {'date': Timestamp('2026-01-26 00:00:00'), 'volume': 5653900.0}, {'date': Timestamp('2024-12-30 00:00:00'), 'volume': 5076200.0}, {'date': Timestamp('2023-07-24 00:00:00'), 'volume': 5054100.0}, {'date': Timestamp('2021-11-01 00:00:00'), 'volume': 2951800.0}, {'date': Timestamp('2021-10-04 00:00:00'), 'volume': 2109800.0}, {'date': Timestamp('2021-03-08 00:00:00'), 'volume': 1817600.0}, {'date': Timestamp('2020-03-16 00:00:00'), 'volume': 1241200.0}, {'date': Timestamp('2020-03-09 00:00:00'), 'volume': 780900.0}, {'date': Timestamp('2020-01-27 00:00:00'), 'volume': 749700.0}, {'date': Timestamp('2020-01-13 00:00:00'), 'volume': 357100.0}, {'date': Timestamp('2020-01-06 00:00:00'), 'volume': 239800.0}]",2026-08-10,2247879.0,14.18000030517578,0.1256626714817589,345
LWLG,1215688182.268382,weekly,2026-04-13,58500100.0,119,3,19,"[{'date': Timestamp('2026-04-13 00:00:00'), 'volume': 58500100.0}, {'date': Timestamp('2026-03-09 00:00:00'), 'volume': 55022000.0}, {'date': Timestamp('2025-08-25 00:00:00'), 'volume': 30182500.0}, {'date': Timestamp('2025-06-23 00:00:00'), 'volume': 21598600.0}, {'date': Timestamp('2022-06-20 00:00:00'), 'volume': 17021300.0}, {'date': Timestamp('2021-12-13 00:00:00'), 'volume': 15953200.0}, {'date': Timestamp('2021-06-28 00:00:00'), 'volume': 13517200.0}, {'date': Timestamp('2021-06-14 00:00:00'), 'volume': 5505800.0}, {'date': Timestamp('2021-06-07 00:00:00'), 'volume': 5265800.0}, {'date': Timestamp('2021-05-31 00:00:00'), 'volume': 4818500.0}, {'date': Timestamp('2021-01-25 00:00:00'), 'volume': 3883000.0}, {'date': Timestamp('2021-01-11 00:00:00'), 'volume': 2996400.0}, {'date': Timestamp('2020-05-11 00:00:00'), 'volume': 2004700.0}, {'date': Timestamp('2020-05-04 00:00:00'), 'volume': 1305300.0}, {'date': Timestamp('2020-04-27 00:00:00'), 'volume': 1292600.0}, {'date': Timestamp('2020-03-09 00:00:00'), 'volume': 1276900.0}, {'date': Timestamp('2020-02-24 00:00:00'), 'volume': 746200.0}, {'date': Timestamp('2020-01-13 00:00:00'), 'volume': 729900.0}, {'date': Timestamp('2020-01-06 00:00:00'), 'volume': 646900.0}]",2026-08-10,18819942.0,7.570000171661377,0.3217078603284439,345
SFST,578939732.5743891,weekly,2026-04-13,1251200.0,119,3,12,"[{'date': Timestamp('2026-04-13 00:00:00'), 'volume': 1251200.0}, {'date': Timestamp('2026-04-06 00:00:00'), 'volume': 665400.0}, {'date': Timestamp('2026-03-30 00:00:00'), 'volume': 597700.0}, {'date': Timestamp('2023-05-13 00:00:00'), 'volume': 594900.0}, {'date': Timestamp('2023-04-29 00:00:00'), 'volume': 311200.0}, {'date': Timestamp('2022-08-06 00:00:00'), 'volume': 305400.0}, {'date': Timestamp('2021-01-30 00:00:00'), 'volume': 258800.0}, {'date': Timestamp('2020-02-29 00:00:00'), 'volume': 247800.0}, {'date': Timestamp('2020-02-22 00:00:00'), 'volume': 228000.0}, {'date': Timestamp('2020-02-01 00:00:00'), 'volume': 138600.0}, {'date': Timestamp('2020-01-18 00:00:00'), 'volume': 100900.0}, {'date': Timestamp('2020-01-04 00:00:00'), 'volume': 60800.0}]",2026-08-10,392521.0,64.18000030517578,0.3137156329923273,346
ORC,1394866596.676385,weekly,2026-04-13,47186200.0,119,2,27,"[{'date': Timestamp('2026-04-13 00:00:00'), 'volume': 47186200.0}, {'date': Timestamp('2025-10-27 00:00:00'), 'volume': 47124900.0}, {'date': Timestamp('2025-04-07 00:00:00'), 'volume': 40392200.0}, {'date': Timestamp('2025-03-31 00:00:00'), 'volume': 23757700.0}, {'date': Timestamp('2025-01-27 00:00:00'), 'volume': 23049300.0}, {'date': Timestamp('2024-09-16 00:00:00'), 'volume': 17199900.0}, {'date': Timestamp('2023-08-21 00:00:00'), 'volume': 13298300.0}, {'date': Timestamp('2022-10-10 00:00:00'), 'volume': 11482400.0}, {'date': Timestamp('2022-10-03 00:00:00'), 'volume': 11158000.0}, {'date': Timestamp('2022-08-29 00:00:00'), 'volume': 8884600.0}, {'date': Timestamp('2021-12-13 00:00:00'), 'volume': 6997800.0}, {'date': Timestamp('2021-11-29 00:00:00'), 'volume': 6577020.0}, {'date': Timestamp('2021-11-08 00:00:00'), 'volume': 6345500.0}, {'date': Timestamp('2021-11-01 00:00:00'), 'volume': 5576300.0}, {'date': Timestamp('2021-09-27 00:00:00'), 'volume': 5407060.0}, {'date': Timestamp('2021-09-13 00:00:00'), 'volume': 5309980.0}, {'date': Timestamp('2021-04-12 00:00:00'), 'volume': 5046060.0}, {'date': Timestamp('2021-03-01 00:00:00'), 'volume': 3785400.0}, {'date': Timestamp('2021-01-25 00:00:00'), 'volume': 2887060.0}, {'date': Timestamp('2020-03-16 00:00:00'), 'volume': 2643800.0}, {'date': Timestamp('2020-02-24 00:00:00'), 'volume': 2300300.0}, {'date': Timestamp('2020-02-17 00:00:00'), 'volume': 1089460.0}, {'date': Timestamp('2020-02-03 00:00:00'), 'volume': 808460.0}, {'date': Timestamp('2020-01-27 00:00:00'), 'volume': 784900.0}, {'date': Timestamp('2020-01-20 00:00:00'), 'volume': 749000.0}, {'date': Timestamp('2020-01-13 00:00:00'), 'volume': 744140.0}, {'date': Timestamp('2020-01-06 00:00:00'), 'volume': 485780.0}]",2026-08-10,19793741.0,6.650000095367432,0.4194815645252213,345
FERA,326111350.0,weekly,2026-04-06,2051000.0,126,1,3,"[{'date': Timestamp('2026-04-06 00:00:00'), 'volume': 2051000.0}, {'date': Timestamp('2025-04-28 00:00:00'), 'volume': 1965300.0}, {'date': Timestamp('2025-04-21 00:00:00'), 'volume': 1435500.0}]",2026-08-10,118525.0,10.470000267028809,0.0577888834714773,69
SPIR,655165520.358349,weekly,2026-04-06,22802000.0,126,1,12,"[{'date': Timestamp('2026-04-06 00:00:00'), 'volume': 22802000.0}, {'date': Timestamp('2024-03-18 00:00:00'), 'volume': 17181700.0}, {'date': Timestamp('2023-06-19 00:00:00'), 'volume': 4455214.0}, {'date': Timestamp('2021-09-20 00:00:00'), 'volume': 3074039.0}, {'date': Timestamp('2021-03-01 00:00:00'), 'volume': 2859364.0}, {'date': Timestamp('2021-01-25 00:00:00'), 'volume': 136763.0}, {'date': Timestamp('2021-01-11 00:00:00'), 'volume': 117239.0}, {'date': Timestamp('2021-01-04 00:00:00'), 'volume': 86539.0}, {'date': Timestamp('2020-12-14 00:00:00'), 'volume': 69977.0}, {'date': Timestamp('2020-11-16 00:00:00'), 'volume': 61813.0}, {'date': Timestamp('2020-11-09 00:00:00'), 'volume': 1563.0}, {'date': Timestamp('2020-11-02 00:00:00'), 'volume': 151.0}]",2026-08-10,3063209.0,13.949999809265137,0.1343394877642312,302
SMBC,845449755.6714821,weekly,2026-04-06,979900.0,126,2,10,"[{'date': Timestamp('2026-04-06 00:00:00'), 'volume': 979900.0}, {'date': Timestamp('2026-02-23 00:00:00'), 'volume': 465500.0}, {'date': Timestamp('2023-03-11 00:00:00'), 'volume': 464100.0}, {'date': Timestamp('2023-02-11 00:00:00'), 'volume': 415000.0}, {'date': Timestamp('2022-11-26 00:00:00'), 'volume': 340600.0}, {'date': Timestamp('2022-01-01 00:00:00'), 'volume': 250700.0}, {'date': Timestamp('2020-03-14 00:00:00'), 'volume': 218900.0}, {'date': Timestamp('2020-02-15 00:00:00'), 'volume': 164000.0}, {'date': Timestamp('2020-01-11 00:00:00'), 'volume': 72400.0}, {'date': Timestamp('2020-01-04 00:00:00'), 'volume': 60100.0}]",2026-08-10,512593.0,76.76000213623047,0.5231074599448924,346
HBCP,543964846.867288,weekly,2026-04-06,939600.0,126,2,10,"[{'date': Timestamp('2026-04-06 00:00:00'), 'volume': 939600.0}, {'date': Timestamp('2026-03-16 00:00:00'), 'volume': 764000.0}, {'date': Timestamp('2025-06-23 00:00:00'), 'volume': 640800.0}, {'date': Timestamp('2020-03-16 00:00:00'), 'volume': 351000.0}, {'date': Timestamp('2020-03-09 00:00:00'), 'volume': 265200.0}, {'date': Timestamp('2020-03-02 00:00:00'), 'volume': 132700.0}, {'date': Timestamp('2020-02-24 00:00:00'), 'volume': 84000.0}, {'date': Timestamp('2020-02-03 00:00:00'), 'volume': 79400.0}, {'date': Timestamp('2020-01-13 00:00:00'), 'volume': 66000.0}, {'date': Timestamp('2020-01-06 00:00:00'), 'volume': 53900.0}]",2026-08-10,392564.0,71.95999908447266,0.4177990634312473,345
PLPC,1933990990.0917528,weekly,2026-04-06,1148500.0,126,1,16,"[{'date': Timestamp('2026-04-06 00:00:00'), 'volume': 1148500.0}, {'date': Timestamp('2025-07-05 00:00:00'), 'volume': 1138100.0}, {'date': Timestamp('2025-06-21 00:00:00'), 'volume': 1083300.0}, {'date': Timestamp('2025-06-07 00:00:00'), 'volume': 682500.0}, {'date': Timestamp('2025-05-24 00:00:00'), 'volume': 559700.0}, {'date': Timestamp('2025-01-25 00:00:00'), 'volume': 527500.0}, {'date': Timestamp('2023-03-04 00:00:00'), 'volume': 202800.0}, {'date': Timestamp('2022-08-13 00:00:00'), 'volume': 199400.0}, {'date': Timestamp('2022-08-06 00:00:00'), 'volume': 190300.0}, {'date': Timestamp('2022-03-19 00:00:00'), 'volume': 153300.0}, {'date': Timestamp('2020-03-14 00:00:00'), 'volume': 117100.0}, {'date': Timestamp('2020-03-07 00:00:00'), 'volume': 70600.0}, {'date': Timestamp('2020-01-25 00:00:00'), 'volume': 59300.0}, {'date': Timestamp('2020-01-18 00:00:00'), 'volume': 54000.0}, {'date': Timestamp('2020-01-11 00:00:00'), 'volume': 51600.0}, {'date': Timestamp('2020-01-04 00:00:00'), 'volume': 41600.0}]",2026-08-10,712814.0,464.6300048828125,0.6206478014801916,346
TBN,1115405092.9084663,weekly,2026-04-06,2938000.0,126,2,4,"[{'date': Timestamp('2026-04-06 00:00:00'), 'volume': 2938000.0}, {'date': Timestamp('2025-09-29 00:00:00'), 'volume': 1789500.0}, {'date': Timestamp('2024-07-22 00:00:00'), 'volume': 732000.0}, {'date': Timestamp('2024-06-24 00:00:00'), 'volume': 721300.0}]",2026-08-10,375357.0,36.810001373291016,0.1277593601089176,112
SMPL,1181786614.1643612,weekly,2026-04-06,33268900.0,126,1,4,"[{'date': Timestamp('2026-04-06 00:00:00'), 'volume': 33268900.0}, {'date': Timestamp('2020-12-28 00:00:00'), 'volume': 21052500.0}, {'date': Timestamp('2020-01-13 00:00:00'), 'volume': 13434900.0}, {'date': Timestamp('2020-01-06 00:00:00'), 'volume': 11354500.0}]",2026-08-10,9519391.0,11.3100004196167,0.2861348286237297,345
GPAT,391000004.0,weekly,2026-03-30,3456100.0,133,1,3,"[{'date': Timestamp('2026-03-30 00:00:00'), 'volume': 3456100.0}, {'date': Timestamp('2024-07-08 00:00:00'), 'volume': 3032800.0}, {'date': Timestamp('2024-07-01 00:00:00'), 'volume': 978700.0}]",2026-08-10,0.0,11.15999984741211,0.0,111
MQY,1726959360.0,weekly,2026-03-30,2779300.0,133,1,11,"[{'date': Timestamp('2026-03-30 00:00:00'), 'volume': 2779300.0}, {'date': Timestamp('2024-12-21 00:00:00'), 'volume': 2583800.0}, {'date': Timestamp('2022-12-24 00:00:00'), 'volume': 2334700.0}, {'date': Timestamp('2022-05-21 00:00:00'), 'volume': 2133100.0}, {'date': Timestamp('2022-04-16 00:00:00'), 'volume': 2087700.0}, {'date': Timestamp('2022-03-26 00:00:00'), 'volume': 1490200.0}, {'date': Timestamp('2020-03-21 00:00:00'), 'volume': 1167500.0}, {'date': Timestamp('2020-03-14 00:00:00'), 'volume': 1071500.0}, {'date': Timestamp('2020-03-07 00:00:00'), 'volume': 994900.0}, {'date': Timestamp('2020-02-22 00:00:00'), 'volume': 302200.0}, {'date': Timestamp('2020-01-04 00:00:00'), 'volume': 238600.0}]",2026-08-10,2466734.0,11.3100004196167,0.8875378692476523,346
TWI,516263153.7164557,weekly,2026-03-30,19452900.0,133,1,12,"[{'date': Timestamp('2026-03-30 00:00:00'), 'volume': 19452900.0}, {'date': Timestamp('2021-06-19 00:00:00'), 'volume': 8740500.0}, {'date': Timestamp('2020-06-20 00:00:00'), 'volume': 8013300.0}, {'date': Timestamp('2020-05-30 00:00:00'), 'volume': 6145700.0}, {'date': Timestamp('2020-04-25 00:00:00'), 'volume': 4254700.0}, {'date': Timestamp('2020-04-18 00:00:00'), 'volume': 3870900.0}, {'date': Timestamp('2020-03-14 00:00:00'), 'volume': 3506100.0}, {'date': Timestamp('2020-03-07 00:00:00'), 'volume': 3005900.0}, {'date': Timestamp('2020-02-29 00:00:00'), 'volume': 2787000.0}, {'date': Timestamp('2020-02-22 00:00:00'), 'volume': 2676400.0}, {'date': Timestamp('2020-02-15 00:00:00'), 'volume': 1886400.0}, {'date': Timestamp('2020-01-04 00:00:00'), 'volume': 1560400.0}]",2026-08-10,3302927.0,6.900000095367432,0.1697909823214019,346
PHR,622445737.0427164,weekly,2026-03-30,27204400.0,133,2,9,"[{'date': Timestamp('2026-03-30 00:00:00'), 'volume': 27204400.0}, {'date': Timestamp('2025-12-08 00:00:00'), 'volume': 22825500.0}, {'date': Timestamp('2023-12-04 00:00:00'), 'volume': 7669400.0}, {'date': Timestamp('2020-10-19 00:00:00'), 'volume': 6183900.0}, {'date': Timestamp('2020-06-08 00:00:00'), 'volume': 4307200.0}, {'date': Timestamp('2020-04-20 00:00:00'), 'volume': 4213900.0}, {'date': Timestamp('2020-03-16 00:00:00'), 'volume': 4101300.0}, {'date': Timestamp('2020-01-13 00:00:00'), 'volume': 2768000.0}, {'date': Timestamp('2020-01-06 00:00:00'), 'volume': 1287400.0}]",2026-08-10,2232659.0,12.279999732971191,0.0820697754774962,345
CRAI,944508376.5296216,weekly,2026-03-23,1409900.0,140,2,11,"[{'date': Timestamp('2026-03-23 00:00:00'), 'volume': 1409900.0}, {'date': Timestamp('2026-03-02 00:00:00'), 'volume': 1104200.0}, {'date': Timestamp('2025-06-21 00:00:00'), 'volume': 941000.0}, {'date': Timestamp('2025-05-31 00:00:00'), 'volume': 683100.0}, {'date': Timestamp('2023-02-25 00:00:00'), 'volume': 622900.0}, {'date': Timestamp('2021-06-19 00:00:00'), 'volume': 464600.0}, {'date': Timestamp('2020-03-14 00:00:00'), 'volume': 425900.0}, {'date': Timestamp('2020-03-07 00:00:00'), 'volume': 366000.0}, {'date': Timestamp('2020-02-29 00:00:00'), 'volume': 248000.0}, {'date': Timestamp('2020-02-22 00:00:00'), 'volume': 194600.0}, {'date': Timestamp('2020-01-04 00:00:00'), 'volume': 193400.0}]",2026-08-10,679669.0,168.3300018310547,0.4820689410596496,346
MAZE,1573465785.7812734,weekly,2026-03-23,12745800.0,140,2,5,"[{'date': Timestamp('2026-03-23 00:00:00'), 'volume': 12745800.0}, {'date': Timestamp('2025-09-08 00:00:00'), 'volume': 7400000.0}, {'date': Timestamp('2025-03-17 00:00:00'), 'volume': 2923000.0}, {'date': Timestamp('2025-02-03 00:00:00'), 'volume': 2813600.0}, {'date': Timestamp('2025-01-27 00:00:00'), 'volume': 1590600.0}]",2026-08-10,1949276.0,27.18000030517578,0.1529347706695538,81
CNXC,1525120670.5150976,weekly,2026-03-23,18140600.0,140,1,7,"[{'date': Timestamp('2026-03-23 00:00:00'), 'volume': 18140600.0}, {'date': Timestamp('2025-03-24 00:00:00'), 'volume': 11553800.0}, {'date': Timestamp('2024-09-23 00:00:00'), 'volume': 10012800.0}, {'date': Timestamp('2023-12-11 00:00:00'), 'volume': 6057700.0}, {'date': Timestamp('2023-06-26 00:00:00'), 'volume': 4253900.0}, {'date': Timestamp('2020-11-30 00:00:00'), 'volume': 3544400.0}, {'date': Timestamp('2020-11-23 00:00:00'), 'volume': 1000.0}]",2026-08-10,4254352.0,24.489999771118164,0.2345210191504139,299
AHRT,692573865.8674351,weekly,2026-03-16,23370600.0,147,2,15,"[{'date': Timestamp('2026-03-16 00:00:00'), 'volume': 23370600.0}, {'date': Timestamp('2026-02-16 00:00:00'), 'volume': 13526500.0}, {'date': Timestamp('2024-12-16 00:00:00'), 'volume': 10782400.0}, {'date': Timestamp('2024-09-23 00:00:00'), 'volume': 6313800.0}, {'date': Timestamp('2022-05-02 00:00:00'), 'volume': 5174400.0}, {'date': Timestamp('2022-01-03 00:00:00'), 'volume': 4593700.0}, {'date': Timestamp('2020-05-11 00:00:00'), 'volume': 4533700.0}, {'date': Timestamp('2020-04-13 00:00:00'), 'volume': 3935800.0}, {'date': Timestamp('2020-03-16 00:00:00'), 'volume': 3438900.0}, {'date': Timestamp('2020-03-09 00:00:00'), 'volume': 3094600.0}, {'date': Timestamp('2020-02-24 00:00:00'), 'volume': 2118800.0}, {'date': Timestamp('2020-02-03 00:00:00'), 'volume': 1297600.0}, {'date': Timestamp('2020-01-27 00:00:00'), 'volume': 1136600.0}, {'date': Timestamp('2020-01-13 00:00:00'), 'volume': 1008900.0}, {'date': Timestamp('2020-01-06 00:00:00'), 'volume': 964100.0}]",2026-08-10,2459005.0,6.789999961853027,0.1052178805850085,345
GABC,1789939700.1944027,weekly,2026-03-16,2158500.0,147,1,7,"[{'date': Timestamp('2026-03-16 00:00:00'), 'volume': 2158500.0}, {'date': Timestamp('2025-06-21 00:00:00'), 'volume': 2086600.0}, {'date': Timestamp('2024-03-09 00:00:00'), 'volume': 1568900.0}, {'date': Timestamp('2020-03-14 00:00:00'), 'volume': 871800.0}, {'date': Timestamp('2020-03-07 00:00:00'), 'volume': 530900.0}, {'date': Timestamp('2020-01-25 00:00:00'), 'volume': 281900.0}, {'date': Timestamp('2020-01-04 00:00:00'), 'volume': 264400.0}]",2026-08-10,798092.0,51.380001068115234,0.3697438035672921,346
YORW,498599274.47330266,weekly,2026-03-16,1977600.0,147,1,12,"[{'date': Timestamp('2026-03-16 00:00:00'), 'volume': 1977600.0}, {'date': Timestamp('2021-09-11 00:00:00'), 'volume': 1083800.0}, {'date': Timestamp('2021-06-19 00:00:00'), 'volume': 887200.0}, {'date': Timestamp('2021-03-13 00:00:00'), 'volume': 633200.0}, {'date': Timestamp('2020-06-20 00:00:00'), 'volume': 555100.0}, {'date': Timestamp('2020-03-14 00:00:00'), 'volume': 445400.0}, {'date': Timestamp('2020-03-07 00:00:00'), 'volume': 387900.0}, {'date': Timestamp('2020-02-29 00:00:00'), 'volume': 254300.0}, {'date': Timestamp('2020-02-22 00:00:00'), 'volume': 245300.0}, {'date': Timestamp('2020-01-18 00:00:00'), 'volume': 200500.0}, {'date': Timestamp('2020-01-11 00:00:00'), 'volume': 188900.0}, {'date': Timestamp('2020-01-04 00:00:00'), 'volume': 188700.0}]",2026-08-10,743664.0,33.310001373291016,0.3760436893203883,346
WRLD,991961864.3167856,weekly,2026-03-16,1165300.0,147,1,7,"[{'date': Timestamp('2026-03-16 00:00:00'), 'volume': 1165300.0}, {'date': Timestamp('2021-01-23 00:00:00'), 'volume': 962700.0}, {'date': Timestamp('2020-09-12 00:00:00'), 'volume': 750700.0}, {'date': Timestamp('2020-02-01 00:00:00'), 'volume': 712700.0}, {'date': Timestamp('2020-01-25 00:00:00'), 'volume': 617200.0}, {'date': Timestamp('2020-01-18 00:00:00'), 'volume': 341300.0}, {'date': Timestamp('2020-01-04 00:00:00'), 'volume': 290800.0}]",2026-08-10,526759.0,194.75,0.4520372436282502,346
KMPR,1578418067.246063,weekly,2026-03-16,13558800.0,147,1,9,"[{'date': Timestamp('2026-03-16 00:00:00'), 'volume': 13558800.0}, {'date': Timestamp('2025-08-02 00:00:00'), 'volume': 10187700.0}, {'date': Timestamp('2022-01-29 00:00:00'), 'volume': 3861100.0}, {'date': Timestamp('2020-03-14 00:00:00'), 'volume': 3340500.0}, {'date': Timestamp('2020-03-07 00:00:00'), 'volume': 2250900.0}, {'date': Timestamp('2020-02-29 00:00:00'), 'volume': 1906100.0}, {'date': Timestamp('2020-02-22 00:00:00'), 'volume': 1672000.0}, {'date': Timestamp('2020-01-25 00:00:00'), 'volume': 1291700.0}, {'date': Timestamp('2020-01-04 00:00:00'), 'volume': 1141800.0}]",2026-08-10,5338752.0,27.420000076293945,0.3937481193025931,346
NPAC,398492909.0352385,weekly,2026-03-16,2900100.0,147,3,7,"[{'date': Timestamp('2026-03-16 00:00:00'), 'volume': 2900100.0}, {'date': Timestamp('2025-10-06 00:00:00'), 'volume': 1505900.0}, {'date': Timestamp('2025-09-29 00:00:00'), 'volume': 767700.0}, {'date': Timestamp('2025-07-21 00:00:00'), 'volume': 680000.0}, {'date': Timestamp('2025-06-30 00:00:00'), 'volume': 573200.0}, {'date': Timestamp('2025-06-23 00:00:00'), 'volume': 307200.0}, {'date': Timestamp('2025-06-16 00:00:00'), 'volume': 31400.0}]",2026-08-10,548009.0,10.489999771118164,0.1889621047550084,61
CCBG,854728367.147622,weekly,2026-03-16,1053700.0,147,4,11,"[{'date': Timestamp('2026-03-16 00:00:00'), 'volume': 1053700.0}, {'date': Timestamp('2026-03-09 00:00:00'), 'volume': 675900.0}, {'date': Timestamp('2026-01-24 00:00:00'), 'volume': 656600.0}, {'date': Timestamp('2025-09-13 00:00:00'), 'volume': 503500.0}, {'date': Timestamp('2023-03-11 00:00:00'), 'volume': 478100.0}, {'date': Timestamp('2020-03-14 00:00:00'), 'volume': 430200.0}, {'date': Timestamp('2020-03-07 00:00:00'), 'volume': 290200.0}, {'date': Timestamp('2020-02-29 00:00:00'), 'volume': 199300.0}, {'date': Timestamp('2020-02-22 00:00:00'), 'volume': 189800.0}, {'date': Timestamp('2020-01-11 00:00:00'), 'volume': 178700.0}, {'date': Timestamp('2020-01-04 00:00:00'), 'volume': 160300.0}]",2026-08-10,327344.0,52.4900016784668,0.3106614785992218,346
IBCP,746561048.7017988,weekly,2026-03-16,1733100.0,147,1,8,"[{'date': Timestamp('2026-03-16 00:00:00'), 'volume': 1733100.0}, {'date': Timestamp('2024-06-22 00:00:00'), 'volume': 1252700.0}, {'date': Timestamp('2020-03-14 00:00:00'), 'volume': 1074600.0}, {'date': Timestamp('2020-03-07 00:00:00'), 'volume': 911500.0}, {'date': Timestamp('2020-02-22 00:00:00'), 'volume': 861200.0}, {'date': Timestamp('2020-02-01 00:00:00'), 'volume': 746400.0}, {'date': Timestamp('2020-01-11 00:00:00'), 'volume': 739700.0}, {'date': Timestamp('2020-01-04 00:00:00'), 'volume': 409600.0}]",2026-08-10,986424.0,38.310001373291016,0.5691673879176042,346
ECVT,1334237951.7755775,weekly,2026-03-16,19543900.0,147,3,14,"[{'date': Timestamp('2026-03-16 00:00:00'), 'volume': 19543900.0}, {'date': Timestamp('2025-09-15 00:00:00'), 'volume': 15078900.0}, {'date': Timestamp('2025-09-08 00:00:00'), 'volume': 13644600.0}, {'date': Timestamp('2025-06-30 00:00:00'), 'volume': 13563400.0}, {'date': Timestamp('2023-05-22 00:00:00'), 'volume': 12375200.0}, {'date': Timestamp('2021-04-26 00:00:00'), 'volume': 9975500.0}, {'date': Timestamp('2020-09-14 00:00:00'), 'volume': 2613700.0}, {'date': Timestamp('2020-08-31 00:00:00'), 'volume': 1880300.0}, {'date': Timestamp('2020-08-10 00:00:00'), 'volume': 1421900.0}, {'date': Timestamp('2020-07-13 00:00:00'), 'volume': 1224100.0}, {'date': Timestamp('2020-03-16 00:00:00'), 'volume': 1204400.0}, {'date': Timestamp('2020-03-09 00:00:00'), 'volume': 897500.0}, {'date': Timestamp('2020-02-24 00:00:00'), 'volume': 723100.0}, {'date': Timestamp('2020-01-06 00:00:00'), 'volume': 575500.0}]",2026-08-10,5519229.0,10.390000343322754,0.2824016189194582,345
SXC,711918295.1260405,weekly,2026-03-16,25872800.0,147,1,7,"[{'date': Timestamp('2026-03-16 00:00:00'), 'volume': 25872800.0}, {'date': Timestamp('2024-09-16 00:00:00'), 'volume': 21043700.0}, {'date': Timestamp('2024-03-11 00:00:00'), 'volume': 15901300.0}, {'date': Timestamp('2021-03-15 00:00:00'), 'volume': 12159000.0}, {'date': Timestamp('2020-06-15 00:00:00'), 'volume': 11203100.0}, {'date': Timestamp('2020-01-27 00:00:00'), 'volume': 8538800.0}, {'date': Timestamp('2020-01-06 00:00:00'), 'volume': 4462800.0}]",2026-08-10,7762746.0,9.359999656677246,0.3000350174700844,345
KREF,463872499.68,weekly,2026-03-16,17730500.0,147,1,13,"[{'date': Timestamp('2026-03-16 00:00:00'), 'volume': 17730500.0}, {'date': Timestamp('2022-06-13 00:00:00'), 'volume': 8609800.0}, {'date': Timestamp('2022-05-30 00:00:00'), 'volume': 8415000.0}, {'date': Timestamp('2022-02-28 00:00:00'), 'volume': 7609500.0}, {'date': Timestamp('2021-05-10 00:00:00'), 'volume': 7466700.0}, {'date': Timestamp('2020-03-23 00:00:00'), 'volume': 6846800.0}, {'date': Timestamp('2020-03-16 00:00:00'), 'volume': 6560800.0}, {'date': Timestamp('2020-03-09 00:00:00'), 'volume': 4951500.0}, {'date': Timestamp('2020-02-24 00:00:00'), 'volume': 4031900.0}, {'date': Timestamp('2020-02-17 00:00:00'), 'volume': 2266200.0}, {'date': Timestamp('2020-01-27 00:00:00'), 'volume': 1651500.0}, {'date': Timestamp('2020-01-13 00:00:00'), 'volume': 1347200.0}, {'date': Timestamp('2020-01-06 00:00:00'), 'volume': 1102300.0}]",2026-08-10,3672410.0,7.619999885559082,0.2071238825752235,345
CLMB,415461402.5934959,weekly,2026-03-16,2084800.0,147,3,12,"[{'date': Timestamp('2026-03-16 00:00:00'), 'volume': 2084800.0}, {'date': Timestamp('2026-02-23 00:00:00'), 'volume': 2082000.0}, {'date': Timestamp('2026-02-09 00:00:00'), 'volume': 1251600.0}, {'date': Timestamp('2025-05-24 00:00:00'), 'volume': 718700.0}, {'date': Timestamp('2023-06-17 00:00:00'), 'volume': 678200.0}, {'date': Timestamp('2023-06-03 00:00:00'), 'volume': 398300.0}, {'date': Timestamp('2020-05-16 00:00:00'), 'volume': 340000.0}, {'date': Timestamp('2020-05-09 00:00:00'), 'volume': 214300.0}, {'date': Timestamp('2020-03-07 00:00:00'), 'volume': 130900.0}, {'date': Timestamp('2020-02-15 00:00:00'), 'volume': 108700.0}, {'date': Timestamp('2020-01-11 00:00:00'), 'volume': 34600.0}, {'date': Timestamp('2020-01-04 00:00:00'), 'volume': 19100.0}]",2026-08-10,637971.0,28.51000022888184,0.3060106485034535,346
LGIH,1529613252.314966,weekly,2026-03-16,4486100.0,147,1,7,"[{'date': Timestamp('2026-03-16 00:00:00'), 'volume': 4486100.0}, {'date': Timestamp('2020-03-16 00:00:00'), 'volume': 4348700.0}, {'date': Timestamp('2020-03-09 00:00:00'), 'volume': 3286500.0}, {'date': Timestamp('2020-03-02 00:00:00'), 'volume': 2719500.0}, {'date': Timestamp('2020-02-24 00:00:00'), 'volume': 2698700.0}, {'date': Timestamp('2020-02-03 00:00:00'), 'volume': 1727100.0}, {'date': Timestamp('2020-01-06 00:00:00'), 'volume': 1364400.0}]",2026-08-10,1337041.0,59.79999923706055,0.2980408372528477,345
PEBO,1384336471.553647,weekly,2026-03-16,2627700.0,147,4,17,"[{'date': Timestamp('2026-03-16 00:00:00'), 'volume': 2627700.0}, {'date': Timestamp('2026-01-24 00:00:00'), 'volume': 2261500.0}, {'date': Timestamp('2026-01-17 00:00:00'), 'volume': 1781400.0}, {'date': Timestamp('2026-01-10 00:00:00'), 'volume': 1511200.0}, {'date': Timestamp('2025-07-19 00:00:00'), 'volume': 1440900.0}, {'date': Timestamp('2025-06-21 00:00:00'), 'volume': 1365400.0}, {'date': Timestamp('2024-07-13 00:00:00'), 'volume': 1358000.0}, {'date': Timestamp('2023-04-22 00:00:00'), 'volume': 1266000.0}, {'date': Timestamp('2023-03-11 00:00:00'), 'volume': 1254800.0}, {'date': Timestamp('2021-09-11 00:00:00'), 'volume': 1231400.0}, {'date': Timestamp('2020-04-25 00:00:00'), 'volume': 775100.0}, {'date': Timestamp('2020-03-14 00:00:00'), 'volume': 696400.0}, {'date': Timestamp('2020-03-07 00:00:00'), 'volume': 492600.0}, {'date': Timestamp('2020-02-29 00:00:00'), 'volume': 460000.0}, {'date': Timestamp('2020-02-22 00:00:00'), 'volume': 422700.0}, {'date': Timestamp('2020-01-18 00:00:00'), 'volume': 295700.0}, {'date': Timestamp('2020-01-04 00:00:00'), 'volume': 245700.0}]",2026-08-10,1478473.0,41.380001068115234,0.5626490847509229,346
RPD,508581029.6096182,weekly,2026-03-16,21304900.0,147,1,6,"[{'date': Timestamp('2026-03-16 00:00:00'), 'volume': 21304900.0}, {'date': Timestamp('2023-01-30 00:00:00'), 'volume': 17731300.0}, {'date': Timestamp('2022-10-31 00:00:00'), 'volume': 12375500.0}, {'date': Timestamp('2020-04-27 00:00:00'), 'volume': 8187300.0}, {'date': Timestamp('2020-02-10 00:00:00'), 'volume': 5287500.0}, {'date': Timestamp('2020-01-06 00:00:00'), 'volume': 2563800.0}]",2026-08-10,18806669.0,13.0,0.8827391351285385,345
RYZ,1438874230.1204169,weekly,2026-03-16,5307300.0,147,2,11,"[{'date': Timestamp('2026-03-16 00:00:00'), 'volume': 5307300.0}, {'date': Timestamp('2026-02-16 00:00:00'), 'volume': 4702100.0}, {'date': Timestamp('2023-09-11 00:00:00'), 'volume': 4503600.0}, {'date': Timestamp('2022-05-09 00:00:00'), 'volume': 4370700.0}, {'date': Timestamp('2022-03-14 00:00:00'), 'volume': 2451800.0}, {'date': Timestamp('2021-01-04 00:00:00'), 'volume': 1841600.0}, {'date': Timestamp('2020-10-05 00:00:00'), 'volume': 1533900.0}, {'date': Timestamp('2020-03-30 00:00:00'), 'volume': 1415500.0}, {'date': Timestamp('2020-03-16 00:00:00'), 'volume': 1107400.0}, {'date': Timestamp('2020-03-02 00:00:00'), 'volume': 888800.0}, {'date': Timestamp('2020-01-06 00:00:00'), 'volume': 771500.0}]",2026-08-10,2282962.0,28.940000534057617,0.4301550694326682,345
KOP,867740039.3879194,weekly,2026-03-16,2367100.0,147,1,8,"[{'date': Timestamp('2026-03-16 00:00:00'), 'volume': 2367100.0}, {'date': Timestamp('2020-04-27 00:00:00'), 'volume': 1967100.0}, {'date': Timestamp('2020-04-06 00:00:00'), 'volume': 1515800.0}, {'date': Timestamp('2020-03-16 00:00:00'), 'volume': 1390500.0}, {'date': Timestamp('2020-03-02 00:00:00'), 'volume': 1308900.0}, {'date': Timestamp('2020-02-24 00:00:00'), 'volume': 1292900.0}, {'date': Timestamp('2020-02-17 00:00:00'), 'volume': 823000.0}, {'date': Timestamp('2020-01-06 00:00:00'), 'volume': 740500.0}]",2026-08-10,1500451.0,47.13999938964844,0.6338773182375058,345
CION,304709984.4459235,weekly,2026-03-16,5867800.0,147,2,7,"[{'date': Timestamp('2026-03-16 00:00:00'), 'volume': 5867800.0}, {'date': Timestamp('2026-03-09 00:00:00'), 'volume': 5118200.0}, {'date': Timestamp('2022-12-12 00:00:00'), 'volume': 4200400.0}, {'date': Timestamp('2022-07-04 00:00:00'), 'volume': 2514600.0}, {'date': Timestamp('2022-04-04 00:00:00'), 'volume': 2074000.0}, {'date': Timestamp('2021-12-06 00:00:00'), 'volume': 1209300.0}, {'date': Timestamp('2021-10-04 00:00:00'), 'volume': 926700.0}]",2026-08-10,2979276.0,7.429999828338623,0.5077330515695831,254
ELA,721524996.7267531,weekly,2026-03-16,2402100.0,147,1,8,"[{'date': Timestamp('2026-03-16 00:00:00'), 'volume': 2402100.0}, {'date': Timestamp('2020-02-29 00:00:00'), 'volume': 2376800.0}, {'date': Timestamp('2020-02-15 00:00:00'), 'volume': 1195700.0}, {'date': Timestamp('2020-02-08 00:00:00'), 'volume': 1145600.0}, {'date': Timestamp('2020-02-01 00:00:00'), 'volume': 953200.0}, {'date': Timestamp('2020-01-18 00:00:00'), 'volume': 918400.0}, {'date': Timestamp('2020-01-11 00:00:00'), 'volume': 599800.0}, {'date': Timestamp('2020-01-04 00:00:00'), 'volume': 391700.0}]",2026-08-10,894747.0,16.030000686645508,0.3724853253403272,346
TALK,874415562.7976878,weekly,2026-03-09,80146900.0,154,1,8,"[{'date': Timestamp('2026-03-09 00:00:00'), 'volume': 80146900.0}, {'date': Timestamp('2024-09-16 00:00:00'), 'volume': 34829400.0}, {'date': Timestamp('2021-11-15 00:00:00'), 'volume': 33256400.0}, {'date': Timestamp('2021-01-11 00:00:00'), 'volume': 31123200.0}, {'date': Timestamp('2020-11-16 00:00:00'), 'volume': 2355700.0}, {'date': Timestamp('2020-08-17 00:00:00'), 'volume': 2293900.0}, {'date': Timestamp('2020-08-03 00:00:00'), 'volume': 679200.0}, {'date': Timestamp('2020-07-27 00:00:00'), 'volume': 278300.0}]",2026-08-10,8298729.0,5.25,0.1035439798669692,316
TEN,1081383095.522293,weekly,2026-03-09,5630700.0,154,1,9,"[{'date': Timestamp('2026-03-09 00:00:00'), 'volume': 5630700.0}, {'date': Timestamp('2023-03-13 00:00:00'), 'volume': 4192200.0}, {'date': Timestamp('2022-02-28 00:00:00'), 'volume': 3424700.0}, {'date': Timestamp('2020-04-27 00:00:00'), 'volume': 3062400.0}, {'date': Timestamp('2020-04-20 00:00:00'), 'volume': 2253700.0}, {'date': Timestamp('2020-03-30 00:00:00'), 'volume': 1202180.0}, {'date': Timestamp('2020-03-23 00:00:00'), 'volume': 1181040.0}, {'date': Timestamp('2020-03-09 00:00:00'), 'volume': 1143080.0}, {'date': Timestamp('2020-01-06 00:00:00'), 'volume': 536580.0}]",2026-08-10,1355600.0,41.45000076293945,0.2407515939403626,345
PAR,697060792.7386934,weekly,2026-03-09,21999400.0,154,4,10,"[{'date': Timestamp('2026-03-09 00:00:00'), 'volume': 21999400.0}, {'date': Timestamp('2026-02-23 00:00:00'), 'volume': 10831300.0}, {'date': Timestamp('2026-01-31 00:00:00'), 'volume': 10721300.0}, {'date': Timestamp('2026-01-24 00:00:00'), 'volume': 10416900.0}, {'date': Timestamp('2025-08-09 00:00:00'), 'volume': 9258800.0}, {'date': Timestamp('2021-09-11 00:00:00'), 'volume': 8026800.0}, {'date': Timestamp('2020-09-26 00:00:00'), 'volume': 5139100.0}, {'date': Timestamp('2020-03-07 00:00:00'), 'volume': 4093700.0}, {'date': Timestamp('2020-01-11 00:00:00'), 'volume': 2534200.0}, {'date': Timestamp('2020-01-04 00:00:00'), 'volume': 769300.0}]",2026-08-10,5994282.0,19.049999237060547,0.27247479476713,346
SVCO,390867625.395816,weekly,2026-03-09,12546400.0,154,1,3,"[{'date': Timestamp('2026-03-09 00:00:00'), 'volume': 12546400.0}, {'date': Timestamp('2024-10-14 00:00:00'), 'volume': 7602100.0}, {'date': Timestamp('2024-05-06 00:00:00'), 'volume': 4864000.0}]",2026-08-10,2269336.0,7.260000228881836,0.1808754702544156,119
BHB,654113973.938482,weekly,2026-03-09,1609800.0,154,1,7,"[{'date': Timestamp('2026-03-09 00:00:00'), 'volume': 1609800.0}, {'date': Timestamp('2021-06-19 00:00:00'), 'volume': 1023200.0}, {'date': Timestamp('2020-06-20 00:00:00'), 'volume': 989300.0}, {'date': Timestamp('2020-03-28 00:00:00'), 'volume': 437600.0}, {'date': Timestamp('2020-03-07 00:00:00'), 'volume': 286000.0}, {'date': Timestamp('2020-02-22 00:00:00'), 'volume': 163800.0}, {'date': Timestamp('2020-01-04 00:00:00'), 'volume': 142300.0}]",2026-08-10,487909.0,40.619998931884766,0.3030867188470617,346
OMDA,1241879333.0042331,weekly,2026-03-02,12769900.0,161,2,3,"[{'date': Timestamp('2026-03-02 00:00:00'), 'volume': 12769900.0}, {'date': Timestamp('2025-12-01 00:00:00'), 'volume': 11533700.0}, {'date': Timestamp('2025-06-02 00:00:00'), 'volume': 11283600.0}]",2026-08-10,7590821.0,24.040000915527344,0.5944307316423778,63
ZD,1857240820.2282183,weekly,2026-03-02,18978800.0,161,1,12,"[{'date': Timestamp('2026-03-02 00:00:00'), 'volume': 18978800.0}, {'date': Timestamp('2024-09-14 00:00:00'), 'volume': 12390200.0}, {'date': Timestamp('2021-04-17 00:00:00'), 'volume': 11350730.0}, {'date': Timestamp('2020-06-27 00:00:00'), 'volume': 9622280.0}, {'date': Timestamp('2020-06-13 00:00:00'), 'volume': 6977280.0}, {'date': Timestamp('2020-03-14 00:00:00'), 'volume': 6113170.0}, {'date': Timestamp('2020-03-07 00:00:00'), 'volume': 4970415.0}, {'date': Timestamp('2020-02-08 00:00:00'), 'volume': 3462190.0}, {'date': Timestamp('2020-01-25 00:00:00'), 'volume': 2413505.0}, {'date': Timestamp('2020-01-18 00:00:00'), 'volume': 1988350.0}, {'date': Timestamp('2020-01-11 00:00:00'), 'volume': 1947755.0}, {'date': Timestamp('2020-01-04 00:00:00'), 'volume': 1468895.0}]",2026-08-10,4069669.0,55.380001068115234,0.2144323666406727,346
TSLX,1604881118.0240743,weekly,2026-03-02,10400900.0,161,3,9,"[{'date': Timestamp('2026-03-02 00:00:00'), 'volume': 10400900.0}, {'date': Timestamp('2026-02-23 00:00:00'), 'volume': 8202000.0}, {'date': Timestamp('2026-02-16 00:00:00'), 'volume': 7965500.0}, {'date': Timestamp('2020-03-16 00:00:00'), 'volume': 7433600.0}, {'date': Timestamp('2020-03-09 00:00:00'), 'volume': 5043000.0}, {'date': Timestamp('2020-02-24 00:00:00'), 'volume': 3902200.0}, {'date': Timestamp('2020-02-17 00:00:00'), 'volume': 1435100.0}, {'date': Timestamp('2020-01-13 00:00:00'), 'volume': 1085900.0}, {'date': Timestamp('2020-01-06 00:00:00'), 'volume': 907100.0}]",2026-08-10,2497441.0,18.770000457763672,0.2401177782691882,345
ECO,1912836313.4001544,weekly,2026-03-02,4856300.0,161,4,18,"[{'date': Timestamp('2026-03-02 00:00:00'), 'volume': 4856300.0}, {'date': Timestamp('2026-02-23 00:00:00'), 'volume': 3029600.0}, {'date': Timestamp('2026-01-19 00:00:00'), 'volume': 2566800.0}, {'date': Timestamp('2025-11-17 00:00:00'), 'volume': 2427400.0}, {'date': Timestamp('2025-02-17 00:00:00'), 'volume': 1840100.0}, {'date': Timestamp('2025-01-13 00:00:00'), 'volume': 1589400.0}, {'date': Timestamp('2025-01-06 00:00:00'), 'volume': 1313700.0}, {'date': Timestamp('2024-12-09 00:00:00'), 'volume': 1272300.0}, {'date': Timestamp('2024-12-02 00:00:00'), 'volume': 1217400.0}, {'date': Timestamp('2024-11-11 00:00:00'), 'volume': 1179300.0}, {'date': Timestamp('2024-11-04 00:00:00'), 'volume': 1053800.0}, {'date': Timestamp('2024-10-28 00:00:00'), 'volume': 1039600.0}, {'date': Timestamp('2024-09-09 00:00:00'), 'volume': 809000.0}, {'date': Timestamp('2024-02-26 00:00:00'), 'volume': 671300.0}, {'date': Timestamp('2024-01-22 00:00:00'), 'volume': 290400.0}, {'date': Timestamp('2024-01-08 00:00:00'), 'volume': 284300.0}, {'date': Timestamp('2023-12-11 00:00:00'), 'volume': 262300.0}, {'date': Timestamp('2023-08-14 00:00:00'), 'volume': 10500.0}]",2026-08-10,3376579.0,60.290000915527344,0.6952986841834319,157
TRIN,1531685513.6520712,weekly,2026-03-02,8386700.0,161,6,13,"[{'date': Timestamp('2026-03-02 00:00:00'), 'volume': 8386700.0}, {'date': Timestamp('2026-02-23 00:00:00'), 'volume': 8271900.0}, {'date': Timestamp('2026-02-02 00:00:00'), 'volume': 8120800.0}, {'date': Timestamp('2025-12-29 00:00:00'), 'volume': 6739900.0}, {'date': Timestamp('2025-12-15 00:00:00'), 'volume': 6127000.0}, {'date': Timestamp('2025-09-15 00:00:00'), 'volume': 6123500.0}, {'date': Timestamp('2025-04-07 00:00:00'), 'volume': 6068700.0}, {'date': Timestamp('2024-01-22 00:00:00'), 'volume': 5064000.0}, {'date': Timestamp('2023-03-13 00:00:00'), 'volume': 4546200.0}, {'date': Timestamp('2022-12-12 00:00:00'), 'volume': 3551800.0}, {'date': Timestamp('2022-08-15 00:00:00'), 'volume': 3421000.0}, {'date': Timestamp('2022-04-04 00:00:00'), 'volume': 2598700.0}, {'date': Timestamp('2021-01-25 00:00:00'), 'volume': 1409900.0}]",2026-08-10,5590872.0,18.13999938964844,0.6666355062181788,290
TYRA,1895915832.6877828,weekly,2026-03-02,11202700.0,161,1,4,"[{'date': Timestamp('2026-03-02 00:00:00'), 'volume': 11202700.0}, {'date': Timestamp('2024-10-28 00:00:00'), 'volume': 5227100.0}, {'date': Timestamp('2021-12-13 00:00:00'), 'volume': 3813400.0}, {'date': Timestamp('2021-09-13 00:00:00'), 'volume': 2751700.0}]",2026-08-10,2279659.0,25.290000915527344,0.2034919260535406,257
TPB,1685362729.2314658,weekly,2026-03-02,4570000.0,161,2,10,"[{'date': Timestamp('2026-03-02 00:00:00'), 'volume': 4570000.0}, {'date': Timestamp('2025-11-03 00:00:00'), 'volume': 4341300.0}, {'date': Timestamp('2022-07-25 00:00:00'), 'volume': 3594800.0}, {'date': Timestamp('2021-10-25 00:00:00'), 'volume': 3315700.0}, {'date': Timestamp('2021-08-09 00:00:00'), 'volume': 2670200.0}, {'date': Timestamp('2020-07-06 00:00:00'), 'volume': 2017900.0}, {'date': Timestamp('2020-02-24 00:00:00'), 'volume': 1371300.0}, {'date': Timestamp('2020-02-03 00:00:00'), 'volume': 1140400.0}, {'date': Timestamp('2020-01-27 00:00:00'), 'volume': 637600.0}, {'date': Timestamp('2020-01-06 00:00:00'), 'volume': 572200.0}]",2026-08-10,1185481.0,87.33999633789062,0.2594050328227571,345
BUI,761006592.0,weekly,2026-03-02,1626800.0,161,1,7,"[{'date': Timestamp('2026-03-02 00:00:00'), 'volume': 1626800.0}, {'date': Timestamp('2020-03-16 00:00:00'), 'volume': 762900.0}, {'date': Timestamp('2020-03-09 00:00:00'), 'volume': 610800.0}, {'date': Timestamp('2020-02-24 00:00:00'), 'volume': 476500.0}, {'date': Timestamp('2020-02-17 00:00:00'), 'volume': 338800.0}, {'date': Timestamp('2020-01-13 00:00:00'), 'volume': 262500.0}, {'date': Timestamp('2020-01-06 00:00:00'), 'volume': 219300.0}]",2026-08-10,369425.0,27.34000015258789,0.2270869191049914,345
NOMD,1554477852.3106058,weekly,2026-02-23,16532200.0,168,1,9,"[{'date': Timestamp('2026-02-23 00:00:00'), 'volume': 16532200.0}, {'date': Timestamp('2022-10-20 00:00:00'), 'volume': 14530800.0}, {'date': Timestamp('2020-09-03 00:00:00'), 'volume': 14053800.0}, {'date': Timestamp('2020-03-19 00:00:00'), 'volume': 13975800.0}, {'date': Timestamp('2020-03-12 00:00:00'), 'volume': 12200600.0}, {'date': Timestamp('2020-02-27 00:00:00'), 'volume': 8635300.0}, {'date': Timestamp('2020-02-20 00:00:00'), 'volume': 8449600.0}, {'date': Timestamp('2020-01-09 00:00:00'), 'volume': 6145800.0}, {'date': Timestamp('2020-01-02 00:00:00'), 'volume': 3576200.0}]",2026-08-10,11496991.0,11.729999542236328,0.6954301907792066,347
FWRG,785355835.9442624,weekly,2026-02-23,22361900.0,168,1,11,"[{'date': Timestamp('2026-02-23 00:00:00'), 'volume': 22361900.0}, {'date': Timestamp('2025-08-04 00:00:00'), 'volume': 12076300.0}, {'date': Timestamp('2025-05-05 00:00:00'), 'volume': 10773400.0}, {'date': Timestamp('2024-11-11 00:00:00'), 'volume': 9358700.0}, {'date': Timestamp('2024-08-05 00:00:00'), 'volume': 6232200.0}, {'date': Timestamp('2024-05-06 00:00:00'), 'volume': 6175000.0}, {'date': Timestamp('2024-03-04 00:00:00'), 'volume': 5680400.0}, {'date': Timestamp('2023-09-11 00:00:00'), 'volume': 3810100.0}, {'date': Timestamp('2022-09-12 00:00:00'), 'volume': 3748400.0}, {'date': Timestamp('2021-12-13 00:00:00'), 'volume': 3666100.0}, {'date': Timestamp('2021-09-27 00:00:00'), 'volume': 3652000.0}]",2026-08-10,6183190.0,12.720000267028809,0.2765055742132824,255
LWAC,306765002.0,weekly,2026-02-23,1813200.0,168,3,3,"[{'date': Timestamp('2026-02-23 00:00:00'), 'volume': 1813200.0}, {'date': Timestamp('2025-08-18 00:00:00'), 'volume': 783300.0}, {'date': Timestamp('2025-08-11 00:00:00'), 'volume': 2300.0}]",2026-08-10,132505.0,10.350000381469728,0.0730779836752702,53
DRDB,322919994.99999994,weekly,2026-02-23,4397900.0,168,1,4,"[{'date': Timestamp('2026-02-23 00:00:00'), 'volume': 4397900.0}, {'date': Timestamp('2025-04-28 00:00:00'), 'volume': 2390100.0}, {'date': Timestamp('2025-04-07 00:00:00'), 'volume': 1735900.0}, {'date': Timestamp('2025-02-03 00:00:00'), 'volume': 1095900.0}]",2026-08-10,10031.0,10.649999618530272,0.0022808613201755,80
ALKT,1757254831.7310607,weekly,2026-02-23,19305800.0,168,1,4,"[{'date': Timestamp('2026-02-23 00:00:00'), 'volume': 19305800.0}, {'date': Timestamp('2025-03-10 00:00:00'), 'volume': 17613700.0}, {'date': Timestamp('2024-11-04 00:00:00'), 'volume': 8991500.0}, {'date': Timestamp('2021-04-12 00:00:00'), 'volume': 7339700.0}]",2026-08-10,5119570.0,20.670000076293945,0.2651830019993991,279
VNDA,361414726.9008547,weekly,2026-02-23,64439900.0,168,1,10,"[{'date': Timestamp('2026-02-23 00:00:00'), 'volume': 64439900.0}, {'date': Timestamp('2024-04-01 00:00:00'), 'volume': 61397400.0}, {'date': Timestamp('2023-09-11 00:00:00'), 'volume': 22767700.0}, {'date': Timestamp('2022-12-12 00:00:00'), 'volume': 11626100.0}, {'date': Timestamp('2021-02-08 00:00:00'), 'volume': 7211800.0}, {'date': Timestamp('2020-03-16 00:00:00'), 'volume': 6233400.0}, {'date': Timestamp('2020-03-02 00:00:00'), 'volume': 5789300.0}, {'date': Timestamp('2020-02-24 00:00:00'), 'volume': 4438900.0}, {'date': Timestamp('2020-01-13 00:00:00'), 'volume': 3308600.0}, {'date': Timestamp('2020-01-06 00:00:00'), 'volume': 2007500.0}]",2026-08-10,6919737.0,5.21999979019165,0.1073828016492887,345
VIR,1691579201.640688,weekly,2026-02-23,87675900.0,168,1,9,"[{'date': Timestamp('2026-02-23 00:00:00'), 'volume': 87675900.0}, {'date': Timestamp('2025-01-06 00:00:00'), 'volume': 48948400.0}, {'date': Timestamp('2022-03-28 00:00:00'), 'volume': 36422400.0}, {'date': Timestamp('2021-01-25 00:00:00'), 'volume': 35469500.0}, {'date': Timestamp('2020-06-22 00:00:00'), 'volume': 17965000.0}, {'date': Timestamp('2020-02-24 00:00:00'), 'volume': 15366300.0}, {'date': Timestamp('2020-01-27 00:00:00'), 'volume': 8565000.0}, {'date': Timestamp('2020-01-13 00:00:00'), 'volume': 967700.0}, {'date': Timestamp('2020-01-06 00:00:00'), 'volume': 398800.0}]",2026-08-10,5743200.0,9.239999771118164,0.0655048878882338,345
TNDM,1112912328.4467003,weekly,2026-02-23,25402500.0,168,1,8,"[{'date': Timestamp('2026-02-23 00:00:00'), 'volume': 25402500.0}, {'date': Timestamp('2025-08-04 00:00:00'), 'volume': 23188500.0}, {'date': Timestamp('2024-03-04 00:00:00'), 'volume': 22154700.0}, {'date': Timestamp('2023-03-13 00:00:00'), 'volume': 18086000.0}, {'date': Timestamp('2022-10-31 00:00:00'), 'volume': 15168300.0}, {'date': Timestamp('2021-09-13 00:00:00'), 'volume': 12452400.0}, {'date': Timestamp('2020-01-27 00:00:00'), 'volume': 12144600.0}, {'date': Timestamp('2020-01-06 00:00:00'), 'volume': 7390600.0}]",2026-08-10,8775875.0,22.71999931335449,0.3454728865269166,345
WD,1878605540.5584905,weekly,2026-02-23,3891500.0,168,1,6,"[{'date': Timestamp('2026-02-23 00:00:00'), 'volume': 3891500.0}, {'date': Timestamp('2020-04-06 00:00:00'), 'volume': 3603700.0}, {'date': Timestamp('2020-03-30 00:00:00'), 'volume': 2580400.0}, {'date': Timestamp('2020-02-03 00:00:00'), 'volume': 1787400.0}, {'date': Timestamp('2020-01-13 00:00:00'), 'volume': 1115500.0}, {'date': Timestamp('2020-01-06 00:00:00'), 'volume': 927000.0}]",2026-08-10,2828886.0,42.560001373291016,0.7269397404599769,345
BCSF,795936582.6428573,weekly,2026-02-23,5216200.0,168,2,6,"[{'date': Timestamp('2026-02-23 00:00:00'), 'volume': 5216200.0}, {'date': Timestamp('2026-02-02 00:00:00'), 'volume': 3822600.0}, {'date': Timestamp('2020-03-16 00:00:00'), 'volume': 3772186.0}, {'date': Timestamp('2020-03-09 00:00:00'), 'volume': 2744953.0}, {'date': Timestamp('2020-02-24 00:00:00'), 'volume': 2312899.0}, {'date': Timestamp('2020-01-06 00:00:00'), 'volume': 1568382.0}]",2026-08-10,1730709.0,12.550000190734863,0.3317949848548752,345
PRCT,1284089068.6123776,weekly,2026-02-23,18921200.0,168,2,6,"[{'date': Timestamp('2026-02-23 00:00:00'), 'volume': 18921200.0}, {'date': Timestamp('2025-11-03 00:00:00'), 'volume': 13860600.0}, {'date': Timestamp('2024-10-28 00:00:00'), 'volume': 11793300.0}, {'date': Timestamp('2024-08-19 00:00:00'), 'volume': 7882900.0}, {'date': Timestamp('2022-06-20 00:00:00'), 'volume': 6351900.0}, {'date': Timestamp('2021-09-13 00:00:00'), 'volume': 5186100.0}]",2026-08-10,7310430.0,21.64999961853028,0.3863618586558992,257
INVX,1748558669.5633802,weekly,2026-02-23,7836700.0,168,1,9,"[{'date': Timestamp('2026-02-23 00:00:00'), 'volume': 7836700.0}, {'date': Timestamp('2024-12-14 00:00:00'), 'volume': 5120700.0}, {'date': Timestamp('2020-03-14 00:00:00'), 'volume': 4165200.0}, {'date': Timestamp('2020-03-07 00:00:00'), 'volume': 3695800.0}, {'date': Timestamp('2020-02-29 00:00:00'), 'volume': 3158200.0}, {'date': Timestamp('2020-02-22 00:00:00'), 'volume': 1611400.0}, {'date': Timestamp('2020-01-25 00:00:00'), 'volume': 1600500.0}, {'date': Timestamp('2020-01-18 00:00:00'), 'volume': 1242900.0}, {'date': Timestamp('2020-01-04 00:00:00'), 'volume': 931600.0}]",2026-08-10,5634204.0,31.239999771118164,0.7189510891063841,346
ODD,685410872.9375951,weekly,2026-02-23,46726300.0,168,1,3,"[{'date': Timestamp('2026-02-23 00:00:00'), 'volume': 46726300.0}, {'date': Timestamp('2025-04-28 00:00:00'), 'volume': 12485500.0}, {'date': Timestamp('2023-07-17 00:00:00'), 'volume': 9974000.0}]",2026-08-10,3554968.0,13.109999656677246,0.0760806654924528,161
TNC,1553095995.2855573,weekly,2026-02-23,2821700.0,168,1,13,"[{'date': Timestamp('2026-02-23 00:00:00'), 'volume': 2821700.0}, {'date': Timestamp('2025-02-15 00:00:00'), 'volume': 1737800.0}, {'date': Timestamp('2024-12-14 00:00:00'), 'volume': 1545400.0}, {'date': Timestamp('2024-02-24 00:00:00'), 'volume': 1524400.0}, {'date': Timestamp('2023-12-09 00:00:00'), 'volume': 1359000.0}, {'date': Timestamp('2023-11-11 00:00:00'), 'volume': 949000.0}, {'date': Timestamp('2020-12-12 00:00:00'), 'volume': 931700.0}, {'date': Timestamp('2020-04-25 00:00:00'), 'volume': 656700.0}, {'date': Timestamp('2020-03-14 00:00:00'), 'volume': 650800.0}, {'date': Timestamp('2020-03-07 00:00:00'), 'volume': 534200.0}, {'date': Timestamp('2020-02-22 00:00:00'), 'volume': 421900.0}, {'date': Timestamp('2020-01-11 00:00:00'), 'volume': 381200.0}, {'date': Timestamp('2020-01-04 00:00:00'), 'volume': 320500.0}]",2026-08-10,1840499.0,68.58999633789062,0.6522660098522167,346
SMWB,490563033.7864077,weekly,2026-02-16,23547000.0,175,1,3,"[{'date': Timestamp('2026-02-16 00:00:00'), 'volume': 23547000.0}, {'date': Timestamp('2025-02-10 00:00:00'), 'volume': 11787700.0}, {'date': Timestamp('2021-05-10 00:00:00'), 'volume': 6873800.0}]",2026-08-10,11518548.0,8.890000343322754,0.4891726334564912,275
RXT,1490350603.5943396,weekly,2026-02-16,818186000.0,175,1,4,"[{'date': Timestamp('2026-02-16 00:00:00'), 'volume': 818186000.0}, {'date': Timestamp('2021-03-15 00:00:00'), 'volume': 50103600.0}, {'date': Timestamp('2020-08-17 00:00:00'), 'volume': 38972700.0}, {'date': Timestamp('2020-08-03 00:00:00'), 'volume': 35569000.0}]",2026-08-10,51227397.0,4.210000038146973,0.0626109429885136,315
FVRR,400131590.738614,weekly,2026-02-16,17182900.0,175,1,8,"[{'date': Timestamp('2026-02-16 00:00:00'), 'volume': 17182900.0}, {'date': Timestamp('2022-05-09 00:00:00'), 'volume': 16917000.0}, {'date': Timestamp('2020-11-09 00:00:00'), 'volume': 14894200.0}, {'date': Timestamp('2020-08-31 00:00:00'), 'volume': 9864300.0}, {'date': Timestamp('2020-08-03 00:00:00'), 'volume': 7217800.0}, {'date': Timestamp('2020-05-04 00:00:00'), 'volume': 6350200.0}, {'date': Timestamp('2020-02-17 00:00:00'), 'volume': 5289600.0}, {'date': Timestamp('2020-01-06 00:00:00'), 'volume': 1401800.0}]",2026-08-10,4965829.0,9.010000228881836,0.2889983064558369,345
ALX,1403789777.5884671,weekly,2026-02-09,865600.0,182,2,10,"[{'date': Timestamp('2026-02-09 00:00:00'), 'volume': 865600.0}, {'date': Timestamp('2026-02-07 00:00:00'), 'volume': 639600.0}, {'date': Timestamp('2025-06-21 00:00:00'), 'volume': 536200.0}, {'date': Timestamp('2025-06-07 00:00:00'), 'volume': 421600.0}, {'date': Timestamp('2021-09-11 00:00:00'), 'volume': 218800.0}, {'date': Timestamp('2021-07-17 00:00:00'), 'volume': 196000.0}, {'date': Timestamp('2021-05-08 00:00:00'), 'volume': 180600.0}, {'date': Timestamp('2020-02-29 00:00:00'), 'volume': 139700.0}, {'date': Timestamp('2020-02-22 00:00:00'), 'volume': 98100.0}, {'date': Timestamp('2020-01-04 00:00:00'), 'volume': 56500.0}]",2026-08-10,164635.0,269.75,0.190197550831793,346
MNTN,711149696.5547618,weekly,2026-02-09,15715900.0,182,1,2,"[{'date': Timestamp('2026-02-09 00:00:00'), 'volume': 15715900.0}, {'date': Timestamp('2025-05-19 00:00:00'), 'volume': 15564300.0}]",2026-08-10,6832606.0,12.520000457763672,0.4347575385437677,65
WENN,386476884.3670554,weekly,2026-02-09,2289100.0,182,3,5,"[{'date': Timestamp('2026-02-09 00:00:00'), 'volume': 2289100.0}, {'date': Timestamp('2025-12-22 00:00:00'), 'volume': 1720600.0}, {'date': Timestamp('2025-08-18 00:00:00'), 'volume': 1280900.0}, {'date': Timestamp('2025-07-14 00:00:00'), 'volume': 1016800.0}, {'date': Timestamp('2025-07-07 00:00:00'), 'volume': 608200.0}]",2026-08-10,10530.0,10.369999885559082,0.0046000611594076,58
VERX,1839862560.4483397,weekly,2026-02-09,20481000.0,182,1,2,"[{'date': Timestamp('2026-02-09 00:00:00'), 'volume': 20481000.0}, {'date': Timestamp('2020-07-27 00:00:00'), 'volume': 19206400.0}]",2026-08-10,10684561.0,12.720000267028809,0.5216816073433914,316
GSBD,1066029134.8867316,weekly,2026-02-02,10024700.0,189,1,11,"[{'date': Timestamp('2026-02-02 00:00:00'), 'volume': 10024700.0}, {'date': Timestamp('2025-04-07 00:00:00'), 'volume': 9120300.0}, {'date': Timestamp('2023-03-06 00:00:00'), 'volume': 8293500.0}, {'date': Timestamp('2022-12-26 00:00:00'), 'volume': 6181900.0}, {'date': Timestamp('2022-06-13 00:00:00'), 'volume': 4228300.0}, {'date': Timestamp('2020-03-16 00:00:00'), 'volume': 4163200.0}, {'date': Timestamp('2020-03-09 00:00:00'), 'volume': 2466500.0}, {'date': Timestamp('2020-02-24 00:00:00'), 'volume': 2045100.0}, {'date': Timestamp('2020-02-10 00:00:00'), 'volume': 708700.0}, {'date': Timestamp('2020-01-13 00:00:00'), 'volume': 681500.0}, {'date': Timestamp('2020-01-06 00:00:00'), 'volume': 565700.0}]",2026-08-10,5153797.0,9.850000381469728,0.5141098486737757,345
INTA,1927310458.1257944,weekly,2026-02-02,16482000.0,189,2,4,"[{'date': Timestamp('2026-02-02 00:00:00'), 'volume': 16482000.0}, {'date': Timestamp('2025-08-11 00:00:00'), 'volume': 11746700.0}, {'date': Timestamp('2024-03-04 00:00:00'), 'volume': 8094100.0}, {'date': Timestamp('2021-06-28 00:00:00'), 'volume': 6591900.0}]",2026-08-10,2660858.0,40.11000061035156,0.1614402378352141,268
WEAV,471028546.4366973,weekly,2026-02-02,16379600.0,189,1,7,"[{'date': Timestamp('2026-02-02 00:00:00'), 'volume': 16379600.0}, {'date': Timestamp('2025-02-17 00:00:00'), 'volume': 10659400.0}, {'date': Timestamp('2024-10-28 00:00:00'), 'volume': 9773300.0}, {'date': Timestamp('2023-06-05 00:00:00'), 'volume': 8289000.0}, {'date': Timestamp('2023-05-22 00:00:00'), 'volume': 5137400.0}, {'date': Timestamp('2022-09-12 00:00:00'), 'volume': 4877700.0}, {'date': Timestamp('2021-11-08 00:00:00'), 'volume': 4470400.0}]",2026-08-10,8114247.0,5.460000038146973,0.4953873720969987,249
RMR,670430690.3315713,weekly,2026-02-02,1947600.0,189,2,8,"[{'date': Timestamp('2026-02-02 00:00:00'), 'volume': 1947600.0}, {'date': Timestamp('2026-01-26 00:00:00'), 'volume': 1475000.0}, {'date': Timestamp('2021-08-30 00:00:00'), 'volume': 1471200.0}, {'date': Timestamp('2020-03-16 00:00:00'), 'volume': 999500.0}, {'date': Timestamp('2020-03-09 00:00:00'), 'volume': 966500.0}, {'date': Timestamp('2020-02-24 00:00:00'), 'volume': 625200.0}, {'date': Timestamp('2020-01-27 00:00:00'), 'volume': 581400.0}, {'date': Timestamp('2020-01-06 00:00:00'), 'volume': 442500.0}]",2026-08-10,663052.0,20.26000022888184,0.3404456767303347,345
GENI,1658736718.0514708,weekly,2026-02-02,81502400.0,189,1,11,"[{'date': Timestamp('2026-02-02 00:00:00'), 'volume': 81502400.0}, {'date': Timestamp('2025-06-23 00:00:00'), 'volume': 52804000.0}, {'date': Timestamp('2025-05-05 00:00:00'), 'volume': 34942500.0}, {'date': Timestamp('2025-03-03 00:00:00'), 'volume': 33108400.0}, {'date': Timestamp('2024-11-11 00:00:00'), 'volume': 30894700.0}, {'date': Timestamp('2021-11-22 00:00:00'), 'volume': 30286800.0}, {'date': Timestamp('2020-12-07 00:00:00'), 'volume': 21127900.0}, {'date': Timestamp('2020-10-26 00:00:00'), 'volume': 8078800.0}, {'date': Timestamp('2020-10-19 00:00:00'), 'volume': 685100.0}, {'date': Timestamp('2020-10-12 00:00:00'), 'volume': 65500.0}, {'date': Timestamp('2020-10-05 00:00:00'), 'volume': 63200.0}]",2026-08-10,32076354.0,8.380000114440918,0.3935633061112311,306
MSIF,527365006.3977274,weekly,2026-02-02,3493500.0,189,2,3,"[{'date': Timestamp('2026-02-02 00:00:00'), 'volume': 3493500.0}, {'date': Timestamp('2025-10-27 00:00:00'), 'volume': 2534800.0}, {'date': Timestamp('2025-01-27 00:00:00'), 'volume': 1452600.0}]",2026-08-10,1199801.0,12.4399995803833,0.3434380993273221,81
OBK,1603304404.0749855,weekly,2026-02-02,1683400.0,189,3,12,"[{'date': Timestamp('2026-02-02 00:00:00'), 'volume': 1683400.0}, {'date': Timestamp('2026-01-26 00:00:00'), 'volume': 1573800.0}, {'date': Timestamp('2025-09-08 00:00:00'), 'volume': 1448400.0}, {'date': Timestamp('2023-03-13 00:00:00'), 'volume': 1356000.0}, {'date': Timestamp('2022-12-12 00:00:00'), 'volume': 1107700.0}, {'date': Timestamp('2022-09-12 00:00:00'), 'volume': 927200.0}, {'date': Timestamp('2020-06-22 00:00:00'), 'volume': 714700.0}, {'date': Timestamp('2020-03-16 00:00:00'), 'volume': 551500.0}, {'date': Timestamp('2020-03-09 00:00:00'), 'volume': 420000.0}, {'date': Timestamp('2020-03-02 00:00:00'), 'volume': 354200.0}, {'date': Timestamp('2020-02-24 00:00:00'), 'volume': 204600.0}, {'date': Timestamp('2020-01-06 00:00:00'), 'volume': 198200.0}]",2026-08-10,846010.0,54.59999847412109,0.5025602946417964,345
HSTM,780921973.5758755,weekly,2026-02-02,2371000.0,189,1,5,"[{'date': Timestamp('2026-02-02 00:00:00'), 'volume': 2371000.0}, {'date': Timestamp('2020-03-16 00:00:00'), 'volume': 1856700.0}, {'date': Timestamp('2020-03-09 00:00:00'), 'volume': 1149300.0}, {'date': Timestamp('2020-01-13 00:00:00'), 'volume': 1078800.0}, {'date': Timestamp('2020-01-06 00:00:00'), 'volume': 643200.0}]",2026-08-10,1146034.0,28.940000534057617,0.4833547026571067,345
MSDL,1307071858.7976425,weekly,2026-02-02,6367800.0,189,3,7,"[{'date': Timestamp('2026-02-02 00:00:00'), 'volume': 6367800.0}, {'date': Timestamp('2025-09-29 00:00:00'), 'volume': 6109000.0}, {'date': Timestamp('2025-08-11 00:00:00'), 'volume': 5913700.0}, {'date': Timestamp('2025-01-27 00:00:00'), 'volume': 5302000.0}, {'date': Timestamp('2024-10-28 00:00:00'), 'volume': 4264000.0}, {'date': Timestamp('2024-03-11 00:00:00'), 'volume': 3543200.0}, {'date': Timestamp('2024-01-22 00:00:00'), 'volume': 1302700.0}]",2026-08-10,2181065.0,15.460000038146973,0.3425146832501021,134
DCH,1293648668.4283247,weekly,2026-01-31,90307100.0,191,1,10,"[{'date': Timestamp('2026-01-31 00:00:00'), 'volume': 90307100.0}, {'date': Timestamp('2024-03-09 00:00:00'), 'volume': 38924800.0}, {'date': Timestamp('2023-12-09 00:00:00'), 'volume': 30864200.0}, {'date': Timestamp('2020-05-02 00:00:00'), 'volume': 19386600.0}, {'date': Timestamp('2020-03-14 00:00:00'), 'volume': 18598400.0}, {'date': Timestamp('2020-03-07 00:00:00'), 'volume': 14610700.0}, {'date': Timestamp('2020-02-29 00:00:00'), 'volume': 12795100.0}, {'date': Timestamp('2020-02-22 00:00:00'), 'volume': 12761400.0}, {'date': Timestamp('2020-02-08 00:00:00'), 'volume': 10298500.0}, {'date': Timestamp('2020-01-04 00:00:00'), 'volume': 9252800.0}]",2026-08-10,16005783.0,6.730000019073486,0.1772372604147403,346
RES,1305447475.9208753,weekly,2026-01-31,23269600.0,191,1,4,"[{'date': Timestamp('2026-01-31 00:00:00'), 'volume': 23269600.0}, {'date': Timestamp('2023-12-09 00:00:00'), 'volume': 20804500.0}, {'date': Timestamp('2020-01-25 00:00:00'), 'volume': 16094300.0}, {'date': Timestamp('2020-01-04 00:00:00'), 'volume': 11187700.0}]",2026-08-10,7797964.0,6.360000133514404,0.3351137965414102,346
JJSF,1420571224.9317317,weekly,2026-01-31,2816600.0,191,2,7,"[{'date': Timestamp('2026-01-31 00:00:00'), 'volume': 2816600.0}, {'date': Timestamp('2025-11-15 00:00:00'), 'volume': 2008700.0}, {'date': Timestamp('2021-01-23 00:00:00'), 'volume': 1551200.0}, {'date': Timestamp('2020-09-19 00:00:00'), 'volume': 1373500.0}, {'date': Timestamp('2020-03-14 00:00:00'), 'volume': 1269300.0}, {'date': Timestamp('2020-01-25 00:00:00'), 'volume': 1005300.0}, {'date': Timestamp('2020-01-04 00:00:00'), 'volume': 399300.0}]",2026-08-10,1469567.0,89.47000122070312,0.5217521124760349,346
TRNS,861492573.287658,weekly,2026-01-31,1313300.0,191,1,14,"[{'date': Timestamp('2026-01-31 00:00:00'), 'volume': 1313300.0}, {'date': Timestamp('2025-05-17 00:00:00'), 'volume': 1256900.0}, {'date': Timestamp('2025-01-25 00:00:00'), 'volume': 1006200.0}, {'date': Timestamp('2024-10-26 00:00:00'), 'volume': 817100.0}, {'date': Timestamp('2023-09-16 00:00:00'), 'volume': 792300.0}, {'date': Timestamp('2022-01-29 00:00:00'), 'volume': 568600.0}, {'date': Timestamp('2021-01-30 00:00:00'), 'volume': 400800.0}, {'date': Timestamp('2020-09-12 00:00:00'), 'volume': 377000.0}, {'date': Timestamp('2020-03-14 00:00:00'), 'volume': 261800.0}, {'date': Timestamp('2020-02-22 00:00:00'), 'volume': 152900.0}, {'date': Timestamp('2020-02-01 00:00:00'), 'volume': 124700.0}, {'date': Timestamp('2020-01-18 00:00:00'), 'volume': 115700.0}, {'date': Timestamp('2020-01-11 00:00:00'), 'volume': 88700.0}, {'date': Timestamp('2020-01-04 00:00:00'), 'volume': 73300.0}]",2026-08-10,893792.0,93.6999969482422,0.6805695576029849,346
BCAL,669993286.8279206,weekly,2026-01-26,2667800.0,196,1,6,"[{'date': Timestamp('2026-01-26 00:00:00'), 'volume': 2667800.0}, {'date': Timestamp('2024-06-24 00:00:00'), 'volume': 1952500.0}, {'date': Timestamp('2023-09-11 00:00:00'), 'volume': 844800.0}, {'date': Timestamp('2022-07-18 00:00:00'), 'volume': 290200.0}, {'date': Timestamp('2020-03-02 00:00:00'), 'volume': 266900.0}, {'date': Timestamp('2020-01-06 00:00:00'), 'volume': 2900.0}]",2026-08-10,838510.0,21.68000030517578,0.3143076692405727,345
EFC,1701591421.4117217,weekly,2026-01-26,23257400.0,196,1,7,"[{'date': Timestamp('2026-01-26 00:00:00'), 'volume': 23257400.0}, {'date': Timestamp('2020-04-06 00:00:00'), 'volume': 19898900.0}, {'date': Timestamp('2020-03-23 00:00:00'), 'volume': 9676400.0}, {'date': Timestamp('2020-03-16 00:00:00'), 'volume': 8316100.0}, {'date': Timestamp('2020-01-20 00:00:00'), 'volume': 6840800.0}, {'date': Timestamp('2020-01-13 00:00:00'), 'volume': 2055100.0}, {'date': Timestamp('2020-01-06 00:00:00'), 'volume': 1218500.0}]",2026-08-10,6360606.0,13.670000076293944,0.2734874061588999,345
LZ,1041901943.6666666,weekly,2026-01-26,35965100.0,196,1,4,"[{'date': Timestamp('2026-01-26 00:00:00'), 'volume': 35965100.0}, {'date': Timestamp('2024-07-08 00:00:00'), 'volume': 30220200.0}, {'date': Timestamp('2022-03-14 00:00:00'), 'volume': 18717000.0}, {'date': Timestamp('2021-06-28 00:00:00'), 'volume': 16748900.0}]",2026-08-10,16188554.0,5.619999885559082,0.4501184203575132,268
GOLD,1215863361.821954,weekly,2026-01-26,7559900.0,196,1,9,"[{'date': Timestamp('2026-01-26 00:00:00'), 'volume': 7559900.0}, {'date': Timestamp('2024-04-08 00:00:00'), 'volume': 6307400.0}, {'date': Timestamp('2021-03-01 00:00:00'), 'volume': 5267400.0}, {'date': Timestamp('2021-02-08 00:00:00'), 'volume': 1614000.0}, {'date': Timestamp('2020-06-22 00:00:00'), 'volume': 1455200.0}, {'date': Timestamp('2020-05-04 00:00:00'), 'volume': 589200.0}, {'date': Timestamp('2020-03-23 00:00:00'), 'volume': 497200.0}, {'date': Timestamp('2020-03-16 00:00:00'), 'volume': 330600.0}, {'date': Timestamp('2020-01-06 00:00:00'), 'volume': 202200.0}]",2026-08-10,1482634.0,44.0,0.1961182026217278,345
JRI,345299614.0,weekly,2026-01-26,2616589.0,196,1,6,"[{'date': Timestamp('2026-01-26 00:00:00'), 'volume': 2616589.0}, {'date': Timestamp('2024-07-15 00:00:00'), 'volume': 1905445.0}, {'date': Timestamp('2020-03-16 00:00:00'), 'volume': 1755704.0}, {'date': Timestamp('2020-02-24 00:00:00'), 'volume': 1453401.0}, {'date': Timestamp('2020-01-13 00:00:00'), 'volume': 475405.0}, {'date': Timestamp('2020-01-06 00:00:00'), 'volume': 451237.0}]",2026-08-10,673385.0,12.609999656677246,0.2573522245946918,345
LAND,371405900.1141177,weekly,2026-01-26,6332800.0,196,1,9,"[{'date': Timestamp('2026-01-26 00:00:00'), 'volume': 6332800.0}, {'date': Timestamp('2021-05-24 00:00:00'), 'volume': 4070000.0}, {'date': Timestamp('2021-04-12 00:00:00'), 'volume': 3258500.0}, {'date': Timestamp('2020-10-05 00:00:00'), 'volume': 2278000.0}, {'date': Timestamp('2020-06-08 00:00:00'), 'volume': 1362400.0}, {'date': Timestamp('2020-03-16 00:00:00'), 'volume': 1229800.0}, {'date': Timestamp('2020-03-09 00:00:00'), 'volume': 1200400.0}, {'date': Timestamp('2020-02-24 00:00:00'), 'volume': 795400.0}, {'date': Timestamp('2020-01-06 00:00:00'), 'volume': 635100.0}]",2026-08-10,3801443.0,8.3100004196167,0.6002783918645781,345
ASA,998533393.0,weekly,2026-01-24,1353500.0,198,1,4,"[{'date': Timestamp('2026-01-24 00:00:00'), 'volume': 1353500.0}, {'date': Timestamp('2020-03-14 00:00:00'), 'volume': 1297800.0}, {'date': Timestamp('2020-02-22 00:00:00'), 'volume': 1187200.0}, {'date': Timestamp('2020-01-04 00:00:00'), 'volume': 745600.0}]",2026-08-10,235258.0,58.59999847412109,0.1738145548577761,346
EVAC,594999201.0,weekly,2026-01-19,2964400.0,203,5,5,"[{'date': Timestamp('2026-01-19 00:00:00'), 'volume': 2964400.0}, {'date': Timestamp('2025-09-22 00:00:00'), 'volume': 1996100.0}, {'date': Timestamp('2025-09-01 00:00:00'), 'volume': 1457500.0}, {'date': Timestamp('2025-08-25 00:00:00'), 'volume': 233400.0}, {'date': Timestamp('2025-08-18 00:00:00'), 'volume': 3400.0}]",2026-08-10,35943.0,10.260000228881836,0.0121248819322628,52
NATH,417956891.43082064,weekly,2026-01-17,841500.0,205,1,7,"[{'date': Timestamp('2026-01-17 00:00:00'), 'volume': 841500.0}, {'date': Timestamp('2025-05-31 00:00:00'), 'volume': 630200.0}, {'date': Timestamp('2022-06-18 00:00:00'), 'volume': 415800.0}, {'date': Timestamp('2020-03-14 00:00:00'), 'volume': 156100.0}, {'date': Timestamp('2020-03-07 00:00:00'), 'volume': 103900.0}, {'date': Timestamp('2020-01-11 00:00:00'), 'volume': 74900.0}, {'date': Timestamp('2020-01-04 00:00:00'), 'volume': 34900.0}]",2026-08-10,217376.0,96.97000122070312,0.2583196672608437,346
BGY,511971925.0,weekly,2026-01-12,3893600.0,210,1,7,"[{'date': Timestamp('2026-01-12 00:00:00'), 'volume': 3893600.0}, {'date': Timestamp('2023-01-16 00:00:00'), 'volume': 3615500.0}, {'date': Timestamp('2022-07-11 00:00:00'), 'volume': 3354300.0}, {'date': Timestamp('2020-03-16 00:00:00'), 'volume': 3338900.0}, {'date': Timestamp('2020-03-09 00:00:00'), 'volume': 3209500.0}, {'date': Timestamp('2020-02-24 00:00:00'), 'volume': 2276600.0}, {'date': Timestamp('2020-01-06 00:00:00'), 'volume': 1834100.0}]",2026-08-10,926148.0,5.880000114440918,0.2378641873844257,345
AMN,1270631033.972162,weekly,2026-01-12,12822300.0,210,1,11,"[{'date': Timestamp('2026-01-12 00:00:00'), 'volume': 12822300.0}, {'date': Timestamp('2024-11-11 00:00:00'), 'volume': 10769300.0}, {'date': Timestamp('2024-11-04 00:00:00'), 'volume': 8304200.0}, {'date': Timestamp('2024-03-11 00:00:00'), 'volume': 7834300.0}, {'date': Timestamp('2020-05-11 00:00:00'), 'volume': 7341500.0}, {'date': Timestamp('2020-03-23 00:00:00'), 'volume': 5503600.0}, {'date': Timestamp('2020-03-16 00:00:00'), 'volume': 5470500.0}, {'date': Timestamp('2020-03-09 00:00:00'), 'volume': 3325300.0}, {'date': Timestamp('2020-02-10 00:00:00'), 'volume': 2634800.0}, {'date': Timestamp('2020-01-13 00:00:00'), 'volume': 1513700.0}, {'date': Timestamp('2020-01-06 00:00:00'), 'volume': 1367200.0}]",2026-08-10,4405672.0,34.5,0.343594518924062,345
OSS,402248873.7728394,weekly,2026-01-12,28257800.0,210,2,6,"[{'date': Timestamp('2026-01-12 00:00:00'), 'volume': 28257800.0}, {'date': Timestamp('2026-01-05 00:00:00'), 'volume': 16151500.0}, {'date': Timestamp('2021-02-01 00:00:00'), 'volume': 7795100.0}, {'date': Timestamp('2020-07-13 00:00:00'), 'volume': 7264000.0}, {'date': Timestamp('2020-01-20 00:00:00'), 'volume': 5628200.0}, {'date': Timestamp('2020-01-06 00:00:00'), 'volume': 103100.0}]",2026-08-10,3842610.0,13.609999656677246,0.1359840468826306,345
MRTN,1425362131.0745234,weekly,2026-01-10,7537600.0,212,1,9,"[{'date': Timestamp('2026-01-10 00:00:00'), 'volume': 7537600.0}, {'date': Timestamp('2024-03-09 00:00:00'), 'volume': 7519700.0}, {'date': Timestamp('2021-12-11 00:00:00'), 'volume': 4454600.0}, {'date': Timestamp('2020-03-21 00:00:00'), 'volume': 3249750.0}, {'date': Timestamp('2020-03-14 00:00:00'), 'volume': 2875500.0}, {'date': Timestamp('2020-01-25 00:00:00'), 'volume': 1924200.0}, {'date': Timestamp('2020-01-18 00:00:00'), 'volume': 1386600.0}, {'date': Timestamp('2020-01-11 00:00:00'), 'volume': 1141500.0}, {'date': Timestamp('2020-01-04 00:00:00'), 'volume': 1042200.0}]",2026-08-10,3482868.0,15.210000038146973,0.462065909573339,346
CMCL,383027876.66085166,weekly,2026-01-10,5856500.0,212,1,7,"[{'date': Timestamp('2026-01-10 00:00:00'), 'volume': 5856500.0}, {'date': Timestamp('2020-06-20 00:00:00'), 'volume': 2563000.0}, {'date': Timestamp('2020-05-16 00:00:00'), 'volume': 581800.0}, {'date': Timestamp('2020-02-22 00:00:00'), 'volume': 300600.0}, {'date': Timestamp('2020-02-01 00:00:00'), 'volume': 200200.0}, {'date': Timestamp('2020-01-25 00:00:00'), 'volume': 188900.0}, {'date': Timestamp('2020-01-04 00:00:00'), 'volume': 58500.0}]",2026-08-10,1213956.0,22.46999931335449,0.2072835311192692,346
AEF,380435118.0,weekly,2026-01-10,2410700.0,212,1,9,"[{'date': Timestamp('2026-01-10 00:00:00'), 'volume': 2410700.0}, {'date': Timestamp('2025-02-08 00:00:00'), 'volume': 2247900.0}, {'date': Timestamp('2025-01-25 00:00:00'), 'volume': 1611900.0}, {'date': Timestamp('2025-01-11 00:00:00'), 'volume': 1333100.0}, {'date': Timestamp('2020-03-14 00:00:00'), 'volume': 1136200.0}, {'date': Timestamp('2020-03-07 00:00:00'), 'volume': 487800.0}, {'date': Timestamp('2020-02-22 00:00:00'), 'volume': 386500.0}, {'date': Timestamp('2020-01-25 00:00:00'), 'volume': 381900.0}, {'date': Timestamp('2020-01-04 00:00:00'), 'volume': 245100.0}]",2026-08-10,487001.0,9.520000457763672,0.2020164267640104,346
ZBIO,1633260469.7117958,weekly,2026-01-05,14670400.0,217,1,4,"[{'date': Timestamp('2026-01-05 00:00:00'), 'volume': 14670400.0}, {'date': Timestamp('2024-12-16 00:00:00'), 'volume': 5579400.0}, {'date': Timestamp('2024-11-18 00:00:00'), 'volume': 2101300.0}, {'date': Timestamp('2024-09-09 00:00:00'), 'volume': 1924900.0}]",2026-08-10,3013035.0,29.51000022888184,0.2053819255098702,101
BBNX,749527704.1382778,weekly,2026-01-05,11006400.0,217,2,3,"[{'date': Timestamp('2026-01-05 00:00:00'), 'volume': 11006400.0}, {'date': Timestamp('2025-09-15 00:00:00'), 'volume': 9943200.0}, {'date': Timestamp('2025-01-27 00:00:00'), 'volume': 8060300.0}]",2026-08-10,5327972.0,17.56999969482422,0.4840794446867277,81
NPB,653942697.6378291,weekly,2026-01-05,4088000.0,217,2,6,"[{'date': Timestamp('2026-01-05 00:00:00'), 'volume': 4088000.0}, {'date': Timestamp('2025-12-15 00:00:00'), 'volume': 3367300.0}, {'date': Timestamp('2025-06-23 00:00:00'), 'volume': 2349400.0}, {'date': Timestamp('2025-04-14 00:00:00'), 'volume': 1425800.0}, {'date': Timestamp('2025-03-17 00:00:00'), 'volume': 1316600.0}, {'date': Timestamp('2025-02-17 00:00:00'), 'volume': 846700.0}]",2026-08-10,582124.0,17.5,0.1423982387475538,78
RDAG,387375000.9995161,weekly,2026-01-05,2018600.0,217,1,3,"[{'date': Timestamp('2026-01-05 00:00:00'), 'volume': 2018600.0}, {'date': Timestamp('2025-07-14 00:00:00'), 'volume': 1279000.0}, {'date': Timestamp('2025-06-23 00:00:00'), 'volume': 950300.0}]",2026-08-10,23301.0,10.380000114440918,0.0115431487169325,60
IMSR,712944300.9911505,weekly,2026-01-05,36669000.0,217,4,8,"[{'date': Timestamp('2026-01-05 00:00:00'), 'volume': 36669000.0}, {'date': Timestamp('2025-10-13 00:00:00'), 'volume': 30471500.0}, {'date': Timestamp('2025-09-22 00:00:00'), 'volume': 19385700.0}, {'date': Timestamp('2025-08-11 00:00:00'), 'volume': 8147900.0}, {'date': Timestamp('2025-03-24 00:00:00'), 'volume': 6831500.0}, {'date': Timestamp('2024-10-21 00:00:00'), 'volume': 2281200.0}, {'date': Timestamp('2024-10-14 00:00:00'), 'volume': 1782900.0}, {'date': Timestamp('2024-10-07 00:00:00'), 'volume': 1674300.0}]",2026-08-10,7215619.0,5.889999866485596,0.196777086912651,97
JCAP,1060155248.4239428,weekly,2026-01-05,6504400.0,217,1,2,"[{'date': Timestamp('2026-01-05 00:00:00'), 'volume': 6504400.0}, {'date': Timestamp('2025-06-23 00:00:00'), 'volume': 4215700.0}]",2026-08-10,4109914.0,24.0,0.6318667363630773,60
MBAV,388843739.00000006,weekly,2025-12-08,8716100.0,224,1,3,"[{'date': Timestamp('2025-12-08 00:00:00'), 'volume': 8716100}, {'date': Timestamp('2025-05-26 00:00:00'), 'volume': 7004300}, {'date': Timestamp('2024-09-23 00:00:00'), 'volume': 3137500}]",2026-07-20,10078.0,10.68000030517578,0.0011562510755957,96
PML,943775040.0,weekly,2025-12-29,5361300.0,224,2,8,"[{'date': Timestamp('2025-12-29 00:00:00'), 'volume': 5361300.0}, {'date': Timestamp('2025-09-15 00:00:00'), 'volume': 4150000.0}, {'date': Timestamp('2020-03-16 00:00:00'), 'volume': 4138400.0}, {'date': Timestamp('2020-03-09 00:00:00'), 'volume': 3002500.0}, {'date': Timestamp('2020-03-02 00:00:00'), 'volume': 879500.0}, {'date': Timestamp('2020-02-24 00:00:00'), 'volume': 751400.0}, {'date': Timestamp('2020-01-13 00:00:00'), 'volume': 712900.0}, {'date': Timestamp('2020-01-06 00:00:00'), 'volume': 468500.0}]",2026-08-10,2001981.0,7.420000076293945,0.3734133512394382,345
KYTX,513111575.48780495,weekly,2025-12-15,43787900.0,238,2,7,"[{'date': Timestamp('2025-12-15 00:00:00'), 'volume': 43787900.0}, {'date': Timestamp('2025-10-06 00:00:00'), 'volume': 9121700.0}, {'date': Timestamp('2024-06-10 00:00:00'), 'volume': 7254200.0}, {'date': Timestamp('2024-04-01 00:00:00'), 'volume': 3218300.0}, {'date': Timestamp('2024-03-25 00:00:00'), 'volume': 2156900.0}, {'date': Timestamp('2024-02-12 00:00:00'), 'volume': 2141300.0}, {'date': Timestamp('2024-02-05 00:00:00'), 'volume': 633100.0}]",2026-08-10,3476513.0,8.170000076293945,0.0793943760719285,132
TWO,1305725959.449556,weekly,2025-12-15,44971400.0,238,1,10,"[{'date': Timestamp('2025-12-15 00:00:00'), 'volume': 44971400.0}, {'date': Timestamp('2021-06-21 00:00:00'), 'volume': 33096950.0}, {'date': Timestamp('2020-06-08 00:00:00'), 'volume': 27454725.0}, {'date': Timestamp('2020-04-06 00:00:00'), 'volume': 24953275.0}, {'date': Timestamp('2020-03-23 00:00:00'), 'volume': 19113525.0}, {'date': Timestamp('2020-03-16 00:00:00'), 'volume': 11807925.0}, {'date': Timestamp('2020-03-09 00:00:00'), 'volume': 7015175.0}, {'date': Timestamp('2020-02-24 00:00:00'), 'volume': 5756050.0}, {'date': Timestamp('2020-02-03 00:00:00'), 'volume': 3225000.0}, {'date': Timestamp('2020-01-06 00:00:00'), 'volume': 2240850.0}]",2026-08-10,18809000.0,12.039999961853027,0.4182435948180399,345
NRK,925566533.0,weekly,2025-12-15,3976800.0,238,1,5,"[{'date': Timestamp('2025-12-15 00:00:00'), 'volume': 3976800.0}, {'date': Timestamp('2020-03-16 00:00:00'), 'volume': 3290200.0}, {'date': Timestamp('2020-03-09 00:00:00'), 'volume': 3122500.0}, {'date': Timestamp('2020-02-24 00:00:00'), 'volume': 1180600.0}, {'date': Timestamp('2020-01-06 00:00:00'), 'volume': 488300.0}]",2026-08-10,1600717.0,10.609999656677246,0.4025138302152484,345
NCDL,629191234.7996783,weekly,2025-12-15,3152800.0,238,1,6,"[{'date': Timestamp('2025-12-15 00:00:00'), 'volume': 3152800.0}, {'date': Timestamp('2025-04-07 00:00:00'), 'volume': 2474300.0}, {'date': Timestamp('2024-12-16 00:00:00'), 'volume': 2142900.0}, {'date': Timestamp('2024-12-02 00:00:00'), 'volume': 1690100.0}, {'date': Timestamp('2024-11-25 00:00:00'), 'volume': 1441100.0}, {'date': Timestamp('2024-01-22 00:00:00'), 'volume': 1178600.0}]",2026-08-10,592687.0,12.4399995803833,0.1879875031717838,134
EIG,925645862.8656224,weekly,2025-12-15,2396800.0,238,1,10,"[{'date': Timestamp('2025-12-15 00:00:00'), 'volume': 2396800.0}, {'date': Timestamp('2023-03-13 00:00:00'), 'volume': 2100100.0}, {'date': Timestamp('2020-05-11 00:00:00'), 'volume': 1920800.0}, {'date': Timestamp('2020-03-23 00:00:00'), 'volume': 1736400.0}, {'date': Timestamp('2020-03-16 00:00:00'), 'volume': 1718000.0}, {'date': Timestamp('2020-03-09 00:00:00'), 'volume': 1486600.0}, {'date': Timestamp('2020-02-24 00:00:00'), 'volume': 942400.0}, {'date': Timestamp('2020-02-17 00:00:00'), 'volume': 733700.0}, {'date': Timestamp('2020-01-13 00:00:00'), 'volume': 718400.0}, {'date': Timestamp('2020-01-06 00:00:00'), 'volume': 637500.0}]",2026-08-10,941424.0,48.72999954223633,0.3927837116154873,345
ASIX,546459667.2765744,weekly,2025-12-15,7438200.0,238,2,5,"[{'date': Timestamp('2025-12-15 00:00:00'), 'volume': 7438200.0}, {'date': Timestamp('2025-12-08 00:00:00'), 'volume': 3389900.0}, {'date': Timestamp('2020-02-24 00:00:00'), 'volume': 3123400.0}, {'date': Timestamp('2020-01-20 00:00:00'), 'volume': 1565100.0}, {'date': Timestamp('2020-01-06 00:00:00'), 'volume': 1194300.0}]",2026-08-10,1909847.0,17.040000915527344,0.2567619854265817,345
KCHV,355249058.82722,weekly,2025-12-15,1347100.0,238,1,2,"[{'date': Timestamp('2025-12-15 00:00:00'), 'volume': 1347100.0}, {'date': Timestamp('2025-07-21 00:00:00'), 'volume': 942000.0}]",2026-08-10,64409.0,10.43000030517578,0.0478130799495211,56
TACH,359144998.99999994,weekly,2025-12-15,1530900.0,238,3,4,"[{'date': Timestamp('2025-12-15 00:00:00'), 'volume': 1530900.0}, {'date': Timestamp('2025-10-20 00:00:00'), 'volume': 1250400.0}, {'date': Timestamp('2025-09-29 00:00:00'), 'volume': 1191500.0}, {'date': Timestamp('2025-06-02 00:00:00'), 'volume': 706900.0}]",2026-08-10,82415.0,10.479999542236328,0.0538343458096544,63
KBDC,917620453.3934066,weekly,2025-12-15,3848400.0,238,3,6,"[{'date': Timestamp('2025-12-15 00:00:00'), 'volume': 3848400.0}, {'date': Timestamp('2025-09-15 00:00:00'), 'volume': 2580600.0}, {'date': Timestamp('2025-09-08 00:00:00'), 'volume': 1353600.0}, {'date': Timestamp('2025-04-07 00:00:00'), 'volume': 1286700.0}, {'date': Timestamp('2025-03-03 00:00:00'), 'volume': 1193900.0}, {'date': Timestamp('2024-05-20 00:00:00'), 'volume': 1083600.0}]",2026-08-10,2923513.0,13.5,0.7596697328760004,117
NSP,1581730888.4644625,weekly,2025-12-13,11297800.0,240,2,4,"[{'date': Timestamp('2025-12-13 00:00:00'), 'volume': 11297800.0}, {'date': Timestamp('2025-11-01 00:00:00'), 'volume': 8579800.0}, {'date': Timestamp('2020-02-08 00:00:00'), 'volume': 7163800.0}, {'date': Timestamp('2020-01-04 00:00:00'), 'volume': 2334600.0}]",2026-08-10,2257822.0,52.20000076293945,0.1998461647400378,346
HAFC,972469488.3483216,weekly,2025-12-13,3407900.0,240,1,9,"[{'date': Timestamp('2025-12-13 00:00:00'), 'volume': 3407900.0}, {'date': Timestamp('2023-03-11 00:00:00'), 'volume': 3392300.0}, {'date': Timestamp('2020-03-14 00:00:00'), 'volume': 2219900.0}, {'date': Timestamp('2020-03-07 00:00:00'), 'volume': 1436700.0}, {'date': Timestamp('2020-02-22 00:00:00'), 'volume': 1132800.0}, {'date': Timestamp('2020-01-25 00:00:00'), 'volume': 1104300.0}, {'date': Timestamp('2020-01-18 00:00:00'), 'volume': 628300.0}, {'date': Timestamp('2020-01-11 00:00:00'), 'volume': 533500.0}, {'date': Timestamp('2020-01-04 00:00:00'), 'volume': 458700.0}]",2026-08-10,1016354.0,32.439998626708984,0.2982346899850348,346
MGPI,366089295.1009174,weekly,2025-12-13,4391900.0,240,1,4,"[{'date': Timestamp('2025-12-13 00:00:00'), 'volume': 4391900.0}, {'date': Timestamp('2024-10-12 00:00:00'), 'volume': 3934600.0}, {'date': Timestamp('2020-01-11 00:00:00'), 'volume': 2937500.0}, {'date': Timestamp('2020-01-04 00:00:00'), 'volume': 569500.0}]",2026-08-10,1291826.0,17.719999313354492,0.2941383000523691,346
CZNC,420860618.0097995,weekly,2025-12-13,747900.0,240,1,9,"[{'date': Timestamp('2025-12-13 00:00:00'), 'volume': 747900.0}, {'date': Timestamp('2025-08-02 00:00:00'), 'volume': 468300.0}, {'date': Timestamp('2021-06-19 00:00:00'), 'volume': 418300.0}, {'date': Timestamp('2020-12-12 00:00:00'), 'volume': 295600.0}, {'date': Timestamp('2020-06-20 00:00:00'), 'volume': 216400.0}, {'date': Timestamp('2020-03-14 00:00:00'), 'volume': 198500.0}, {'date': Timestamp('2020-03-07 00:00:00'), 'volume': 181000.0}, {'date': Timestamp('2020-01-11 00:00:00'), 'volume': 92900.0}, {'date': Timestamp('2020-01-04 00:00:00'), 'volume': 42900.0}]",2026-08-10,408706.0,25.979999542236328,0.5464714534028613,346
PRGO,1376759328.3574378,weekly,2025-12-13,43411100.0,240,1,6,"[{'date': Timestamp('2025-12-13 00:00:00'), 'volume': 43411100.0}, {'date': Timestamp('2021-09-11 00:00:00'), 'volume': 41607200.0}, {'date': Timestamp('2021-02-20 00:00:00'), 'volume': 18056200.0}, {'date': Timestamp('2020-02-22 00:00:00'), 'volume': 11458900.0}, {'date': Timestamp('2020-01-11 00:00:00'), 'volume': 9176800.0}, {'date': Timestamp('2020-01-04 00:00:00'), 'volume': 5090100.0}]",2026-08-10,12824986.0,13.039999961853027,0.2954310303125237,346
NX,824866205.7441078,weekly,2025-12-13,9094800.0,240,2,4,"[{'date': Timestamp('2025-12-13 00:00:00'), 'volume': 9094800.0}, {'date': Timestamp('2025-12-06 00:00:00'), 'volume': 8358600.0}, {'date': Timestamp('2024-07-27 00:00:00'), 'volume': 7398300.0}, {'date': Timestamp('2020-01-04 00:00:00'), 'volume': 2715000.0}]",2026-08-10,1434920.0,20.950000762939453,0.1577736728680125,346
MMI,1187982973.0266044,weekly,2025-12-08,5421900.0,245,1,12,"[{'date': Timestamp('2025-12-08 00:00:00'), 'volume': 5421900.0}, {'date': Timestamp('2024-03-11 00:00:00'), 'volume': 3671500.0}, {'date': Timestamp('2021-03-08 00:00:00'), 'volume': 2132800.0}, {'date': Timestamp('2021-03-01 00:00:00'), 'volume': 1471500.0}, {'date': Timestamp('2021-02-22 00:00:00'), 'volume': 1349100.0}, {'date': Timestamp('2020-03-23 00:00:00'), 'volume': 1260200.0}, {'date': Timestamp('2020-03-16 00:00:00'), 'volume': 1203000.0}, {'date': Timestamp('2020-03-09 00:00:00'), 'volume': 895500.0}, {'date': Timestamp('2020-03-02 00:00:00'), 'volume': 786000.0}, {'date': Timestamp('2020-02-24 00:00:00'), 'volume': 727400.0}, {'date': Timestamp('2020-01-27 00:00:00'), 'volume': 514200.0}, {'date': Timestamp('2020-01-06 00:00:00'), 'volume': 420400.0}]",2026-08-10,636602.0,31.57999992370605,0.1174130839742525,345
PLAB,1809595848.364384,weekly,2025-12-06,25493400.0,247,1,8,"[{'date': Timestamp('2025-12-06 00:00:00'), 'volume': 25493400.0}, {'date': Timestamp('2022-08-27 00:00:00'), 'volume': 19273400.0}, {'date': Timestamp('2022-05-21 00:00:00'), 'volume': 8824200.0}, {'date': Timestamp('2021-12-04 00:00:00'), 'volume': 8022600.0}, {'date': Timestamp('2020-12-12 00:00:00'), 'volume': 5952300.0}, {'date': Timestamp('2020-02-29 00:00:00'), 'volume': 5669700.0}, {'date': Timestamp('2020-02-08 00:00:00'), 'volume': 4313800.0}, {'date': Timestamp('2020-01-04 00:00:00'), 'volume': 3608300.0}]",2026-08-10,3627619.0,33.31999969482422,0.1422963982834773,346
ORRF,810079274.8310827,weekly,2025-12-06,2343500.0,247,1,11,"[{'date': Timestamp('2025-12-06 00:00:00'), 'volume': 2343500.0}, {'date': Timestamp('2024-06-22 00:00:00'), 'volume': 2156000.0}, {'date': Timestamp('2023-12-09 00:00:00'), 'volume': 465700.0}, {'date': Timestamp('2022-04-23 00:00:00'), 'volume': 308800.0}, {'date': Timestamp('2021-05-08 00:00:00'), 'volume': 276700.0}, {'date': Timestamp('2021-03-06 00:00:00'), 'volume': 258100.0}, {'date': Timestamp('2020-03-28 00:00:00'), 'volume': 239400.0}, {'date': Timestamp('2020-03-14 00:00:00'), 'volume': 216300.0}, {'date': Timestamp('2020-03-07 00:00:00'), 'volume': 149700.0}, {'date': Timestamp('2020-02-01 00:00:00'), 'volume': 149100.0}, {'date': Timestamp('2020-01-04 00:00:00'), 'volume': 62600.0}]",2026-08-10,448082.0,43.34000015258789,0.1912020482184766,346
CBRL,1181274728.5937502,weekly,2025-12-06,22197100.0,247,2,11,"[{'date': Timestamp('2025-12-06 00:00:00'), 'volume': 22197100.0}, {'date': Timestamp('2025-08-23 00:00:00'), 'volume': 13713400.0}, {'date': Timestamp('2025-06-07 00:00:00'), 'volume': 10208400.0}, {'date': Timestamp('2024-05-11 00:00:00'), 'volume': 9338700.0}, {'date': Timestamp('2023-03-11 00:00:00'), 'volume': 8463100.0}, {'date': Timestamp('2020-03-21 00:00:00'), 'volume': 6631600.0}, {'date': Timestamp('2020-03-14 00:00:00'), 'volume': 6297000.0}, {'date': Timestamp('2020-03-07 00:00:00'), 'volume': 4033800.0}, {'date': Timestamp('2020-02-22 00:00:00'), 'volume': 3912000.0}, {'date': Timestamp('2020-01-11 00:00:00'), 'volume': 2262300.0}, {'date': Timestamp('2020-01-04 00:00:00'), 'volume': 1521500.0}]",2026-08-10,4646850.0,57.92499923706055,0.2093449144257583,346
BLUW,333741652.0232783,weekly,2025-12-01,5153300.0,252,3,5,"[{'date': Timestamp('2025-12-01 00:00:00'), 'volume': 5153300.0}, {'date': Timestamp('2025-09-01 00:00:00'), 'volume': 1237700.0}, {'date': Timestamp('2025-08-11 00:00:00'), 'volume': 1210400.0}, {'date': Timestamp('2025-08-04 00:00:00'), 'volume': 880100.0}, {'date': Timestamp('2025-07-28 00:00:00'), 'volume': 123700.0}]",2026-08-10,21358.0,10.359999656677246,0.0041445287485688,55
MSBI,647184337.5811208,weekly,2025-12-01,1899100.0,252,1,9,"[{'date': Timestamp('2025-12-01 00:00:00'), 'volume': 1899100.0}, {'date': Timestamp('2024-07-15 00:00:00'), 'volume': 1205000.0}, {'date': Timestamp('2023-03-13 00:00:00'), 'volume': 1069100.0}, {'date': Timestamp('2020-03-16 00:00:00'), 'volume': 1056300.0}, {'date': Timestamp('2020-03-09 00:00:00'), 'volume': 712300.0}, {'date': Timestamp('2020-03-02 00:00:00'), 'volume': 455000.0}, {'date': Timestamp('2020-02-24 00:00:00'), 'volume': 423300.0}, {'date': Timestamp('2020-01-13 00:00:00'), 'volume': 374900.0}, {'date': Timestamp('2020-01-06 00:00:00'), 'volume': 261800.0}]",2026-08-10,677277.0,33.380001068115234,0.356630509188563,345
POLE,317232489.0147152,weekly,2025-12-01,2554400.0,252,1,3,"[{'date': Timestamp('2025-12-01 00:00:00'), 'volume': 2554400.0}, {'date': Timestamp('2024-12-16 00:00:00'), 'volume': 1991900.0}, {'date': Timestamp('2024-10-28 00:00:00'), 'volume': 1939100.0}]",2026-08-10,35229.0,10.81999969482422,0.0137914970247416,94
PCQ,497897049.0,weekly,2025-12-01,1787500.0,252,2,9,"[{'date': Timestamp('2025-12-01 00:00:00'), 'volume': 1787500.0}, {'date': Timestamp('2025-08-11 00:00:00'), 'volume': 1498700.0}, {'date': Timestamp('2025-08-04 00:00:00'), 'volume': 1243400.0}, {'date': Timestamp('2023-01-09 00:00:00'), 'volume': 1131100.0}, {'date': Timestamp('2023-01-02 00:00:00'), 'volume': 807400.0}, {'date': Timestamp('2020-03-23 00:00:00'), 'volume': 787800.0}, {'date': Timestamp('2020-03-16 00:00:00'), 'volume': 619800.0}, {'date': Timestamp('2020-03-09 00:00:00'), 'volume': 617300.0}, {'date': Timestamp('2020-01-06 00:00:00'), 'volume': 400500.0}]",2026-08-10,601287.0,8.789999961853027,0.3363843356643357,345
HY,649129584.5218347,weekly,2025-12-01,1481700.0,252,1,10,"[{'date': Timestamp('2025-12-01 00:00:00'), 'volume': 1481700.0}, {'date': Timestamp('2024-05-06 00:00:00'), 'volume': 990300.0}, {'date': Timestamp('2021-12-13 00:00:00'), 'volume': 985800.0}, {'date': Timestamp('2021-01-25 00:00:00'), 'volume': 772900.0}, {'date': Timestamp('2020-06-15 00:00:00'), 'volume': 730600.0}, {'date': Timestamp('2020-03-16 00:00:00'), 'volume': 491800.0}, {'date': Timestamp('2020-02-24 00:00:00'), 'volume': 483900.0}, {'date': Timestamp('2020-02-17 00:00:00'), 'volume': 442200.0}, {'date': Timestamp('2020-01-13 00:00:00'), 'volume': 324000.0}, {'date': Timestamp('2020-01-06 00:00:00'), 'volume': 317700.0}]",2026-08-10,590804.0,34.439998626708984,0.3987338867517041,345
OLP,533703683.7679697,weekly,2025-11-22,1107700.0,261,1,5,"[{'date': Timestamp('2025-11-22 00:00:00'), 'volume': 1107700.0}, {'date': Timestamp('2020-03-14 00:00:00'), 'volume': 856900.0}, {'date': Timestamp('2020-03-07 00:00:00'), 'volume': 496700.0}, {'date': Timestamp('2020-02-22 00:00:00'), 'volume': 317200.0}, {'date': Timestamp('2020-01-04 00:00:00'), 'volume': 261800.0}]",2026-08-10,515628.0,24.229999542236328,0.4654942674009208,346
OLMA,994887658.2878392,weekly,2025-11-17,124260500.0,266,1,6,"[{'date': Timestamp('2025-11-17 00:00:00'), 'volume': 124260500.0}, {'date': Timestamp('2021-11-29 00:00:00'), 'volume': 22917200.0}, {'date': Timestamp('2021-09-13 00:00:00'), 'volume': 3724200.0}, {'date': Timestamp('2021-03-15 00:00:00'), 'volume': 3012600.0}, {'date': Timestamp('2020-11-23 00:00:00'), 'volume': 2163900.0}, {'date': Timestamp('2020-11-16 00:00:00'), 'volume': 2024800.0}]",2026-08-10,5465104.0,10.630000114440918,0.0439810237364246,300
SGML,1304528877.6176128,weekly,2025-11-17,119590700.0,266,3,24,"[{'date': Timestamp('2025-11-17 00:00:00'), 'volume': 119590700.0}, {'date': Timestamp('2025-10-13 00:00:00'), 'volume': 32869900.0}, {'date': Timestamp('2025-08-11 00:00:00'), 'volume': 28958600.0}, {'date': Timestamp('2024-02-05 00:00:00'), 'volume': 15831500.0}, {'date': Timestamp('2023-10-02 00:00:00'), 'volume': 12050600.0}, {'date': Timestamp('2023-02-20 00:00:00'), 'volume': 7725500.0}, {'date': Timestamp('2022-09-12 00:00:00'), 'volume': 7604900.0}, {'date': Timestamp('2022-08-22 00:00:00'), 'volume': 4036500.0}, {'date': Timestamp('2022-05-30 00:00:00'), 'volume': 3490800.0}, {'date': Timestamp('2022-04-04 00:00:00'), 'volume': 3221000.0}, {'date': Timestamp('2022-03-28 00:00:00'), 'volume': 2569700.0}, {'date': Timestamp('2022-03-21 00:00:00'), 'volume': 2403500.0}, {'date': Timestamp('2022-01-10 00:00:00'), 'volume': 2099400.0}, {'date': Timestamp('2022-01-03 00:00:00'), 'volume': 1530500.0}, {'date': Timestamp('2021-12-13 00:00:00'), 'volume': 1426500.0}, {'date': Timestamp('2021-10-11 00:00:00'), 'volume': 1001400.0}, {'date': Timestamp('2021-10-04 00:00:00'), 'volume': 288700.0}, {'date': Timestamp('2021-05-03 00:00:00'), 'volume': 149700.0}, {'date': Timestamp('2021-04-12 00:00:00'), 'volume': 92900.0}, {'date': Timestamp('2020-12-28 00:00:00'), 'volume': 91300.0}, {'date': Timestamp('2020-12-07 00:00:00'), 'volume': 86900.0}, {'date': Timestamp('2020-08-24 00:00:00'), 'volume': 70800.0}, {'date': Timestamp('2020-02-10 00:00:00'), 'volume': 52300.0}, {'date': Timestamp('2020-01-06 00:00:00'), 'volume': 1000.0}]",2026-08-10,14409055.0,11.989999771118164,0.1204864174220905,345
NUVB,1972991085.0860589,weekly,2025-11-17,103461800.0,266,1,12,"[{'date': Timestamp('2025-11-17 00:00:00'), 'volume': 103461800.0}, {'date': Timestamp('2025-06-09 00:00:00'), 'volume': 61813100.0}, {'date': Timestamp('2023-10-30 00:00:00'), 'volume': 33819400.0}, {'date': Timestamp('2021-12-13 00:00:00'), 'volume': 19446300.0}, {'date': Timestamp('2021-03-15 00:00:00'), 'volume': 14277000.0}, {'date': Timestamp('2021-03-08 00:00:00'), 'volume': 6195300.0}, {'date': Timestamp('2021-03-01 00:00:00'), 'volume': 4026100.0}, {'date': Timestamp('2020-12-28 00:00:00'), 'volume': 3155500.0}, {'date': Timestamp('2020-10-19 00:00:00'), 'volume': 1087200.0}, {'date': Timestamp('2020-09-07 00:00:00'), 'volume': 97300.0}, {'date': Timestamp('2020-08-31 00:00:00'), 'volume': 10300.0}, {'date': Timestamp('2020-08-24 00:00:00'), 'volume': 5000.0}]",2026-08-10,41895972.0,6.21999979019165,0.4049414566535668,312
TRLV,1728841444.1607983,weekly,2025-11-17,18212900.0,266,2,14,"[{'date': Timestamp('2025-11-17 00:00:00'), 'volume': 18212900.0}, {'date': Timestamp('2025-08-11 00:00:00'), 'volume': 9795700.0}, {'date': Timestamp('2024-11-04 00:00:00'), 'volume': 8783300.0}, {'date': Timestamp('2024-04-29 00:00:00'), 'volume': 7264700.0}, {'date': Timestamp('2023-03-20 00:00:00'), 'volume': 7259100.0}, {'date': Timestamp('2022-12-19 00:00:00'), 'volume': 4922700.0}, {'date': Timestamp('2022-01-24 00:00:00'), 'volume': 4564200.0}, {'date': Timestamp('2021-11-08 00:00:00'), 'volume': 4016600.0}, {'date': Timestamp('2020-08-17 00:00:00'), 'volume': 3649900.0}, {'date': Timestamp('2020-08-10 00:00:00'), 'volume': 3458300.0}, {'date': Timestamp('2020-05-18 00:00:00'), 'volume': 2285100.0}, {'date': Timestamp('2020-03-09 00:00:00'), 'volume': 2203600.0}, {'date': Timestamp('2020-02-24 00:00:00'), 'volume': 1619700.0}, {'date': Timestamp('2020-01-06 00:00:00'), 'volume': 1448700.0}]",2026-08-10,4483811.0,9.649999618530272,0.2461887453398415,345
CEVA,1179008519.9371226,weekly,2025-11-17,8420300.0,266,1,7,"[{'date': Timestamp('2025-11-17 00:00:00'), 'volume': 8420300.0}, {'date': Timestamp('2021-01-18 00:00:00'), 'volume': 3154300.0}, {'date': Timestamp('2020-06-22 00:00:00'), 'volume': 1441400.0}, {'date': Timestamp('2020-03-16 00:00:00'), 'volume': 1172600.0}, {'date': Timestamp('2020-02-17 00:00:00'), 'volume': 1054700.0}, {'date': Timestamp('2020-01-20 00:00:00'), 'volume': 519600.0}, {'date': Timestamp('2020-01-06 00:00:00'), 'volume': 424300.0}]",2026-08-10,7636817.0,33.279998779296875,0.9069530776813176,345
TRS,1597198074.9503064,weekly,2025-11-17,6356900.0,266,2,11,"[{'date': Timestamp('2025-11-17 00:00:00'), 'volume': 6356900.0}, {'date': Timestamp('2025-11-03 00:00:00'), 'volume': 4486200.0}, {'date': Timestamp('2025-07-28 00:00:00'), 'volume': 3973500.0}, {'date': Timestamp('2025-02-17 00:00:00'), 'volume': 3792600.0}, {'date': Timestamp('2024-09-23 00:00:00'), 'volume': 3769400.0}, {'date': Timestamp('2021-06-21 00:00:00'), 'volume': 2757600.0}, {'date': Timestamp('2020-03-23 00:00:00'), 'volume': 2168700.0}, {'date': Timestamp('2020-03-09 00:00:00'), 'volume': 1919100.0}, {'date': Timestamp('2020-03-02 00:00:00'), 'volume': 1301600.0}, {'date': Timestamp('2020-02-24 00:00:00'), 'volume': 964700.0}, {'date': Timestamp('2020-01-06 00:00:00'), 'volume': 691600.0}]",2026-08-10,2177260.0,38.93999862670898,0.3425034214790228,345
ENR,1550239791.8210292,weekly,2025-11-17,15245900.0,266,1,9,"[{'date': Timestamp('2025-11-17 00:00:00'), 'volume': 15245900.0}, {'date': Timestamp('2023-09-11 00:00:00'), 'volume': 15237500.0}, {'date': Timestamp('2021-06-21 00:00:00'), 'volume': 10666600.0}, {'date': Timestamp('2020-11-09 00:00:00'), 'volume': 7186900.0}, {'date': Timestamp('2020-08-03 00:00:00'), 'volume': 6585700.0}, {'date': Timestamp('2020-02-24 00:00:00'), 'volume': 6269800.0}, {'date': Timestamp('2020-02-03 00:00:00'), 'volume': 6155700.0}, {'date': Timestamp('2020-01-13 00:00:00'), 'volume': 4007800.0}, {'date': Timestamp('2020-01-06 00:00:00'), 'volume': 3434000.0}]",2026-08-10,4097281.0,22.76000022888184,0.2687464170695072,345
ROCK,1311056847.1961985,weekly,2025-11-15,3566800.0,268,2,8,"[{'date': Timestamp('2025-11-15 00:00:00'), 'volume': 3566800.0}, {'date': Timestamp('2025-10-18 00:00:00'), 'volume': 2558700.0}, {'date': Timestamp('2024-12-14 00:00:00'), 'volume': 2547100.0}, {'date': Timestamp('2020-03-14 00:00:00'), 'volume': 2357300.0}, {'date': Timestamp('2020-03-07 00:00:00'), 'volume': 1977500.0}, {'date': Timestamp('2020-02-22 00:00:00'), 'volume': 1662500.0}, {'date': Timestamp('2020-01-11 00:00:00'), 'volume': 1062200.0}, {'date': Timestamp('2020-01-04 00:00:00'), 'volume': 879000.0}]",2026-08-10,1514367.0,47.880001068115234,0.4245730066165751,346
EVH,619770729.5487077,weekly,2025-11-10,42472300.0,273,1,7,"[{'date': Timestamp('2025-11-10 00:00:00'), 'volume': 42472300.0}, {'date': Timestamp('2024-11-04 00:00:00'), 'volume': 27265100.0}, {'date': Timestamp('2023-12-04 00:00:00'), 'volume': 25669300.0}, {'date': Timestamp('2020-06-01 00:00:00'), 'volume': 25092900.0}, {'date': Timestamp('2020-03-16 00:00:00'), 'volume': 9580200.0}, {'date': Timestamp('2020-01-13 00:00:00'), 'volume': 7868500.0}, {'date': Timestamp('2020-01-06 00:00:00'), 'volume': 6712500.0}]",2026-08-10,20150522.0,4.679999828338623,0.4744391521061962,345
CSIQ,1044930983.4728192,weekly,2025-11-10,57523400.0,273,3,13,"[{'date': Timestamp('2025-11-10 00:00:00'), 'volume': 57523400.0}, {'date': Timestamp('2025-11-03 00:00:00'), 'volume': 39124700.0}, {'date': Timestamp('2025-10-27 00:00:00'), 'volume': 27266200.0}, {'date': Timestamp('2020-10-19 00:00:00'), 'volume': 21791900.0}, {'date': Timestamp('2020-10-05 00:00:00'), 'volume': 16157500.0}, {'date': Timestamp('2020-09-07 00:00:00'), 'volume': 15902700.0}, {'date': Timestamp('2020-08-24 00:00:00'), 'volume': 12366700.0}, {'date': Timestamp('2020-08-10 00:00:00'), 'volume': 8698400.0}, {'date': Timestamp('2020-08-03 00:00:00'), 'volume': 8441400.0}, {'date': Timestamp('2020-03-16 00:00:00'), 'volume': 8331200.0}, {'date': Timestamp('2020-02-10 00:00:00'), 'volume': 5688300.0}, {'date': Timestamp('2020-01-13 00:00:00'), 'volume': 4475400.0}, {'date': Timestamp('2020-01-06 00:00:00'), 'volume': 3478600.0}]",2026-08-10,8250387.0,15.140000343322754,0.1434266229047657,345
ARDT,1394795805.6217952,weekly,2025-11-10,6975000.0,273,1,2,"[{'date': Timestamp('2025-11-10 00:00:00'), 'volume': 6975000.0}, {'date': Timestamp('2024-07-15 00:00:00'), 'volume': 5854200.0}]",2026-08-10,1522571.0,10.90999984741211,0.2182897491039426,109
NATR,369633995.9758103,weekly,2025-11-10,1868500.0,273,1,10,"[{'date': Timestamp('2025-11-10 00:00:00'), 'volume': 1868500.0}, {'date': Timestamp('2025-06-23 00:00:00'), 'volume': 1215600.0}, {'date': Timestamp('2021-09-20 00:00:00'), 'volume': 1095800.0}, {'date': Timestamp('2021-09-13 00:00:00'), 'volume': 1025800.0}, {'date': Timestamp('2021-04-26 00:00:00'), 'volume': 747000.0}, {'date': Timestamp('2020-06-01 00:00:00'), 'volume': 642400.0}, {'date': Timestamp('2020-03-16 00:00:00'), 'volume': 272500.0}, {'date': Timestamp('2020-03-02 00:00:00'), 'volume': 122400.0}, {'date': Timestamp('2020-02-03 00:00:00'), 'volume': 93400.0}, {'date': Timestamp('2020-01-06 00:00:00'), 'volume': 83000.0}]",2026-08-10,1705138.0,15.119999885559082,0.9125705111051644,345
SRV,302928524.20000005,weekly,2025-11-10,586200.0,273,1,12,"[{'date': Timestamp('2025-11-10 00:00:00'), 'volume': 586200.0}, {'date': Timestamp('2023-11-13 00:00:00'), 'volume': 431500.0}, {'date': Timestamp('2023-09-18 00:00:00'), 'volume': 230300.0}, {'date': Timestamp('2023-03-13 00:00:00'), 'volume': 195600.0}, {'date': Timestamp('2023-03-06 00:00:00'), 'volume': 185200.0}, {'date': Timestamp('2020-03-16 00:00:00'), 'volume': 179350.0}, {'date': Timestamp('2020-03-09 00:00:00'), 'volume': 176900.0}, {'date': Timestamp('2020-02-24 00:00:00'), 'volume': 88050.0}, {'date': Timestamp('2020-01-27 00:00:00'), 'volume': 48400.0}, {'date': Timestamp('2020-01-20 00:00:00'), 'volume': 41425.0}, {'date': Timestamp('2020-01-13 00:00:00'), 'volume': 36400.0}, {'date': Timestamp('2020-01-06 00:00:00'), 'volume': 18025.0}]",2026-08-10,286837.0,48.369998931884766,0.489315933128625,345
DJCO,791418611.9956224,weekly,2025-11-08,2877500.0,275,6,23,"[{'date': Timestamp('2025-11-08 00:00:00'), 'volume': 2877500.0}, {'date': Timestamp('2025-11-01 00:00:00'), 'volume': 2310800.0}, {'date': Timestamp('2025-10-18 00:00:00'), 'volume': 2168800.0}, {'date': Timestamp('2025-10-11 00:00:00'), 'volume': 1449900.0}, {'date': Timestamp('2025-10-04 00:00:00'), 'volume': 1176800.0}, {'date': Timestamp('2025-09-27 00:00:00'), 'volume': 603600.0}, {'date': Timestamp('2025-06-07 00:00:00'), 'volume': 514100.0}, {'date': Timestamp('2025-05-31 00:00:00'), 'volume': 289400.0}, {'date': Timestamp('2025-01-04 00:00:00'), 'volume': 240300.0}, {'date': Timestamp('2024-12-28 00:00:00'), 'volume': 152800.0}, {'date': Timestamp('2024-09-14 00:00:00'), 'volume': 139700.0}, {'date': Timestamp('2024-08-03 00:00:00'), 'volume': 129600.0}, {'date': Timestamp('2024-03-09 00:00:00'), 'volume': 111400.0}, {'date': Timestamp('2021-03-13 00:00:00'), 'volume': 76700.0}, {'date': Timestamp('2020-11-28 00:00:00'), 'volume': 52900.0}, {'date': Timestamp('2020-09-12 00:00:00'), 'volume': 34100.0}, {'date': Timestamp('2020-06-20 00:00:00'), 'volume': 23400.0}, {'date': Timestamp('2020-06-13 00:00:00'), 'volume': 20300.0}, {'date': Timestamp('2020-05-30 00:00:00'), 'volume': 20200.0}, {'date': Timestamp('2020-03-21 00:00:00'), 'volume': 18100.0}, {'date': Timestamp('2020-03-14 00:00:00'), 'volume': 18000.0}, {'date': Timestamp('2020-03-07 00:00:00'), 'volume': 17200.0}, {'date': Timestamp('2020-01-04 00:00:00'), 'volume': 10500.0}]",2026-08-10,574609.0,603.3300170898438,0.1996903562119895,346
OEC,395848306.3788301,weekly,2025-11-03,6604000.0,280,2,7,"[{'date': Timestamp('2025-11-03 00:00:00'), 'volume': 6604000.0}, {'date': Timestamp('2025-10-13 00:00:00'), 'volume': 6586200.0}, {'date': Timestamp('2020-03-16 00:00:00'), 'volume': 6554400.0}, {'date': Timestamp('2020-03-09 00:00:00'), 'volume': 4131200.0}, {'date': Timestamp('2020-03-02 00:00:00'), 'volume': 4026800.0}, {'date': Timestamp('2020-01-13 00:00:00'), 'volume': 2425700.0}, {'date': Timestamp('2020-01-06 00:00:00'), 'volume': 1535000.0}]",2026-08-10,1730778.0,6.440000057220459,0.262080254391278,345
ACVA,1209873282.1095889,weekly,2025-11-03,58270200.0,280,3,6,"[{'date': Timestamp('2025-11-03 00:00:00'), 'volume': 58270200.0}, {'date': Timestamp('2025-09-08 00:00:00'), 'volume': 27405100.0}, {'date': Timestamp('2025-08-11 00:00:00'), 'volume': 23582900.0}, {'date': Timestamp('2022-06-20 00:00:00'), 'volume': 21591700.0}, {'date': Timestamp('2021-09-20 00:00:00'), 'volume': 17074800.0}, {'date': Timestamp('2021-03-22 00:00:00'), 'volume': 15493200.0}]",2026-08-10,30036635.0,8.270000457763672,0.5154716304388864,282
PZZA,1210465095.6906276,weekly,2025-11-01,22307400.0,282,1,6,"[{'date': Timestamp('2025-11-01 00:00:00'), 'volume': 22307400.0}, {'date': Timestamp('2025-02-08 00:00:00'), 'volume': 22184900.0}, {'date': Timestamp('2023-09-09 00:00:00'), 'volume': 11368000.0}, {'date': Timestamp('2020-03-14 00:00:00'), 'volume': 10083100.0}, {'date': Timestamp('2020-02-22 00:00:00'), 'volume': 7954900.0}, {'date': Timestamp('2020-01-04 00:00:00'), 'volume': 3257700.0}]",2026-08-10,9140346.0,24.26000022888184,0.4097450173485031,346
CAL,453125612.2886928,weekly,2025-11-01,12335900.0,282,1,12,"[{'date': Timestamp('2025-11-01 00:00:00'), 'volume': 12335900.0}, {'date': Timestamp('2025-05-24 00:00:00'), 'volume': 10380300.0}, {'date': Timestamp('2020-08-29 00:00:00'), 'volume': 10262500.0}, {'date': Timestamp('2020-04-04 00:00:00'), 'volume': 8750100.0}, {'date': Timestamp('2020-03-14 00:00:00'), 'volume': 8055300.0}, {'date': Timestamp('2020-03-07 00:00:00'), 'volume': 5546200.0}, {'date': Timestamp('2020-02-29 00:00:00'), 'volume': 4547800.0}, {'date': Timestamp('2020-02-22 00:00:00'), 'volume': 3061700.0}, {'date': Timestamp('2020-02-08 00:00:00'), 'volume': 2943000.0}, {'date': Timestamp('2020-01-25 00:00:00'), 'volume': 2302400.0}, {'date': Timestamp('2020-01-11 00:00:00'), 'volume': 1268300.0}, {'date': Timestamp('2020-01-04 00:00:00'), 'volume': 1155300.0}]",2026-08-10,2129618.0,13.369999885559082,0.1726358028194132,346
WWW,1405300660.2510312,weekly,2025-11-01,23976500.0,282,1,9,"[{'date': Timestamp('2025-11-01 00:00:00'), 'volume': 23976500.0}, {'date': Timestamp('2025-08-02 00:00:00'), 'volume': 18929200.0}, {'date': Timestamp('2022-11-12 00:00:00'), 'volume': 13270600.0}, {'date': Timestamp('2022-11-05 00:00:00'), 'volume': 10972500.0}, {'date': Timestamp('2020-03-21 00:00:00'), 'volume': 7496500.0}, {'date': Timestamp('2020-03-14 00:00:00'), 'volume': 5045600.0}, {'date': Timestamp('2020-02-22 00:00:00'), 'volume': 4714000.0}, {'date': Timestamp('2020-01-11 00:00:00'), 'volume': 2520300.0}, {'date': Timestamp('2020-01-04 00:00:00'), 'volume': 1374800.0}]",2026-08-10,6461530.0,21.030000686645508,0.2694942964986549,346
STGW,1744894648.3652427,weekly,2025-11-01,80805600.0,282,1,9,"[{'date': Timestamp('2025-11-01 00:00:00'), 'volume': 80805600.0}, {'date': Timestamp('2020-06-20 00:00:00'), 'volume': 39963400.0}, {'date': Timestamp('2020-06-13 00:00:00'), 'volume': 1952000.0}, {'date': Timestamp('2020-06-06 00:00:00'), 'volume': 1802800.0}, {'date': Timestamp('2020-05-30 00:00:00'), 'volume': 1736900.0}, {'date': Timestamp('2020-03-14 00:00:00'), 'volume': 1661100.0}, {'date': Timestamp('2020-02-22 00:00:00'), 'volume': 1237200.0}, {'date': Timestamp('2020-01-18 00:00:00'), 'volume': 606700.0}, {'date': Timestamp('2020-01-04 00:00:00'), 'volume': 551200.0}]",2026-08-10,6537040.0,9.119999885559082,0.0808983535794548,346
DFIN,1013035234.5707068,weekly,2025-10-27,3152300.0,287,1,10,"[{'date': Timestamp('2025-10-27 00:00:00'), 'volume': 3152300.0}, {'date': Timestamp('2025-02-17 00:00:00'), 'volume': 3004300.0}, {'date': Timestamp('2020-12-14 00:00:00'), 'volume': 2984500.0}, {'date': Timestamp('2020-08-03 00:00:00'), 'volume': 2976900.0}, {'date': Timestamp('2020-06-15 00:00:00'), 'volume': 2662800.0}, {'date': Timestamp('2020-03-16 00:00:00'), 'volume': 2486500.0}, {'date': Timestamp('2020-02-24 00:00:00'), 'volume': 2043500.0}, {'date': Timestamp('2020-02-03 00:00:00'), 'volume': 1282600.0}, {'date': Timestamp('2020-01-13 00:00:00'), 'volume': 1226900.0}, {'date': Timestamp('2020-01-06 00:00:00'), 'volume': 955100.0}]",2026-08-10,791300.0,48.9900016784668,0.2510230625257748,345
TACO,392446102.87307686,weekly,2025-10-27,6820800.0,287,1,4,"[{'date': Timestamp('2025-10-27 00:00:00'), 'volume': 6820800.0}, {'date': Timestamp('2025-06-16 00:00:00'), 'volume': 2655700.0}, {'date': Timestamp('2025-06-09 00:00:00'), 'volume': 2440600.0}, {'date': Timestamp('2025-06-02 00:00:00'), 'volume': 1087500.0}]",2026-08-10,44289.0,10.449999809265137,0.0064932266009852,63
GPRK,596985057.8278509,weekly,2025-10-27,11727000.0,287,3,12,"[{'date': Timestamp('2025-10-27 00:00:00'), 'volume': 11727000.0}, {'date': Timestamp('2025-09-22 00:00:00'), 'volume': 11517800.0}, {'date': Timestamp('2025-09-15 00:00:00'), 'volume': 10450300.0}, {'date': Timestamp('2024-12-02 00:00:00'), 'volume': 8617700.0}, {'date': Timestamp('2023-09-11 00:00:00'), 'volume': 5566800.0}, {'date': Timestamp('2022-04-04 00:00:00'), 'volume': 3296900.0}, {'date': Timestamp('2021-10-04 00:00:00'), 'volume': 2373900.0}, {'date': Timestamp('2020-06-01 00:00:00'), 'volume': 2320900.0}, {'date': Timestamp('2020-03-16 00:00:00'), 'volume': 2034600.0}, {'date': Timestamp('2020-03-09 00:00:00'), 'volume': 1847700.0}, {'date': Timestamp('2020-02-24 00:00:00'), 'volume': 1377400.0}, {'date': Timestamp('2020-01-06 00:00:00'), 'volume': 1052800.0}]",2026-08-10,1762216.0,9.470000267028809,0.1502699752707427,345
USNA,382184329.2987805,weekly,2025-10-25,4261700.0,289,1,5,"[{'date': Timestamp('2025-10-25 00:00:00'), 'volume': 4261700.0}, {'date': Timestamp('2020-05-02 00:00:00'), 'volume': 2707400.0}, {'date': Timestamp('2020-02-01 00:00:00'), 'volume': 1668100.0}, {'date': Timestamp('2020-01-25 00:00:00'), 'volume': 941300.0}, {'date': Timestamp('2020-01-04 00:00:00'), 'volume': 644000.0}]",2026-08-10,1584502.0,13.369999885559082,0.3718004552174015,346
FMC,1469282275.0,weekly,2025-10-25,74792200.0,289,1,9,"[{'date': Timestamp('2025-10-25 00:00:00'), 'volume': 74792200.0}, {'date': Timestamp('2025-02-01 00:00:00'), 'volume': 48372400.0}, {'date': Timestamp('2024-02-03 00:00:00'), 'volume': 19268000.0}, {'date': Timestamp('2023-10-21 00:00:00'), 'volume': 17721000.0}, {'date': Timestamp('2023-07-08 00:00:00'), 'volume': 15797400.0}, {'date': Timestamp('2020-03-14 00:00:00'), 'volume': 9091900.0}, {'date': Timestamp('2020-03-07 00:00:00'), 'volume': 7353900.0}, {'date': Timestamp('2020-02-01 00:00:00'), 'volume': 7032400.0}, {'date': Timestamp('2020-01-04 00:00:00'), 'volume': 5361000.0}]",2026-08-10,15939289.0,10.149999618530272,0.2131143220817144,346
INBX,1390975061.4388838,weekly,2025-10-20,8301700.0,294,1,3,"[{'date': Timestamp('2025-10-20 00:00:00'), 'volume': 8301700.0}, {'date': Timestamp('2024-06-03 00:00:00'), 'volume': 2366600.0}, {'date': Timestamp('2024-05-27 00:00:00'), 'volume': 1559748.0}]",2026-08-10,1283212.0,88.37000274658203,0.1545721960562294,116
SNDX,1888279549.6506815,weekly,2025-10-20,26729000.0,294,1,8,"[{'date': Timestamp('2025-10-20 00:00:00'), 'volume': 26729000.0}, {'date': Timestamp('2025-08-04 00:00:00'), 'volume': 23213200.0}, {'date': Timestamp('2023-12-11 00:00:00'), 'volume': 23064400.0}, {'date': Timestamp('2023-10-02 00:00:00'), 'volume': 22080300.0}, {'date': Timestamp('2020-04-27 00:00:00'), 'volume': 21449700.0}, {'date': Timestamp('2020-01-27 00:00:00'), 'volume': 3541100.0}, {'date': Timestamp('2020-01-13 00:00:00'), 'volume': 646000.0}, {'date': Timestamp('2020-01-06 00:00:00'), 'volume': 466300.0}]",2026-08-10,5758242.0,19.84000015258789,0.2154305061917767,345
SHMD,396730217.89103687,weekly,2025-10-20,10070300.0,294,3,6,"[{'date': Timestamp('2025-10-20 00:00:00'), 'volume': 10070300.0}, {'date': Timestamp('2025-10-13 00:00:00'), 'volume': 763900.0}, {'date': Timestamp('2025-10-06 00:00:00'), 'volume': 519100.0}, {'date': Timestamp('2025-01-27 00:00:00'), 'volume': 443400.0}, {'date': Timestamp('2024-05-06 00:00:00'), 'volume': 442600.0}, {'date': Timestamp('2024-04-29 00:00:00'), 'volume': 124500.0}]",2026-08-10,2373607.0,5.449999809265137,0.235703702968134,120
SDHI,363011960.0,weekly,2025-10-20,1548300.0,294,1,2,"[{'date': Timestamp('2025-10-20 00:00:00'), 'volume': 1548300.0}, {'date': Timestamp('2025-06-02 00:00:00'), 'volume': 1215000.0}]",2026-08-10,109.0,10.479999542236328,7.039979332170768e-05,63
BALY,733252955.626556,weekly,2025-10-20,2140400.0,294,2,9,"[{'date': Timestamp('2025-10-20 00:00:00'), 'volume': 2140400.0}, {'date': Timestamp('2025-09-15 00:00:00'), 'volume': 2108900.0}, {'date': Timestamp('2025-06-23 00:00:00'), 'volume': 1672900.0}, {'date': Timestamp('2025-03-17 00:00:00'), 'volume': 623500.0}, {'date': Timestamp('2025-03-10 00:00:00'), 'volume': 455200.0}, {'date': Timestamp('2025-02-10 00:00:00'), 'volume': 78500.0}, {'date': Timestamp('2025-01-27 00:00:00'), 'volume': 38400.0}, {'date': Timestamp('2025-01-06 00:00:00'), 'volume': 36900.0}, {'date': Timestamp('2024-12-16 00:00:00'), 'volume': 16900.0}]",2026-08-10,182516.0,13.989999771118164,0.0852719117921883,89
GPRE,1056755354.1779716,weekly,2025-10-20,21957900.0,294,1,9,"[{'date': Timestamp('2025-10-20 00:00:00'), 'volume': 21957900.0}, {'date': Timestamp('2025-03-17 00:00:00'), 'volume': 21215600.0}, {'date': Timestamp('2025-02-10 00:00:00'), 'volume': 15563000.0}, {'date': Timestamp('2021-02-22 00:00:00'), 'volume': 11914500.0}, {'date': Timestamp('2021-01-04 00:00:00'), 'volume': 8900800.0}, {'date': Timestamp('2020-03-09 00:00:00'), 'volume': 8542000.0}, {'date': Timestamp('2020-02-10 00:00:00'), 'volume': 3207500.0}, {'date': Timestamp('2020-01-13 00:00:00'), 'volume': 2860500.0}, {'date': Timestamp('2020-01-06 00:00:00'), 'volume': 2356100.0}]",2026-08-10,7652902.0,15.59000015258789,0.3485261341020771,345
XRPN,328851877.97884613,weekly,2025-10-20,4519800.0,294,2,4,"[{'date': Timestamp('2025-10-20 00:00:00'), 'volume': 4519800.0}, {'date': Timestamp('2025-08-11 00:00:00'), 'volume': 3462500.0}, {'date': Timestamp('2025-07-14 00:00:00'), 'volume': 1526500.0}, {'date': Timestamp('2025-06-23 00:00:00'), 'volume': 1178400.0}]",2026-08-10,356751.0,10.489999771118164,0.0789307048984468,60
PMTR,320276947.99136275,weekly,2025-10-20,1615800.0,294,1,3,"[{'date': Timestamp('2025-10-20 00:00:00'), 'volume': 1615800.0}, {'date': Timestamp('2025-06-23 00:00:00'), 'volume': 767700.0}, {'date': Timestamp('2025-06-16 00:00:00'), 'volume': 10200.0}]",2026-08-10,8.0,10.399999618530272,4.951107810372571e-06,61
LNN,1297897633.8828378,weekly,2025-10-18,1648800.0,296,1,5,"[{'date': Timestamp('2025-10-18 00:00:00'), 'volume': 1648800.0}, {'date': Timestamp('2024-06-22 00:00:00'), 'volume': 1246200.0}, {'date': Timestamp('2023-12-09 00:00:00'), 'volume': 1102400.0}, {'date': Timestamp('2023-10-14 00:00:00'), 'volume': 1093700.0}, {'date': Timestamp('2020-01-04 00:00:00'), 'volume': 898900.0}]",2026-08-10,552485.0,115.06999969482422,0.3350830907326541,346
XNCR,1115830971.770692,weekly,2025-10-13,10496700.0,301,2,10,"[{'date': Timestamp('2025-10-13 00:00:00'), 'volume': 10496700.0}, {'date': Timestamp('2025-09-15 00:00:00'), 'volume': 9636400.0}, {'date': Timestamp('2024-09-09 00:00:00'), 'volume': 8063700.0}, {'date': Timestamp('2024-02-26 00:00:00'), 'volume': 7428300.0}, {'date': Timestamp('2020-06-08 00:00:00'), 'volume': 7253900.0}, {'date': Timestamp('2020-03-16 00:00:00'), 'volume': 3737000.0}, {'date': Timestamp('2020-03-02 00:00:00'), 'volume': 3049200.0}, {'date': Timestamp('2020-02-24 00:00:00'), 'volume': 2648700.0}, {'date': Timestamp('2020-01-13 00:00:00'), 'volume': 1805900.0}, {'date': Timestamp('2020-01-06 00:00:00'), 'volume': 1513200.0}]",2026-08-10,5092453.0,23.34000015258789,0.4851479988948908,345
SCD,354361017.92,weekly,2025-10-13,1278300.0,301,1,7,"[{'date': Timestamp('2025-10-13 00:00:00'), 'volume': 1278300.0}, {'date': Timestamp('2020-03-23 00:00:00'), 'volume': 868500.0}, {'date': Timestamp('2020-03-16 00:00:00'), 'volume': 651900.0}, {'date': Timestamp('2020-02-24 00:00:00'), 'volume': 601400.0}, {'date': Timestamp('2020-02-17 00:00:00'), 'volume': 340600.0}, {'date': Timestamp('2020-01-13 00:00:00'), 'volume': 338000.0}, {'date': Timestamp('2020-01-06 00:00:00'), 'volume': 335800.0}]",2026-08-10,486796.0,15.850000381469728,0.3808151451146053,345
KIO,461903204.0,weekly,2025-10-13,3305900.0,301,1,8,"[{'date': Timestamp('2025-10-13 00:00:00'), 'volume': 3305900.0}, {'date': Timestamp('2025-07-14 00:00:00'), 'volume': 3254100.0}, {'date': Timestamp('2025-02-24 00:00:00'), 'volume': 2223600.0}, {'date': Timestamp('2023-02-27 00:00:00'), 'volume': 2219500.0}, {'date': Timestamp('2020-03-16 00:00:00'), 'volume': 2085600.0}, {'date': Timestamp('2020-03-09 00:00:00'), 'volume': 1297600.0}, {'date': Timestamp('2020-02-24 00:00:00'), 'volume': 1130300.0}, {'date': Timestamp('2020-01-06 00:00:00'), 'volume': 602800.0}]",2026-08-10,1228766.0,11.119999885559082,0.3716887988142412,345
AGD,313685587.0,weekly,2025-10-06,2338700.0,308,1,6,"[{'date': Timestamp('2025-10-06 00:00:00'), 'volume': 2338700.0}, {'date': Timestamp('2025-01-13 00:00:00'), 'volume': 1706700.0}, {'date': Timestamp('2020-03-16 00:00:00'), 'volume': 833600.0}, {'date': Timestamp('2020-02-24 00:00:00'), 'volume': 513500.0}, {'date': Timestamp('2020-01-13 00:00:00'), 'volume': 326700.0}, {'date': Timestamp('2020-01-06 00:00:00'), 'volume': 271900.0}]",2026-08-10,455178.0,12.470000267028809,0.1946286398426476,345
IE,1453116905.672727,weekly,2025-10-06,18791300.0,308,2,6,"[{'date': Timestamp('2025-10-06 00:00:00'), 'volume': 18791300.0}, {'date': Timestamp('2025-09-22 00:00:00'), 'volume': 11685400.0}, {'date': Timestamp('2025-07-28 00:00:00'), 'volume': 11306000.0}, {'date': Timestamp('2025-07-14 00:00:00'), 'volume': 10983800.0}, {'date': Timestamp('2024-06-17 00:00:00'), 'volume': 9595200.0}, {'date': Timestamp('2022-06-27 00:00:00'), 'volume': 7578500.0}]",2026-08-10,7436108.0,10.40999984741211,0.3957207856827361,216
ZURA,508237750.38546246,weekly,2025-09-29,70369200.0,315,1,4,"[{'date': Timestamp('2025-09-29 00:00:00'), 'volume': 70369200.0}, {'date': Timestamp('2023-05-22 00:00:00'), 'volume': 15459500.0}, {'date': Timestamp('2023-05-08 00:00:00'), 'volume': 9342900.0}, {'date': Timestamp('2023-03-20 00:00:00'), 'volume': 6609700.0}]",2026-08-10,4703564.0,5.570000171661377,0.0668412316752215,178
ENTA,407097322.0817844,weekly,2025-09-29,24045800.0,315,1,10,"[{'date': Timestamp('2025-09-29 00:00:00'), 'volume': 24045800.0}, {'date': Timestamp('2023-09-11 00:00:00'), 'volume': 8477200.0}, {'date': Timestamp('2023-09-04 00:00:00'), 'volume': 3042500.0}, {'date': Timestamp('2022-05-16 00:00:00'), 'volume': 2686000.0}, {'date': Timestamp('2020-03-16 00:00:00'), 'volume': 2035600.0}, {'date': Timestamp('2020-03-09 00:00:00'), 'volume': 1679200.0}, {'date': Timestamp('2020-03-02 00:00:00'), 'volume': 1611100.0}, {'date': Timestamp('2020-01-20 00:00:00'), 'volume': 1446400.0}, {'date': Timestamp('2020-01-13 00:00:00'), 'volume': 975300.0}, {'date': Timestamp('2020-01-06 00:00:00'), 'volume': 870600.0}]",2026-08-10,791197.0,13.15999984741211,0.0329037503430952,345
PRGS,1394905879.1311638,weekly,2025-09-27,11868900.0,317,1,6,"[{'date': Timestamp('2025-09-27 00:00:00'), 'volume': 11868900.0}, {'date': Timestamp('2025-06-28 00:00:00'), 'volume': 10869200.0}, {'date': Timestamp('2024-09-21 00:00:00'), 'volume': 8898600.0}, {'date': Timestamp('2024-02-24 00:00:00'), 'volume': 8814300.0}, {'date': Timestamp('2020-01-11 00:00:00'), 'volume': 4604500.0}, {'date': Timestamp('2020-01-04 00:00:00'), 'volume': 1049500.0}]",2026-08-10,2091631.0,43.72999954223633,0.1762278728441557,346
CLPT,554207095.9643652,weekly,2025-09-22,18925800.0,322,1,13,"[{'date': Timestamp('2025-09-22 00:00:00'), 'volume': 18925800.0}, {'date': Timestamp('2025-06-23 00:00:00'), 'volume': 5404000.0}, {'date': Timestamp('2021-03-01 00:00:00'), 'volume': 4229800.0}, {'date': Timestamp('2021-02-22 00:00:00'), 'volume': 4043600.0}, {'date': Timestamp('2021-02-15 00:00:00'), 'volume': 3112800.0}, {'date': Timestamp('2021-01-25 00:00:00'), 'volume': 2091800.0}, {'date': Timestamp('2021-01-18 00:00:00'), 'volume': 1723100.0}, {'date': Timestamp('2021-01-11 00:00:00'), 'volume': 1314500.0}, {'date': Timestamp('2020-11-09 00:00:00'), 'volume': 1292200.0}, {'date': Timestamp('2020-10-12 00:00:00'), 'volume': 1255800.0}, {'date': Timestamp('2020-09-14 00:00:00'), 'volume': 1099800.0}, {'date': Timestamp('2020-01-13 00:00:00'), 'volume': 665200.0}, {'date': Timestamp('2020-01-06 00:00:00'), 'volume': 183300.0}]",2026-08-10,2587618.0,15.34000015258789,0.1367243656807109,345
XRN,539566417.2001662,weekly,2025-09-22,2251200.0,322,1,5,"[{'date': Timestamp('2025-09-22 00:00:00'), 'volume': 2251200.0}, {'date': Timestamp('2021-03-15 00:00:00'), 'volume': 1806500.0}, {'date': Timestamp('2020-03-16 00:00:00'), 'volume': 848500.0}, {'date': Timestamp('2020-01-13 00:00:00'), 'volume': 619820.0}, {'date': Timestamp('2020-01-06 00:00:00'), 'volume': 319040.0}]",2026-08-10,662293.0,37.11000061035156,0.294195540156361,345
TVA,316500000.0,weekly,2025-09-22,7111500.0,322,1,3,"[{'date': Timestamp('2025-09-22 00:00:00'), 'volume': 7111500.0}, {'date': Timestamp('2025-05-26 00:00:00'), 'volume': 1192600.0}, {'date': Timestamp('2025-05-12 00:00:00'), 'volume': 1003800.0}]",2026-08-10,53828.0,10.539999961853027,0.007569148562188,66
BIT,706436226.0,weekly,2025-09-15,4189200.0,329,2,4,"[{'date': Timestamp('2025-09-15 00:00:00'), 'volume': 4189200.0}, {'date': Timestamp('2025-08-18 00:00:00'), 'volume': 2960900.0}, {'date': Timestamp('2020-03-16 00:00:00'), 'volume': 2925100.0}, {'date': Timestamp('2020-01-06 00:00:00'), 'volume': 2005500.0}]",2026-08-10,2121959.0,12.170000076293944,0.5065308412107323,345
RLGT,436471111.2882096,weekly,2025-09-15,3178300.0,329,1,9,"[{'date': Timestamp('2025-09-15 00:00:00'), 'volume': 3178300.0}, {'date': Timestamp('2021-11-08 00:00:00'), 'volume': 2517100.0}, {'date': Timestamp('2021-02-08 00:00:00'), 'volume': 2025500.0}, {'date': Timestamp('2020-06-22 00:00:00'), 'volume': 1986900.0}, {'date': Timestamp('2020-06-01 00:00:00'), 'volume': 1513100.0}, {'date': Timestamp('2020-03-16 00:00:00'), 'volume': 1354900.0}, {'date': Timestamp('2020-02-24 00:00:00'), 'volume': 1341200.0}, {'date': Timestamp('2020-01-13 00:00:00'), 'volume': 948000.0}, {'date': Timestamp('2020-01-06 00:00:00'), 'volume': 712100.0}]",2026-08-10,529896.0,8.710000038146973,0.1667230909605764,345
TIC,1832443081.120879,weekly,2025-09-15,37166000.0,329,1,5,"[{'date': Timestamp('2025-09-15 00:00:00'), 'volume': 37166000.0}, {'date': Timestamp('2025-08-04 00:00:00'), 'volume': 29031000.0}, {'date': Timestamp('2025-06-23 00:00:00'), 'volume': 21904200.0}, {'date': Timestamp('2025-06-16 00:00:00'), 'volume': 13720300.0}, {'date': Timestamp('2025-02-17 00:00:00'), 'volume': 6651700.0}]",2026-08-10,13533118.0,9.850000381469728,0.3641262982295646,78
EVLV,978500413.919694,weekly,2025-09-15,33233900.0,329,1,13,"[{'date': Timestamp('2025-09-15 00:00:00'), 'volume': 33233900.0}, {'date': Timestamp('2025-05-12 00:00:00'), 'volume': 32079300.0}, {'date': Timestamp('2024-10-28 00:00:00'), 'volume': 28550300.0}, {'date': Timestamp('2024-10-21 00:00:00'), 'volume': 25919500.0}, {'date': Timestamp('2024-05-06 00:00:00'), 'volume': 18354100.0}, {'date': Timestamp('2024-04-01 00:00:00'), 'volume': 17261900.0}, {'date': Timestamp('2022-03-14 00:00:00'), 'volume': 15613800.0}, {'date': Timestamp('2021-03-08 00:00:00'), 'volume': 9815000.0}, {'date': Timestamp('2021-01-25 00:00:00'), 'volume': 1400200.0}, {'date': Timestamp('2020-12-14 00:00:00'), 'volume': 891800.0}, {'date': Timestamp('2020-12-07 00:00:00'), 'volume': 352100.0}, {'date': Timestamp('2020-09-28 00:00:00'), 'volume': 339300.0}, {'date': Timestamp('2020-09-21 00:00:00'), 'volume': 235200.0}]",2026-08-10,15490651.0,5.800000190734863,0.4661099359389057,308
BKT,345265674.0,weekly,2025-09-13,2165900.0,331,1,6,"[{'date': Timestamp('2025-09-13 00:00:00'), 'volume': 2165900.0}, {'date': Timestamp('2020-03-21 00:00:00'), 'volume': 1376166.0}, {'date': Timestamp('2020-03-07 00:00:00'), 'volume': 1223367.0}, {'date': Timestamp('2020-02-22 00:00:00'), 'volume': 963167.0}, {'date': Timestamp('2020-01-11 00:00:00'), 'volume': 536333.0}, {'date': Timestamp('2020-01-04 00:00:00'), 'volume': 410967.0}]",2026-08-10,701307.0,10.420000076293944,0.3237947273650676,346
ADTN,1095094312.9629629,weekly,2025-09-13,30196600.0,331,1,10,"[{'date': Timestamp('2025-09-13 00:00:00'), 'volume': 30196600.0}, {'date': Timestamp('2024-06-15 00:00:00'), 'volume': 19655800.0}, {'date': Timestamp('2022-07-09 00:00:00'), 'volume': 16397900.0}, {'date': Timestamp('2021-08-28 00:00:00'), 'volume': 5940600.0}, {'date': Timestamp('2020-03-14 00:00:00'), 'volume': 3262400.0}, {'date': Timestamp('2020-02-22 00:00:00'), 'volume': 2117300.0}, {'date': Timestamp('2020-02-01 00:00:00'), 'volume': 1637100.0}, {'date': Timestamp('2020-01-25 00:00:00'), 'volume': 1203500.0}, {'date': Timestamp('2020-01-18 00:00:00'), 'volume': 891800.0}, {'date': Timestamp('2020-01-04 00:00:00'), 'volume': 836500.0}]",2026-08-10,12677116.0,8.399999618530273,0.4198193174065954,346
MLAB,565863437.5592461,weekly,2025-09-13,1792900.0,331,1,10,"[{'date': Timestamp('2025-09-13 00:00:00'), 'volume': 1792900.0}, {'date': Timestamp('2025-06-21 00:00:00'), 'volume': 1729600.0}, {'date': Timestamp('2025-06-07 00:00:00'), 'volume': 820400.0}, {'date': Timestamp('2025-05-31 00:00:00'), 'volume': 767300.0}, {'date': Timestamp('2020-06-06 00:00:00'), 'volume': 562400.0}, {'date': Timestamp('2020-03-14 00:00:00'), 'volume': 282800.0}, {'date': Timestamp('2020-02-08 00:00:00'), 'volume': 272900.0}, {'date': Timestamp('2020-01-25 00:00:00'), 'volume': 254600.0}, {'date': Timestamp('2020-01-11 00:00:00'), 'volume': 181900.0}, {'date': Timestamp('2020-01-04 00:00:00'), 'volume': 162500.0}]",2026-08-10,1283532.0,106.04000091552734,0.7158971498689274,346
WMK,1981794939.053583,weekly,2025-09-13,2163900.0,331,1,7,"[{'date': Timestamp('2025-09-13 00:00:00'), 'volume': 2163900.0}, {'date': Timestamp('2021-06-19 00:00:00'), 'volume': 1326900.0}, {'date': Timestamp('2020-03-14 00:00:00'), 'volume': 1277500.0}, {'date': Timestamp('2020-03-07 00:00:00'), 'volume': 718800.0}, {'date': Timestamp('2020-02-29 00:00:00'), 'volume': 536400.0}, {'date': Timestamp('2020-02-22 00:00:00'), 'volume': 419000.0}, {'date': Timestamp('2020-01-04 00:00:00'), 'volume': 353800.0}]",2026-08-10,859345.0,70.93000030517578,0.3971278709737049,346
MAN,1683565896.0130138,weekly,2025-09-13,12380900.0,331,1,9,"[{'date': Timestamp('2025-09-13 00:00:00'), 'volume': 12380900.0}, {'date': Timestamp('2025-07-12 00:00:00'), 'volume': 8155900.0}, {'date': Timestamp('2020-05-23 00:00:00'), 'volume': 7748100.0}, {'date': Timestamp('2020-03-07 00:00:00'), 'volume': 6593700.0}, {'date': Timestamp('2020-02-29 00:00:00'), 'volume': 3793600.0}, {'date': Timestamp('2020-02-22 00:00:00'), 'volume': 3430100.0}, {'date': Timestamp('2020-01-25 00:00:00'), 'volume': 2760900.0}, {'date': Timestamp('2020-01-11 00:00:00'), 'volume': 2410800.0}, {'date': Timestamp('2020-01-04 00:00:00'), 'volume': 1557400.0}]",2026-08-10,4415506.0,58.29999923706055,0.3566385319322505,346
CCII,358729073.0,weekly,2025-09-08,1724300.0,336,3,3,"[{'date': Timestamp('2025-09-08 00:00:00'), 'volume': 1724300.0}, {'date': Timestamp('2025-08-25 00:00:00'), 'volume': 1066200.0}, {'date': Timestamp('2025-08-18 00:00:00'), 'volume': 1700.0}]",2026-08-10,61037.0,10.329999923706056,0.0353981325755379,52
ASYS,341814200.39912915,weekly,2025-09-06,4192100.0,338,1,8,"[{'date': Timestamp('2025-09-06 00:00:00'), 'volume': 4192100.0}, {'date': Timestamp('2023-12-09 00:00:00'), 'volume': 3174100.0}, {'date': Timestamp('2021-03-06 00:00:00'), 'volume': 2241000.0}, {'date': Timestamp('2021-02-06 00:00:00'), 'volume': 1810600.0}, {'date': Timestamp('2020-01-25 00:00:00'), 'volume': 1010200.0}, {'date': Timestamp('2020-01-18 00:00:00'), 'volume': 274700.0}, {'date': Timestamp('2020-01-11 00:00:00'), 'volume': 233200.0}, {'date': Timestamp('2020-01-04 00:00:00'), 'volume': 169400.0}]",2026-08-10,1710192.0,16.040000915527344,0.4079559170821307,346
OXM,534975281.6336268,weekly,2025-09-06,5742200.0,338,1,14,"[{'date': Timestamp('2025-09-06 00:00:00'), 'volume': 5742200.0}, {'date': Timestamp('2025-06-07 00:00:00'), 'volume': 4572400.0}, {'date': Timestamp('2024-09-07 00:00:00'), 'volume': 3740700.0}, {'date': Timestamp('2024-06-08 00:00:00'), 'volume': 2912800.0}, {'date': Timestamp('2024-03-30 00:00:00'), 'volume': 2199500.0}, {'date': Timestamp('2022-09-17 00:00:00'), 'volume': 2175900.0}, {'date': Timestamp('2022-08-27 00:00:00'), 'volume': 2175400.0}, {'date': Timestamp('2022-03-19 00:00:00'), 'volume': 1918500.0}, {'date': Timestamp('2020-06-06 00:00:00'), 'volume': 1679500.0}, {'date': Timestamp('2020-03-14 00:00:00'), 'volume': 1363300.0}, {'date': Timestamp('2020-03-07 00:00:00'), 'volume': 867600.0}, {'date': Timestamp('2020-02-29 00:00:00'), 'volume': 830700.0}, {'date': Timestamp('2020-02-22 00:00:00'), 'volume': 701300.0}, {'date': Timestamp('2020-01-04 00:00:00'), 'volume': 612700.0}]",2026-08-10,1364731.0,36.369998931884766,0.2376669220856118,346
DOLE,1336983277.0253625,weekly,2025-09-01,13601500.0,343,1,3,"[{'date': Timestamp('2025-09-01 00:00:00'), 'volume': 13601500.0}, {'date': Timestamp('2023-06-19 00:00:00'), 'volume': 13129500.0}, {'date': Timestamp('2021-07-26 00:00:00'), 'volume': 8347900.0}]",2026-08-10,6661535.0,13.300000190734863,0.4897647318310481,264
BOC,412587798.5360429,weekly,2025-08-25,1841800.0,350,1,7,"[{'date': Timestamp('2025-08-25 00:00:00'), 'volume': 1841800.0}, {'date': Timestamp('2020-05-25 00:00:00'), 'volume': 1765600.0}, {'date': Timestamp('2020-05-11 00:00:00'), 'volume': 641100.0}, {'date': Timestamp('2020-03-09 00:00:00'), 'volume': 638200.0}, {'date': Timestamp('2020-03-02 00:00:00'), 'volume': 576200.0}, {'date': Timestamp('2020-02-24 00:00:00'), 'volume': 312200.0}, {'date': Timestamp('2020-01-06 00:00:00'), 'volume': 231500.0}]",2026-08-10,529474.0,13.9399995803833,0.2874763818004126,345
IPCX,355764795.00000006,weekly,2025-08-25,3226900.0,350,2,4,"[{'date': Timestamp('2025-08-25 00:00:00'), 'volume': 3226900.0}, {'date': Timestamp('2025-08-11 00:00:00'), 'volume': 931500.0}, {'date': Timestamp('2025-06-23 00:00:00'), 'volume': 418800.0}, {'date': Timestamp('2025-06-16 00:00:00'), 'volume': 8300.0}]",2026-08-10,519271.0,3.950000047683716,0.160919458303635,61
SCL,1265359119.702922,weekly,2025-08-23,1814300.0,352,1,5,"[{'date': Timestamp('2025-08-23 00:00:00'), 'volume': 1814300.0}, {'date': Timestamp('2023-05-20 00:00:00'), 'volume': 1810200.0}, {'date': Timestamp('2020-01-25 00:00:00'), 'volume': 1776200.0}, {'date': Timestamp('2020-01-11 00:00:00'), 'volume': 580100.0}, {'date': Timestamp('2020-01-04 00:00:00'), 'volume': 450700.0}]",2026-08-10,527427.0,65.16999816894531,0.2907055062558562,346
OBA,323840004.005868,weekly,2025-08-18,1425300.0,357,2,2,"[{'date': Timestamp('2025-08-18 00:00:00'), 'volume': 1425300.0}, {'date': Timestamp('2025-08-11 00:00:00'), 'volume': 241900.0}]",2026-08-10,1517.0,10.300000190734863,0.0010643373324914,53
CEPF,591759683.9865477,weekly,2025-08-18,17995400.0,357,1,1,"[{'date': Timestamp('2025-08-18 00:00:00'), 'volume': 17995400.0}]",2026-08-10,24092.0,10.420000076293944,0.0013387865787923,52
SFL,1524300857.5977654,weekly,2025-08-18,20812900.0,357,1,10,"[{'date': Timestamp('2025-08-18 00:00:00'), 'volume': 20812900.0}, {'date': Timestamp('2024-07-22 00:00:00'), 'volume': 19029700.0}, {'date': Timestamp('2021-03-08 00:00:00'), 'volume': 9094200.0}, {'date': Timestamp('2020-12-07 00:00:00'), 'volume': 8456700.0}, {'date': Timestamp('2020-03-16 00:00:00'), 'volume': 7888600.0}, {'date': Timestamp('2020-03-09 00:00:00'), 'volume': 7296700.0}, {'date': Timestamp('2020-02-24 00:00:00'), 'volume': 6805000.0}, {'date': Timestamp('2020-02-10 00:00:00'), 'volume': 3561400.0}, {'date': Timestamp('2020-01-13 00:00:00'), 'volume': 3370600.0}, {'date': Timestamp('2020-01-06 00:00:00'), 'volume': 2776100.0}]",2026-08-10,6427031.0,12.350000381469728,0.3088003593924922,345
KE,589198677.4451506,weekly,2025-08-18,2263800.0,357,1,9,"[{'date': Timestamp('2025-08-18 00:00:00'), 'volume': 2263800.0}, {'date': Timestamp('2021-03-15 00:00:00'), 'volume': 1816000.0}, {'date': Timestamp('2021-01-25 00:00:00'), 'volume': 1274400.0}, {'date': Timestamp('2020-11-02 00:00:00'), 'volume': 1067200.0}, {'date': Timestamp('2020-03-16 00:00:00'), 'volume': 741800.0}, {'date': Timestamp('2020-03-09 00:00:00'), 'volume': 415300.0}, {'date': Timestamp('2020-03-02 00:00:00'), 'volume': 333700.0}, {'date': Timestamp('2020-02-03 00:00:00'), 'volume': 296100.0}, {'date': Timestamp('2020-01-06 00:00:00'), 'volume': 283900.0}]",2026-08-10,1531191.0,25.850000381469727,0.6763808640339253,345
ISSC,320101221.1595056,weekly,2025-08-11,9494300.0,364,1,11,"[{'date': Timestamp('2025-08-11 00:00:00'), 'volume': 9494300.0}, {'date': Timestamp('2025-07-14 00:00:00'), 'volume': 4280100.0}, {'date': Timestamp('2025-07-07 00:00:00'), 'volume': 2506400.0}, {'date': Timestamp('2025-02-10 00:00:00'), 'volume': 2251300.0}, {'date': Timestamp('2025-01-20 00:00:00'), 'volume': 1634000.0}, {'date': Timestamp('2025-01-13 00:00:00'), 'volume': 1341300.0}, {'date': Timestamp('2020-08-03 00:00:00'), 'volume': 1281200.0}, {'date': Timestamp('2020-05-11 00:00:00'), 'volume': 410000.0}, {'date': Timestamp('2020-01-20 00:00:00'), 'volume': 339900.0}, {'date': Timestamp('2020-01-13 00:00:00'), 'volume': 246500.0}, {'date': Timestamp('2020-01-06 00:00:00'), 'volume': 111400.0}]",2026-08-10,2100456.0,23.0,0.2212333716019085,345
BUUU,350341742.902027,weekly,2025-08-11,2911400.0,364,1,1,"[{'date': Timestamp('2025-08-11 00:00:00'), 'volume': 2911400.0}]",2026-08-10,725001.0,29.440000534057617,0.2490214329875661,53
IBTA,809796212.9793103,weekly,2025-08-11,8897000.0,364,1,8,"[{'date': Timestamp('2025-08-11 00:00:00'), 'volume': 8897000.0}, {'date': Timestamp('2025-02-24 00:00:00'), 'volume': 6240500.0}, {'date': Timestamp('2024-12-16 00:00:00'), 'volume': 4216100.0}, {'date': Timestamp('2024-11-11 00:00:00'), 'volume': 2903500.0}, {'date': Timestamp('2024-08-12 00:00:00'), 'volume': 2618200.0}, {'date': Timestamp('2024-06-24 00:00:00'), 'volume': 2051500.0}, {'date': Timestamp('2024-04-22 00:00:00'), 'volume': 1988700.0}, {'date': Timestamp('2024-04-15 00:00:00'), 'volume': 970900.0}]",2026-08-10,1461330.0,38.84000015258789,0.1642497471057659,122
WBTN,1578189424.6793482,weekly,2025-08-11,20166600.0,364,1,2,"[{'date': Timestamp('2025-08-11 00:00:00'), 'volume': 20166600.0}, {'date': Timestamp('2024-06-24 00:00:00'), 'volume': 9119200.0}]",2026-08-10,2953015.0,8.28499984741211,0.1464309799371237,112
ACDC,1054767909.3076924,weekly,2025-08-11,24316800.0,364,1,4,"[{'date': Timestamp('2025-08-11 00:00:00'), 'volume': 24316800.0}, {'date': Timestamp('2025-05-12 00:00:00'), 'volume': 8324600.0}, {'date': Timestamp('2023-03-20 00:00:00'), 'volume': 7833000.0}, {'date': Timestamp('2022-05-09 00:00:00'), 'volume': 6325600.0}]",2026-08-10,10649445.0,5.369999885559082,0.4379459879589419,223
OYSE,348977617.48540854,weekly,2025-08-11,1704600.0,364,1,2,"[{'date': Timestamp('2025-08-11 00:00:00'), 'volume': 1704600.0}, {'date': Timestamp('2025-07-07 00:00:00'), 'volume': 742700.0}]",2026-08-10,23423.0,10.350000381469728,0.0137410536196175,58
IMXI,428846522.1119134,weekly,2025-08-11,18336200.0,364,1,5,"[{'date': Timestamp('2025-08-11 00:00:00'), 'volume': 18336200.0}, {'date': Timestamp('2020-09-14 00:00:00'), 'volume': 5254900.0}, {'date': Timestamp('2020-03-09 00:00:00'), 'volume': 2448200.0}, {'date': Timestamp('2020-01-13 00:00:00'), 'volume': 1795900.0}, {'date': Timestamp('2020-01-06 00:00:00'), 'volume': 1151300.0}]",2026-08-10,12908669.0,14.59000015258789,0.7039991383165541,345
STRT,345335917.42114383,weekly,2025-08-09,1252600.0,366,0,7,"[{'date': Timestamp('2025-08-09 00:00:00'), 'volume': 1252600.0}, {'date': Timestamp('2025-06-21 00:00:00'), 'volume': 993500.0}, {'date': Timestamp('2020-07-04 00:00:00'), 'volume': 442600.0}, {'date': Timestamp('2020-05-30 00:00:00'), 'volume': 245800.0}, {'date': Timestamp('2020-02-01 00:00:00'), 'volume': 90700.0}, {'date': Timestamp('2020-01-18 00:00:00'), 'volume': 86200.0}, {'date': Timestamp('2020-01-04 00:00:00'), 'volume': 23200.0}]",2026-08-10,600438.0,83.33999633789062,0.479353345042312,346
INSP,1317337346.8998847,weekly,2025-08-04,19827700.0,371,0,10,"[{'date': Timestamp('2025-08-04 00:00:00'), 'volume': 19827700.0}, {'date': Timestamp('2024-05-06 00:00:00'), 'volume': 8401200.0}, {'date': Timestamp('2023-11-06 00:00:00'), 'volume': 7400600.0}, {'date': Timestamp('2023-10-09 00:00:00'), 'volume': 5255800.0}, {'date': Timestamp('2023-06-19 00:00:00'), 'volume': 5055800.0}, {'date': Timestamp('2020-06-22 00:00:00'), 'volume': 3913100.0}, {'date': Timestamp('2020-03-23 00:00:00'), 'volume': 3761300.0}, {'date': Timestamp('2020-03-16 00:00:00'), 'volume': 3242500.0}, {'date': Timestamp('2020-02-03 00:00:00'), 'volume': 3208100.0}, {'date': Timestamp('2020-01-06 00:00:00'), 'volume': 1623900.0}]",2026-08-10,2362075.0,57.09999847412109,0.1191300554275079,345
GO,981312843.6180484,weekly,2025-08-04,42445300.0,371,0,8,"[{'date': Timestamp('2025-08-04 00:00:00'), 'volume': 42445300.0}, {'date': Timestamp('2025-02-24 00:00:00'), 'volume': 31067200.0}, {'date': Timestamp('2024-06-17 00:00:00'), 'volume': 25305400.0}, {'date': Timestamp('2020-06-22 00:00:00'), 'volume': 23497500.0}, {'date': Timestamp('2020-04-20 00:00:00'), 'volume': 17333700.0}, {'date': Timestamp('2020-01-27 00:00:00'), 'volume': 11294500.0}, {'date': Timestamp('2020-01-20 00:00:00'), 'volume': 2295600.0}, {'date': Timestamp('2020-01-06 00:00:00'), 'volume': 1906900.0}]",2026-08-10,21402366.0,11.130000114440918,0.5042340612505978,345
SRTA,458590849.47761184,weekly,2025-08-04,25379300.0,371,0,6,"[{'date': Timestamp('2025-08-04 00:00:00'), 'volume': 25379300.0}, {'date': Timestamp('2020-12-14 00:00:00'), 'volume': 15325500.0}, {'date': Timestamp('2020-03-16 00:00:00'), 'volume': 2226500.0}, {'date': Timestamp('2020-03-09 00:00:00'), 'volume': 1795400.0}, {'date': Timestamp('2020-01-13 00:00:00'), 'volume': 594700.0}, {'date': Timestamp('2020-01-06 00:00:00'), 'volume': 572200.0}]",2026-08-10,3980032.0,5.900000095367432,0.1568219769654797,345
AIP,1998785099.4094975,weekly,2025-08-04,34004200.0,371,0,4,"[{'date': Timestamp('2025-08-04 00:00:00'), 'volume': 34004200.0}, {'date': Timestamp('2025-06-23 00:00:00'), 'volume': 4912500.0}, {'date': Timestamp('2024-06-24 00:00:00'), 'volume': 4800000.0}, {'date': Timestamp('2021-10-25 00:00:00'), 'volume': 2984100.0}]",2026-08-10,2659896.0,28.31999969482422,0.0782225725057493,251
SG,1086084843.4107144,weekly,2025-08-04,56884200.0,371,0,9,"[{'date': Timestamp('2025-08-04 00:00:00'), 'volume': 56884200.0}, {'date': Timestamp('2025-05-05 00:00:00'), 'volume': 41578300.0}, {'date': Timestamp('2025-02-24 00:00:00'), 'volume': 34807700.0}, {'date': Timestamp('2024-08-05 00:00:00'), 'volume': 31433600.0}, {'date': Timestamp('2024-05-06 00:00:00'), 'volume': 30518000.0}, {'date': Timestamp('2024-02-26 00:00:00'), 'volume': 23854500.0}, {'date': Timestamp('2022-09-12 00:00:00'), 'volume': 18363300.0}, {'date': Timestamp('2022-05-16 00:00:00'), 'volume': 14644000.0}, {'date': Timestamp('2021-11-15 00:00:00'), 'volume': 14256500.0}]",2026-08-10,36187811.0,6.28000020980835,0.6361662992535713,248
THQ,759549375.0,weekly,2025-08-04,2660700.0,371,0,7,"[{'date': Timestamp('2025-08-04 00:00:00'), 'volume': 2660700.0}, {'date': Timestamp('2025-07-14 00:00:00'), 'volume': 2481200.0}, {'date': Timestamp('2020-03-16 00:00:00'), 'volume': 1964300.0}, {'date': Timestamp('2020-03-09 00:00:00'), 'volume': 1465400.0}, {'date': Timestamp('2020-02-24 00:00:00'), 'volume': 1440200.0}, {'date': Timestamp('2020-01-13 00:00:00'), 'volume': 784200.0}, {'date': Timestamp('2020-01-06 00:00:00'), 'volume': 766600.0}]",2026-08-10,846365.0,19.46999931335449,0.3180986206637351,345
STAA,1458305061.7670617,weekly,2025-08-02,52466500.0,373,0,7,"[{'date': Timestamp('2025-08-02 00:00:00'), 'volume': 52466500.0}, {'date': Timestamp('2021-01-23 00:00:00'), 'volume': 17033200.0}, {'date': Timestamp('2020-06-20 00:00:00'), 'volume': 9988200.0}, {'date': Timestamp('2020-02-22 00:00:00'), 'volume': 5614900.0}, {'date': Timestamp('2020-01-25 00:00:00'), 'volume': 3058300.0}, {'date': Timestamp('2020-01-11 00:00:00'), 'volume': 2269300.0}, {'date': Timestamp('2020-01-04 00:00:00'), 'volume': 1757400.0}]",2026-08-10,6808107.0,26.18000030517578,0.1297610284657829,346
XPRO,1619284587.3524354,weekly,2025-07-28,15350100.0,378,0,12,"[{'date': Timestamp('2025-07-28 00:00:00'), 'volume': 15350100.0}, {'date': Timestamp('2024-09-16 00:00:00'), 'volume': 13981600.0}, {'date': Timestamp('2021-12-13 00:00:00'), 'volume': 12787200.0}, {'date': Timestamp('2021-02-22 00:00:00'), 'volume': 3753917.0}, {'date': Timestamp('2020-09-14 00:00:00'), 'volume': 2853783.0}, {'date': Timestamp('2020-06-22 00:00:00'), 'volume': 1464899.0}, {'date': Timestamp('2020-06-01 00:00:00'), 'volume': 1189250.0}, {'date': Timestamp('2020-03-16 00:00:00'), 'volume': 1111101.0}, {'date': Timestamp('2020-03-02 00:00:00'), 'volume': 887468.0}, {'date': Timestamp('2020-02-24 00:00:00'), 'volume': 849399.0}, {'date': Timestamp('2020-01-13 00:00:00'), 'volume': 767850.0}, {'date': Timestamp('2020-01-06 00:00:00'), 'volume': 388416.0}]",2026-08-10,4135998.0,18.709999084472656,0.2694443684405965,345
AVBC,405740996.00000006,weekly,2025-07-28,4053700.0,378,0,1,"[{'date': Timestamp('2025-07-28 00:00:00'), 'volume': 4053700.0}]",2026-08-10,1147721.0,22.170000076293945,0.2831292399536226,55
TROX,1067216210.4166667,weekly,2025-07-28,49765700.0,378,0,7,"[{'date': Timestamp('2025-07-28 00:00:00'), 'volume': 49765700.0}, {'date': Timestamp('2021-09-13 00:00:00'), 'volume': 38268700.0}, {'date': Timestamp('2021-02-22 00:00:00'), 'volume': 26624900.0}, {'date': Timestamp('2020-05-18 00:00:00'), 'volume': 15376700.0}, {'date': Timestamp('2020-03-30 00:00:00'), 'volume': 13846200.0}, {'date': Timestamp('2020-02-24 00:00:00'), 'volume': 10981400.0}, {'date': Timestamp('2020-01-06 00:00:00'), 'volume': 10105700.0}]",2026-08-10,16228949.0,5.960000038146973,0.3261071179547359,345
SI,472624182.28829247,weekly,2025-07-28,2432400.0,378,0,1,"[{'date': Timestamp('2025-07-28 00:00:00'), 'volume': 2432400.0}]",2026-08-10,724258.0,20.729999542236328,0.29775448117086,55
SRPT,1778959318.1491888,weekly,2025-07-26,156101100.0,380,0,11,"[{'date': Timestamp('2025-07-26 00:00:00'), 'volume': 156101100.0}, {'date': Timestamp('2025-07-12 00:00:00'), 'volume': 120069800.0}, {'date': Timestamp('2025-06-14 00:00:00'), 'volume': 78868700.0}, {'date': Timestamp('2025-05-03 00:00:00'), 'volume': 54450300.0}, {'date': Timestamp('2023-10-28 00:00:00'), 'volume': 37084000.0}, {'date': Timestamp('2021-01-09 00:00:00'), 'volume': 32198200.0}, {'date': Timestamp('2021-01-02 00:00:00'), 'volume': 31122100.0}, {'date': Timestamp('2020-10-31 00:00:00'), 'volume': 7520100.0}, {'date': Timestamp('2020-03-14 00:00:00'), 'volume': 6951500.0}, {'date': Timestamp('2020-01-11 00:00:00'), 'volume': 6221400.0}, {'date': Timestamp('2020-01-04 00:00:00'), 'volume': 4172800.0}]",2026-08-10,13671958.0,18.100000381469727,0.0875839952441078,346
CARL,319694801.7010676,weekly,2025-07-21,4076500.0,385,0,1,"[{'date': Timestamp('2025-07-21 00:00:00'), 'volume': 4076500.0}]",2026-08-10,509208.0,14.31999969482422,0.1249130381454679,56
OXLC,829600000.0,weekly,2025-07-21,23906340.0,385,0,13,"[{'date': Timestamp('2025-07-21 00:00:00'), 'volume': 23906340.0}, {'date': Timestamp('2025-03-17 00:00:00'), 'volume': 13616660.0}, {'date': Timestamp('2025-03-10 00:00:00'), 'volume': 12373720.0}, {'date': Timestamp('2024-12-16 00:00:00'), 'volume': 8778720.0}, {'date': Timestamp('2024-08-12 00:00:00'), 'volume': 7411120.0}, {'date': Timestamp('2024-06-10 00:00:00'), 'volume': 6140200.0}, {'date': Timestamp('2024-05-27 00:00:00'), 'volume': 5354840.0}, {'date': Timestamp('2020-06-01 00:00:00'), 'volume': 3879200.0}, {'date': Timestamp('2020-03-16 00:00:00'), 'volume': 3006440.0}, {'date': Timestamp('2020-03-09 00:00:00'), 'volume': 2324940.0}, {'date': Timestamp('2020-02-24 00:00:00'), 'volume': 1948820.0}, {'date': Timestamp('2020-01-13 00:00:00'), 'volume': 1026700.0}, {'date': Timestamp('2020-01-06 00:00:00'), 'volume': 954540.0}]",2026-08-10,9084348.0,9.609999656677246,0.3799974400096376,345
MH,1815210766.697268,weekly,2025-07-21,12559600.0,385,0,1,"[{'date': Timestamp('2025-07-21 00:00:00'), 'volume': 12559600.0}]",2026-08-10,5877497.0,13.100000381469728,0.4679684862575241,56
MVBF,372518628.4065126,weekly,2025-07-14,1015400.0,392,0,6,"[{'date': Timestamp('2025-07-14 00:00:00'), 'volume': 1015400.0}, {'date': Timestamp('2021-02-22 00:00:00'), 'volume': 557200.0}, {'date': Timestamp('2020-03-16 00:00:00'), 'volume': 483500.0}, {'date': Timestamp('2020-03-09 00:00:00'), 'volume': 259500.0}, {'date': Timestamp('2020-01-13 00:00:00'), 'volume': 209200.0}, {'date': Timestamp('2020-01-06 00:00:00'), 'volume': 132800.0}]",2026-08-10,243392.0,30.709999084472656,0.2397006105968091,345
BFC,1659972215.0971014,weekly,2025-07-14,1193700.0,392,0,15,"[{'date': Timestamp('2025-07-14 00:00:00'), 'volume': 1193700.0}, {'date': Timestamp('2025-06-23 00:00:00'), 'volume': 1037000.0}, {'date': Timestamp('2025-06-02 00:00:00'), 'volume': 961200.0}, {'date': Timestamp('2025-05-26 00:00:00'), 'volume': 327800.0}, {'date': Timestamp('2023-06-19 00:00:00'), 'volume': 299700.0}, {'date': Timestamp('2022-12-12 00:00:00'), 'volume': 282200.0}, {'date': Timestamp('2021-06-21 00:00:00'), 'volume': 268100.0}, {'date': Timestamp('2020-06-22 00:00:00'), 'volume': 224800.0}, {'date': Timestamp('2020-06-15 00:00:00'), 'volume': 165000.0}, {'date': Timestamp('2020-03-16 00:00:00'), 'volume': 133300.0}, {'date': Timestamp('2020-03-02 00:00:00'), 'volume': 86900.0}, {'date': Timestamp('2020-02-24 00:00:00'), 'volume': 75200.0}, {'date': Timestamp('2020-01-27 00:00:00'), 'volume': 50200.0}, {'date': Timestamp('2020-01-13 00:00:00'), 'volume': 45800.0}, {'date': Timestamp('2020-01-06 00:00:00'), 'volume': 36800.0}]",2026-08-10,294839.0,158.0,0.2469958951160258,345
GTEN,471033759.0172579,weekly,2025-07-14,2750900.0,392,0,3,"[{'date': Timestamp('2025-07-14 00:00:00'), 'volume': 2750900.0}, {'date': Timestamp('2025-06-30 00:00:00'), 'volume': 2299300.0}, {'date': Timestamp('2025-06-23 00:00:00'), 'volume': 130800.0}]",2026-08-10,22978.0,10.6899995803833,0.0083529026863935,60
METC,778150931.718577,weekly,2025-07-14,33497300.0,392,0,20,"[{'date': Timestamp('2025-07-14 00:00:00'), 'volume': 33497300.0}, {'date': Timestamp('2023-11-13 00:00:00'), 'volume': 16899232.0}, {'date': Timestamp('2023-11-06 00:00:00'), 'volume': 9212139.0}, {'date': Timestamp('2022-04-11 00:00:00'), 'volume': 8677435.0}, {'date': Timestamp('2022-03-07 00:00:00'), 'volume': 5405616.0}, {'date': Timestamp('2022-02-28 00:00:00'), 'volume': 4960526.0}, {'date': Timestamp('2021-11-08 00:00:00'), 'volume': 4190781.0}, {'date': Timestamp('2021-11-01 00:00:00'), 'volume': 3685470.0}, {'date': Timestamp('2021-10-25 00:00:00'), 'volume': 3633547.0}, {'date': Timestamp('2021-10-18 00:00:00'), 'volume': 2665734.0}, {'date': Timestamp('2021-10-11 00:00:00'), 'volume': 2640439.0}, {'date': Timestamp('2021-10-04 00:00:00'), 'volume': 2615449.0}, {'date': Timestamp('2021-08-02 00:00:00'), 'volume': 2613195.0}, {'date': Timestamp('2020-06-22 00:00:00'), 'volume': 1791118.0}, {'date': Timestamp('2020-05-25 00:00:00'), 'volume': 1080979.0}, {'date': Timestamp('2020-03-16 00:00:00'), 'volume': 660365.0}, {'date': Timestamp('2020-02-24 00:00:00'), 'volume': 573314.0}, {'date': Timestamp('2020-02-10 00:00:00'), 'volume': 285224.0}, {'date': Timestamp('2020-02-03 00:00:00'), 'volume': 263307.0}, {'date': Timestamp('2020-01-06 00:00:00'), 'volume': 178304.0}]",2026-08-10,12839802.0,12.25,0.3833085651679389,345
BGT,316141820.0,weekly,2025-07-14,2097900.0,392,0,9,"[{'date': Timestamp('2025-07-14 00:00:00'), 'volume': 2097900.0}, {'date': Timestamp('2025-01-13 00:00:00'), 'volume': 1863100.0}, {'date': Timestamp('2024-07-15 00:00:00'), 'volume': 1488500.0}, {'date': Timestamp('2020-04-06 00:00:00'), 'volume': 1271000.0}, {'date': Timestamp('2020-03-16 00:00:00'), 'volume': 1161200.0}, {'date': Timestamp('2020-03-09 00:00:00'), 'volume': 935400.0}, {'date': Timestamp('2020-02-24 00:00:00'), 'volume': 849500.0}, {'date': Timestamp('2020-01-20 00:00:00'), 'volume': 344500.0}, {'date': Timestamp('2020-01-06 00:00:00'), 'volume': 318500.0}]",2026-08-10,661968.0,10.859999656677246,0.3155383955383955,345
SLP,367739768.9084895,weekly,2025-07-12,12086400.0,394,0,3,"[{'date': Timestamp('2025-07-12 00:00:00'), 'volume': 12086400.0}, {'date': Timestamp('2020-05-23 00:00:00'), 'volume': 4798800.0}, {'date': Timestamp('2020-01-04 00:00:00'), 'volume': 1302500.0}]",2026-08-10,1204777.0,18.350000381469727,0.0996803845644691,346
KRUS,718179808.6181885,weekly,2025-07-07,3474900.0,399,0,6,"[{'date': Timestamp('2025-07-07 00:00:00'), 'volume': 3474900.0}, {'date': Timestamp('2023-04-10 00:00:00'), 'volume': 3014600.0}, {'date': Timestamp('2023-01-02 00:00:00'), 'volume': 1589500.0}, {'date': Timestamp('2020-03-16 00:00:00'), 'volume': 1134300.0}, {'date': Timestamp('2020-03-09 00:00:00'), 'volume': 763800.0}, {'date': Timestamp('2020-01-06 00:00:00'), 'volume': 691400.0}]",2026-08-10,744803.0,52.959999084472656,0.2143379665601887,345
ESQ,1023513423.2471592,weekly,2025-07-07,1371000.0,399,0,8,"[{'date': Timestamp('2025-07-07 00:00:00'), 'volume': 1371000.0}, {'date': Timestamp('2022-06-20 00:00:00'), 'volume': 1206600.0}, {'date': Timestamp('2021-06-21 00:00:00'), 'volume': 1090600.0}, {'date': Timestamp('2020-05-11 00:00:00'), 'volume': 698400.0}, {'date': Timestamp('2020-03-09 00:00:00'), 'volume': 214700.0}, {'date': Timestamp('2020-03-02 00:00:00'), 'volume': 109700.0}, {'date': Timestamp('2020-01-13 00:00:00'), 'volume': 103200.0}, {'date': Timestamp('2020-01-06 00:00:00'), 'volume': 64200.0}]",2026-08-10,799055.0,128.05999755859375,0.5828264040846097,345
HELE,661028685.4387351,weekly,2025-07-05,10198000.0,401,0,10,"[{'date': Timestamp('2025-07-05 00:00:00'), 'volume': 10198000.0}, {'date': Timestamp('2024-07-06 00:00:00'), 'volume': 9440800.0}, {'date': Timestamp('2023-04-22 00:00:00'), 'volume': 6786400.0}, {'date': Timestamp('2022-10-01 00:00:00'), 'volume': 4531700.0}, {'date': Timestamp('2022-07-02 00:00:00'), 'volume': 2497800.0}, {'date': Timestamp('2021-03-13 00:00:00'), 'volume': 2301000.0}, {'date': Timestamp('2020-10-03 00:00:00'), 'volume': 2264600.0}, {'date': Timestamp('2020-03-14 00:00:00'), 'volume': 1805100.0}, {'date': Timestamp('2020-03-07 00:00:00'), 'volume': 1772900.0}, {'date': Timestamp('2020-01-04 00:00:00'), 'volume': 1501200.0}]",2026-08-10,1612573.0,30.21999931335449,0.1581263973328103,346
NPK,895755359.8852247,weekly,2025-07-05,1531000.0,401,0,9,"[{'date': Timestamp('2025-07-05 00:00:00'), 'volume': 1531000.0}, {'date': Timestamp('2025-06-21 00:00:00'), 'volume': 835700.0}, {'date': Timestamp('2024-06-15 00:00:00'), 'volume': 630300.0}, {'date': Timestamp('2022-02-19 00:00:00'), 'volume': 535300.0}, {'date': Timestamp('2020-03-07 00:00:00'), 'volume': 475200.0}, {'date': Timestamp('2020-02-22 00:00:00'), 'volume': 406100.0}, {'date': Timestamp('2020-02-01 00:00:00'), 'volume': 270700.0}, {'date': Timestamp('2020-01-25 00:00:00'), 'volume': 245100.0}, {'date': Timestamp('2020-01-04 00:00:00'), 'volume': 218300.0}]",2026-08-10,458202.0,139.86000061035156,0.2992828216851731,346
CHCO,1891178484.9712176,weekly,2025-07-05,1191700.0,401,0,9,"[{'date': Timestamp('2025-07-05 00:00:00'), 'volume': 1191700.0}, {'date': Timestamp('2023-03-11 00:00:00'), 'volume': 982500.0}, {'date': Timestamp('2020-06-13 00:00:00'), 'volume': 764900.0}, {'date': Timestamp('2020-03-14 00:00:00'), 'volume': 625400.0}, {'date': Timestamp('2020-03-07 00:00:00'), 'volume': 512900.0}, {'date': Timestamp('2020-02-29 00:00:00'), 'volume': 419400.0}, {'date': Timestamp('2020-02-22 00:00:00'), 'volume': 361800.0}, {'date': Timestamp('2020-01-25 00:00:00'), 'volume': 354300.0}, {'date': Timestamp('2020-01-04 00:00:00'), 'volume': 269200.0}]",2026-08-10,507071.0,147.27999877929688,0.4255022237140219,346
AEBI,1013780118.9636364,weekly,2025-06-30,9139400.0,406,0,1,"[{'date': Timestamp('2025-06-30 00:00:00'), 'volume': 9139400.0}]",2026-08-10,4687671.0,12.710000038146973,0.5129079589469768,59
VLGEA,563919246.6618705,weekly,2025-06-28,835700.0,408,0,6,"[{'date': Timestamp('2025-06-28 00:00:00'), 'volume': 835700.0}, {'date': Timestamp('2020-03-14 00:00:00'), 'volume': 631700.0}, {'date': Timestamp('2020-03-07 00:00:00'), 'volume': 480000.0}, {'date': Timestamp('2020-01-25 00:00:00'), 'volume': 357000.0}, {'date': Timestamp('2020-01-11 00:00:00'), 'volume': 293900.0}, {'date': Timestamp('2020-01-04 00:00:00'), 'volume': 259000.0}]",2026-08-10,262058.0,43.040000915527344,0.313579035539069,346
VRTS,986147616.7702852,weekly,2025-06-26,1315900.0,410,0,5,"[{'date': Timestamp('2025-06-26 00:00:00'), 'volume': 1315900.0}, {'date': Timestamp('2020-01-30 00:00:00'), 'volume': 740000.0}, {'date': Timestamp('2020-01-23 00:00:00'), 'volume': 407300.0}, {'date': Timestamp('2020-01-09 00:00:00'), 'volume': 378800.0}, {'date': Timestamp('2020-01-02 00:00:00'), 'volume': 295400.0}]",2026-08-10,596602.0,169.02999877929688,0.4533794361273653,347
RPC,848502598.9473684,weekly,2025-06-23,11812900.0,413,0,2,"[{'date': Timestamp('2025-06-23 00:00:00'), 'volume': 11812900.0}, {'date': Timestamp('2021-10-18 00:00:00'), 'volume': 6922100.0}]",2026-08-10,4094924.0,8.670000076293945,0.3466484944425162,252
INN,857344147.4356725,weekly,2025-06-23,32545500.0,413,0,7,"[{'date': Timestamp('2025-06-23 00:00:00'), 'volume': 32545500.0}, {'date': Timestamp('2025-06-16 00:00:00'), 'volume': 17030400.0}, {'date': Timestamp('2020-03-23 00:00:00'), 'volume': 15105700.0}, {'date': Timestamp('2020-03-16 00:00:00'), 'volume': 10897600.0}, {'date': Timestamp('2020-03-09 00:00:00'), 'volume': 8715500.0}, {'date': Timestamp('2020-02-24 00:00:00'), 'volume': 8627600.0}, {'date': Timestamp('2020-01-06 00:00:00'), 'volume': 4740600.0}]",2026-08-10,6827981.0,6.039999961853027,0.2097980058687069,345
SMC,601213538.9748882,weekly,2025-06-23,1835400.0,413,0,10,"[{'date': Timestamp('2025-06-23 00:00:00'), 'volume': 1835400.0}, {'date': Timestamp('2025-04-07 00:00:00'), 'volume': 1498800.0}, {'date': Timestamp('2021-01-11 00:00:00'), 'volume': 1322800.0}, {'date': Timestamp('2020-11-02 00:00:00'), 'volume': 1302580.0}, {'date': Timestamp('2020-10-05 00:00:00'), 'volume': 928160.0}, {'date': Timestamp('2020-03-09 00:00:00'), 'volume': 369759.0}, {'date': Timestamp('2020-02-24 00:00:00'), 'volume': 201820.0}, {'date': Timestamp('2020-02-03 00:00:00'), 'volume': 191493.0}, {'date': Timestamp('2020-01-27 00:00:00'), 'volume': 167021.0}, {'date': Timestamp('2020-01-06 00:00:00'), 'volume': 165725.0}]",2026-08-10,272697.0,34.959999084472656,0.1485763321346845,345
NGVC,739839605.9933354,weekly,2025-06-23,2581300.0,413,0,8,"[{'date': Timestamp('2025-06-23 00:00:00'), 'volume': 2581300.0}, {'date': Timestamp('2020-05-04 00:00:00'), 'volume': 2183100.0}, {'date': Timestamp('2020-03-16 00:00:00'), 'volume': 1090800.0}, {'date': Timestamp('2020-02-24 00:00:00'), 'volume': 783000.0}, {'date': Timestamp('2020-02-17 00:00:00'), 'volume': 610200.0}, {'date': Timestamp('2020-02-03 00:00:00'), 'volume': 590400.0}, {'date': Timestamp('2020-01-27 00:00:00'), 'volume': 556000.0}, {'date': Timestamp('2020-01-06 00:00:00'), 'volume': 310900.0}]",2026-08-10,796321.0,28.1299991607666,0.3084961066129469,345
SEG,346547719.62352943,weekly,2025-06-23,1621700.0,413,0,4,"[{'date': Timestamp('2025-06-23 00:00:00'), 'volume': 1621700.0}, {'date': Timestamp('2024-08-19 00:00:00'), 'volume': 1215900.0}, {'date': Timestamp('2024-08-05 00:00:00'), 'volume': 1036400.0}, {'date': Timestamp('2024-07-29 00:00:00'), 'volume': 917600.0}]",2026-08-10,495027.0,27.709999084472656,0.3052518961583523,107
ARRY,1095243764.306892,weekly,2025-06-23,87019700.0,413,0,4,"[{'date': Timestamp('2025-06-23 00:00:00'), 'volume': 87019700.0}, {'date': Timestamp('2024-11-04 00:00:00'), 'volume': 82746400.0}, {'date': Timestamp('2021-05-10 00:00:00'), 'volume': 78113200.0}, {'date': Timestamp('2020-10-12 00:00:00'), 'volume': 46214700.0}]",2026-08-10,32387635.0,5.050000190734863,0.3721873897519757,305
NEXN,482541903.5948175,weekly,2025-06-23,7177700.0,413,0,3,"[{'date': Timestamp('2025-06-23 00:00:00'), 'volume': 7177700.0}, {'date': Timestamp('2025-02-24 00:00:00'), 'volume': 3950600.0}, {'date': Timestamp('2021-06-14 00:00:00'), 'volume': 3058100.0}]",2026-08-10,2845090.0,10.470000267028809,0.3963790629310225,270
NVGS,1241844196.0893638,weekly,2025-06-23,7326300.0,413,0,9,"[{'date': Timestamp('2025-06-23 00:00:00'), 'volume': 7326300.0}, {'date': Timestamp('2020-06-01 00:00:00'), 'volume': 4366500.0}, {'date': Timestamp('2020-04-20 00:00:00'), 'volume': 1286000.0}, {'date': Timestamp('2020-03-09 00:00:00'), 'volume': 1211100.0}, {'date': Timestamp('2020-02-24 00:00:00'), 'volume': 648800.0}, {'date': Timestamp('2020-02-03 00:00:00'), 'volume': 644000.0}, {'date': Timestamp('2020-01-27 00:00:00'), 'volume': 639700.0}, {'date': Timestamp('2020-01-13 00:00:00'), 'volume': 517100.0}, {'date': Timestamp('2020-01-06 00:00:00'), 'volume': 497900.0}]",2026-08-10,2007805.0,21.0,0.2740544340253606,345
CBNK,573502413.3971694,weekly,2025-06-23,715500.0,413,0,9,"[{'date': Timestamp('2025-06-23 00:00:00'), 'volume': 715500.0}, {'date': Timestamp('2021-06-07 00:00:00'), 'volume': 646700.0}, {'date': Timestamp('2021-05-31 00:00:00'), 'volume': 530000.0}, {'date': Timestamp('2021-05-24 00:00:00'), 'volume': 489800.0}, {'date': Timestamp('2021-04-19 00:00:00'), 'volume': 473800.0}, {'date': Timestamp('2021-03-08 00:00:00'), 'volume': 443900.0}, {'date': Timestamp('2020-03-02 00:00:00'), 'volume': 293100.0}, {'date': Timestamp('2020-02-03 00:00:00'), 'volume': 111800.0}, {'date': Timestamp('2020-01-06 00:00:00'), 'volume': 77900.0}]",2026-08-10,237291.0,37.63999938964844,0.3316436058700209,345
COFS,492379147.84009767,weekly,2025-06-23,1688200.0,413,0,7,"[{'date': Timestamp('2025-06-23 00:00:00'), 'volume': 1688200.0}, {'date': Timestamp('2021-06-21 00:00:00'), 'volume': 1123400.0}, {'date': Timestamp('2020-06-22 00:00:00'), 'volume': 1060400.0}, {'date': Timestamp('2020-06-15 00:00:00'), 'volume': 344000.0}, {'date': Timestamp('2020-06-08 00:00:00'), 'volume': 209300.0}, {'date': Timestamp('2020-06-01 00:00:00'), 'volume': 115800.0}, {'date': Timestamp('2020-01-06 00:00:00'), 'volume': 100200.0}]",2026-08-10,443916.0,34.380001068115234,0.2629522568416064,345
GBFH,444239779.2930977,weekly,2025-06-23,1785100.0,413,0,11,"[{'date': Timestamp('2025-06-23 00:00:00'), 'volume': 1785100.0}, {'date': Timestamp('2025-06-16 00:00:00'), 'volume': 1285700.0}, {'date': Timestamp('2025-05-05 00:00:00'), 'volume': 456800.0}, {'date': Timestamp('2025-04-28 00:00:00'), 'volume': 233700.0}, {'date': Timestamp('2025-04-21 00:00:00'), 'volume': 197200.0}, {'date': Timestamp('2025-03-03 00:00:00'), 'volume': 187000.0}, {'date': Timestamp('2024-11-18 00:00:00'), 'volume': 134500.0}, {'date': Timestamp('2024-10-21 00:00:00'), 'volume': 126000.0}, {'date': Timestamp('2024-09-30 00:00:00'), 'volume': 125100.0}, {'date': Timestamp('2024-09-23 00:00:00'), 'volume': 107200.0}, {'date': Timestamp('2024-07-08 00:00:00'), 'volume': 90000.0}]",2026-08-10,381882.0,21.459999084472656,0.2139275110638059,110
ALLT,382089412.0554053,weekly,2025-06-23,8623600.0,413,0,10,"[{'date': Timestamp('2025-06-23 00:00:00'), 'volume': 8623600.0}, {'date': Timestamp('2025-01-13 00:00:00'), 'volume': 8013400.0}, {'date': Timestamp('2025-01-06 00:00:00'), 'volume': 5606300.0}, {'date': Timestamp('2022-12-12 00:00:00'), 'volume': 5399300.0}, {'date': Timestamp('2022-04-11 00:00:00'), 'volume': 5250000.0}, {'date': Timestamp('2021-01-11 00:00:00'), 'volume': 5139300.0}, {'date': Timestamp('2020-02-03 00:00:00'), 'volume': 3447000.0}, {'date': Timestamp('2020-01-20 00:00:00'), 'volume': 778000.0}, {'date': Timestamp('2020-01-13 00:00:00'), 'volume': 408700.0}, {'date': Timestamp('2020-01-06 00:00:00'), 'volume': 405700.0}]",2026-08-10,1900896.0,7.829999923706055,0.2204295189943875,345
AIIR,1060155505.32,weekly,2025-06-23,11606600.0,413,0,1,"[{'date': Timestamp('2025-06-23 00:00:00'), 'volume': 11606600.0}]",2026-08-10,20577.0,7.460000038146973,0.0017728706081022,60
RTAC,325012224.7425552,weekly,2025-06-23,7310800.0,413,0,2,"[{'date': Timestamp('2025-06-23 00:00:00'), 'volume': 7310800.0}, {'date': Timestamp('2025-06-09 00:00:00'), 'volume': 2405700.0}]",2026-08-10,236494.0,10.43000030517578,0.0323485801827433,62
CRAQ,322343508.0,weekly,2025-06-23,1074600.0,413,0,1,"[{'date': Timestamp('2025-06-23 00:00:00'), 'volume': 1074600.0}]",2026-08-10,0.0,10.350000381469728,0.0,60
ENOV,1307246727.5124943,weekly,2025-06-23,14053300.0,413,0,5,"[{'date': Timestamp('2025-06-23 00:00:00'), 'volume': 14053300.0}, {'date': Timestamp('2025-01-13 00:00:00'), 'volume': 13896000.0}, {'date': Timestamp('2020-03-16 00:00:00'), 'volume': 11604545.0}, {'date': Timestamp('2020-02-24 00:00:00'), 'volume': 6541712.0}, {'date': Timestamp('2020-01-06 00:00:00'), 'volume': 3370847.0}]",2026-08-10,6349824.0,26.059999465942383,0.4518386428810315,345
FCCO,311354421.582196,weekly,2025-06-21,1115500.0,415,0,8,"[{'date': Timestamp('2025-06-21 00:00:00'), 'volume': 1115500.0}, {'date': Timestamp('2024-06-22 00:00:00'), 'volume': 1090000.0}, {'date': Timestamp('2021-06-19 00:00:00'), 'volume': 1086400.0}, {'date': Timestamp('2020-06-20 00:00:00'), 'volume': 965800.0}, {'date': Timestamp('2020-03-07 00:00:00'), 'volume': 211600.0}, {'date': Timestamp('2020-02-01 00:00:00'), 'volume': 122400.0}, {'date': Timestamp('2020-01-11 00:00:00'), 'volume': 42300.0}, {'date': Timestamp('2020-01-04 00:00:00'), 'volume': 32400.0}]",2026-08-10,220938.0,34.349998474121094,0.1980618556701031,346
BKTI,308147514.1136919,weekly,2025-06-21,956100.0,415,0,11,"[{'date': Timestamp('2025-06-21 00:00:00'), 'volume': 956100.0}, {'date': Timestamp('2021-06-05 00:00:00'), 'volume': 595920.0}, {'date': Timestamp('2021-03-06 00:00:00'), 'volume': 110480.0}, {'date': Timestamp('2020-12-19 00:00:00'), 'volume': 98040.0}, {'date': Timestamp('2020-05-30 00:00:00'), 'volume': 50900.0}, {'date': Timestamp('2020-04-11 00:00:00'), 'volume': 44180.0}, {'date': Timestamp('2020-03-21 00:00:00'), 'volume': 26460.0}, {'date': Timestamp('2020-03-07 00:00:00'), 'volume': 23200.0}, {'date': Timestamp('2020-02-29 00:00:00'), 'volume': 13880.0}, {'date': Timestamp('2020-01-11 00:00:00'), 'volume': 11040.0}, {'date': Timestamp('2020-01-04 00:00:00'), 'volume': 4180.0}]",2026-08-10,255227.0,74.0,0.2669459261583516,346
JOUT,484772717.4521739,weekly,2025-06-21,648400.0,415,0,6,"[{'date': Timestamp('2025-06-21 00:00:00'), 'volume': 648400.0}, {'date': Timestamp('2024-06-22 00:00:00'), 'volume': 586900.0}, {'date': Timestamp('2023-12-09 00:00:00'), 'volume': 528900.0}, {'date': Timestamp('2023-03-11 00:00:00'), 'volume': 505000.0}, {'date': Timestamp('2020-03-07 00:00:00'), 'volume': 466100.0}, {'date': Timestamp('2020-01-04 00:00:00'), 'volume': 267400.0}]",2026-08-10,260682.0,48.18000030517578,0.402038864898211,346
RBCAA,1562450661.6082664,weekly,2025-06-21,911500.0,415,0,9,"[{'date': Timestamp('2025-06-21 00:00:00'), 'volume': 911500.0}, {'date': Timestamp('2021-09-11 00:00:00'), 'volume': 399200.0}, {'date': Timestamp('2021-06-19 00:00:00'), 'volume': 375800.0}, {'date': Timestamp('2020-03-07 00:00:00'), 'volume': 327700.0}, {'date': Timestamp('2020-02-29 00:00:00'), 'volume': 135300.0}, {'date': Timestamp('2020-02-22 00:00:00'), 'volume': 114200.0}, {'date': Timestamp('2020-02-01 00:00:00'), 'volume': 108900.0}, {'date': Timestamp('2020-01-11 00:00:00'), 'volume': 101000.0}, {'date': Timestamp('2020-01-04 00:00:00'), 'volume': 57700.0}]",2026-08-10,585128.0,97.97000122070312,0.6419396599012617,346
FTW,355172971.0131904,weekly,2025-06-16,2420400.0,420,0,3,"[{'date': Timestamp('2025-06-16 00:00:00'), 'volume': 2420400.0}, {'date': Timestamp('2025-05-12 00:00:00'), 'volume': 2321700.0}, {'date': Timestamp('2024-09-23 00:00:00'), 'volume': 1793800.0}]",2026-08-10,518186.0,11.220000267028809,0.2140910593290365,99
HPP,852283993.8545454,weekly,2025-06-16,13509172.0,420,0,13,"[{'date': Timestamp('2025-06-16 00:00:00'), 'volume': 13509172.0}, {'date': Timestamp('2025-06-09 00:00:00'), 'volume': 13467100.0}, {'date': Timestamp('2024-12-16 00:00:00'), 'volume': 10474500.0}, {'date': Timestamp('2023-06-26 00:00:00'), 'volume': 6053528.0}, {'date': Timestamp('2022-09-12 00:00:00'), 'volume': 5927871.0}, {'date': Timestamp('2020-05-25 00:00:00'), 'volume': 5682129.0}, {'date': Timestamp('2020-03-30 00:00:00'), 'volume': 2453899.0}, {'date': Timestamp('2020-03-16 00:00:00'), 'volume': 1799013.0}, {'date': Timestamp('2020-03-09 00:00:00'), 'volume': 1449714.0}, {'date': Timestamp('2020-02-24 00:00:00'), 'volume': 1188015.0}, {'date': Timestamp('2020-01-27 00:00:00'), 'volume': 1033800.0}, {'date': Timestamp('2020-01-13 00:00:00'), 'volume': 819899.0}, {'date': Timestamp('2020-01-06 00:00:00'), 'volume': 809714.0}]",2026-08-10,4466510.0,13.899999618530272,0.3306279615064491,345
HIPO,714946311.8252802,weekly,2025-06-09,2919800.0,427,0,9,"[{'date': Timestamp('2025-06-09 00:00:00'), 'volume': 2919800.0}, {'date': Timestamp('2021-09-06 00:00:00'), 'volume': 2774576.0}, {'date': Timestamp('2021-08-30 00:00:00'), 'volume': 1372116.0}, {'date': Timestamp('2021-08-16 00:00:00'), 'volume': 605292.0}, {'date': Timestamp('2021-03-01 00:00:00'), 'volume': 270520.0}, {'date': Timestamp('2021-02-08 00:00:00'), 'volume': 105704.0}, {'date': Timestamp('2021-01-25 00:00:00'), 'volume': 31232.0}, {'date': Timestamp('2021-01-18 00:00:00'), 'volume': 24940.0}, {'date': Timestamp('2021-01-11 00:00:00'), 'volume': 15096.0}]",2026-08-10,670910.0,33.040000915527344,0.2297794369477361,292
BY,1705117604.4020114,weekly,2025-06-09,3010300.0,427,0,4,"[{'date': Timestamp('2025-06-09 00:00:00'), 'volume': 3010300.0}, {'date': Timestamp('2021-01-25 00:00:00'), 'volume': 1930200.0}, {'date': Timestamp('2020-01-13 00:00:00'), 'volume': 1053900.0}, {'date': Timestamp('2020-01-06 00:00:00'), 'volume': 592000.0}]",2026-08-10,791680.0,39.27000045776367,0.262990399627944,345
ASIC,1137413245.968254,weekly,2025-06-09,3415700.0,427,0,1,"[{'date': Timestamp('2025-06-09 00:00:00'), 'volume': 3415700.0}]",2026-08-10,271636.0,24.700000762939453,0.0795257194718505,62
URGN,1682847527.041885,weekly,2025-06-09,51092400.0,427,0,11,"[{'date': Timestamp('2025-06-09 00:00:00'), 'volume': 51092400.0}, {'date': Timestamp('2025-06-02 00:00:00'), 'volume': 31411600.0}, {'date': Timestamp('2025-05-19 00:00:00'), 'volume': 22559100.0}, {'date': Timestamp('2023-07-24 00:00:00'), 'volume': 17945400.0}, {'date': Timestamp('2023-06-19 00:00:00'), 'volume': 3304200.0}, {'date': Timestamp('2023-05-01 00:00:00'), 'volume': 3164800.0}, {'date': Timestamp('2020-04-13 00:00:00'), 'volume': 3120300.0}, {'date': Timestamp('2020-03-16 00:00:00'), 'volume': 1586800.0}, {'date': Timestamp('2020-03-09 00:00:00'), 'volume': 1354800.0}, {'date': Timestamp('2020-01-13 00:00:00'), 'volume': 1124000.0}, {'date': Timestamp('2020-01-06 00:00:00'), 'volume': 698800.0}]",2026-08-10,3985820.0,48.220001220703125,0.0780119939560482,345
KARO,1543094551.2720606,weekly,2025-06-09,1203400.0,427,0,2,"[{'date': Timestamp('2025-06-09 00:00:00'), 'volume': 1203400.0}, {'date': Timestamp('2021-03-29 00:00:00'), 'volume': 755100.0}]",2026-08-10,438673.0,62.27999877929688,0.3645280039886986,281
CEPT,332098787.16059107,weekly,2025-04-28,10218400.0,427,0,1,"[{'date': Timestamp('2025-04-28 00:00:00'), 'volume': 10218400}]",2026-06-29,918800.0,13.0,0.0899162295467,62
LE,365508901.625746,weekly,2025-06-02,5258800.0,434,0,5,"[{'date': Timestamp('2025-06-02 00:00:00'), 'volume': 5258800.0}, {'date': Timestamp('2020-06-01 00:00:00'), 'volume': 4002700.0}, {'date': Timestamp('2020-03-16 00:00:00'), 'volume': 2831100.0}, {'date': Timestamp('2020-03-09 00:00:00'), 'volume': 1563500.0}, {'date': Timestamp('2020-01-06 00:00:00'), 'volume': 1312200.0}]",2026-08-10,774517.0,12.479999542236328,0.1472801779873735,345
PHAT,854983806.8085109,weekly,2025-06-02,56602000.0,434,0,13,"[{'date': Timestamp('2025-06-02 00:00:00'), 'volume': 56602000.0}, {'date': Timestamp('2024-11-11 00:00:00'), 'volume': 21982100.0}, {'date': Timestamp('2024-09-16 00:00:00'), 'volume': 8467700.0}, {'date': Timestamp('2024-02-12 00:00:00'), 'volume': 7778300.0}, {'date': Timestamp('2023-10-30 00:00:00'), 'volume': 4814800.0}, {'date': Timestamp('2023-05-22 00:00:00'), 'volume': 4564100.0}, {'date': Timestamp('2022-08-08 00:00:00'), 'volume': 4156100.0}, {'date': Timestamp('2022-05-09 00:00:00'), 'volume': 3765200.0}, {'date': Timestamp('2021-10-18 00:00:00'), 'volume': 2909800.0}, {'date': Timestamp('2020-12-14 00:00:00'), 'volume': 2631900.0}, {'date': Timestamp('2020-06-15 00:00:00'), 'volume': 1161200.0}, {'date': Timestamp('2020-01-13 00:00:00'), 'volume': 633500.0}, {'date': Timestamp('2020-01-06 00:00:00'), 'volume': 586700.0}]",2026-08-10,7360301.0,9.579999923706056,0.1300360587965089,345
ABX,950590671.8993504,weekly,2025-06-02,15823500.0,434,0,4,"[{'date': Timestamp('2025-06-02 00:00:00'), 'volume': 15823500.0}, {'date': Timestamp('2025-04-07 00:00:00'), 'volume': 3592500.0}, {'date': Timestamp('2024-11-18 00:00:00'), 'volume': 3087000.0}, {'date': Timestamp('2020-09-14 00:00:00'), 'volume': 2607800.0}]",2026-08-10,5186094.0,9.270000457763672,0.3277463266660347,309
HIFS,672389064.727996,weekly,2025-05-31,706800.0,436,0,15,"[{'date': Timestamp('2025-05-31 00:00:00'), 'volume': 706800.0}, {'date': Timestamp('2025-05-24 00:00:00'), 'volume': 546900.0}, {'date': Timestamp('2025-05-17 00:00:00'), 'volume': 533800.0}, {'date': Timestamp('2025-05-10 00:00:00'), 'volume': 298200.0}, {'date': Timestamp('2023-04-15 00:00:00'), 'volume': 187700.0}, {'date': Timestamp('2023-04-08 00:00:00'), 'volume': 150800.0}, {'date': Timestamp('2023-03-11 00:00:00'), 'volume': 120500.0}, {'date': Timestamp('2023-02-04 00:00:00'), 'volume': 101700.0}, {'date': Timestamp('2021-09-11 00:00:00'), 'volume': 99300.0}, {'date': Timestamp('2020-03-28 00:00:00'), 'volume': 96500.0}, {'date': Timestamp('2020-03-21 00:00:00'), 'volume': 52200.0}, {'date': Timestamp('2020-03-14 00:00:00'), 'volume': 49200.0}, {'date': Timestamp('2020-03-07 00:00:00'), 'volume': 36500.0}, {'date': Timestamp('2020-01-11 00:00:00'), 'volume': 32200.0}, {'date': Timestamp('2020-01-04 00:00:00'), 'volume': 29100.0}]",2026-08-10,310010.0,309.3299865722656,0.4386106395019807,346
WINA,1496146208.0032876,weekly,2025-05-31,3755800.0,436,0,7,"[{'date': Timestamp('2025-05-31 00:00:00'), 'volume': 3755800.0}, {'date': Timestamp('2025-05-24 00:00:00'), 'volume': 820900.0}, {'date': Timestamp('2020-05-23 00:00:00'), 'volume': 381400.0}, {'date': Timestamp('2020-03-21 00:00:00'), 'volume': 202800.0}, {'date': Timestamp('2020-03-14 00:00:00'), 'volume': 157100.0}, {'date': Timestamp('2020-02-29 00:00:00'), 'volume': 86000.0}, {'date': Timestamp('2020-01-04 00:00:00'), 'volume': 71600.0}]",2026-08-10,345986.0,351.010009765625,0.09212045369828,346
PBT,1134458084.9468212,weekly,2025-05-31,4295200.0,436,0,5,"[{'date': Timestamp('2025-05-31 00:00:00'), 'volume': 4295200.0}, {'date': Timestamp('2021-10-16 00:00:00'), 'volume': 3138700.0}, {'date': Timestamp('2020-03-07 00:00:00'), 'volume': 1665600.0}, {'date': Timestamp('2020-02-22 00:00:00'), 'volume': 1637300.0}, {'date': Timestamp('2020-01-04 00:00:00'), 'volume': 1116000.0}]",2026-08-10,665181.0,32.689998626708984,0.1548661296330787,346
PRTA,524579461.7734628,weekly,2025-05-26,23237800.0,441,0,10,"[{'date': Timestamp('2025-05-26 00:00:00'), 'volume': 23237800.0}, {'date': Timestamp('2022-09-26 00:00:00'), 'volume': 17598100.0}, {'date': Timestamp('2021-02-01 00:00:00'), 'volume': 4887900.0}, {'date': Timestamp('2020-09-14 00:00:00'), 'volume': 3458700.0}, {'date': Timestamp('2020-06-22 00:00:00'), 'volume': 2675600.0}, {'date': Timestamp('2020-06-15 00:00:00'), 'volume': 2192200.0}, {'date': Timestamp('2020-03-16 00:00:00'), 'volume': 2131700.0}, {'date': Timestamp('2020-03-09 00:00:00'), 'volume': 1523700.0}, {'date': Timestamp('2020-02-24 00:00:00'), 'volume': 1051700.0}, {'date': Timestamp('2020-01-06 00:00:00'), 'volume': 970900.0}]",2026-08-10,1949411.0,8.859999656677246,0.083889653925931,345
ALF,391000004.0,weekly,2025-05-26,3476300.0,441,0,6,"[{'date': Timestamp('2025-05-26 00:00:00'), 'volume': 3476300.0}, {'date': Timestamp('2025-05-12 00:00:00'), 'volume': 2297200.0}, {'date': Timestamp('2025-03-31 00:00:00'), 'volume': 2136300.0}, {'date': Timestamp('2024-08-19 00:00:00'), 'volume': 1973600.0}, {'date': Timestamp('2024-08-12 00:00:00'), 'volume': 1899100.0}, {'date': Timestamp('2024-07-29 00:00:00'), 'volume': 502300.0}]",2026-08-10,510.0,10.84000015258789,0.0001467077064695,107
ITIC,517764004.7911276,weekly,2025-05-24,621900.0,443,0,6,"[{'date': Timestamp('2025-05-24 00:00:00'), 'volume': 621900.0}, {'date': Timestamp('2025-05-17 00:00:00'), 'volume': 412900.0}, {'date': Timestamp('2025-05-10 00:00:00'), 'volume': 258600.0}, {'date': Timestamp('2024-07-13 00:00:00'), 'volume': 211000.0}, {'date': Timestamp('2020-02-08 00:00:00'), 'volume': 102400.0}, {'date': Timestamp('2020-01-04 00:00:00'), 'volume': 83200.0}]",2026-08-10,327937.0,287.7099914550781,0.5273146808168516,346
BHK,655073494.0,weekly,2025-05-19,2829700.0,448,0,7,"[{'date': Timestamp('2025-05-19 00:00:00'), 'volume': 2829700.0}, {'date': Timestamp('2022-06-13 00:00:00'), 'volume': 2744300.0}, {'date': Timestamp('2020-03-16 00:00:00'), 'volume': 2397000.0}, {'date': Timestamp('2020-03-09 00:00:00'), 'volume': 2291000.0}, {'date': Timestamp('2020-02-24 00:00:00'), 'volume': 1259300.0}, {'date': Timestamp('2020-01-27 00:00:00'), 'volume': 746600.0}, {'date': Timestamp('2020-01-06 00:00:00'), 'volume': 727100.0}]",2026-08-10,1016864.0,9.010000228881836,0.3593539951231579,345
BEAG,334789417.0,weekly,2025-05-19,3197200.0,448,0,3,"[{'date': Timestamp('2025-05-19 00:00:00'), 'volume': 3197200.0}, {'date': Timestamp('2025-04-28 00:00:00'), 'volume': 1791900.0}, {'date': Timestamp('2024-12-16 00:00:00'), 'volume': 1720200.0}]",2026-08-10,921.0,10.691200256347656,0.0002880645564869,87
BCAX,1765462863.6693242,weekly,2025-05-19,10149100.0,448,0,3,"[{'date': Timestamp('2025-05-19 00:00:00'), 'volume': 10149100.0}, {'date': Timestamp('2024-12-16 00:00:00'), 'volume': 7025400.0}, {'date': Timestamp('2024-09-09 00:00:00'), 'volume': 5074200.0}]",2026-08-10,3463994.0,24.280000686645508,0.3413104610261008,101
VGM,569436000.0,weekly,2025-05-17,4174900.0,450,0,8,"[{'date': Timestamp('2025-05-17 00:00:00'), 'volume': 4174900.0}, {'date': Timestamp('2024-01-13 00:00:00'), 'volume': 3191400.0}, {'date': Timestamp('2020-03-07 00:00:00'), 'volume': 2492500.0}, {'date': Timestamp('2020-02-22 00:00:00'), 'volume': 1729000.0}, {'date': Timestamp('2020-02-01 00:00:00'), 'volume': 768000.0}, {'date': Timestamp('2020-01-25 00:00:00'), 'volume': 693000.0}, {'date': Timestamp('2020-01-11 00:00:00'), 'volume': 560500.0}, {'date': Timestamp('2020-01-04 00:00:00'), 'volume': 514300.0}]",2026-08-10,690911.0,10.510000228881836,0.165491628542001,346
SHLS,1509946327.7890468,weekly,2025-05-12,75601600.0,455,0,8,"[{'date': Timestamp('2025-05-12 00:00:00'), 'volume': 75601600.0}, {'date': Timestamp('2024-09-02 00:00:00'), 'volume': 52058600.0}, {'date': Timestamp('2024-08-05 00:00:00'), 'volume': 47961500.0}, {'date': Timestamp('2024-05-20 00:00:00'), 'volume': 45128200.0}, {'date': Timestamp('2023-03-06 00:00:00'), 'volume': 41220200.0}, {'date': Timestamp('2022-11-28 00:00:00'), 'volume': 31313900.0}, {'date': Timestamp('2021-02-01 00:00:00'), 'volume': 26315800.0}, {'date': Timestamp('2021-01-25 00:00:00'), 'volume': 12103800.0}]",2026-08-10,17621102.0,8.449999809265137,0.2330784269115997,290
CMDB,422432874.64189184,weekly,2025-05-12,1306200.0,455,0,3,"[{'date': Timestamp('2025-05-12 00:00:00'), 'volume': 1306200.0}, {'date': Timestamp('2025-05-05 00:00:00'), 'volume': 673800.0}, {'date': Timestamp('2025-04-28 00:00:00'), 'volume': 1600.0}]",2026-08-10,227487.0,18.229999542236328,0.1741593936610014,68
TXO,691083761.1377102,weekly,2025-05-12,5625600.0,455,0,3,"[{'date': Timestamp('2025-05-12 00:00:00'), 'volume': 5625600.0}, {'date': Timestamp('2025-02-24 00:00:00'), 'volume': 1617900.0}, {'date': Timestamp('2023-01-23 00:00:00'), 'volume': 1538100.0}]",2026-08-10,1473942.0,13.8100004196167,0.2620061860068259,186
CODI,783206473.5928935,weekly,2025-05-05,20158400.0,462,0,6,"[{'date': Timestamp('2025-05-05 00:00:00'), 'volume': 20158400.0}, {'date': Timestamp('2022-06-20 00:00:00'), 'volume': 9483500.0}, {'date': Timestamp('2020-05-04 00:00:00'), 'volume': 6288300.0}, {'date': Timestamp('2020-02-24 00:00:00'), 'volume': 3675200.0}, {'date': Timestamp('2020-01-13 00:00:00'), 'volume': 1897700.0}, {'date': Timestamp('2020-01-06 00:00:00'), 'volume': 1067100.0}]",2026-08-10,7235549.0,12.710000038146973,0.3589346872767679,345
AII,366740100.6915255,weekly,2025-05-05,4517800.0,462,0,1,"[{'date': Timestamp('2025-05-05 00:00:00'), 'volume': 4517800.0}]",2026-08-10,1276581.0,23.989999771118164,0.2825669573686307,67
STRZ,486555804.62092495,weekly,2025-05-05,3801000.0,462,0,1,"[{'date': Timestamp('2025-05-05 00:00:00'), 'volume': 3801000.0}]",2026-08-10,1650243.0,26.0,0.4341602209944751,67
QNST,812277509.0825827,weekly,2025-05-05,8030200.0,462,0,8,"[{'date': Timestamp('2025-05-05 00:00:00'), 'volume': 8030200.0}, {'date': Timestamp('2023-05-01 00:00:00'), 'volume': 6851900.0}, {'date': Timestamp('2022-02-07 00:00:00'), 'volume': 6105000.0}, {'date': Timestamp('2021-11-01 00:00:00'), 'volume': 4641400.0}, {'date': Timestamp('2020-02-03 00:00:00'), 'volume': 4455700.0}, {'date': Timestamp('2020-01-27 00:00:00'), 'volume': 2658700.0}, {'date': Timestamp('2020-01-13 00:00:00'), 'volume': 2272500.0}, {'date': Timestamp('2020-01-06 00:00:00'), 'volume': 1592200.0}]",2026-08-10,7236166.0,20.5,0.9011190256780652,345
PDM,1185180063.5714283,weekly,2025-04-28,14056100.0,469,0,7,"[{'date': Timestamp('2025-04-28 00:00:00'), 'volume': 14056100.0}, {'date': Timestamp('2023-03-13 00:00:00'), 'volume': 13188500.0}, {'date': Timestamp('2022-12-12 00:00:00'), 'volume': 10949600.0}, {'date': Timestamp('2020-03-09 00:00:00'), 'volume': 9130100.0}, {'date': Timestamp('2020-03-02 00:00:00'), 'volume': 6352400.0}, {'date': Timestamp('2020-01-13 00:00:00'), 'volume': 6171500.0}, {'date': Timestamp('2020-01-06 00:00:00'), 'volume': 5450000.0}]",2026-08-10,5751032.0,9.479999542236328,0.4091484835765255,345
YB,671618921.0,weekly,2025-04-28,1380200.0,469,0,1,"[{'date': Timestamp('2025-04-28 00:00:00'), 'volume': 1380200.0}]",2026-08-10,51804.0,13.470000267028809,0.0375336907694537,68
RCKY,311307453.5768375,weekly,2025-04-26,1273400.0,471,0,7,"[{'date': Timestamp('2025-04-26 00:00:00'), 'volume': 1273400.0}, {'date': Timestamp('2021-07-31 00:00:00'), 'volume': 825100.0}, {'date': Timestamp('2021-05-01 00:00:00'), 'volume': 714500.0}, {'date': Timestamp('2021-03-27 00:00:00'), 'volume': 547200.0}, {'date': Timestamp('2021-02-27 00:00:00'), 'volume': 436200.0}, {'date': Timestamp('2020-04-25 00:00:00'), 'volume': 395900.0}, {'date': Timestamp('2020-01-04 00:00:00'), 'volume': 380800.0}]",2026-08-10,257349.0,47.52999877929688,0.2020959635621171,346
THRM,1086542056.6618705,weekly,2025-04-19,4511900.0,478,0,11,"[{'date': Timestamp('2025-04-19 00:00:00'), 'volume': 4511900.0}, {'date': Timestamp('2025-03-29 00:00:00'), 'volume': 2737900.0}, {'date': Timestamp('2023-10-28 00:00:00'), 'volume': 2332300.0}, {'date': Timestamp('2022-01-15 00:00:00'), 'volume': 2076600.0}, {'date': Timestamp('2022-01-08 00:00:00'), 'volume': 1816300.0}, {'date': Timestamp('2021-10-23 00:00:00'), 'volume': 1799900.0}, {'date': Timestamp('2020-03-14 00:00:00'), 'volume': 1588900.0}, {'date': Timestamp('2020-03-07 00:00:00'), 'volume': 1138000.0}, {'date': Timestamp('2020-02-22 00:00:00'), 'volume': 1048900.0}, {'date': Timestamp('2020-02-01 00:00:00'), 'volume': 930400.0}, {'date': Timestamp('2020-01-04 00:00:00'), 'volume': 661700.0}]",2026-08-10,2073056.0,44.0,0.4594640838671069,346
PDO,1853295163.2,weekly,2025-04-07,8179700.0,490,0,7,"[{'date': Timestamp('2025-04-07 00:00:00'), 'volume': 8179700.0}, {'date': Timestamp('2022-12-12 00:00:00'), 'volume': 7241200.0}, {'date': Timestamp('2022-06-13 00:00:00'), 'volume': 4366500.0}, {'date': Timestamp('2021-12-27 00:00:00'), 'volume': 4228800.0}, {'date': Timestamp('2021-06-07 00:00:00'), 'volume': 3941500.0}, {'date': Timestamp('2021-05-24 00:00:00'), 'volume': 3445400.0}, {'date': Timestamp('2021-02-01 00:00:00'), 'volume': 1497400.0}]",2026-08-10,3826738.0,12.789999961853027,0.4678335391273518,289
DEA,1156589462.89246,weekly,2025-04-07,6747640.0,490,0,10,"[{'date': Timestamp('2025-04-07 00:00:00'), 'volume': 6747640.0}, {'date': Timestamp('2023-04-03 00:00:00'), 'volume': 4734880.0}, {'date': Timestamp('2022-12-12 00:00:00'), 'volume': 3185680.0}, {'date': Timestamp('2022-05-09 00:00:00'), 'volume': 3026040.0}, {'date': Timestamp('2021-06-21 00:00:00'), 'volume': 2927320.0}, {'date': Timestamp('2020-03-23 00:00:00'), 'volume': 2694840.0}, {'date': Timestamp('2020-03-09 00:00:00'), 'volume': 2448120.0}, {'date': Timestamp('2020-02-24 00:00:00'), 'volume': 2197680.0}, {'date': Timestamp('2020-02-03 00:00:00'), 'volume': 1058400.0}, {'date': Timestamp('2020-01-06 00:00:00'), 'volume': 1053680.0}]",2026-08-10,1906103.0,24.790000915527344,0.2824843945438701,345
NBH,309212964.0,weekly,2025-04-07,1019400.0,490,0,10,"[{'date': Timestamp('2025-04-07 00:00:00'), 'volume': 1019400.0}, {'date': Timestamp('2024-12-16 00:00:00'), 'volume': 860200.0}, {'date': Timestamp('2023-12-25 00:00:00'), 'volume': 848800.0}, {'date': Timestamp('2022-12-26 00:00:00'), 'volume': 753900.0}, {'date': Timestamp('2022-10-31 00:00:00'), 'volume': 621400.0}, {'date': Timestamp('2020-03-23 00:00:00'), 'volume': 581200.0}, {'date': Timestamp('2020-03-16 00:00:00'), 'volume': 434600.0}, {'date': Timestamp('2020-02-24 00:00:00'), 'volume': 376200.0}, {'date': Timestamp('2020-01-13 00:00:00'), 'volume': 246900.0}, {'date': Timestamp('2020-01-06 00:00:00'), 'volume': 181500.0}]",2026-08-10,599750.0,10.329999923706056,0.588336276240926,345
CBLL,758095116.6325393,weekly,2025-04-07,4326600.0,490,0,3,"[{'date': Timestamp('2025-04-07 00:00:00'), 'volume': 4326600.0}, {'date': Timestamp('2024-12-16 00:00:00'), 'volume': 4154800.0}, {'date': Timestamp('2024-10-07 00:00:00'), 'volume': 3571200.0}]",2026-08-10,2053824.0,23.32999992370605,0.4746969907086396,97
ARCO,1735588750.3271832,weekly,2025-04-07,16874600.0,490,0,11,"[{'date': Timestamp('2025-04-07 00:00:00'), 'volume': 16874600.0}, {'date': Timestamp('2022-02-28 00:00:00'), 'volume': 16488400.0}, {'date': Timestamp('2020-09-14 00:00:00'), 'volume': 12883500.0}, {'date': Timestamp('2020-06-01 00:00:00'), 'volume': 10442300.0}, {'date': Timestamp('2020-03-23 00:00:00'), 'volume': 10207400.0}, {'date': Timestamp('2020-03-16 00:00:00'), 'volume': 8094500.0}, {'date': Timestamp('2020-03-09 00:00:00'), 'volume': 4368000.0}, {'date': Timestamp('2020-03-02 00:00:00'), 'volume': 3524700.0}, {'date': Timestamp('2020-01-20 00:00:00'), 'volume': 3505900.0}, {'date': Timestamp('2020-01-13 00:00:00'), 'volume': 2651900.0}, {'date': Timestamp('2020-01-06 00:00:00'), 'volume': 2452500.0}]",2026-08-10,8258850.0,7.909999847412109,0.4894249345169663,345
PCN,868587698.0,weekly,2025-04-07,3203200.0,490,0,6,"[{'date': Timestamp('2025-04-07 00:00:00'), 'volume': 3203200.0}, {'date': Timestamp('2024-04-22 00:00:00'), 'volume': 2639400.0}, {'date': Timestamp('2020-03-16 00:00:00'), 'volume': 2442100.0}, {'date': Timestamp('2020-02-24 00:00:00'), 'volume': 2388500.0}, {'date': Timestamp('2020-01-13 00:00:00'), 'volume': 582900.0}, {'date': Timestamp('2020-01-06 00:00:00'), 'volume': 534600.0}]",2026-08-10,2148876.0,11.770000457763672,0.6708528971028971,345
ETB,442382982.0,weekly,2025-04-07,1442400.0,490,0,7,"[{'date': Timestamp('2025-04-07 00:00:00'), 'volume': 1442400.0}, {'date': Timestamp('2020-03-23 00:00:00'), 'volume': 1380700.0}, {'date': Timestamp('2020-03-16 00:00:00'), 'volume': 1230000.0}, {'date': Timestamp('2020-03-09 00:00:00'), 'volume': 1121900.0}, {'date': Timestamp('2020-03-02 00:00:00'), 'volume': 878800.0}, {'date': Timestamp('2020-02-24 00:00:00'), 'volume': 747000.0}, {'date': Timestamp('2020-01-06 00:00:00'), 'volume': 417700.0}]",2026-08-10,306497.0,15.5,0.2124909872434831,345
MYI,1344011060.0,weekly,2025-04-05,2853900.0,492,0,5,"[{'date': Timestamp('2025-04-05 00:00:00'), 'volume': 2853900.0}, {'date': Timestamp('2020-03-14 00:00:00'), 'volume': 2657200.0}, {'date': Timestamp('2020-02-22 00:00:00'), 'volume': 1727900.0}, {'date': Timestamp('2020-01-18 00:00:00'), 'volume': 755100.0}, {'date': Timestamp('2020-01-04 00:00:00'), 'volume': 571100.0}]",2026-08-10,1730111.0,10.829999923706056,0.6062269175514209,346
RLJ,1836988753.2463136,weekly,2025-03-31,25889800.0,497,0,4,"[{'date': Timestamp('2025-03-31 00:00:00'), 'volume': 25889800.0}, {'date': Timestamp('2020-03-16 00:00:00'), 'volume': 23379900.0}, {'date': Timestamp('2020-02-24 00:00:00'), 'volume': 21324000.0}, {'date': Timestamp('2020-01-06 00:00:00'), 'volume': 9283900.0}]",2026-08-10,10773734.0,10.989999771118164,0.4161381702446523,345
NCNO,1712312741.926829,weekly,2025-03-31,34968500.0,497,0,2,"[{'date': Timestamp('2025-03-31 00:00:00'), 'volume': 34968500.0}, {'date': Timestamp('2020-07-13 00:00:00'), 'volume': 19070100.0}]",2026-08-10,10883760.0,20.809999465942383,0.3112446916510574,318
SMA,1984287873.4496644,weekly,2025-03-31,15950000.0,497,0,1,"[{'date': Timestamp('2025-03-31 00:00:00'), 'volume': 15950000.0}]",2026-08-10,2956434.0,34.150001525878906,0.1853563636363636,72
PFLT,734212424.3741404,weekly,2025-03-31,13302000.0,497,0,9,"[{'date': Timestamp('2025-03-31 00:00:00'), 'volume': 13302000.0}, {'date': Timestamp('2023-06-26 00:00:00'), 'volume': 12602100.0}, {'date': Timestamp('2023-01-23 00:00:00'), 'volume': 7549800.0}, {'date': Timestamp('2022-08-08 00:00:00'), 'volume': 4719200.0}, {'date': Timestamp('2020-03-16 00:00:00'), 'volume': 3563200.0}, {'date': Timestamp('2020-03-09 00:00:00'), 'volume': 2249400.0}, {'date': Timestamp('2020-02-24 00:00:00'), 'volume': 1937700.0}, {'date': Timestamp('2020-01-13 00:00:00'), 'volume': 826800.0}, {'date': Timestamp('2020-01-06 00:00:00'), 'volume': 635400.0}]",2026-08-10,6363563.0,7.360000133514404,0.4783914448955044,345
NMAX,967413246.6026988,weekly,2025-03-31,45517300.0,497,0,1,"[{'date': Timestamp('2025-03-31 00:00:00'), 'volume': 45517300.0}]",2026-08-10,14947644.0,10.869999885559082,0.3283947861582299,72
ASLE,309506005.5271318,weekly,2025-03-17,7927300.0,511,0,8,"[{'date': Timestamp('2025-03-17 00:00:00'), 'volume': 7927300.0}, {'date': Timestamp('2024-03-11 00:00:00'), 'volume': 7181800.0}, {'date': Timestamp('2023-09-11 00:00:00'), 'volume': 7016300.0}, {'date': Timestamp('2023-08-07 00:00:00'), 'volume': 6004400.0}, {'date': Timestamp('2020-03-09 00:00:00'), 'volume': 4784700.0}, {'date': Timestamp('2020-02-24 00:00:00'), 'volume': 1067600.0}, {'date': Timestamp('2020-01-13 00:00:00'), 'volume': 385500.0}, {'date': Timestamp('2020-01-06 00:00:00'), 'volume': 191900.0}]",2026-08-10,2977153.0,5.869999885559082,0.3755569992305072,345
OSG,300240687.05528456,weekly,2025-03-17,14987900.0,511,0,8,"[{'date': Timestamp('2025-03-17 00:00:00'), 'volume': 14987900.0}, {'date': Timestamp('2022-03-14 00:00:00'), 'volume': 12692600.0}, {'date': Timestamp('2020-05-11 00:00:00'), 'volume': 6277900.0}, {'date': Timestamp('2020-03-30 00:00:00'), 'volume': 3709700.0}, {'date': Timestamp('2020-03-23 00:00:00'), 'volume': 3177000.0}, {'date': Timestamp('2020-03-16 00:00:00'), 'volume': 2869200.0}, {'date': Timestamp('2020-01-13 00:00:00'), 'volume': 2349000.0}, {'date': Timestamp('2020-01-06 00:00:00'), 'volume': 1478000.0}]",2026-08-10,3006328.0,4.900000095367432,0.2005836708278011,345
WS,1959600602.7086616,weekly,2025-03-17,4600200.0,511,0,4,"[{'date': Timestamp('2025-03-17 00:00:00'), 'volume': 4600200.0}, {'date': Timestamp('2024-12-16 00:00:00'), 'volume': 4588800.0}, {'date': Timestamp('2023-12-04 00:00:00'), 'volume': 3450100.0}, {'date': Timestamp('2023-11-27 00:00:00'), 'volume': 1049500.0}]",2026-08-10,676418.0,37.93999862670898,0.1470409982174688,142
AMAL,1402271952.3111355,weekly,2025-03-17,1990200.0,511,0,8,"[{'date': Timestamp('2025-03-17 00:00:00'), 'volume': 1990200.0}, {'date': Timestamp('2022-08-15 00:00:00'), 'volume': 1823700.0}, {'date': Timestamp('2020-03-16 00:00:00'), 'volume': 1468900.0}, {'date': Timestamp('2020-03-09 00:00:00'), 'volume': 985100.0}, {'date': Timestamp('2020-03-02 00:00:00'), 'volume': 489800.0}, {'date': Timestamp('2020-02-24 00:00:00'), 'volume': 441700.0}, {'date': Timestamp('2020-01-27 00:00:00'), 'volume': 336200.0}, {'date': Timestamp('2020-01-06 00:00:00'), 'volume': 242300.0}]",2026-08-10,681012.0,51.060001373291016,0.3421826952065119,345
FISI,766390357.9454781,weekly,2025-03-15,1885900.0,513,0,10,"[{'date': Timestamp('2025-03-15 00:00:00'), 'volume': 1885900.0}, {'date': Timestamp('2024-12-07 00:00:00'), 'volume': 1613000.0}, {'date': Timestamp('2023-06-03 00:00:00'), 'volume': 1149000.0}, {'date': Timestamp('2022-03-12 00:00:00'), 'volume': 690200.0}, {'date': Timestamp('2021-03-13 00:00:00'), 'volume': 557900.0}, {'date': Timestamp('2020-03-14 00:00:00'), 'volume': 530000.0}, {'date': Timestamp('2020-03-07 00:00:00'), 'volume': 375700.0}, {'date': Timestamp('2020-02-29 00:00:00'), 'volume': 219300.0}, {'date': Timestamp('2020-02-22 00:00:00'), 'volume': 210100.0}, {'date': Timestamp('2020-01-04 00:00:00'), 'volume': 163700.0}]",2026-08-10,652190.0,41.75,0.3458242748820192,346
SRCE,1972686409.0346105,weekly,2025-03-15,1256000.0,513,0,9,"[{'date': Timestamp('2025-03-15 00:00:00'), 'volume': 1256000.0}, {'date': Timestamp('2021-03-13 00:00:00'), 'volume': 1002700.0}, {'date': Timestamp('2020-06-13 00:00:00'), 'volume': 777800.0}, {'date': Timestamp('2020-03-07 00:00:00'), 'volume': 567800.0}, {'date': Timestamp('2020-02-22 00:00:00'), 'volume': 279400.0}, {'date': Timestamp('2020-02-01 00:00:00'), 'volume': 242900.0}, {'date': Timestamp('2020-01-18 00:00:00'), 'volume': 229200.0}, {'date': Timestamp('2020-01-11 00:00:00'), 'volume': 225500.0}, {'date': Timestamp('2020-01-04 00:00:00'), 'volume': 182900.0}]",2026-08-10,728609.0,88.5999984741211,0.5801027070063695,346
LZB,1633797558.441177,weekly,2025-03-15,7643000.0,513,0,11,"[{'date': Timestamp('2025-03-15 00:00:00'), 'volume': 7643000.0}, {'date': Timestamp('2022-06-18 00:00:00'), 'volume': 6493200.0}, {'date': Timestamp('2022-02-12 00:00:00'), 'volume': 6049700.0}, {'date': Timestamp('2021-06-19 00:00:00'), 'volume': 4475900.0}, {'date': Timestamp('2021-02-27 00:00:00'), 'volume': 4207200.0}, {'date': Timestamp('2020-11-14 00:00:00'), 'volume': 4067800.0}, {'date': Timestamp('2020-06-20 00:00:00'), 'volume': 3323800.0}, {'date': Timestamp('2020-03-14 00:00:00'), 'volume': 3149700.0}, {'date': Timestamp('2020-03-07 00:00:00'), 'volume': 2900200.0}, {'date': Timestamp('2020-02-15 00:00:00'), 'volume': 2276500.0}, {'date': Timestamp('2020-01-04 00:00:00'), 'volume': 1318900.0}]",2026-08-10,2139310.0,41.84999847412109,0.2799044877665838,346
WNC,571469251.4885224,weekly,2025-03-15,15735900.0,513,0,9,"[{'date': Timestamp('2025-03-15 00:00:00'), 'volume': 15735900.0}, {'date': Timestamp('2023-12-09 00:00:00'), 'volume': 7786600.0}, {'date': Timestamp('2020-05-09 00:00:00'), 'volume': 6039800.0}, {'date': Timestamp('2020-03-14 00:00:00'), 'volume': 5838300.0}, {'date': Timestamp('2020-03-07 00:00:00'), 'volume': 5529000.0}, {'date': Timestamp('2020-02-08 00:00:00'), 'volume': 5145200.0}, {'date': Timestamp('2020-01-25 00:00:00'), 'volume': 4682200.0}, {'date': Timestamp('2020-01-11 00:00:00'), 'volume': 4094200.0}, {'date': Timestamp('2020-01-04 00:00:00'), 'volume': 1492000.0}]",2026-08-10,5606434.0,12.5600004196167,0.3562830216257093,346
MATV,451411734.29625,weekly,2025-03-15,19497500.0,513,0,9,"[{'date': Timestamp('2025-03-15 00:00:00'), 'volume': 19497500.0}, {'date': Timestamp('2025-03-08 00:00:00'), 'volume': 11481500.0}, {'date': Timestamp('2023-11-11 00:00:00'), 'volume': 6989000.0}, {'date': Timestamp('2022-07-09 00:00:00'), 'volume': 4279100.0}, {'date': Timestamp('2022-06-25 00:00:00'), 'volume': 3950700.0}, {'date': Timestamp('2020-02-22 00:00:00'), 'volume': 2577800.0}, {'date': Timestamp('2020-02-15 00:00:00'), 'volume': 1155600.0}, {'date': Timestamp('2020-01-25 00:00:00'), 'volume': 1147700.0}, {'date': Timestamp('2020-01-04 00:00:00'), 'volume': 1144100.0}]",2026-08-10,4291525.0,12.210000038146973,0.2201064239005,346
SCSC,1033908797.91134,weekly,2025-03-15,3249200.0,513,0,10,"[{'date': Timestamp('2025-03-15 00:00:00'), 'volume': 3249200.0}, {'date': Timestamp('2024-12-14 00:00:00'), 'volume': 2959400.0}, {'date': Timestamp('2023-12-09 00:00:00'), 'volume': 2749500.0}, {'date': Timestamp('2022-08-20 00:00:00'), 'volume': 2033600.0}, {'date': Timestamp('2020-03-14 00:00:00'), 'volume': 1540000.0}, {'date': Timestamp('2020-02-22 00:00:00'), 'volume': 814500.0}, {'date': Timestamp('2020-02-01 00:00:00'), 'volume': 811500.0}, {'date': Timestamp('2020-01-25 00:00:00'), 'volume': 437700.0}, {'date': Timestamp('2020-01-18 00:00:00'), 'volume': 381700.0}, {'date': Timestamp('2020-01-04 00:00:00'), 'volume': 366300.0}]",2026-08-10,1495905.0,53.18999862670898,0.4603917887479995,346
EBF,553779158.3216816,weekly,2025-03-15,2886100.0,513,0,6,"[{'date': Timestamp('2025-03-15 00:00:00'), 'volume': 2886100.0}, {'date': Timestamp('2024-10-05 00:00:00'), 'volume': 2607400.0}, {'date': Timestamp('2020-02-22 00:00:00'), 'volume': 1858300.0}, {'date': Timestamp('2020-01-25 00:00:00'), 'volume': 889300.0}, {'date': Timestamp('2020-01-11 00:00:00'), 'volume': 643900.0}, {'date': Timestamp('2020-01-04 00:00:00'), 'volume': 487500.0}]",2026-08-10,696247.0,22.100000381469727,0.241241467724611,346
EMF,342755347.0,weekly,2025-03-15,1147000.0,513,0,5,"[{'date': Timestamp('2025-03-15 00:00:00'), 'volume': 1147000.0}, {'date': Timestamp('2020-03-07 00:00:00'), 'volume': 672600.0}, {'date': Timestamp('2020-02-22 00:00:00'), 'volume': 424700.0}, {'date': Timestamp('2020-01-25 00:00:00'), 'volume': 257300.0}, {'date': Timestamp('2020-01-04 00:00:00'), 'volume': 246100.0}]",2026-08-10,98482.0,22.23500061035156,0.0858605056669572,346
CAC,918974608.9847544,weekly,2025-03-15,931600.0,513,0,10,"[{'date': Timestamp('2025-03-15 00:00:00'), 'volume': 931600.0}, {'date': Timestamp('2024-06-22 00:00:00'), 'volume': 722300.0}, {'date': Timestamp('2023-06-17 00:00:00'), 'volume': 592100.0}, {'date': Timestamp('2020-03-14 00:00:00'), 'volume': 509000.0}, {'date': Timestamp('2020-03-07 00:00:00'), 'volume': 386100.0}, {'date': Timestamp('2020-02-29 00:00:00'), 'volume': 378200.0}, {'date': Timestamp('2020-02-01 00:00:00'), 'volume': 361600.0}, {'date': Timestamp('2020-01-25 00:00:00'), 'volume': 302000.0}, {'date': Timestamp('2020-01-11 00:00:00'), 'volume': 270300.0}, {'date': Timestamp('2020-01-04 00:00:00'), 'volume': 218400.0}]",2026-08-10,414947.0,58.77000045776367,0.4454132674967797,346
HFWA,1216779452.7142367,weekly,2025-03-15,3867500.0,513,0,11,"[{'date': Timestamp('2025-03-15 00:00:00'), 'volume': 3867500.0}, {'date': Timestamp('2023-03-11 00:00:00'), 'volume': 2701300.0}, {'date': Timestamp('2022-12-10 00:00:00'), 'volume': 2420700.0}, {'date': Timestamp('2021-06-19 00:00:00'), 'volume': 2060300.0}, {'date': Timestamp('2020-06-13 00:00:00'), 'volume': 1774600.0}, {'date': Timestamp('2020-03-14 00:00:00'), 'volume': 1770300.0}, {'date': Timestamp('2020-03-07 00:00:00'), 'volume': 1380200.0}, {'date': Timestamp('2020-02-29 00:00:00'), 'volume': 1192500.0}, {'date': Timestamp('2020-02-22 00:00:00'), 'volume': 938100.0}, {'date': Timestamp('2020-01-25 00:00:00'), 'volume': 698600.0}, {'date': Timestamp('2020-01-04 00:00:00'), 'volume': 608800.0}]",2026-08-10,1684530.0,29.739999771118164,0.4355604395604395,346
GOOD,609240835.9066116,weekly,2025-03-10,4631800.0,518,0,8,"[{'date': Timestamp('2025-03-10 00:00:00'), 'volume': 4631800.0}, {'date': Timestamp('2025-03-03 00:00:00'), 'volume': 4434800.0}, {'date': Timestamp('2023-01-09 00:00:00'), 'volume': 3498700.0}, {'date': Timestamp('2020-03-16 00:00:00'), 'volume': 2896700.0}, {'date': Timestamp('2020-03-09 00:00:00'), 'volume': 2015600.0}, {'date': Timestamp('2020-02-24 00:00:00'), 'volume': 1691500.0}, {'date': Timestamp('2020-01-27 00:00:00'), 'volume': 1486700.0}, {'date': Timestamp('2020-01-06 00:00:00'), 'volume': 1193900.0}]",2026-08-10,2185313.0,12.93000030517578,0.4718064251478907,345
KFII,414182840.2459091,weekly,2025-03-10,4086900.0,518,0,1,"[{'date': Timestamp('2025-03-10 00:00:00'), 'volume': 4086900.0}]",2026-08-10,2381.0,10.619999885559082,0.0005825931635224,75
KRP,1727736351.343729,weekly,2025-03-03,11281900.0,525,0,6,"[{'date': Timestamp('2025-03-03 00:00:00'), 'volume': 11281900.0}, {'date': Timestamp('2025-01-06 00:00:00'), 'volume': 7769800.0}, {'date': Timestamp('2023-07-31 00:00:00'), 'volume': 5914300.0}, {'date': Timestamp('2022-10-31 00:00:00'), 'volume': 5180900.0}, {'date': Timestamp('2021-11-08 00:00:00'), 'volume': 4779400.0}, {'date': Timestamp('2020-01-06 00:00:00'), 'volume': 3781700.0}]",2026-08-10,8194311.0,15.100000381469728,0.7263236688855601,345
KMTS,1542807689.6612048,weekly,2025-03-03,4470900.0,525,0,1,"[{'date': Timestamp('2025-03-03 00:00:00'), 'volume': 4470900.0}]",2026-08-10,1462747.0,28.020000457763672,0.3271705920508175,76
ALDF,318395178.6092653,weekly,2025-03-03,1332000.0,525,0,3,"[{'date': Timestamp('2025-03-03 00:00:00'), 'volume': 1332000.0}, {'date': Timestamp('2024-12-16 00:00:00'), 'volume': 1015400.0}, {'date': Timestamp('2024-12-09 00:00:00'), 'volume': 300.0}]",2026-08-10,10.0,10.779999732971191,7.507507507507507e-06,88
MASS,332003580.08017814,weekly,2025-03-03,144252200.0,525,0,4,"[{'date': Timestamp('2025-03-03 00:00:00'), 'volume': 144252200.0}, {'date': Timestamp('2025-01-13 00:00:00'), 'volume': 16931100.0}, {'date': Timestamp('2022-11-14 00:00:00'), 'volume': 4347800.0}, {'date': Timestamp('2020-12-14 00:00:00'), 'volume': 4217800.0}]",2026-08-10,3006705.0,10.010000228881836,0.0208433909500167,296
AMRC,1420157091.935879,weekly,2025-03-03,9078700.0,525,0,8,"[{'date': Timestamp('2025-03-03 00:00:00'), 'volume': 9078700.0}, {'date': Timestamp('2023-11-06 00:00:00'), 'volume': 7861300.0}, {'date': Timestamp('2021-03-01 00:00:00'), 'volume': 6512900.0}, {'date': Timestamp('2020-06-29 00:00:00'), 'volume': 4064800.0}, {'date': Timestamp('2020-06-22 00:00:00'), 'volume': 3723600.0}, {'date': Timestamp('2020-03-02 00:00:00'), 'volume': 2299400.0}, {'date': Timestamp('2020-02-17 00:00:00'), 'volume': 2121600.0}, {'date': Timestamp('2020-01-06 00:00:00'), 'volume': 1410100.0}]",2026-08-10,2730360.0,27.89999961853028,0.3007434985185103,345
MLR,603175253.6655837,weekly,2025-03-01,1385900.0,527,0,12,"[{'date': Timestamp('2025-03-01 00:00:00'), 'volume': 1385900.0}, {'date': Timestamp('2024-11-09 00:00:00'), 'volume': 759700.0}, {'date': Timestamp('2024-09-14 00:00:00'), 'volume': 664400.0}, {'date': Timestamp('2024-06-22 00:00:00'), 'volume': 607600.0}, {'date': Timestamp('2022-04-16 00:00:00'), 'volume': 533900.0}, {'date': Timestamp('2020-03-28 00:00:00'), 'volume': 487700.0}, {'date': Timestamp('2020-03-14 00:00:00'), 'volume': 482200.0}, {'date': Timestamp('2020-03-07 00:00:00'), 'volume': 445200.0}, {'date': Timestamp('2020-02-29 00:00:00'), 'volume': 340000.0}, {'date': Timestamp('2020-02-22 00:00:00'), 'volume': 322600.0}, {'date': Timestamp('2020-01-11 00:00:00'), 'volume': 264500.0}, {'date': Timestamp('2020-01-04 00:00:00'), 'volume': 131500.0}]",2026-08-10,616026.0,56.86000061035156,0.4444952738292806,346
ARHS,1190352004.2740743,weekly,2025-02-24,18577100.0,532,0,4,"[{'date': Timestamp('2025-02-24 00:00:00'), 'volume': 18577100.0}, {'date': Timestamp('2024-08-05 00:00:00'), 'volume': 15206500.0}, {'date': Timestamp('2023-03-06 00:00:00'), 'volume': 15082900.0}, {'date': Timestamp('2021-11-01 00:00:00'), 'volume': 7125600.0}]",2026-08-10,6260627.0,9.8100004196167,0.3370077676278859,250
CRI,1597452566.3866327,weekly,2025-02-24,14507800.0,532,0,6,"[{'date': Timestamp('2025-02-24 00:00:00'), 'volume': 14507800.0}, {'date': Timestamp('2024-12-16 00:00:00'), 'volume': 13490000.0}, {'date': Timestamp('2024-07-22 00:00:00'), 'volume': 9707300.0}, {'date': Timestamp('2020-02-24 00:00:00'), 'volume': 6922400.0}, {'date': Timestamp('2020-02-17 00:00:00'), 'volume': 2423300.0}, {'date': Timestamp('2020-01-06 00:00:00'), 'volume': 2196500.0}]",2026-08-10,5019171.0,38.720001220703125,0.3459636195701622,345
ADUS,1809550029.8368783,weekly,2025-02-24,2053800.0,532,0,9,"[{'date': Timestamp('2025-02-24 00:00:00'), 'volume': 2053800.0}, {'date': Timestamp('2023-05-01 00:00:00'), 'volume': 1988400.0}, {'date': Timestamp('2023-04-24 00:00:00'), 'volume': 1900700.0}, {'date': Timestamp('2020-03-16 00:00:00'), 'volume': 1685000.0}, {'date': Timestamp('2020-02-24 00:00:00'), 'volume': 1043700.0}, {'date': Timestamp('2020-02-03 00:00:00'), 'volume': 736800.0}, {'date': Timestamp('2020-01-27 00:00:00'), 'volume': 583900.0}, {'date': Timestamp('2020-01-13 00:00:00'), 'volume': 510800.0}, {'date': Timestamp('2020-01-06 00:00:00'), 'volume': 462800.0}]",2026-08-10,1054493.0,116.05999755859376,0.5134350959197584,345
CYD,1681571219.1978817,weekly,2025-02-22,7166400.0,534,0,11,"[{'date': Timestamp('2025-02-22 00:00:00'), 'volume': 7166400.0}, {'date': Timestamp('2025-02-15 00:00:00'), 'volume': 4214500.0}, {'date': Timestamp('2024-12-21 00:00:00'), 'volume': 982700.0}, {'date': Timestamp('2021-12-25 00:00:00'), 'volume': 796600.0}, {'date': Timestamp('2021-06-19 00:00:00'), 'volume': 663600.0}, {'date': Timestamp('2020-09-12 00:00:00'), 'volume': 660800.0}, {'date': Timestamp('2020-03-14 00:00:00'), 'volume': 589100.0}, {'date': Timestamp('2020-03-07 00:00:00'), 'volume': 418400.0}, {'date': Timestamp('2020-02-22 00:00:00'), 'volume': 274800.0}, {'date': Timestamp('2020-01-11 00:00:00'), 'volume': 222600.0}, {'date': Timestamp('2020-01-04 00:00:00'), 'volume': 122200.0}]",2026-08-10,576770.0,45.2400016784668,0.080482529582496,346
CRF,843200240.0,weekly,2025-02-22,14984310.0,534,0,7,"[{'date': Timestamp('2025-02-22 00:00:00'), 'volume': 14984310.0}, {'date': Timestamp('2024-12-07 00:00:00'), 'volume': 14046420.0}, {'date': Timestamp('2022-04-09 00:00:00'), 'volume': 13655454.0}, {'date': Timestamp('2020-02-22 00:00:00'), 'volume': 8266080.0}, {'date': Timestamp('2020-01-25 00:00:00'), 'volume': 2152710.0}, {'date': Timestamp('2020-01-11 00:00:00'), 'volume': 1820394.0}, {'date': Timestamp('2020-01-04 00:00:00'), 'volume': 1709724.0}]",2026-08-10,9848350.0,7.039999961853027,0.6572441440413339,346
HLF,1300014439.4285717,weekly,2025-02-17,37720600.0,539,0,10,"[{'date': Timestamp('2025-02-17 00:00:00'), 'volume': 37720600.0}, {'date': Timestamp('2024-02-12 00:00:00'), 'volume': 34065100.0}, {'date': Timestamp('2022-12-05 00:00:00'), 'volume': 27661900.0}, {'date': Timestamp('2021-09-13 00:00:00'), 'volume': 21170000.0}, {'date': Timestamp('2020-05-25 00:00:00'), 'volume': 13989200.0}, {'date': Timestamp('2020-02-24 00:00:00'), 'volume': 13644000.0}, {'date': Timestamp('2020-02-17 00:00:00'), 'volume': 8467400.0}, {'date': Timestamp('2020-01-27 00:00:00'), 'volume': 6174600.0}, {'date': Timestamp('2020-01-13 00:00:00'), 'volume': 6040700.0}, {'date': Timestamp('2020-01-06 00:00:00'), 'volume': 4053000.0}]",2026-08-10,8454113.0,12.329999923706056,0.2241245632360036,345
ITRN,1206943446.2511272,weekly,2025-02-17,3651500.0,539,0,8,"[{'date': Timestamp('2025-02-17 00:00:00'), 'volume': 3651500.0}, {'date': Timestamp('2020-03-23 00:00:00'), 'volume': 1285900.0}, {'date': Timestamp('2020-03-16 00:00:00'), 'volume': 606200.0}, {'date': Timestamp('2020-03-09 00:00:00'), 'volume': 549700.0}, {'date': Timestamp('2020-03-02 00:00:00'), 'volume': 377000.0}, {'date': Timestamp('2020-02-03 00:00:00'), 'volume': 325500.0}, {'date': Timestamp('2020-01-13 00:00:00'), 'volume': 294000.0}, {'date': Timestamp('2020-01-06 00:00:00'), 'volume': 252600.0}]",2026-08-10,939368.0,53.38999938964844,0.2572553745036286,345
ANAB,1837722006.419236,weekly,2025-02-10,18475200.0,546,0,9,"[{'date': Timestamp('2025-02-10 00:00:00'), 'volume': 18475200.0}, {'date': Timestamp('2021-03-08 00:00:00'), 'volume': 11511700.0}, {'date': Timestamp('2020-10-12 00:00:00'), 'volume': 4156000.0}, {'date': Timestamp('2020-03-16 00:00:00'), 'volume': 4116400.0}, {'date': Timestamp('2020-03-02 00:00:00'), 'volume': 4030100.0}, {'date': Timestamp('2020-02-24 00:00:00'), 'volume': 3662900.0}, {'date': Timestamp('2020-02-03 00:00:00'), 'volume': 3408600.0}, {'date': Timestamp('2020-01-13 00:00:00'), 'volume': 2938700.0}, {'date': Timestamp('2020-01-06 00:00:00'), 'volume': 2413900.0}]",2026-08-10,1733929.0,58.470001220703125,0.0938517039057763,345
GHRS,1934683481.284136,weekly,2025-02-03,18949900.0,553,0,3,"[{'date': Timestamp('2025-02-03 00:00:00'), 'volume': 18949900.0}, {'date': Timestamp('2021-12-06 00:00:00'), 'volume': 2070300.0}, {'date': Timestamp('2021-06-21 00:00:00'), 'volume': 1650400.0}]",2026-08-10,2164276.0,29.489999771118164,0.1142104179969287,269
ADSE,862523587.5545853,weekly,2025-01-27,1868200.0,560,0,10,"[{'date': Timestamp('2025-01-27 00:00:00'), 'volume': 1868200.0}, {'date': Timestamp('2024-01-22 00:00:00'), 'volume': 1704200.0}, {'date': Timestamp('2023-12-04 00:00:00'), 'volume': 1218000.0}, {'date': Timestamp('2023-05-08 00:00:00'), 'volume': 1176200.0}, {'date': Timestamp('2021-08-16 00:00:00'), 'volume': 894100.0}, {'date': Timestamp('2021-08-09 00:00:00'), 'volume': 812000.0}, {'date': Timestamp('2021-05-17 00:00:00'), 'volume': 375400.0}, {'date': Timestamp('2021-04-12 00:00:00'), 'volume': 264600.0}, {'date': Timestamp('2021-03-15 00:00:00'), 'volume': 237100.0}, {'date': Timestamp('2021-03-08 00:00:00'), 'volume': 114500.0}]",2026-08-10,56505.0,11.6899995803833,0.0302456910395032,284
INR,825913895.0432729,weekly,2025-01-27,5877500.0,560,0,1,"[{'date': Timestamp('2025-01-27 00:00:00'), 'volume': 5877500.0}]",2026-08-10,1771692.0,14.079999923706056,0.3014363249680987,81
PACK,625333024.1339779,weekly,2025-01-27,18328200.0,560,0,12,"[{'date': Timestamp('2025-01-27 00:00:00'), 'volume': 18328200.0}, {'date': Timestamp('2024-03-11 00:00:00'), 'volume': 15509300.0}, {'date': Timestamp('2022-07-25 00:00:00'), 'volume': 9383900.0}, {'date': Timestamp('2022-07-11 00:00:00'), 'volume': 7326400.0}, {'date': Timestamp('2021-05-24 00:00:00'), 'volume': 6185700.0}, {'date': Timestamp('2020-06-22 00:00:00'), 'volume': 3985400.0}, {'date': Timestamp('2020-06-15 00:00:00'), 'volume': 1791700.0}, {'date': Timestamp('2020-03-30 00:00:00'), 'volume': 1247800.0}, {'date': Timestamp('2020-03-16 00:00:00'), 'volume': 737000.0}, {'date': Timestamp('2020-03-02 00:00:00'), 'volume': 667300.0}, {'date': Timestamp('2020-02-10 00:00:00'), 'volume': 631600.0}, {'date': Timestamp('2020-01-06 00:00:00'), 'volume': 483400.0}]",2026-08-10,1530428.0,5.570000171661377,0.0835012712650451,345
TITN,487481575.7838845,weekly,2025-01-27,4265000.0,560,0,11,"[{'date': Timestamp('2025-01-27 00:00:00'), 'volume': 4265000.0}, {'date': Timestamp('2023-03-13 00:00:00'), 'volume': 4029800.0}, {'date': Timestamp('2021-05-24 00:00:00'), 'volume': 3091400.0}, {'date': Timestamp('2020-11-16 00:00:00'), 'volume': 1846400.0}, {'date': Timestamp('2020-10-19 00:00:00'), 'volume': 1512400.0}, {'date': Timestamp('2020-05-25 00:00:00'), 'volume': 1392300.0}, {'date': Timestamp('2020-03-30 00:00:00'), 'volume': 1255600.0}, {'date': Timestamp('2020-03-23 00:00:00'), 'volume': 1233900.0}, {'date': Timestamp('2020-03-16 00:00:00'), 'volume': 975300.0}, {'date': Timestamp('2020-02-24 00:00:00'), 'volume': 934500.0}, {'date': Timestamp('2020-01-06 00:00:00'), 'volume': 771900.0}]",2026-08-10,1030980.0,18.420000076293945,0.2417303634232122,345
PRTH,602016321.1683309,weekly,2025-01-13,8515300.0,574,0,6,"[{'date': Timestamp('2025-01-13 00:00:00'), 'volume': 8515300.0}, {'date': Timestamp('2020-08-31 00:00:00'), 'volume': 5825500.0}, {'date': Timestamp('2020-08-17 00:00:00'), 'volume': 1187300.0}, {'date': Timestamp('2020-06-15 00:00:00'), 'volume': 709100.0}, {'date': Timestamp('2020-02-10 00:00:00'), 'volume': 589400.0}, {'date': Timestamp('2020-01-06 00:00:00'), 'volume': 79600.0}]",2026-08-10,3377545.0,5.489999771118164,0.3966442755980411,345
JFR,1224958870.0,weekly,2025-01-13,8459000.0,574,0,7,"[{'date': Timestamp('2025-01-13 00:00:00'), 'volume': 8459000.0}, {'date': Timestamp('2021-03-01 00:00:00'), 'volume': 6595500.0}, {'date': Timestamp('2020-03-23 00:00:00'), 'volume': 5869700.0}, {'date': Timestamp('2020-03-16 00:00:00'), 'volume': 5552400.0}, {'date': Timestamp('2020-03-09 00:00:00'), 'volume': 4073800.0}, {'date': Timestamp('2020-02-24 00:00:00'), 'volume': 2732700.0}, {'date': Timestamp('2020-01-06 00:00:00'), 'volume': 2090400.0}]",2026-08-10,4278111.0,7.670000076293945,0.5057466603617449,345
FLOC,1969529994.4492133,weekly,2025-01-13,7600200.0,574,0,1,"[{'date': Timestamp('2025-01-13 00:00:00'), 'volume': 7600200.0}]",2026-08-10,3652915.0,23.729999542236328,0.4806340622615194,83
ZTR,377729120.0,weekly,2025-01-11,4301700.0,576,0,7,"[{'date': Timestamp('2025-01-11 00:00:00'), 'volume': 4301700.0}, {'date': Timestamp('2024-07-13 00:00:00'), 'volume': 4182300.0}, {'date': Timestamp('2023-08-26 00:00:00'), 'volume': 3186600.0}, {'date': Timestamp('2022-09-17 00:00:00'), 'volume': 3171400.0}, {'date': Timestamp('2020-03-14 00:00:00'), 'volume': 2679000.0}, {'date': Timestamp('2020-02-22 00:00:00'), 'volume': 2489500.0}, {'date': Timestamp('2020-01-04 00:00:00'), 'volume': 926400.0}]",2026-08-10,766351.0,6.760000228881836,0.1781507311063068,346
SSTK,521679787.9712231,weekly,2025-01-06,9351600.0,581,0,9,"[{'date': Timestamp('2025-01-06 00:00:00'), 'volume': 9351600.0}, {'date': Timestamp('2023-05-01 00:00:00'), 'volume': 6256300.0}, {'date': Timestamp('2020-08-10 00:00:00'), 'volume': 4766100.0}, {'date': Timestamp('2020-07-27 00:00:00'), 'volume': 3132000.0}, {'date': Timestamp('2020-03-16 00:00:00'), 'volume': 2393700.0}, {'date': Timestamp('2020-03-09 00:00:00'), 'volume': 1917400.0}, {'date': Timestamp('2020-02-10 00:00:00'), 'volume': 1372100.0}, {'date': Timestamp('2020-01-13 00:00:00'), 'volume': 592200.0}, {'date': Timestamp('2020-01-06 00:00:00'), 'volume': 547600.0}]",2026-08-10,5904571.0,5.690000057220459,0.6313968732623294,345
ALCO,310076627.1807378,weekly,2025-01-04,1261500.0,583,0,10,"[{'date': Timestamp('2025-01-04 00:00:00'), 'volume': 1261500.0}, {'date': Timestamp('2022-06-18 00:00:00'), 'volume': 1214700.0}, {'date': Timestamp('2021-06-19 00:00:00'), 'volume': 1079900.0}, {'date': Timestamp('2020-12-12 00:00:00'), 'volume': 348100.0}, {'date': Timestamp('2020-03-14 00:00:00'), 'volume': 202900.0}, {'date': Timestamp('2020-03-07 00:00:00'), 'volume': 136200.0}, {'date': Timestamp('2020-02-08 00:00:00'), 'volume': 104600.0}, {'date': Timestamp('2020-02-01 00:00:00'), 'volume': 89900.0}, {'date': Timestamp('2020-01-11 00:00:00'), 'volume': 85700.0}, {'date': Timestamp('2020-01-04 00:00:00'), 'volume': 68200.0}]",2026-08-10,136428.0,40.08000183105469,0.1081474435196195,346
BME,536996355.0,weekly,2024-12-30,522900.0,588,0,6,"[{'date': Timestamp('2024-12-30 00:00:00'), 'volume': 522900.0}, {'date': Timestamp('2020-03-23 00:00:00'), 'volume': 502900.0}, {'date': Timestamp('2020-03-16 00:00:00'), 'volume': 401600.0}, {'date': Timestamp('2020-03-09 00:00:00'), 'volume': 378000.0}, {'date': Timestamp('2020-02-24 00:00:00'), 'volume': 370700.0}, {'date': Timestamp('2020-01-06 00:00:00'), 'volume': 213900.0}]",2026-08-10,234556.0,44.13999938964844,0.4485676037483266,345
CRNC,479442672.1786802,weekly,2024-12-30,166024600.0,588,0,9,"[{'date': Timestamp('2024-12-30 00:00:00'), 'volume': 166024600.0}, {'date': Timestamp('2024-11-18 00:00:00'), 'volume': 97970000.0}, {'date': Timestamp('2024-10-07 00:00:00'), 'volume': 22125900.0}, {'date': Timestamp('2024-05-13 00:00:00'), 'volume': 19719400.0}, {'date': Timestamp('2022-03-07 00:00:00'), 'volume': 16735400.0}, {'date': Timestamp('2022-02-07 00:00:00'), 'volume': 11685400.0}, {'date': Timestamp('2020-06-22 00:00:00'), 'volume': 10187500.0}, {'date': Timestamp('2020-03-30 00:00:00'), 'volume': 8796400.0}, {'date': Timestamp('2020-01-06 00:00:00'), 'volume': 3871800.0}]",2026-08-10,4651737.0,8.989999771118164,0.0280183599297935,345
CCRN,427091707.49507207,weekly,2024-12-02,17797600.0,595,0,11,"[{'date': Timestamp('2024-12-02 00:00:00'), 'volume': 17797600}, {'date': Timestamp('2024-09-30 00:00:00'), 'volume': 11401000}, {'date': Timestamp('2024-01-29 00:00:00'), 'volume': 6888300}, {'date': Timestamp('2022-08-01 00:00:00'), 'volume': 6266000}, {'date': Timestamp('2021-11-01 00:00:00'), 'volume': 5514800}, {'date': Timestamp('2021-06-14 00:00:00'), 'volume': 3491600}, {'date': Timestamp('2020-03-16 00:00:00'), 'volume': 2571900}, {'date': Timestamp('2020-03-09 00:00:00'), 'volume': 1668600}, {'date': Timestamp('2020-01-20 00:00:00'), 'volume': 1344100}, {'date': Timestamp('2020-01-13 00:00:00'), 'volume': 1009100}, {'date': Timestamp('2020-01-06 00:00:00'), 'volume': 697800}]",2026-07-20,0.0,13.25,0.0,342
CTEV,565134212.9118664,weekly,2024-12-23,3511800.0,595,0,8,"[{'date': Timestamp('2024-12-23 00:00:00'), 'volume': 3511800.0}, {'date': Timestamp('2021-06-21 00:00:00'), 'volume': 1819938.0}, {'date': Timestamp('2020-11-09 00:00:00'), 'volume': 1425458.0}, {'date': Timestamp('2020-07-13 00:00:00'), 'volume': 1423961.0}, {'date': Timestamp('2020-06-29 00:00:00'), 'volume': 102958.0}, {'date': Timestamp('2020-04-13 00:00:00'), 'volume': 60661.0}, {'date': Timestamp('2020-04-06 00:00:00'), 'volume': 1370.0}, {'date': Timestamp('2020-03-30 00:00:00'), 'volume': 628.0}]",2026-08-10,748997.0,38.119998931884766,0.21328008428726,333
OCSL,1029719779.822086,weekly,2024-12-16,9730900.0,602,0,8,"[{'date': Timestamp('2024-12-16 00:00:00'), 'volume': 9730900.0}, {'date': Timestamp('2024-01-29 00:00:00'), 'volume': 7616500.0}, {'date': Timestamp('2023-01-23 00:00:00'), 'volume': 6595200.0}, {'date': Timestamp('2020-03-16 00:00:00'), 'volume': 5669566.0}, {'date': Timestamp('2020-02-24 00:00:00'), 'volume': 2406133.0}, {'date': Timestamp('2020-02-03 00:00:00'), 'volume': 1176967.0}, {'date': Timestamp('2020-01-13 00:00:00'), 'volume': 1169834.0}, {'date': Timestamp('2020-01-06 00:00:00'), 'volume': 851600.0}]",2026-08-10,3380174.0,12.979999542236328,0.3473649919329147,345
MMU,568035520.0,weekly,2024-12-14,1342400.0,604,0,5,"[{'date': Timestamp('2024-12-14 00:00:00'), 'volume': 1342400.0}, {'date': Timestamp('2020-03-14 00:00:00'), 'volume': 1341300.0}, {'date': Timestamp('2020-03-07 00:00:00'), 'volume': 828500.0}, {'date': Timestamp('2020-02-29 00:00:00'), 'volume': 460900.0}, {'date': Timestamp('2020-01-04 00:00:00'), 'volume': 413900.0}]",2026-08-10,799669.0,10.220000267028809,0.5957009833134684,346
REX,1453212088.2994702,weekly,2024-12-14,4522800.0,604,0,5,"[{'date': Timestamp('2024-12-14 00:00:00'), 'volume': 4522800.0}, {'date': Timestamp('2022-10-15 00:00:00'), 'volume': 4248800.0}, {'date': Timestamp('2020-03-14 00:00:00'), 'volume': 2782800.0}, {'date': Timestamp('2020-03-07 00:00:00'), 'volume': 2273400.0}, {'date': Timestamp('2020-01-04 00:00:00'), 'volume': 1674000.0}]",2026-08-10,868980.0,44.59000015258789,0.1921331918280711,346
WASH,703329728.7797685,weekly,2024-12-14,2231000.0,604,0,9,"[{'date': Timestamp('2024-12-14 00:00:00'), 'volume': 2231000.0}, {'date': Timestamp('2023-03-11 00:00:00'), 'volume': 1944700.0}, {'date': Timestamp('2020-06-20 00:00:00'), 'volume': 1292000.0}, {'date': Timestamp('2020-04-25 00:00:00'), 'volume': 796700.0}, {'date': Timestamp('2020-03-14 00:00:00'), 'volume': 502400.0}, {'date': Timestamp('2020-03-07 00:00:00'), 'volume': 444200.0}, {'date': Timestamp('2020-01-25 00:00:00'), 'volume': 283700.0}, {'date': Timestamp('2020-01-11 00:00:00'), 'volume': 182000.0}, {'date': Timestamp('2020-01-04 00:00:00'), 'volume': 179400.0}]",2026-08-10,699290.0,40.18999862670898,0.3134424025100851,346
KELYA,463114772.3561181,weekly,2024-12-14,15311900.0,604,0,12,"[{'date': Timestamp('2024-12-14 00:00:00'), 'volume': 15311900.0}, {'date': Timestamp('2024-12-07 00:00:00'), 'volume': 3762700.0}, {'date': Timestamp('2023-12-09 00:00:00'), 'volume': 3408000.0}, {'date': Timestamp('2022-12-10 00:00:00'), 'volume': 2815300.0}, {'date': Timestamp('2022-03-12 00:00:00'), 'volume': 2758900.0}, {'date': Timestamp('2021-03-13 00:00:00'), 'volume': 2734600.0}, {'date': Timestamp('2020-03-14 00:00:00'), 'volume': 2334500.0}, {'date': Timestamp('2020-02-15 00:00:00'), 'volume': 2220800.0}, {'date': Timestamp('2020-02-08 00:00:00'), 'volume': 1398400.0}, {'date': Timestamp('2020-02-01 00:00:00'), 'volume': 1065100.0}, {'date': Timestamp('2020-01-18 00:00:00'), 'volume': 884800.0}, {'date': Timestamp('2020-01-04 00:00:00'), 'volume': 617600.0}]",2026-08-10,2120701.0,16.059999465942383,0.1385001861297422,346
NCA,307575178.0,weekly,2024-12-14,1209700.0,604,0,5,"[{'date': Timestamp('2024-12-14 00:00:00'), 'volume': 1209700.0}, {'date': Timestamp('2023-10-28 00:00:00'), 'volume': 1049900.0}, {'date': Timestamp('2020-03-14 00:00:00'), 'volume': 830500.0}, {'date': Timestamp('2020-03-07 00:00:00'), 'volume': 383600.0}, {'date': Timestamp('2020-01-04 00:00:00'), 'volume': 259900.0}]",2026-08-10,294431.0,9.15999984741211,0.2433917500206663,346
ACP,649939780.0,weekly,2024-12-09,10329200.0,609,0,9,"[{'date': Timestamp('2024-12-09 00:00:00'), 'volume': 10329200.0}, {'date': Timestamp('2024-07-22 00:00:00'), 'volume': 4846000.0}, {'date': Timestamp('2023-10-02 00:00:00'), 'volume': 2726300.0}, {'date': Timestamp('2023-07-17 00:00:00'), 'volume': 2505300.0}, {'date': Timestamp('2021-06-07 00:00:00'), 'volume': 1878800.0}, {'date': Timestamp('2020-03-16 00:00:00'), 'volume': 1840863.0}, {'date': Timestamp('2020-02-24 00:00:00'), 'volume': 1539566.0}, {'date': Timestamp('2020-01-13 00:00:00'), 'volume': 1176600.0}, {'date': Timestamp('2020-01-06 00:00:00'), 'volume': 620972.0}]",2026-08-10,2709322.0,5.139999866485596,0.2622973705611277,345
LPBB,308199987.01211554,weekly,2024-12-02,2578000.0,616,0,2,"[{'date': Timestamp('2024-12-02 00:00:00'), 'volume': 2578000.0}, {'date': Timestamp('2024-11-25 00:00:00'), 'volume': 3000.0}]",2026-08-10,16163.0,10.779999732971191,0.0062695888285492,90
MYE,1207092250.5062132,weekly,2024-11-23,8579400.0,625,0,12,"[{'date': Timestamp('2024-11-23 00:00:00'), 'volume': 8579400.0}, {'date': Timestamp('2024-03-09 00:00:00'), 'volume': 4328000.0}, {'date': Timestamp('2023-12-09 00:00:00'), 'volume': 4288500.0}, {'date': Timestamp('2022-12-10 00:00:00'), 'volume': 1991900.0}, {'date': Timestamp('2021-03-13 00:00:00'), 'volume': 1840800.0}, {'date': Timestamp('2020-06-20 00:00:00'), 'volume': 1483900.0}, {'date': Timestamp('2020-03-21 00:00:00'), 'volume': 1277200.0}, {'date': Timestamp('2020-03-14 00:00:00'), 'volume': 1269000.0}, {'date': Timestamp('2020-02-29 00:00:00'), 'volume': 1202100.0}, {'date': Timestamp('2020-02-01 00:00:00'), 'volume': 880900.0}, {'date': Timestamp('2020-01-11 00:00:00'), 'volume': 790200.0}, {'date': Timestamp('2020-01-04 00:00:00'), 'volume': 552700.0}]",2026-08-10,1704578.0,33.0,0.1986826584609646,346
DFH,1574409474.1631925,weekly,2024-11-18,10111400.0,630,0,2,"[{'date': Timestamp('2024-11-18 00:00:00'), 'volume': 10111400.0}, {'date': Timestamp('2021-01-18 00:00:00'), 'volume': 8574400.0}]",2026-08-10,3599586.0,15.600000381469728,0.3559928397650177,291
NGNE,506134912.8234134,weekly,2024-11-18,5494200.0,630,0,10,"[{'date': Timestamp('2024-11-18 00:00:00'), 'volume': 5494200.0}, {'date': Timestamp('2024-11-11 00:00:00'), 'volume': 4072300.0}, {'date': Timestamp('2024-11-04 00:00:00'), 'volume': 2012200.0}, {'date': Timestamp('2024-06-24 00:00:00'), 'volume': 1972100.0}, {'date': Timestamp('2024-03-18 00:00:00'), 'volume': 1341100.0}, {'date': Timestamp('2024-03-11 00:00:00'), 'volume': 1293900.0}, {'date': Timestamp('2023-03-06 00:00:00'), 'volume': 692110.0}, {'date': Timestamp('2020-12-21 00:00:00'), 'volume': 415145.0}, {'date': Timestamp('2020-06-22 00:00:00'), 'volume': 363025.0}, {'date': Timestamp('2020-01-06 00:00:00'), 'volume': 137885.0}]",2026-08-10,928505.0,36.13999938964844,0.1689973062502275,345
KURA,967640582.2876447,weekly,2024-11-18,26926300.0,630,0,12,"[{'date': Timestamp('2024-11-18 00:00:00'), 'volume': 26926300.0}, {'date': Timestamp('2024-01-22 00:00:00'), 'volume': 23167300.0}, {'date': Timestamp('2023-12-11 00:00:00'), 'volume': 13586100.0}, {'date': Timestamp('2023-06-12 00:00:00'), 'volume': 12465500.0}, {'date': Timestamp('2020-04-27 00:00:00'), 'volume': 12165600.0}, {'date': Timestamp('2020-03-30 00:00:00'), 'volume': 3352900.0}, {'date': Timestamp('2020-03-16 00:00:00'), 'volume': 2095500.0}, {'date': Timestamp('2020-03-02 00:00:00'), 'volume': 1998400.0}, {'date': Timestamp('2020-02-24 00:00:00'), 'volume': 1920100.0}, {'date': Timestamp('2020-01-20 00:00:00'), 'volume': 1549500.0}, {'date': Timestamp('2020-01-13 00:00:00'), 'volume': 1258200.0}, {'date': Timestamp('2020-01-06 00:00:00'), 'volume': 1165400.0}]",2026-08-10,11939547.0,10.859999656677246,0.4434158053650148,345
MAGN,448215992.94363934,weekly,2024-11-02,18858700.0,646,0,14,"[{'date': Timestamp('2024-11-02 00:00:00'), 'volume': 18858700.0}, {'date': Timestamp('2024-02-03 00:00:00'), 'volume': 5561684.0}, {'date': Timestamp('2022-09-10 00:00:00'), 'volume': 1337592.0}, {'date': Timestamp('2022-09-03 00:00:00'), 'volume': 575815.0}, {'date': Timestamp('2022-05-07 00:00:00'), 'volume': 228923.0}, {'date': Timestamp('2022-04-30 00:00:00'), 'volume': 224700.0}, {'date': Timestamp('2022-03-12 00:00:00'), 'volume': 206501.0}, {'date': Timestamp('2021-05-22 00:00:00'), 'volume': 181369.0}, {'date': Timestamp('2021-05-15 00:00:00'), 'volume': 163446.0}, {'date': Timestamp('2021-03-20 00:00:00'), 'volume': 159539.0}, {'date': Timestamp('2020-03-14 00:00:00'), 'volume': 147462.0}, {'date': Timestamp('2020-03-07 00:00:00'), 'volume': 92077.0}, {'date': Timestamp('2020-01-11 00:00:00'), 'volume': 71785.0}, {'date': Timestamp('2020-01-04 00:00:00'), 'volume': 64977.0}]",2026-08-10,2708092.0,12.479999542236328,0.1435990815909898,346
CSWC,1438557806.1051502,weekly,2024-11-02,5689500.0,646,0,15,"[{'date': Timestamp('2024-11-02 00:00:00'), 'volume': 5689500.0}, {'date': Timestamp('2023-10-28 00:00:00'), 'volume': 3988600.0}, {'date': Timestamp('2023-07-15 00:00:00'), 'volume': 3461400.0}, {'date': Timestamp('2023-04-29 00:00:00'), 'volume': 3355200.0}, {'date': Timestamp('2023-04-22 00:00:00'), 'volume': 3093700.0}, {'date': Timestamp('2022-12-10 00:00:00'), 'volume': 2922400.0}, {'date': Timestamp('2022-11-12 00:00:00'), 'volume': 2870800.0}, {'date': Timestamp('2022-06-11 00:00:00'), 'volume': 2545100.0}, {'date': Timestamp('2020-03-14 00:00:00'), 'volume': 2365800.0}, {'date': Timestamp('2020-02-22 00:00:00'), 'volume': 1615400.0}, {'date': Timestamp('2020-02-08 00:00:00'), 'volume': 838600.0}, {'date': Timestamp('2020-02-01 00:00:00'), 'volume': 715400.0}, {'date': Timestamp('2020-01-18 00:00:00'), 'volume': 566700.0}, {'date': Timestamp('2020-01-11 00:00:00'), 'volume': 513400.0}, {'date': Timestamp('2020-01-04 00:00:00'), 'volume': 447700.0}]",2026-08-10,3665611.0,24.8799991607666,0.6442764742068723,346
DQ,887779707.0,weekly,2024-10-28,26832500.0,651,0,8,"[{'date': Timestamp('2024-10-28 00:00:00'), 'volume': 26832500.0}, {'date': Timestamp('2020-10-12 00:00:00'), 'volume': 26193000.0}, {'date': Timestamp('2020-10-05 00:00:00'), 'volume': 15293500.0}, {'date': Timestamp('2020-03-09 00:00:00'), 'volume': 13090500.0}, {'date': Timestamp('2020-02-10 00:00:00'), 'volume': 10665500.0}, {'date': Timestamp('2020-02-03 00:00:00'), 'volume': 7886500.0}, {'date': Timestamp('2020-01-13 00:00:00'), 'volume': 6554500.0}, {'date': Timestamp('2020-01-06 00:00:00'), 'volume': 3872500.0}]",2026-08-10,5445386.0,14.640000343322754,0.2029399422342308,345
GLUE,1883046337.455679,weekly,2024-10-28,104861000.0,651,0,5,"[{'date': Timestamp('2024-10-28 00:00:00'), 'volume': 104861000.0}, {'date': Timestamp('2024-10-07 00:00:00'), 'volume': 6798900.0}, {'date': Timestamp('2023-10-16 00:00:00'), 'volume': 5157000.0}, {'date': Timestamp('2022-03-14 00:00:00'), 'volume': 4951800.0}, {'date': Timestamp('2021-06-21 00:00:00'), 'volume': 4717200.0}]",2026-08-10,3292166.0,15.5,0.0313955235979057,269
LTBR,304373571.0909091,weekly,2024-10-28,34572800.0,651,0,9,"[{'date': Timestamp('2024-10-28 00:00:00'), 'volume': 34572800.0}, {'date': Timestamp('2024-10-21 00:00:00'), 'volume': 23174300.0}, {'date': Timestamp('2024-10-14 00:00:00'), 'volume': 13223900.0}, {'date': Timestamp('2020-10-05 00:00:00'), 'volume': 5782300.0}, {'date': Timestamp('2020-05-04 00:00:00'), 'volume': 1311600.0}, {'date': Timestamp('2020-04-20 00:00:00'), 'volume': 526000.0}, {'date': Timestamp('2020-02-10 00:00:00'), 'volume': 234000.0}, {'date': Timestamp('2020-01-20 00:00:00'), 'volume': 85900.0}, {'date': Timestamp('2020-01-06 00:00:00'), 'volume': 53300.0}]",2026-08-10,3399103.0,8.449999809265137,0.0983172609681599,345
LUXE,1014363265.0,weekly,2024-10-07,17118900.0,672,0,2,"[{'date': Timestamp('2024-10-07 00:00:00'), 'volume': 17118900.0}, {'date': Timestamp('2021-01-18 00:00:00'), 'volume': 15695800.0}]",2026-08-10,798860.0,7.639999866485596,0.0466653815373651,291
CAF,347839466.0,weekly,2024-10-07,1246000.0,672,0,6,"[{'date': Timestamp('2024-10-07 00:00:00'), 'volume': 1246000.0}, {'date': Timestamp('2020-02-03 00:00:00'), 'volume': 1026200.0}, {'date': Timestamp('2020-01-27 00:00:00'), 'volume': 811000.0}, {'date': Timestamp('2020-01-20 00:00:00'), 'volume': 552100.0}, {'date': Timestamp('2020-01-13 00:00:00'), 'volume': 335700.0}, {'date': Timestamp('2020-01-06 00:00:00'), 'volume': 306100.0}]",2026-08-10,50304.0,19.46999931335449,0.0403723916532905,345
HRTG,784849083.6177559,weekly,2024-10-07,5967900.0,672,0,11,"[{'date': Timestamp('2024-10-07 00:00:00'), 'volume': 5967900.0}, {'date': Timestamp('2024-06-24 00:00:00'), 'volume': 5692900.0}, {'date': Timestamp('2023-12-11 00:00:00'), 'volume': 5174300.0}, {'date': Timestamp('2022-06-20 00:00:00'), 'volume': 4775200.0}, {'date': Timestamp('2022-05-02 00:00:00'), 'volume': 2431400.0}, {'date': Timestamp('2021-11-29 00:00:00'), 'volume': 1676800.0}, {'date': Timestamp('2020-03-23 00:00:00'), 'volume': 1593300.0}, {'date': Timestamp('2020-03-16 00:00:00'), 'volume': 1323900.0}, {'date': Timestamp('2020-01-20 00:00:00'), 'volume': 1122100.0}, {'date': Timestamp('2020-01-13 00:00:00'), 'volume': 588200.0}, {'date': Timestamp('2020-01-06 00:00:00'), 'volume': 520400.0}]",2026-08-10,1594355.0,33.959999084472656,0.2671551131888939,345
FVR,565250958.2893401,weekly,2024-09-30,6130200.0,679,0,1,"[{'date': Timestamp('2024-09-30 00:00:00'), 'volume': 6130200.0}]",2026-08-10,648577.0,19.76000022888184,0.1058003001533392,98
IMKTA,1661799073.9589942,weekly,2024-09-28,1520600.0,681,0,7,"[{'date': Timestamp('2024-09-28 00:00:00'), 'volume': 1520600.0}, {'date': Timestamp('2021-12-11 00:00:00'), 'volume': 1071200.0}, {'date': Timestamp('2020-12-05 00:00:00'), 'volume': 971800.0}, {'date': Timestamp('2020-03-07 00:00:00'), 'volume': 933100.0}, {'date': Timestamp('2020-02-22 00:00:00'), 'volume': 915500.0}, {'date': Timestamp('2020-02-01 00:00:00'), 'volume': 553700.0}, {'date': Timestamp('2020-01-04 00:00:00'), 'volume': 394800.0}]",2026-08-10,735877.0,87.01000213623047,0.4839385768775483,346
MOV,624242540.342347,weekly,2024-09-28,5204300.0,681,0,7,"[{'date': Timestamp('2024-09-28 00:00:00'), 'volume': 5204300.0}, {'date': Timestamp('2024-03-09 00:00:00'), 'volume': 4109200.0}, {'date': Timestamp('2020-04-11 00:00:00'), 'volume': 2241400.0}, {'date': Timestamp('2020-03-14 00:00:00'), 'volume': 2082000.0}, {'date': Timestamp('2020-02-22 00:00:00'), 'volume': 1568500.0}, {'date': Timestamp('2020-01-11 00:00:00'), 'volume': 1364500.0}, {'date': Timestamp('2020-01-04 00:00:00'), 'volume': 782900.0}]",2026-08-10,853079.0,36.130001068115234,0.1639181061814269,346
FPH,602236849.4619884,weekly,2024-09-23,18874700.0,686,0,6,"[{'date': Timestamp('2024-09-23 00:00:00'), 'volume': 18874700.0}, {'date': Timestamp('2021-11-29 00:00:00'), 'volume': 5256600.0}, {'date': Timestamp('2020-03-16 00:00:00'), 'volume': 5223200.0}, {'date': Timestamp('2020-02-10 00:00:00'), 'volume': 2851400.0}, {'date': Timestamp('2020-01-13 00:00:00'), 'volume': 2372400.0}, {'date': Timestamp('2020-01-06 00:00:00'), 'volume': 889200.0}]",2026-08-10,1067704.0,5.159999847412109,0.0565679984317631,345
ADNT,1569052026.5041895,weekly,2024-09-16,27468800.0,693,0,4,"[{'date': Timestamp('2024-09-16 00:00:00'), 'volume': 27468800.0}, {'date': Timestamp('2020-01-27 00:00:00'), 'volume': 17256500.0}, {'date': Timestamp('2020-01-13 00:00:00'), 'volume': 4858800.0}, {'date': Timestamp('2020-01-06 00:00:00'), 'volume': 4435600.0}]",2026-08-10,5750930.0,20.3799991607666,0.2093622582712022,345
AVBP,1583547597.6348853,weekly,2024-09-16,5922500.0,693,0,3,"[{'date': Timestamp('2024-09-16 00:00:00'), 'volume': 5922500.0}, {'date': Timestamp('2024-03-11 00:00:00'), 'volume': 2649700.0}, {'date': Timestamp('2024-01-22 00:00:00'), 'volume': 1992600.0}]",2026-08-10,2119696.0,29.51000022888184,0.3579056141831996,134
CHCT,523720931.72438747,weekly,2024-09-16,8862000.0,693,0,6,"[{'date': Timestamp('2024-09-16 00:00:00'), 'volume': 8862000.0}, {'date': Timestamp('2020-06-15 00:00:00'), 'volume': 3465600.0}, {'date': Timestamp('2020-05-11 00:00:00'), 'volume': 1502400.0}, {'date': Timestamp('2020-03-02 00:00:00'), 'volume': 1486700.0}, {'date': Timestamp('2020-02-24 00:00:00'), 'volume': 834000.0}, {'date': Timestamp('2020-01-06 00:00:00'), 'volume': 592900.0}]",2026-08-10,1477512.0,15.079999923706056,0.1667244414353419,345
NODK,334461880.560606,weekly,2024-09-16,456100.0,693,0,6,"[{'date': Timestamp('2024-09-16 00:00:00'), 'volume': 456100.0}, {'date': Timestamp('2020-03-16 00:00:00'), 'volume': 452200.0}, {'date': Timestamp('2020-03-02 00:00:00'), 'volume': 278800.0}, {'date': Timestamp('2020-02-24 00:00:00'), 'volume': 185200.0}, {'date': Timestamp('2020-01-13 00:00:00'), 'volume': 77700.0}, {'date': Timestamp('2020-01-06 00:00:00'), 'volume': 43300.0}]",2026-08-10,94581.0,15.300000190734863,0.2073689980267485,345
CMP,1304904618.8074324,weekly,2024-09-16,18203400.0,693,0,8,"[{'date': Timestamp('2024-09-16 00:00:00'), 'volume': 18203400.0}, {'date': Timestamp('2022-01-31 00:00:00'), 'volume': 10051800.0}, {'date': Timestamp('2021-11-15 00:00:00'), 'volume': 6187700.0}, {'date': Timestamp('2021-07-12 00:00:00'), 'volume': 3586100.0}, {'date': Timestamp('2020-03-16 00:00:00'), 'volume': 3085200.0}, {'date': Timestamp('2020-02-10 00:00:00'), 'volume': 2594700.0}, {'date': Timestamp('2020-01-27 00:00:00'), 'volume': 1662500.0}, {'date': Timestamp('2020-01-06 00:00:00'), 'volume': 1155400.0}]",2026-08-10,2565744.0,26.3700008392334,0.1409486139951877,345
HVT,419085606.1861575,weekly,2024-09-14,7431400.0,695,0,9,"[{'date': Timestamp('2024-09-14 00:00:00'), 'volume': 7431400.0}, {'date': Timestamp('2024-06-15 00:00:00'), 'volume': 2652200.0}, {'date': Timestamp('2020-08-15 00:00:00'), 'volume': 2563000.0}, {'date': Timestamp('2020-05-09 00:00:00'), 'volume': 2208700.0}, {'date': Timestamp('2020-02-22 00:00:00'), 'volume': 1216200.0}, {'date': Timestamp('2020-02-15 00:00:00'), 'volume': 690900.0}, {'date': Timestamp('2020-01-25 00:00:00'), 'volume': 512500.0}, {'date': Timestamp('2020-01-11 00:00:00'), 'volume': 442900.0}, {'date': Timestamp('2020-01-04 00:00:00'), 'volume': 316400.0}]",2026-08-10,876025.0,28.790000915527344,0.1178815566380493,346
UMH,1315817760.3670638,weekly,2024-09-14,6018900.0,695,0,9,"[{'date': Timestamp('2024-09-14 00:00:00'), 'volume': 6018900.0}, {'date': Timestamp('2023-12-09 00:00:00'), 'volume': 4339500.0}, {'date': Timestamp('2023-06-17 00:00:00'), 'volume': 3926200.0}, {'date': Timestamp('2023-03-11 00:00:00'), 'volume': 3341000.0}, {'date': Timestamp('2021-12-11 00:00:00'), 'volume': 2797600.0}, {'date': Timestamp('2020-03-14 00:00:00'), 'volume': 2297000.0}, {'date': Timestamp('2020-03-07 00:00:00'), 'volume': 1616200.0}, {'date': Timestamp('2020-01-11 00:00:00'), 'volume': 810900.0}, {'date': Timestamp('2020-01-04 00:00:00'), 'volume': 602700.0}]",2026-08-10,4526075.0,16.450000762939453,0.7519771054511621,346
DBI,316850630.62818336,weekly,2024-09-09,30528100.0,700,0,6,"[{'date': Timestamp('2024-09-09 00:00:00'), 'volume': 30528100.0}, {'date': Timestamp('2020-03-16 00:00:00'), 'volume': 27501700.0}, {'date': Timestamp('2020-03-09 00:00:00'), 'volume': 9933300.0}, {'date': Timestamp('2020-01-20 00:00:00'), 'volume': 8151000.0}, {'date': Timestamp('2020-01-13 00:00:00'), 'volume': 6313500.0}, {'date': Timestamp('2020-01-06 00:00:00'), 'volume': 5379100.0}]",2026-08-10,2257817.0,5.889999866485596,0.0739586479341983,345
CTO,734455273.7492903,weekly,2024-09-07,9279800.0,702,0,12,"[{'date': Timestamp('2024-09-07 00:00:00'), 'volume': 9279800.0}, {'date': Timestamp('2024-08-17 00:00:00'), 'volume': 3508200.0}, {'date': Timestamp('2022-11-26 00:00:00'), 'volume': 2977800.0}, {'date': Timestamp('2021-03-20 00:00:00'), 'volume': 1401900.0}, {'date': Timestamp('2020-11-14 00:00:00'), 'volume': 1351305.0}, {'date': Timestamp('2020-03-14 00:00:00'), 'volume': 1178879.0}, {'date': Timestamp('2020-03-07 00:00:00'), 'volume': 689644.0}, {'date': Timestamp('2020-02-08 00:00:00'), 'volume': 607492.0}, {'date': Timestamp('2020-02-01 00:00:00'), 'volume': 540811.0}, {'date': Timestamp('2020-01-25 00:00:00'), 'volume': 310561.0}, {'date': Timestamp('2020-01-11 00:00:00'), 'volume': 290299.0}, {'date': Timestamp('2020-01-04 00:00:00'), 'volume': 271510.0}]",2026-08-10,1830222.0,22.0,0.1972264488458803,346
LPAA,311362503.99631,weekly,2024-09-02,3003300.0,707,0,1,"[{'date': Timestamp('2024-09-02 00:00:00'), 'volume': 3003300.0}]",2026-08-10,2116.0,10.75,0.0007045583191822,102
KTF,360390091.2,weekly,2024-08-24,2774400.0,716,0,6,"[{'date': Timestamp('2024-08-24 00:00:00'), 'volume': 2774400.0}, {'date': Timestamp('2023-10-14 00:00:00'), 'volume': 2258100.0}, {'date': Timestamp('2020-03-14 00:00:00'), 'volume': 1436200.0}, {'date': Timestamp('2020-03-07 00:00:00'), 'volume': 1335000.0}, {'date': Timestamp('2020-01-11 00:00:00'), 'volume': 831100.0}, {'date': Timestamp('2020-01-04 00:00:00'), 'volume': 533100.0}]",2026-08-10,997398.0,8.989999771118164,0.3595004325259515,346
WILC,448764903.21933967,weekly,2024-08-24,613700.0,716,0,4,"[{'date': Timestamp('2024-08-24 00:00:00'), 'volume': 613700.0}, {'date': Timestamp('2020-10-10 00:00:00'), 'volume': 201800.0}, {'date': Timestamp('2020-01-11 00:00:00'), 'volume': 183800.0}, {'date': Timestamp('2020-01-04 00:00:00'), 'volume': 22600.0}]",2026-08-10,28008.0,28.729999542236328,0.0456379338438976,346
RILY,303469948.89592123,weekly,2024-08-19,66771600.0,721,0,13,"[{'date': Timestamp('2024-08-19 00:00:00'), 'volume': 66771600.0}, {'date': Timestamp('2024-08-12 00:00:00'), 'volume': 57071200.0}, {'date': Timestamp('2024-04-22 00:00:00'), 'volume': 21675500.0}, {'date': Timestamp('2023-11-13 00:00:00'), 'volume': 14881300.0}, {'date': Timestamp('2021-04-12 00:00:00'), 'volume': 9364500.0}, {'date': Timestamp('2021-01-11 00:00:00'), 'volume': 1848700.0}, {'date': Timestamp('2020-03-16 00:00:00'), 'volume': 1071000.0}, {'date': Timestamp('2020-03-09 00:00:00'), 'volume': 685700.0}, {'date': Timestamp('2020-02-24 00:00:00'), 'volume': 386500.0}, {'date': Timestamp('2020-01-27 00:00:00'), 'volume': 367000.0}, {'date': Timestamp('2020-01-20 00:00:00'), 'volume': 226000.0}, {'date': Timestamp('2020-01-13 00:00:00'), 'volume': 193200.0}, {'date': Timestamp('2020-01-06 00:00:00'), 'volume': 170100.0}]",2026-08-10,3530831.0,7.449999809265137,0.0528792330871208,345
PCRX,992815026.1124332,weekly,2024-08-12,16383500.0,728,0,8,"[{'date': Timestamp('2024-08-12 00:00:00'), 'volume': 16383500.0}, {'date': Timestamp('2024-07-01 00:00:00'), 'volume': 12091700.0}, {'date': Timestamp('2024-05-06 00:00:00'), 'volume': 11421400.0}, {'date': Timestamp('2020-07-06 00:00:00'), 'volume': 7243800.0}, {'date': Timestamp('2020-03-09 00:00:00'), 'volume': 6540900.0}, {'date': Timestamp('2020-03-02 00:00:00'), 'volume': 3592500.0}, {'date': Timestamp('2020-02-17 00:00:00'), 'volume': 3309400.0}, {'date': Timestamp('2020-01-06 00:00:00'), 'volume': 3104100.0}]",2026-08-10,4377778.0,23.0,0.267206518753624,345
SWIM,752608265.0063092,weekly,2024-08-05,16673300.0,735,0,3,"[{'date': Timestamp('2024-08-05 00:00:00'), 'volume': 16673300.0}, {'date': Timestamp('2022-01-03 00:00:00'), 'volume': 11905900.0}, {'date': Timestamp('2021-04-19 00:00:00'), 'volume': 8259200.0}]",2026-08-10,4409026.0,7.320000171661377,0.2644363143468899,278
ATRC,1528344377.9338784,weekly,2024-07-29,7515700.0,742,0,8,"[{'date': Timestamp('2024-07-29 00:00:00'), 'volume': 7515700.0}, {'date': Timestamp('2024-06-17 00:00:00'), 'volume': 7506200.0}, {'date': Timestamp('2023-11-27 00:00:00'), 'volume': 7078600.0}, {'date': Timestamp('2020-05-11 00:00:00'), 'volume': 6553900.0}, {'date': Timestamp('2020-04-27 00:00:00'), 'volume': 4948000.0}, {'date': Timestamp('2020-03-16 00:00:00'), 'volume': 3051400.0}, {'date': Timestamp('2020-01-13 00:00:00'), 'volume': 3005700.0}, {'date': Timestamp('2020-01-06 00:00:00'), 'volume': 1017900.0}]",2026-08-10,2785573.0,44.29999923706055,0.3706338730923267,345
WIW,512110080.00000006,weekly,2024-07-15,3808600.0,756,0,6,"[{'date': Timestamp('2024-07-15 00:00:00'), 'volume': 3808600.0}, {'date': Timestamp('2020-03-09 00:00:00'), 'volume': 3099400.0}, {'date': Timestamp('2020-02-24 00:00:00'), 'volume': 1027200.0}, {'date': Timestamp('2020-02-17 00:00:00'), 'volume': 983100.0}, {'date': Timestamp('2020-01-13 00:00:00'), 'volume': 897000.0}, {'date': Timestamp('2020-01-06 00:00:00'), 'volume': 769200.0}]",2026-08-10,1657916.0,8.369999885559082,0.4353085123142362,345
TWFG,1282170092.5119214,weekly,2024-07-15,5548900.0,756,0,1,"[{'date': Timestamp('2024-07-15 00:00:00'), 'volume': 5548900.0}]",2026-08-10,570968.0,26.770000457763672,0.1028975112184397,109
ASG,338340987.0,weekly,2024-07-13,3232700.0,758,0,6,"[{'date': Timestamp('2024-07-13 00:00:00'), 'volume': 3232700.0}, {'date': Timestamp('2024-03-02 00:00:00'), 'volume': 2788800.0}, {'date': Timestamp('2020-02-01 00:00:00'), 'volume': 2691900.0}, {'date': Timestamp('2020-01-25 00:00:00'), 'volume': 1564000.0}, {'date': Timestamp('2020-01-11 00:00:00'), 'volume': 1065500.0}, {'date': Timestamp('2020-01-04 00:00:00'), 'volume': 853600.0}]",2026-08-10,1108967.0,5.46999979019165,0.3430466792464503,346
HQL,578664240.0,weekly,2024-07-13,1873300.0,758,0,6,"[{'date': Timestamp('2024-07-13 00:00:00'), 'volume': 1873300.0}, {'date': Timestamp('2020-03-21 00:00:00'), 'volume': 1171000.0}, {'date': Timestamp('2020-03-14 00:00:00'), 'volume': 1076300.0}, {'date': Timestamp('2020-02-22 00:00:00'), 'volume': 846600.0}, {'date': Timestamp('2020-01-11 00:00:00'), 'volume': 571900.0}, {'date': Timestamp('2020-01-04 00:00:00'), 'volume': 533500.0}]",2026-08-10,884653.0,21.100000381469727,0.4722431004110393,346
NFBK,626042310.5484536,weekly,2024-06-17,8881200.0,763,0,12,"[{'date': Timestamp('2024-06-17 00:00:00'), 'volume': 8881200}, {'date': Timestamp('2024-06-10 00:00:00'), 'volume': 4241000}, {'date': Timestamp('2021-12-13 00:00:00'), 'volume': 3181500}, {'date': Timestamp('2020-07-20 00:00:00'), 'volume': 2871600}, {'date': Timestamp('2020-06-22 00:00:00'), 'volume': 1930100}, {'date': Timestamp('2020-03-16 00:00:00'), 'volume': 1482400}, {'date': Timestamp('2020-03-09 00:00:00'), 'volume': 1119400}, {'date': Timestamp('2020-03-02 00:00:00'), 'volume': 990100}, {'date': Timestamp('2020-02-24 00:00:00'), 'volume': 988600}, {'date': Timestamp('2020-02-03 00:00:00'), 'volume': 567200}, {'date': Timestamp('2020-01-27 00:00:00'), 'volume': 545400}, {'date': Timestamp('2020-01-06 00:00:00'), 'volume': 376100}]",2026-07-20,1111067.0,15.3100004196167,0.1251032518128181,342
DNA,669576013.6102403,weekly,2024-06-24,20148904.0,777,0,11,"[{'date': Timestamp('2024-06-24 00:00:00'), 'volume': 20148904.0}, {'date': Timestamp('2024-04-29 00:00:00'), 'volume': 8304462.0}, {'date': Timestamp('2024-04-22 00:00:00'), 'volume': 7428770.0}, {'date': Timestamp('2022-08-08 00:00:00'), 'volume': 6611867.0}, {'date': Timestamp('2022-03-28 00:00:00'), 'volume': 4486024.0}, {'date': Timestamp('2022-03-21 00:00:00'), 'volume': 3108829.0}, {'date': Timestamp('2022-03-14 00:00:00'), 'volume': 2965796.0}, {'date': Timestamp('2021-10-04 00:00:00'), 'volume': 2738396.0}, {'date': Timestamp('2021-08-09 00:00:00'), 'volume': 1669959.0}, {'date': Timestamp('2021-05-10 00:00:00'), 'volume': 1194448.0}, {'date': Timestamp('2021-04-19 00:00:00'), 'volume': 210479.0}]",2026-08-10,7750542.0,6.789999961853027,0.3846632055023936,278
MAX,740723032.8,weekly,2024-06-24,11299100.0,777,0,3,"[{'date': Timestamp('2024-06-24 00:00:00'), 'volume': 11299100.0}, {'date': Timestamp('2024-05-06 00:00:00'), 'volume': 7423000.0}, {'date': Timestamp('2020-10-26 00:00:00'), 'volume': 7046900.0}]",2026-08-10,2250276.0,13.170000076293944,0.1991553309555628,303
MAMA,811690996.3268443,weekly,2024-06-24,6733100.0,777,0,4,"[{'date': Timestamp('2024-06-24 00:00:00'), 'volume': 6733100.0}, {'date': Timestamp('2023-12-18 00:00:00'), 'volume': 5095800.0}, {'date': Timestamp('2022-01-24 00:00:00'), 'volume': 4511600.0}, {'date': Timestamp('2021-07-19 00:00:00'), 'volume': 1199700.0}]",2026-08-10,2298123.0,17.25,0.3413172238641933,265
NBBK,886747751.4718411,weekly,2024-06-24,7880000.0,777,0,2,"[{'date': Timestamp('2024-06-24 00:00:00'), 'volume': 7880000.0}, {'date': Timestamp('2023-12-25 00:00:00'), 'volume': 6283400.0}]",2026-08-10,1291310.0,22.979999542236328,0.1638718274111675,138
FSTR,468235104.40232974,weekly,2024-06-22,2000900.0,779,0,10,"[{'date': Timestamp('2024-06-22 00:00:00'), 'volume': 2000900.0}, {'date': Timestamp('2021-06-19 00:00:00'), 'volume': 1827400.0}, {'date': Timestamp('2021-03-20 00:00:00'), 'volume': 677500.0}, {'date': Timestamp('2021-03-13 00:00:00'), 'volume': 460700.0}, {'date': Timestamp('2021-01-02 00:00:00'), 'volume': 432000.0}, {'date': Timestamp('2020-03-21 00:00:00'), 'volume': 344100.0}, {'date': Timestamp('2020-03-14 00:00:00'), 'volume': 321600.0}, {'date': Timestamp('2020-02-22 00:00:00'), 'volume': 195900.0}, {'date': Timestamp('2020-01-11 00:00:00'), 'volume': 195300.0}, {'date': Timestamp('2020-01-04 00:00:00'), 'volume': 167200.0}]",2026-08-10,729461.0,38.7400016784668,0.3645664450997051,346
ARTNA,347393326.7152757,weekly,2024-06-22,2147600.0,779,0,8,"[{'date': Timestamp('2024-06-22 00:00:00'), 'volume': 2147600.0}, {'date': Timestamp('2024-05-25 00:00:00'), 'volume': 896800.0}, {'date': Timestamp('2021-06-19 00:00:00'), 'volume': 794100.0}, {'date': Timestamp('2020-06-20 00:00:00'), 'volume': 660500.0}, {'date': Timestamp('2020-06-13 00:00:00'), 'volume': 265200.0}, {'date': Timestamp('2020-03-14 00:00:00'), 'volume': 210000.0}, {'date': Timestamp('2020-03-07 00:00:00'), 'volume': 154900.0}, {'date': Timestamp('2020-01-04 00:00:00'), 'volume': 137400.0}]",2026-08-10,198652.0,35.779998779296875,0.0924995343639411,346
GHM,1422344018.906782,weekly,2024-06-22,1945600.0,779,0,9,"[{'date': Timestamp('2024-06-22 00:00:00'), 'volume': 1945600.0}, {'date': Timestamp('2021-06-19 00:00:00'), 'volume': 1759500.0}, {'date': Timestamp('2020-05-30 00:00:00'), 'volume': 393500.0}, {'date': Timestamp('2020-03-21 00:00:00'), 'volume': 335200.0}, {'date': Timestamp('2020-03-14 00:00:00'), 'volume': 325800.0}, {'date': Timestamp('2020-03-07 00:00:00'), 'volume': 318900.0}, {'date': Timestamp('2020-01-25 00:00:00'), 'volume': 240500.0}, {'date': Timestamp('2020-01-11 00:00:00'), 'volume': 178700.0}, {'date': Timestamp('2020-01-04 00:00:00'), 'volume': 155700.0}]",2026-08-10,1056009.0,113.98999786376952,0.5427677837171052,346
OFLX,320090952.070521,weekly,2024-06-17,510500.0,784,0,11,"[{'date': Timestamp('2024-06-17 00:00:00'), 'volume': 510500.0}, {'date': Timestamp('2023-03-13 00:00:00'), 'volume': 181000.0}, {'date': Timestamp('2022-02-21 00:00:00'), 'volume': 154200.0}, {'date': Timestamp('2021-05-31 00:00:00'), 'volume': 150200.0}, {'date': Timestamp('2021-03-22 00:00:00'), 'volume': 146100.0}, {'date': Timestamp('2021-03-01 00:00:00'), 'volume': 123400.0}, {'date': Timestamp('2020-09-28 00:00:00'), 'volume': 101300.0}, {'date': Timestamp('2020-09-21 00:00:00'), 'volume': 100300.0}, {'date': Timestamp('2020-03-16 00:00:00'), 'volume': 94900.0}, {'date': Timestamp('2020-02-17 00:00:00'), 'volume': 77400.0}, {'date': Timestamp('2020-01-06 00:00:00'), 'volume': 56800.0}]",2026-08-10,200348.0,28.670000076293945,0.3924544564152791,345
CLDT,633930936.245877,weekly,2024-06-17,12449200.0,784,0,9,"[{'date': Timestamp('2024-06-17 00:00:00'), 'volume': 12449200.0}, {'date': Timestamp('2020-06-15 00:00:00'), 'volume': 7448200.0}, {'date': Timestamp('2020-05-11 00:00:00'), 'volume': 5883800.0}, {'date': Timestamp('2020-04-13 00:00:00'), 'volume': 3482100.0}, {'date': Timestamp('2020-03-16 00:00:00'), 'volume': 3461800.0}, {'date': Timestamp('2020-02-24 00:00:00'), 'volume': 2641800.0}, {'date': Timestamp('2020-01-27 00:00:00'), 'volume': 2036400.0}, {'date': Timestamp('2020-01-20 00:00:00'), 'volume': 1054800.0}, {'date': Timestamp('2020-01-06 00:00:00'), 'volume': 965100.0}]",2026-08-10,1768858.0,12.989999771118164,0.1420860778202615,345
AMCX,442791348.2666667,weekly,2024-06-17,32410700.0,784,0,8,"[{'date': Timestamp('2024-06-17 00:00:00'), 'volume': 32410700.0}, {'date': Timestamp('2021-01-25 00:00:00'), 'volume': 26714900.0}, {'date': Timestamp('2020-10-12 00:00:00'), 'volume': 20468700.0}, {'date': Timestamp('2020-09-14 00:00:00'), 'volume': 14390800.0}, {'date': Timestamp('2020-07-06 00:00:00'), 'volume': 10473900.0}, {'date': Timestamp('2020-02-24 00:00:00'), 'volume': 9833500.0}, {'date': Timestamp('2020-02-17 00:00:00'), 'volume': 3087400.0}, {'date': Timestamp('2020-01-06 00:00:00'), 'volume': 2866300.0}]",2026-08-10,3186784.0,12.359999656677246,0.0983250593168305,345
XPER,389550653.9025975,weekly,2024-06-17,11896400.0,784,0,5,"[{'date': Timestamp('2024-06-17 00:00:00'), 'volume': 11896400.0}, {'date': Timestamp('2023-11-20 00:00:00'), 'volume': 6408700.0}, {'date': Timestamp('2022-10-03 00:00:00'), 'volume': 3558900.0}, {'date': Timestamp('2022-09-26 00:00:00'), 'volume': 138100.0}, {'date': Timestamp('2022-09-19 00:00:00'), 'volume': 100.0}]",2026-08-10,3434052.0,6.739999771118164,0.2886631249789852,204
RDWR,1268923044.7974412,weekly,2024-06-15,6733900.0,786,0,9,"[{'date': Timestamp('2024-06-15 00:00:00'), 'volume': 6733900.0}, {'date': Timestamp('2022-03-12 00:00:00'), 'volume': 5929800.0}, {'date': Timestamp('2021-09-11 00:00:00'), 'volume': 4565800.0}, {'date': Timestamp('2020-07-25 00:00:00'), 'volume': 3418300.0}, {'date': Timestamp('2020-03-14 00:00:00'), 'volume': 3222400.0}, {'date': Timestamp('2020-02-22 00:00:00'), 'volume': 2135300.0}, {'date': Timestamp('2020-02-08 00:00:00'), 'volume': 1938300.0}, {'date': Timestamp('2020-01-25 00:00:00'), 'volume': 734400.0}, {'date': Timestamp('2020-01-04 00:00:00'), 'volume': 600600.0}]",2026-08-10,674768.0,29.34000015258789,0.1002046362434844,346
LEG,1592166735.765517,weekly,2024-06-15,50888700.0,786,0,6,"[{'date': Timestamp('2024-06-15 00:00:00'), 'volume': 50888700.0}, {'date': Timestamp('2021-12-11 00:00:00'), 'volume': 41584300.0}, {'date': Timestamp('2020-05-02 00:00:00'), 'volume': 14759700.0}, {'date': Timestamp('2020-04-25 00:00:00'), 'volume': 14400200.0}, {'date': Timestamp('2020-01-25 00:00:00'), 'volume': 10019900.0}, {'date': Timestamp('2020-01-04 00:00:00'), 'volume': 4581600.0}]",2026-08-10,8346613.0,9.65999984741211,0.16401702146056,346
ATNI,415744434.7008611,weekly,2024-06-15,2823400.0,786,0,6,"[{'date': Timestamp('2024-06-15 00:00:00'), 'volume': 2823400.0}, {'date': Timestamp('2024-02-10 00:00:00'), 'volume': 1608200.0}, {'date': Timestamp('2020-09-12 00:00:00'), 'volume': 975100.0}, {'date': Timestamp('2020-04-25 00:00:00'), 'volume': 924200.0}, {'date': Timestamp('2020-03-14 00:00:00'), 'volume': 490700.0}, {'date': Timestamp('2020-01-04 00:00:00'), 'volume': 295900.0}]",2026-08-10,586757.0,31.709999084472656,0.2078192958843947,346
IART,1459469978.7403316,weekly,2024-06-15,18124700.0,786,0,6,"[{'date': Timestamp('2024-06-15 00:00:00'), 'volume': 18124700.0}, {'date': Timestamp('2024-05-04 00:00:00'), 'volume': 15929900.0}, {'date': Timestamp('2023-05-20 00:00:00'), 'volume': 12021900.0}, {'date': Timestamp('2020-03-07 00:00:00'), 'volume': 6346300.0}, {'date': Timestamp('2020-02-01 00:00:00'), 'volume': 5005400.0}, {'date': Timestamp('2020-01-04 00:00:00'), 'volume': 2295500.0}]",2026-08-10,3448356.0,18.34000015258789,0.1902572732238326,346
BNED,471228643.1705138,weekly,2024-06-10,10105831.0,791,0,16,"[{'date': Timestamp('2024-06-10 00:00:00'), 'volume': 10105831.0}, {'date': Timestamp('2024-05-20 00:00:00'), 'volume': 6320717.0}, {'date': Timestamp('2024-05-13 00:00:00'), 'volume': 996620.0}, {'date': Timestamp('2024-04-15 00:00:00'), 'volume': 332465.0}, {'date': Timestamp('2024-01-08 00:00:00'), 'volume': 236855.0}, {'date': Timestamp('2023-03-06 00:00:00'), 'volume': 201206.0}, {'date': Timestamp('2022-03-28 00:00:00'), 'volume': 181925.0}, {'date': Timestamp('2020-07-13 00:00:00'), 'volume': 93252.0}, {'date': Timestamp('2020-06-22 00:00:00'), 'volume': 78802.0}, {'date': Timestamp('2020-06-01 00:00:00'), 'volume': 64355.0}, {'date': Timestamp('2020-04-06 00:00:00'), 'volume': 50602.0}, {'date': Timestamp('2020-03-16 00:00:00'), 'volume': 38958.0}, {'date': Timestamp('2020-02-24 00:00:00'), 'volume': 28966.0}, {'date': Timestamp('2020-02-10 00:00:00'), 'volume': 26276.0}, {'date': Timestamp('2020-01-27 00:00:00'), 'volume': 18930.0}, {'date': Timestamp('2020-01-06 00:00:00'), 'volume': 16308.0}]",2026-08-10,829728.0,12.140000343322754,0.0821038863602607,345
ANNX,897857077.7009709,weekly,2024-06-03,79047200.0,798,0,4,"[{'date': Timestamp('2024-06-03 00:00:00'), 'volume': 79047200.0}, {'date': Timestamp('2023-05-22 00:00:00'), 'volume': 19624200.0}, {'date': Timestamp('2022-01-03 00:00:00'), 'volume': 5751700.0}, {'date': Timestamp('2020-07-20 00:00:00'), 'volume': 4914000.0}]",2026-08-10,15013609.0,5.289999961853027,0.1899322050622919,317
IMCR,1552407128.0,weekly,2024-05-20,10644700.0,812,0,4,"[{'date': Timestamp('2024-05-20 00:00:00'), 'volume': 10644700.0}, {'date': Timestamp('2024-01-29 00:00:00'), 'volume': 8456100.0}, {'date': Timestamp('2022-09-05 00:00:00'), 'volume': 3834900.0}, {'date': Timestamp('2021-02-01 00:00:00'), 'volume': 3308000.0}]",2026-08-10,1373035.0,34.209999084472656,0.1289876652230687,289
CCAP,409727019.8029196,weekly,2024-05-13,2610600.0,819,0,6,"[{'date': Timestamp('2024-05-13 00:00:00'), 'volume': 2610600.0}, {'date': Timestamp('2022-04-18 00:00:00'), 'volume': 2196400.0}, {'date': Timestamp('2021-11-15 00:00:00'), 'volume': 1480300.0}, {'date': Timestamp('2021-09-20 00:00:00'), 'volume': 1209600.0}, {'date': Timestamp('2020-02-10 00:00:00'), 'volume': 576700.0}, {'date': Timestamp('2020-02-03 00:00:00'), 'volume': 131200.0}]",2026-08-10,1000411.0,11.149999618530272,0.383211139201716,341
NVAX,1460210626.766355,weekly,2024-05-11,245509000.0,821,0,6,"[{'date': Timestamp('2024-05-11 00:00:00'), 'volume': 245509000.0}, {'date': Timestamp('2024-05-04 00:00:00'), 'volume': 188603100.0}, {'date': Timestamp('2020-05-09 00:00:00'), 'volume': 153254100.0}, {'date': Timestamp('2020-01-18 00:00:00'), 'volume': 99489400.0}, {'date': Timestamp('2020-01-11 00:00:00'), 'volume': 21738700.0}, {'date': Timestamp('2020-01-04 00:00:00'), 'volume': 8702900.0}]",2026-08-10,16373009.0,8.050000190734863,0.0666900561690202,346
WLKP,798671667.5534842,weekly,2024-05-06,3274000.0,826,0,9,"[{'date': Timestamp('2024-05-06 00:00:00'), 'volume': 3274000.0}, {'date': Timestamp('2021-01-25 00:00:00'), 'volume': 1455200.0}, {'date': Timestamp('2020-03-16 00:00:00'), 'volume': 1258000.0}, {'date': Timestamp('2020-03-09 00:00:00'), 'volume': 664900.0}, {'date': Timestamp('2020-02-24 00:00:00'), 'volume': 558300.0}, {'date': Timestamp('2020-02-17 00:00:00'), 'volume': 444900.0}, {'date': Timestamp('2020-02-10 00:00:00'), 'volume': 329100.0}, {'date': Timestamp('2020-02-03 00:00:00'), 'volume': 279700.0}, {'date': Timestamp('2020-01-06 00:00:00'), 'volume': 248300.0}]",2026-08-10,175605.0,21.700000762939453,0.0536362248014661,345
TRIP,1601129799.1749997,weekly,2024-05-06,44834600.0,826,0,9,"[{'date': Timestamp('2024-05-06 00:00:00'), 'volume': 44834600.0}, {'date': Timestamp('2021-02-22 00:00:00'), 'volume': 36644500.0}, {'date': Timestamp('2020-06-22 00:00:00'), 'volume': 31073100.0}, {'date': Timestamp('2020-03-09 00:00:00'), 'volume': 30477500.0}, {'date': Timestamp('2020-02-24 00:00:00'), 'volume': 23568300.0}, {'date': Timestamp('2020-02-10 00:00:00'), 'volume': 19019500.0}, {'date': Timestamp('2020-01-27 00:00:00'), 'volume': 12562200.0}, {'date': Timestamp('2020-01-13 00:00:00'), 'volume': 10572400.0}, {'date': Timestamp('2020-01-06 00:00:00'), 'volume': 9635700.0}]",2026-08-10,19643104.0,10.739999771118164,0.438123770480834,345
EBS,440116425.1040099,weekly,2024-04-29,175352300.0,833,0,10,"[{'date': Timestamp('2024-04-29 00:00:00'), 'volume': 175352300.0}, {'date': Timestamp('2024-02-19 00:00:00'), 'volume': 92398300.0}, {'date': Timestamp('2023-03-27 00:00:00'), 'volume': 29459800.0}, {'date': Timestamp('2020-07-20 00:00:00'), 'volume': 15395400.0}, {'date': Timestamp('2020-06-08 00:00:00'), 'volume': 6290100.0}, {'date': Timestamp('2020-03-16 00:00:00'), 'volume': 4459700.0}, {'date': Timestamp('2020-03-09 00:00:00'), 'volume': 4263800.0}, {'date': Timestamp('2020-03-02 00:00:00'), 'volume': 2489000.0}, {'date': Timestamp('2020-02-17 00:00:00'), 'volume': 2461400.0}, {'date': Timestamp('2020-01-06 00:00:00'), 'volume': 1814500.0}]",2026-08-10,11436200.0,4.590000152587891,0.0652184202887558,345
VSTS,1904955106.4614267,weekly,2024-04-29,56871100.0,833,0,4,"[{'date': Timestamp('2024-04-29 00:00:00'), 'volume': 56871100.0}, {'date': Timestamp('2023-12-11 00:00:00'), 'volume': 31442500.0}, {'date': Timestamp('2023-10-02 00:00:00'), 'volume': 31127400.0}, {'date': Timestamp('2023-09-25 00:00:00'), 'volume': 550100.0}]",2026-08-10,9656825.0,13.329999923706056,0.1698019732342086,151
SPT,449888621.640244,weekly,2024-04-29,17133500.0,833,0,7,"[{'date': Timestamp('2024-04-29 00:00:00'), 'volume': 17133500.0}, {'date': Timestamp('2023-05-01 00:00:00'), 'volume': 15006600.0}, {'date': Timestamp('2020-11-16 00:00:00'), 'volume': 7165100.0}, {'date': Timestamp('2020-08-10 00:00:00'), 'volume': 6317500.0}, {'date': Timestamp('2020-08-03 00:00:00'), 'volume': 5211200.0}, {'date': Timestamp('2020-02-24 00:00:00'), 'volume': 4765500.0}, {'date': Timestamp('2020-01-06 00:00:00'), 'volume': 2778800.0}]",2026-08-10,7542069.0,9.890000343322754,0.4401942977208393,345
PRE,316879470.8551898,weekly,2024-04-22,3206800.0,840,0,8,"[{'date': Timestamp('2024-04-22 00:00:00'), 'volume': 3206800.0}, {'date': Timestamp('2023-01-09 00:00:00'), 'volume': 3133839.0}, {'date': Timestamp('2022-07-11 00:00:00'), 'volume': 119153.0}, {'date': Timestamp('2021-12-13 00:00:00'), 'volume': 107802.0}, {'date': Timestamp('2021-11-29 00:00:00'), 'volume': 103939.0}, {'date': Timestamp('2021-09-13 00:00:00'), 'volume': 95460.0}, {'date': Timestamp('2021-07-19 00:00:00'), 'volume': 3019.0}, {'date': Timestamp('2021-07-12 00:00:00'), 'volume': 138.0}]",2026-08-10,646114.0,19.75,0.201482474741175,266
TFIN,1828558246.0956104,weekly,2024-04-15,2522700.0,847,0,12,"[{'date': Timestamp('2024-04-15 00:00:00'), 'volume': 2522700.0}, {'date': Timestamp('2023-03-13 00:00:00'), 'volume': 2311000.0}, {'date': Timestamp('2021-12-13 00:00:00'), 'volume': 2303600.0}, {'date': Timestamp('2021-04-05 00:00:00'), 'volume': 1921700.0}, {'date': Timestamp('2020-10-26 00:00:00'), 'volume': 1722000.0}, {'date': Timestamp('2020-03-16 00:00:00'), 'volume': 1701700.0}, {'date': Timestamp('2020-03-09 00:00:00'), 'volume': 1469100.0}, {'date': Timestamp('2020-02-24 00:00:00'), 'volume': 1258900.0}, {'date': Timestamp('2020-02-03 00:00:00'), 'volume': 1051700.0}, {'date': Timestamp('2020-01-20 00:00:00'), 'volume': 1035900.0}, {'date': Timestamp('2020-01-13 00:00:00'), 'volume': 574000.0}, {'date': Timestamp('2020-01-06 00:00:00'), 'volume': 417200.0}]",2026-08-10,585396.0,78.22000122070312,0.2320513735283624,345
FOR,1629219016.59712,weekly,2024-04-15,2325400.0,847,0,6,"[{'date': Timestamp('2024-04-15 00:00:00'), 'volume': 2325400.0}, {'date': Timestamp('2023-07-24 00:00:00'), 'volume': 2009500.0}, {'date': Timestamp('2020-03-16 00:00:00'), 'volume': 1620800.0}, {'date': Timestamp('2020-02-24 00:00:00'), 'volume': 865900.0}, {'date': Timestamp('2020-01-13 00:00:00'), 'volume': 708400.0}, {'date': Timestamp('2020-01-06 00:00:00'), 'volume': 473100.0}]",2026-08-10,553823.0,29.440000534057617,0.2381624666724004,345
IFN,486658179.0,weekly,2024-04-13,2787200.0,849,0,6,"[{'date': Timestamp('2024-04-13 00:00:00'), 'volume': 2787200.0}, {'date': Timestamp('2024-04-06 00:00:00'), 'volume': 2584200.0}, {'date': Timestamp('2020-03-21 00:00:00'), 'volume': 1740400.0}, {'date': Timestamp('2020-03-14 00:00:00'), 'volume': 1632700.0}, {'date': Timestamp('2020-02-22 00:00:00'), 'volume': 1444100.0}, {'date': Timestamp('2020-01-04 00:00:00'), 'volume': 741700.0}]",2026-08-10,797597.0,11.880000114440918,0.2861642508610792,346
PERI,362232224.9689657,weekly,2024-04-08,23693500.0,854,0,4,"[{'date': Timestamp('2024-04-08 00:00:00'), 'volume': 23693500.0}, {'date': Timestamp('2021-02-08 00:00:00'), 'volume': 17751600.0}, {'date': Timestamp('2020-12-07 00:00:00'), 'volume': 10330000.0}, {'date': Timestamp('2020-01-06 00:00:00'), 'volume': 4515600.0}]",2026-08-10,2968329.0,9.789999961853027,0.1252803089454914,345
CADL,717315677.7191129,weekly,2024-04-01,228351500.0,861,0,3,"[{'date': Timestamp('2024-04-01 00:00:00'), 'volume': 228351500.0}, {'date': Timestamp('2023-12-11 00:00:00'), 'volume': 32170500.0}, {'date': Timestamp('2021-07-26 00:00:00'), 'volume': 2636300.0}]",2026-08-10,9166838.0,11.720000267028809,0.0401435418641874,264
STOK,1993012914.7368424,weekly,2024-03-25,44459600.0,868,0,12,"[{'date': Timestamp('2024-03-25 00:00:00'), 'volume': 44459600.0}, {'date': Timestamp('2023-07-24 00:00:00'), 'volume': 9535100.0}, {'date': Timestamp('2023-01-30 00:00:00'), 'volume': 5844500.0}, {'date': Timestamp('2022-11-14 00:00:00'), 'volume': 4478400.0}, {'date': Timestamp('2022-03-14 00:00:00'), 'volume': 2919200.0}, {'date': Timestamp('2022-02-14 00:00:00'), 'volume': 2821100.0}, {'date': Timestamp('2022-01-24 00:00:00'), 'volume': 2795800.0}, {'date': Timestamp('2020-03-16 00:00:00'), 'volume': 2499200.0}, {'date': Timestamp('2020-03-09 00:00:00'), 'volume': 1650500.0}, {'date': Timestamp('2020-01-27 00:00:00'), 'volume': 1423400.0}, {'date': Timestamp('2020-01-20 00:00:00'), 'volume': 809900.0}, {'date': Timestamp('2020-01-06 00:00:00'), 'volume': 783500.0}]",2026-08-10,2864059.0,31.270000457763672,0.0644193604980701,345
AUNA,381166771.81000006,weekly,2024-03-18,9047200.0,875,0,1,"[{'date': Timestamp('2024-03-18 00:00:00'), 'volume': 9047200.0}]",2026-08-10,816172.0,5.239999771118164,0.0902126624812096,126
OIS,486362763.4716981,weekly,2024-03-11,22835900.0,882,0,9,"[{'date': Timestamp('2024-03-11 00:00:00'), 'volume': 22835900.0}, {'date': Timestamp('2020-06-01 00:00:00'), 'volume': 19944100.0}, {'date': Timestamp('2020-05-18 00:00:00'), 'volume': 10897200.0}, {'date': Timestamp('2020-04-27 00:00:00'), 'volume': 10397200.0}, {'date': Timestamp('2020-03-09 00:00:00'), 'volume': 7435500.0}, {'date': Timestamp('2020-02-24 00:00:00'), 'volume': 4495800.0}, {'date': Timestamp('2020-01-27 00:00:00'), 'volume': 4282000.0}, {'date': Timestamp('2020-01-20 00:00:00'), 'volume': 3281900.0}, {'date': Timestamp('2020-01-06 00:00:00'), 'volume': 2046200.0}]",2026-08-10,3340579.0,8.930000305175781,0.1462862860671136,345
BL,1662450450.3418868,weekly,2024-03-11,17302500.0,882,0,6,"[{'date': Timestamp('2024-03-11 00:00:00'), 'volume': 17302500.0}, {'date': Timestamp('2021-03-08 00:00:00'), 'volume': 10199700.0}, {'date': Timestamp('2021-02-08 00:00:00'), 'volume': 5638600.0}, {'date': Timestamp('2020-03-09 00:00:00'), 'volume': 5543600.0}, {'date': Timestamp('2020-01-13 00:00:00'), 'volume': 3987000.0}, {'date': Timestamp('2020-01-06 00:00:00'), 'volume': 1327900.0}]",2026-08-10,6219672.0,30.530000686645508,0.3594666666666666,345
CCSI,675572672.111904,weekly,2024-03-11,6296100.0,882,0,3,"[{'date': Timestamp('2024-03-11 00:00:00'), 'volume': 6296100.0}, {'date': Timestamp('2021-10-04 00:00:00'), 'volume': 4560100.0}, {'date': Timestamp('2021-09-27 00:00:00'), 'volume': 32400.0}]",2026-08-10,830089.0,39.06999969482422,0.131841775067105,255
UVV,1340634817.1431258,weekly,2024-03-09,5148000.0,884,0,9,"[{'date': Timestamp('2024-03-09 00:00:00'), 'volume': 5148000.0}, {'date': Timestamp('2023-12-09 00:00:00'), 'volume': 4311900.0}, {'date': Timestamp('2022-12-10 00:00:00'), 'volume': 1703600.0}, {'date': Timestamp('2022-03-12 00:00:00'), 'volume': 1467200.0}, {'date': Timestamp('2020-03-14 00:00:00'), 'volume': 1464700.0}, {'date': Timestamp('2020-03-07 00:00:00'), 'volume': 1209200.0}, {'date': Timestamp('2020-02-22 00:00:00'), 'volume': 1021500.0}, {'date': Timestamp('2020-01-11 00:00:00'), 'volume': 907900.0}, {'date': Timestamp('2020-01-04 00:00:00'), 'volume': 707900.0}]",2026-08-10,2860943.0,44.77000045776367,0.5557387334887335,346
EGBN,888337267.7174525,weekly,2024-03-09,4814400.0,884,0,9,"[{'date': Timestamp('2024-03-09 00:00:00'), 'volume': 4814400.0}, {'date': Timestamp('2023-05-13 00:00:00'), 'volume': 4417100.0}, {'date': Timestamp('2023-03-11 00:00:00'), 'volume': 3135600.0}, {'date': Timestamp('2020-03-14 00:00:00'), 'volume': 2041500.0}, {'date': Timestamp('2020-03-07 00:00:00'), 'volume': 1933100.0}, {'date': Timestamp('2020-02-29 00:00:00'), 'volume': 1332700.0}, {'date': Timestamp('2020-02-22 00:00:00'), 'volume': 1321700.0}, {'date': Timestamp('2020-01-11 00:00:00'), 'volume': 1129400.0}, {'date': Timestamp('2020-01-04 00:00:00'), 'volume': 611600.0}]",2026-08-10,1332084.0,28.799999237060547,0.2766874376869392,346
AMLX,1978004648.3050456,weekly,2024-03-04,67673200.0,889,0,6,"[{'date': Timestamp('2024-03-04 00:00:00'), 'volume': 67673200.0}, {'date': Timestamp('2022-03-28 00:00:00'), 'volume': 22648100.0}, {'date': Timestamp('2022-03-21 00:00:00'), 'volume': 4648500.0}, {'date': Timestamp('2022-03-14 00:00:00'), 'volume': 4557700.0}, {'date': Timestamp('2022-01-10 00:00:00'), 'volume': 2863500.0}, {'date': Timestamp('2022-01-03 00:00:00'), 'volume': 2160100.0}]",2026-08-10,6784492.0,21.6299991607666,0.100253748899121,241
REAL,1465130763.6363635,weekly,2024-03-04,56142500.0,889,0,12,"[{'date': Timestamp('2024-03-04 00:00:00'), 'volume': 56142500.0}, {'date': Timestamp('2024-02-26 00:00:00'), 'volume': 51513300.0}, {'date': Timestamp('2022-05-09 00:00:00'), 'volume': 39782600.0}, {'date': Timestamp('2021-05-10 00:00:00'), 'volume': 36207100.0}, {'date': Timestamp('2021-01-25 00:00:00'), 'volume': 22380600.0}, {'date': Timestamp('2020-06-08 00:00:00'), 'volume': 20025700.0}, {'date': Timestamp('2020-03-23 00:00:00'), 'volume': 19171200.0}, {'date': Timestamp('2020-02-24 00:00:00'), 'volume': 18107600.0}, {'date': Timestamp('2020-02-17 00:00:00'), 'volume': 7863900.0}, {'date': Timestamp('2020-01-20 00:00:00'), 'volume': 6499100.0}, {'date': Timestamp('2020-01-13 00:00:00'), 'volume': 6056100.0}, {'date': Timestamp('2020-01-06 00:00:00'), 'volume': 5601900.0}]",2026-08-10,14472289.0,11.399999618530272,0.2577777797568686,345
EIM,531571012.0,weekly,2024-03-04,3794700.0,889,0,6,"[{'date': Timestamp('2024-03-04 00:00:00'), 'volume': 3794700.0}, {'date': Timestamp('2020-03-09 00:00:00'), 'volume': 2753100.0}, {'date': Timestamp('2020-02-24 00:00:00'), 'volume': 1737200.0}, {'date': Timestamp('2020-02-10 00:00:00'), 'volume': 1171200.0}, {'date': Timestamp('2020-02-03 00:00:00'), 'volume': 947900.0}, {'date': Timestamp('2020-01-06 00:00:00'), 'volume': 677200.0}]",2026-08-10,944345.0,9.729999542236328,0.2488589348301578,345
FIGS,1937748147.592425,weekly,2024-02-26,63036800.0,896,0,8,"[{'date': Timestamp('2024-02-26 00:00:00'), 'volume': 63036800.0}, {'date': Timestamp('2022-11-07 00:00:00'), 'volume': 44782200.0}, {'date': Timestamp('2022-05-09 00:00:00'), 'volume': 40342600.0}, {'date': Timestamp('2021-12-13 00:00:00'), 'volume': 27011900.0}, {'date': Timestamp('2021-12-06 00:00:00'), 'volume': 25379900.0}, {'date': Timestamp('2021-11-08 00:00:00'), 'volume': 16676900.0}, {'date': Timestamp('2021-09-13 00:00:00'), 'volume': 16664800.0}, {'date': Timestamp('2021-05-24 00:00:00'), 'volume': 16570000.0}]",2026-08-10,12920794.0,14.6899995803833,0.2049722384384994,273
CXM,1208663742.867617,weekly,2024-02-26,45042200.0,896,0,3,"[{'date': Timestamp('2024-02-26 00:00:00'), 'volume': 45042200.0}, {'date': Timestamp('2023-12-04 00:00:00'), 'volume': 38250900.0}, {'date': Timestamp('2021-06-21 00:00:00'), 'volume': 23094300.0}]",2026-08-10,10283192.0,6.889999866485596,0.2283012819089653,269
ANSC,474261727.42257214,weekly,2024-02-26,5695300.0,896,0,3,"[{'date': Timestamp('2024-02-26 00:00:00'), 'volume': 5695300.0}, {'date': Timestamp('2024-01-15 00:00:00'), 'volume': 801100.0}, {'date': Timestamp('2024-01-01 00:00:00'), 'volume': 624500.0}]",2026-08-10,70.0,11.460000038146973,1.2290836303618771e-05,136
XHR,1919635777.3852944,weekly,2024-02-26,11637700.0,896,0,3,"[{'date': Timestamp('2024-02-26 00:00:00'), 'volume': 11637700.0}, {'date': Timestamp('2020-02-24 00:00:00'), 'volume': 10605700.0}, {'date': Timestamp('2020-01-06 00:00:00'), 'volume': 3238600.0}]",2026-08-10,2708164.0,19.15999984741211,0.2327061189066568,345
KF,311751499.5,weekly,2024-02-24,273800.0,898,0,11,"[{'date': Timestamp('2024-02-24 00:00:00'), 'volume': 273800.0}, {'date': Timestamp('2023-10-21 00:00:00'), 'volume': 201900.0}, {'date': Timestamp('2023-04-08 00:00:00'), 'volume': 183900.0}, {'date': Timestamp('2022-10-22 00:00:00'), 'volume': 153600.0}, {'date': Timestamp('2020-03-14 00:00:00'), 'volume': 116700.0}, {'date': Timestamp('2020-03-07 00:00:00'), 'volume': 73700.0}, {'date': Timestamp('2020-02-29 00:00:00'), 'volume': 54300.0}, {'date': Timestamp('2020-02-22 00:00:00'), 'volume': 52600.0}, {'date': Timestamp('2020-02-01 00:00:00'), 'volume': 40400.0}, {'date': Timestamp('2020-01-25 00:00:00'), 'volume': 25100.0}, {'date': Timestamp('2020-01-04 00:00:00'), 'volume': 23300.0}]",2026-08-10,133657.0,64.16999816894531,0.4881555880204529,346
BBOT,592792555.396619,weekly,2024-02-05,4883300.0,917,0,1,"[{'date': Timestamp('2024-02-05 00:00:00'), 'volume': 4883300.0}]",2026-08-10,1117992.0,9.0600004196167,0.2289419040403006,132
MBUU,564565287.7447613,weekly,2024-01-29,3679400.0,924,0,9,"[{'date': Timestamp('2024-01-29 00:00:00'), 'volume': 3679400.0}, {'date': Timestamp('2020-04-27 00:00:00'), 'volume': 2143100.0}, {'date': Timestamp('2020-03-16 00:00:00'), 'volume': 2064100.0}, {'date': Timestamp('2020-03-09 00:00:00'), 'volume': 1423300.0}, {'date': Timestamp('2020-03-02 00:00:00'), 'volume': 1320700.0}, {'date': Timestamp('2020-02-03 00:00:00'), 'volume': 1243400.0}, {'date': Timestamp('2020-01-27 00:00:00'), 'volume': 785400.0}, {'date': Timestamp('2020-01-13 00:00:00'), 'volume': 642500.0}, {'date': Timestamp('2020-01-06 00:00:00'), 'volume': 580500.0}]",2026-08-10,683497.0,29.32999992370605,0.185763167907811,345
CNMD,1082425560.0419562,weekly,2024-01-27,6265000.0,926,0,7,"[{'date': Timestamp('2024-01-27 00:00:00'), 'volume': 6265000.0}, {'date': Timestamp('2020-04-25 00:00:00'), 'volume': 5465000.0}, {'date': Timestamp('2020-03-21 00:00:00'), 'volume': 4523700.0}, {'date': Timestamp('2020-03-14 00:00:00'), 'volume': 3138300.0}, {'date': Timestamp('2020-03-07 00:00:00'), 'volume': 2893400.0}, {'date': Timestamp('2020-01-25 00:00:00'), 'volume': 2471300.0}, {'date': Timestamp('2020-01-04 00:00:00'), 'volume': 1972300.0}]",2026-08-10,1618328.0,50.40999984741211,0.2583125299281724,346
PSBD,333303937.575,weekly,2024-01-15,1559400.0,938,0,1,"[{'date': Timestamp('2024-01-15 00:00:00'), 'volume': 1559400.0}]",2026-08-10,822085.0,10.40999984741211,0.5271803257663203,135
RJET,892101502.9646019,weekly,2024-01-15,4765473.0,938,0,14,"[{'date': Timestamp('2024-01-15 00:00:00'), 'volume': 4765473.0}, {'date': Timestamp('2021-03-08 00:00:00'), 'volume': 1201867.0}, {'date': Timestamp('2020-06-08 00:00:00'), 'volume': 1006607.0}, {'date': Timestamp('2020-06-01 00:00:00'), 'volume': 795085.0}, {'date': Timestamp('2020-05-18 00:00:00'), 'volume': 381787.0}, {'date': Timestamp('2020-03-23 00:00:00'), 'volume': 366213.0}, {'date': Timestamp('2020-03-16 00:00:00'), 'volume': 338640.0}, {'date': Timestamp('2020-03-09 00:00:00'), 'volume': 245073.0}, {'date': Timestamp('2020-03-02 00:00:00'), 'volume': 147752.0}, {'date': Timestamp('2020-02-24 00:00:00'), 'volume': 120619.0}, {'date': Timestamp('2020-02-10 00:00:00'), 'volume': 89667.0}, {'date': Timestamp('2020-01-27 00:00:00'), 'volume': 85499.0}, {'date': Timestamp('2020-01-13 00:00:00'), 'volume': 77654.0}, {'date': Timestamp('2020-01-06 00:00:00'), 'volume': 67012.0}]",2026-08-10,335271.0,20.32999992370605,0.070354191493688,345
VKQ,551141580.0,weekly,2024-01-13,3122700.0,940,0,6,"[{'date': Timestamp('2024-01-13 00:00:00'), 'volume': 3122700.0}, {'date': Timestamp('2022-12-24 00:00:00'), 'volume': 1921700.0}, {'date': Timestamp('2020-03-14 00:00:00'), 'volume': 1912100.0}, {'date': Timestamp('2020-03-07 00:00:00'), 'volume': 1672400.0}, {'date': Timestamp('2020-02-22 00:00:00'), 'volume': 1190600.0}, {'date': Timestamp('2020-01-04 00:00:00'), 'volume': 673100.0}]",2026-08-10,1251663.0,9.899999618530272,0.400827168796234,346
VMO,666314116.0,weekly,2024-01-13,6288600.0,940,0,7,"[{'date': Timestamp('2024-01-13 00:00:00'), 'volume': 6288600.0}, {'date': Timestamp('2022-03-05 00:00:00'), 'volume': 2890200.0}, {'date': Timestamp('2020-03-07 00:00:00'), 'volume': 2601600.0}, {'date': Timestamp('2020-02-22 00:00:00'), 'volume': 1480100.0}, {'date': Timestamp('2020-01-18 00:00:00'), 'volume': 941600.0}, {'date': Timestamp('2020-01-11 00:00:00'), 'volume': 723500.0}, {'date': Timestamp('2020-01-04 00:00:00'), 'volume': 698800.0}]",2026-08-10,1056445.0,9.850000381469728,0.1679936710873644,346
ESBA,1493049928.7039216,weekly,2024-01-08,284100.0,945,0,7,"[{'date': Timestamp('2024-01-08 00:00:00'), 'volume': 284100.0}, {'date': Timestamp('2020-03-16 00:00:00'), 'volume': 250900.0}, {'date': Timestamp('2020-03-02 00:00:00'), 'volume': 67800.0}, {'date': Timestamp('2020-02-17 00:00:00'), 'volume': 54800.0}, {'date': Timestamp('2020-01-20 00:00:00'), 'volume': 50500.0}, {'date': Timestamp('2020-01-13 00:00:00'), 'volume': 46100.0}, {'date': Timestamp('2020-01-06 00:00:00'), 'volume': 31500.0}]",2026-08-10,10465.0,4.599999904632568,0.0368356212601196,345
SDHC,741434029.8739495,weekly,2024-01-08,4914000.0,945,0,1,"[{'date': Timestamp('2024-01-08 00:00:00'), 'volume': 4914000.0}]",2026-08-10,160655.0,13.979999542236328,0.0326933251933251,136
SGHT,309592575.89926744,weekly,2023-12-25,13153000.0,959,0,3,"[{'date': Timestamp('2023-12-25 00:00:00'), 'volume': 13153000.0}, {'date': Timestamp('2023-10-23 00:00:00'), 'volume': 7954500.0}, {'date': Timestamp('2021-07-12 00:00:00'), 'volume': 6599300.0}]",2026-08-10,1756325.0,8.140000343322754,0.1335303732988672,266
JBI,747430687.9349006,weekly,2023-12-11,39864800.0,973,0,6,"[{'date': Timestamp('2023-12-11 00:00:00'), 'volume': 39864800.0}, {'date': Timestamp('2023-08-21 00:00:00'), 'volume': 26079600.0}, {'date': Timestamp('2021-08-09 00:00:00'), 'volume': 16575400.0}, {'date': Timestamp('2020-12-21 00:00:00'), 'volume': 12451400.0}, {'date': Timestamp('2020-09-28 00:00:00'), 'volume': 2488400.0}, {'date': Timestamp('2020-01-06 00:00:00'), 'volume': 1993000.0}]",2026-08-10,9717526.0,5.110000133514404,0.2437620657823443,345
GLP,1580813935.5565178,weekly,2023-12-11,7856400.0,973,0,7,"[{'date': Timestamp('2023-12-11 00:00:00'), 'volume': 7856400.0}, {'date': Timestamp('2022-12-12 00:00:00'), 'volume': 3478600.0}, {'date': Timestamp('2020-03-16 00:00:00'), 'volume': 2005000.0}, {'date': Timestamp('2020-03-09 00:00:00'), 'volume': 1770100.0}, {'date': Timestamp('2020-02-24 00:00:00'), 'volume': 1001800.0}, {'date': Timestamp('2020-01-27 00:00:00'), 'volume': 772800.0}, {'date': Timestamp('2020-01-06 00:00:00'), 'volume': 559800.0}]",2026-08-10,804344.0,50.83000183105469,0.1023807341785041,345
OFIX,395323791.09989256,weekly,2023-12-09,10911400.0,975,0,7,"[{'date': Timestamp('2023-12-09 00:00:00'), 'volume': 10911400.0}, {'date': Timestamp('2023-09-09 00:00:00'), 'volume': 9319200.0}, {'date': Timestamp('2022-12-31 00:00:00'), 'volume': 6669200.0}, {'date': Timestamp('2022-10-08 00:00:00'), 'volume': 2868600.0}, {'date': Timestamp('2020-02-22 00:00:00'), 'volume': 1342100.0}, {'date': Timestamp('2020-01-25 00:00:00'), 'volume': 782000.0}, {'date': Timestamp('2020-01-04 00:00:00'), 'volume': 450500.0}]",2026-08-10,1884536.0,10.34000015258789,0.1727125758381142,346
SPH,1153705713.4574714,weekly,2023-12-09,17199000.0,975,0,9,"[{'date': Timestamp('2023-12-09 00:00:00'), 'volume': 17199000.0}, {'date': Timestamp('2022-12-10 00:00:00'), 'volume': 4736600.0}, {'date': Timestamp('2020-11-07 00:00:00'), 'volume': 3758100.0}, {'date': Timestamp('2020-03-14 00:00:00'), 'volume': 3315000.0}, {'date': Timestamp('2020-03-07 00:00:00'), 'volume': 2885000.0}, {'date': Timestamp('2020-02-22 00:00:00'), 'volume': 2120700.0}, {'date': Timestamp('2020-02-01 00:00:00'), 'volume': 1580900.0}, {'date': Timestamp('2020-01-25 00:00:00'), 'volume': 1061100.0}, {'date': Timestamp('2020-01-04 00:00:00'), 'volume': 881600.0}]",2026-08-10,2002014.0,17.75,0.1164029304029304,346
SMP,904556985.8757548,weekly,2023-12-09,3541400.0,975,0,11,"[{'date': Timestamp('2023-12-09 00:00:00'), 'volume': 3541400.0}, {'date': Timestamp('2020-12-12 00:00:00'), 'volume': 2058400.0}, {'date': Timestamp('2020-06-20 00:00:00'), 'volume': 1040000.0}, {'date': Timestamp('2020-06-13 00:00:00'), 'volume': 972000.0}, {'date': Timestamp('2020-03-14 00:00:00'), 'volume': 920900.0}, {'date': Timestamp('2020-03-07 00:00:00'), 'volume': 845300.0}, {'date': Timestamp('2020-02-22 00:00:00'), 'volume': 653300.0}, {'date': Timestamp('2020-02-01 00:00:00'), 'volume': 506100.0}, {'date': Timestamp('2020-01-18 00:00:00'), 'volume': 406900.0}, {'date': Timestamp('2020-01-11 00:00:00'), 'volume': 391100.0}, {'date': Timestamp('2020-01-04 00:00:00'), 'volume': 352800.0}]",2026-08-10,745273.0,38.93999862670898,0.2104458688654204,346
OSPN,524951588.9667406,weekly,2023-12-09,11598900.0,975,0,8,"[{'date': Timestamp('2023-12-09 00:00:00'), 'volume': 11598900.0}, {'date': Timestamp('2020-08-08 00:00:00'), 'volume': 9733000.0}, {'date': Timestamp('2020-06-13 00:00:00'), 'volume': 2652000.0}, {'date': Timestamp('2020-05-30 00:00:00'), 'volume': 2380100.0}, {'date': Timestamp('2020-05-02 00:00:00'), 'volume': 2244100.0}, {'date': Timestamp('2020-04-11 00:00:00'), 'volume': 2209300.0}, {'date': Timestamp('2020-01-11 00:00:00'), 'volume': 1869200.0}, {'date': Timestamp('2020-01-04 00:00:00'), 'volume': 1302100.0}]",2026-08-10,2376976.0,16.34000015258789,0.204931157264913,346
EYPT,1145272070.3209336,weekly,2023-12-04,45482600.0,980,0,8,"[{'date': Timestamp('2023-12-04 00:00:00'), 'volume': 45482600.0}, {'date': Timestamp('2021-11-15 00:00:00'), 'volume': 33972500.0}, {'date': Timestamp('2020-08-17 00:00:00'), 'volume': 8602130.0}, {'date': Timestamp('2020-06-15 00:00:00'), 'volume': 1640920.0}, {'date': Timestamp('2020-02-17 00:00:00'), 'volume': 869050.0}, {'date': Timestamp('2020-01-20 00:00:00'), 'volume': 487800.0}, {'date': Timestamp('2020-01-13 00:00:00'), 'volume': 242120.0}, {'date': Timestamp('2020-01-06 00:00:00'), 'volume': 175390.0}]",2026-08-10,12292976.0,14.75,0.2702786560135085,345
MGTX,1121501167.8855162,weekly,2023-10-30,13870700.0,1015,0,11,"[{'date': Timestamp('2023-10-30 00:00:00'), 'volume': 13870700.0}, {'date': Timestamp('2021-10-18 00:00:00'), 'volume': 11825300.0}, {'date': Timestamp('2020-12-14 00:00:00'), 'volume': 3510100.0}, {'date': Timestamp('2020-11-16 00:00:00'), 'volume': 2498100.0}, {'date': Timestamp('2020-09-14 00:00:00'), 'volume': 1749900.0}, {'date': Timestamp('2020-07-13 00:00:00'), 'volume': 1188300.0}, {'date': Timestamp('2020-06-22 00:00:00'), 'volume': 979600.0}, {'date': Timestamp('2020-03-16 00:00:00'), 'volume': 882200.0}, {'date': Timestamp('2020-03-09 00:00:00'), 'volume': 820000.0}, {'date': Timestamp('2020-01-27 00:00:00'), 'volume': 652700.0}, {'date': Timestamp('2020-01-06 00:00:00'), 'volume': 619400.0}]",2026-08-10,2985573.0,13.520000457763672,0.215243138414067,345
ASMB,529913251.7732893,weekly,2023-10-16,7636500.0,1029,0,5,"[{'date': Timestamp('2023-10-16 00:00:00'), 'volume': 7636500.0}, {'date': Timestamp('2020-11-02 00:00:00'), 'volume': 1915216.0}, {'date': Timestamp('2020-03-16 00:00:00'), 'volume': 210891.0}, {'date': Timestamp('2020-01-13 00:00:00'), 'volume': 174543.0}, {'date': Timestamp('2020-01-06 00:00:00'), 'volume': 103600.0}]",2026-08-10,2279604.0,32.95000076293945,0.2985142408171282,345
TBRG,392977366.722689,weekly,2023-09-11,4739900.0,1036,0,5,"[{'date': Timestamp('2023-09-11 00:00:00'), 'volume': 4739900}, {'date': Timestamp('2023-09-04 00:00:00'), 'volume': 2068700}, {'date': Timestamp('2020-02-10 00:00:00'), 'volume': 1143200}, {'date': Timestamp('2020-02-03 00:00:00'), 'volume': 448200}, {'date': Timestamp('2020-01-06 00:00:00'), 'volume': 399300}]",2026-07-13,0.0,26.239999771118164,0.0,341
INMD,840943746.3997298,weekly,2023-10-09,31965600.0,1036,0,3,"[{'date': Timestamp('2023-10-09 00:00:00'), 'volume': 31965600.0}, {'date': Timestamp('2020-02-17 00:00:00'), 'volume': 29484400.0}, {'date': Timestamp('2020-01-06 00:00:00'), 'volume': 17230000.0}]",2026-08-10,1864069.0,15.149999618530272,0.0583148447080611,345
DXC,1429547824.8262455,weekly,2023-09-30,63152500.0,1045,0,7,"[{'date': Timestamp('2023-09-30 00:00:00'), 'volume': 63152500.0}, {'date': Timestamp('2020-05-23 00:00:00'), 'volume': 47218900.0}, {'date': Timestamp('2020-03-07 00:00:00'), 'volume': 42366100.0}, {'date': Timestamp('2020-02-08 00:00:00'), 'volume': 30190800.0}, {'date': Timestamp('2020-02-01 00:00:00'), 'volume': 20577800.0}, {'date': Timestamp('2020-01-18 00:00:00'), 'volume': 17908100.0}, {'date': Timestamp('2020-01-04 00:00:00'), 'volume': 16296700.0}]",2026-08-10,15199970.0,10.789999961853027,0.2406867503265904,346
AFB,327691860.0,weekly,2023-09-18,1160600.0,1057,0,9,"[{'date': Timestamp('2023-09-18 00:00:00'), 'volume': 1160600.0}, {'date': Timestamp('2022-12-19 00:00:00'), 'volume': 1093300.0}, {'date': Timestamp('2022-11-28 00:00:00'), 'volume': 1018000.0}, {'date': Timestamp('2020-03-16 00:00:00'), 'volume': 757200.0}, {'date': Timestamp('2020-03-09 00:00:00'), 'volume': 543900.0}, {'date': Timestamp('2020-02-24 00:00:00'), 'volume': 485000.0}, {'date': Timestamp('2020-01-20 00:00:00'), 'volume': 258700.0}, {'date': Timestamp('2020-01-13 00:00:00'), 'volume': 228400.0}, {'date': Timestamp('2020-01-06 00:00:00'), 'volume': 177800.0}]",2026-08-10,293174.0,11.109999656677246,0.252605548854041,345
ANGO,553673421.8594435,weekly,2023-09-11,12717600.0,1064,0,5,"[{'date': Timestamp('2023-09-11 00:00:00'), 'volume': 12717600.0}, {'date': Timestamp('2022-11-28 00:00:00'), 'volume': 6609800.0}, {'date': Timestamp('2022-10-03 00:00:00'), 'volume': 4314000.0}, {'date': Timestamp('2020-09-28 00:00:00'), 'volume': 4248400.0}, {'date': Timestamp('2020-01-06 00:00:00'), 'volume': 3623700.0}]",2026-08-10,3209085.0,15.850000381469728,0.252334166823929,345
UVE,1147984300.575627,weekly,2023-09-11,9257100.0,1064,0,7,"[{'date': Timestamp('2023-09-11 00:00:00'), 'volume': 9257100.0}, {'date': Timestamp('2023-02-27 00:00:00'), 'volume': 3657500.0}, {'date': Timestamp('2022-12-12 00:00:00'), 'volume': 3550700.0}, {'date': Timestamp('2022-02-28 00:00:00'), 'volume': 2531200.0}, {'date': Timestamp('2020-10-26 00:00:00'), 'volume': 2383000.0}, {'date': Timestamp('2020-03-02 00:00:00'), 'volume': 1927100.0}, {'date': Timestamp('2020-01-06 00:00:00'), 'volume': 1293300.0}]",2026-08-10,882120.0,43.209999084472656,0.0952911819036199,345
GNL,1907383061.461794,weekly,2023-09-11,40193500.0,1064,0,9,"[{'date': Timestamp('2023-09-11 00:00:00'), 'volume': 40193500.0}, {'date': Timestamp('2023-09-04 00:00:00'), 'volume': 14629300.0}, {'date': Timestamp('2023-05-22 00:00:00'), 'volume': 12043700.0}, {'date': Timestamp('2021-12-13 00:00:00'), 'volume': 8079600.0}, {'date': Timestamp('2020-06-15 00:00:00'), 'volume': 7298700.0}, {'date': Timestamp('2020-03-16 00:00:00'), 'volume': 6470900.0}, {'date': Timestamp('2020-03-09 00:00:00'), 'volume': 4738000.0}, {'date': Timestamp('2020-02-24 00:00:00'), 'volume': 4588000.0}, {'date': Timestamp('2020-01-06 00:00:00'), 'volume': 3554700.0}]",2026-08-10,17029765.0,8.760000228881836,0.4236945028424994,345
NTGR,613023400.2212467,weekly,2023-09-11,10241400.0,1064,0,5,"[{'date': Timestamp('2023-09-11 00:00:00'), 'volume': 10241400.0}, {'date': Timestamp('2020-10-19 00:00:00'), 'volume': 4849200.0}, {'date': Timestamp('2020-04-20 00:00:00'), 'volume': 4537000.0}, {'date': Timestamp('2020-02-03 00:00:00'), 'volume': 2968300.0}, {'date': Timestamp('2020-01-06 00:00:00'), 'volume': 1380100.0}]",2026-08-10,1769149.0,24.14999961853028,0.1727448395727146,345
AMPH,960343804.018061,weekly,2023-09-11,8005100.0,1064,0,9,"[{'date': Timestamp('2023-09-11 00:00:00'), 'volume': 8005100.0}, {'date': Timestamp('2022-06-06 00:00:00'), 'volume': 7388800.0}, {'date': Timestamp('2022-03-14 00:00:00'), 'volume': 3278600.0}, {'date': Timestamp('2022-03-07 00:00:00'), 'volume': 2934300.0}, {'date': Timestamp('2020-05-11 00:00:00'), 'volume': 2791900.0}, {'date': Timestamp('2020-03-02 00:00:00'), 'volume': 1972500.0}, {'date': Timestamp('2020-02-24 00:00:00'), 'volume': 1401900.0}, {'date': Timestamp('2020-01-13 00:00:00'), 'volume': 1146800.0}, {'date': Timestamp('2020-01-06 00:00:00'), 'volume': 873000.0}]",2026-08-10,2121450.0,20.90999984741211,0.2650123046557819,345
NVCR,1787117098.048505,weekly,2023-08-28,32976800.0,1078,0,10,"[{'date': Timestamp('2023-08-28 00:00:00'), 'volume': 32976800.0}, {'date': Timestamp('2023-06-05 00:00:00'), 'volume': 27531900.0}, {'date': Timestamp('2021-04-12 00:00:00'), 'volume': 22873100.0}, {'date': Timestamp('2020-09-14 00:00:00'), 'volume': 15466800.0}, {'date': Timestamp('2020-06-22 00:00:00'), 'volume': 15338000.0}, {'date': Timestamp('2020-03-16 00:00:00'), 'volume': 6992300.0}, {'date': Timestamp('2020-03-02 00:00:00'), 'volume': 6553100.0}, {'date': Timestamp('2020-02-24 00:00:00'), 'volume': 6505200.0}, {'date': Timestamp('2020-01-13 00:00:00'), 'volume': 6232200.0}, {'date': Timestamp('2020-01-06 00:00:00'), 'volume': 5457500.0}]",2026-08-10,3793443.0,16.950000762939453,0.115033690352005,345
GSHD,1668837509.96907,weekly,2023-08-28,9099800.0,1078,0,8,"[{'date': Timestamp('2023-08-28 00:00:00'), 'volume': 9099800.0}, {'date': Timestamp('2022-09-12 00:00:00'), 'volume': 5406400.0}, {'date': Timestamp('2022-07-25 00:00:00'), 'volume': 2663800.0}, {'date': Timestamp('2021-06-21 00:00:00'), 'volume': 2317000.0}, {'date': Timestamp('2021-06-14 00:00:00'), 'volume': 1979500.0}, {'date': Timestamp('2020-03-09 00:00:00'), 'volume': 1888600.0}, {'date': Timestamp('2020-01-27 00:00:00'), 'volume': 1061000.0}, {'date': Timestamp('2020-01-06 00:00:00'), 'volume': 727000.0}]",2026-08-10,1580965.0,66.29000091552734,0.1737362359612299,345
RA,705602519.0,weekly,2023-08-28,11300000.0,1078,0,5,"[{'date': Timestamp('2023-08-28 00:00:00'), 'volume': 11300000.0}, {'date': Timestamp('2020-03-16 00:00:00'), 'volume': 4534500.0}, {'date': Timestamp('2020-03-09 00:00:00'), 'volume': 3500000.0}, {'date': Timestamp('2020-02-24 00:00:00'), 'volume': 2418200.0}, {'date': Timestamp('2020-01-06 00:00:00'), 'volume': 1839000.0}]",2026-08-10,711228.0,12.770000457763672,0.0629405309734513,345
GLAD,428364584.1323373,weekly,2023-08-28,3183050.0,1078,0,6,"[{'date': Timestamp('2023-08-28 00:00:00'), 'volume': 3183050.0}, {'date': Timestamp('2022-06-13 00:00:00'), 'volume': 1486850.0}, {'date': Timestamp('2020-02-24 00:00:00'), 'volume': 1471200.0}, {'date': Timestamp('2020-01-20 00:00:00'), 'volume': 398900.0}, {'date': Timestamp('2020-01-13 00:00:00'), 'volume': 348500.0}, {'date': Timestamp('2020-01-06 00:00:00'), 'volume': 298150.0}]",2026-08-10,944043.0,19.76000022888184,0.2965844080363173,345
NSSC,1332272327.4315877,weekly,2023-08-19,22525000.0,1087,0,5,"[{'date': Timestamp('2023-08-19 00:00:00'), 'volume': 22525000.0}, {'date': Timestamp('2020-02-01 00:00:00'), 'volume': 5452600.0}, {'date': Timestamp('2020-01-25 00:00:00'), 'volume': 847200.0}, {'date': Timestamp('2020-01-11 00:00:00'), 'volume': 785400.0}, {'date': Timestamp('2020-01-04 00:00:00'), 'volume': 587000.0}]",2026-08-10,1240826.0,38.31999969482422,0.055086614872364,346
DCTH,446710119.4902597,weekly,2023-08-14,120324700.0,1092,0,10,"[{'date': Timestamp('2023-08-14 00:00:00'), 'volume': 120324700.0}, {'date': Timestamp('2021-03-29 00:00:00'), 'volume': 9209300.0}, {'date': Timestamp('2020-12-07 00:00:00'), 'volume': 1448100.0}, {'date': Timestamp('2020-11-23 00:00:00'), 'volume': 760500.0}, {'date': Timestamp('2020-05-04 00:00:00'), 'volume': 617400.0}, {'date': Timestamp('2020-04-27 00:00:00'), 'volume': 617300.0}, {'date': Timestamp('2020-02-10 00:00:00'), 'volume': 6000.0}, {'date': Timestamp('2020-02-03 00:00:00'), 'volume': 4200.0}, {'date': Timestamp('2020-01-13 00:00:00'), 'volume': 3800.0}, {'date': Timestamp('2020-01-06 00:00:00'), 'volume': 2100.0}]",2026-08-10,5351711.0,16.729999542236328,0.0444772436582015,345
TSHA,1821868896.2028987,weekly,2023-08-14,209919000.0,1092,0,4,"[{'date': Timestamp('2023-08-14 00:00:00'), 'volume': 209919000.0}, {'date': Timestamp('2022-10-24 00:00:00'), 'volume': 116580300.0}, {'date': Timestamp('2022-06-20 00:00:00'), 'volume': 4062000.0}, {'date': Timestamp('2020-09-21 00:00:00'), 'volume': 3621200.0}]",2026-08-10,17588873.0,5.949999809265137,0.0837888566542333,308
DSGN,833800577.5111606,weekly,2023-08-14,24630900.0,1092,0,6,"[{'date': Timestamp('2023-08-14 00:00:00'), 'volume': 24630900.0}, {'date': Timestamp('2022-12-12 00:00:00'), 'volume': 8390000.0}, {'date': Timestamp('2022-12-05 00:00:00'), 'volume': 5876000.0}, {'date': Timestamp('2022-09-19 00:00:00'), 'volume': 3600900.0}, {'date': Timestamp('2021-12-13 00:00:00'), 'volume': 3598300.0}, {'date': Timestamp('2021-03-29 00:00:00'), 'volume': 2388400.0}]",2026-08-10,2193790.0,14.829999923706056,0.0890665789719417,281
BNTC,424963133.4653846,weekly,2023-08-07,28079300.0,1099,0,8,"[{'date': Timestamp('2023-08-07 00:00:00'), 'volume': 28079300.0}, {'date': Timestamp('2023-06-26 00:00:00'), 'volume': 11691771.0}, {'date': Timestamp('2021-03-22 00:00:00'), 'volume': 8313464.0}, {'date': Timestamp('2020-12-07 00:00:00'), 'volume': 735300.0}, {'date': Timestamp('2020-11-09 00:00:00'), 'volume': 428106.0}, {'date': Timestamp('2020-04-20 00:00:00'), 'volume': 149618.0}, {'date': Timestamp('2020-02-03 00:00:00'), 'volume': 121813.0}, {'date': Timestamp('2020-01-06 00:00:00'), 'volume': 4742.0}]",2026-08-10,1859845.0,12.5600004196167,0.0662354474648584,345
TSAT,641138193.5169817,weekly,2023-08-07,23341500.0,1099,0,9,"[{'date': Timestamp('2023-08-07 00:00:00'), 'volume': 23341500.0}, {'date': Timestamp('2020-05-11 00:00:00'), 'volume': 3816100.0}, {'date': Timestamp('2020-04-27 00:00:00'), 'volume': 2316500.0}, {'date': Timestamp('2020-03-23 00:00:00'), 'volume': 1251700.0}, {'date': Timestamp('2020-03-16 00:00:00'), 'volume': 645100.0}, {'date': Timestamp('2020-02-03 00:00:00'), 'volume': 528900.0}, {'date': Timestamp('2020-01-27 00:00:00'), 'volume': 420700.0}, {'date': Timestamp('2020-01-13 00:00:00'), 'volume': 378200.0}, {'date': Timestamp('2020-01-06 00:00:00'), 'volume': 260300.0}]",2026-08-10,1661527.0,50.63999938964844,0.0711833858149647,345
ETON,977907131.8380244,weekly,2023-08-07,15913700.0,1099,0,6,"[{'date': Timestamp('2023-08-07 00:00:00'), 'volume': 15913700.0}, {'date': Timestamp('2021-06-14 00:00:00'), 'volume': 11517400.0}, {'date': Timestamp('2020-08-10 00:00:00'), 'volume': 7555100.0}, {'date': Timestamp('2020-06-22 00:00:00'), 'volume': 2345100.0}, {'date': Timestamp('2020-02-17 00:00:00'), 'volume': 722700.0}, {'date': Timestamp('2020-01-06 00:00:00'), 'volume': 385200.0}]",2026-08-10,6127017.0,58.86000061035156,0.3850152384423484,345
SAFE,1177268379.0439773,weekly,2023-08-05,7754200.0,1101,0,7,"[{'date': Timestamp('2023-08-05 00:00:00'), 'volume': 7754200.0}, {'date': Timestamp('2023-04-01 00:00:00'), 'volume': 4180800.0}, {'date': Timestamp('2023-03-25 00:00:00'), 'volume': 2815580.0}, {'date': Timestamp('2022-06-11 00:00:00'), 'volume': 2438656.0}, {'date': Timestamp('2020-02-22 00:00:00'), 'volume': 2259880.0}, {'date': Timestamp('2020-02-01 00:00:00'), 'volume': 787329.0}, {'date': Timestamp('2020-01-04 00:00:00'), 'volume': 664824.0}]",2026-08-10,1405577.0,15.25,0.1812665394237961,346
AMSC,1925407397.968719,weekly,2023-07-29,102959500.0,1108,0,10,"[{'date': Timestamp('2023-07-29 00:00:00'), 'volume': 102959500.0}, {'date': Timestamp('2023-07-22 00:00:00'), 'volume': 7972800.0}, {'date': Timestamp('2021-05-29 00:00:00'), 'volume': 6378400.0}, {'date': Timestamp('2020-10-17 00:00:00'), 'volume': 4155600.0}, {'date': Timestamp('2020-09-26 00:00:00'), 'volume': 4073700.0}, {'date': Timestamp('2020-03-14 00:00:00'), 'volume': 2116200.0}, {'date': Timestamp('2020-02-01 00:00:00'), 'volume': 2056300.0}, {'date': Timestamp('2020-01-25 00:00:00'), 'volume': 1280900.0}, {'date': Timestamp('2020-01-18 00:00:00'), 'volume': 1209700.0}, {'date': Timestamp('2020-01-04 00:00:00'), 'volume': 1103100.0}]",2026-08-10,3216365.0,31.920000076293945,0.0312391280066433,346
OPRA,1624490767.0,weekly,2023-07-10,19994800.0,1127,0,4,"[{'date': Timestamp('2023-07-10 00:00:00'), 'volume': 19994800.0}, {'date': Timestamp('2023-07-03 00:00:00'), 'volume': 9887800.0}, {'date': Timestamp('2020-01-13 00:00:00'), 'volume': 9252700.0}, {'date': Timestamp('2020-01-06 00:00:00'), 'volume': 1433200.0}]",2026-08-10,1269731.0,20.32999992370605,0.0635030607958069,345
FRBA,439600716.38092446,weekly,2023-07-10,1406500.0,1127,0,10,"[{'date': Timestamp('2023-07-10 00:00:00'), 'volume': 1406500.0}, {'date': Timestamp('2021-03-22 00:00:00'), 'volume': 796500.0}, {'date': Timestamp('2021-03-15 00:00:00'), 'volume': 670900.0}, {'date': Timestamp('2021-03-08 00:00:00'), 'volume': 585900.0}, {'date': Timestamp('2021-02-08 00:00:00'), 'volume': 452600.0}, {'date': Timestamp('2020-03-09 00:00:00'), 'volume': 430500.0}, {'date': Timestamp('2020-03-02 00:00:00'), 'volume': 417900.0}, {'date': Timestamp('2020-01-27 00:00:00'), 'volume': 190400.0}, {'date': Timestamp('2020-01-13 00:00:00'), 'volume': 131700.0}, {'date': Timestamp('2020-01-06 00:00:00'), 'volume': 87800.0}]",2026-08-10,767925.0,19.020000457763672,0.5459829363668681,345
LOCO,512258135.6492309,weekly,2023-07-03,9097600.0,1134,0,8,"[{'date': Timestamp('2023-07-03 00:00:00'), 'volume': 9097600.0}, {'date': Timestamp('2023-03-27 00:00:00'), 'volume': 6503900.0}, {'date': Timestamp('2020-07-27 00:00:00'), 'volume': 3508300.0}, {'date': Timestamp('2020-03-16 00:00:00'), 'volume': 3284600.0}, {'date': Timestamp('2020-03-09 00:00:00'), 'volume': 3162400.0}, {'date': Timestamp('2020-03-02 00:00:00'), 'volume': 2875200.0}, {'date': Timestamp('2020-02-24 00:00:00'), 'volume': 1611800.0}, {'date': Timestamp('2020-01-06 00:00:00'), 'volume': 1462000.0}]",2026-08-10,1164269.0,15.539999961853027,0.1279754001055223,345
FTRE,1669689886.3862224,weekly,2023-07-03,44060800.0,1134,0,4,"[{'date': Timestamp('2023-07-03 00:00:00'), 'volume': 44060800.0}, {'date': Timestamp('2023-06-26 00:00:00'), 'volume': 3014800.0}, {'date': Timestamp('2023-06-19 00:00:00'), 'volume': 207000.0}, {'date': Timestamp('2023-06-12 00:00:00'), 'volume': 800.0}]",2026-08-10,9113148.0,17.40999984741211,0.206831196891568,166
SENEA,1154198945.0569696,weekly,2023-07-01,2007100.0,1136,0,14,"[{'date': Timestamp('2023-07-01 00:00:00'), 'volume': 2007100.0}, {'date': Timestamp('2023-06-24 00:00:00'), 'volume': 599900.0}, {'date': Timestamp('2022-12-10 00:00:00'), 'volume': 480700.0}, {'date': Timestamp('2022-06-11 00:00:00'), 'volume': 426500.0}, {'date': Timestamp('2020-08-29 00:00:00'), 'volume': 419900.0}, {'date': Timestamp('2020-08-15 00:00:00'), 'volume': 300500.0}, {'date': Timestamp('2020-07-04 00:00:00'), 'volume': 296500.0}, {'date': Timestamp('2020-06-13 00:00:00'), 'volume': 256300.0}, {'date': Timestamp('2020-03-14 00:00:00'), 'volume': 244300.0}, {'date': Timestamp('2020-02-29 00:00:00'), 'volume': 170200.0}, {'date': Timestamp('2020-02-22 00:00:00'), 'volume': 153600.0}, {'date': Timestamp('2020-02-01 00:00:00'), 'volume': 108700.0}, {'date': Timestamp('2020-01-18 00:00:00'), 'volume': 96600.0}, {'date': Timestamp('2020-01-04 00:00:00'), 'volume': 84800.0}]",2026-08-10,670332.0,191.6999969482422,0.3339803696876089,346
XPOF,313478235.87982833,weekly,2023-06-26,25826500.0,1141,0,3,"[{'date': Timestamp('2023-06-26 00:00:00'), 'volume': 25826500.0}, {'date': Timestamp('2022-04-04 00:00:00'), 'volume': 5864400.0}, {'date': Timestamp('2021-07-19 00:00:00'), 'volume': 4026300.0}]",2026-08-10,4560091.0,4.869999885559082,0.1765663562619789,265
ENVX,1298013023.0743802,weekly,2023-06-26,70140200.0,1141,0,10,"[{'date': Timestamp('2023-06-26 00:00:00'), 'volume': 70140200.0}, {'date': Timestamp('2023-01-02 00:00:00'), 'volume': 63604200.0}, {'date': Timestamp('2022-10-31 00:00:00'), 'volume': 50812600.0}, {'date': Timestamp('2022-08-22 00:00:00'), 'volume': 46097000.0}, {'date': Timestamp('2022-08-08 00:00:00'), 'volume': 34793800.0}, {'date': Timestamp('2022-06-20 00:00:00'), 'volume': 27479600.0}, {'date': Timestamp('2022-05-02 00:00:00'), 'volume': 26421900.0}, {'date': Timestamp('2021-02-22 00:00:00'), 'volume': 23737600.0}, {'date': Timestamp('2021-01-11 00:00:00'), 'volume': 980500.0}, {'date': Timestamp('2021-01-04 00:00:00'), 'volume': 150900.0}]",2026-08-10,38628231.0,4.389999866485596,0.5507288402371251,293
DPG,533467718.0,weekly,2023-06-19,2628700.0,1148,0,6,"[{'date': Timestamp('2023-06-19 00:00:00'), 'volume': 2628700.0}, {'date': Timestamp('2020-03-16 00:00:00'), 'volume': 2140900.0}, {'date': Timestamp('2020-03-09 00:00:00'), 'volume': 1577600.0}, {'date': Timestamp('2020-02-24 00:00:00'), 'volume': 1154500.0}, {'date': Timestamp('2020-01-13 00:00:00'), 'volume': 713100.0}, {'date': Timestamp('2020-01-06 00:00:00'), 'volume': 504500.0}]",2026-08-10,277910.0,14.75,0.1057214592764484,345
OBT,495422067.2634861,weekly,2023-06-19,1391400.0,1148,0,9,"[{'date': Timestamp('2023-06-19 00:00:00'), 'volume': 1391400.0}, {'date': Timestamp('2021-08-02 00:00:00'), 'volume': 616000.0}, {'date': Timestamp('2020-11-09 00:00:00'), 'volume': 211800.0}, {'date': Timestamp('2020-10-26 00:00:00'), 'volume': 58200.0}, {'date': Timestamp('2020-10-05 00:00:00'), 'volume': 46200.0}, {'date': Timestamp('2020-06-15 00:00:00'), 'volume': 36200.0}, {'date': Timestamp('2020-01-20 00:00:00'), 'volume': 23000.0}, {'date': Timestamp('2020-01-13 00:00:00'), 'volume': 9000.0}, {'date': Timestamp('2020-01-06 00:00:00'), 'volume': 5000.0}]",2026-08-10,337285.0,39.18999862670898,0.2424069282736811,345
KWY,303939967.0340681,weekly,2023-06-19,1492700.0,1148,0,7,"[{'date': Timestamp('2023-06-19 00:00:00'), 'volume': 1492700.0}, {'date': Timestamp('2020-11-30 00:00:00'), 'volume': 1020800.0}, {'date': Timestamp('2020-09-14 00:00:00'), 'volume': 704400.0}, {'date': Timestamp('2020-04-20 00:00:00'), 'volume': 692900.0}, {'date': Timestamp('2020-03-02 00:00:00'), 'volume': 242600.0}, {'date': Timestamp('2020-02-24 00:00:00'), 'volume': 76400.0}, {'date': Timestamp('2020-01-06 00:00:00'), 'volume': 58800.0}]",2026-08-10,383113.0,9.9399995803833,0.2566577343069605,345
RNGR,374483188.0128287,weekly,2023-06-19,3063700.0,1148,0,8,"[{'date': Timestamp('2023-06-19 00:00:00'), 'volume': 3063700.0}, {'date': Timestamp('2023-06-12 00:00:00'), 'volume': 1059900.0}, {'date': Timestamp('2023-05-15 00:00:00'), 'volume': 840600.0}, {'date': Timestamp('2021-11-08 00:00:00'), 'volume': 785500.0}, {'date': Timestamp('2020-06-08 00:00:00'), 'volume': 513000.0}, {'date': Timestamp('2020-03-09 00:00:00'), 'volume': 160300.0}, {'date': Timestamp('2020-01-27 00:00:00'), 'volume': 116700.0}, {'date': Timestamp('2020-01-06 00:00:00'), 'volume': 108200.0}]",2026-08-10,660498.0,17.389999389648438,0.2155883408949962,345
PDLB,477711016.9181585,weekly,2023-06-19,2940600.0,1148,0,6,"[{'date': Timestamp('2023-06-19 00:00:00'), 'volume': 2940600.0}, {'date': Timestamp('2022-01-24 00:00:00'), 'volume': 1745328.0}, {'date': Timestamp('2021-06-21 00:00:00'), 'volume': 1685580.0}, {'date': Timestamp('2021-05-24 00:00:00'), 'volume': 1138880.0}, {'date': Timestamp('2020-03-09 00:00:00'), 'volume': 222783.0}, {'date': Timestamp('2020-01-06 00:00:00'), 'volume': 173121.0}]",2026-08-10,285686.0,20.76000022888184,0.097152281847242,345
GNE,385225220.37031794,weekly,2023-06-19,3202100.0,1148,0,7,"[{'date': Timestamp('2023-06-19 00:00:00'), 'volume': 3202100.0}, {'date': Timestamp('2021-06-21 00:00:00'), 'volume': 3101700.0}, {'date': Timestamp('2020-06-22 00:00:00'), 'volume': 896000.0}, {'date': Timestamp('2020-03-16 00:00:00'), 'volume': 838200.0}, {'date': Timestamp('2020-03-09 00:00:00'), 'volume': 825600.0}, {'date': Timestamp('2020-02-17 00:00:00'), 'volume': 502300.0}, {'date': Timestamp('2020-01-06 00:00:00'), 'volume': 402200.0}]",2026-08-10,394876.0,14.539999961853027,0.123317822678867,345
NECB,383791990.8233533,weekly,2023-06-19,2186800.0,1148,0,7,"[{'date': Timestamp('2023-06-19 00:00:00'), 'volume': 2186800.0}, {'date': Timestamp('2021-07-12 00:00:00'), 'volume': 1356554.0}, {'date': Timestamp('2021-03-08 00:00:00'), 'volume': 268402.0}, {'date': Timestamp('2020-11-02 00:00:00'), 'volume': 244148.0}, {'date': Timestamp('2020-03-09 00:00:00'), 'volume': 77586.0}, {'date': Timestamp('2020-02-03 00:00:00'), 'volume': 28542.0}, {'date': Timestamp('2020-01-06 00:00:00'), 'volume': 10988.0}]",2026-08-10,208137.0,27.030000686645508,0.0951788000731662,345
ABR,1038750489.4921876,weekly,2023-06-19,76118600.0,1148,0,7,"[{'date': Timestamp('2023-06-19 00:00:00'), 'volume': 76118600.0}, {'date': Timestamp('2023-03-13 00:00:00'), 'volume': 43234900.0}, {'date': Timestamp('2022-06-13 00:00:00'), 'volume': 30598400.0}, {'date': Timestamp('2020-03-16 00:00:00'), 'volume': 29709100.0}, {'date': Timestamp('2020-02-24 00:00:00'), 'volume': 16463000.0}, {'date': Timestamp('2020-01-27 00:00:00'), 'volume': 5105600.0}, {'date': Timestamp('2020-01-06 00:00:00'), 'volume': 5047100.0}]",2026-08-10,18728064.0,5.090000152587891,0.2460379460473524,345
MG,598789956.2822151,weekly,2023-06-19,3232500.0,1148,0,9,"[{'date': Timestamp('2023-06-19 00:00:00'), 'volume': 3232500.0}, {'date': Timestamp('2022-06-20 00:00:00'), 'volume': 3010600.0}, {'date': Timestamp('2020-06-22 00:00:00'), 'volume': 2378500.0}, {'date': Timestamp('2020-03-30 00:00:00'), 'volume': 2200300.0}, {'date': Timestamp('2020-03-16 00:00:00'), 'volume': 1008600.0}, {'date': Timestamp('2020-02-03 00:00:00'), 'volume': 987600.0}, {'date': Timestamp('2020-01-27 00:00:00'), 'volume': 648700.0}, {'date': Timestamp('2020-01-13 00:00:00'), 'volume': 422200.0}, {'date': Timestamp('2020-01-06 00:00:00'), 'volume': 364900.0}]",2026-08-10,1679979.0,18.100000381469727,0.5197150812064966,345
PINE,343548714.2266666,weekly,2023-06-19,2051500.0,1148,0,8,"[{'date': Timestamp('2023-06-19 00:00:00'), 'volume': 2051500.0}, {'date': Timestamp('2021-05-31 00:00:00'), 'volume': 1944900.0}, {'date': Timestamp('2020-06-22 00:00:00'), 'volume': 1357200.0}, {'date': Timestamp('2020-06-15 00:00:00'), 'volume': 747500.0}, {'date': Timestamp('2020-04-06 00:00:00'), 'volume': 695600.0}, {'date': Timestamp('2020-03-16 00:00:00'), 'volume': 533800.0}, {'date': Timestamp('2020-01-13 00:00:00'), 'volume': 446700.0}, {'date': Timestamp('2020-01-06 00:00:00'), 'volume': 254200.0}]",2026-08-10,462355.0,19.75,0.2253741165001218,345
NWFL,353838826.3277742,weekly,2023-06-17,1049300.0,1150,0,11,"[{'date': Timestamp('2023-06-17 00:00:00'), 'volume': 1049300.0}, {'date': Timestamp('2021-06-19 00:00:00'), 'volume': 903100.0}, {'date': Timestamp('2021-06-12 00:00:00'), 'volume': 144800.0}, {'date': Timestamp('2021-03-13 00:00:00'), 'volume': 142800.0}, {'date': Timestamp('2021-03-06 00:00:00'), 'volume': 99700.0}, {'date': Timestamp('2021-01-30 00:00:00'), 'volume': 95100.0}, {'date': Timestamp('2020-09-12 00:00:00'), 'volume': 91800.0}, {'date': Timestamp('2020-03-14 00:00:00'), 'volume': 82300.0}, {'date': Timestamp('2020-03-07 00:00:00'), 'volume': 77100.0}, {'date': Timestamp('2020-02-22 00:00:00'), 'volume': 53600.0}, {'date': Timestamp('2020-01-04 00:00:00'), 'volume': 46700.0}]",2026-08-10,299667.0,34.4900016784668,0.2855875345468407,346
FDBC,301869359.7946288,weekly,2023-06-17,629600.0,1150,0,12,"[{'date': Timestamp('2023-06-17 00:00:00'), 'volume': 629600.0}, {'date': Timestamp('2022-06-18 00:00:00'), 'volume': 543600.0}, {'date': Timestamp('2020-06-20 00:00:00'), 'volume': 242400.0}, {'date': Timestamp('2020-06-13 00:00:00'), 'volume': 143900.0}, {'date': Timestamp('2020-06-06 00:00:00'), 'volume': 46800.0}, {'date': Timestamp('2020-05-02 00:00:00'), 'volume': 34100.0}, {'date': Timestamp('2020-03-14 00:00:00'), 'volume': 33800.0}, {'date': Timestamp('2020-03-07 00:00:00'), 'volume': 31000.0}, {'date': Timestamp('2020-02-29 00:00:00'), 'volume': 18500.0}, {'date': Timestamp('2020-01-18 00:00:00'), 'volume': 18300.0}, {'date': Timestamp('2020-01-11 00:00:00'), 'volume': 7000.0}, {'date': Timestamp('2020-01-04 00:00:00'), 'volume': 6800.0}]",2026-08-10,62600.0,55.7400016784668,0.099428208386277,346
CZFS,354700360.29637975,weekly,2023-06-17,659126.0,1150,0,11,"[{'date': Timestamp('2023-06-17 00:00:00'), 'volume': 659126.0}, {'date': Timestamp('2023-03-11 00:00:00'), 'volume': 401306.0}, {'date': Timestamp('2023-03-04 00:00:00'), 'volume': 102419.0}, {'date': Timestamp('2023-02-04 00:00:00'), 'volume': 60901.0}, {'date': Timestamp('2021-02-27 00:00:00'), 'volume': 43066.0}, {'date': Timestamp('2020-03-21 00:00:00'), 'volume': 29158.0}, {'date': Timestamp('2020-03-14 00:00:00'), 'volume': 20193.0}, {'date': Timestamp('2020-02-29 00:00:00'), 'volume': 11127.0}, {'date': Timestamp('2020-01-25 00:00:00'), 'volume': 6284.0}, {'date': Timestamp('2020-01-11 00:00:00'), 'volume': 3503.0}, {'date': Timestamp('2020-01-04 00:00:00'), 'volume': 1442.0}]",2026-08-10,137310.0,82.54000091552734,0.2083213224785549,346
PKOH,562392446.1206896,weekly,2023-06-17,1271100.0,1150,0,6,"[{'date': Timestamp('2023-06-17 00:00:00'), 'volume': 1271100.0}, {'date': Timestamp('2022-06-18 00:00:00'), 'volume': 1259000.0}, {'date': Timestamp('2022-05-07 00:00:00'), 'volume': 811500.0}, {'date': Timestamp('2020-03-14 00:00:00'), 'volume': 772500.0}, {'date': Timestamp('2020-03-07 00:00:00'), 'volume': 508500.0}, {'date': Timestamp('2020-01-04 00:00:00'), 'volume': 315300.0}]",2026-08-10,864944.0,49.400001525878906,0.6804688852175281,346
OPY,1115148689.1690197,weekly,2023-06-17,1443600.0,1150,0,13,"[{'date': Timestamp('2023-06-17 00:00:00'), 'volume': 1443600.0}, {'date': Timestamp('2022-07-30 00:00:00'), 'volume': 1169000.0}, {'date': Timestamp('2021-06-12 00:00:00'), 'volume': 1080900.0}, {'date': Timestamp('2020-10-03 00:00:00'), 'volume': 1024600.0}, {'date': Timestamp('2020-09-12 00:00:00'), 'volume': 937600.0}, {'date': Timestamp('2020-08-29 00:00:00'), 'volume': 928600.0}, {'date': Timestamp('2020-03-14 00:00:00'), 'volume': 722700.0}, {'date': Timestamp('2020-03-07 00:00:00'), 'volume': 554900.0}, {'date': Timestamp('2020-02-29 00:00:00'), 'volume': 342400.0}, {'date': Timestamp('2020-02-22 00:00:00'), 'volume': 307500.0}, {'date': Timestamp('2020-01-25 00:00:00'), 'volume': 254800.0}, {'date': Timestamp('2020-01-11 00:00:00'), 'volume': 220800.0}, {'date': Timestamp('2020-01-04 00:00:00'), 'volume': 173900.0}]",2026-08-10,812600.0,116.33999633789062,0.5628983097811028,346
CWCO,471845623.1791609,weekly,2023-06-17,2822600.0,1150,0,7,"[{'date': Timestamp('2023-06-17 00:00:00'), 'volume': 2822600.0}, {'date': Timestamp('2022-09-10 00:00:00'), 'volume': 2800700.0}, {'date': Timestamp('2021-06-19 00:00:00'), 'volume': 2727000.0}, {'date': Timestamp('2020-07-04 00:00:00'), 'volume': 773600.0}, {'date': Timestamp('2020-03-14 00:00:00'), 'volume': 627300.0}, {'date': Timestamp('2020-03-07 00:00:00'), 'volume': 523000.0}, {'date': Timestamp('2020-01-04 00:00:00'), 'volume': 341700.0}]",2026-08-10,544726.0,31.229999542236328,0.1929873166584,346
AGNT,908711343.1009707,weekly,2023-06-12,28087100.0,1155,0,11,"[{'date': Timestamp('2023-06-12 00:00:00'), 'volume': 28087100.0}, {'date': Timestamp('2020-08-17 00:00:00'), 'volume': 23777000.0}, {'date': Timestamp('2020-08-10 00:00:00'), 'volume': 16912600.0}, {'date': Timestamp('2020-06-22 00:00:00'), 'volume': 10472200.0}, {'date': Timestamp('2020-06-15 00:00:00'), 'volume': 4288800.0}, {'date': Timestamp('2020-06-01 00:00:00'), 'volume': 4168000.0}, {'date': Timestamp('2020-03-16 00:00:00'), 'volume': 3819600.0}, {'date': Timestamp('2020-03-09 00:00:00'), 'volume': 3102400.0}, {'date': Timestamp('2020-02-24 00:00:00'), 'volume': 2436800.0}, {'date': Timestamp('2020-02-03 00:00:00'), 'volume': 1655600.0}, {'date': Timestamp('2020-01-06 00:00:00'), 'volume': 1312000.0}]",2026-08-10,5373615.0,4.349999904632568,0.1913196805650993,345
DEI,1998099171.4952707,weekly,2023-06-12,48061000.0,1155,0,7,"[{'date': Timestamp('2023-06-12 00:00:00'), 'volume': 48061000.0}, {'date': Timestamp('2023-03-13 00:00:00'), 'volume': 23821300.0}, {'date': Timestamp('2021-02-22 00:00:00'), 'volume': 15864000.0}, {'date': Timestamp('2020-09-14 00:00:00'), 'volume': 13694900.0}, {'date': Timestamp('2020-03-16 00:00:00'), 'volume': 9796700.0}, {'date': Timestamp('2020-01-13 00:00:00'), 'volume': 9546100.0}, {'date': Timestamp('2020-01-06 00:00:00'), 'volume': 5475900.0}]",2026-08-10,10270062.0,11.68000030517578,0.2136880630864942,345
ZUMZ,307917941.7994506,weekly,2023-06-12,7826000.0,1155,0,7,"[{'date': Timestamp('2023-06-12 00:00:00'), 'volume': 7826000.0}, {'date': Timestamp('2023-06-05 00:00:00'), 'volume': 5005200.0}, {'date': Timestamp('2022-09-05 00:00:00'), 'volume': 4571700.0}, {'date': Timestamp('2020-03-16 00:00:00'), 'volume': 4460600.0}, {'date': Timestamp('2020-03-09 00:00:00'), 'volume': 3272400.0}, {'date': Timestamp('2020-01-13 00:00:00'), 'volume': 2562400.0}, {'date': Timestamp('2020-01-06 00:00:00'), 'volume': 1565300.0}]",2026-08-10,1251145.0,18.63999938964844,0.1598703041144901,345
SDGR,1259791406.2639403,weekly,2023-06-12,22392900.0,1155,0,4,"[{'date': Timestamp('2023-06-12 00:00:00'), 'volume': 22392900.0}, {'date': Timestamp('2021-03-01 00:00:00'), 'volume': 17553200.0}, {'date': Timestamp('2020-02-17 00:00:00'), 'volume': 17175400.0}, {'date': Timestamp('2020-02-03 00:00:00'), 'volume': 10849800.0}]",2026-08-10,5474693.0,17.59000015258789,0.2444834300157639,341
RYAM,539508350.0630517,weekly,2023-06-12,21808200.0,1155,0,7,"[{'date': Timestamp('2023-06-12 00:00:00'), 'volume': 21808200.0}, {'date': Timestamp('2022-06-13 00:00:00'), 'volume': 8281000.0}, {'date': Timestamp('2020-04-27 00:00:00'), 'volume': 8089100.0}, {'date': Timestamp('2020-02-24 00:00:00'), 'volume': 6175000.0}, {'date': Timestamp('2020-02-03 00:00:00'), 'volume': 3835800.0}, {'date': Timestamp('2020-01-27 00:00:00'), 'volume': 2691300.0}, {'date': Timestamp('2020-01-06 00:00:00'), 'volume': 2574500.0}]",2026-08-10,4183782.0,8.420000076293945,0.1918444438330536,345
GCO,401850291.4507772,weekly,2023-06-10,5803600.0,1157,0,8,"[{'date': Timestamp('2023-06-10 00:00:00'), 'volume': 5803600.0}, {'date': Timestamp('2020-03-14 00:00:00'), 'volume': 5090900.0}, {'date': Timestamp('2020-03-07 00:00:00'), 'volume': 2877100.0}, {'date': Timestamp('2020-02-22 00:00:00'), 'volume': 2521200.0}, {'date': Timestamp('2020-02-08 00:00:00'), 'volume': 1500600.0}, {'date': Timestamp('2020-02-01 00:00:00'), 'volume': 1486600.0}, {'date': Timestamp('2020-01-11 00:00:00'), 'volume': 1425100.0}, {'date': Timestamp('2020-01-04 00:00:00'), 'volume': 1274500.0}]",2026-08-10,1247866.0,35.189998626708984,0.2150158522296505,346
CSTL,737017787.6516805,weekly,2023-06-05,14694600.0,1162,0,10,"[{'date': Timestamp('2023-06-05 00:00:00'), 'volume': 14694600.0}, {'date': Timestamp('2020-12-14 00:00:00'), 'volume': 4590100.0}, {'date': Timestamp('2020-06-22 00:00:00'), 'volume': 3444900.0}, {'date': Timestamp('2020-05-11 00:00:00'), 'volume': 2181800.0}, {'date': Timestamp('2020-03-16 00:00:00'), 'volume': 1477600.0}, {'date': Timestamp('2020-03-09 00:00:00'), 'volume': 1183000.0}, {'date': Timestamp('2020-03-02 00:00:00'), 'volume': 839300.0}, {'date': Timestamp('2020-02-10 00:00:00'), 'volume': 837500.0}, {'date': Timestamp('2020-01-27 00:00:00'), 'volume': 662500.0}, {'date': Timestamp('2020-01-06 00:00:00'), 'volume': 625400.0}]",2026-08-10,1717796.0,29.6200008392334,0.1168998135369455,345
AI,1261941940.3885715,weekly,2023-05-29,323831900.0,1169,0,4,"[{'date': Timestamp('2023-05-29 00:00:00'), 'volume': 323831900.0}, {'date': Timestamp('2023-02-06 00:00:00'), 'volume': 275511800.0}, {'date': Timestamp('2023-01-30 00:00:00'), 'volume': 212867300.0}, {'date': Timestamp('2020-12-07 00:00:00'), 'volume': 59403700.0}]",2026-08-10,26447343.0,9.93000030517578,0.0816699744527948,297
USPH,1046748310.0334742,weekly,2023-05-20,2681300.0,1178,0,7,"[{'date': Timestamp('2023-05-20 00:00:00'), 'volume': 2681300.0}, {'date': Timestamp('2020-03-14 00:00:00'), 'volume': 1640700.0}, {'date': Timestamp('2020-03-07 00:00:00'), 'volume': 732900.0}, {'date': Timestamp('2020-02-22 00:00:00'), 'volume': 616000.0}, {'date': Timestamp('2020-02-15 00:00:00'), 'volume': 502800.0}, {'date': Timestamp('2020-01-11 00:00:00'), 'volume': 436400.0}, {'date': Timestamp('2020-01-04 00:00:00'), 'volume': 391500.0}]",2026-08-10,1412360.0,81.23999786376953,0.5267444896132473,346
LUCK,1233126489.9856024,weekly,2023-05-15,22049900.0,1183,0,10,"[{'date': Timestamp('2023-05-15 00:00:00'), 'volume': 22049900.0}, {'date': Timestamp('2023-02-27 00:00:00'), 'volume': 13027900.0}, {'date': Timestamp('2022-09-12 00:00:00'), 'volume': 9550800.0}, {'date': Timestamp('2022-06-20 00:00:00'), 'volume': 9146800.0}, {'date': Timestamp('2022-05-30 00:00:00'), 'volume': 7397100.0}, {'date': Timestamp('2021-12-13 00:00:00'), 'volume': 6391600.0}, {'date': Timestamp('2021-06-28 00:00:00'), 'volume': 5794200.0}, {'date': Timestamp('2021-06-21 00:00:00'), 'volume': 1129900.0}, {'date': Timestamp('2021-04-26 00:00:00'), 'volume': 133100.0}, {'date': Timestamp('2021-04-19 00:00:00'), 'volume': 100.0}]",2026-08-10,179890.0,6.960000038146973,0.0081583136431457,278
MRVI,1605942698.444444,weekly,2023-05-08,37861900.0,1190,0,3,"[{'date': Timestamp('2023-05-08 00:00:00'), 'volume': 37861900.0}, {'date': Timestamp('2022-02-21 00:00:00'), 'volume': 27524400.0}, {'date': Timestamp('2020-11-16 00:00:00'), 'volume': 20259700.0}]",2026-08-10,10118049.0,5.699999809265137,0.2672356379368177,300
PRAA,722007025.6254126,weekly,2023-05-08,9599500.0,1190,0,9,"[{'date': Timestamp('2023-05-08 00:00:00'), 'volume': 9599500.0}, {'date': Timestamp('2021-12-13 00:00:00'), 'volume': 4533800.0}, {'date': Timestamp('2020-03-16 00:00:00'), 'volume': 3605600.0}, {'date': Timestamp('2020-03-09 00:00:00'), 'volume': 3059500.0}, {'date': Timestamp('2020-03-02 00:00:00'), 'volume': 2869500.0}, {'date': Timestamp('2020-02-24 00:00:00'), 'volume': 1204900.0}, {'date': Timestamp('2020-02-03 00:00:00'), 'volume': 1048500.0}, {'date': Timestamp('2020-01-13 00:00:00'), 'volume': 963400.0}, {'date': Timestamp('2020-01-06 00:00:00'), 'volume': 835600.0}]",2026-08-10,2687646.0,20.600000381469727,0.2799777071722485,345
SPRY,848049960.5137156,weekly,2023-05-08,62237400.0,1190,0,4,"[{'date': Timestamp('2023-05-08 00:00:00'), 'volume': 62237400.0}, {'date': Timestamp('2021-09-13 00:00:00'), 'volume': 7402200.0}, {'date': Timestamp('2021-03-15 00:00:00'), 'volume': 3782300.0}, {'date': Timestamp('2020-11-30 00:00:00'), 'volume': 3564300.0}]",2026-08-10,14714431.0,5.650000095367432,0.2364242561546594,298
TRUP,1105778932.5844808,weekly,2023-05-01,11241300.0,1197,0,6,"[{'date': Timestamp('2023-05-01 00:00:00'), 'volume': 11241300.0}, {'date': Timestamp('2023-03-20 00:00:00'), 'volume': 8664800.0}, {'date': Timestamp('2020-08-31 00:00:00'), 'volume': 8598300.0}, {'date': Timestamp('2020-08-03 00:00:00'), 'volume': 6950200.0}, {'date': Timestamp('2020-02-10 00:00:00'), 'volume': 3231100.0}, {'date': Timestamp('2020-01-06 00:00:00'), 'volume': 1683000.0}]",2026-08-10,3314791.0,30.600000381469727,0.2948761264266588,345
ACIC,540374129.5213754,weekly,2023-04-17,24925400.0,1211,0,12,"[{'date': Timestamp('2023-04-17 00:00:00'), 'volume': 24925400.0}, {'date': Timestamp('2023-02-13 00:00:00'), 'volume': 9155900.0}, {'date': Timestamp('2021-09-13 00:00:00'), 'volume': 7189100.0}, {'date': Timestamp('2021-09-06 00:00:00'), 'volume': 1627300.0}, {'date': Timestamp('2020-12-14 00:00:00'), 'volume': 1377000.0}, {'date': Timestamp('2020-11-16 00:00:00'), 'volume': 1361200.0}, {'date': Timestamp('2020-09-21 00:00:00'), 'volume': 829300.0}, {'date': Timestamp('2020-06-01 00:00:00'), 'volume': 789100.0}, {'date': Timestamp('2020-03-30 00:00:00'), 'volume': 737900.0}, {'date': Timestamp('2020-03-16 00:00:00'), 'volume': 729600.0}, {'date': Timestamp('2020-01-13 00:00:00'), 'volume': 637400.0}, {'date': Timestamp('2020-01-06 00:00:00'), 'volume': 586400.0}]",2026-08-10,1512784.0,9.859999656677246,0.0606924663194973,345
MCB,1237248707.8107636,weekly,2023-03-27,10455100.0,1232,0,14,"[{'date': Timestamp('2023-03-27 00:00:00'), 'volume': 10455100.0}, {'date': Timestamp('2023-03-13 00:00:00'), 'volume': 6527700.0}, {'date': Timestamp('2021-12-13 00:00:00'), 'volume': 1325700.0}, {'date': Timestamp('2021-09-13 00:00:00'), 'volume': 1088600.0}, {'date': Timestamp('2021-02-22 00:00:00'), 'volume': 765300.0}, {'date': Timestamp('2021-02-08 00:00:00'), 'volume': 592400.0}, {'date': Timestamp('2021-01-11 00:00:00'), 'volume': 252000.0}, {'date': Timestamp('2020-04-20 00:00:00'), 'volume': 244000.0}, {'date': Timestamp('2020-03-16 00:00:00'), 'volume': 209700.0}, {'date': Timestamp('2020-03-09 00:00:00'), 'volume': 185800.0}, {'date': Timestamp('2020-02-03 00:00:00'), 'volume': 133100.0}, {'date': Timestamp('2020-01-27 00:00:00'), 'volume': 100400.0}, {'date': Timestamp('2020-01-13 00:00:00'), 'volume': 81200.0}, {'date': Timestamp('2020-01-06 00:00:00'), 'volume': 63300.0}]",2026-08-10,514947.0,94.04000091552734,0.0492531874396227,345
CERT,908497259.744991,weekly,2023-03-20,35874700.0,1239,0,2,"[{'date': Timestamp('2023-03-20 00:00:00'), 'volume': 35874700.0}, {'date': Timestamp('2020-12-07 00:00:00'), 'volume': 20151200.0}]",2026-08-10,17028305.0,8.0,0.4746605546527218,297
PNTG,1248502992.4543931,weekly,2023-03-13,8171400.0,1246,0,8,"[{'date': Timestamp('2023-03-13 00:00:00'), 'volume': 8171400.0}, {'date': Timestamp('2021-11-29 00:00:00'), 'volume': 3127300.0}, {'date': Timestamp('2020-08-10 00:00:00'), 'volume': 1863100.0}, {'date': Timestamp('2020-03-09 00:00:00'), 'volume': 1677800.0}, {'date': Timestamp('2020-03-02 00:00:00'), 'volume': 786800.0}, {'date': Timestamp('2020-02-03 00:00:00'), 'volume': 738700.0}, {'date': Timestamp('2020-01-13 00:00:00'), 'volume': 684100.0}, {'date': Timestamp('2020-01-06 00:00:00'), 'volume': 451300.0}]",2026-08-10,1208302.0,39.31999969482422,0.1478696429008493,345
LOB,1915262909.208984,weekly,2023-03-13,5880900.0,1246,0,6,"[{'date': Timestamp('2023-03-13 00:00:00'), 'volume': 5880900.0}, {'date': Timestamp('2022-03-14 00:00:00'), 'volume': 3726300.0}, {'date': Timestamp('2022-01-24 00:00:00'), 'volume': 3651500.0}, {'date': Timestamp('2020-03-09 00:00:00'), 'volume': 3194400.0}, {'date': Timestamp('2020-01-20 00:00:00'), 'volume': 982700.0}, {'date': Timestamp('2020-01-06 00:00:00'), 'volume': 583400.0}]",2026-08-10,1133054.0,43.27000045776367,0.1926667686918668,345
JBGS,873255867.0396107,weekly,2023-03-13,34655000.0,1246,0,8,"[{'date': Timestamp('2023-03-13 00:00:00'), 'volume': 34655000.0}, {'date': Timestamp('2022-09-26 00:00:00'), 'volume': 12884200.0}, {'date': Timestamp('2022-09-12 00:00:00'), 'volume': 9635300.0}, {'date': Timestamp('2022-06-13 00:00:00'), 'volume': 8348600.0}, {'date': Timestamp('2020-03-16 00:00:00'), 'volume': 7944900.0}, {'date': Timestamp('2020-03-09 00:00:00'), 'volume': 5463300.0}, {'date': Timestamp('2020-02-24 00:00:00'), 'volume': 3549400.0}, {'date': Timestamp('2020-01-06 00:00:00'), 'volume': 3371700.0}]",2026-08-10,4765359.0,11.479999542236328,0.137508555763959,345
ILPT,618655508.118451,weekly,2023-03-13,24678900.0,1246,0,10,"[{'date': Timestamp('2023-03-13 00:00:00'), 'volume': 24678900.0}, {'date': Timestamp('2022-09-12 00:00:00'), 'volume': 12603700.0}, {'date': Timestamp('2022-09-05 00:00:00'), 'volume': 8625500.0}, {'date': Timestamp('2022-07-11 00:00:00'), 'volume': 7028600.0}, {'date': Timestamp('2022-05-02 00:00:00'), 'volume': 5784400.0}, {'date': Timestamp('2022-04-25 00:00:00'), 'volume': 4204000.0}, {'date': Timestamp('2020-06-15 00:00:00'), 'volume': 4200800.0}, {'date': Timestamp('2020-03-16 00:00:00'), 'volume': 3077500.0}, {'date': Timestamp('2020-03-09 00:00:00'), 'volume': 2970000.0}, {'date': Timestamp('2020-01-06 00:00:00'), 'volume': 2850300.0}]",2026-08-10,1756139.0,8.920000076293945,0.0711595330423965,345
APEI,999903545.5028956,weekly,2023-03-13,6478900.0,1246,0,13,"[{'date': Timestamp('2023-03-13 00:00:00'), 'volume': 6478900.0}, {'date': Timestamp('2022-09-12 00:00:00'), 'volume': 6155300.0}, {'date': Timestamp('2022-09-05 00:00:00'), 'volume': 1881700.0}, {'date': Timestamp('2021-05-10 00:00:00'), 'volume': 1814400.0}, {'date': Timestamp('2021-03-15 00:00:00'), 'volume': 1744400.0}, {'date': Timestamp('2021-02-22 00:00:00'), 'volume': 1468500.0}, {'date': Timestamp('2020-03-16 00:00:00'), 'volume': 897300.0}, {'date': Timestamp('2020-03-09 00:00:00'), 'volume': 711000.0}, {'date': Timestamp('2020-03-02 00:00:00'), 'volume': 464700.0}, {'date': Timestamp('2020-02-24 00:00:00'), 'volume': 421800.0}, {'date': Timestamp('2020-02-03 00:00:00'), 'volume': 332700.0}, {'date': Timestamp('2020-01-20 00:00:00'), 'volume': 291100.0}, {'date': Timestamp('2020-01-06 00:00:00'), 'volume': 261500.0}]",2026-08-10,2465937.0,45.22999954223633,0.3806104431307783,345
CASH,1839950473.2080169,weekly,2023-03-11,3941300.0,1248,0,5,"[{'date': Timestamp('2023-03-11 00:00:00'), 'volume': 3941300.0}, {'date': Timestamp('2020-03-14 00:00:00'), 'volume': 3301800.0}, {'date': Timestamp('2020-03-07 00:00:00'), 'volume': 2857600.0}, {'date': Timestamp('2020-02-22 00:00:00'), 'volume': 1941200.0}, {'date': Timestamp('2020-01-04 00:00:00'), 'volume': 1858800.0}]",2026-08-10,709768.0,86.66999816894531,0.1800847436125136,346
CPF,987931462.4788136,weekly,2023-03-11,3250800.0,1248,0,9,"[{'date': Timestamp('2023-03-11 00:00:00'), 'volume': 3250800.0}, {'date': Timestamp('2022-12-10 00:00:00'), 'volume': 2241700.0}, {'date': Timestamp('2020-05-09 00:00:00'), 'volume': 2160300.0}, {'date': Timestamp('2020-03-21 00:00:00'), 'volume': 1808000.0}, {'date': Timestamp('2020-03-14 00:00:00'), 'volume': 1794900.0}, {'date': Timestamp('2020-03-07 00:00:00'), 'volume': 1011500.0}, {'date': Timestamp('2020-02-29 00:00:00'), 'volume': 1002900.0}, {'date': Timestamp('2020-01-25 00:00:00'), 'volume': 908200.0}, {'date': Timestamp('2020-01-04 00:00:00'), 'volume': 790400.0}]",2026-08-10,853055.0,38.70000076293945,0.2624138673557278,346
SBSI,1043690049.41076,weekly,2023-03-11,2016900.0,1248,0,7,"[{'date': Timestamp('2023-03-11 00:00:00'), 'volume': 2016900.0}, {'date': Timestamp('2020-03-14 00:00:00'), 'volume': 1717500.0}, {'date': Timestamp('2020-03-07 00:00:00'), 'volume': 1239600.0}, {'date': Timestamp('2020-02-22 00:00:00'), 'volume': 943500.0}, {'date': Timestamp('2020-02-01 00:00:00'), 'volume': 505300.0}, {'date': Timestamp('2020-01-25 00:00:00'), 'volume': 430100.0}, {'date': Timestamp('2020-01-04 00:00:00'), 'volume': 355100.0}]",2026-08-10,622401.0,33.08000183105469,0.3085928900788338,346
PKE,707341846.3404255,weekly,2023-03-11,6816300.0,1248,0,6,"[{'date': Timestamp('2023-03-11 00:00:00'), 'volume': 6816300.0}, {'date': Timestamp('2023-03-04 00:00:00'), 'volume': 2219700.0}, {'date': Timestamp('2020-05-09 00:00:00'), 'volume': 2113800.0}, {'date': Timestamp('2020-03-07 00:00:00'), 'volume': 1885300.0}, {'date': Timestamp('2020-01-11 00:00:00'), 'volume': 883600.0}, {'date': Timestamp('2020-01-04 00:00:00'), 'volume': 673300.0}]",2026-08-10,1438141.0,38.20000076293945,0.2109855786863841,346
STBA,1772221414.1015291,weekly,2023-03-11,2409600.0,1248,0,7,"[{'date': Timestamp('2023-03-11 00:00:00'), 'volume': 2409600.0}, {'date': Timestamp('2020-06-13 00:00:00'), 'volume': 1965300.0}, {'date': Timestamp('2020-03-14 00:00:00'), 'volume': 1479600.0}, {'date': Timestamp('2020-03-07 00:00:00'), 'volume': 1406700.0}, {'date': Timestamp('2020-02-29 00:00:00'), 'volume': 900600.0}, {'date': Timestamp('2020-01-11 00:00:00'), 'volume': 817700.0}, {'date': Timestamp('2020-01-04 00:00:00'), 'volume': 705300.0}]",2026-08-10,1165141.0,51.13999938964844,0.4835412516600265,346
GIC,1344494952.6936517,weekly,2023-03-11,1411300.0,1248,0,8,"[{'date': Timestamp('2023-03-11 00:00:00'), 'volume': 1411300.0}, {'date': Timestamp('2020-12-12 00:00:00'), 'volume': 894900.0}, {'date': Timestamp('2020-12-05 00:00:00'), 'volume': 878300.0}, {'date': Timestamp('2020-10-31 00:00:00'), 'volume': 704900.0}, {'date': Timestamp('2020-07-25 00:00:00'), 'volume': 702100.0}, {'date': Timestamp('2020-03-21 00:00:00'), 'volume': 642300.0}, {'date': Timestamp('2020-03-14 00:00:00'), 'volume': 605900.0}, {'date': Timestamp('2020-01-04 00:00:00'), 'volume': 424700.0}]",2026-08-10,765184.0,38.959999084472656,0.5421838021682137,346
HOPE,1737330437.3712175,weekly,2023-03-11,12687200.0,1248,0,6,"[{'date': Timestamp('2023-03-11 00:00:00'), 'volume': 12687200.0}, {'date': Timestamp('2020-03-14 00:00:00'), 'volume': 8596300.0}, {'date': Timestamp('2020-03-07 00:00:00'), 'volume': 6807900.0}, {'date': Timestamp('2020-02-22 00:00:00'), 'volume': 5641700.0}, {'date': Timestamp('2020-01-18 00:00:00'), 'volume': 3827100.0}, {'date': Timestamp('2020-01-04 00:00:00'), 'volume': 2664600.0}]",2026-08-10,5605219.0,14.449999809265137,0.4418011066271518,346
AAT,1545823794.5925925,weekly,2023-03-06,7276000.0,1253,0,5,"[{'date': Timestamp('2023-03-06 00:00:00'), 'volume': 7276000.0}, {'date': Timestamp('2020-03-23 00:00:00'), 'volume': 3424000.0}, {'date': Timestamp('2020-02-10 00:00:00'), 'volume': 2947300.0}, {'date': Timestamp('2020-01-13 00:00:00'), 'volume': 1413400.0}, {'date': Timestamp('2020-01-06 00:00:00'), 'volume': 1104500.0}]",2026-08-10,2080304.0,22.770000457763672,0.2859131390874107,345
CDNA,1488826264.3066428,weekly,2023-02-27,28761600.0,1260,0,11,"[{'date': Timestamp('2023-02-27 00:00:00'), 'volume': 28761600.0}, {'date': Timestamp('2022-11-07 00:00:00'), 'volume': 9372200.0}, {'date': Timestamp('2022-05-23 00:00:00'), 'volume': 7887600.0}, {'date': Timestamp('2021-10-25 00:00:00'), 'volume': 7755400.0}, {'date': Timestamp('2021-03-08 00:00:00'), 'volume': 6364600.0}, {'date': Timestamp('2020-03-16 00:00:00'), 'volume': 5973000.0}, {'date': Timestamp('2020-03-09 00:00:00'), 'volume': 5518400.0}, {'date': Timestamp('2020-03-02 00:00:00'), 'volume': 5444100.0}, {'date': Timestamp('2020-02-24 00:00:00'), 'volume': 5407800.0}, {'date': Timestamp('2020-01-13 00:00:00'), 'volume': 3995700.0}, {'date': Timestamp('2020-01-06 00:00:00'), 'volume': 3677100.0}]",2026-08-10,4370516.0,45.31999969482422,0.1519566366266132,345
HLMN,1661895335.4146636,weekly,2023-02-27,25058100.0,1260,0,9,"[{'date': Timestamp('2023-02-27 00:00:00'), 'volume': 25058100.0}, {'date': Timestamp('2022-06-20 00:00:00'), 'volume': 22241500.0}, {'date': Timestamp('2021-09-13 00:00:00'), 'volume': 21727100.0}, {'date': Timestamp('2021-08-30 00:00:00'), 'volume': 18143700.0}, {'date': Timestamp('2021-01-25 00:00:00'), 'volume': 17234100.0}, {'date': Timestamp('2021-01-11 00:00:00'), 'volume': 3200000.0}, {'date': Timestamp('2020-12-21 00:00:00'), 'volume': 1682300.0}, {'date': Timestamp('2020-12-07 00:00:00'), 'volume': 1428100.0}, {'date': Timestamp('2020-11-30 00:00:00'), 'volume': 313800.0}]",2026-08-10,4981460.0,8.699999809265137,0.19879639717297,298
BRSP,721740459.678832,weekly,2023-02-27,32858800.0,1260,0,8,"[{'date': Timestamp('2023-02-27 00:00:00'), 'volume': 32858800.0}, {'date': Timestamp('2021-08-09 00:00:00'), 'volume': 10178000.0}, {'date': Timestamp('2020-03-16 00:00:00'), 'volume': 9189000.0}, {'date': Timestamp('2020-03-09 00:00:00'), 'volume': 4753300.0}, {'date': Timestamp('2020-02-24 00:00:00'), 'volume': 4468800.0}, {'date': Timestamp('2020-01-27 00:00:00'), 'volume': 3568500.0}, {'date': Timestamp('2020-01-13 00:00:00'), 'volume': 2007900.0}, {'date': Timestamp('2020-01-06 00:00:00'), 'volume': 1576800.0}]",2026-08-10,4955158.0,5.0,0.1508015508783035,345
BBSI,885620881.9847106,weekly,2023-02-25,2539600.0,1262,0,7,"[{'date': Timestamp('2023-02-25 00:00:00'), 'volume': 2539600.0}, {'date': Timestamp('2022-06-18 00:00:00'), 'volume': 2003200.0}, {'date': Timestamp('2020-03-14 00:00:00'), 'volume': 1947600.0}, {'date': Timestamp('2020-03-07 00:00:00'), 'volume': 1540800.0}, {'date': Timestamp('2020-02-22 00:00:00'), 'volume': 1377600.0}, {'date': Timestamp('2020-01-11 00:00:00'), 'volume': 954000.0}, {'date': Timestamp('2020-01-04 00:00:00'), 'volume': 847200.0}]",2026-08-10,1440442.0,32.2400016784668,0.5671924712553158,346
ASC,616935509.4237287,weekly,2023-02-13,8629600.0,1274,0,7,"[{'date': Timestamp('2023-02-13 00:00:00'), 'volume': 8629600.0}, {'date': Timestamp('2022-06-20 00:00:00'), 'volume': 7942700.0}, {'date': Timestamp('2021-06-21 00:00:00'), 'volume': 7439300.0}, {'date': Timestamp('2020-04-20 00:00:00'), 'volume': 4126300.0}, {'date': Timestamp('2020-02-10 00:00:00'), 'volume': 3112900.0}, {'date': Timestamp('2020-01-27 00:00:00'), 'volume': 2067700.0}, {'date': Timestamp('2020-01-06 00:00:00'), 'volume': 1481500.0}]",2026-08-10,2240742.0,17.610000610351562,0.2596576898118105,345
VTS,658639191.2567394,weekly,2023-01-16,11353900.0,1302,0,2,"[{'date': Timestamp('2023-01-16 00:00:00'), 'volume': 11353900.0}, {'date': Timestamp('2023-01-09 00:00:00'), 'volume': 298900.0}]",2026-08-10,2480607.0,16.219999313354492,0.218480610186808,188
KNOP,344839213.7089108,weekly,2023-01-09,7377400.0,1309,0,9,"[{'date': Timestamp('2023-01-09 00:00:00'), 'volume': 7377400.0}, {'date': Timestamp('2022-11-28 00:00:00'), 'volume': 4316000.0}, {'date': Timestamp('2021-11-29 00:00:00'), 'volume': 3895000.0}, {'date': Timestamp('2020-04-06 00:00:00'), 'volume': 3166500.0}, {'date': Timestamp('2020-03-16 00:00:00'), 'volume': 2302700.0}, {'date': Timestamp('2020-03-09 00:00:00'), 'volume': 1944900.0}, {'date': Timestamp('2020-02-24 00:00:00'), 'volume': 1327600.0}, {'date': Timestamp('2020-01-13 00:00:00'), 'volume': 620400.0}, {'date': Timestamp('2020-01-06 00:00:00'), 'volume': 456000.0}]",2026-08-10,174200.0,10.670000076293944,0.0236126548648575,345
NIE,725974883.0,weekly,2023-01-09,1226700.0,1309,0,4,"[{'date': Timestamp('2023-01-09 00:00:00'), 'volume': 1226700.0}, {'date': Timestamp('2020-03-09 00:00:00'), 'volume': 1152500.0}, {'date': Timestamp('2020-02-24 00:00:00'), 'volume': 745600.0}, {'date': Timestamp('2020-01-06 00:00:00'), 'volume': 529100.0}]",2026-08-10,227589.0,26.799999237060547,0.1855294693078992,345
MUJ,650985624.0,weekly,2022-12-24,1795200.0,1325,0,8,"[{'date': Timestamp('2022-12-24 00:00:00'), 'volume': 1795200.0}, {'date': Timestamp('2022-12-17 00:00:00'), 'volume': 1524400.0}, {'date': Timestamp('2022-12-10 00:00:00'), 'volume': 1191600.0}, {'date': Timestamp('2022-12-03 00:00:00'), 'volume': 1121200.0}, {'date': Timestamp('2020-03-14 00:00:00'), 'volume': 1105800.0}, {'date': Timestamp('2020-03-07 00:00:00'), 'volume': 1003300.0}, {'date': Timestamp('2020-02-22 00:00:00'), 'volume': 477600.0}, {'date': Timestamp('2020-01-04 00:00:00'), 'volume': 320200.0}]",2026-08-10,399259.0,12.31999969482422,0.2224036319073083,346
MUC,1362587200.0,weekly,2022-12-24,3757400.0,1325,0,13,"[{'date': Timestamp('2022-12-24 00:00:00'), 'volume': 3757400.0}, {'date': Timestamp('2022-12-17 00:00:00'), 'volume': 3101900.0}, {'date': Timestamp('2022-11-26 00:00:00'), 'volume': 2933400.0}, {'date': Timestamp('2022-10-22 00:00:00'), 'volume': 2223600.0}, {'date': Timestamp('2022-06-11 00:00:00'), 'volume': 2173600.0}, {'date': Timestamp('2022-05-21 00:00:00'), 'volume': 1906800.0}, {'date': Timestamp('2022-04-16 00:00:00'), 'volume': 1886400.0}, {'date': Timestamp('2022-04-09 00:00:00'), 'volume': 1347900.0}, {'date': Timestamp('2020-03-07 00:00:00'), 'volume': 1279700.0}, {'date': Timestamp('2020-02-22 00:00:00'), 'volume': 824000.0}, {'date': Timestamp('2020-02-01 00:00:00'), 'volume': 465000.0}, {'date': Timestamp('2020-01-11 00:00:00'), 'volume': 452300.0}, {'date': Timestamp('2020-01-04 00:00:00'), 'volume': 441400.0}]",2026-08-10,2455080.0,10.760000228881836,0.653398626709959,346
ORIC,986522378.4323463,weekly,2022-12-19,45218700.0,1330,0,5,"[{'date': Timestamp('2022-12-19 00:00:00'), 'volume': 45218700.0}, {'date': Timestamp('2022-03-21 00:00:00'), 'volume': 12453300.0}, {'date': Timestamp('2021-10-04 00:00:00'), 'volume': 5971700.0}, {'date': Timestamp('2020-12-14 00:00:00'), 'volume': 4143200.0}, {'date': Timestamp('2020-04-20 00:00:00'), 'volume': 3699300.0}]",2026-08-10,6152791.0,13.869999885559082,0.136067401318481,330
NXP,896430784.0,weekly,2022-12-17,1409400.0,1332,0,11,"[{'date': Timestamp('2022-12-17 00:00:00'), 'volume': 1409400.0}, {'date': Timestamp('2022-05-21 00:00:00'), 'volume': 935400.0}, {'date': Timestamp('2021-12-25 00:00:00'), 'volume': 846800.0}, {'date': Timestamp('2020-03-14 00:00:00'), 'volume': 622500.0}, {'date': Timestamp('2020-03-07 00:00:00'), 'volume': 433500.0}, {'date': Timestamp('2020-02-29 00:00:00'), 'volume': 294000.0}, {'date': Timestamp('2020-02-22 00:00:00'), 'volume': 258500.0}, {'date': Timestamp('2020-02-15 00:00:00'), 'volume': 238200.0}, {'date': Timestamp('2020-02-08 00:00:00'), 'volume': 164900.0}, {'date': Timestamp('2020-01-11 00:00:00'), 'volume': 139500.0}, {'date': Timestamp('2020-01-04 00:00:00'), 'volume': 135000.0}]",2026-08-10,874103.0,14.3100004196167,0.6201951184901376,346
NUV,1894858460.0,weekly,2022-12-17,6467500.0,1332,0,5,"[{'date': Timestamp('2022-12-17 00:00:00'), 'volume': 6467500.0}, {'date': Timestamp('2020-03-14 00:00:00'), 'volume': 5797000.0}, {'date': Timestamp('2020-03-07 00:00:00'), 'volume': 4647900.0}, {'date': Timestamp('2020-02-22 00:00:00'), 'volume': 2681300.0}, {'date': Timestamp('2020-01-04 00:00:00'), 'volume': 1730600.0}]",2026-08-10,2668901.0,9.0600004196167,0.4126634712021647,346
CAPL,849696979.0979427,weekly,2022-12-12,1192000.0,1337,0,7,"[{'date': Timestamp('2022-12-12 00:00:00'), 'volume': 1192000.0}, {'date': Timestamp('2020-03-16 00:00:00'), 'volume': 805200.0}, {'date': Timestamp('2020-03-09 00:00:00'), 'volume': 665300.0}, {'date': Timestamp('2020-03-02 00:00:00'), 'volume': 505300.0}, {'date': Timestamp('2020-02-24 00:00:00'), 'volume': 484300.0}, {'date': Timestamp('2020-01-27 00:00:00'), 'volume': 234600.0}, {'date': Timestamp('2020-01-06 00:00:00'), 'volume': 227300.0}]",2026-08-10,420507.0,23.600000381469727,0.3527743288590604,345
WABC,1382266125.0907705,weekly,2022-12-10,2188500.0,1339,0,8,"[{'date': Timestamp('2022-12-10 00:00:00'), 'volume': 2188500.0}, {'date': Timestamp('2021-12-11 00:00:00'), 'volume': 1322100.0}, {'date': Timestamp('2020-03-14 00:00:00'), 'volume': 1243900.0}, {'date': Timestamp('2020-03-07 00:00:00'), 'volume': 829000.0}, {'date': Timestamp('2020-02-22 00:00:00'), 'volume': 604700.0}, {'date': Timestamp('2020-01-25 00:00:00'), 'volume': 527100.0}, {'date': Timestamp('2020-01-11 00:00:00'), 'volume': 497900.0}, {'date': Timestamp('2020-01-04 00:00:00'), 'volume': 470500.0}]",2026-08-10,693712.0,59.880001068115234,0.3169805803061458,346
SGU,424542785.44575465,weekly,2022-12-10,3305700.0,1339,0,8,"[{'date': Timestamp('2022-12-10 00:00:00'), 'volume': 3305700.0}, {'date': Timestamp('2021-05-22 00:00:00'), 'volume': 1002100.0}, {'date': Timestamp('2020-03-21 00:00:00'), 'volume': 964200.0}, {'date': Timestamp('2020-03-07 00:00:00'), 'volume': 661900.0}, {'date': Timestamp('2020-02-22 00:00:00'), 'volume': 529100.0}, {'date': Timestamp('2020-02-01 00:00:00'), 'volume': 339200.0}, {'date': Timestamp('2020-01-11 00:00:00'), 'volume': 268900.0}, {'date': Timestamp('2020-01-04 00:00:00'), 'volume': 182900.0}]",2026-08-10,122649.0,12.640000343322754,0.0371022778836555,346
MOMO,797835979.0,weekly,2022-12-05,72145800.0,1344,0,5,"[{'date': Timestamp('2022-12-05 00:00:00'), 'volume': 72145800.0}, {'date': Timestamp('2020-06-15 00:00:00'), 'volume': 52719600.0}, {'date': Timestamp('2020-01-20 00:00:00'), 'volume': 33701200.0}, {'date': Timestamp('2020-01-13 00:00:00'), 'volume': 21644900.0}, {'date': Timestamp('2020-01-06 00:00:00'), 'volume': 17094100.0}]",2026-08-10,2470650.0,5.75,0.0342452367289571,345
MUA,542321196.0,weekly,2022-12-03,2023500.0,1346,0,9,"[{'date': Timestamp('2022-12-03 00:00:00'), 'volume': 2023500.0}, {'date': Timestamp('2022-11-26 00:00:00'), 'volume': 1488400.0}, {'date': Timestamp('2022-11-12 00:00:00'), 'volume': 1363900.0}, {'date': Timestamp('2020-03-14 00:00:00'), 'volume': 1270000.0}, {'date': Timestamp('2020-03-07 00:00:00'), 'volume': 675200.0}, {'date': Timestamp('2020-02-01 00:00:00'), 'volume': 308200.0}, {'date': Timestamp('2020-01-25 00:00:00'), 'volume': 255200.0}, {'date': Timestamp('2020-01-11 00:00:00'), 'volume': 232800.0}, {'date': Timestamp('2020-01-04 00:00:00'), 'volume': 197900.0}]",2026-08-10,1662926.0,10.229999542236328,0.8218067704472449,346
DSM,303492218.0,weekly,2022-12-03,2041700.0,1346,0,6,"[{'date': Timestamp('2022-12-03 00:00:00'), 'volume': 2041700.0}, {'date': Timestamp('2020-03-14 00:00:00'), 'volume': 1842300.0}, {'date': Timestamp('2020-03-07 00:00:00'), 'volume': 1809300.0}, {'date': Timestamp('2020-02-22 00:00:00'), 'volume': 983200.0}, {'date': Timestamp('2020-02-08 00:00:00'), 'volume': 624200.0}, {'date': Timestamp('2020-01-04 00:00:00'), 'volume': 612400.0}]",2026-08-10,927947.0,5.860000133514404,0.4544972326982416,346
GIII,1437011018.6824448,weekly,2022-11-26,22120300.0,1353,0,5,"[{'date': Timestamp('2022-11-26 00:00:00'), 'volume': 22120300.0}, {'date': Timestamp('2020-03-14 00:00:00'), 'volume': 15434100.0}, {'date': Timestamp('2020-03-07 00:00:00'), 'volume': 4144900.0}, {'date': Timestamp('2020-02-22 00:00:00'), 'volume': 3375400.0}, {'date': Timestamp('2020-01-04 00:00:00'), 'volume': 3103800.0}]",2026-08-10,2440424.0,33.900001525878906,0.1103250860069709,346
LXU,781255801.7904583,weekly,2022-11-05,16925000.0,1374,0,9,"[{'date': Timestamp('2022-11-05 00:00:00'), 'volume': 16925000.0}, {'date': Timestamp('2020-08-15 00:00:00'), 'volume': 11378120.0}, {'date': Timestamp('2020-08-08 00:00:00'), 'volume': 8799050.0}, {'date': Timestamp('2020-05-23 00:00:00'), 'volume': 8570380.0}, {'date': Timestamp('2020-05-16 00:00:00'), 'volume': 3088150.0}, {'date': Timestamp('2020-02-22 00:00:00'), 'volume': 1953120.0}, {'date': Timestamp('2020-01-25 00:00:00'), 'volume': 1348100.0}, {'date': Timestamp('2020-01-11 00:00:00'), 'volume': 1225640.0}, {'date': Timestamp('2020-01-04 00:00:00'), 'volume': 737360.0}]",2026-08-10,4658484.0,10.229999542236328,0.275242776957164,346
BAND,1821635393.57607,weekly,2022-10-31,15212100.0,1379,0,6,"[{'date': Timestamp('2022-10-31 00:00:00'), 'volume': 15212100.0}, {'date': Timestamp('2022-02-21 00:00:00'), 'volume': 8459300.0}, {'date': Timestamp('2020-09-14 00:00:00'), 'volume': 5376300.0}, {'date': Timestamp('2020-02-24 00:00:00'), 'volume': 3768900.0}, {'date': Timestamp('2020-02-17 00:00:00'), 'volume': 1056600.0}, {'date': Timestamp('2020-01-06 00:00:00'), 'volume': 839200.0}]",2026-08-10,3407756.0,53.970001220703125,0.2240161450424333,345
MIY,353564540.0,weekly,2022-10-22,728900.0,1388,0,6,"[{'date': Timestamp('2022-10-22 00:00:00'), 'volume': 728900.0}, {'date': Timestamp('2022-03-26 00:00:00'), 'volume': 712800.0}, {'date': Timestamp('2020-03-07 00:00:00'), 'volume': 709500.0}, {'date': Timestamp('2020-02-01 00:00:00'), 'volume': 297900.0}, {'date': Timestamp('2020-01-11 00:00:00'), 'volume': 263500.0}, {'date': Timestamp('2020-01-04 00:00:00'), 'volume': 149900.0}]",2026-08-10,282240.0,12.460000038146973,0.3872136095486349,346
CGNT,608742881.5402011,weekly,2022-10-17,17039200.0,1393,0,3,"[{'date': Timestamp('2022-10-17 00:00:00'), 'volume': 17039200.0}, {'date': Timestamp('2021-06-21 00:00:00'), 'volume': 13655000.0}, {'date': Timestamp('2021-02-08 00:00:00'), 'volume': 6902300.0}]",2026-08-10,2177705.0,9.119999885559082,0.1278055894642941,288
EPAC,1895757670.661452,weekly,2022-10-03,6209600.0,1407,0,9,"[{'date': Timestamp('2022-10-03 00:00:00'), 'volume': 6209600.0}, {'date': Timestamp('2022-09-26 00:00:00'), 'volume': 4505800.0}, {'date': Timestamp('2022-09-12 00:00:00'), 'volume': 4461700.0}, {'date': Timestamp('2020-05-11 00:00:00'), 'volume': 4351600.0}, {'date': Timestamp('2020-04-06 00:00:00'), 'volume': 3581400.0}, {'date': Timestamp('2020-03-16 00:00:00'), 'volume': 3453300.0}, {'date': Timestamp('2020-03-09 00:00:00'), 'volume': 2618000.0}, {'date': Timestamp('2020-01-27 00:00:00'), 'volume': 2115400.0}, {'date': Timestamp('2020-01-06 00:00:00'), 'volume': 1928700.0}]",2026-08-10,1305239.0,36.93999862670898,0.2101969531048698,345
PLSE,1969016166.1825123,weekly,2022-09-26,5694300.0,1414,0,8,"[{'date': Timestamp('2022-09-26 00:00:00'), 'volume': 5694300.0}, {'date': Timestamp('2022-04-18 00:00:00'), 'volume': 3864800.0}, {'date': Timestamp('2021-06-28 00:00:00'), 'volume': 2841200.0}, {'date': Timestamp('2020-05-11 00:00:00'), 'volume': 1502400.0}, {'date': Timestamp('2020-04-27 00:00:00'), 'volume': 1393000.0}, {'date': Timestamp('2020-02-10 00:00:00'), 'volume': 1346100.0}, {'date': Timestamp('2020-01-13 00:00:00'), 'volume': 333200.0}, {'date': Timestamp('2020-01-06 00:00:00'), 'volume': 187700.0}]",2026-08-10,2874973.0,44.540000915527344,0.5048861141843598,345
GCT,1178303235.350457,weekly,2022-08-15,47804700.0,1456,0,1,"[{'date': Timestamp('2022-08-15 00:00:00'), 'volume': 47804700.0}]",2026-08-10,3070157.0,51.869998931884766,0.0642229111363527,209
EVTC,1686548811.8222983,weekly,2022-08-08,8797000.0,1463,0,6,"[{'date': Timestamp('2022-08-08 00:00:00'), 'volume': 8797000.0}, {'date': Timestamp('2020-08-17 00:00:00'), 'volume': 6940400.0}, {'date': Timestamp('2020-03-16 00:00:00'), 'volume': 4770200.0}, {'date': Timestamp('2020-02-24 00:00:00'), 'volume': 3516300.0}, {'date': Timestamp('2020-01-13 00:00:00'), 'volume': 2006500.0}, {'date': Timestamp('2020-01-06 00:00:00'), 'volume': 1721600.0}]",2026-08-10,2214288.0,31.56999969482422,0.2517094464021825,345
CLFD,524960868.7494021,weekly,2022-08-06,5022200.0,1465,0,15,"[{'date': Timestamp('2022-08-06 00:00:00'), 'volume': 5022200.0}, {'date': Timestamp('2022-07-30 00:00:00'), 'volume': 3091900.0}, {'date': Timestamp('2022-01-22 00:00:00'), 'volume': 2066600.0}, {'date': Timestamp('2022-01-15 00:00:00'), 'volume': 1760600.0}, {'date': Timestamp('2021-01-23 00:00:00'), 'volume': 1370300.0}, {'date': Timestamp('2021-01-16 00:00:00'), 'volume': 1049200.0}, {'date': Timestamp('2020-12-12 00:00:00'), 'volume': 1002100.0}, {'date': Timestamp('2020-08-29 00:00:00'), 'volume': 978400.0}, {'date': Timestamp('2020-07-18 00:00:00'), 'volume': 777600.0}, {'date': Timestamp('2020-03-14 00:00:00'), 'volume': 244700.0}, {'date': Timestamp('2020-03-07 00:00:00'), 'volume': 162700.0}, {'date': Timestamp('2020-02-29 00:00:00'), 'volume': 133800.0}, {'date': Timestamp('2020-02-22 00:00:00'), 'volume': 117400.0}, {'date': Timestamp('2020-01-18 00:00:00'), 'volume': 70300.0}, {'date': Timestamp('2020-01-04 00:00:00'), 'volume': 68400.0}]",2026-08-10,1220650.0,28.790000915527344,0.2430508542073195,346
CPS,507446015.308642,weekly,2022-08-01,10240100.0,1470,0,6,"[{'date': Timestamp('2022-08-01 00:00:00'), 'volume': 10240100.0}, {'date': Timestamp('2022-03-07 00:00:00'), 'volume': 9211400.0}, {'date': Timestamp('2022-02-21 00:00:00'), 'volume': 2758700.0}, {'date': Timestamp('2020-03-16 00:00:00'), 'volume': 2520200.0}, {'date': Timestamp('2020-02-24 00:00:00'), 'volume': 2158400.0}, {'date': Timestamp('2020-01-06 00:00:00'), 'volume': 1292100.0}]",2026-08-10,1232761.0,28.450000762939453,0.1203856407652269,345
NMAI,462945169.4,weekly,2022-07-11,1720500.0,1491,0,4,"[{'date': Timestamp('2022-07-11 00:00:00'), 'volume': 1720500.0}, {'date': Timestamp('2022-01-17 00:00:00'), 'volume': 1389500.0}, {'date': Timestamp('2021-11-29 00:00:00'), 'volume': 842400.0}, {'date': Timestamp('2021-11-22 00:00:00'), 'volume': 449600.0}]",2026-08-10,380272.0,14.770000457763672,0.2210241208950886,247
KRNT,744228069.1582277,weekly,2022-07-04,17099800.0,1498,0,9,"[{'date': Timestamp('2022-07-04 00:00:00'), 'volume': 17099800.0}, {'date': Timestamp('2022-05-09 00:00:00'), 'volume': 11568100.0}, {'date': Timestamp('2021-11-29 00:00:00'), 'volume': 7262200.0}, {'date': Timestamp('2020-05-18 00:00:00'), 'volume': 6783000.0}, {'date': Timestamp('2020-03-23 00:00:00'), 'volume': 3187000.0}, {'date': Timestamp('2020-03-16 00:00:00'), 'volume': 2817600.0}, {'date': Timestamp('2020-02-10 00:00:00'), 'volume': 2758100.0}, {'date': Timestamp('2020-02-03 00:00:00'), 'volume': 2287400.0}, {'date': Timestamp('2020-01-06 00:00:00'), 'volume': 1491100.0}]",2026-08-10,2086978.0,18.040000915527344,0.122046924525433,345
ASPN,466600067.28873247,weekly,2022-06-27,47882600.0,1505,0,7,"[{'date': Timestamp('2022-06-27 00:00:00'), 'volume': 47882600.0}, {'date': Timestamp('2020-09-28 00:00:00'), 'volume': 4486900.0}, {'date': Timestamp('2020-06-22 00:00:00'), 'volume': 2925200.0}, {'date': Timestamp('2020-02-17 00:00:00'), 'volume': 1276000.0}, {'date': Timestamp('2020-01-27 00:00:00'), 'volume': 680500.0}, {'date': Timestamp('2020-01-13 00:00:00'), 'volume': 483900.0}, {'date': Timestamp('2020-01-06 00:00:00'), 'volume': 169900.0}]",2026-08-10,6065884.0,5.849999904632568,0.1266824274371066,345
OMCL,1825068543.2802932,weekly,2022-06-27,14449600.0,1505,0,12,"[{'date': Timestamp('2022-06-27 00:00:00'), 'volume': 14449600.0}, {'date': Timestamp('2020-12-07 00:00:00'), 'volume': 6226800.0}, {'date': Timestamp('2020-09-21 00:00:00'), 'volume': 5039100.0}, {'date': Timestamp('2020-08-17 00:00:00'), 'volume': 3739800.0}, {'date': Timestamp('2020-05-11 00:00:00'), 'volume': 2461000.0}, {'date': Timestamp('2020-03-30 00:00:00'), 'volume': 2394500.0}, {'date': Timestamp('2020-03-16 00:00:00'), 'volume': 2200900.0}, {'date': Timestamp('2020-03-09 00:00:00'), 'volume': 2018400.0}, {'date': Timestamp('2020-02-24 00:00:00'), 'volume': 1320900.0}, {'date': Timestamp('2020-02-03 00:00:00'), 'volume': 1218800.0}, {'date': Timestamp('2020-01-13 00:00:00'), 'volume': 1176500.0}, {'date': Timestamp('2020-01-06 00:00:00'), 'volume': 830800.0}]",2026-08-10,3183549.0,37.29999923706055,0.2203209085372605,345
SD,498765663.5291082,weekly,2022-06-20,8730900.0,1512,0,8,"[{'date': Timestamp('2022-06-20 00:00:00'), 'volume': 8730900.0}, {'date': Timestamp('2020-04-20 00:00:00'), 'volume': 7961900.0}, {'date': Timestamp('2020-04-13 00:00:00'), 'volume': 3943600.0}, {'date': Timestamp('2020-03-09 00:00:00'), 'volume': 2587900.0}, {'date': Timestamp('2020-03-02 00:00:00'), 'volume': 1649000.0}, {'date': Timestamp('2020-02-24 00:00:00'), 'volume': 1564500.0}, {'date': Timestamp('2020-02-03 00:00:00'), 'volume': 1493600.0}, {'date': Timestamp('2020-01-06 00:00:00'), 'volume': 1413900.0}]",2026-08-10,1412436.0,14.029999732971191,0.1617743875201869,345
FSBW,320456520.01779854,weekly,2022-06-20,1274100.0,1512,0,6,"[{'date': Timestamp('2022-06-20 00:00:00'), 'volume': 1274100.0}, {'date': Timestamp('2020-03-16 00:00:00'), 'volume': 404200.0}, {'date': Timestamp('2020-03-09 00:00:00'), 'volume': 357800.0}, {'date': Timestamp('2020-01-27 00:00:00'), 'volume': 228800.0}, {'date': Timestamp('2020-01-13 00:00:00'), 'volume': 102200.0}, {'date': Timestamp('2020-01-06 00:00:00'), 'volume': 97600.0}]",2026-08-10,90794.0,43.47999954223633,0.0712612824739031,345
MYFW,310354062.41159606,weekly,2022-06-20,1218800.0,1512,0,8,"[{'date': Timestamp('2022-06-20 00:00:00'), 'volume': 1218800.0}, {'date': Timestamp('2021-06-21 00:00:00'), 'volume': 979900.0}, {'date': Timestamp('2020-06-22 00:00:00'), 'volume': 777300.0}, {'date': Timestamp('2020-05-18 00:00:00'), 'volume': 473000.0}, {'date': Timestamp('2020-04-27 00:00:00'), 'volume': 189600.0}, {'date': Timestamp('2020-02-10 00:00:00'), 'volume': 96100.0}, {'date': Timestamp('2020-02-03 00:00:00'), 'volume': 73200.0}, {'date': Timestamp('2020-01-06 00:00:00'), 'volume': 28100.0}]",2026-08-10,219533.0,31.709999084472656,0.1801222513948145,345
FMAO,419516706.8476445,weekly,2022-06-20,1763900.0,1512,0,11,"[{'date': Timestamp('2022-06-20 00:00:00'), 'volume': 1763900.0}, {'date': Timestamp('2021-06-21 00:00:00'), 'volume': 1627500.0}, {'date': Timestamp('2021-06-14 00:00:00'), 'volume': 280700.0}, {'date': Timestamp('2021-06-07 00:00:00'), 'volume': 225900.0}, {'date': Timestamp('2021-05-03 00:00:00'), 'volume': 202800.0}, {'date': Timestamp('2020-03-16 00:00:00'), 'volume': 157300.0}, {'date': Timestamp('2020-03-09 00:00:00'), 'volume': 103100.0}, {'date': Timestamp('2020-02-24 00:00:00'), 'volume': 61800.0}, {'date': Timestamp('2020-01-27 00:00:00'), 'volume': 57100.0}, {'date': Timestamp('2020-01-13 00:00:00'), 'volume': 47100.0}, {'date': Timestamp('2020-01-06 00:00:00'), 'volume': 40600.0}]",2026-08-10,369872.0,35.11000061035156,0.2096898917172175,345
JMSB,310468906.38103914,weekly,2022-06-20,1751400.0,1512,0,9,"[{'date': Timestamp('2022-06-20 00:00:00'), 'volume': 1751400.0}, {'date': Timestamp('2022-06-13 00:00:00'), 'volume': 1332600.0}, {'date': Timestamp('2022-06-06 00:00:00'), 'volume': 668100.0}, {'date': Timestamp('2022-05-09 00:00:00'), 'volume': 323100.0}, {'date': Timestamp('2022-02-07 00:00:00'), 'volume': 185800.0}, {'date': Timestamp('2020-06-15 00:00:00'), 'volume': 124100.0}, {'date': Timestamp('2020-02-03 00:00:00'), 'volume': 109000.0}, {'date': Timestamp('2020-01-20 00:00:00'), 'volume': 31600.0}, {'date': Timestamp('2020-01-06 00:00:00'), 'volume': 30500.0}]",2026-08-10,133469.0,23.25,0.076207034372502,345
FPI,432246459.2260417,weekly,2022-06-20,5385800.0,1512,0,9,"[{'date': Timestamp('2022-06-20 00:00:00'), 'volume': 5385800.0}, {'date': Timestamp('2022-03-07 00:00:00'), 'volume': 5258100.0}, {'date': Timestamp('2021-10-04 00:00:00'), 'volume': 3703600.0}, {'date': Timestamp('2021-03-08 00:00:00'), 'volume': 2643400.0}, {'date': Timestamp('2021-01-25 00:00:00'), 'volume': 1915300.0}, {'date': Timestamp('2020-06-08 00:00:00'), 'volume': 1574800.0}, {'date': Timestamp('2020-03-16 00:00:00'), 'volume': 1512400.0}, {'date': Timestamp('2020-03-09 00:00:00'), 'volume': 1237500.0}, {'date': Timestamp('2020-01-06 00:00:00'), 'volume': 803200.0}]",2026-08-10,1984359.0,9.920000076293944,0.3684427568792008,345
CBL,1653378381.9462326,weekly,2022-06-20,4416300.0,1512,0,7,"[{'date': Timestamp('2022-06-20 00:00:00'), 'volume': 4416300.0}, {'date': Timestamp('2022-05-30 00:00:00'), 'volume': 1777400.0}, {'date': Timestamp('2022-03-21 00:00:00'), 'volume': 1394700.0}, {'date': Timestamp('2021-12-13 00:00:00'), 'volume': 1209100.0}, {'date': Timestamp('2021-12-06 00:00:00'), 'volume': 821600.0}, {'date': Timestamp('2021-11-29 00:00:00'), 'volume': 703500.0}, {'date': Timestamp('2021-11-01 00:00:00'), 'volume': 613000.0}]",2026-08-10,863146.0,58.11000061035156,0.1954455086837397,250
USCB,374957871.1287079,weekly,2022-06-20,1370600.0,1512,0,2,"[{'date': Timestamp('2022-06-20 00:00:00'), 'volume': 1370600.0}, {'date': Timestamp('2021-07-19 00:00:00'), 'volume': 1346700.0}]",2026-08-10,136726.0,22.46999931335449,0.0997563111046257,265
SHBI,779188555.5609648,weekly,2022-06-20,3278200.0,1512,0,14,"[{'date': Timestamp('2022-06-20 00:00:00'), 'volume': 3278200.0}, {'date': Timestamp('2021-06-21 00:00:00'), 'volume': 2122000.0}, {'date': Timestamp('2021-03-01 00:00:00'), 'volume': 931400.0}, {'date': Timestamp('2020-09-14 00:00:00'), 'volume': 456500.0}, {'date': Timestamp('2020-08-31 00:00:00'), 'volume': 400600.0}, {'date': Timestamp('2020-08-10 00:00:00'), 'volume': 399700.0}, {'date': Timestamp('2020-05-25 00:00:00'), 'volume': 276400.0}, {'date': Timestamp('2020-03-16 00:00:00'), 'volume': 212900.0}, {'date': Timestamp('2020-03-02 00:00:00'), 'volume': 141400.0}, {'date': Timestamp('2020-02-24 00:00:00'), 'volume': 133700.0}, {'date': Timestamp('2020-02-03 00:00:00'), 'volume': 87500.0}, {'date': Timestamp('2020-01-27 00:00:00'), 'volume': 81800.0}, {'date': Timestamp('2020-01-13 00:00:00'), 'volume': 68700.0}, {'date': Timestamp('2020-01-06 00:00:00'), 'volume': 62300.0}]",2026-08-10,1063886.0,23.96999931335449,0.3245335855042401,345
BCML,356407380.46400505,weekly,2022-06-20,2314900.0,1512,0,6,"[{'date': Timestamp('2022-06-20 00:00:00'), 'volume': 2314900.0}, {'date': Timestamp('2021-06-21 00:00:00'), 'volume': 1933100.0}, {'date': Timestamp('2020-04-06 00:00:00'), 'volume': 973100.0}, {'date': Timestamp('2020-03-16 00:00:00'), 'volume': 647500.0}, {'date': Timestamp('2020-01-13 00:00:00'), 'volume': 608300.0}, {'date': Timestamp('2020-01-06 00:00:00'), 'volume': 199800.0}]",2026-08-10,340813.0,31.065000534057617,0.1472257980906302,345
OSBC,1202488816.2875762,weekly,2022-06-18,2946400.0,1514,0,7,"[{'date': Timestamp('2022-06-18 00:00:00'), 'volume': 2946400.0}, {'date': Timestamp('2022-06-11 00:00:00'), 'volume': 2331600.0}, {'date': Timestamp('2022-03-12 00:00:00'), 'volume': 1779100.0}, {'date': Timestamp('2020-03-28 00:00:00'), 'volume': 1254500.0}, {'date': Timestamp('2020-03-14 00:00:00'), 'volume': 1076700.0}, {'date': Timestamp('2020-01-11 00:00:00'), 'volume': 995800.0}, {'date': Timestamp('2020-01-04 00:00:00'), 'volume': 359300.0}]",2026-08-10,2191201.0,25.90999984741211,0.7436875509095846,346
CIA,322531716.0168067,weekly,2022-06-18,7465900.0,1514,0,8,"[{'date': Timestamp('2022-06-18 00:00:00'), 'volume': 7465900.0}, {'date': Timestamp('2022-05-07 00:00:00'), 'volume': 1203100.0}, {'date': Timestamp('2021-05-22 00:00:00'), 'volume': 1152000.0}, {'date': Timestamp('2020-03-14 00:00:00'), 'volume': 935600.0}, {'date': Timestamp('2020-02-01 00:00:00'), 'volume': 777000.0}, {'date': Timestamp('2020-01-25 00:00:00'), 'volume': 399600.0}, {'date': Timestamp('2020-01-11 00:00:00'), 'volume': 238400.0}, {'date': Timestamp('2020-01-04 00:00:00'), 'volume': 215800.0}]",2026-08-10,1124340.0,3.9700000286102295,0.1505967130553583,346
ODC,1362055372.3948755,weekly,2022-06-18,1932200.0,1514,0,11,"[{'date': Timestamp('2022-06-18 00:00:00'), 'volume': 1932200.0}, {'date': Timestamp('2022-06-11 00:00:00'), 'volume': 719800.0}, {'date': Timestamp('2022-06-04 00:00:00'), 'volume': 618600.0}, {'date': Timestamp('2022-04-09 00:00:00'), 'volume': 538400.0}, {'date': Timestamp('2022-04-02 00:00:00'), 'volume': 526600.0}, {'date': Timestamp('2022-03-12 00:00:00'), 'volume': 451800.0}, {'date': Timestamp('2020-12-12 00:00:00'), 'volume': 400800.0}, {'date': Timestamp('2020-03-14 00:00:00'), 'volume': 313000.0}, {'date': Timestamp('2020-03-07 00:00:00'), 'volume': 226400.0}, {'date': Timestamp('2020-01-11 00:00:00'), 'volume': 142200.0}, {'date': Timestamp('2020-01-04 00:00:00'), 'volume': 96000.0}]",2026-08-10,851159.0,90.41000366210938,0.4405128868647138,346
NC,389984031.00000006,weekly,2022-06-18,676000.0,1514,0,10,"[{'date': Timestamp('2022-06-18 00:00:00'), 'volume': 676000.0}, {'date': Timestamp('2021-06-19 00:00:00'), 'volume': 646500.0}, {'date': Timestamp('2021-06-12 00:00:00'), 'volume': 303800.0}, {'date': Timestamp('2021-03-20 00:00:00'), 'volume': 244400.0}, {'date': Timestamp('2021-02-27 00:00:00'), 'volume': 209400.0}, {'date': Timestamp('2020-06-20 00:00:00'), 'volume': 158500.0}, {'date': Timestamp('2020-03-21 00:00:00'), 'volume': 157900.0}, {'date': Timestamp('2020-03-14 00:00:00'), 'volume': 129400.0}, {'date': Timestamp('2020-03-07 00:00:00'), 'volume': 98700.0}, {'date': Timestamp('2020-01-04 00:00:00'), 'volume': 94800.0}]",2026-08-10,128776.0,42.63999938964844,0.1904970414201183,346
NRIM,621963664.0293578,weekly,2022-06-18,3773200.0,1514,0,13,"[{'date': Timestamp('2022-06-18 00:00:00'), 'volume': 3773200.0}, {'date': Timestamp('2021-01-02 00:00:00'), 'volume': 1127200.0}, {'date': Timestamp('2020-09-19 00:00:00'), 'volume': 1058800.0}, {'date': Timestamp('2020-06-20 00:00:00'), 'volume': 1019200.0}, {'date': Timestamp('2020-05-09 00:00:00'), 'volume': 885200.0}, {'date': Timestamp('2020-05-02 00:00:00'), 'volume': 876400.0}, {'date': Timestamp('2020-03-14 00:00:00'), 'volume': 821600.0}, {'date': Timestamp('2020-03-07 00:00:00'), 'volume': 566400.0}, {'date': Timestamp('2020-02-15 00:00:00'), 'volume': 493600.0}, {'date': Timestamp('2020-02-08 00:00:00'), 'volume': 470800.0}, {'date': Timestamp('2020-02-01 00:00:00'), 'volume': 368000.0}, {'date': Timestamp('2020-01-11 00:00:00'), 'volume': 337200.0}, {'date': Timestamp('2020-01-04 00:00:00'), 'volume': 323600.0}]",2026-08-10,676914.0,27.25,0.1794005088519029,346
TCMD,683003526.8457143,weekly,2022-06-13,8025200.0,1519,0,7,"[{'date': Timestamp('2022-06-13 00:00:00'), 'volume': 8025200.0}, {'date': Timestamp('2022-05-23 00:00:00'), 'volume': 4441000.0}, {'date': Timestamp('2021-10-18 00:00:00'), 'volume': 3096300.0}, {'date': Timestamp('2020-08-03 00:00:00'), 'volume': 2431300.0}, {'date': Timestamp('2020-06-08 00:00:00'), 'volume': 1769500.0}, {'date': Timestamp('2020-01-13 00:00:00'), 'volume': 1701000.0}, {'date': Timestamp('2020-01-06 00:00:00'), 'volume': 788300.0}]",2026-08-10,2401844.0,24.200000762939453,0.2992877436076359,345
FBRT,634944774.0291263,weekly,2022-06-13,22714200.0,1519,0,5,"[{'date': Timestamp('2022-06-13 00:00:00'), 'volume': 22714200.0}, {'date': Timestamp('2022-06-06 00:00:00'), 'volume': 6676000.0}, {'date': Timestamp('2021-12-13 00:00:00'), 'volume': 5560300.0}, {'date': Timestamp('2021-11-15 00:00:00'), 'volume': 2304500.0}, {'date': Timestamp('2021-10-18 00:00:00'), 'volume': 2126000.0}]",2026-08-10,6867268.0,8.069999694824219,0.3023336943409849,252
EYE,1511000304.409091,weekly,2022-06-13,38028000.0,1519,0,6,"[{'date': Timestamp('2022-06-13 00:00:00'), 'volume': 38028000.0}, {'date': Timestamp('2020-05-04 00:00:00'), 'volume': 23064800.0}, {'date': Timestamp('2020-03-16 00:00:00'), 'volume': 8135300.0}, {'date': Timestamp('2020-02-24 00:00:00'), 'volume': 5682800.0}, {'date': Timestamp('2020-01-20 00:00:00'), 'volume': 3946900.0}, {'date': Timestamp('2020-01-06 00:00:00'), 'volume': 2879100.0}]",2026-08-10,18964878.0,19.299999237060547,0.4987082675923004,345
YELP,1319776890.0523558,weekly,2022-06-13,16687500.0,1519,0,8,"[{'date': Timestamp('2022-06-13 00:00:00'), 'volume': 16687500.0}, {'date': Timestamp('2021-02-08 00:00:00'), 'volume': 12855000.0}, {'date': Timestamp('2020-11-09 00:00:00'), 'volume': 12044200.0}, {'date': Timestamp('2020-03-16 00:00:00'), 'volume': 11853600.0}, {'date': Timestamp('2020-02-10 00:00:00'), 'volume': 9113200.0}, {'date': Timestamp('2020-02-03 00:00:00'), 'volume': 3829100.0}, {'date': Timestamp('2020-01-27 00:00:00'), 'volume': 3609600.0}, {'date': Timestamp('2020-01-06 00:00:00'), 'volume': 3226700.0}]",2026-08-10,5607067.0,24.700000762939453,0.3360040149812734,345
GASS,303435228.38518524,weekly,2022-06-13,5713300.0,1519,0,10,"[{'date': Timestamp('2022-06-13 00:00:00'), 'volume': 5713300.0}, {'date': Timestamp('2022-06-06 00:00:00'), 'volume': 5151900.0}, {'date': Timestamp('2022-05-30 00:00:00'), 'volume': 2857400.0}, {'date': Timestamp('2020-08-17 00:00:00'), 'volume': 2270000.0}, {'date': Timestamp('2020-04-20 00:00:00'), 'volume': 843400.0}, {'date': Timestamp('2020-03-09 00:00:00'), 'volume': 389400.0}, {'date': Timestamp('2020-03-02 00:00:00'), 'volume': 379400.0}, {'date': Timestamp('2020-01-27 00:00:00'), 'volume': 206400.0}, {'date': Timestamp('2020-01-20 00:00:00'), 'volume': 187900.0}, {'date': Timestamp('2020-01-06 00:00:00'), 'volume': 88000.0}]",2026-08-10,769859.0,9.460000038146973,0.1347485691281746,345
SBR,1066624916.1182158,weekly,2022-06-11,1082400.0,1521,0,7,"[{'date': Timestamp('2022-06-11 00:00:00'), 'volume': 1082400.0}, {'date': Timestamp('2022-02-26 00:00:00'), 'volume': 984400.0}, {'date': Timestamp('2022-01-08 00:00:00'), 'volume': 623000.0}, {'date': Timestamp('2020-02-22 00:00:00'), 'volume': 434800.0}, {'date': Timestamp('2020-02-08 00:00:00'), 'volume': 189900.0}, {'date': Timestamp('2020-02-01 00:00:00'), 'volume': 159900.0}, {'date': Timestamp('2020-01-04 00:00:00'), 'volume': 158700.0}]",2026-08-10,134948.0,72.9000015258789,0.1246747967479674,346
CDRE,1199184570.890625,weekly,2022-06-06,4808600.0,1526,0,2,"[{'date': Timestamp('2022-06-06 00:00:00'), 'volume': 4808600.0}, {'date': Timestamp('2021-11-01 00:00:00'), 'volume': 1984300.0}]",2026-08-10,1292401.0,34.13999938964844,0.2687686644761469,250
FLNG,1565752718.5700934,weekly,2022-06-06,7002900.0,1526,0,14,"[{'date': Timestamp('2022-06-06 00:00:00'), 'volume': 7002900.0}, {'date': Timestamp('2022-01-10 00:00:00'), 'volume': 4595600.0}, {'date': Timestamp('2021-11-29 00:00:00'), 'volume': 1798300.0}, {'date': Timestamp('2021-11-22 00:00:00'), 'volume': 1208100.0}, {'date': Timestamp('2021-10-18 00:00:00'), 'volume': 962300.0}, {'date': Timestamp('2021-09-27 00:00:00'), 'volume': 702900.0}, {'date': Timestamp('2021-08-16 00:00:00'), 'volume': 663800.0}, {'date': Timestamp('2021-03-01 00:00:00'), 'volume': 538400.0}, {'date': Timestamp('2020-04-27 00:00:00'), 'volume': 473600.0}, {'date': Timestamp('2020-03-23 00:00:00'), 'volume': 363700.0}, {'date': Timestamp('2020-03-16 00:00:00'), 'volume': 337500.0}, {'date': Timestamp('2020-01-20 00:00:00'), 'volume': 329500.0}, {'date': Timestamp('2020-01-13 00:00:00'), 'volume': 165600.0}, {'date': Timestamp('2020-01-06 00:00:00'), 'volume': 85700.0}]",2026-08-10,1396278.0,30.799999237060547,0.199385683074155,345
NOAH,728547067.38267,weekly,2022-05-30,4911100.0,1533,0,11,"[{'date': Timestamp('2022-05-30 00:00:00'), 'volume': 4911100.0}, {'date': Timestamp('2020-07-06 00:00:00'), 'volume': 3937800.0}, {'date': Timestamp('2020-03-23 00:00:00'), 'volume': 3680600.0}, {'date': Timestamp('2020-03-16 00:00:00'), 'volume': 3515100.0}, {'date': Timestamp('2020-03-09 00:00:00'), 'volume': 2496300.0}, {'date': Timestamp('2020-03-02 00:00:00'), 'volume': 2312400.0}, {'date': Timestamp('2020-02-24 00:00:00'), 'volume': 1927500.0}, {'date': Timestamp('2020-02-10 00:00:00'), 'volume': 1743500.0}, {'date': Timestamp('2020-01-27 00:00:00'), 'volume': 1532400.0}, {'date': Timestamp('2020-01-13 00:00:00'), 'volume': 1305700.0}, {'date': Timestamp('2020-01-06 00:00:00'), 'volume': 800300.0}]",2026-08-10,604197.0,8.630000114440918,0.1230268168027529,345
BKSY,918819544.668583,weekly,2022-05-23,31310589.0,1540,0,7,"[{'date': Timestamp('2022-05-23 00:00:00'), 'volume': 31310589.0}, {'date': Timestamp('2021-02-15 00:00:00'), 'volume': 4390202.0}, {'date': Timestamp('2021-01-18 00:00:00'), 'volume': 418113.0}, {'date': Timestamp('2020-03-09 00:00:00'), 'volume': 336663.0}, {'date': Timestamp('2020-03-02 00:00:00'), 'volume': 123489.0}, {'date': Timestamp('2020-02-03 00:00:00'), 'volume': 79988.0}, {'date': Timestamp('2020-01-06 00:00:00'), 'volume': 50725.0}]",2026-08-10,5681506.0,30.920000076293945,0.181456375668947,345
NDMO,619447025.5999999,weekly,2022-05-23,3271000.0,1540,0,2,"[{'date': Timestamp('2022-05-23 00:00:00'), 'volume': 3271000.0}, {'date': Timestamp('2020-08-24 00:00:00'), 'volume': 1850800.0}]",2026-08-10,749716.0,10.0600004196167,0.2292008560073372,312
CTRN,492460584.7783707,weekly,2022-05-23,5184100.0,1540,0,13,"[{'date': Timestamp('2022-05-23 00:00:00'), 'volume': 5184100.0}, {'date': Timestamp('2022-03-14 00:00:00'), 'volume': 4521300.0}, {'date': Timestamp('2022-01-10 00:00:00'), 'volume': 3068400.0}, {'date': Timestamp('2021-11-29 00:00:00'), 'volume': 3059100.0}, {'date': Timestamp('2021-05-24 00:00:00'), 'volume': 2499600.0}, {'date': Timestamp('2020-06-29 00:00:00'), 'volume': 2146600.0}, {'date': Timestamp('2020-03-16 00:00:00'), 'volume': 1700800.0}, {'date': Timestamp('2020-03-09 00:00:00'), 'volume': 765600.0}, {'date': Timestamp('2020-02-03 00:00:00'), 'volume': 603600.0}, {'date': Timestamp('2020-01-27 00:00:00'), 'volume': 566400.0}, {'date': Timestamp('2020-01-20 00:00:00'), 'volume': 441900.0}, {'date': Timestamp('2020-01-13 00:00:00'), 'volume': 427400.0}, {'date': Timestamp('2020-01-06 00:00:00'), 'volume': 412100.0}]",2026-08-10,827299.0,73.91000366210938,0.1595839200632703,345
AOSL,1316602192.434792,weekly,2022-05-16,9268600.0,1547,0,11,"[{'date': Timestamp('2022-05-16 00:00:00'), 'volume': 9268600.0}, {'date': Timestamp('2022-03-21 00:00:00'), 'volume': 5521900.0}, {'date': Timestamp('2021-11-29 00:00:00'), 'volume': 5480900.0}, {'date': Timestamp('2021-02-08 00:00:00'), 'volume': 3123700.0}, {'date': Timestamp('2020-12-07 00:00:00'), 'volume': 2156600.0}, {'date': Timestamp('2020-11-23 00:00:00'), 'volume': 2032100.0}, {'date': Timestamp('2020-10-05 00:00:00'), 'volume': 1705700.0}, {'date': Timestamp('2020-04-13 00:00:00'), 'volume': 1292000.0}, {'date': Timestamp('2020-02-03 00:00:00'), 'volume': 1144500.0}, {'date': Timestamp('2020-01-13 00:00:00'), 'volume': 538800.0}, {'date': Timestamp('2020-01-06 00:00:00'), 'volume': 402500.0}]",2026-08-10,4618206.0,30.770000457763672,0.4982635996806421,345
CGEM,1130828017.445887,weekly,2022-05-09,17655700.0,1554,0,4,"[{'date': Timestamp('2022-05-09 00:00:00'), 'volume': 17655700.0}, {'date': Timestamp('2021-12-13 00:00:00'), 'volume': 5230900.0}, {'date': Timestamp('2021-03-15 00:00:00'), 'volume': 4220900.0}, {'date': Timestamp('2021-01-04 00:00:00'), 'volume': 4054300.0}]",2026-08-10,4266755.0,20.34000015258789,0.2416644483084782,293
SKYH,723189056.3434452,weekly,2022-04-25,41783900.0,1568,0,10,"[{'date': Timestamp('2022-04-25 00:00:00'), 'volume': 41783900.0}, {'date': Timestamp('2022-02-14 00:00:00'), 'volume': 19964100.0}, {'date': Timestamp('2022-01-17 00:00:00'), 'volume': 2880700.0}, {'date': Timestamp('2022-01-10 00:00:00'), 'volume': 1834800.0}, {'date': Timestamp('2021-11-15 00:00:00'), 'volume': 1587200.0}, {'date': Timestamp('2021-08-30 00:00:00'), 'volume': 1135300.0}, {'date': Timestamp('2021-08-02 00:00:00'), 'volume': 734700.0}, {'date': Timestamp('2021-02-08 00:00:00'), 'volume': 657300.0}, {'date': Timestamp('2021-01-25 00:00:00'), 'volume': 650100.0}, {'date': Timestamp('2020-12-07 00:00:00'), 'volume': 456900.0}]",2026-08-10,2279174.0,10.260000228881836,0.0545467033953269,297
ZYME,1776810870.656289,weekly,2022-04-25,41748500.0,1568,0,8,"[{'date': Timestamp('2022-04-25 00:00:00'), 'volume': 41748500.0}, {'date': Timestamp('2022-01-24 00:00:00'), 'volume': 11218700.0}, {'date': Timestamp('2022-01-03 00:00:00'), 'volume': 8290500.0}, {'date': Timestamp('2021-01-25 00:00:00'), 'volume': 7389800.0}, {'date': Timestamp('2020-09-14 00:00:00'), 'volume': 5907100.0}, {'date': Timestamp('2020-01-20 00:00:00'), 'volume': 4853200.0}, {'date': Timestamp('2020-01-13 00:00:00'), 'volume': 3169800.0}, {'date': Timestamp('2020-01-06 00:00:00'), 'volume': 2123800.0}]",2026-08-10,2710946.0,25.1200008392334,0.0649351713235206,345
TDOC,1514504813.538559,weekly,2022-04-25,137437900.0,1568,0,6,"[{'date': Timestamp('2022-04-25 00:00:00'), 'volume': 137437900.0}, {'date': Timestamp('2020-08-03 00:00:00'), 'volume': 52131400.0}, {'date': Timestamp('2020-03-23 00:00:00'), 'volume': 36593800.0}, {'date': Timestamp('2020-02-24 00:00:00'), 'volume': 24025600.0}, {'date': Timestamp('2020-01-13 00:00:00'), 'volume': 9975400.0}, {'date': Timestamp('2020-01-06 00:00:00'), 'volume': 5059700.0}]",2026-08-10,21362061.0,6.809999942779541,0.1554306417662086,345
VYX,1094188999.8961384,weekly,2022-04-23,51493982.0,1570,0,6,"[{'date': Timestamp('2022-04-23 00:00:00'), 'volume': 51493982.0}, {'date': Timestamp('2020-03-14 00:00:00'), 'volume': 22443470.0}, {'date': Timestamp('2020-03-07 00:00:00'), 'volume': 15071469.0}, {'date': Timestamp('2020-02-22 00:00:00'), 'volume': 12658743.0}, {'date': Timestamp('2020-02-08 00:00:00'), 'volume': 9013411.0}, {'date': Timestamp('2020-01-04 00:00:00'), 'volume': 6621386.0}]",2026-08-10,12440176.0,8.15999984741211,0.2415850458020512,346
HPK,857971493.6458782,weekly,2022-04-11,10219800.0,1582,0,5,"[{'date': Timestamp('2022-04-11 00:00:00'), 'volume': 10219800.0}, {'date': Timestamp('2020-03-09 00:00:00'), 'volume': 6913200.0}, {'date': Timestamp('2020-01-27 00:00:00'), 'volume': 1699900.0}, {'date': Timestamp('2020-01-13 00:00:00'), 'volume': 1119100.0}, {'date': Timestamp('2020-01-06 00:00:00'), 'volume': 598200.0}]",2026-08-10,2699740.0,7.429999828338623,0.26416759623476,345
HNRG,826195722.695317,weekly,2022-04-09,11307400.0,1584,0,12,"[{'date': Timestamp('2022-04-09 00:00:00'), 'volume': 11307400.0}, {'date': Timestamp('2021-10-02 00:00:00'), 'volume': 5776800.0}, {'date': Timestamp('2021-07-10 00:00:00'), 'volume': 5617400.0}, {'date': Timestamp('2020-12-26 00:00:00'), 'volume': 4497200.0}, {'date': Timestamp('2020-06-20 00:00:00'), 'volume': 4290100.0}, {'date': Timestamp('2020-06-06 00:00:00'), 'volume': 3498400.0}, {'date': Timestamp('2020-04-11 00:00:00'), 'volume': 2530300.0}, {'date': Timestamp('2020-02-08 00:00:00'), 'volume': 1389300.0}, {'date': Timestamp('2020-01-25 00:00:00'), 'volume': 956800.0}, {'date': Timestamp('2020-01-18 00:00:00'), 'volume': 664300.0}, {'date': Timestamp('2020-01-11 00:00:00'), 'volume': 439900.0}, {'date': Timestamp('2020-01-04 00:00:00'), 'volume': 225700.0}]",2026-08-10,6845242.0,16.15999984741211,0.6053771866211507,346
GSL,1357350423.9335785,weekly,2022-04-04,9785900.0,1589,0,15,"[{'date': Timestamp('2022-04-04 00:00:00'), 'volume': 9785900.0}, {'date': Timestamp('2022-02-28 00:00:00'), 'volume': 9103600.0}, {'date': Timestamp('2022-01-31 00:00:00'), 'volume': 7238100.0}, {'date': Timestamp('2022-01-24 00:00:00'), 'volume': 5260100.0}, {'date': Timestamp('2021-08-30 00:00:00'), 'volume': 5217700.0}, {'date': Timestamp('2021-06-07 00:00:00'), 'volume': 4949300.0}, {'date': Timestamp('2021-01-18 00:00:00'), 'volume': 3954900.0}, {'date': Timestamp('2021-01-11 00:00:00'), 'volume': 2681300.0}, {'date': Timestamp('2021-01-04 00:00:00'), 'volume': 775600.0}, {'date': Timestamp('2020-11-09 00:00:00'), 'volume': 696300.0}, {'date': Timestamp('2020-09-14 00:00:00'), 'volume': 567300.0}, {'date': Timestamp('2020-05-11 00:00:00'), 'volume': 448400.0}, {'date': Timestamp('2020-03-02 00:00:00'), 'volume': 427500.0}, {'date': Timestamp('2020-02-24 00:00:00'), 'volume': 358200.0}, {'date': Timestamp('2020-01-06 00:00:00'), 'volume': 258100.0}]",2026-08-10,2686660.0,42.16999816894531,0.2745439867564557,345
PRG,1847423112.234969,weekly,2022-04-02,16401200.0,1591,0,6,"[{'date': Timestamp('2022-04-02 00:00:00'), 'volume': 16401200.0}, {'date': Timestamp('2020-03-14 00:00:00'), 'volume': 12697713.0}, {'date': Timestamp('2020-02-15 00:00:00'), 'volume': 10440164.0}, {'date': Timestamp('2020-02-01 00:00:00'), 'volume': 7143444.0}, {'date': Timestamp('2020-01-11 00:00:00'), 'volume': 3588641.0}, {'date': Timestamp('2020-01-04 00:00:00'), 'volume': 3391040.0}]",2026-08-10,2814603.0,42.619998931884766,0.1716095773479989,346
PAMT,308912724.48777264,weekly,2022-04-02,593100.0,1591,0,8,"[{'date': Timestamp('2022-04-02 00:00:00'), 'volume': 593100.0}, {'date': Timestamp('2021-11-13 00:00:00'), 'volume': 465000.0}, {'date': Timestamp('2021-09-11 00:00:00'), 'volume': 392800.0}, {'date': Timestamp('2021-01-16 00:00:00'), 'volume': 387600.0}, {'date': Timestamp('2020-07-25 00:00:00'), 'volume': 377200.0}, {'date': Timestamp('2020-04-04 00:00:00'), 'volume': 251600.0}, {'date': Timestamp('2020-02-01 00:00:00'), 'volume': 155600.0}, {'date': Timestamp('2020-01-04 00:00:00'), 'volume': 111200.0}]",2026-08-10,111247.0,12.760000228881836,0.1875687067948069,346
NEO,1845100814.8543332,weekly,2022-03-28,36779700.0,1596,0,6,"[{'date': Timestamp('2022-03-28 00:00:00'), 'volume': 36779700.0}, {'date': Timestamp('2020-04-27 00:00:00'), 'volume': 12512000.0}, {'date': Timestamp('2020-03-16 00:00:00'), 'volume': 7889300.0}, {'date': Timestamp('2020-02-24 00:00:00'), 'volume': 7056700.0}, {'date': Timestamp('2020-01-13 00:00:00'), 'volume': 5412200.0}, {'date': Timestamp('2020-01-06 00:00:00'), 'volume': 3681500.0}]",2026-08-10,9467875.0,15.9399995803833,0.2574212133323545,345
ESOA,353414342.23850274,weekly,2022-03-21,24277900.0,1603,0,6,"[{'date': Timestamp('2022-03-21 00:00:00'), 'volume': 24277900.0}, {'date': Timestamp('2021-01-04 00:00:00'), 'volume': 611200.0}, {'date': Timestamp('2020-03-16 00:00:00'), 'volume': 527400.0}, {'date': Timestamp('2020-02-03 00:00:00'), 'volume': 348600.0}, {'date': Timestamp('2020-01-13 00:00:00'), 'volume': 75200.0}, {'date': Timestamp('2020-01-06 00:00:00'), 'volume': 32100.0}]",2026-08-10,1629014.0,12.829999923706056,0.0670986370320332,345
IPI,464648515.9575597,weekly,2022-03-21,5495000.0,1603,0,9,"[{'date': Timestamp('2022-03-21 00:00:00'), 'volume': 5495000.0}, {'date': Timestamp('2022-03-07 00:00:00'), 'volume': 4758500.0}, {'date': Timestamp('2022-02-28 00:00:00'), 'volume': 3375300.0}, {'date': Timestamp('2020-12-28 00:00:00'), 'volume': 2474500.0}, {'date': Timestamp('2020-08-17 00:00:00'), 'volume': 1341600.0}, {'date': Timestamp('2020-08-10 00:00:00'), 'volume': 1073370.0}, {'date': Timestamp('2020-04-27 00:00:00'), 'volume': 531140.0}, {'date': Timestamp('2020-01-13 00:00:00'), 'volume': 523200.0}, {'date': Timestamp('2020-01-06 00:00:00'), 'volume': 389390.0}]",2026-08-10,1051403.0,36.619998931884766,0.1913381255686988,345
DRTS,957545924.6410028,weekly,2022-03-21,18731800.0,1603,0,7,"[{'date': Timestamp('2022-03-21 00:00:00'), 'volume': 18731800.0}, {'date': Timestamp('2022-01-24 00:00:00'), 'volume': 6619200.0}, {'date': Timestamp('2021-07-05 00:00:00'), 'volume': 2813200.0}, {'date': Timestamp('2021-06-28 00:00:00'), 'volume': 855100.0}, {'date': Timestamp('2021-03-22 00:00:00'), 'volume': 746400.0}, {'date': Timestamp('2021-03-15 00:00:00'), 'volume': 210200.0}, {'date': Timestamp('2021-03-08 00:00:00'), 'volume': 140600.0}]",2026-08-10,3491005.0,14.25,0.1863678343779028,284
UAN,1157163819.435144,weekly,2022-03-07,2154600.0,1617,0,9,"[{'date': Timestamp('2022-03-07 00:00:00'), 'volume': 2154600.0}, {'date': Timestamp('2022-02-28 00:00:00'), 'volume': 1519300.0}, {'date': Timestamp('2020-11-30 00:00:00'), 'volume': 704600.0}, {'date': Timestamp('2020-11-23 00:00:00'), 'volume': 589320.0}, {'date': Timestamp('2020-11-16 00:00:00'), 'volume': 338200.0}, {'date': Timestamp('2020-03-16 00:00:00'), 'volume': 310890.0}, {'date': Timestamp('2020-03-09 00:00:00'), 'volume': 197650.0}, {'date': Timestamp('2020-01-13 00:00:00'), 'volume': 164900.0}, {'date': Timestamp('2020-01-06 00:00:00'), 'volume': 64640.0}]",2026-08-10,389444.0,123.5,0.1807500232061635,345
BBDC,865925985.7862407,weekly,2022-03-07,7559600.0,1617,0,8,"[{'date': Timestamp('2022-03-07 00:00:00'), 'volume': 7559600.0}, {'date': Timestamp('2021-03-15 00:00:00'), 'volume': 3666600.0}, {'date': Timestamp('2020-03-16 00:00:00'), 'volume': 3052300.0}, {'date': Timestamp('2020-03-09 00:00:00'), 'volume': 1507100.0}, {'date': Timestamp('2020-03-02 00:00:00'), 'volume': 1405100.0}, {'date': Timestamp('2020-02-24 00:00:00'), 'volume': 1226300.0}, {'date': Timestamp('2020-01-27 00:00:00'), 'volume': 622000.0}, {'date': Timestamp('2020-01-06 00:00:00'), 'volume': 592900.0}]",2026-08-10,4415518.0,9.3100004196167,0.5840941319646542,345
INVA,1739672179.4582438,weekly,2022-02-28,11873300.0,1624,0,10,"[{'date': Timestamp('2022-02-28 00:00:00'), 'volume': 11873300.0}, {'date': Timestamp('2022-02-14 00:00:00'), 'volume': 10441300.0}, {'date': Timestamp('2022-02-07 00:00:00'), 'volume': 10139600.0}, {'date': Timestamp('2020-12-14 00:00:00'), 'volume': 7675200.0}, {'date': Timestamp('2020-03-23 00:00:00'), 'volume': 7634300.0}, {'date': Timestamp('2020-02-24 00:00:00'), 'volume': 5525600.0}, {'date': Timestamp('2020-02-10 00:00:00'), 'volume': 4855500.0}, {'date': Timestamp('2020-01-20 00:00:00'), 'volume': 2948000.0}, {'date': Timestamp('2020-01-13 00:00:00'), 'volume': 2693800.0}, {'date': Timestamp('2020-01-06 00:00:00'), 'volume': 2132300.0}]",2026-08-10,3484567.0,21.190000534057617,0.293479234922052,345
EMD,616763544.0,weekly,2022-02-28,5595700.0,1624,0,5,"[{'date': Timestamp('2022-02-28 00:00:00'), 'volume': 5595700.0}, {'date': Timestamp('2020-03-16 00:00:00'), 'volume': 4347300.0}, {'date': Timestamp('2020-03-09 00:00:00'), 'volume': 2893300.0}, {'date': Timestamp('2020-02-24 00:00:00'), 'volume': 2783500.0}, {'date': Timestamp('2020-01-06 00:00:00'), 'volume': 2657200.0}]",2026-08-10,926388.0,10.449999809265137,0.1655535500473578,345
XPEL,1360685806.2594988,weekly,2022-02-14,5820300.0,1638,0,6,"[{'date': Timestamp('2022-02-14 00:00:00'), 'volume': 5820300.0}, {'date': Timestamp('2022-02-07 00:00:00'), 'volume': 3512000.0}, {'date': Timestamp('2020-11-09 00:00:00'), 'volume': 3497900.0}, {'date': Timestamp('2020-06-22 00:00:00'), 'volume': 3417700.0}, {'date': Timestamp('2020-01-20 00:00:00'), 'volume': 1986500.0}, {'date': Timestamp('2020-01-06 00:00:00'), 'volume': 859500.0}]",2026-08-10,1074606.0,50.0,0.184630689139735,345
AMPL,983077977.2884616,weekly,2022-02-14,38670200.0,1638,0,2,"[{'date': Timestamp('2022-02-14 00:00:00'), 'volume': 38670200.0}, {'date': Timestamp('2021-09-27 00:00:00'), 'volume': 18193200.0}]",2026-08-10,16246716.0,13.029999732971191,0.4201352979813914,255
BWMX,665176474.2352941,weekly,2022-02-08,2655800.0,1644,0,5,"[{'date': Timestamp('2022-02-08 00:00:00'), 'volume': 2655800.0}, {'date': Timestamp('2022-01-18 00:00:00'), 'volume': 1502700.0}, {'date': Timestamp('2020-07-28 00:00:00'), 'volume': 1052100.0}, {'date': Timestamp('2020-01-21 00:00:00'), 'volume': 395800.0}, {'date': Timestamp('2020-01-07 00:00:00'), 'volume': 311000.0}]",2026-08-10,447487.0,16.450000762939453,0.1684942390240228,346
GT,1966080240.6708076,weekly,2022-02-05,75394000.0,1647,0,8,"[{'date': Timestamp('2022-02-05 00:00:00'), 'volume': 75394000.0}, {'date': Timestamp('2021-02-20 00:00:00'), 'volume': 63075000.0}, {'date': Timestamp('2020-03-14 00:00:00'), 'volume': 58896800.0}, {'date': Timestamp('2020-02-08 00:00:00'), 'volume': 45681000.0}, {'date': Timestamp('2020-02-01 00:00:00'), 'volume': 19407000.0}, {'date': Timestamp('2020-01-25 00:00:00'), 'volume': 17403100.0}, {'date': Timestamp('2020-01-11 00:00:00'), 'volume': 13043200.0}, {'date': Timestamp('2020-01-04 00:00:00'), 'volume': 12591800.0}]",2026-08-10,65675122.0,6.110000133514404,0.8710921558744728,346
BST,1697460800.0,weekly,2022-01-24,1649000.0,1659,0,8,"[{'date': Timestamp('2022-01-24 00:00:00'), 'volume': 1649000.0}, {'date': Timestamp('2021-07-12 00:00:00'), 'volume': 1607400.0}, {'date': Timestamp('2020-03-23 00:00:00'), 'volume': 1496951.0}, {'date': Timestamp('2020-03-16 00:00:00'), 'volume': 1463150.0}, {'date': Timestamp('2020-02-24 00:00:00'), 'volume': 1413258.0}, {'date': Timestamp('2020-01-27 00:00:00'), 'volume': 511161.0}, {'date': Timestamp('2020-01-13 00:00:00'), 'volume': 467138.0}, {'date': Timestamp('2020-01-06 00:00:00'), 'volume': 440119.0}]",2026-08-10,424115.0,49.81999969482422,0.2571952698605215,345
AIO,959254238.0,weekly,2022-01-10,1847200.0,1673,0,8,"[{'date': Timestamp('2022-01-10 00:00:00'), 'volume': 1847200.0}, {'date': Timestamp('2020-03-23 00:00:00'), 'volume': 1183400.0}, {'date': Timestamp('2020-03-16 00:00:00'), 'volume': 1159500.0}, {'date': Timestamp('2020-03-09 00:00:00'), 'volume': 1037800.0}, {'date': Timestamp('2020-03-02 00:00:00'), 'volume': 942200.0}, {'date': Timestamp('2020-02-24 00:00:00'), 'volume': 739600.0}, {'date': Timestamp('2020-01-13 00:00:00'), 'volume': 529900.0}, {'date': Timestamp('2020-01-06 00:00:00'), 'volume': 285100.0}]",2026-08-10,358594.0,26.56999969482422,0.1941284105673451,345
VALU,364975826.4534213,weekly,2022-01-08,199200.0,1675,0,10,"[{'date': Timestamp('2022-01-08 00:00:00'), 'volume': 199200.0}, {'date': Timestamp('2022-01-01 00:00:00'), 'volume': 139400.0}, {'date': Timestamp('2021-11-06 00:00:00'), 'volume': 131600.0}, {'date': Timestamp('2021-09-18 00:00:00'), 'volume': 114800.0}, {'date': Timestamp('2021-09-11 00:00:00'), 'volume': 78500.0}, {'date': Timestamp('2021-08-14 00:00:00'), 'volume': 73300.0}, {'date': Timestamp('2020-03-28 00:00:00'), 'volume': 61300.0}, {'date': Timestamp('2020-02-22 00:00:00'), 'volume': 53700.0}, {'date': Timestamp('2020-01-11 00:00:00'), 'volume': 44100.0}, {'date': Timestamp('2020-01-04 00:00:00'), 'volume': 25200.0}]",2026-08-10,28507.0,37.56999969482422,0.1431074297188755,346
FTK,801693045.3589392,weekly,2021-12-27,19221367.0,1687,0,7,"[{'date': Timestamp('2021-12-27 00:00:00'), 'volume': 19221367.0}, {'date': Timestamp('2020-06-22 00:00:00'), 'volume': 1551350.0}, {'date': Timestamp('2020-05-18 00:00:00'), 'volume': 1094501.0}, {'date': Timestamp('2020-03-09 00:00:00'), 'volume': 840418.0}, {'date': Timestamp('2020-03-02 00:00:00'), 'volume': 738666.0}, {'date': Timestamp('2020-02-24 00:00:00'), 'volume': 513950.0}, {'date': Timestamp('2020-01-06 00:00:00'), 'volume': 436400.0}]",2026-08-10,3312757.0,35.83000183105469,0.1723476275126529,345
MTRX,390216492.4746744,weekly,2021-12-25,10848000.0,1689,0,6,"[{'date': Timestamp('2021-12-25 00:00:00'), 'volume': 10848000.0}, {'date': Timestamp('2021-01-09 00:00:00'), 'volume': 3017300.0}, {'date': Timestamp('2020-12-12 00:00:00'), 'volume': 2216400.0}, {'date': Timestamp('2020-02-01 00:00:00'), 'volume': 2041200.0}, {'date': Timestamp('2020-01-11 00:00:00'), 'volume': 575200.0}, {'date': Timestamp('2020-01-04 00:00:00'), 'volume': 488800.0}]",2026-08-10,813428.0,11.90999984741211,0.0749841445427728,346
INNV,1464595693.4492753,weekly,2021-12-20,15009000.0,1694,0,3,"[{'date': Timestamp('2021-12-20 00:00:00'), 'volume': 15009000.0}, {'date': Timestamp('2021-09-20 00:00:00'), 'volume': 11919100.0}, {'date': Timestamp('2021-03-01 00:00:00'), 'volume': 10250500.0}]",2026-08-10,901128.0,10.609999656677246,0.0600391764941035,285
UFCS,1348231568.4626122,weekly,2021-12-11,1262200.0,1703,0,10,"[{'date': Timestamp('2021-12-11 00:00:00'), 'volume': 1262200.0}, {'date': Timestamp('2021-02-20 00:00:00'), 'volume': 866700.0}, {'date': Timestamp('2020-12-12 00:00:00'), 'volume': 826300.0}, {'date': Timestamp('2020-10-31 00:00:00'), 'volume': 667500.0}, {'date': Timestamp('2020-09-12 00:00:00'), 'volume': 644100.0}, {'date': Timestamp('2020-03-14 00:00:00'), 'volume': 542200.0}, {'date': Timestamp('2020-02-29 00:00:00'), 'volume': 350700.0}, {'date': Timestamp('2020-02-22 00:00:00'), 'volume': 341500.0}, {'date': Timestamp('2020-01-11 00:00:00'), 'volume': 340900.0}, {'date': Timestamp('2020-01-04 00:00:00'), 'volume': 260100.0}]",2026-08-10,618114.0,54.27999877929688,0.4897116146411028,346
CET,1539814023.0,weekly,2021-12-11,704200.0,1703,0,7,"[{'date': Timestamp('2021-12-11 00:00:00'), 'volume': 704200.0}, {'date': Timestamp('2020-03-14 00:00:00'), 'volume': 660200.0}, {'date': Timestamp('2020-03-07 00:00:00'), 'volume': 364300.0}, {'date': Timestamp('2020-02-29 00:00:00'), 'volume': 191200.0}, {'date': Timestamp('2020-02-22 00:00:00'), 'volume': 180100.0}, {'date': Timestamp('2020-01-25 00:00:00'), 'volume': 112900.0}, {'date': Timestamp('2020-01-04 00:00:00'), 'volume': 85500.0}]",2026-08-10,230101.0,55.15999984741211,0.3267551831865947,346
PFBC,1403826703.9688752,weekly,2021-12-11,1262000.0,1703,0,4,"[{'date': Timestamp('2021-12-11 00:00:00'), 'volume': 1262000.0}, {'date': Timestamp('2020-03-14 00:00:00'), 'volume': 1219400.0}, {'date': Timestamp('2020-01-11 00:00:00'), 'volume': 832100.0}, {'date': Timestamp('2020-01-04 00:00:00'), 'volume': 400800.0}]",2026-08-10,475713.0,107.9000015258789,0.3769516640253565,346
AGRO,1357942746.2086022,weekly,2021-11-29,22129900.0,1715,0,5,"[{'date': Timestamp('2021-11-29 00:00:00'), 'volume': 22129900.0}, {'date': Timestamp('2021-05-24 00:00:00'), 'volume': 19151900.0}, {'date': Timestamp('2020-03-16 00:00:00'), 'volume': 8616600.0}, {'date': Timestamp('2020-03-09 00:00:00'), 'volume': 3341000.0}, {'date': Timestamp('2020-01-06 00:00:00'), 'volume': 1515500.0}]",2026-08-10,5358884.0,8.90999984741211,0.2421558163389802,345
ARDX,1371013093.069307,weekly,2021-11-29,620659300.0,1715,0,12,"[{'date': Timestamp('2021-11-29 00:00:00'), 'volume': 620659300.0}, {'date': Timestamp('2021-07-19 00:00:00'), 'volume': 261386400.0}, {'date': Timestamp('2021-04-12 00:00:00'), 'volume': 29124800.0}, {'date': Timestamp('2021-04-05 00:00:00'), 'volume': 11463500.0}, {'date': Timestamp('2021-03-22 00:00:00'), 'volume': 8345700.0}, {'date': Timestamp('2020-12-14 00:00:00'), 'volume': 8197200.0}, {'date': Timestamp('2020-09-14 00:00:00'), 'volume': 6402400.0}, {'date': Timestamp('2020-06-15 00:00:00'), 'volume': 5973500.0}, {'date': Timestamp('2020-03-16 00:00:00'), 'volume': 5946900.0}, {'date': Timestamp('2020-02-10 00:00:00'), 'volume': 5440000.0}, {'date': Timestamp('2020-01-13 00:00:00'), 'volume': 3613100.0}, {'date': Timestamp('2020-01-06 00:00:00'), 'volume': 2803000.0}]",2026-08-10,36231365.0,4.059999942779541,0.0583756096138412,345
RSKD,744857869.8940936,weekly,2021-11-15,17909800.0,1729,0,2,"[{'date': Timestamp('2021-11-15 00:00:00'), 'volume': 17909800.0}, {'date': Timestamp('2021-07-26 00:00:00'), 'volume': 12757200.0}]",2026-08-10,15752322.0,6.539999961853027,0.8795364549017857,264
DAKT,943002947.881295,weekly,2021-11-13,10378900.0,1731,0,8,"[{'date': Timestamp('2021-11-13 00:00:00'), 'volume': 10378900.0}, {'date': Timestamp('2021-11-06 00:00:00'), 'volume': 3571400.0}, {'date': Timestamp('2021-03-06 00:00:00'), 'volume': 2664100.0}, {'date': Timestamp('2020-12-12 00:00:00'), 'volume': 2535300.0}, {'date': Timestamp('2020-03-21 00:00:00'), 'volume': 2107500.0}, {'date': Timestamp('2020-03-14 00:00:00'), 'volume': 1594600.0}, {'date': Timestamp('2020-02-22 00:00:00'), 'volume': 1576000.0}, {'date': Timestamp('2020-01-04 00:00:00'), 'volume': 740900.0}]",2026-08-10,2130278.0,20.40999984741211,0.205250845465319,346
PUBM,587508083.5056473,weekly,2021-11-08,22367700.0,1736,0,3,"[{'date': Timestamp('2021-11-08 00:00:00'), 'volume': 22367700.0}, {'date': Timestamp('2021-06-07 00:00:00'), 'volume': 15229500.0}, {'date': Timestamp('2020-12-07 00:00:00'), 'volume': 10889000.0}]",2026-08-10,4747641.0,17.59000015258789,0.2122543220805,297
TCBX,676624573.6684015,weekly,2021-11-08,1789500.0,1736,0,1,"[{'date': Timestamp('2021-11-08 00:00:00'), 'volume': 1789500.0}]",2026-08-10,345098.0,46.130001068115234,0.1928460463816708,249
MRAM,509984793.0975274,weekly,2021-11-08,93511100.0,1736,0,8,"[{'date': Timestamp('2021-11-08 00:00:00'), 'volume': 93511100.0}, {'date': Timestamp('2020-05-04 00:00:00'), 'volume': 21218500.0}, {'date': Timestamp('2020-03-09 00:00:00'), 'volume': 2651500.0}, {'date': Timestamp('2020-03-02 00:00:00'), 'volume': 1071400.0}, {'date': Timestamp('2020-02-10 00:00:00'), 'volume': 811700.0}, {'date': Timestamp('2020-01-20 00:00:00'), 'volume': 562300.0}, {'date': Timestamp('2020-01-13 00:00:00'), 'volume': 510900.0}, {'date': Timestamp('2020-01-06 00:00:00'), 'volume': 181200.0}]",2026-08-10,6912912.0,18.8799991607666,0.073926111445593,345
PSFE,380296263.95173454,weekly,2021-11-08,30838692.0,1736,0,7,"[{'date': Timestamp('2021-11-08 00:00:00'), 'volume': 30838692.0}, {'date': Timestamp('2020-12-07 00:00:00'), 'volume': 18165550.0}, {'date': Timestamp('2020-11-02 00:00:00'), 'volume': 1051401.0}, {'date': Timestamp('2020-10-26 00:00:00'), 'volume': 291191.0}, {'date': Timestamp('2020-10-19 00:00:00'), 'volume': 127800.0}, {'date': Timestamp('2020-10-12 00:00:00'), 'volume': 45901.0}, {'date': Timestamp('2020-10-05 00:00:00'), 'volume': 4275.0}]",2026-08-10,4840586.0,6.639999866485596,0.1569646987621913,306
ANIP,1921993135.6928437,weekly,2021-11-01,6736300.0,1743,0,5,"[{'date': Timestamp('2021-11-01 00:00:00'), 'volume': 6736300.0}, {'date': Timestamp('2020-06-01 00:00:00'), 'volume': 1252300.0}, {'date': Timestamp('2020-03-02 00:00:00'), 'volume': 890000.0}, {'date': Timestamp('2020-02-24 00:00:00'), 'volume': 614800.0}, {'date': Timestamp('2020-01-06 00:00:00'), 'volume': 611400.0}]",2026-08-10,2304751.0,76.54000091552734,0.3421390080608049,345
CDRO,438329951.8454936,weekly,2021-11-01,1786200.0,1743,0,5,"[{'date': Timestamp('2021-11-01 00:00:00'), 'volume': 1786200.0}, {'date': Timestamp('2021-06-21 00:00:00'), 'volume': 1048600.0}, {'date': Timestamp('2021-02-22 00:00:00'), 'volume': 599100.0}, {'date': Timestamp('2021-02-01 00:00:00'), 'volume': 397100.0}, {'date': Timestamp('2021-01-25 00:00:00'), 'volume': 97600.0}]",2026-08-10,131174.0,9.170000076293944,0.0734374650095174,290
NRDS,597452979.1633373,weekly,2021-11-01,16389900.0,1743,0,1,"[{'date': Timestamp('2021-11-01 00:00:00'), 'volume': 16389900.0}]",2026-08-10,4496611.0,9.84000015258789,0.2743525585879108,250
MEGI,788520155.25,weekly,2021-10-25,6821900.0,1750,0,1,"[{'date': Timestamp('2021-10-25 00:00:00'), 'volume': 6821900.0}]",2026-08-10,581951.0,15.279999732971191,0.0853062929682346,251
MSB,324720237.8439425,weekly,2021-10-23,1993100.0,1752,0,6,"[{'date': Timestamp('2021-10-23 00:00:00'), 'volume': 1993100.0}, {'date': Timestamp('2021-10-16 00:00:00'), 'volume': 1061300.0}, {'date': Timestamp('2020-04-11 00:00:00'), 'volume': 820000.0}, {'date': Timestamp('2020-03-14 00:00:00'), 'volume': 747100.0}, {'date': Timestamp('2020-01-11 00:00:00'), 'volume': 623500.0}, {'date': Timestamp('2020-01-04 00:00:00'), 'volume': 280000.0}]",2026-08-10,195637.0,22.959999084472656,0.0981571421403843,346
TREE,567608725.1143757,weekly,2021-10-18,5040900.0,1757,0,7,"[{'date': Timestamp('2021-10-18 00:00:00'), 'volume': 5040900.0}, {'date': Timestamp('2020-11-16 00:00:00'), 'volume': 4489800.0}, {'date': Timestamp('2020-11-02 00:00:00'), 'volume': 1916100.0}, {'date': Timestamp('2020-03-30 00:00:00'), 'volume': 1820200.0}, {'date': Timestamp('2020-02-24 00:00:00'), 'volume': 1598000.0}, {'date': Timestamp('2020-02-03 00:00:00'), 'volume': 516700.0}, {'date': Timestamp('2020-01-06 00:00:00'), 'volume': 507500.0}]",2026-08-10,2333578.0,32.59000015258789,0.4629288420718522,345
CVLG,1132946216.964856,weekly,2021-10-16,5528200.0,1759,0,6,"[{'date': Timestamp('2021-10-16 00:00:00'), 'volume': 5528200.0}, {'date': Timestamp('2020-05-23 00:00:00'), 'volume': 3150400.0}, {'date': Timestamp('2020-03-14 00:00:00'), 'volume': 3068400.0}, {'date': Timestamp('2020-01-25 00:00:00'), 'volume': 2974400.0}, {'date': Timestamp('2020-01-18 00:00:00'), 'volume': 2013800.0}, {'date': Timestamp('2020-01-04 00:00:00'), 'volume': 1976800.0}]",2026-08-10,919840.0,34.900001525878906,0.1663905068557577,346
SLVM,1563219590.3995943,weekly,2021-10-04,10591300.0,1771,0,3,"[{'date': Timestamp('2021-10-04 00:00:00'), 'volume': 10591300.0}, {'date': Timestamp('2021-09-27 00:00:00'), 'volume': 9820800.0}, {'date': Timestamp('2021-09-20 00:00:00'), 'volume': 18900.0}]",2026-08-10,1332746.0,38.38999938964844,0.1258340335936098,256
TBPH,908879449.8142612,weekly,2021-09-13,26310400.0,1792,0,6,"[{'date': Timestamp('2021-09-13 00:00:00'), 'volume': 26310400.0}, {'date': Timestamp('2021-08-23 00:00:00'), 'volume': 20523800.0}, {'date': Timestamp('2020-02-10 00:00:00'), 'volume': 5794400.0}, {'date': Timestamp('2020-02-03 00:00:00'), 'volume': 1869700.0}, {'date': Timestamp('2020-01-27 00:00:00'), 'volume': 1760000.0}, {'date': Timestamp('2020-01-06 00:00:00'), 'volume': 1317900.0}]",2026-08-10,2090340.0,16.969999313354492,0.0794491911943566,345
SB,650671812.3136364,weekly,2021-09-13,23001600.0,1792,0,15,"[{'date': Timestamp('2021-09-13 00:00:00'), 'volume': 23001600.0}, {'date': Timestamp('2021-05-03 00:00:00'), 'volume': 15579800.0}, {'date': Timestamp('2021-04-26 00:00:00'), 'volume': 9557100.0}, {'date': Timestamp('2021-03-15 00:00:00'), 'volume': 6752300.0}, {'date': Timestamp('2021-02-15 00:00:00'), 'volume': 5942000.0}, {'date': Timestamp('2021-02-08 00:00:00'), 'volume': 5321500.0}, {'date': Timestamp('2021-02-01 00:00:00'), 'volume': 4751100.0}, {'date': Timestamp('2021-01-11 00:00:00'), 'volume': 3640400.0}, {'date': Timestamp('2021-01-04 00:00:00'), 'volume': 2824200.0}, {'date': Timestamp('2020-03-16 00:00:00'), 'volume': 2642300.0}, {'date': Timestamp('2020-02-24 00:00:00'), 'volume': 2492900.0}, {'date': Timestamp('2020-02-03 00:00:00'), 'volume': 1981900.0}, {'date': Timestamp('2020-01-27 00:00:00'), 'volume': 1637800.0}, {'date': Timestamp('2020-01-13 00:00:00'), 'volume': 1281800.0}, {'date': Timestamp('2020-01-06 00:00:00'), 'volume': 994700.0}]",2026-08-10,3491697.0,7.75,0.1518023528797996,345
CHSCP,327662400.0,weekly,2021-09-13,314200.0,1792,0,6,"[{'date': Timestamp('2021-09-13 00:00:00'), 'volume': 314200.0}, {'date': Timestamp('2020-06-15 00:00:00'), 'volume': 307400.0}, {'date': Timestamp('2020-03-16 00:00:00'), 'volume': 256100.0}, {'date': Timestamp('2020-03-09 00:00:00'), 'volume': 194800.0}, {'date': Timestamp('2020-02-24 00:00:00'), 'volume': 168700.0}, {'date': Timestamp('2020-01-06 00:00:00'), 'volume': 110300.0}]",2026-08-10,106404.0,26.700000762939453,0.3386505410566518,345
ARKO,864951899.5397038,weekly,2021-09-13,15974900.0,1792,0,4,"[{'date': Timestamp('2021-09-13 00:00:00'), 'volume': 15974900.0}, {'date': Timestamp('2020-12-21 00:00:00'), 'volume': 13903300.0}, {'date': Timestamp('2020-03-16 00:00:00'), 'volume': 5200300.0}, {'date': Timestamp('2020-01-06 00:00:00'), 'volume': 1579700.0}]",2026-08-10,12009212.0,4.849999904632568,0.7517550657594101,345
HCSG,1668765002.3237412,weekly,2021-09-11,19239400.0,1794,0,6,"[{'date': Timestamp('2021-09-11 00:00:00'), 'volume': 19239400.0}, {'date': Timestamp('2020-03-14 00:00:00'), 'volume': 11426200.0}, {'date': Timestamp('2020-03-07 00:00:00'), 'volume': 7136900.0}, {'date': Timestamp('2020-02-08 00:00:00'), 'volume': 4270500.0}, {'date': Timestamp('2020-01-25 00:00:00'), 'volume': 3196100.0}, {'date': Timestamp('2020-01-04 00:00:00'), 'volume': 2580500.0}]",2026-08-10,4575331.0,21.59000015258789,0.2378104826553842,346
DDI,558962782.0,weekly,2021-08-30,5159700.0,1806,0,1,"[{'date': Timestamp('2021-08-30 00:00:00'), 'volume': 5159700.0}]",2026-08-10,819203.0,12.920000076293944,0.1587695021028354,259
XERS,1327617452.8310812,weekly,2021-08-23,120708800.0,1813,0,7,"[{'date': Timestamp('2021-08-23 00:00:00'), 'volume': 120708800.0}, {'date': Timestamp('2021-05-31 00:00:00'), 'volume': 38081300.0}, {'date': Timestamp('2020-08-10 00:00:00'), 'volume': 37016400.0}, {'date': Timestamp('2020-06-29 00:00:00'), 'volume': 27631900.0}, {'date': Timestamp('2020-06-22 00:00:00'), 'volume': 23663100.0}, {'date': Timestamp('2020-02-10 00:00:00'), 'volume': 10188100.0}, {'date': Timestamp('2020-01-06 00:00:00'), 'volume': 2864100.0}]",2026-08-10,9695220.0,8.600000381469727,0.0803190819559137,345
NEWT,423937559.6396396,weekly,2021-08-02,7187300.0,1834,0,7,"[{'date': Timestamp('2021-08-02 00:00:00'), 'volume': 7187300.0}, {'date': Timestamp('2020-03-23 00:00:00'), 'volume': 3292300.0}, {'date': Timestamp('2020-03-16 00:00:00'), 'volume': 2793500.0}, {'date': Timestamp('2020-03-02 00:00:00'), 'volume': 2571800.0}, {'date': Timestamp('2020-02-24 00:00:00'), 'volume': 2191700.0}, {'date': Timestamp('2020-01-27 00:00:00'), 'volume': 1306900.0}, {'date': Timestamp('2020-01-06 00:00:00'), 'volume': 1148200.0}]",2026-08-10,1336084.0,13.020000457763672,0.1858951205598764,345
WKC,1731705689.673812,weekly,2021-07-31,18050300.0,1836,0,6,"[{'date': Timestamp('2021-07-31 00:00:00'), 'volume': 18050300.0}, {'date': Timestamp('2020-03-07 00:00:00'), 'volume': 7659000.0}, {'date': Timestamp('2020-02-22 00:00:00'), 'volume': 3760300.0}, {'date': Timestamp('2020-02-15 00:00:00'), 'volume': 1870300.0}, {'date': Timestamp('2020-01-11 00:00:00'), 'volume': 1862600.0}, {'date': Timestamp('2020-01-04 00:00:00'), 'volume': 1685600.0}]",2026-08-10,5113736.0,36.11000061035156,0.2833047650177559,346
LKFN,1561583533.8319273,weekly,2021-07-31,6776500.0,1836,0,8,"[{'date': Timestamp('2021-07-31 00:00:00'), 'volume': 6776500.0}, {'date': Timestamp('2021-07-24 00:00:00'), 'volume': 3013000.0}, {'date': Timestamp('2020-06-13 00:00:00'), 'volume': 1372700.0}, {'date': Timestamp('2020-03-07 00:00:00'), 'volume': 1292300.0}, {'date': Timestamp('2020-02-22 00:00:00'), 'volume': 784200.0}, {'date': Timestamp('2020-01-25 00:00:00'), 'volume': 498600.0}, {'date': Timestamp('2020-01-11 00:00:00'), 'volume': 343900.0}, {'date': Timestamp('2020-01-04 00:00:00'), 'volume': 226200.0}]",2026-08-10,1043317.0,62.4900016784668,0.1539610418357559,346
STRA,1783027762.9878604,weekly,2021-07-31,6304900.0,1836,0,6,"[{'date': Timestamp('2021-07-31 00:00:00'), 'volume': 6304900.0}, {'date': Timestamp('2020-06-13 00:00:00'), 'volume': 5027400.0}, {'date': Timestamp('2020-03-14 00:00:00'), 'volume': 1185900.0}, {'date': Timestamp('2020-02-22 00:00:00'), 'volume': 832000.0}, {'date': Timestamp('2020-01-11 00:00:00'), 'volume': 646400.0}, {'date': Timestamp('2020-01-04 00:00:00'), 'volume': 425900.0}]",2026-08-10,1550351.0,82.33000183105469,0.2458962077114625,346
DAO,1315539796.0,weekly,2021-07-26,14709600.0,1841,0,6,"[{'date': Timestamp('2021-07-26 00:00:00'), 'volume': 14709600.0}, {'date': Timestamp('2021-02-08 00:00:00'), 'volume': 7654400.0}, {'date': Timestamp('2020-08-31 00:00:00'), 'volume': 5781800.0}, {'date': Timestamp('2020-02-10 00:00:00'), 'volume': 4611300.0}, {'date': Timestamp('2020-02-03 00:00:00'), 'volume': 1623700.0}, {'date': Timestamp('2020-01-06 00:00:00'), 'volume': 364500.0}]",2026-08-10,279664.0,17.950000762939453,0.0190123456790123,345
TBLD,679139121.7,weekly,2021-07-26,3211100.0,1841,0,1,"[{'date': Timestamp('2021-07-26 00:00:00'), 'volume': 3211100.0}]",2026-08-10,152055.0,22.449499130249023,0.0473529320170658,264
SAM,1998027339.2544253,weekly,2021-07-17,4162800.0,1850,0,8,"[{'date': Timestamp('2021-07-17 00:00:00'), 'volume': 4162800.0}, {'date': Timestamp('2021-05-22 00:00:00'), 'volume': 1973600.0}, {'date': Timestamp('2020-06-20 00:00:00'), 'volume': 1508200.0}, {'date': Timestamp('2020-02-15 00:00:00'), 'volume': 1416700.0}, {'date': Timestamp('2020-02-08 00:00:00'), 'volume': 776900.0}, {'date': Timestamp('2020-02-01 00:00:00'), 'volume': 754500.0}, {'date': Timestamp('2020-01-11 00:00:00'), 'volume': 697400.0}, {'date': Timestamp('2020-01-04 00:00:00'), 'volume': 606500.0}]",2026-08-10,876155.0,185.7700042724609,0.2104725184971653,346
BCX,833282433.0,weekly,2021-07-12,7368400.0,1855,0,6,"[{'date': Timestamp('2021-07-12 00:00:00'), 'volume': 7368400.0}, {'date': Timestamp('2020-03-16 00:00:00'), 'volume': 5499300.0}, {'date': Timestamp('2020-03-09 00:00:00'), 'volume': 5093100.0}, {'date': Timestamp('2020-02-24 00:00:00'), 'volume': 4494400.0}, {'date': Timestamp('2020-01-13 00:00:00'), 'volume': 2244200.0}, {'date': Timestamp('2020-01-06 00:00:00'), 'volume': 1730600.0}]",2026-08-10,736785.0,12.649999618530272,0.0999925356929591,345
IRMD,1201094030.2090125,weekly,2021-07-12,1152400.0,1855,0,5,"[{'date': Timestamp('2021-07-12 00:00:00'), 'volume': 1152400.0}, {'date': Timestamp('2020-06-22 00:00:00'), 'volume': 544000.0}, {'date': Timestamp('2020-03-30 00:00:00'), 'volume': 395400.0}, {'date': Timestamp('2020-02-03 00:00:00'), 'volume': 378000.0}, {'date': Timestamp('2020-01-06 00:00:00'), 'volume': 265000.0}]",2026-08-10,703054.0,86.94999694824219,0.6100780978826796,345
ARL,347268926.79351217,weekly,2021-07-10,9339000.0,1857,0,9,"[{'date': Timestamp('2021-07-10 00:00:00'), 'volume': 9339000.0}, {'date': Timestamp('2021-06-19 00:00:00'), 'volume': 204800.0}, {'date': Timestamp('2020-06-20 00:00:00'), 'volume': 201100.0}, {'date': Timestamp('2020-06-13 00:00:00'), 'volume': 66500.0}, {'date': Timestamp('2020-03-14 00:00:00'), 'volume': 56000.0}, {'date': Timestamp('2020-03-07 00:00:00'), 'volume': 17600.0}, {'date': Timestamp('2020-02-22 00:00:00'), 'volume': 12200.0}, {'date': Timestamp('2020-01-11 00:00:00'), 'volume': 10500.0}, {'date': Timestamp('2020-01-04 00:00:00'), 'volume': 5300.0}]",2026-08-10,25300.0,15.0,0.0027090694935217,346
MSEX,1033277786.3173324,weekly,2021-07-10,6111000.0,1857,0,8,"[{'date': Timestamp('2021-07-10 00:00:00'), 'volume': 6111000.0}, {'date': Timestamp('2021-06-19 00:00:00'), 'volume': 2356100.0}, {'date': Timestamp('2021-02-20 00:00:00'), 'volume': 2178100.0}, {'date': Timestamp('2021-01-23 00:00:00'), 'volume': 2124700.0}, {'date': Timestamp('2020-03-14 00:00:00'), 'volume': 632400.0}, {'date': Timestamp('2020-03-07 00:00:00'), 'volume': 524300.0}, {'date': Timestamp('2020-02-29 00:00:00'), 'volume': 374500.0}, {'date': Timestamp('2020-01-04 00:00:00'), 'volume': 371900.0}]",2026-08-10,673200.0,58.72999954223633,0.1101620029455081,346
QFIN,1834309245.9865105,weekly,2021-07-05,43378600.0,1862,0,13,"[{'date': Timestamp('2021-07-05 00:00:00'), 'volume': 43378600.0}, {'date': Timestamp('2021-03-15 00:00:00'), 'volume': 28956000.0}, {'date': Timestamp('2021-02-08 00:00:00'), 'volume': 25636800.0}, {'date': Timestamp('2020-07-20 00:00:00'), 'volume': 18499500.0}, {'date': Timestamp('2020-07-06 00:00:00'), 'volume': 10564300.0}, {'date': Timestamp('2020-06-15 00:00:00'), 'volume': 7811500.0}, {'date': Timestamp('2020-04-27 00:00:00'), 'volume': 5004200.0}, {'date': Timestamp('2020-03-30 00:00:00'), 'volume': 4872600.0}, {'date': Timestamp('2020-03-09 00:00:00'), 'volume': 3878900.0}, {'date': Timestamp('2020-02-03 00:00:00'), 'volume': 3187500.0}, {'date': Timestamp('2020-01-20 00:00:00'), 'volume': 3159500.0}, {'date': Timestamp('2020-01-13 00:00:00'), 'volume': 2799400.0}, {'date': Timestamp('2020-01-06 00:00:00'), 'volume': 1998200.0}]",2026-08-10,9232453.0,12.270000457763672,0.2128342777314159,345
DMAC,352935900.4308943,weekly,2021-06-28,8044100.0,1869,0,10,"[{'date': Timestamp('2021-06-28 00:00:00'), 'volume': 8044100.0}, {'date': Timestamp('2020-11-23 00:00:00'), 'volume': 2438400.0}, {'date': Timestamp('2020-08-03 00:00:00'), 'volume': 1165300.0}, {'date': Timestamp('2020-06-15 00:00:00'), 'volume': 1142900.0}, {'date': Timestamp('2020-05-11 00:00:00'), 'volume': 1109500.0}, {'date': Timestamp('2020-02-24 00:00:00'), 'volume': 573400.0}, {'date': Timestamp('2020-02-17 00:00:00'), 'volume': 551700.0}, {'date': Timestamp('2020-02-10 00:00:00'), 'volume': 283500.0}, {'date': Timestamp('2020-01-13 00:00:00'), 'volume': 266700.0}, {'date': Timestamp('2020-01-06 00:00:00'), 'volume': 119000.0}]",2026-08-10,766674.0,6.679999828338623,0.0953088599097475,345
EVCM,1647410962.6739128,weekly,2021-06-28,12526400.0,1869,0,1,"[{'date': Timestamp('2021-06-28 00:00:00'), 'volume': 12526400.0}]",2026-08-10,843896.0,10.1899995803833,0.0673693958359943,268
TATT,607091470.7110604,weekly,2021-06-26,39450500.0,1871,0,10,"[{'date': Timestamp('2021-06-26 00:00:00'), 'volume': 39450500.0}, {'date': Timestamp('2021-01-02 00:00:00'), 'volume': 31723900.0}, {'date': Timestamp('2020-09-19 00:00:00'), 'volume': 18815900.0}, {'date': Timestamp('2020-09-05 00:00:00'), 'volume': 238900.0}, {'date': Timestamp('2020-08-15 00:00:00'), 'volume': 140300.0}, {'date': Timestamp('2020-07-04 00:00:00'), 'volume': 57300.0}, {'date': Timestamp('2020-04-04 00:00:00'), 'volume': 18900.0}, {'date': Timestamp('2020-03-14 00:00:00'), 'volume': 18200.0}, {'date': Timestamp('2020-02-22 00:00:00'), 'volume': 12400.0}, {'date': Timestamp('2020-01-04 00:00:00'), 'volume': 11400.0}]",2026-08-10,1196519.0,41.68999862670898,0.0303296282683362,346
FVCB,315663778.6697513,weekly,2021-06-21,2361250.0,1876,0,5,"[{'date': Timestamp('2021-06-21 00:00:00'), 'volume': 2361250.0}, {'date': Timestamp('2020-03-09 00:00:00'), 'volume': 409000.0}, {'date': Timestamp('2020-02-24 00:00:00'), 'volume': 325625.0}, {'date': Timestamp('2020-02-17 00:00:00'), 'volume': 204500.0}, {'date': Timestamp('2020-01-06 00:00:00'), 'volume': 196625.0}]",2026-08-10,241923.0,18.780000686645508,0.1024554790894653,345
ISTR,412152301.4419552,weekly,2021-06-21,1924500.0,1876,0,8,"[{'date': Timestamp('2021-06-21 00:00:00'), 'volume': 1924500.0}, {'date': Timestamp('2020-03-16 00:00:00'), 'volume': 438300.0}, {'date': Timestamp('2020-03-02 00:00:00'), 'volume': 302200.0}, {'date': Timestamp('2020-02-10 00:00:00'), 'volume': 93900.0}, {'date': Timestamp('2020-02-03 00:00:00'), 'volume': 91200.0}, {'date': Timestamp('2020-01-27 00:00:00'), 'volume': 64400.0}, {'date': Timestamp('2020-01-13 00:00:00'), 'volume': 50800.0}, {'date': Timestamp('2020-01-06 00:00:00'), 'volume': 35300.0}]",2026-08-10,502035.0,30.950000762939453,0.2608651597817615,345
PCB,399568687.816458,weekly,2021-06-21,2303200.0,1876,0,7,"[{'date': Timestamp('2021-06-21 00:00:00'), 'volume': 2303200.0}, {'date': Timestamp('2021-05-17 00:00:00'), 'volume': 598100.0}, {'date': Timestamp('2020-08-10 00:00:00'), 'volume': 538500.0}, {'date': Timestamp('2020-02-03 00:00:00'), 'volume': 511700.0}, {'date': Timestamp('2020-01-27 00:00:00'), 'volume': 278700.0}, {'date': Timestamp('2020-01-13 00:00:00'), 'volume': 210500.0}, {'date': Timestamp('2020-01-06 00:00:00'), 'volume': 87100.0}]",2026-08-10,151266.0,28.43000030517578,0.0656764501563042,345
PKBK,385830973.7837837,weekly,2021-06-21,1686600.0,1876,0,7,"[{'date': Timestamp('2021-06-21 00:00:00'), 'volume': 1686600.0}, {'date': Timestamp('2020-03-16 00:00:00'), 'volume': 574800.0}, {'date': Timestamp('2020-03-09 00:00:00'), 'volume': 170900.0}, {'date': Timestamp('2020-02-03 00:00:00'), 'volume': 135520.0}, {'date': Timestamp('2020-01-27 00:00:00'), 'volume': 129030.0}, {'date': Timestamp('2020-01-20 00:00:00'), 'volume': 116600.0}, {'date': Timestamp('2020-01-06 00:00:00'), 'volume': 76230.0}]",2026-08-10,257152.0,35.130001068115234,0.1524676864698209,345
FBIZ,533589822.8854101,weekly,2021-06-21,1442200.0,1876,0,10,"[{'date': Timestamp('2021-06-21 00:00:00'), 'volume': 1442200.0}, {'date': Timestamp('2021-06-14 00:00:00'), 'volume': 299500.0}, {'date': Timestamp('2021-06-07 00:00:00'), 'volume': 270800.0}, {'date': Timestamp('2020-04-06 00:00:00'), 'volume': 203800.0}, {'date': Timestamp('2020-03-16 00:00:00'), 'volume': 164400.0}, {'date': Timestamp('2020-03-09 00:00:00'), 'volume': 98600.0}, {'date': Timestamp('2020-02-24 00:00:00'), 'volume': 82600.0}, {'date': Timestamp('2020-01-27 00:00:00'), 'volume': 73700.0}, {'date': Timestamp('2020-01-13 00:00:00'), 'volume': 64000.0}, {'date': Timestamp('2020-01-06 00:00:00'), 'volume': 63000.0}]",2026-08-10,239856.0,71.44000244140625,0.1663125780058244,345
BWFG,476556995.8197344,weekly,2021-06-21,1103700.0,1876,0,8,"[{'date': Timestamp('2021-06-21 00:00:00'), 'volume': 1103700.0}, {'date': Timestamp('2020-06-08 00:00:00'), 'volume': 268400.0}, {'date': Timestamp('2020-05-18 00:00:00'), 'volume': 198400.0}, {'date': Timestamp('2020-03-09 00:00:00'), 'volume': 192700.0}, {'date': Timestamp('2020-02-03 00:00:00'), 'volume': 118500.0}, {'date': Timestamp('2020-01-27 00:00:00'), 'volume': 67000.0}, {'date': Timestamp('2020-01-13 00:00:00'), 'volume': 63200.0}, {'date': Timestamp('2020-01-06 00:00:00'), 'volume': 51600.0}]",2026-08-10,377743.0,68.12999725341797,0.3422515176225423,345
PLBC,410005134.005943,weekly,2021-06-21,779400.0,1876,0,11,"[{'date': Timestamp('2021-06-21 00:00:00'), 'volume': 779400.0}, {'date': Timestamp('2020-06-22 00:00:00'), 'volume': 665500.0}, {'date': Timestamp('2020-06-15 00:00:00'), 'volume': 88800.0}, {'date': Timestamp('2020-06-08 00:00:00'), 'volume': 80900.0}, {'date': Timestamp('2020-04-13 00:00:00'), 'volume': 77500.0}, {'date': Timestamp('2020-03-02 00:00:00'), 'volume': 68600.0}, {'date': Timestamp('2020-02-24 00:00:00'), 'volume': 56300.0}, {'date': Timestamp('2020-02-10 00:00:00'), 'volume': 33500.0}, {'date': Timestamp('2020-01-27 00:00:00'), 'volume': 24600.0}, {'date': Timestamp('2020-01-13 00:00:00'), 'volume': 19400.0}, {'date': Timestamp('2020-01-06 00:00:00'), 'volume': 18600.0}]",2026-08-10,279654.0,63.08000183105469,0.3588067744418783,345
BSVN,471873427.6778622,weekly,2021-06-21,606300.0,1876,0,4,"[{'date': Timestamp('2021-06-21 00:00:00'), 'volume': 606300.0}, {'date': Timestamp('2020-03-23 00:00:00'), 'volume': 523600.0}, {'date': Timestamp('2020-03-09 00:00:00'), 'volume': 353800.0}, {'date': Timestamp('2020-01-06 00:00:00'), 'volume': 167700.0}]",2026-08-10,197130.0,52.290000915527344,0.3251360712518555,345
QUAD,435162349.2204234,weekly,2021-06-21,8021000.0,1876,0,4,"[{'date': Timestamp('2021-06-21 00:00:00'), 'volume': 8021000.0}, {'date': Timestamp('2020-12-14 00:00:00'), 'volume': 6111700.0}, {'date': Timestamp('2020-02-17 00:00:00'), 'volume': 4887000.0}, {'date': Timestamp('2020-01-06 00:00:00'), 'volume': 2181000.0}]",2026-08-10,3202749.0,9.9399995803833,0.3992954743797531,345
NBN,1059277644.0492898,weekly,2021-06-19,1486900.0,1878,0,8,"[{'date': Timestamp('2021-06-19 00:00:00'), 'volume': 1486900.0}, {'date': Timestamp('2020-07-18 00:00:00'), 'volume': 507800.0}, {'date': Timestamp('2020-03-21 00:00:00'), 'volume': 425100.0}, {'date': Timestamp('2020-03-14 00:00:00'), 'volume': 352400.0}, {'date': Timestamp('2020-03-07 00:00:00'), 'volume': 340600.0}, {'date': Timestamp('2020-02-22 00:00:00'), 'volume': 169000.0}, {'date': Timestamp('2020-01-11 00:00:00'), 'volume': 78200.0}, {'date': Timestamp('2020-01-04 00:00:00'), 'volume': 68500.0}]",2026-08-10,581062.0,134.9199981689453,0.3907875445557872,346
LYTS,975081378.6865672,weekly,2021-06-19,5329800.0,1878,0,9,"[{'date': Timestamp('2021-06-19 00:00:00'), 'volume': 5329800.0}, {'date': Timestamp('2020-06-20 00:00:00'), 'volume': 3953500.0}, {'date': Timestamp('2020-04-11 00:00:00'), 'volume': 2146200.0}, {'date': Timestamp('2020-03-14 00:00:00'), 'volume': 1049200.0}, {'date': Timestamp('2020-02-22 00:00:00'), 'volume': 989200.0}, {'date': Timestamp('2020-02-01 00:00:00'), 'volume': 789600.0}, {'date': Timestamp('2020-01-25 00:00:00'), 'volume': 565900.0}, {'date': Timestamp('2020-01-11 00:00:00'), 'volume': 546700.0}, {'date': Timestamp('2020-01-04 00:00:00'), 'volume': 409200.0}]",2026-08-10,1569253.0,24.86000061035156,0.2944299973732598,346
ACNB,617011677.619113,weekly,2021-06-19,1441400.0,1878,0,7,"[{'date': Timestamp('2021-06-19 00:00:00'), 'volume': 1441400.0}, {'date': Timestamp('2020-03-14 00:00:00'), 'volume': 251100.0}, {'date': Timestamp('2020-02-01 00:00:00'), 'volume': 236700.0}, {'date': Timestamp('2020-01-25 00:00:00'), 'volume': 106300.0}, {'date': Timestamp('2020-01-18 00:00:00'), 'volume': 42300.0}, {'date': Timestamp('2020-01-11 00:00:00'), 'volume': 39200.0}, {'date': Timestamp('2020-01-04 00:00:00'), 'volume': 39000.0}]",2026-08-10,260439.0,64.93000030517578,0.1806847509365894,346
SWBI,681193197.1835564,weekly,2021-06-19,50615200.0,1878,0,9,"[{'date': Timestamp('2021-06-19 00:00:00'), 'volume': 50615200.0}, {'date': Timestamp('2020-06-13 00:00:00'), 'volume': 31548339.0}, {'date': Timestamp('2020-05-30 00:00:00'), 'volume': 22075369.0}, {'date': Timestamp('2020-03-14 00:00:00'), 'volume': 14163076.0}, {'date': Timestamp('2020-03-07 00:00:00'), 'volume': 14014893.0}, {'date': Timestamp('2020-02-29 00:00:00'), 'volume': 13421246.0}, {'date': Timestamp('2020-02-22 00:00:00'), 'volume': 7783103.0}, {'date': Timestamp('2020-01-25 00:00:00'), 'volume': 5244331.0}, {'date': Timestamp('2020-01-04 00:00:00'), 'volume': 3735431.0}]",2026-08-10,2279007.0,14.329999923706056,0.0450261383932099,346
MLP,395702933.6098655,weekly,2021-06-19,1049100.0,1878,0,8,"[{'date': Timestamp('2021-06-19 00:00:00'), 'volume': 1049100.0}, {'date': Timestamp('2020-06-13 00:00:00'), 'volume': 318500.0}, {'date': Timestamp('2020-05-09 00:00:00'), 'volume': 300900.0}, {'date': Timestamp('2020-03-14 00:00:00'), 'volume': 279300.0}, {'date': Timestamp('2020-02-08 00:00:00'), 'volume': 185700.0}, {'date': Timestamp('2020-02-01 00:00:00'), 'volume': 80500.0}, {'date': Timestamp('2020-01-25 00:00:00'), 'volume': 50600.0}, {'date': Timestamp('2020-01-04 00:00:00'), 'volume': 35900.0}]",2026-08-10,130447.0,15.279999732971191,0.1243418167953483,346
TSBK,350692317.86086553,weekly,2021-06-19,1224200.0,1878,0,7,"[{'date': Timestamp('2021-06-19 00:00:00'), 'volume': 1224200.0}, {'date': Timestamp('2021-03-13 00:00:00'), 'volume': 235600.0}, {'date': Timestamp('2020-08-08 00:00:00'), 'volume': 231700.0}, {'date': Timestamp('2020-03-07 00:00:00'), 'volume': 175300.0}, {'date': Timestamp('2020-02-22 00:00:00'), 'volume': 105900.0}, {'date': Timestamp('2020-01-11 00:00:00'), 'volume': 94800.0}, {'date': Timestamp('2020-01-04 00:00:00'), 'volume': 46000.0}]",2026-08-10,153405.0,46.04999923706055,0.1253104067962751,346
GCBC,558946656.1080459,weekly,2021-06-19,954600.0,1878,0,7,"[{'date': Timestamp('2021-06-19 00:00:00'), 'volume': 954600.0}, {'date': Timestamp('2020-03-14 00:00:00'), 'volume': 156400.0}, {'date': Timestamp('2020-03-07 00:00:00'), 'volume': 129800.0}, {'date': Timestamp('2020-02-22 00:00:00'), 'volume': 63600.0}, {'date': Timestamp('2020-02-08 00:00:00'), 'volume': 22600.0}, {'date': Timestamp('2020-01-11 00:00:00'), 'volume': 18600.0}, {'date': Timestamp('2020-01-04 00:00:00'), 'volume': 18000.0}]",2026-08-10,145437.0,34.970001220703125,0.1523538654934003,346
CASS,663765156.6971707,weekly,2021-06-19,1092100.0,1878,0,8,"[{'date': Timestamp('2021-06-19 00:00:00'), 'volume': 1092100.0}, {'date': Timestamp('2021-03-13 00:00:00'), 'volume': 672000.0}, {'date': Timestamp('2020-03-14 00:00:00'), 'volume': 541600.0}, {'date': Timestamp('2020-03-07 00:00:00'), 'volume': 467500.0}, {'date': Timestamp('2020-02-29 00:00:00'), 'volume': 236900.0}, {'date': Timestamp('2020-01-25 00:00:00'), 'volume': 233400.0}, {'date': Timestamp('2020-01-11 00:00:00'), 'volume': 212600.0}, {'date': Timestamp('2020-01-04 00:00:00'), 'volume': 200000.0}]",2026-08-10,363632.0,58.40999984741211,0.3329658456185331,346
WEYS,362509628.670416,weekly,2021-06-19,1214200.0,1878,0,8,"[{'date': Timestamp('2021-06-19 00:00:00'), 'volume': 1214200.0}, {'date': Timestamp('2021-03-13 00:00:00'), 'volume': 337700.0}, {'date': Timestamp('2021-03-06 00:00:00'), 'volume': 275500.0}, {'date': Timestamp('2020-03-14 00:00:00'), 'volume': 222400.0}, {'date': Timestamp('2020-03-07 00:00:00'), 'volume': 132400.0}, {'date': Timestamp('2020-02-22 00:00:00'), 'volume': 127400.0}, {'date': Timestamp('2020-01-11 00:00:00'), 'volume': 86300.0}, {'date': Timestamp('2020-01-04 00:00:00'), 'volume': 71900.0}]",2026-08-10,158851.0,45.2599983215332,0.130827705485093,346
CHMG,364281999.0571774,weekly,2021-06-19,720200.0,1878,0,10,"[{'date': Timestamp('2021-06-19 00:00:00'), 'volume': 720200.0}, {'date': Timestamp('2021-02-27 00:00:00'), 'volume': 122400.0}, {'date': Timestamp('2020-10-24 00:00:00'), 'volume': 97700.0}, {'date': Timestamp('2020-05-30 00:00:00'), 'volume': 82600.0}, {'date': Timestamp('2020-03-14 00:00:00'), 'volume': 79700.0}, {'date': Timestamp('2020-03-07 00:00:00'), 'volume': 67100.0}, {'date': Timestamp('2020-02-01 00:00:00'), 'volume': 61100.0}, {'date': Timestamp('2020-01-18 00:00:00'), 'volume': 51300.0}, {'date': Timestamp('2020-01-11 00:00:00'), 'volume': 39800.0}, {'date': Timestamp('2020-01-04 00:00:00'), 'volume': 26500.0}]",2026-08-10,240720.0,83.91999816894531,0.3342404887531241,346
THFF,923524629.6090896,weekly,2021-06-19,1230100.0,1878,0,7,"[{'date': Timestamp('2021-06-19 00:00:00'), 'volume': 1230100.0}, {'date': Timestamp('2020-06-20 00:00:00'), 'volume': 707200.0}, {'date': Timestamp('2020-03-14 00:00:00'), 'volume': 513600.0}, {'date': Timestamp('2020-03-07 00:00:00'), 'volume': 430600.0}, {'date': Timestamp('2020-02-22 00:00:00'), 'volume': 315200.0}, {'date': Timestamp('2020-02-08 00:00:00'), 'volume': 178800.0}, {'date': Timestamp('2020-01-04 00:00:00'), 'volume': 150900.0}]",2026-08-10,481927.0,82.05999755859375,0.3917787171774652,346
UNTY,597835299.0376252,weekly,2021-06-19,1355800.0,1878,0,11,"[{'date': Timestamp('2021-06-19 00:00:00'), 'volume': 1355800.0}, {'date': Timestamp('2021-03-06 00:00:00'), 'volume': 387100.0}, {'date': Timestamp('2020-05-02 00:00:00'), 'volume': 214700.0}, {'date': Timestamp('2020-04-04 00:00:00'), 'volume': 172200.0}, {'date': Timestamp('2020-03-21 00:00:00'), 'volume': 169800.0}, {'date': Timestamp('2020-03-07 00:00:00'), 'volume': 118100.0}, {'date': Timestamp('2020-02-29 00:00:00'), 'volume': 96400.0}, {'date': Timestamp('2020-02-22 00:00:00'), 'volume': 69900.0}, {'date': Timestamp('2020-02-01 00:00:00'), 'volume': 42400.0}, {'date': Timestamp('2020-01-11 00:00:00'), 'volume': 40100.0}, {'date': Timestamp('2020-01-04 00:00:00'), 'volume': 39800.0}]",2026-08-10,313634.0,61.81999969482422,0.2313276294438707,346
CRSR,920255845.7113634,weekly,2021-06-14,96359700.0,1883,0,5,"[{'date': Timestamp('2021-06-14 00:00:00'), 'volume': 96359700.0}, {'date': Timestamp('2021-01-25 00:00:00'), 'volume': 36698500.0}, {'date': Timestamp('2020-11-30 00:00:00'), 'volume': 27995500.0}, {'date': Timestamp('2020-10-19 00:00:00'), 'volume': 22842200.0}, {'date': Timestamp('2020-09-21 00:00:00'), 'volume': 19894000.0}]",2026-08-10,13430614.0,12.989999771118164,0.1393799897675065,308
PBFS,421290256.5661254,weekly,2021-06-07,411600.0,1890,0,4,"[{'date': Timestamp('2021-06-07 00:00:00'), 'volume': 411600.0}, {'date': Timestamp('2020-08-31 00:00:00'), 'volume': 306100.0}, {'date': Timestamp('2020-03-16 00:00:00'), 'volume': 286700.0}, {'date': Timestamp('2020-01-06 00:00:00'), 'volume': 231300.0}]",2026-08-10,29785.0,17.420000076293945,0.0723639455782313,345
NEXT,1976847881.2715056,weekly,2021-06-07,153069700.0,1890,0,14,"[{'date': Timestamp('2021-06-07 00:00:00'), 'volume': 153069700.0}, {'date': Timestamp('2021-03-22 00:00:00'), 'volume': 29403600.0}, {'date': Timestamp('2020-09-14 00:00:00'), 'volume': 16060200.0}, {'date': Timestamp('2020-09-07 00:00:00'), 'volume': 10371200.0}, {'date': Timestamp('2020-06-22 00:00:00'), 'volume': 2475000.0}, {'date': Timestamp('2020-06-15 00:00:00'), 'volume': 1132000.0}, {'date': Timestamp('2020-06-08 00:00:00'), 'volume': 1014300.0}, {'date': Timestamp('2020-06-01 00:00:00'), 'volume': 802500.0}, {'date': Timestamp('2020-05-18 00:00:00'), 'volume': 559000.0}, {'date': Timestamp('2020-03-02 00:00:00'), 'volume': 433100.0}, {'date': Timestamp('2020-02-24 00:00:00'), 'volume': 186300.0}, {'date': Timestamp('2020-01-20 00:00:00'), 'volume': 176600.0}, {'date': Timestamp('2020-01-13 00:00:00'), 'volume': 118500.0}, {'date': Timestamp('2020-01-06 00:00:00'), 'volume': 101900.0}]",2026-08-10,14129655.0,7.190000057220459,0.0923086345632087,345
NMM,1960446113.010899,weekly,2021-05-24,4881300.0,1904,0,13,"[{'date': Timestamp('2021-05-24 00:00:00'), 'volume': 4881300.0}, {'date': Timestamp('2021-04-05 00:00:00'), 'volume': 4657500.0}, {'date': Timestamp('2021-03-22 00:00:00'), 'volume': 2900100.0}, {'date': Timestamp('2021-03-01 00:00:00'), 'volume': 2397800.0}, {'date': Timestamp('2021-02-01 00:00:00'), 'volume': 1796300.0}, {'date': Timestamp('2021-01-11 00:00:00'), 'volume': 1667600.0}, {'date': Timestamp('2020-07-27 00:00:00'), 'volume': 1354800.0}, {'date': Timestamp('2020-04-27 00:00:00'), 'volume': 1226800.0}, {'date': Timestamp('2020-03-09 00:00:00'), 'volume': 1027700.0}, {'date': Timestamp('2020-02-10 00:00:00'), 'volume': 700000.0}, {'date': Timestamp('2020-01-27 00:00:00'), 'volume': 638900.0}, {'date': Timestamp('2020-01-20 00:00:00'), 'volume': 451300.0}, {'date': Timestamp('2020-01-06 00:00:00'), 'volume': 431000.0}]",2026-08-10,720134.0,81.87999725341797,0.1475291418269723,345
TRC,509299834.1960997,weekly,2021-05-22,1968700.0,1906,0,6,"[{'date': Timestamp('2021-05-22 00:00:00'), 'volume': 1968700.0}, {'date': Timestamp('2020-12-12 00:00:00'), 'volume': 959100.0}, {'date': Timestamp('2020-03-14 00:00:00'), 'volume': 909200.0}, {'date': Timestamp('2020-03-07 00:00:00'), 'volume': 773900.0}, {'date': Timestamp('2020-02-22 00:00:00'), 'volume': 581200.0}, {'date': Timestamp('2020-01-04 00:00:00'), 'volume': 399000.0}]",2026-08-10,1144680.0,16.350000381469727,0.5814395286229491,346
YALA,775513964.0,weekly,2021-05-17,23500500.0,1911,0,4,"[{'date': Timestamp('2021-05-17 00:00:00'), 'volume': 23500500.0}, {'date': Timestamp('2021-01-25 00:00:00'), 'volume': 23255100.0}, {'date': Timestamp('2020-11-30 00:00:00'), 'volume': 21181800.0}, {'date': Timestamp('2020-09-28 00:00:00'), 'volume': 16842100.0}]",2026-08-10,1176105.0,5.480000019073486,0.0500459564690113,307
LPTH,824424905.8085105,weekly,2021-05-15,46759600.0,1913,0,7,"[{'date': Timestamp('2021-05-15 00:00:00'), 'volume': 46759600.0}, {'date': Timestamp('2020-08-08 00:00:00'), 'volume': 12324900.0}, {'date': Timestamp('2020-08-01 00:00:00'), 'volume': 8766500.0}, {'date': Timestamp('2020-03-07 00:00:00'), 'volume': 8526900.0}, {'date': Timestamp('2020-02-01 00:00:00'), 'volume': 7496100.0}, {'date': Timestamp('2020-01-25 00:00:00'), 'volume': 330700.0}, {'date': Timestamp('2020-01-04 00:00:00'), 'volume': 300500.0}]",2026-08-10,21777559.0,15.170000076293944,0.4657345015782855,346
LQDT,1218874282.5448349,weekly,2021-05-10,6577200.0,1918,0,14,"[{'date': Timestamp('2021-05-10 00:00:00'), 'volume': 6577200.0}, {'date': Timestamp('2020-12-07 00:00:00'), 'volume': 5351100.0}, {'date': Timestamp('2020-10-05 00:00:00'), 'volume': 3740700.0}, {'date': Timestamp('2020-08-10 00:00:00'), 'volume': 2916400.0}, {'date': Timestamp('2020-06-15 00:00:00'), 'volume': 2056900.0}, {'date': Timestamp('2020-06-08 00:00:00'), 'volume': 1589000.0}, {'date': Timestamp('2020-06-01 00:00:00'), 'volume': 1372700.0}, {'date': Timestamp('2020-04-27 00:00:00'), 'volume': 1105500.0}, {'date': Timestamp('2020-03-16 00:00:00'), 'volume': 989800.0}, {'date': Timestamp('2020-03-02 00:00:00'), 'volume': 982400.0}, {'date': Timestamp('2020-02-24 00:00:00'), 'volume': 633100.0}, {'date': Timestamp('2020-02-10 00:00:00'), 'volume': 467900.0}, {'date': Timestamp('2020-01-13 00:00:00'), 'volume': 391400.0}, {'date': Timestamp('2020-01-06 00:00:00'), 'volume': 246300.0}]",2026-08-10,1308509.0,43.470001220703125,0.1989462081128747,345
MCFT,621879313.0713729,weekly,2021-05-10,4489600.0,1918,0,7,"[{'date': Timestamp('2021-05-10 00:00:00'), 'volume': 4489600.0}, {'date': Timestamp('2021-05-03 00:00:00'), 'volume': 3864000.0}, {'date': Timestamp('2020-09-07 00:00:00'), 'volume': 3721800.0}, {'date': Timestamp('2020-03-23 00:00:00'), 'volume': 3354900.0}, {'date': Timestamp('2020-02-03 00:00:00'), 'volume': 1803600.0}, {'date': Timestamp('2020-01-27 00:00:00'), 'volume': 1097800.0}, {'date': Timestamp('2020-01-06 00:00:00'), 'volume': 913000.0}]",2026-08-10,644538.0,24.979999542236328,0.1435624554526015,345
FSBC,1035460774.5615432,weekly,2021-05-03,2618000.0,1925,0,1,"[{'date': Timestamp('2021-05-03 00:00:00'), 'volume': 2618000.0}]",2026-08-10,678648.0,46.75,0.2592238349885408,276
RSVR,659900206.6369047,weekly,2021-04-26,3214300.0,1932,0,8,"[{'date': Timestamp('2021-04-26 00:00:00'), 'volume': 3214300.0}, {'date': Timestamp('2021-04-12 00:00:00'), 'volume': 2503700.0}, {'date': Timestamp('2021-03-01 00:00:00'), 'volume': 1828400.0}, {'date': Timestamp('2021-02-22 00:00:00'), 'volume': 1119600.0}, {'date': Timestamp('2021-02-08 00:00:00'), 'volume': 1052000.0}, {'date': Timestamp('2021-01-25 00:00:00'), 'volume': 545300.0}, {'date': Timestamp('2021-01-11 00:00:00'), 'volume': 492700.0}, {'date': Timestamp('2021-01-04 00:00:00'), 'volume': 137600.0}]",2026-08-10,266180.0,9.960000038146973,0.0828111875058333,293
PANL,446129788.5,weekly,2021-04-26,7263300.0,1932,0,12,"[{'date': Timestamp('2021-04-26 00:00:00'), 'volume': 7263300.0}, {'date': Timestamp('2021-04-19 00:00:00'), 'volume': 4170900.0}, {'date': Timestamp('2021-03-15 00:00:00'), 'volume': 2456300.0}, {'date': Timestamp('2020-06-22 00:00:00'), 'volume': 1132500.0}, {'date': Timestamp('2020-06-08 00:00:00'), 'volume': 254300.0}, {'date': Timestamp('2020-04-20 00:00:00'), 'volume': 208800.0}, {'date': Timestamp('2020-03-16 00:00:00'), 'volume': 180600.0}, {'date': Timestamp('2020-03-09 00:00:00'), 'volume': 122000.0}, {'date': Timestamp('2020-02-24 00:00:00'), 'volume': 75600.0}, {'date': Timestamp('2020-01-20 00:00:00'), 'volume': 55400.0}, {'date': Timestamp('2020-01-13 00:00:00'), 'volume': 36100.0}, {'date': Timestamp('2020-01-06 00:00:00'), 'volume': 20500.0}]",2026-08-10,2048588.0,7.440000057220459,0.2820464527143309,345
UTL,968265381.6741704,weekly,2021-04-24,4818800.0,1934,0,6,"[{'date': Timestamp('2021-04-24 00:00:00'), 'volume': 4818800.0}, {'date': Timestamp('2020-11-14 00:00:00'), 'volume': 888400.0}, {'date': Timestamp('2020-11-07 00:00:00'), 'volume': 816800.0}, {'date': Timestamp('2020-03-14 00:00:00'), 'volume': 576700.0}, {'date': Timestamp('2020-03-07 00:00:00'), 'volume': 574900.0}, {'date': Timestamp('2020-01-04 00:00:00'), 'volume': 407400.0}]",2026-08-10,430010.0,54.560001373291016,0.0892359093550261,346
NPCE,561524020.2176039,weekly,2021-04-19,4688400.0,1939,0,1,"[{'date': Timestamp('2021-04-19 00:00:00'), 'volume': 4688400.0}]",2026-08-10,843380.0,14.770000457763672,0.1798865284532036,278
TIPT,667244538.152425,weekly,2021-04-19,12781300.0,1939,0,9,"[{'date': Timestamp('2021-04-19 00:00:00'), 'volume': 12781300.0}, {'date': Timestamp('2021-03-15 00:00:00'), 'volume': 1851100.0}, {'date': Timestamp('2020-12-14 00:00:00'), 'volume': 772200.0}, {'date': Timestamp('2020-04-27 00:00:00'), 'volume': 571900.0}, {'date': Timestamp('2020-03-16 00:00:00'), 'volume': 343300.0}, {'date': Timestamp('2020-03-09 00:00:00'), 'volume': 240300.0}, {'date': Timestamp('2020-02-24 00:00:00'), 'volume': 159500.0}, {'date': Timestamp('2020-02-03 00:00:00'), 'volume': 148300.0}, {'date': Timestamp('2020-01-06 00:00:00'), 'volume': 103600.0}]",2026-08-10,1028391.0,18.049999237060547,0.0804605947751793,345
KRT,633249509.068211,weekly,2021-04-12,2134400.0,1946,0,1,"[{'date': Timestamp('2021-04-12 00:00:00'), 'volume': 2134400.0}]",2026-08-10,1176047.0,47.90999984741211,0.5509965329835083,279
IGIC,1150741925.0574975,weekly,2021-04-05,6978200.0,1953,0,5,"[{'date': Timestamp('2021-04-05 00:00:00'), 'volume': 6978200.0}, {'date': Timestamp('2020-02-24 00:00:00'), 'volume': 1340100.0}, {'date': Timestamp('2020-02-17 00:00:00'), 'volume': 896500.0}, {'date': Timestamp('2020-01-13 00:00:00'), 'volume': 701600.0}, {'date': Timestamp('2020-01-06 00:00:00'), 'volume': 458900.0}]",2026-08-10,384501.0,27.209999084472656,0.0551003124014788,345
CIX,335063905.0,weekly,2021-04-03,233600.0,1955,0,11,"[{'date': Timestamp('2021-04-03 00:00:00'), 'volume': 233600.0}, {'date': Timestamp('2021-03-13 00:00:00'), 'volume': 173800.0}, {'date': Timestamp('2021-03-06 00:00:00'), 'volume': 142200.0}, {'date': Timestamp('2021-02-20 00:00:00'), 'volume': 93900.0}, {'date': Timestamp('2021-02-13 00:00:00'), 'volume': 84100.0}, {'date': Timestamp('2020-09-12 00:00:00'), 'volume': 78000.0}, {'date': Timestamp('2020-03-07 00:00:00'), 'volume': 74900.0}, {'date': Timestamp('2020-02-29 00:00:00'), 'volume': 12300.0}, {'date': Timestamp('2020-02-22 00:00:00'), 'volume': 11700.0}, {'date': Timestamp('2020-01-11 00:00:00'), 'volume': 8700.0}, {'date': Timestamp('2020-01-04 00:00:00'), 'volume': 7200.0}]",2026-08-10,46294.0,31.200000762939453,0.1981763698630137,346
OI,1488538672.8521276,weekly,2021-03-27,38889000.0,1962,0,3,"[{'date': Timestamp('2021-03-27 00:00:00'), 'volume': 38889000.0}, {'date': Timestamp('2020-03-07 00:00:00'), 'volume': 26930000.0}, {'date': Timestamp('2020-01-04 00:00:00'), 'volume': 16996400.0}]",2026-08-10,16056506.0,6.789999961853027,0.412880403198848,346
FNKO,324398995.18584067,weekly,2021-03-22,76690100.0,1967,0,3,"[{'date': Timestamp('2021-03-22 00:00:00'), 'volume': 76690100.0}, {'date': Timestamp('2020-02-03 00:00:00'), 'volume': 15730000.0}, {'date': Timestamp('2020-01-06 00:00:00'), 'volume': 6117100.0}]",2026-08-10,8427600.0,6.139999866485596,0.1098916287760741,345
SVRA,1209070614.0464346,weekly,2021-03-15,177483300.0,1974,0,4,"[{'date': Timestamp('2021-03-15 00:00:00'), 'volume': 177483300.0}, {'date': Timestamp('2021-03-08 00:00:00'), 'volume': 8463900.0}, {'date': Timestamp('2021-02-22 00:00:00'), 'volume': 7611600.0}, {'date': Timestamp('2020-01-06 00:00:00'), 'volume': 6213400.0}]",2026-08-10,7556178.0,5.380000114440918,0.0425740224573241,345
IMTX,1276599322.1627295,weekly,2021-03-15,41349500.0,1974,0,9,"[{'date': Timestamp('2021-03-15 00:00:00'), 'volume': 41349500.0}, {'date': Timestamp('2020-06-15 00:00:00'), 'volume': 2637700.0}, {'date': Timestamp('2020-06-01 00:00:00'), 'volume': 2422700.0}, {'date': Timestamp('2020-05-11 00:00:00'), 'volume': 1212500.0}, {'date': Timestamp('2020-05-04 00:00:00'), 'volume': 1001200.0}, {'date': Timestamp('2020-04-20 00:00:00'), 'volume': 581800.0}, {'date': Timestamp('2020-03-16 00:00:00'), 'volume': 515100.0}, {'date': Timestamp('2020-01-20 00:00:00'), 'volume': 376900.0}, {'date': Timestamp('2020-01-06 00:00:00'), 'volume': 14200.0}]",2026-08-10,1404177.0,9.4399995803833,0.0339587419436752,345
EPC,1277374331.9905846,weekly,2021-03-15,16535800.0,1974,0,4,"[{'date': Timestamp('2021-03-15 00:00:00'), 'volume': 16535800.0}, {'date': Timestamp('2020-02-10 00:00:00'), 'volume': 9946600.0}, {'date': Timestamp('2020-02-03 00:00:00'), 'volume': 7248200.0}, {'date': Timestamp('2020-01-06 00:00:00'), 'volume': 3266600.0}]",2026-08-10,2750180.0,28.420000076293945,0.1663167188766192,345
NGL,1989539735.905059,weekly,2021-03-15,43583100.0,1974,0,8,"[{'date': Timestamp('2021-03-15 00:00:00'), 'volume': 43583100.0}, {'date': Timestamp('2021-01-18 00:00:00'), 'volume': 30323300.0}, {'date': Timestamp('2020-03-16 00:00:00'), 'volume': 24439500.0}, {'date': Timestamp('2020-03-09 00:00:00'), 'volume': 22059400.0}, {'date': Timestamp('2020-03-02 00:00:00'), 'volume': 13186600.0}, {'date': Timestamp('2020-02-24 00:00:00'), 'volume': 11076200.0}, {'date': Timestamp('2020-02-03 00:00:00'), 'volume': 6912400.0}, {'date': Timestamp('2020-01-06 00:00:00'), 'volume': 5324100.0}]",2026-08-10,1977198.0,17.969999313354492,0.0453661625721896,345
MBI,331580593.4022801,weekly,2021-03-06,15668100.0,1983,0,6,"[{'date': Timestamp('2021-03-06 00:00:00'), 'volume': 15668100.0}, {'date': Timestamp('2020-09-12 00:00:00'), 'volume': 10279900.0}, {'date': Timestamp('2020-03-14 00:00:00'), 'volume': 8245500.0}, {'date': Timestamp('2020-03-07 00:00:00'), 'volume': 5109100.0}, {'date': Timestamp('2020-02-22 00:00:00'), 'volume': 4994800.0}, {'date': Timestamp('2020-01-04 00:00:00'), 'volume': 4323200.0}]",2026-08-10,2463231.0,5.170000076293945,0.1572131273096291,346
THW,519238863.00000006,weekly,2021-03-01,3240000.0,1988,0,4,"[{'date': Timestamp('2021-03-01 00:00:00'), 'volume': 3240000.0}, {'date': Timestamp('2020-03-16 00:00:00'), 'volume': 1669900.0}, {'date': Timestamp('2020-02-24 00:00:00'), 'volume': 1667400.0}, {'date': Timestamp('2020-01-06 00:00:00'), 'volume': 898800.0}]",2026-08-10,557720.0,13.989999771118164,0.1721358024691358,345
ZVRA,799235929.2214662,weekly,2021-03-01,89577300.0,1988,0,6,"[{'date': Timestamp('2021-03-01 00:00:00'), 'volume': 89577300.0}, {'date': Timestamp('2021-01-25 00:00:00'), 'volume': 31213500.0}, {'date': Timestamp('2021-01-11 00:00:00'), 'volume': 5857100.0}, {'date': Timestamp('2020-05-18 00:00:00'), 'volume': 3586400.0}, {'date': Timestamp('2020-03-02 00:00:00'), 'volume': 2148269.0}, {'date': Timestamp('2020-01-06 00:00:00'), 'volume': 998800.0}]",2026-08-10,3865965.0,11.31999969482422,0.0431578647715436,345
SSYS,704029634.9303721,weekly,2021-02-27,28569700.0,1990,0,9,"[{'date': Timestamp('2021-02-27 00:00:00'), 'volume': 28569700.0}, {'date': Timestamp('2021-01-02 00:00:00'), 'volume': 17171700.0}, {'date': Timestamp('2020-06-20 00:00:00'), 'volume': 12381300.0}, {'date': Timestamp('2020-05-30 00:00:00'), 'volume': 6742600.0}, {'date': Timestamp('2020-03-14 00:00:00'), 'volume': 6467700.0}, {'date': Timestamp('2020-02-22 00:00:00'), 'volume': 6262400.0}, {'date': Timestamp('2020-01-25 00:00:00'), 'volume': 3920000.0}, {'date': Timestamp('2020-01-11 00:00:00'), 'volume': 3150800.0}, {'date': Timestamp('2020-01-04 00:00:00'), 'volume': 2367800.0}]",2026-08-10,4378676.0,9.0,0.1532629324074106,346
GUT,578813416.0,weekly,2021-02-27,3264014.0,1990,0,8,"[{'date': Timestamp('2021-02-27 00:00:00'), 'volume': 3264014.0}, {'date': Timestamp('2020-03-14 00:00:00'), 'volume': 2554022.0}, {'date': Timestamp('2020-03-07 00:00:00'), 'volume': 1567934.0}, {'date': Timestamp('2020-02-22 00:00:00'), 'volume': 1561469.0}, {'date': Timestamp('2020-02-08 00:00:00'), 'volume': 889029.0}, {'date': Timestamp('2020-02-01 00:00:00'), 'volume': 638890.0}, {'date': Timestamp('2020-01-11 00:00:00'), 'volume': 568814.0}, {'date': Timestamp('2020-01-04 00:00:00'), 'volume': 520285.0}]",2026-08-10,933986.0,6.489999771118164,0.2861464442248103,346
MTUS,829642111.1398911,weekly,2021-02-22,59218500.0,1995,0,4,"[{'date': Timestamp('2021-02-22 00:00:00'), 'volume': 59218500.0}, {'date': Timestamp('2020-03-09 00:00:00'), 'volume': 3042700.0}, {'date': Timestamp('2020-02-24 00:00:00'), 'volume': 1555500.0}, {'date': Timestamp('2020-01-06 00:00:00'), 'volume': 1502200.0}]",2026-08-10,1414605.0,21.809999465942383,0.0238878897641784,345
RFMZ,328261657.4,weekly,2021-02-22,1662100.0,1995,0,1,"[{'date': Timestamp('2021-02-22 00:00:00'), 'volume': 1662100.0}]",2026-08-10,398984.0,13.399999618530272,0.2400481318813549,286
CNNE,636697922.9032259,weekly,2021-02-15,12087300.0,2002,0,9,"[{'date': Timestamp('2021-02-15 00:00:00'), 'volume': 12087300.0}, {'date': Timestamp('2020-06-29 00:00:00'), 'volume': 9361100.0}, {'date': Timestamp('2020-06-15 00:00:00'), 'volume': 9354500.0}, {'date': Timestamp('2020-06-08 00:00:00'), 'volume': 7745100.0}, {'date': Timestamp('2020-03-16 00:00:00'), 'volume': 6308000.0}, {'date': Timestamp('2020-03-02 00:00:00'), 'volume': 2707400.0}, {'date': Timestamp('2020-02-24 00:00:00'), 'volume': 2478200.0}, {'date': Timestamp('2020-02-03 00:00:00'), 'volume': 2052300.0}, {'date': Timestamp('2020-01-06 00:00:00'), 'volume': 1922500.0}]",2026-08-10,2644225.0,14.630000114440918,0.218760599968562,345
EOLS,469544384.9510489,weekly,2021-02-15,36039600.0,2002,0,4,"[{'date': Timestamp('2021-02-15 00:00:00'), 'volume': 36039600.0}, {'date': Timestamp('2020-07-06 00:00:00'), 'volume': 16091700.0}, {'date': Timestamp('2020-05-18 00:00:00'), 'volume': 15421300.0}, {'date': Timestamp('2020-01-06 00:00:00'), 'volume': 6227500.0}]",2026-08-10,7225211.0,8.154999732971191,0.2004797777999755,345
QUIK,337705649.6844107,weekly,2021-02-13,15090800.0,2004,0,4,"[{'date': Timestamp('2021-02-13 00:00:00'), 'volume': 15090800.0}, {'date': Timestamp('2021-02-06 00:00:00'), 'volume': 4155100.0}, {'date': Timestamp('2020-06-13 00:00:00'), 'volume': 1516100.0}, {'date': Timestamp('2020-01-04 00:00:00'), 'volume': 1084500.0}]",2026-08-10,2033383.0,12.760000228881836,0.1347432210353328,346
OPFI,1337076183.179487,weekly,2021-02-08,20274600.0,2009,0,5,"[{'date': Timestamp('2021-02-08 00:00:00'), 'volume': 20274600.0}, {'date': Timestamp('2021-01-18 00:00:00'), 'volume': 2297000.0}, {'date': Timestamp('2021-01-04 00:00:00'), 'volume': 1556300.0}, {'date': Timestamp('2020-12-07 00:00:00'), 'volume': 1525900.0}, {'date': Timestamp('2020-11-16 00:00:00'), 'volume': 954000.0}]",2026-08-10,15185829.0,7.159999847412109,0.7490075759817703,300
DSP,772644920.232939,weekly,2021-02-08,15444600.0,2009,0,1,"[{'date': Timestamp('2021-02-08 00:00:00'), 'volume': 15444600.0}]",2026-08-10,2235502.0,13.010000228881836,0.1447432759670046,288
COLL,1186752039.3963835,weekly,2021-02-08,14581600.0,2009,0,4,"[{'date': Timestamp('2021-02-08 00:00:00'), 'volume': 14581600.0}, {'date': Timestamp('2020-02-10 00:00:00'), 'volume': 11499200.0}, {'date': Timestamp('2020-02-03 00:00:00'), 'volume': 4647100.0}, {'date': Timestamp('2020-01-06 00:00:00'), 'volume': 2230900.0}]",2026-08-10,5005378.0,28.229999542236328,0.3432667197015416,345
CRTO,875715447.0,weekly,2021-02-08,11412700.0,2009,0,3,"[{'date': Timestamp('2021-02-08 00:00:00'), 'volume': 11412700.0}, {'date': Timestamp('2020-01-13 00:00:00'), 'volume': 7454900.0}, {'date': Timestamp('2020-01-06 00:00:00'), 'volume': 1561300.0}]",2026-08-10,1713844.0,19.0,0.1501698984464675,345
PRLB,1919941479.227653,weekly,2021-01-25,6004200.0,2023,0,4,"[{'date': Timestamp('2021-01-25 00:00:00'), 'volume': 6004200.0}, {'date': Timestamp('2020-02-03 00:00:00'), 'volume': 3112900.0}, {'date': Timestamp('2020-01-13 00:00:00'), 'volume': 799200.0}, {'date': Timestamp('2020-01-06 00:00:00'), 'volume': 504500.0}]",2026-08-10,786022.0,91.87000274658205,0.1309120282468938,345
BBW,392923468.51687497,weekly,2021-01-25,14599200.0,2023,0,4,"[{'date': Timestamp('2021-01-25 00:00:00'), 'volume': 14599200.0}, {'date': Timestamp('2020-04-20 00:00:00'), 'volume': 2769900.0}, {'date': Timestamp('2020-01-13 00:00:00'), 'volume': 2665900.0}, {'date': Timestamp('2020-01-06 00:00:00'), 'volume': 380400.0}]",2026-08-10,1992382.0,38.34000015258789,0.1364719984656693,345
VINP,636821594.7471385,weekly,2021-01-25,7566700.0,2023,0,1,"[{'date': Timestamp('2021-01-25 00:00:00'), 'volume': 7566700.0}]",2026-08-10,222390.0,9.529999732971191,0.029390619424584,290
GILT,893354807.1157097,weekly,2021-01-23,25546600.0,2025,0,6,"[{'date': Timestamp('2021-01-23 00:00:00'), 'volume': 25546600.0}, {'date': Timestamp('2021-01-16 00:00:00'), 'volume': 15756000.0}, {'date': Timestamp('2020-01-25 00:00:00'), 'volume': 13573400.0}, {'date': Timestamp('2020-01-18 00:00:00'), 'volume': 1096700.0}, {'date': Timestamp('2020-01-11 00:00:00'), 'volume': 343900.0}, {'date': Timestamp('2020-01-04 00:00:00'), 'volume': 87900.0}]",2026-08-10,2791701.0,11.510000228881836,0.1092787689946998,346
DCOM,1790566656.2844634,weekly,2021-01-23,5968400.0,2025,0,11,"[{'date': Timestamp('2021-01-23 00:00:00'), 'volume': 5968400.0}, {'date': Timestamp('2020-07-04 00:00:00'), 'volume': 985500.0}, {'date': Timestamp('2020-06-27 00:00:00'), 'volume': 559100.0}, {'date': Timestamp('2020-03-14 00:00:00'), 'volume': 515100.0}, {'date': Timestamp('2020-03-07 00:00:00'), 'volume': 441900.0}, {'date': Timestamp('2020-02-29 00:00:00'), 'volume': 355300.0}, {'date': Timestamp('2020-02-22 00:00:00'), 'volume': 268700.0}, {'date': Timestamp('2020-02-01 00:00:00'), 'volume': 240600.0}, {'date': Timestamp('2020-01-25 00:00:00'), 'volume': 228500.0}, {'date': Timestamp('2020-01-11 00:00:00'), 'volume': 185700.0}, {'date': Timestamp('2020-01-04 00:00:00'), 'volume': 133300.0}]",2026-08-10,1636433.0,40.959999084472656,0.2741828630788821,346
PAX,1773718404.4292278,weekly,2021-01-18,15585200.0,2030,0,1,"[{'date': Timestamp('2021-01-18 00:00:00'), 'volume': 15585200.0}]",2026-08-10,7512981.0,11.5,0.482058683879578,291
GNK,1027111084.0793178,weekly,2021-01-11,13080000.0,2037,0,9,"[{'date': Timestamp('2021-01-11 00:00:00'), 'volume': 13080000.0}, {'date': Timestamp('2021-01-04 00:00:00'), 'volume': 4546600.0}, {'date': Timestamp('2020-03-09 00:00:00'), 'volume': 2273000.0}, {'date': Timestamp('2020-02-24 00:00:00'), 'volume': 1615000.0}, {'date': Timestamp('2020-02-10 00:00:00'), 'volume': 1477400.0}, {'date': Timestamp('2020-02-03 00:00:00'), 'volume': 1157500.0}, {'date': Timestamp('2020-01-27 00:00:00'), 'volume': 1127100.0}, {'date': Timestamp('2020-01-20 00:00:00'), 'volume': 915600.0}, {'date': Timestamp('2020-01-06 00:00:00'), 'volume': 885800.0}]",2026-08-10,1925085.0,26.34000015258789,0.147177752293578,345
FLGT,566876457.5452675,weekly,2021-01-04,16454400.0,2044,0,15,"[{'date': Timestamp('2021-01-04 00:00:00'), 'volume': 16454400.0}, {'date': Timestamp('2020-12-28 00:00:00'), 'volume': 12243000.0}, {'date': Timestamp('2020-12-07 00:00:00'), 'volume': 11374900.0}, {'date': Timestamp('2020-11-09 00:00:00'), 'volume': 10905800.0}, {'date': Timestamp('2020-09-21 00:00:00'), 'volume': 10166400.0}, {'date': Timestamp('2020-08-31 00:00:00'), 'volume': 9851000.0}, {'date': Timestamp('2020-08-24 00:00:00'), 'volume': 7147800.0}, {'date': Timestamp('2020-08-17 00:00:00'), 'volume': 5143700.0}, {'date': Timestamp('2020-08-10 00:00:00'), 'volume': 4496100.0}, {'date': Timestamp('2020-08-03 00:00:00'), 'volume': 4286200.0}, {'date': Timestamp('2020-05-04 00:00:00'), 'volume': 3903600.0}, {'date': Timestamp('2020-03-16 00:00:00'), 'volume': 2823200.0}, {'date': Timestamp('2020-03-09 00:00:00'), 'volume': 2795700.0}, {'date': Timestamp('2020-02-03 00:00:00'), 'volume': 1688100.0}, {'date': Timestamp('2020-01-06 00:00:00'), 'volume': 1526700.0}]",2026-08-10,847535.0,18.559999465942383,0.0515081072539867,345
XNET,316162676.0,weekly,2021-01-04,96419200.0,2044,0,5,"[{'date': Timestamp('2021-01-04 00:00:00'), 'volume': 96419200.0}, {'date': Timestamp('2020-11-30 00:00:00'), 'volume': 29953500.0}, {'date': Timestamp('2020-08-03 00:00:00'), 'volume': 20941500.0}, {'date': Timestamp('2020-01-13 00:00:00'), 'volume': 7295600.0}, {'date': Timestamp('2020-01-06 00:00:00'), 'volume': 5051800.0}]",2026-08-10,1282508.0,5.25,0.0133013756596196,345
AZTA,1175366461.084044,weekly,2021-01-02,19272500.0,2046,0,7,"[{'date': Timestamp('2021-01-02 00:00:00'), 'volume': 19272500.0}, {'date': Timestamp('2020-03-28 00:00:00'), 'volume': 6227100.0}, {'date': Timestamp('2020-03-14 00:00:00'), 'volume': 4286300.0}, {'date': Timestamp('2020-03-07 00:00:00'), 'volume': 3443400.0}, {'date': Timestamp('2020-01-25 00:00:00'), 'volume': 2576600.0}, {'date': Timestamp('2020-01-11 00:00:00'), 'volume': 2154600.0}, {'date': Timestamp('2020-01-04 00:00:00'), 'volume': 1935300.0}]",2026-08-10,3443574.0,33.380001068115234,0.1786781164872227,346
NMCO,595435276.0,weekly,2020-12-28,2920400.0,2051,0,6,"[{'date': Timestamp('2020-12-28 00:00:00'), 'volume': 2920400.0}, {'date': Timestamp('2020-12-14 00:00:00'), 'volume': 2432000.0}, {'date': Timestamp('2020-03-09 00:00:00'), 'volume': 1873200.0}, {'date': Timestamp('2020-02-24 00:00:00'), 'volume': 1442700.0}, {'date': Timestamp('2020-01-20 00:00:00'), 'volume': 723900.0}, {'date': Timestamp('2020-01-06 00:00:00'), 'volume': 593200.0}]",2026-08-10,998217.0,10.609999656677246,0.3418083139295987,345
ATEX,1748428003.0596294,weekly,2020-12-21,3924600.0,2058,0,6,"[{'date': Timestamp('2020-12-21 00:00:00'), 'volume': 3924600.0}, {'date': Timestamp('2020-05-11 00:00:00'), 'volume': 1689100.0}, {'date': Timestamp('2020-04-20 00:00:00'), 'volume': 1622100.0}, {'date': Timestamp('2020-03-09 00:00:00'), 'volume': 982800.0}, {'date': Timestamp('2020-01-27 00:00:00'), 'volume': 919600.0}, {'date': Timestamp('2020-01-06 00:00:00'), 'volume': 572600.0}]",2026-08-10,2973632.0,91.52999877929688,0.757690465270346,345
ADV,585524130.1539192,weekly,2020-12-16,20118400.0,2063,0,6,"[{'date': Timestamp('2020-12-16 00:00:00'), 'volume': 20118400.0}, {'date': Timestamp('2020-12-09 00:00:00'), 'volume': 7378500.0}, {'date': Timestamp('2020-09-02 00:00:00'), 'volume': 6380000.0}, {'date': Timestamp('2020-05-06 00:00:00'), 'volume': 1943000.0}, {'date': Timestamp('2020-02-12 00:00:00'), 'volume': 409700.0}, {'date': Timestamp('2020-01-08 00:00:00'), 'volume': 301100.0}]",2026-08-10,455657.0,32.779998779296875,0.0226487692858279,346
ARVN,516169600.00000006,weekly,2020-12-14,38872500.0,2065,0,11,"[{'date': Timestamp('2020-12-14 00:00:00'), 'volume': 38872500.0}, {'date': Timestamp('2020-05-25 00:00:00'), 'volume': 6663300.0}, {'date': Timestamp('2020-05-11 00:00:00'), 'volume': 5525000.0}, {'date': Timestamp('2020-05-04 00:00:00'), 'volume': 3305300.0}, {'date': Timestamp('2020-03-16 00:00:00'), 'volume': 2835600.0}, {'date': Timestamp('2020-03-09 00:00:00'), 'volume': 2340200.0}, {'date': Timestamp('2020-02-24 00:00:00'), 'volume': 1948200.0}, {'date': Timestamp('2020-02-10 00:00:00'), 'volume': 1790200.0}, {'date': Timestamp('2020-02-03 00:00:00'), 'volume': 1742400.0}, {'date': Timestamp('2020-01-13 00:00:00'), 'volume': 1279200.0}, {'date': Timestamp('2020-01-06 00:00:00'), 'volume': 1064700.0}]",2026-08-10,3040095.0,8.970000267028809,0.0782068300212232,345
APOG,1044491180.2617704,weekly,2020-12-12,3033900.0,2067,0,7,"[{'date': Timestamp('2020-12-12 00:00:00'), 'volume': 3033900.0}, {'date': Timestamp('2020-09-12 00:00:00'), 'volume': 2661300.0}, {'date': Timestamp('2020-03-21 00:00:00'), 'volume': 2443300.0}, {'date': Timestamp('2020-03-14 00:00:00'), 'volume': 2048500.0}, {'date': Timestamp('2020-03-07 00:00:00'), 'volume': 1640500.0}, {'date': Timestamp('2020-02-22 00:00:00'), 'volume': 1412000.0}, {'date': Timestamp('2020-01-04 00:00:00'), 'volume': 1277300.0}]",2026-08-10,691829.0,42.58000183105469,0.2280328949536899,346
KIDS,521405395.4994903,weekly,2020-11-30,2270400.0,2079,0,7,"[{'date': Timestamp('2020-11-30 00:00:00'), 'volume': 2270400.0}, {'date': Timestamp('2020-06-15 00:00:00'), 'volume': 1885100.0}, {'date': Timestamp('2020-03-23 00:00:00'), 'volume': 1149800.0}, {'date': Timestamp('2020-03-16 00:00:00'), 'volume': 1083300.0}, {'date': Timestamp('2020-03-09 00:00:00'), 'volume': 1018300.0}, {'date': Timestamp('2020-03-02 00:00:00'), 'volume': 855500.0}, {'date': Timestamp('2020-01-06 00:00:00'), 'volume': 726700.0}]",2026-08-10,976812.0,24.799999237060547,0.430237843551797,345
ARLO,1360881000.6386418,weekly,2020-11-30,48960600.0,2079,0,7,"[{'date': Timestamp('2020-11-30 00:00:00'), 'volume': 48960600.0}, {'date': Timestamp('2020-08-03 00:00:00'), 'volume': 20221300.0}, {'date': Timestamp('2020-07-27 00:00:00'), 'volume': 19873900.0}, {'date': Timestamp('2020-07-20 00:00:00'), 'volume': 12119300.0}, {'date': Timestamp('2020-02-24 00:00:00'), 'volume': 7922500.0}, {'date': Timestamp('2020-02-03 00:00:00'), 'volume': 4366500.0}, {'date': Timestamp('2020-01-06 00:00:00'), 'volume': 3587700.0}]",2026-08-10,8249747.0,14.329999923706056,0.1684976695547031,345
APPN,1612879562.1100338,weekly,2020-11-30,18871900.0,2079,0,5,"[{'date': Timestamp('2020-11-30 00:00:00'), 'volume': 18871900.0}, {'date': Timestamp('2020-11-23 00:00:00'), 'volume': 13131300.0}, {'date': Timestamp('2020-02-17 00:00:00'), 'volume': 9979400.0}, {'date': Timestamp('2020-01-13 00:00:00'), 'volume': 8542400.0}, {'date': Timestamp('2020-01-06 00:00:00'), 'volume': 4509300.0}]",2026-08-10,3416795.0,35.40999984741211,0.1810519873462661,345
ESRT,925950213.7003891,weekly,2020-11-09,31918800.0,2100,0,10,"[{'date': Timestamp('2020-11-09 00:00:00'), 'volume': 31918800.0}, {'date': Timestamp('2020-05-25 00:00:00'), 'volume': 23055100.0}, {'date': Timestamp('2020-05-11 00:00:00'), 'volume': 22345100.0}, {'date': Timestamp('2020-05-04 00:00:00'), 'volume': 17650500.0}, {'date': Timestamp('2020-04-27 00:00:00'), 'volume': 16641700.0}, {'date': Timestamp('2020-03-02 00:00:00'), 'volume': 13626900.0}, {'date': Timestamp('2020-02-24 00:00:00'), 'volume': 10770900.0}, {'date': Timestamp('2020-02-17 00:00:00'), 'volume': 7108700.0}, {'date': Timestamp('2020-02-10 00:00:00'), 'volume': 6294800.0}, {'date': Timestamp('2020-01-06 00:00:00'), 'volume': 5231100.0}]",2026-08-10,9886644.0,4.75,0.3097435993834355,345
SSSS,308931965.40254235,weekly,2020-09-28,15315000.0,2114,0,7,"[{'date': Timestamp('2020-09-28 00:00:00'), 'volume': 15315000}, {'date': Timestamp('2020-07-13 00:00:00'), 'volume': 7126000}, {'date': Timestamp('2020-06-15 00:00:00'), 'volume': 2948400}, {'date': Timestamp('2020-02-10 00:00:00'), 'volume': 2259200}, {'date': Timestamp('2020-01-27 00:00:00'), 'volume': 556900}, {'date': Timestamp('2020-01-13 00:00:00'), 'volume': 537800}, {'date': Timestamp('2020-01-06 00:00:00'), 'volume': 515600}]",2026-07-13,336359.0,10.199999809265137,0.0219627162912177,341
HOV,870738401.9840711,weekly,2020-10-24,3202500.0,2116,0,9,"[{'date': Timestamp('2020-10-24 00:00:00'), 'volume': 3202500.0}, {'date': Timestamp('2020-06-06 00:00:00'), 'volume': 2158900.0}, {'date': Timestamp('2020-05-30 00:00:00'), 'volume': 1727800.0}, {'date': Timestamp('2020-04-04 00:00:00'), 'volume': 1667100.0}, {'date': Timestamp('2020-03-14 00:00:00'), 'volume': 1615900.0}, {'date': Timestamp('2020-03-07 00:00:00'), 'volume': 1373300.0}, {'date': Timestamp('2020-02-01 00:00:00'), 'volume': 995300.0}, {'date': Timestamp('2020-01-11 00:00:00'), 'volume': 943500.0}, {'date': Timestamp('2020-01-04 00:00:00'), 'volume': 843400.0}]",2026-08-10,748387.0,134.0500030517578,0.2336883684621389,346
JKS,854401113.0,weekly,2020-10-19,133440900.0,2121,0,9,"[{'date': Timestamp('2020-10-19 00:00:00'), 'volume': 133440900.0}, {'date': Timestamp('2020-10-12 00:00:00'), 'volume': 82157100.0}, {'date': Timestamp('2020-10-05 00:00:00'), 'volume': 81724200.0}, {'date': Timestamp('2020-09-21 00:00:00'), 'volume': 40640700.0}, {'date': Timestamp('2020-03-09 00:00:00'), 'volume': 14385000.0}, {'date': Timestamp('2020-02-10 00:00:00'), 'volume': 13914300.0}, {'date': Timestamp('2020-02-03 00:00:00'), 'volume': 7322500.0}, {'date': Timestamp('2020-01-13 00:00:00'), 'volume': 5086600.0}, {'date': Timestamp('2020-01-06 00:00:00'), 'volume': 4301200.0}]",2026-08-10,2212254.0,16.75,0.0165785302707041,345
WGO,886132402.5922928,weekly,2020-10-17,9167600.0,2123,0,6,"[{'date': Timestamp('2020-10-17 00:00:00'), 'volume': 9167600.0}, {'date': Timestamp('2020-03-21 00:00:00'), 'volume': 6443100.0}, {'date': Timestamp('2020-03-14 00:00:00'), 'volume': 6194800.0}, {'date': Timestamp('2020-03-07 00:00:00'), 'volume': 4899800.0}, {'date': Timestamp('2020-01-11 00:00:00'), 'volume': 4179900.0}, {'date': Timestamp('2020-01-04 00:00:00'), 'volume': 2605900.0}]",2026-08-10,2862325.0,31.549999237060547,0.3122218465029015,346
REPX,732021256.3060977,weekly,2020-10-17,5996450.0,2123,0,5,"[{'date': Timestamp('2020-10-17 00:00:00'), 'volume': 5996450.0}, {'date': Timestamp('2020-07-18 00:00:00'), 'volume': 62000.0}, {'date': Timestamp('2020-04-18 00:00:00'), 'volume': 38075.0}, {'date': Timestamp('2020-03-28 00:00:00'), 'volume': 29175.0}, {'date': Timestamp('2020-01-04 00:00:00'), 'volume': 18092.0}]",2026-08-10,982675.0,36.130001068115234,0.1638761267083024,346
CFFN,1075008152.5862882,weekly,2020-10-03,35034700.0,2137,0,9,"[{'date': Timestamp('2020-10-03 00:00:00'), 'volume': 35034700.0}, {'date': Timestamp('2020-07-25 00:00:00'), 'volume': 15110800.0}, {'date': Timestamp('2020-03-21 00:00:00'), 'volume': 4811200.0}, {'date': Timestamp('2020-03-14 00:00:00'), 'volume': 4532800.0}, {'date': Timestamp('2020-03-07 00:00:00'), 'volume': 4518900.0}, {'date': Timestamp('2020-02-22 00:00:00'), 'volume': 3141800.0}, {'date': Timestamp('2020-01-25 00:00:00'), 'volume': 2011400.0}, {'date': Timestamp('2020-01-11 00:00:00'), 'volume': 1470900.0}, {'date': Timestamp('2020-01-04 00:00:00'), 'volume': 1393600.0}]",2026-08-10,4171123.0,8.729999542236328,0.1190569064384738,346
NPKI,1318218282.531572,weekly,2020-10-03,35240600.0,2137,0,6,"[{'date': Timestamp('2020-10-03 00:00:00'), 'volume': 35240600.0}, {'date': Timestamp('2020-03-07 00:00:00'), 'volume': 12189600.0}, {'date': Timestamp('2020-02-22 00:00:00'), 'volume': 7151700.0}, {'date': Timestamp('2020-01-25 00:00:00'), 'volume': 5295100.0}, {'date': Timestamp('2020-01-11 00:00:00'), 'volume': 5082700.0}, {'date': Timestamp('2020-01-04 00:00:00'), 'volume': 3044600.0}]",2026-08-10,3572723.0,14.220000267028809,0.1013808788726639,346
IDT,1425944888.982833,weekly,2020-09-28,12529600.0,2142,0,5,"[{'date': Timestamp('2020-09-28 00:00:00'), 'volume': 12529600.0}, {'date': Timestamp('2020-09-21 00:00:00'), 'volume': 829600.0}, {'date': Timestamp('2020-03-16 00:00:00'), 'volume': 685000.0}, {'date': Timestamp('2020-01-13 00:00:00'), 'volume': 481600.0}, {'date': Timestamp('2020-01-06 00:00:00'), 'volume': 427900.0}]",2026-08-10,970357.0,66.55000305175781,0.077445169837824,345
GRVY,464325496.0,weekly,2020-09-28,847400.0,2142,0,4,"[{'date': Timestamp('2020-09-28 00:00:00'), 'volume': 847400.0}, {'date': Timestamp('2020-09-14 00:00:00'), 'volume': 603000.0}, {'date': Timestamp('2020-07-06 00:00:00'), 'volume': 417500.0}, {'date': Timestamp('2020-01-06 00:00:00'), 'volume': 369600.0}]",2026-08-10,405345.0,70.37999725341797,0.4783396270946424,345
ASAN,1606653435.801252,weekly,2020-09-28,57312800.0,2142,0,1,"[{'date': Timestamp('2020-09-28 00:00:00'), 'volume': 57312800.0}]",2026-08-10,30266168.0,9.140000343322754,0.5280874080484639,307
SBH,1379606732.0622349,weekly,2020-09-28,48304200.0,2142,0,4,"[{'date': Timestamp('2020-09-28 00:00:00'), 'volume': 48304200.0}, {'date': Timestamp('2020-02-03 00:00:00'), 'volume': 17193500.0}, {'date': Timestamp('2020-01-27 00:00:00'), 'volume': 8209300.0}, {'date': Timestamp('2020-01-06 00:00:00'), 'volume': 7940500.0}]",2026-08-10,7795801.0,16.420000076293945,0.1613897135238757,345
VTOL,1241083539.2432954,weekly,2020-09-14,5839100.0,2156,0,11,"[{'date': Timestamp('2020-09-14 00:00:00'), 'volume': 5839100.0}, {'date': Timestamp('2020-09-07 00:00:00'), 'volume': 1699000.0}, {'date': Timestamp('2020-08-24 00:00:00'), 'volume': 1038300.0}, {'date': Timestamp('2020-04-13 00:00:00'), 'volume': 932000.0}, {'date': Timestamp('2020-03-16 00:00:00'), 'volume': 662400.0}, {'date': Timestamp('2020-03-09 00:00:00'), 'volume': 546950.0}, {'date': Timestamp('2020-02-03 00:00:00'), 'volume': 432200.0}, {'date': Timestamp('2020-01-27 00:00:00'), 'volume': 427050.0}, {'date': Timestamp('2020-01-20 00:00:00'), 'volume': 360900.0}, {'date': Timestamp('2020-01-13 00:00:00'), 'volume': 210150.0}, {'date': Timestamp('2020-01-06 00:00:00'), 'volume': 180550.0}]",2026-08-10,972008.0,46.52999877929688,0.1664653799386891,345
FOXF,793012319.9525839,weekly,2020-09-14,10352500.0,2156,0,10,"[{'date': Timestamp('2020-09-14 00:00:00'), 'volume': 10352500.0}, {'date': Timestamp('2020-06-15 00:00:00'), 'volume': 3259400.0}, {'date': Timestamp('2020-04-13 00:00:00'), 'volume': 2864600.0}, {'date': Timestamp('2020-03-23 00:00:00'), 'volume': 2569200.0}, {'date': Timestamp('2020-03-16 00:00:00'), 'volume': 2319900.0}, {'date': Timestamp('2020-03-09 00:00:00'), 'volume': 1861000.0}, {'date': Timestamp('2020-03-02 00:00:00'), 'volume': 1739600.0}, {'date': Timestamp('2020-02-10 00:00:00'), 'volume': 1094800.0}, {'date': Timestamp('2020-01-13 00:00:00'), 'volume': 991700.0}, {'date': Timestamp('2020-01-06 00:00:00'), 'volume': 751800.0}]",2026-08-10,3281944.0,21.020000457763672,0.3170194638976092,345
LWAY,449134687.31223214,weekly,2020-09-12,2768600.0,2158,0,6,"[{'date': Timestamp('2020-09-12 00:00:00'), 'volume': 2768600.0}, {'date': Timestamp('2020-08-15 00:00:00'), 'volume': 2290800.0}, {'date': Timestamp('2020-04-11 00:00:00'), 'volume': 1493600.0}, {'date': Timestamp('2020-03-14 00:00:00'), 'volume': 523600.0}, {'date': Timestamp('2020-01-11 00:00:00'), 'volume': 165000.0}, {'date': Timestamp('2020-01-04 00:00:00'), 'volume': 118700.0}]",2026-08-10,2009569.0,25.81999969482422,0.7258430253557755,346
BFS,929413971.4583784,weekly,2020-09-12,1170000.0,2158,0,5,"[{'date': Timestamp('2020-09-12 00:00:00'), 'volume': 1170000.0}, {'date': Timestamp('2020-03-28 00:00:00'), 'volume': 540000.0}, {'date': Timestamp('2020-03-14 00:00:00'), 'volume': 478100.0}, {'date': Timestamp('2020-01-25 00:00:00'), 'volume': 407700.0}, {'date': Timestamp('2020-01-04 00:00:00'), 'volume': 375500.0}]",2026-08-10,769874.0,34.79999923706055,0.6580119658119659,346
MLKN,1364759632.1967893,weekly,2020-09-12,36981400.0,2158,0,5,"[{'date': Timestamp('2020-09-12 00:00:00'), 'volume': 36981400.0}, {'date': Timestamp('2020-03-14 00:00:00'), 'volume': 7154400.0}, {'date': Timestamp('2020-03-07 00:00:00'), 'volume': 3799100.0}, {'date': Timestamp('2020-02-22 00:00:00'), 'volume': 3179600.0}, {'date': Timestamp('2020-01-04 00:00:00'), 'volume': 2922500.0}]",2026-08-10,2529025.0,23.82999992370605,0.0683864050576776,346
MCS,747443548.8962425,weekly,2020-09-12,12603500.0,2158,0,8,"[{'date': Timestamp('2020-09-12 00:00:00'), 'volume': 12603500.0}, {'date': Timestamp('2020-05-30 00:00:00'), 'volume': 2424500.0}, {'date': Timestamp('2020-03-14 00:00:00'), 'volume': 2279600.0}, {'date': Timestamp('2020-02-15 00:00:00'), 'volume': 1745300.0}, {'date': Timestamp('2020-02-08 00:00:00'), 'volume': 1133400.0}, {'date': Timestamp('2020-01-25 00:00:00'), 'volume': 1047200.0}, {'date': Timestamp('2020-01-11 00:00:00'), 'volume': 1013700.0}, {'date': Timestamp('2020-01-04 00:00:00'), 'volume': 943400.0}]",2026-08-10,1337135.0,30.0,0.1060923552981314,346
PD,701044161.0876168,weekly,2020-08-31,34309400.0,2170,0,8,"[{'date': Timestamp('2020-08-31 00:00:00'), 'volume': 34309400.0}, {'date': Timestamp('2020-06-22 00:00:00'), 'volume': 17707800.0}, {'date': Timestamp('2020-06-01 00:00:00'), 'volume': 13681300.0}, {'date': Timestamp('2020-03-23 00:00:00'), 'volume': 12033600.0}, {'date': Timestamp('2020-03-16 00:00:00'), 'volume': 8528300.0}, {'date': Timestamp('2020-02-24 00:00:00'), 'volume': 6652200.0}, {'date': Timestamp('2020-02-10 00:00:00'), 'volume': 4817700.0}, {'date': Timestamp('2020-01-06 00:00:00'), 'volume': 3684200.0}]",2026-08-10,5235166.0,11.899999618530272,0.1525869295295167,345
NCV,391091598.21,weekly,2020-08-31,2027225.0,2170,0,4,"[{'date': Timestamp('2020-08-31 00:00:00'), 'volume': 2027225.0}, {'date': Timestamp('2020-08-24 00:00:00'), 'volume': 2014875.0}, {'date': Timestamp('2020-02-24 00:00:00'), 'volume': 1483925.0}, {'date': Timestamp('2020-01-06 00:00:00'), 'volume': 701800.0}]",2026-08-10,319302.0,17.329999923706055,0.1575069368225036,345
SHOE,433877899.8348272,weekly,2020-08-29,9436800.0,2172,0,7,"[{'date': Timestamp('2020-08-29 00:00:00'), 'volume': 9436800.0}, {'date': Timestamp('2020-03-21 00:00:00'), 'volume': 4315200.0}, {'date': Timestamp('2020-03-14 00:00:00'), 'volume': 2888800.0}, {'date': Timestamp('2020-03-07 00:00:00'), 'volume': 2098600.0}, {'date': Timestamp('2020-02-22 00:00:00'), 'volume': 1957200.0}, {'date': Timestamp('2020-01-18 00:00:00'), 'volume': 1784200.0}, {'date': Timestamp('2020-01-04 00:00:00'), 'volume': 1678800.0}]",2026-08-10,2688676.0,15.239999771118164,0.2849139538826721,346
KMDA,418860420.6507042,weekly,2020-08-24,7996800.0,2177,0,8,"[{'date': Timestamp('2020-08-24 00:00:00'), 'volume': 7996800.0}, {'date': Timestamp('2020-08-10 00:00:00'), 'volume': 6728700.0}, {'date': Timestamp('2020-07-27 00:00:00'), 'volume': 2065600.0}, {'date': Timestamp('2020-06-22 00:00:00'), 'volume': 1543800.0}, {'date': Timestamp('2020-05-18 00:00:00'), 'volume': 1192700.0}, {'date': Timestamp('2020-03-16 00:00:00'), 'volume': 1034800.0}, {'date': Timestamp('2020-03-09 00:00:00'), 'volume': 1002100.0}, {'date': Timestamp('2020-01-06 00:00:00'), 'volume': 423500.0}]",2026-08-10,1184199.0,7.579999923706055,0.1480841086434574,345
GBLI,365666448.0,weekly,2020-08-24,2442500.0,2177,0,8,"[{'date': Timestamp('2020-08-24 00:00:00'), 'volume': 2442500.0}, {'date': Timestamp('2020-06-01 00:00:00'), 'volume': 396100.0}, {'date': Timestamp('2020-05-25 00:00:00'), 'volume': 155500.0}, {'date': Timestamp('2020-03-16 00:00:00'), 'volume': 148900.0}, {'date': Timestamp('2020-03-09 00:00:00'), 'volume': 131400.0}, {'date': Timestamp('2020-02-24 00:00:00'), 'volume': 108200.0}, {'date': Timestamp('2020-01-27 00:00:00'), 'volume': 68800.0}, {'date': Timestamp('2020-01-06 00:00:00'), 'volume': 53700.0}]",2026-08-10,17592.0,27.06999969482422,0.0072024564994882,345
ALTO,402152596.373494,weekly,2020-08-10,68276200.0,2191,0,8,"[{'date': Timestamp('2020-08-10 00:00:00'), 'volume': 68276200.0}, {'date': Timestamp('2020-07-27 00:00:00'), 'volume': 48104900.0}, {'date': Timestamp('2020-03-30 00:00:00'), 'volume': 18118500.0}, {'date': Timestamp('2020-03-16 00:00:00'), 'volume': 11860600.0}, {'date': Timestamp('2020-03-02 00:00:00'), 'volume': 10710200.0}, {'date': Timestamp('2020-02-24 00:00:00'), 'volume': 2138200.0}, {'date': Timestamp('2020-01-13 00:00:00'), 'volume': 1695700.0}, {'date': Timestamp('2020-01-06 00:00:00'), 'volume': 1406200.0}]",2026-08-10,13799224.0,4.179999828338623,0.2021088461279333,345
RVLV,1700539263.2803862,weekly,2020-08-10,23277700.0,2191,0,5,"[{'date': Timestamp('2020-08-10 00:00:00'), 'volume': 23277700.0}, {'date': Timestamp('2020-05-11 00:00:00'), 'volume': 15005300.0}, {'date': Timestamp('2020-02-24 00:00:00'), 'volume': 12096100.0}, {'date': Timestamp('2020-01-13 00:00:00'), 'volume': 5397100.0}, {'date': Timestamp('2020-01-06 00:00:00'), 'volume': 3830100.0}]",2026-08-10,3446991.0,23.690000534057617,0.1480812537321127,345
FENC,382802077.3895735,weekly,2020-08-10,9492300.0,2191,0,7,"[{'date': Timestamp('2020-08-10 00:00:00'), 'volume': 9492300.0}, {'date': Timestamp('2020-06-22 00:00:00'), 'volume': 4378100.0}, {'date': Timestamp('2020-04-27 00:00:00'), 'volume': 1640600.0}, {'date': Timestamp('2020-04-13 00:00:00'), 'volume': 625800.0}, {'date': Timestamp('2020-02-10 00:00:00'), 'volume': 523200.0}, {'date': Timestamp('2020-01-13 00:00:00'), 'volume': 476400.0}, {'date': Timestamp('2020-01-06 00:00:00'), 'volume': 258900.0}]",2026-08-10,1075615.0,11.720000267028809,0.1133144759436595,345
IBEX,402744626.0611474,weekly,2020-08-03,2677900.0,2198,0,1,"[{'date': Timestamp('2020-08-03 00:00:00'), 'volume': 2677900.0}]",2026-08-10,636428.0,35.83000183105469,0.2376593599462265,315
GRPN,858437963.4090909,weekly,2020-08-03,44308300.0,2198,0,6,"[{'date': Timestamp('2020-08-03 00:00:00'), 'volume': 44308300.0}, {'date': Timestamp('2020-06-15 00:00:00'), 'volume': 22343400.0}, {'date': Timestamp('2020-03-23 00:00:00'), 'volume': 12362815.0}, {'date': Timestamp('2020-02-17 00:00:00'), 'volume': 11939470.0}, {'date': Timestamp('2020-01-13 00:00:00'), 'volume': 2263445.0}, {'date': Timestamp('2020-01-06 00:00:00'), 'volume': 2029325.0}]",2026-08-10,8963938.0,21.51000022888184,0.2023083259795569,345
SOHU,306050289.0,weekly,2020-07-27,18616900.0,2205,0,5,"[{'date': Timestamp('2020-07-27 00:00:00'), 'volume': 18616900.0}, {'date': Timestamp('2020-03-16 00:00:00'), 'volume': 4319900.0}, {'date': Timestamp('2020-02-24 00:00:00'), 'volume': 2938900.0}, {'date': Timestamp('2020-01-13 00:00:00'), 'volume': 2744300.0}, {'date': Timestamp('2020-01-06 00:00:00'), 'volume': 1991800.0}]",2026-08-10,368594.0,14.5,0.0197988924042133,345
CCEC,1244949461.490044,weekly,2020-07-27,2471700.0,2205,0,7,"[{'date': Timestamp('2020-07-27 00:00:00'), 'volume': 2471700.0}, {'date': Timestamp('2020-03-09 00:00:00'), 'volume': 1244600.0}, {'date': Timestamp('2020-02-24 00:00:00'), 'volume': 1135200.0}, {'date': Timestamp('2020-01-27 00:00:00'), 'volume': 726700.0}, {'date': Timestamp('2020-01-20 00:00:00'), 'volume': 719000.0}, {'date': Timestamp('2020-01-13 00:00:00'), 'volume': 533400.0}, {'date': Timestamp('2020-01-06 00:00:00'), 'volume': 466000.0}]",2026-08-10,52248.0,22.61000061035156,0.0211384876805437,345
KODK,934031981.4574811,weekly,2020-07-27,718403900.0,2205,0,4,"[{'date': Timestamp('2020-07-27 00:00:00'), 'volume': 718403900.0}, {'date': Timestamp('2020-06-22 00:00:00'), 'volume': 3248000.0}, {'date': Timestamp('2020-05-04 00:00:00'), 'volume': 2765800.0}, {'date': Timestamp('2020-01-06 00:00:00'), 'volume': 2480800.0}]",2026-08-10,4546827.0,10.0,0.0063290678126886,345
CVEO,370102273.0918984,weekly,2020-07-27,1946633.0,2205,0,3,"[{'date': Timestamp('2020-07-27 00:00:00'), 'volume': 1946633.0}, {'date': Timestamp('2020-03-09 00:00:00'), 'volume': 474767.0}, {'date': Timestamp('2020-01-06 00:00:00'), 'volume': 250517.0}]",2026-08-10,536571.0,33.290000915527344,0.2756405547424707,345
DLX,1095612611.1259134,weekly,2020-07-25,12577300.0,2207,0,11,"[{'date': Timestamp('2020-07-25 00:00:00'), 'volume': 12577300.0}, {'date': Timestamp('2020-05-30 00:00:00'), 'volume': 3541300.0}, {'date': Timestamp('2020-05-09 00:00:00'), 'volume': 3456700.0}, {'date': Timestamp('2020-03-14 00:00:00'), 'volume': 3428600.0}, {'date': Timestamp('2020-03-07 00:00:00'), 'volume': 3029200.0}, {'date': Timestamp('2020-02-22 00:00:00'), 'volume': 2608800.0}, {'date': Timestamp('2020-02-08 00:00:00'), 'volume': 1853000.0}, {'date': Timestamp('2020-02-01 00:00:00'), 'volume': 1814700.0}, {'date': Timestamp('2020-01-25 00:00:00'), 'volume': 1774400.0}, {'date': Timestamp('2020-01-11 00:00:00'), 'volume': 1344800.0}, {'date': Timestamp('2020-01-04 00:00:00'), 'volume': 1208200.0}]",2026-08-10,2192202.0,24.049999237060547,0.1742982993170235,346
RIGL,715845542.9781022,weekly,2020-07-13,32988550.0,2219,0,3,"[{'date': Timestamp('2020-07-13 00:00:00'), 'volume': 32988550.0}, {'date': Timestamp('2020-01-13 00:00:00'), 'volume': 1992870.0}, {'date': Timestamp('2020-01-06 00:00:00'), 'volume': 470120.0}]",2026-08-10,1480087.0,42.58000183105469,0.0448666885934665,345
SOR,370475959.7,weekly,2020-07-04,325400.0,2228,0,5,"[{'date': Timestamp('2020-07-04 00:00:00'), 'volume': 325400.0}, {'date': Timestamp('2020-03-14 00:00:00'), 'volume': 317200.0}, {'date': Timestamp('2020-03-07 00:00:00'), 'volume': 171000.0}, {'date': Timestamp('2020-02-01 00:00:00'), 'volume': 170700.0}, {'date': Timestamp('2020-01-04 00:00:00'), 'volume': 80400.0}]",2026-08-10,49631.0,46.42499923706055,0.1525230485556238,346
GBX,1558376972.108417,weekly,2020-07-04,7154700.0,2228,0,3,"[{'date': Timestamp('2020-07-04 00:00:00'), 'volume': 7154700.0}, {'date': Timestamp('2020-04-04 00:00:00'), 'volume': 5459500.0}, {'date': Timestamp('2020-01-04 00:00:00'), 'volume': 4213300.0}]",2026-08-10,2246733.0,45.43999862670898,0.314021971571135,346
IIPR,1824678083.4110527,weekly,2020-06-29,5325200.0,2233,0,6,"[{'date': Timestamp('2020-06-29 00:00:00'), 'volume': 5325200.0}, {'date': Timestamp('2020-03-16 00:00:00'), 'volume': 5134500.0}, {'date': Timestamp('2020-01-27 00:00:00'), 'volume': 4146100.0}, {'date': Timestamp('2020-01-20 00:00:00'), 'volume': 3396200.0}, {'date': Timestamp('2020-01-13 00:00:00'), 'volume': 3029900.0}, {'date': Timestamp('2020-01-06 00:00:00'), 'volume': 1824900.0}]",2026-08-10,1540146.0,55.9900016784668,0.2892184331104935,345
NGS,554202054.9990778,weekly,2020-06-22,1948100.0,2240,0,6,"[{'date': Timestamp('2020-06-22 00:00:00'), 'volume': 1948100.0}, {'date': Timestamp('2020-03-16 00:00:00'), 'volume': 782900.0}, {'date': Timestamp('2020-02-24 00:00:00'), 'volume': 425300.0}, {'date': Timestamp('2020-02-03 00:00:00'), 'volume': 316100.0}, {'date': Timestamp('2020-01-13 00:00:00'), 'volume': 310900.0}, {'date': Timestamp('2020-01-06 00:00:00'), 'volume': 208800.0}]",2026-08-10,866665.0,37.970001220703125,0.4448770596991941,345
VMD,445856963.1077845,weekly,2020-06-22,8265500.0,2240,0,9,"[{'date': Timestamp('2020-06-22 00:00:00'), 'volume': 8265500.0}, {'date': Timestamp('2020-06-15 00:00:00'), 'volume': 4623900.0}, {'date': Timestamp('2020-03-16 00:00:00'), 'volume': 2905500.0}, {'date': Timestamp('2020-03-09 00:00:00'), 'volume': 786400.0}, {'date': Timestamp('2020-03-02 00:00:00'), 'volume': 469000.0}, {'date': Timestamp('2020-02-24 00:00:00'), 'volume': 231900.0}, {'date': Timestamp('2020-02-17 00:00:00'), 'volume': 169400.0}, {'date': Timestamp('2020-02-03 00:00:00'), 'volume': 165000.0}, {'date': Timestamp('2020-01-06 00:00:00'), 'volume': 143500.0}]",2026-08-10,2724431.0,9.199999809265137,0.3296147843445647,345
NAVI,817707874.609929,weekly,2020-06-22,44679600.0,2240,0,7,"[{'date': Timestamp('2020-06-22 00:00:00'), 'volume': 44679600.0}, {'date': Timestamp('2020-03-16 00:00:00'), 'volume': 25219200.0}, {'date': Timestamp('2020-03-02 00:00:00'), 'volume': 24304800.0}, {'date': Timestamp('2020-02-24 00:00:00'), 'volume': 15067400.0}, {'date': Timestamp('2020-01-20 00:00:00'), 'volume': 11822000.0}, {'date': Timestamp('2020-01-13 00:00:00'), 'volume': 8146700.0}, {'date': Timestamp('2020-01-06 00:00:00'), 'volume': 7157000.0}]",2026-08-10,7814424.0,9.170000076293944,0.1748991486047323,345
ACEL,1082525579.109589,weekly,2020-06-22,6937700.0,2240,0,7,"[{'date': Timestamp('2020-06-22 00:00:00'), 'volume': 6937700.0}, {'date': Timestamp('2020-06-15 00:00:00'), 'volume': 6218700.0}, {'date': Timestamp('2020-05-11 00:00:00'), 'volume': 2510800.0}, {'date': Timestamp('2020-02-10 00:00:00'), 'volume': 1900200.0}, {'date': Timestamp('2020-02-03 00:00:00'), 'volume': 640200.0}, {'date': Timestamp('2020-01-27 00:00:00'), 'volume': 512200.0}, {'date': Timestamp('2020-01-06 00:00:00'), 'volume': 489200.0}]",2026-08-10,1326474.0,12.420000076293944,0.1911979474465601,345
SONO,1616576075.3713665,weekly,2020-06-22,88056700.0,2240,0,5,"[{'date': Timestamp('2020-06-22 00:00:00'), 'volume': 88056700.0}, {'date': Timestamp('2020-06-15 00:00:00'), 'volume': 27321700.0}, {'date': Timestamp('2020-06-08 00:00:00'), 'volume': 22137200.0}, {'date': Timestamp('2020-02-03 00:00:00'), 'volume': 18956000.0}, {'date': Timestamp('2020-01-06 00:00:00'), 'volume': 6031700.0}]",2026-08-10,7858993.0,16.309999465942383,0.0892492337323565,345
FLXS,390471727.180602,weekly,2020-06-20,1477300.0,2242,0,8,"[{'date': Timestamp('2020-06-20 00:00:00'), 'volume': 1477300.0}, {'date': Timestamp('2020-06-13 00:00:00'), 'volume': 566800.0}, {'date': Timestamp('2020-06-06 00:00:00'), 'volume': 532600.0}, {'date': Timestamp('2020-05-02 00:00:00'), 'volume': 433300.0}, {'date': Timestamp('2020-02-22 00:00:00'), 'volume': 323900.0}, {'date': Timestamp('2020-02-01 00:00:00'), 'volume': 157200.0}, {'date': Timestamp('2020-01-25 00:00:00'), 'volume': 156900.0}, {'date': Timestamp('2020-01-04 00:00:00'), 'volume': 102400.0}]",2026-08-10,274048.0,73.79000091552734,0.185505990658634,346
TTI,1589202561.7235296,weekly,2020-06-20,64155000.0,2242,0,9,"[{'date': Timestamp('2020-06-20 00:00:00'), 'volume': 64155000.0}, {'date': Timestamp('2020-06-13 00:00:00'), 'volume': 62464800.0}, {'date': Timestamp('2020-04-25 00:00:00'), 'volume': 48895600.0}, {'date': Timestamp('2020-04-18 00:00:00'), 'volume': 25913000.0}, {'date': Timestamp('2020-04-04 00:00:00'), 'volume': 10690400.0}, {'date': Timestamp('2020-03-21 00:00:00'), 'volume': 6959300.0}, {'date': Timestamp('2020-03-07 00:00:00'), 'volume': 6190600.0}, {'date': Timestamp('2020-02-29 00:00:00'), 'volume': 3762700.0}, {'date': Timestamp('2020-01-04 00:00:00'), 'volume': 3721700.0}]",2026-08-10,7152182.0,8.550000190734863,0.1114828462317824,346
ONIT,312157693.0143593,weekly,2020-06-20,1525720.0,2242,0,7,"[{'date': Timestamp('2020-06-20 00:00:00'), 'volume': 1525720.0}, {'date': Timestamp('2020-05-02 00:00:00'), 'volume': 1286861.0}, {'date': Timestamp('2020-03-21 00:00:00'), 'volume': 1246741.0}, {'date': Timestamp('2020-03-14 00:00:00'), 'volume': 991274.0}, {'date': Timestamp('2020-02-22 00:00:00'), 'volume': 730787.0}, {'date': Timestamp('2020-02-01 00:00:00'), 'volume': 496666.0}, {'date': Timestamp('2020-01-04 00:00:00'), 'volume': 167333.0}]",2026-08-10,373262.0,39.220001220703125,0.2446464619982696,346
MCBS,1027749221.2645384,weekly,2020-06-15,1997700.0,2247,0,3,"[{'date': Timestamp('2020-06-15 00:00:00'), 'volume': 1997700.0}, {'date': Timestamp('2020-01-13 00:00:00'), 'volume': 318400.0}, {'date': Timestamp('2020-01-06 00:00:00'), 'volume': 243600.0}]",2026-08-10,268077.0,36.2400016784668,0.1341928217450067,345
IVR,735160251.7701149,weekly,2020-06-08,31691980.0,2254,0,5,"[{'date': Timestamp('2020-06-08 00:00:00'), 'volume': 31691980.0}, {'date': Timestamp('2020-06-01 00:00:00'), 'volume': 12394980.0}, {'date': Timestamp('2020-03-23 00:00:00'), 'volume': 8672270.0}, {'date': Timestamp('2020-02-03 00:00:00'), 'volume': 4259170.0}, {'date': Timestamp('2020-01-06 00:00:00'), 'volume': 871280.0}]",2026-08-10,12282320.0,7.480000019073486,0.3875529392609739,345
PLAY,411202397.3893805,weekly,2020-06-01,101947400.0,2261,0,7,"[{'date': Timestamp('2020-06-01 00:00:00'), 'volume': 101947400.0}, {'date': Timestamp('2020-03-23 00:00:00'), 'volume': 42079000.0}, {'date': Timestamp('2020-03-16 00:00:00'), 'volume': 32677600.0}, {'date': Timestamp('2020-03-09 00:00:00'), 'volume': 10995800.0}, {'date': Timestamp('2020-03-02 00:00:00'), 'volume': 8840600.0}, {'date': Timestamp('2020-01-13 00:00:00'), 'volume': 8018500.0}, {'date': Timestamp('2020-01-06 00:00:00'), 'volume': 2517400.0}]",2026-08-10,7298362.0,10.1899995803833,0.0715894863429572,345
TDAY,1224962566.549118,weekly,2020-06-01,68915400.0,2261,0,8,"[{'date': Timestamp('2020-06-01 00:00:00'), 'volume': 68915400.0}, {'date': Timestamp('2020-04-06 00:00:00'), 'volume': 44995300.0}, {'date': Timestamp('2020-03-30 00:00:00'), 'volume': 22163600.0}, {'date': Timestamp('2020-03-16 00:00:00'), 'volume': 21103400.0}, {'date': Timestamp('2020-03-09 00:00:00'), 'volume': 20973900.0}, {'date': Timestamp('2020-02-24 00:00:00'), 'volume': 20338500.0}, {'date': Timestamp('2020-01-13 00:00:00'), 'volume': 13904200.0}, {'date': Timestamp('2020-01-06 00:00:00'), 'volume': 10864100.0}]",2026-08-10,13773728.0,7.039999961853027,0.1998642973849096,345
RGR,611143220.6916472,weekly,2020-05-30,4809000.0,2263,0,5,"[{'date': Timestamp('2020-05-30 00:00:00'), 'volume': 4809000.0}, {'date': Timestamp('2020-03-14 00:00:00'), 'volume': 2482800.0}, {'date': Timestamp('2020-03-07 00:00:00'), 'volume': 1350000.0}, {'date': Timestamp('2020-02-22 00:00:00'), 'volume': 1098900.0}, {'date': Timestamp('2020-01-04 00:00:00'), 'volume': 603400.0}]",2026-08-10,532825.0,37.66999816894531,0.1107974630900395,346
ESEA,468124500.3775254,weekly,2020-05-25,14498390.0,2268,0,4,"[{'date': Timestamp('2020-05-25 00:00:00'), 'volume': 14498390.0}, {'date': Timestamp('2020-02-10 00:00:00'), 'volume': 1460420.0}, {'date': Timestamp('2020-01-27 00:00:00'), 'volume': 207577.0}, {'date': Timestamp('2020-01-06 00:00:00'), 'volume': 109627.0}]",2026-08-10,341333.0,73.80000305175781,0.0235428209614998,345
FRPH,486541554.0784954,weekly,2020-05-23,1505200.0,2270,0,9,"[{'date': Timestamp('2020-05-23 00:00:00'), 'volume': 1505200.0}, {'date': Timestamp('2020-05-16 00:00:00'), 'volume': 554200.0}, {'date': Timestamp('2020-05-09 00:00:00'), 'volume': 414800.0}, {'date': Timestamp('2020-03-14 00:00:00'), 'volume': 381400.0}, {'date': Timestamp('2020-03-07 00:00:00'), 'volume': 259000.0}, {'date': Timestamp('2020-02-22 00:00:00'), 'volume': 148200.0}, {'date': Timestamp('2020-02-01 00:00:00'), 'volume': 98800.0}, {'date': Timestamp('2020-01-11 00:00:00'), 'volume': 95200.0}, {'date': Timestamp('2020-01-04 00:00:00'), 'volume': 58600.0}]",2026-08-10,490862.0,22.13999938964844,0.3261108158384267,346
NBR,1222289996.1722336,weekly,2020-05-23,8405600.0,2270,0,7,"[{'date': Timestamp('2020-05-23 00:00:00'), 'volume': 8405600.0}, {'date': Timestamp('2020-05-16 00:00:00'), 'volume': 8236400.0}, {'date': Timestamp('2020-04-25 00:00:00'), 'volume': 5790700.0}, {'date': Timestamp('2020-04-18 00:00:00'), 'volume': 3844678.0}, {'date': Timestamp('2020-03-07 00:00:00'), 'volume': 1742784.0}, {'date': Timestamp('2020-02-29 00:00:00'), 'volume': 1447012.0}, {'date': Timestamp('2020-01-04 00:00:00'), 'volume': 996226.0}]",2026-08-10,1192161.0,94.16999816894533,0.1418293756543256,346
ELMD,343291470.83146065,weekly,2020-05-11,2521600.0,2282,0,7,"[{'date': Timestamp('2020-05-11 00:00:00'), 'volume': 2521600.0}, {'date': Timestamp('2020-05-04 00:00:00'), 'volume': 1513000.0}, {'date': Timestamp('2020-02-17 00:00:00'), 'volume': 1323900.0}, {'date': Timestamp('2020-02-10 00:00:00'), 'volume': 647500.0}, {'date': Timestamp('2020-02-03 00:00:00'), 'volume': 324000.0}, {'date': Timestamp('2020-01-13 00:00:00'), 'volume': 157200.0}, {'date': Timestamp('2020-01-06 00:00:00'), 'volume': 84200.0}]",2026-08-10,319439.0,41.220001220703125,0.1266810755076142,345
RM,377902240.3863344,weekly,2020-05-11,1278100.0,2282,0,9,"[{'date': Timestamp('2020-05-11 00:00:00'), 'volume': 1278100.0}, {'date': Timestamp('2020-04-27 00:00:00'), 'volume': 778700.0}, {'date': Timestamp('2020-04-13 00:00:00'), 'volume': 672100.0}, {'date': Timestamp('2020-03-16 00:00:00'), 'volume': 532300.0}, {'date': Timestamp('2020-02-24 00:00:00'), 'volume': 395700.0}, {'date': Timestamp('2020-02-03 00:00:00'), 'volume': 283900.0}, {'date': Timestamp('2020-01-20 00:00:00'), 'volume': 274500.0}, {'date': Timestamp('2020-01-13 00:00:00'), 'volume': 257700.0}, {'date': Timestamp('2020-01-06 00:00:00'), 'volume': 237900.0}]",2026-08-10,536157.0,33.5,0.4194953446522181,345
TRST,955173065.641725,weekly,2020-05-09,1342500.0,2284,0,7,"[{'date': Timestamp('2020-05-09 00:00:00'), 'volume': 1342500.0}, {'date': Timestamp('2020-03-07 00:00:00'), 'volume': 831320.0}, {'date': Timestamp('2020-02-29 00:00:00'), 'volume': 652900.0}, {'date': Timestamp('2020-02-22 00:00:00'), 'volume': 470940.0}, {'date': Timestamp('2020-01-25 00:00:00'), 'volume': 328560.0}, {'date': Timestamp('2020-01-11 00:00:00'), 'volume': 268920.0}, {'date': Timestamp('2020-01-04 00:00:00'), 'volume': 251920.0}]",2026-08-10,740128.0,57.34999847412109,0.5513057728119181,346
BLMN,767960132.0427747,weekly,2020-05-04,37960500.0,2289,0,9,"[{'date': Timestamp('2020-05-04 00:00:00'), 'volume': 37960500.0}, {'date': Timestamp('2020-03-23 00:00:00'), 'volume': 23610700.0}, {'date': Timestamp('2020-03-16 00:00:00'), 'volume': 20827600.0}, {'date': Timestamp('2020-03-09 00:00:00'), 'volume': 11718500.0}, {'date': Timestamp('2020-03-02 00:00:00'), 'volume': 8828800.0}, {'date': Timestamp('2020-02-24 00:00:00'), 'volume': 8574900.0}, {'date': Timestamp('2020-02-17 00:00:00'), 'volume': 6784500.0}, {'date': Timestamp('2020-01-27 00:00:00'), 'volume': 4552800.0}, {'date': Timestamp('2020-01-06 00:00:00'), 'volume': 4008700.0}]",2026-08-10,8101699.0,10.550000190734863,0.2134244543670394,345
CARS,600957527.214567,weekly,2020-05-04,38498700.0,2289,0,4,"[{'date': Timestamp('2020-05-04 00:00:00'), 'volume': 38498700.0}, {'date': Timestamp('2020-03-23 00:00:00'), 'volume': 14120100.0}, {'date': Timestamp('2020-02-24 00:00:00'), 'volume': 11980300.0}, {'date': Timestamp('2020-01-06 00:00:00'), 'volume': 5725700.0}]",2026-08-10,2723790.0,12.380000114440918,0.0707501811749487,345
HFRO,403359320.0,weekly,2020-04-27,6689200.0,2296,0,6,"[{'date': Timestamp('2020-04-27 00:00:00'), 'volume': 6689200.0}, {'date': Timestamp('2020-03-30 00:00:00'), 'volume': 3398000.0}, {'date': Timestamp('2020-03-16 00:00:00'), 'volume': 2835200.0}, {'date': Timestamp('2020-03-09 00:00:00'), 'volume': 2423200.0}, {'date': Timestamp('2020-01-20 00:00:00'), 'volume': 2247000.0}, {'date': Timestamp('2020-01-06 00:00:00'), 'volume': 1878900.0}]",2026-08-10,469886.0,7.21999979019165,0.070245470310351,345
NAT,1238741383.8019168,weekly,2020-04-25,277395400.0,2298,0,7,"[{'date': Timestamp('2020-04-25 00:00:00'), 'volume': 277395400.0}, {'date': Timestamp('2020-04-18 00:00:00'), 'volume': 95751100.0}, {'date': Timestamp('2020-03-28 00:00:00'), 'volume': 36949900.0}, {'date': Timestamp('2020-03-21 00:00:00'), 'volume': 23847700.0}, {'date': Timestamp('2020-03-07 00:00:00'), 'volume': 22406500.0}, {'date': Timestamp('2020-01-11 00:00:00'), 'volume': 19661500.0}, {'date': Timestamp('2020-01-04 00:00:00'), 'volume': 18194900.0}]",2026-08-10,14022273.0,6.710000038146973,0.050549767588071,346
HLX,1306516344.0778031,weekly,2020-04-25,42140600.0,2298,0,8,"[{'date': Timestamp('2020-04-25 00:00:00'), 'volume': 42140600.0}, {'date': Timestamp('2020-04-04 00:00:00'), 'volume': 35427800.0}, {'date': Timestamp('2020-03-28 00:00:00'), 'volume': 18053400.0}, {'date': Timestamp('2020-03-07 00:00:00'), 'volume': 17331000.0}, {'date': Timestamp('2020-02-22 00:00:00'), 'volume': 9677600.0}, {'date': Timestamp('2020-02-01 00:00:00'), 'volume': 5899600.0}, {'date': Timestamp('2020-01-11 00:00:00'), 'volume': 5211200.0}, {'date': Timestamp('2020-01-04 00:00:00'), 'volume': 4727300.0}]",2026-08-10,8174325.0,10.43000030517578,0.1939774231975814,346
FET,572222943.4411466,weekly,2020-04-20,4763070.0,2303,0,8,"[{'date': Timestamp('2020-04-20 00:00:00'), 'volume': 4763070.0}, {'date': Timestamp('2020-04-13 00:00:00'), 'volume': 1904220.0}, {'date': Timestamp('2020-04-06 00:00:00'), 'volume': 855000.0}, {'date': Timestamp('2020-03-30 00:00:00'), 'volume': 590955.0}, {'date': Timestamp('2020-03-23 00:00:00'), 'volume': 504790.0}, {'date': Timestamp('2020-03-16 00:00:00'), 'volume': 474100.0}, {'date': Timestamp('2020-03-09 00:00:00'), 'volume': 353475.0}, {'date': Timestamp('2020-01-06 00:00:00'), 'volume': 265080.0}]",2026-08-10,893714.0,85.36000061035156,0.1876340259538491,345
TK,935377074.6846848,weekly,2020-04-18,26569300.0,2305,0,7,"[{'date': Timestamp('2020-04-18 00:00:00'), 'volume': 26569300.0}, {'date': Timestamp('2020-03-07 00:00:00'), 'volume': 9844400.0}, {'date': Timestamp('2020-02-22 00:00:00'), 'volume': 7923100.0}, {'date': Timestamp('2020-02-08 00:00:00'), 'volume': 4608000.0}, {'date': Timestamp('2020-01-18 00:00:00'), 'volume': 3104000.0}, {'date': Timestamp('2020-01-11 00:00:00'), 'volume': 2835100.0}, {'date': Timestamp('2020-01-04 00:00:00'), 'volume': 2308800.0}]",2026-08-10,2635539.0,12.470000267028809,0.0991948978708509,346
GAM,1463118558.0,weekly,2020-04-11,615000.0,2312,0,7,"[{'date': Timestamp('2020-04-11 00:00:00'), 'volume': 615000.0}, {'date': Timestamp('2020-03-21 00:00:00'), 'volume': 593300.0}, {'date': Timestamp('2020-03-14 00:00:00'), 'volume': 513000.0}, {'date': Timestamp('2020-02-22 00:00:00'), 'volume': 465600.0}, {'date': Timestamp('2020-02-15 00:00:00'), 'volume': 224900.0}, {'date': Timestamp('2020-01-25 00:00:00'), 'volume': 160400.0}, {'date': Timestamp('2020-01-04 00:00:00'), 'volume': 143800.0}]",2026-08-10,79888.0,67.88999938964844,0.1298991869918699,346
CIM,1143441102.127691,weekly,2020-04-06,27428732.0,2317,0,9,"[{'date': Timestamp('2020-04-06 00:00:00'), 'volume': 27428732.0}, {'date': Timestamp('2020-03-23 00:00:00'), 'volume': 12341133.0}, {'date': Timestamp('2020-03-16 00:00:00'), 'volume': 11983667.0}, {'date': Timestamp('2020-03-09 00:00:00'), 'volume': 6725834.0}, {'date': Timestamp('2020-02-24 00:00:00'), 'volume': 6714534.0}, {'date': Timestamp('2020-02-10 00:00:00'), 'volume': 2421667.0}, {'date': Timestamp('2020-02-03 00:00:00'), 'volume': 1746700.0}, {'date': Timestamp('2020-01-27 00:00:00'), 'volume': 1617300.0}, {'date': Timestamp('2020-01-06 00:00:00'), 'volume': 1479801.0}]",2026-08-10,4300923.0,11.800000190734863,0.1568035664207882,345
TRTX,654027455.3106685,weekly,2020-04-06,32556000.0,2317,0,7,"[{'date': Timestamp('2020-04-06 00:00:00'), 'volume': 32556000.0}, {'date': Timestamp('2020-03-23 00:00:00'), 'volume': 19558800.0}, {'date': Timestamp('2020-03-16 00:00:00'), 'volume': 8838400.0}, {'date': Timestamp('2020-03-09 00:00:00'), 'volume': 4830800.0}, {'date': Timestamp('2020-02-24 00:00:00'), 'volume': 3674300.0}, {'date': Timestamp('2020-01-27 00:00:00'), 'volume': 2790200.0}, {'date': Timestamp('2020-01-06 00:00:00'), 'volume': 1544900.0}]",2026-08-10,4048898.0,7.929999828338623,0.1243671827005774,345
GLRE,554874714.7425374,weekly,2020-04-06,2571200.0,2317,0,2,"[{'date': Timestamp('2020-04-06 00:00:00'), 'volume': 2571200.0}, {'date': Timestamp('2020-01-06 00:00:00'), 'volume': 2369600.0}]",2026-08-10,697286.0,15.760000228881836,0.2711908836341008,345
NAN,358477326.0,weekly,2020-03-14,1223700.0,2326,0,6,"[{'date': Timestamp('2020-03-14 00:00:00'), 'volume': 1223700}, {'date': Timestamp('2020-03-07 00:00:00'), 'volume': 613900}, {'date': Timestamp('2020-02-22 00:00:00'), 'volume': 342100}, {'date': Timestamp('2020-01-25 00:00:00'), 'volume': 218900}, {'date': Timestamp('2020-01-11 00:00:00'), 'volume': 211600}, {'date': Timestamp('2020-01-04 00:00:00'), 'volume': 170000}]",2026-07-27,634839.0,11.170000076293944,0.51878646727139,344
ADAM,854579119.0996785,weekly,2020-03-23,42071425.0,2331,0,4,"[{'date': Timestamp('2020-03-23 00:00:00'), 'volume': 42071425.0}, {'date': Timestamp('2020-03-16 00:00:00'), 'volume': 31752900.0}, {'date': Timestamp('2020-02-10 00:00:00'), 'volume': 23265975.0}, {'date': Timestamp('2020-01-06 00:00:00'), 'volume': 17353100.0}]",2026-08-10,5541471.0,10.119999885559082,0.1317157904682334,345
PRSU,1495960587.1645756,weekly,2020-03-23,2962600.0,2331,0,7,"[{'date': Timestamp('2020-03-23 00:00:00'), 'volume': 2962600.0}, {'date': Timestamp('2020-03-16 00:00:00'), 'volume': 2904000.0}, {'date': Timestamp('2020-03-02 00:00:00'), 'volume': 2028600.0}, {'date': Timestamp('2020-02-24 00:00:00'), 'volume': 1591400.0}, {'date': Timestamp('2020-02-03 00:00:00'), 'volume': 689500.0}, {'date': Timestamp('2020-01-13 00:00:00'), 'volume': 496900.0}, {'date': Timestamp('2020-01-06 00:00:00'), 'volume': 359200.0}]",2026-08-10,1300536.0,47.959999084472656,0.4389846756227638,345
EOI,779852334.0,weekly,2020-03-23,2369400.0,2331,0,6,"[{'date': Timestamp('2020-03-23 00:00:00'), 'volume': 2369400.0}, {'date': Timestamp('2020-03-16 00:00:00'), 'volume': 1937300.0}, {'date': Timestamp('2020-03-09 00:00:00'), 'volume': 1626200.0}, {'date': Timestamp('2020-02-24 00:00:00'), 'volume': 1287300.0}, {'date': Timestamp('2020-01-13 00:00:00'), 'volume': 660800.0}, {'date': Timestamp('2020-01-06 00:00:00'), 'volume': 633000.0}]",2026-08-10,555469.0,20.100000381469727,0.2344344559804169,345
LADR,1325194713.6755164,weekly,2020-03-23,36765900.0,2331,0,5,"[{'date': Timestamp('2020-03-23 00:00:00'), 'volume': 36765900.0}, {'date': Timestamp('2020-03-16 00:00:00'), 'volume': 24058100.0}, {'date': Timestamp('2020-03-09 00:00:00'), 'volume': 7898700.0}, {'date': Timestamp('2020-02-24 00:00:00'), 'volume': 7087300.0}, {'date': Timestamp('2020-01-06 00:00:00'), 'volume': 2491900.0}]",2026-08-10,4954961.0,9.979999542236328,0.134770561852151,345
NBB,458264932.0,weekly,2020-03-23,1712300.0,2331,0,5,"[{'date': Timestamp('2020-03-23 00:00:00'), 'volume': 1712300.0}, {'date': Timestamp('2020-03-09 00:00:00'), 'volume': 1502100.0}, {'date': Timestamp('2020-02-24 00:00:00'), 'volume': 888400.0}, {'date': Timestamp('2020-01-13 00:00:00'), 'volume': 463800.0}, {'date': Timestamp('2020-01-06 00:00:00'), 'volume': 388100.0}]",2026-08-10,358232.0,15.449999809265137,0.2092110027448461,345
ETV,1699952800.0,weekly,2020-03-23,6203600.0,2331,0,5,"[{'date': Timestamp('2020-03-23 00:00:00'), 'volume': 6203600.0}, {'date': Timestamp('2020-03-09 00:00:00'), 'volume': 5196400.0}, {'date': Timestamp('2020-02-24 00:00:00'), 'volume': 4800700.0}, {'date': Timestamp('2020-01-13 00:00:00'), 'volume': 2154300.0}, {'date': Timestamp('2020-01-06 00:00:00'), 'volume': 1590400.0}]",2026-08-10,980904.0,15.039999961853027,0.1581185118318396,345
QQQX,1394005140.0,weekly,2020-03-23,2117900.0,2331,0,6,"[{'date': Timestamp('2020-03-23 00:00:00'), 'volume': 2117900.0}, {'date': Timestamp('2020-03-16 00:00:00'), 'volume': 1985900.0}, {'date': Timestamp('2020-03-09 00:00:00'), 'volume': 1783800.0}, {'date': Timestamp('2020-02-24 00:00:00'), 'volume': 1777800.0}, {'date': Timestamp('2020-02-03 00:00:00'), 'volume': 587400.0}, {'date': Timestamp('2020-01-06 00:00:00'), 'volume': 511600.0}]",2026-08-10,556632.0,30.63999938964844,0.2628226072996836,345
KRO,751296859.2202111,weekly,2020-03-23,5234300.0,2331,0,6,"[{'date': Timestamp('2020-03-23 00:00:00'), 'volume': 5234300.0}, {'date': Timestamp('2020-03-09 00:00:00'), 'volume': 3005400.0}, {'date': Timestamp('2020-03-02 00:00:00'), 'volume': 1736500.0}, {'date': Timestamp('2020-02-24 00:00:00'), 'volume': 1704500.0}, {'date': Timestamp('2020-01-13 00:00:00'), 'volume': 1687900.0}, {'date': Timestamp('2020-01-06 00:00:00'), 'volume': 1383000.0}]",2026-08-10,2611833.0,8.470000267028809,0.4989842003706322,345
LDP,606010528.0,weekly,2020-03-23,1495100.0,2331,0,5,"[{'date': Timestamp('2020-03-23 00:00:00'), 'volume': 1495100.0}, {'date': Timestamp('2020-03-16 00:00:00'), 'volume': 1444900.0}, {'date': Timestamp('2020-03-09 00:00:00'), 'volume': 987800.0}, {'date': Timestamp('2020-02-24 00:00:00'), 'volume': 927400.0}, {'date': Timestamp('2020-01-06 00:00:00'), 'volume': 378700.0}]",2026-08-10,325643.0,20.6299991607666,0.2178068356631663,345
MFA,996659098.9158876,weekly,2020-03-21,179494125.0,2333,0,6,"[{'date': Timestamp('2020-03-21 00:00:00'), 'volume': 179494125.0}, {'date': Timestamp('2020-03-14 00:00:00'), 'volume': 17609250.0}, {'date': Timestamp('2020-03-07 00:00:00'), 'volume': 12093050.0}, {'date': Timestamp('2020-02-22 00:00:00'), 'volume': 11506825.0}, {'date': Timestamp('2020-02-08 00:00:00'), 'volume': 6615950.0}, {'date': Timestamp('2020-01-04 00:00:00'), 'volume': 4956650.0}]",2026-08-10,6390583.0,9.15999984741211,0.0356032989937692,346
LEO,401776305.0,weekly,2020-03-21,2902200.0,2333,0,5,"[{'date': Timestamp('2020-03-21 00:00:00'), 'volume': 2902200.0}, {'date': Timestamp('2020-03-14 00:00:00'), 'volume': 2642600.0}, {'date': Timestamp('2020-03-07 00:00:00'), 'volume': 2117400.0}, {'date': Timestamp('2020-02-22 00:00:00'), 'volume': 1028400.0}, {'date': Timestamp('2020-01-04 00:00:00'), 'volume': 598200.0}]",2026-08-10,1959722.0,6.260000228881836,0.6752539452828888,346
BJRI,1258073105.7930057,weekly,2020-03-21,9677200.0,2333,0,6,"[{'date': Timestamp('2020-03-21 00:00:00'), 'volume': 9677200.0}, {'date': Timestamp('2020-03-14 00:00:00'), 'volume': 9271200.0}, {'date': Timestamp('2020-02-22 00:00:00'), 'volume': 3649000.0}, {'date': Timestamp('2020-02-15 00:00:00'), 'volume': 2992600.0}, {'date': Timestamp('2020-02-08 00:00:00'), 'volume': 1469200.0}, {'date': Timestamp('2020-01-04 00:00:00'), 'volume': 1431200.0}]",2026-08-10,2881446.0,67.94999694824219,0.2977561691398338,346
BTO,765324816.0,weekly,2020-03-21,1613300.0,2333,0,5,"[{'date': Timestamp('2020-03-21 00:00:00'), 'volume': 1613300.0}, {'date': Timestamp('2020-03-07 00:00:00'), 'volume': 905100.0}, {'date': Timestamp('2020-02-22 00:00:00'), 'volume': 531100.0}, {'date': Timestamp('2020-01-25 00:00:00'), 'volume': 226700.0}, {'date': Timestamp('2020-01-04 00:00:00'), 'volume': 217200.0}]",2026-08-10,197675.0,41.34000015258789,0.1225283580239261,346
DIN,467575524.7597766,weekly,2020-03-21,10941600.0,2333,0,6,"[{'date': Timestamp('2020-03-21 00:00:00'), 'volume': 10941600.0}, {'date': Timestamp('2020-03-14 00:00:00'), 'volume': 7969700.0}, {'date': Timestamp('2020-03-07 00:00:00'), 'volume': 5674300.0}, {'date': Timestamp('2020-02-22 00:00:00'), 'volume': 2709600.0}, {'date': Timestamp('2020-02-15 00:00:00'), 'volume': 1861300.0}, {'date': Timestamp('2020-01-04 00:00:00'), 'volume': 1282500.0}]",2026-08-10,1608398.0,35.310001373291016,0.1469984280178401,346
AOD,1072385820.0,weekly,2020-03-16,7739600.0,2338,0,4,"[{'date': Timestamp('2020-03-16 00:00:00'), 'volume': 7739600.0}, {'date': Timestamp('2020-02-24 00:00:00'), 'volume': 3849100.0}, {'date': Timestamp('2020-01-27 00:00:00'), 'volume': 1835200.0}, {'date': Timestamp('2020-01-06 00:00:00'), 'volume': 1622900.0}]",2026-08-10,2149255.0,10.800000190734863,0.277695875755853,345
BDJ,1666821900.0,weekly,2020-03-16,9307800.0,2338,0,4,"[{'date': Timestamp('2020-03-16 00:00:00'), 'volume': 9307800.0}, {'date': Timestamp('2020-03-09 00:00:00'), 'volume': 6989500.0}, {'date': Timestamp('2020-02-24 00:00:00'), 'volume': 6041800.0}, {'date': Timestamp('2020-01-06 00:00:00'), 'volume': 3584300.0}]",2026-08-10,2395228.0,9.859999656677246,0.2573355680182213,345
NFJ,1430556144.0,weekly,2020-03-16,4180100.0,2338,0,4,"[{'date': Timestamp('2020-03-16 00:00:00'), 'volume': 4180100.0}, {'date': Timestamp('2020-03-09 00:00:00'), 'volume': 3155000.0}, {'date': Timestamp('2020-02-24 00:00:00'), 'volume': 1925400.0}, {'date': Timestamp('2020-01-06 00:00:00'), 'volume': 1328700.0}]",2026-08-10,774481.0,15.699999809265137,0.1852781033946556,345
BTZ,947243675.0,weekly,2020-03-16,6057400.0,2338,0,4,"[{'date': Timestamp('2020-03-16 00:00:00'), 'volume': 6057400.0}, {'date': Timestamp('2020-03-09 00:00:00'), 'volume': 4009400.0}, {'date': Timestamp('2020-02-10 00:00:00'), 'volume': 3359800.0}, {'date': Timestamp('2020-01-06 00:00:00'), 'volume': 2615100.0}]",2026-08-10,1848395.0,10.220000267028809,0.305146597550104,345
PMT,939169459.6241674,weekly,2020-03-16,27487200.0,2338,0,4,"[{'date': Timestamp('2020-03-16 00:00:00'), 'volume': 27487200.0}, {'date': Timestamp('2020-03-09 00:00:00'), 'volume': 9959400.0}, {'date': Timestamp('2020-02-24 00:00:00'), 'volume': 9824000.0}, {'date': Timestamp('2020-01-06 00:00:00'), 'volume': 4689500.0}]",2026-08-10,6150369.0,9.449999809265137,0.2237539291015454,345
CHW,558174856.0,weekly,2020-03-16,3688900.0,2338,0,9,"[{'date': Timestamp('2020-03-16 00:00:00'), 'volume': 3688900.0}, {'date': Timestamp('2020-03-09 00:00:00'), 'volume': 2602600.0}, {'date': Timestamp('2020-02-24 00:00:00'), 'volume': 2588800.0}, {'date': Timestamp('2020-02-10 00:00:00'), 'volume': 1052400.0}, {'date': Timestamp('2020-02-03 00:00:00'), 'volume': 1000800.0}, {'date': Timestamp('2020-01-27 00:00:00'), 'volume': 909300.0}, {'date': Timestamp('2020-01-20 00:00:00'), 'volume': 831500.0}, {'date': Timestamp('2020-01-13 00:00:00'), 'volume': 726900.0}, {'date': Timestamp('2020-01-06 00:00:00'), 'volume': 716300.0}]",2026-08-10,842041.0,8.670000076293945,0.2282634389655453,345
NKX,650047802.0,weekly,2020-03-16,1753600.0,2338,0,6,"[{'date': Timestamp('2020-03-16 00:00:00'), 'volume': 1753600.0}, {'date': Timestamp('2020-03-09 00:00:00'), 'volume': 1692100.0}, {'date': Timestamp('2020-02-24 00:00:00'), 'volume': 494500.0}, {'date': Timestamp('2020-02-10 00:00:00'), 'volume': 310400.0}, {'date': Timestamp('2020-01-13 00:00:00'), 'volume': 302300.0}, {'date': Timestamp('2020-01-06 00:00:00'), 'volume': 298500.0}]",2026-08-10,721906.0,12.4399995803833,0.4116708485401459,345
FFC,772773516.0,weekly,2020-03-16,3437500.0,2338,0,5,"[{'date': Timestamp('2020-03-16 00:00:00'), 'volume': 3437500.0}, {'date': Timestamp('2020-03-09 00:00:00'), 'volume': 2235100.0}, {'date': Timestamp('2020-02-24 00:00:00'), 'volume': 1964500.0}, {'date': Timestamp('2020-01-13 00:00:00'), 'volume': 577900.0}, {'date': Timestamp('2020-01-06 00:00:00'), 'volume': 482800.0}]",2026-08-10,494316.0,16.219999313354492,0.1438010181818181,345
CCD,712970045.0,weekly,2020-03-16,1148300.0,2338,0,5,"[{'date': Timestamp('2020-03-16 00:00:00'), 'volume': 1148300.0}, {'date': Timestamp('2020-03-09 00:00:00'), 'volume': 1120000.0}, {'date': Timestamp('2020-02-24 00:00:00'), 'volume': 1105000.0}, {'date': Timestamp('2020-01-13 00:00:00'), 'volume': 351300.0}, {'date': Timestamp('2020-01-06 00:00:00'), 'volume': 228500.0}]",2026-08-10,378878.0,26.190000534057617,0.3299468779935557,345
STK,942615072.0,weekly,2020-03-16,962700.0,2338,0,4,"[{'date': Timestamp('2020-03-16 00:00:00'), 'volume': 962700.0}, {'date': Timestamp('2020-02-24 00:00:00'), 'volume': 877700.0}, {'date': Timestamp('2020-01-27 00:00:00'), 'volume': 395600.0}, {'date': Timestamp('2020-01-06 00:00:00'), 'volume': 391500.0}]",2026-08-10,400690.0,53.11000061035156,0.4162148125064921,345
EOS,1126523010.0,weekly,2020-03-16,2479100.0,2338,0,4,"[{'date': Timestamp('2020-03-16 00:00:00'), 'volume': 2479100.0}, {'date': Timestamp('2020-03-09 00:00:00'), 'volume': 1961100.0}, {'date': Timestamp('2020-02-24 00:00:00'), 'volume': 1670500.0}, {'date': Timestamp('2020-01-06 00:00:00'), 'volume': 580000.0}]",2026-08-10,604417.0,21.959999084472656,0.2438050098826187,345
NXRT,732764044.7645551,weekly,2020-03-16,3184000.0,2338,0,2,"[{'date': Timestamp('2020-03-16 00:00:00'), 'volume': 3184000.0}, {'date': Timestamp('2020-01-06 00:00:00'), 'volume': 1872200.0}]",2026-08-10,1207671.0,24.5,0.3792936557788944,345
MFIC,816312752.1765305,weekly,2020-03-16,9338800.0,2338,0,6,"[{'date': Timestamp('2020-03-16 00:00:00'), 'volume': 9338800.0}, {'date': Timestamp('2020-03-09 00:00:00'), 'volume': 9208500.0}, {'date': Timestamp('2020-02-24 00:00:00'), 'volume': 5591600.0}, {'date': Timestamp('2020-02-03 00:00:00'), 'volume': 3576100.0}, {'date': Timestamp('2020-01-13 00:00:00'), 'volume': 2687600.0}, {'date': Timestamp('2020-01-06 00:00:00'), 'volume': 2357800.0}]",2026-08-10,2783455.0,9.75,0.298052747676361,345
ETJ,543798544.0,weekly,2020-03-16,4500200.0,2338,0,4,"[{'date': Timestamp('2020-03-16 00:00:00'), 'volume': 4500200.0}, {'date': Timestamp('2020-02-24 00:00:00'), 'volume': 3728100.0}, {'date': Timestamp('2020-01-27 00:00:00'), 'volume': 1230100.0}, {'date': Timestamp('2020-01-06 00:00:00'), 'volume': 1184200.0}]",2026-08-10,758901.0,8.449999809265137,0.1686371716812586,345
ETG,1750061167.0,weekly,2020-03-16,3764900.0,2338,0,5,"[{'date': Timestamp('2020-03-16 00:00:00'), 'volume': 3764900.0}, {'date': Timestamp('2020-03-09 00:00:00'), 'volume': 2902400.0}, {'date': Timestamp('2020-02-24 00:00:00'), 'volume': 2382100.0}, {'date': Timestamp('2020-01-20 00:00:00'), 'volume': 914400.0}, {'date': Timestamp('2020-01-06 00:00:00'), 'volume': 757100.0}]",2026-08-10,646298.0,24.43000030517578,0.1716640548221732,345
FFA,434741175.0,weekly,2020-03-16,801900.0,2338,0,5,"[{'date': Timestamp('2020-03-16 00:00:00'), 'volume': 801900.0}, {'date': Timestamp('2020-03-09 00:00:00'), 'volume': 370200.0}, {'date': Timestamp('2020-02-24 00:00:00'), 'volume': 325900.0}, {'date': Timestamp('2020-01-13 00:00:00'), 'volume': 210400.0}, {'date': Timestamp('2020-01-06 00:00:00'), 'volume': 206000.0}]",2026-08-10,285659.0,23.61000061035156,0.3562277091906721,345
ETO,495248382.0,weekly,2020-03-16,1091700.0,2338,0,4,"[{'date': Timestamp('2020-03-16 00:00:00'), 'volume': 1091700.0}, {'date': Timestamp('2020-02-24 00:00:00'), 'volume': 861900.0}, {'date': Timestamp('2020-01-13 00:00:00'), 'volume': 280500.0}, {'date': Timestamp('2020-01-06 00:00:00'), 'volume': 220300.0}]",2026-08-10,125017.0,32.099998474121094,0.1145158926444994,345
RNP,967778081.0,weekly,2020-03-16,3570500.0,2338,0,4,"[{'date': Timestamp('2020-03-16 00:00:00'), 'volume': 3570500.0}, {'date': Timestamp('2020-03-09 00:00:00'), 'volume': 2110200.0}, {'date': Timestamp('2020-02-24 00:00:00'), 'volume': 1803500.0}, {'date': Timestamp('2020-01-06 00:00:00'), 'volume': 823800.0}]",2026-08-10,530791.0,20.540000915527344,0.1486601316342249,345
ISD,426803200.0,weekly,2020-03-16,3594300.0,2338,0,3,"[{'date': Timestamp('2020-03-16 00:00:00'), 'volume': 3594300.0}, {'date': Timestamp('2020-02-24 00:00:00'), 'volume': 2234500.0}, {'date': Timestamp('2020-01-06 00:00:00'), 'volume': 659100.0}]",2026-08-10,765529.0,12.40999984741211,0.2129841693792949,345
AVK,568193769.0,weekly,2020-03-16,2352139.0,2338,0,3,"[{'date': Timestamp('2020-03-16 00:00:00'), 'volume': 2352139.0}, {'date': Timestamp('2020-02-24 00:00:00'), 'volume': 1983752.0}, {'date': Timestamp('2020-01-06 00:00:00'), 'volume': 710582.0}]",2026-08-10,591288.0,12.970000267028809,0.2513831027843167,345
CII,1091900000.0,weekly,2020-03-16,2415600.0,2338,0,5,"[{'date': Timestamp('2020-03-16 00:00:00'), 'volume': 2415600.0}, {'date': Timestamp('2020-03-09 00:00:00'), 'volume': 1619400.0}, {'date': Timestamp('2020-02-24 00:00:00'), 'volume': 1610200.0}, {'date': Timestamp('2020-01-13 00:00:00'), 'volume': 661400.0}, {'date': Timestamp('2020-01-06 00:00:00'), 'volume': 604000.0}]",2026-08-10,562184.0,24.559999465942383,0.2327305845338632,345
HPS,457343662.0,weekly,2020-03-16,1547400.0,2338,0,4,"[{'date': Timestamp('2020-03-16 00:00:00'), 'volume': 1547400.0}, {'date': Timestamp('2020-02-24 00:00:00'), 'volume': 1326200.0}, {'date': Timestamp('2020-01-27 00:00:00'), 'volume': 336200.0}, {'date': Timestamp('2020-01-06 00:00:00'), 'volume': 330600.0}]",2026-08-10,385455.0,14.210000038146973,0.2490984877859635,345
DFP,417976790.0,weekly,2020-03-16,1345200.0,2338,0,4,"[{'date': Timestamp('2020-03-16 00:00:00'), 'volume': 1345200.0}, {'date': Timestamp('2020-03-09 00:00:00'), 'volume': 1038000.0}, {'date': Timestamp('2020-02-24 00:00:00'), 'volume': 779000.0}, {'date': Timestamp('2020-01-06 00:00:00'), 'volume': 235700.0}]",2026-08-10,185771.0,20.8799991607666,0.1380991674100505,345
ETW,1010377800.0,weekly,2020-03-16,6836500.0,2338,0,3,"[{'date': Timestamp('2020-03-16 00:00:00'), 'volume': 6836500.0}, {'date': Timestamp('2020-02-24 00:00:00'), 'volume': 4293200.0}, {'date': Timestamp('2020-01-06 00:00:00'), 'volume': 1591300.0}]",2026-08-10,2218161.0,9.789999961853027,0.3244585679806919,345
BOE,673474698.0,weekly,2020-03-16,3395200.0,2338,0,6,"[{'date': Timestamp('2020-03-16 00:00:00'), 'volume': 3395200.0}, {'date': Timestamp('2020-03-09 00:00:00'), 'volume': 2225800.0}, {'date': Timestamp('2020-02-24 00:00:00'), 'volume': 2037100.0}, {'date': Timestamp('2020-02-03 00:00:00'), 'volume': 1118900.0}, {'date': Timestamp('2020-01-27 00:00:00'), 'volume': 1044900.0}, {'date': Timestamp('2020-01-06 00:00:00'), 'volume': 895100.0}]",2026-08-10,679392.0,12.449999809265137,0.2001036757775683,345
WSBF,367560744.71754205,weekly,2020-03-16,1372700.0,2338,0,8,"[{'date': Timestamp('2020-03-16 00:00:00'), 'volume': 1372700.0}, {'date': Timestamp('2020-03-09 00:00:00'), 'volume': 1283900.0}, {'date': Timestamp('2020-03-02 00:00:00'), 'volume': 887600.0}, {'date': Timestamp('2020-02-24 00:00:00'), 'volume': 830400.0}, {'date': Timestamp('2020-02-03 00:00:00'), 'volume': 489400.0}, {'date': Timestamp('2020-01-27 00:00:00'), 'volume': 373300.0}, {'date': Timestamp('2020-01-13 00:00:00'), 'volume': 271100.0}, {'date': Timestamp('2020-01-06 00:00:00'), 'volume': 244400.0}]",2026-08-10,326647.0,21.26000022888184,0.2379594958840241,345
NMFC,663055805.2695651,weekly,2020-03-16,13781000.0,2338,0,4,"[{'date': Timestamp('2020-03-16 00:00:00'), 'volume': 13781000.0}, {'date': Timestamp('2020-03-09 00:00:00'), 'volume': 10307400.0}, {'date': Timestamp('2020-02-24 00:00:00'), 'volume': 7632100.0}, {'date': Timestamp('2020-01-06 00:00:00'), 'volume': 2740600.0}]",2026-08-10,3546525.0,7.730000019073486,0.2573488861475945,345
BGR,377006322.0,weekly,2020-03-16,2376900.0,2338,0,4,"[{'date': Timestamp('2020-03-16 00:00:00'), 'volume': 2376900.0}, {'date': Timestamp('2020-03-09 00:00:00'), 'volume': 2114900.0}, {'date': Timestamp('2020-02-24 00:00:00'), 'volume': 2073900.0}, {'date': Timestamp('2020-01-06 00:00:00'), 'volume': 1921000.0}]",2026-08-10,444933.0,16.889999389648438,0.1871904581597879,345
BTT,1439206548.0,weekly,2020-03-16,3085100.0,2338,0,7,"[{'date': Timestamp('2020-03-16 00:00:00'), 'volume': 3085100.0}, {'date': Timestamp('2020-03-02 00:00:00'), 'volume': 2071300.0}, {'date': Timestamp('2020-02-24 00:00:00'), 'volume': 1209700.0}, {'date': Timestamp('2020-02-03 00:00:00'), 'volume': 608700.0}, {'date': Timestamp('2020-01-27 00:00:00'), 'volume': 541000.0}, {'date': Timestamp('2020-01-13 00:00:00'), 'volume': 474500.0}, {'date': Timestamp('2020-01-06 00:00:00'), 'volume': 451500.0}]",2026-08-10,309930.0,22.64999961853028,0.1004602768143658,345
CHY,1070802899.0,weekly,2020-03-16,4543300.0,2338,0,5,"[{'date': Timestamp('2020-03-16 00:00:00'), 'volume': 4543300.0}, {'date': Timestamp('2020-03-09 00:00:00'), 'volume': 3176700.0}, {'date': Timestamp('2020-02-24 00:00:00'), 'volume': 2399800.0}, {'date': Timestamp('2020-02-03 00:00:00'), 'volume': 986400.0}, {'date': Timestamp('2020-01-06 00:00:00'), 'volume': 960900.0}]",2026-08-10,893236.0,13.510000228881836,0.1966051108225298,345
HTD,898196130.0,weekly,2020-03-16,2185200.0,2338,0,3,"[{'date': Timestamp('2020-03-16 00:00:00'), 'volume': 2185200.0}, {'date': Timestamp('2020-02-24 00:00:00'), 'volume': 1272300.0}, {'date': Timestamp('2020-01-06 00:00:00'), 'volume': 395500.0}]",2026-08-10,209239.0,25.5,0.0957527915064982,345
BLW,480527939.0,weekly,2020-03-16,2754300.0,2338,0,4,"[{'date': Timestamp('2020-03-16 00:00:00'), 'volume': 2754300.0}, {'date': Timestamp('2020-03-09 00:00:00'), 'volume': 2006700.0}, {'date': Timestamp('2020-02-24 00:00:00'), 'volume': 1731700.0}, {'date': Timestamp('2020-01-06 00:00:00'), 'volume': 1062600.0}]",2026-08-10,1174334.0,12.869999885559082,0.4263638674073267,345
BBN,993005475.0,weekly,2020-03-16,4370700.0,2338,0,5,"[{'date': Timestamp('2020-03-16 00:00:00'), 'volume': 4370700.0}, {'date': Timestamp('2020-03-09 00:00:00'), 'volume': 4116700.0}, {'date': Timestamp('2020-02-24 00:00:00'), 'volume': 2508800.0}, {'date': Timestamp('2020-01-20 00:00:00'), 'volume': 1012900.0}, {'date': Timestamp('2020-01-06 00:00:00'), 'volume': 957700.0}]",2026-08-10,751808.0,15.850000381469728,0.1720108907040062,345
FOF,373503150.0,weekly,2020-03-16,2072800.0,2338,0,4,"[{'date': Timestamp('2020-03-16 00:00:00'), 'volume': 2072800.0}, {'date': Timestamp('2020-03-09 00:00:00'), 'volume': 1046300.0}, {'date': Timestamp('2020-02-24 00:00:00'), 'volume': 881800.0}, {'date': Timestamp('2020-01-06 00:00:00'), 'volume': 401900.0}]",2026-08-10,254372.0,13.75,0.1227190274025472,345
HPI,427166400.0,weekly,2020-03-16,1703400.0,2338,0,5,"[{'date': Timestamp('2020-03-16 00:00:00'), 'volume': 1703400.0}, {'date': Timestamp('2020-03-09 00:00:00'), 'volume': 1095300.0}, {'date': Timestamp('2020-02-24 00:00:00'), 'volume': 978000.0}, {'date': Timestamp('2020-01-27 00:00:00'), 'volume': 323600.0}, {'date': Timestamp('2020-01-06 00:00:00'), 'volume': 286500.0}]",2026-08-10,218164.0,16.09000015258789,0.1280756134789245,345
HTB,824134352.4835614,weekly,2020-03-16,1069100.0,2338,0,5,"[{'date': Timestamp('2020-03-16 00:00:00'), 'volume': 1069100.0}, {'date': Timestamp('2020-03-02 00:00:00'), 'volume': 626000.0}, {'date': Timestamp('2020-02-24 00:00:00'), 'volume': 390800.0}, {'date': Timestamp('2020-01-13 00:00:00'), 'volume': 225700.0}, {'date': Timestamp('2020-01-06 00:00:00'), 'volume': 206000.0}]",2026-08-10,587312.0,49.97999954223633,0.5493517912262651,345
CHI,1058066148.0,weekly,2020-03-16,4417600.0,2338,0,4,"[{'date': Timestamp('2020-03-16 00:00:00'), 'volume': 4417600.0}, {'date': Timestamp('2020-03-09 00:00:00'), 'volume': 3580400.0}, {'date': Timestamp('2020-02-24 00:00:00'), 'volume': 2810800.0}, {'date': Timestamp('2020-01-06 00:00:00'), 'volume': 845900.0}]",2026-08-10,852368.0,13.300000190734863,0.1929482071713147,345
FPF,1095868878.0,weekly,2020-03-16,3712600.0,2338,0,3,"[{'date': Timestamp('2020-03-16 00:00:00'), 'volume': 3712600.0}, {'date': Timestamp('2020-03-09 00:00:00'), 'volume': 2383200.0}, {'date': Timestamp('2020-01-06 00:00:00'), 'volume': 1665900.0}]",2026-08-10,615458.0,17.860000610351562,0.1657754673274794,345
AWP,358977740.0,weekly,2020-03-16,2384267.0,2338,0,4,"[{'date': Timestamp('2020-03-16 00:00:00'), 'volume': 2384267.0}, {'date': Timestamp('2020-02-24 00:00:00'), 'volume': 1603200.0}, {'date': Timestamp('2020-01-13 00:00:00'), 'volume': 882633.0}, {'date': Timestamp('2020-01-06 00:00:00'), 'volume': 742734.0}]",2026-08-10,605719.0,11.850000381469728,0.2540483091868486,345
RQI,1668834750.0,weekly,2020-03-16,10601000.0,2338,0,6,"[{'date': Timestamp('2020-03-16 00:00:00'), 'volume': 10601000.0}, {'date': Timestamp('2020-03-09 00:00:00'), 'volume': 7772300.0}, {'date': Timestamp('2020-02-24 00:00:00'), 'volume': 7563700.0}, {'date': Timestamp('2020-02-10 00:00:00'), 'volume': 5309500.0}, {'date': Timestamp('2020-01-13 00:00:00'), 'volume': 3917500.0}, {'date': Timestamp('2020-01-06 00:00:00'), 'volume': 3429200.0}]",2026-08-10,2979396.0,12.5,0.2810485803226111,345
DSL,1240836420.0,weekly,2020-03-16,11145000.0,2338,0,4,"[{'date': Timestamp('2020-03-16 00:00:00'), 'volume': 11145000.0}, {'date': Timestamp('2020-03-09 00:00:00'), 'volume': 8692500.0}, {'date': Timestamp('2020-02-24 00:00:00'), 'volume': 5624500.0}, {'date': Timestamp('2020-01-06 00:00:00'), 'volume': 1935000.0}]",2026-08-10,2179118.0,10.84000015258789,0.1955242709735307,345
PFN,682312692.0,weekly,2020-03-16,6435100.0,2338,0,4,"[{'date': Timestamp('2020-03-16 00:00:00'), 'volume': 6435100.0}, {'date': Timestamp('2020-02-24 00:00:00'), 'volume': 4984100.0}, {'date': Timestamp('2020-02-03 00:00:00'), 'volume': 1216800.0}, {'date': Timestamp('2020-01-06 00:00:00'), 'volume': 1211900.0}]",2026-08-10,1776540.0,7.079999923706055,0.2760703019378098,345
FRA,385176276.0,weekly,2020-03-16,4397000.0,2338,0,4,"[{'date': Timestamp('2020-03-16 00:00:00'), 'volume': 4397000.0}, {'date': Timestamp('2020-03-09 00:00:00'), 'volume': 2275700.0}, {'date': Timestamp('2020-02-24 00:00:00'), 'volume': 1809100.0}, {'date': Timestamp('2020-01-06 00:00:00'), 'volume': 1502800.0}]",2026-08-10,1093618.0,10.949999809265137,0.2487191266772799,345
BGB,503367788.0,weekly,2020-03-16,4394600.0,2338,0,4,"[{'date': Timestamp('2020-03-16 00:00:00'), 'volume': 4394600.0}, {'date': Timestamp('2020-03-09 00:00:00'), 'volume': 2651400.0}, {'date': Timestamp('2020-02-24 00:00:00'), 'volume': 1916700.0}, {'date': Timestamp('2020-01-06 00:00:00'), 'volume': 788700.0}]",2026-08-10,593376.0,11.289999961853027,0.1350238929595412,345
CGBD,751263888.1424502,weekly,2020-03-16,6425500.0,2338,0,7,"[{'date': Timestamp('2020-03-16 00:00:00'), 'volume': 6425500.0}, {'date': Timestamp('2020-03-09 00:00:00'), 'volume': 3287400.0}, {'date': Timestamp('2020-02-24 00:00:00'), 'volume': 2943200.0}, {'date': Timestamp('2020-02-10 00:00:00'), 'volume': 2175800.0}, {'date': Timestamp('2020-02-03 00:00:00'), 'volume': 1723600.0}, {'date': Timestamp('2020-01-13 00:00:00'), 'volume': 1610400.0}, {'date': Timestamp('2020-01-06 00:00:00'), 'volume': 1310100.0}]",2026-08-10,3445078.0,11.350000381469728,0.5361571862111898,345
EAD,379372566.0,weekly,2020-03-16,5599800.0,2338,0,5,"[{'date': Timestamp('2020-03-16 00:00:00'), 'volume': 5599800.0}, {'date': Timestamp('2020-03-09 00:00:00'), 'volume': 3696400.0}, {'date': Timestamp('2020-02-24 00:00:00'), 'volume': 3576200.0}, {'date': Timestamp('2020-01-27 00:00:00'), 'volume': 1184900.0}, {'date': Timestamp('2020-01-06 00:00:00'), 'volume': 1141100.0}]",2026-08-10,1444332.0,6.380000114440918,0.2579256402014357,345
EVV,1079525870.0,weekly,2020-03-16,6507700.0,2338,0,4,"[{'date': Timestamp('2020-03-16 00:00:00'), 'volume': 6507700.0}, {'date': Timestamp('2020-02-24 00:00:00'), 'volume': 5022400.0}, {'date': Timestamp('2020-01-13 00:00:00'), 'volume': 2074200.0}, {'date': Timestamp('2020-01-06 00:00:00'), 'volume': 1500000.0}]",2026-08-10,2651881.0,9.149999618530272,0.4074989627671835,345
ARDC,300773300.0,weekly,2020-03-16,1835200.0,2338,0,6,"[{'date': Timestamp('2020-03-16 00:00:00'), 'volume': 1835200.0}, {'date': Timestamp('2020-03-09 00:00:00'), 'volume': 1410700.0}, {'date': Timestamp('2020-02-24 00:00:00'), 'volume': 1170600.0}, {'date': Timestamp('2020-02-03 00:00:00'), 'volume': 550400.0}, {'date': Timestamp('2020-01-13 00:00:00'), 'volume': 520200.0}, {'date': Timestamp('2020-01-06 00:00:00'), 'volume': 519500.0}]",2026-08-10,291288.0,12.479999542236328,0.1587227550130776,345
TYG,911108311.0,weekly,2020-03-16,2896050.0,2338,0,5,"[{'date': Timestamp('2020-03-16 00:00:00'), 'volume': 2896050.0}, {'date': Timestamp('2020-03-09 00:00:00'), 'volume': 2097425.0}, {'date': Timestamp('2020-02-24 00:00:00'), 'volume': 1294075.0}, {'date': Timestamp('2020-02-10 00:00:00'), 'volume': 1083875.0}, {'date': Timestamp('2020-01-06 00:00:00'), 'volume': 721525.0}]",2026-08-10,607605.0,44.290000915527344,0.2098047340342881,345
HYT,1668959157.4,weekly,2020-03-16,12722100.0,2338,0,3,"[{'date': Timestamp('2020-03-16 00:00:00'), 'volume': 12722100.0}, {'date': Timestamp('2020-02-24 00:00:00'), 'volume': 8298900.0}, {'date': Timestamp('2020-01-06 00:00:00'), 'volume': 2867300.0}]",2026-08-10,4664043.0,8.319999694824219,0.3666095220128752,345
HPF,340324842.0,weekly,2020-03-16,1097100.0,2338,0,5,"[{'date': Timestamp('2020-03-16 00:00:00'), 'volume': 1097100.0}, {'date': Timestamp('2020-03-09 00:00:00'), 'volume': 751600.0}, {'date': Timestamp('2020-02-24 00:00:00'), 'volume': 704100.0}, {'date': Timestamp('2020-01-27 00:00:00'), 'volume': 242600.0}, {'date': Timestamp('2020-01-06 00:00:00'), 'volume': 180400.0}]",2026-08-10,129538.0,15.859999656677246,0.1180731018138729,345
GHY,484979424.0,weekly,2020-03-16,3073900.0,2338,0,4,"[{'date': Timestamp('2020-03-16 00:00:00'), 'volume': 3073900.0}, {'date': Timestamp('2020-02-24 00:00:00'), 'volume': 2212200.0}, {'date': Timestamp('2020-02-10 00:00:00'), 'volume': 757700.0}, {'date': Timestamp('2020-01-06 00:00:00'), 'volume': 713300.0}]",2026-08-10,740192.0,11.68000030517578,0.2407989850027652,345
MXF,313060371.0,weekly,2020-03-14,760600.0,2340,0,4,"[{'date': Timestamp('2020-03-14 00:00:00'), 'volume': 760600.0}, {'date': Timestamp('2020-03-07 00:00:00'), 'volume': 578400.0}, {'date': Timestamp('2020-01-11 00:00:00'), 'volume': 461100.0}, {'date': Timestamp('2020-01-04 00:00:00'), 'volume': 379000.0}]",2026-08-10,219649.0,21.5,0.2887838548514331,346
TY,1855716324.0,weekly,2020-03-14,1239100.0,2340,0,5,"[{'date': Timestamp('2020-03-14 00:00:00'), 'volume': 1239100.0}, {'date': Timestamp('2020-03-07 00:00:00'), 'volume': 1198600.0}, {'date': Timestamp('2020-02-22 00:00:00'), 'volume': 624900.0}, {'date': Timestamp('2020-02-08 00:00:00'), 'volume': 383700.0}, {'date': Timestamp('2020-01-04 00:00:00'), 'volume': 293600.0}]",2026-08-10,206974.0,35.939998626708984,0.1670357517553062,346
DSU,622251120.0,weekly,2020-03-14,4151700.0,2340,0,4,"[{'date': Timestamp('2020-03-14 00:00:00'), 'volume': 4151700.0}, {'date': Timestamp('2020-03-07 00:00:00'), 'volume': 2131800.0}, {'date': Timestamp('2020-02-22 00:00:00'), 'volume': 2072300.0}, {'date': Timestamp('2020-01-04 00:00:00'), 'volume': 995200.0}]",2026-08-10,1472485.0,9.449999809265137,0.354670375990558,346
RMT,742611748.0,weekly,2020-03-14,2394100.0,2340,0,5,"[{'date': Timestamp('2020-03-14 00:00:00'), 'volume': 2394100.0}, {'date': Timestamp('2020-03-07 00:00:00'), 'volume': 1706200.0}, {'date': Timestamp('2020-02-22 00:00:00'), 'volume': 1394200.0}, {'date': Timestamp('2020-01-11 00:00:00'), 'volume': 924500.0}, {'date': Timestamp('2020-01-04 00:00:00'), 'volume': 711600.0}]",2026-08-10,496594.0,14.609999656677246,0.2074240842070089,346
IIM,597297996.0,weekly,2020-03-14,4539300.0,2340,0,4,"[{'date': Timestamp('2020-03-14 00:00:00'), 'volume': 4539300.0}, {'date': Timestamp('2020-03-07 00:00:00'), 'volume': 3531300.0}, {'date': Timestamp('2020-02-22 00:00:00'), 'volume': 1131500.0}, {'date': Timestamp('2020-01-04 00:00:00'), 'volume': 471600.0}]",2026-08-10,476595.0,12.789999961853027,0.1049930606040579,346
HQH,1213618484.0,weekly,2020-03-14,2422000.0,2340,0,5,"[{'date': Timestamp('2020-03-14 00:00:00'), 'volume': 2422000.0}, {'date': Timestamp('2020-03-07 00:00:00'), 'volume': 1656400.0}, {'date': Timestamp('2020-02-22 00:00:00'), 'volume': 1641300.0}, {'date': Timestamp('2020-01-11 00:00:00'), 'volume': 927600.0}, {'date': Timestamp('2020-01-04 00:00:00'), 'volume': 785300.0}]",2026-08-10,1253394.0,23.31999969482422,0.517503715937242,346
AWF,882129831.0,weekly,2020-03-14,5376500.0,2340,0,3,"[{'date': Timestamp('2020-03-14 00:00:00'), 'volume': 5376500.0}, {'date': Timestamp('2020-02-22 00:00:00'), 'volume': 3670800.0}, {'date': Timestamp('2020-01-04 00:00:00'), 'volume': 1826000.0}]",2026-08-10,2252799.0,10.149999618530272,0.4190084627545801,346
TEI,309346020.0,weekly,2020-03-14,2847600.0,2340,0,2,"[{'date': Timestamp('2020-03-14 00:00:00'), 'volume': 2847600.0}, {'date': Timestamp('2020-01-04 00:00:00'), 'volume': 2097600.0}]",2026-08-10,743031.0,6.78000020980835,0.2609323640960809,346
ECPG,1942930121.3772032,weekly,2020-03-14,7207100.0,2340,0,5,"[{'date': Timestamp('2020-03-14 00:00:00'), 'volume': 7207100.0}, {'date': Timestamp('2020-03-07 00:00:00'), 'volume': 3779100.0}, {'date': Timestamp('2020-02-22 00:00:00'), 'volume': 3236600.0}, {'date': Timestamp('2020-01-11 00:00:00'), 'volume': 1170300.0}, {'date': Timestamp('2020-01-04 00:00:00'), 'volume': 1168100.0}]",2026-08-10,1906095.0,103.73999786376952,0.2644746153099027,346
IQI,530953352.0,weekly,2020-03-14,2065300.0,2340,0,5,"[{'date': Timestamp('2020-03-14 00:00:00'), 'volume': 2065300.0}, {'date': Timestamp('2020-03-07 00:00:00'), 'volume': 1475200.0}, {'date': Timestamp('2020-02-22 00:00:00'), 'volume': 907400.0}, {'date': Timestamp('2020-01-25 00:00:00'), 'volume': 561800.0}, {'date': Timestamp('2020-01-04 00:00:00'), 'volume': 384900.0}]",2026-08-10,1198268.0,10.270000457763672,0.5801907713165158,346
VCV,511399896.0,weekly,2020-03-14,1844300.0,2340,0,5,"[{'date': Timestamp('2020-03-14 00:00:00'), 'volume': 1844300.0}, {'date': Timestamp('2020-03-07 00:00:00'), 'volume': 1456400.0}, {'date': Timestamp('2020-02-22 00:00:00'), 'volume': 730000.0}, {'date': Timestamp('2020-01-11 00:00:00'), 'volume': 446200.0}, {'date': Timestamp('2020-01-04 00:00:00'), 'volume': 323300.0}]",2026-08-10,530017.0,10.760000228881836,0.287381120208209,346
MYN,949707124.0,weekly,2020-03-14,1477700.0,2340,0,5,"[{'date': Timestamp('2020-03-14 00:00:00'), 'volume': 1477700.0}, {'date': Timestamp('2020-03-07 00:00:00'), 'volume': 936900.0}, {'date': Timestamp('2020-02-22 00:00:00'), 'volume': 363400.0}, {'date': Timestamp('2020-01-11 00:00:00'), 'volume': 252500.0}, {'date': Timestamp('2020-01-04 00:00:00'), 'volume': 238200.0}]",2026-08-10,663733.0,9.84000015258789,0.4491662719090478,346
FAX,628727040.0,weekly,2020-03-14,1889234.0,2340,0,6,"[{'date': Timestamp('2020-03-14 00:00:00'), 'volume': 1889234.0}, {'date': Timestamp('2020-03-07 00:00:00'), 'volume': 1580684.0}, {'date': Timestamp('2020-02-22 00:00:00'), 'volume': 1417601.0}, {'date': Timestamp('2020-02-08 00:00:00'), 'volume': 741167.0}, {'date': Timestamp('2020-01-25 00:00:00'), 'volume': 726851.0}, {'date': Timestamp('2020-01-04 00:00:00'), 'volume': 546517.0}]",2026-08-10,806262.0,14.5,0.4267666154642569,346
STEW,1715694285.0,weekly,2020-03-14,2903500.0,2340,0,6,"[{'date': Timestamp('2020-03-14 00:00:00'), 'volume': 2903500.0}, {'date': Timestamp('2020-03-07 00:00:00'), 'volume': 2098000.0}, {'date': Timestamp('2020-02-29 00:00:00'), 'volume': 1644100.0}, {'date': Timestamp('2020-02-22 00:00:00'), 'volume': 1560300.0}, {'date': Timestamp('2020-01-11 00:00:00'), 'volume': 1009800.0}, {'date': Timestamp('2020-01-04 00:00:00'), 'volume': 720500.0}]",2026-08-10,443675.0,18.540000915527344,0.1528069571207163,346
NAC,1861255660.0,weekly,2020-03-14,4848300.0,2340,0,6,"[{'date': Timestamp('2020-03-14 00:00:00'), 'volume': 4848300.0}, {'date': Timestamp('2020-03-07 00:00:00'), 'volume': 4380100.0}, {'date': Timestamp('2020-02-22 00:00:00'), 'volume': 2561800.0}, {'date': Timestamp('2020-01-25 00:00:00'), 'volume': 959800.0}, {'date': Timestamp('2020-01-11 00:00:00'), 'volume': 929600.0}, {'date': Timestamp('2020-01-04 00:00:00'), 'volume': 877900.0}]",2026-08-10,2197565.0,11.880000114440918,0.453265061980488,346
SBGI,995884960.061824,weekly,2020-03-14,19480100.0,2340,0,7,"[{'date': Timestamp('2020-03-14 00:00:00'), 'volume': 19480100.0}, {'date': Timestamp('2020-03-07 00:00:00'), 'volume': 18365000.0}, {'date': Timestamp('2020-02-29 00:00:00'), 'volume': 17683800.0}, {'date': Timestamp('2020-02-22 00:00:00'), 'volume': 14060900.0}, {'date': Timestamp('2020-01-25 00:00:00'), 'volume': 9139700.0}, {'date': Timestamp('2020-01-18 00:00:00'), 'volume': 6730300.0}, {'date': Timestamp('2020-01-04 00:00:00'), 'volume': 5812900.0}]",2026-08-10,2942726.0,14.84000015258789,0.1510631875606388,346
GBAB,381417372.0,weekly,2020-03-09,1225300.0,2345,0,3,"[{'date': Timestamp('2020-03-09 00:00:00'), 'volume': 1225300.0}, {'date': Timestamp('2020-02-24 00:00:00'), 'volume': 1116700.0}, {'date': Timestamp('2020-01-06 00:00:00'), 'volume': 218900.0}]",2026-08-10,479915.0,14.079999923706056,0.3916714274055333,345
EMO,1198617854.0,weekly,2020-03-09,2120660.0,2345,0,7,"[{'date': Timestamp('2020-03-09 00:00:00'), 'volume': 2120660.0}, {'date': Timestamp('2020-03-02 00:00:00'), 'volume': 948160.0}, {'date': Timestamp('2020-02-24 00:00:00'), 'volume': 809780.0}, {'date': Timestamp('2020-02-10 00:00:00'), 'volume': 522280.0}, {'date': Timestamp('2020-02-03 00:00:00'), 'volume': 324340.0}, {'date': Timestamp('2020-01-27 00:00:00'), 'volume': 302580.0}, {'date': Timestamp('2020-01-06 00:00:00'), 'volume': 268900.0}]",2026-08-10,157663.0,53.36000061035156,0.074346194109381,345
NML,560356521.0,weekly,2020-03-09,6838300.0,2345,0,4,"[{'date': Timestamp('2020-03-09 00:00:00'), 'volume': 6838300.0}, {'date': Timestamp('2020-02-24 00:00:00'), 'volume': 2873800.0}, {'date': Timestamp('2020-01-27 00:00:00'), 'volume': 2097400.0}, {'date': Timestamp('2020-01-06 00:00:00'), 'volume': 1271600.0}]",2026-08-10,584101.0,10.760000228881836,0.0854161121916265,345
VKI,414752040.0,weekly,2020-03-07,1584400.0,2347,0,5,"[{'date': Timestamp('2020-03-07 00:00:00'), 'volume': 1584400.0}, {'date': Timestamp('2020-02-22 00:00:00'), 'volume': 961400.0}, {'date': Timestamp('2020-01-25 00:00:00'), 'volume': 690600.0}, {'date': Timestamp('2020-01-11 00:00:00'), 'volume': 485400.0}, {'date': Timestamp('2020-01-04 00:00:00'), 'volume': 324400.0}]",2026-08-10,385329.0,9.119999885559082,0.2432018429689472,346
CLB,507985455.3791208,weekly,2020-03-07,21662300.0,2347,0,5,"[{'date': Timestamp('2020-03-07 00:00:00'), 'volume': 21662300.0}, {'date': Timestamp('2020-02-29 00:00:00'), 'volume': 7395600.0}, {'date': Timestamp('2020-02-22 00:00:00'), 'volume': 6064900.0}, {'date': Timestamp('2020-01-25 00:00:00'), 'volume': 4480100.0}, {'date': Timestamp('2020-01-04 00:00:00'), 'volume': 3646800.0}]",2026-08-10,3617496.0,12.449999809265137,0.1669950097635061,346
EVN,442965480.0,weekly,2020-03-07,1758800.0,2347,0,5,"[{'date': Timestamp('2020-03-07 00:00:00'), 'volume': 1758800.0}, {'date': Timestamp('2020-02-29 00:00:00'), 'volume': 1110500.0}, {'date': Timestamp('2020-02-22 00:00:00'), 'volume': 882200.0}, {'date': Timestamp('2020-02-01 00:00:00'), 'volume': 567300.0}, {'date': Timestamp('2020-01-04 00:00:00'), 'volume': 521400.0}]",2026-08-10,367520.0,10.899999618530272,0.20896065499204,346
PEO,680238670.0,weekly,2020-03-07,2873300.0,2347,0,4,"[{'date': Timestamp('2020-03-07 00:00:00'), 'volume': 2873300.0}, {'date': Timestamp('2020-02-22 00:00:00'), 'volume': 1645200.0}, {'date': Timestamp('2020-02-15 00:00:00'), 'volume': 1071300.0}, {'date': Timestamp('2020-01-04 00:00:00'), 'volume': 844400.0}]",2026-08-10,274854.0,27.790000915527344,0.095657954268611,346
IGD,483463905.0,weekly,2020-02-24,6157000.0,2359,0,3,"[{'date': Timestamp('2020-02-24 00:00:00'), 'volume': 6157000.0}, {'date': Timestamp('2020-02-03 00:00:00'), 'volume': 2960700.0}, {'date': Timestamp('2020-01-06 00:00:00'), 'volume': 2684000.0}]",2026-08-10,1731841.0,6.690000057220459,0.2812800064966704,345
USA,1759930490.0,weekly,2020-02-22,14374300.0,2361,0,4,"[{'date': Timestamp('2020-02-22 00:00:00'), 'volume': 14374300.0}, {'date': Timestamp('2020-01-18 00:00:00'), 'volume': 4774000.0}, {'date': Timestamp('2020-01-11 00:00:00'), 'volume': 4690300.0}, {'date': Timestamp('2020-01-04 00:00:00'), 'volume': 4562400.0}]",2026-08-10,7292360.0,6.070000171661377,0.5073193129404562,346
GEL,1727971626.2532096,weekly,2020-02-22,20869000.0,2361,0,3,"[{'date': Timestamp('2020-02-22 00:00:00'), 'volume': 20869000.0}, {'date': Timestamp('2020-02-15 00:00:00'), 'volume': 8919400.0}, {'date': Timestamp('2020-01-04 00:00:00'), 'volume': 4917500.0}]",2026-08-10,2253111.0,15.81999969482422,0.1079644927883463,346
GAB,1758263050.0,weekly,2020-02-22,12591902.0,2361,0,4,"[{'date': Timestamp('2020-02-22 00:00:00'), 'volume': 12591902.0}, {'date': Timestamp('2020-01-25 00:00:00'), 'volume': 3505923.0}, {'date': Timestamp('2020-01-11 00:00:00'), 'volume': 2872278.0}, {'date': Timestamp('2020-01-04 00:00:00'), 'volume': 2516068.0}]",2026-08-10,3959835.0,5.800000190734863,0.3144747314583611,346
BXC,508034749.0161751,weekly,2020-02-17,2459300.0,2366,0,3,"[{'date': Timestamp('2020-02-17 00:00:00'), 'volume': 2459300.0}, {'date': Timestamp('2020-01-13 00:00:00'), 'volume': 632500.0}, {'date': Timestamp('2020-01-06 00:00:00'), 'volume': 601500.0}]",2026-08-10,996500.0,86.5199966430664,0.405196600658724,345
AFYA,1336332398.167685,weekly,2020-02-03,3877100.0,2380,0,3,"[{'date': Timestamp('2020-02-03 00:00:00'), 'volume': 3877100.0}, {'date': Timestamp('2020-01-13 00:00:00'), 'volume': 1616300.0}, {'date': Timestamp('2020-01-06 00:00:00'), 'volume': 504200.0}]",2026-08-10,816255.0,13.84000015258789,0.2105323566583271,345
PBYI,412794592.8970013,weekly,2020-02-03,35483000.0,2380,0,3,"[{'date': Timestamp('2020-02-03 00:00:00'), 'volume': 35483000.0}, {'date': Timestamp('2020-01-13 00:00:00'), 'volume': 11608900.0}, {'date': Timestamp('2020-01-06 00:00:00'), 'volume': 7707600.0}]",2026-08-10,1539029.0,8.829999923706055,0.0433737000817292,345
GDOT,757248350.3701493,weekly,2020-02-03,18932400.0,2380,0,5,"[{'date': Timestamp('2020-02-03 00:00:00'), 'volume': 18932400.0}, {'date': Timestamp('2020-01-27 00:00:00'), 'volume': 6982000.0}, {'date': Timestamp('2020-01-20 00:00:00'), 'volume': 5082100.0}, {'date': Timestamp('2020-01-13 00:00:00'), 'volume': 4138500.0}, {'date': Timestamp('2020-01-06 00:00:00'), 'volume': 3720400.0}]",2026-08-10,3185949.0,13.529999732971191,0.1682802497306205,345
CSR,957779451.0660793,weekly,2020-02-01,3287500.0,2382,0,3,"[{'date': Timestamp('2020-02-01 00:00:00'), 'volume': 3287500.0}, {'date': Timestamp('2020-01-11 00:00:00'), 'volume': 239400.0}, {'date': Timestamp('2020-01-04 00:00:00'), 'volume': 195600.0}]",2026-08-10,598337.0,55.84000015258789,0.182003650190114,346
FCBC,851832755.9972923,weekly,2020-02-01,870700.0,2382,0,3,"[{'date': Timestamp('2020-02-01 00:00:00'), 'volume': 870700.0}, {'date': Timestamp('2020-01-11 00:00:00'), 'volume': 300300.0}, {'date': Timestamp('2020-01-04 00:00:00'), 'volume': 198100.0}]",2026-08-10,470775.0,49.52000045776367,0.5406856552199379,346
MTW,514943436.9004149,weekly,2020-02-01,4629600.0,2382,0,3,"[{'date': Timestamp('2020-02-01 00:00:00'), 'volume': 4629600.0}, {'date': Timestamp('2020-01-11 00:00:00'), 'volume': 1514800.0}, {'date': Timestamp('2020-01-04 00:00:00'), 'volume': 1005200.0}]",2026-08-10,3344565.0,20.68000030517578,0.7224306635562467,346
CMRE,1740095790.1122448,weekly,2020-01-20,7996400.0,2394,0,3,"[{'date': Timestamp('2020-01-20 00:00:00'), 'volume': 7996400.0}, {'date': Timestamp('2020-01-13 00:00:00'), 'volume': 4928200.0}, {'date': Timestamp('2020-01-06 00:00:00'), 'volume': 3441300.0}]",2026-08-10,1783526.0,14.640000343322754,0.2230411185033265,345
VEL,715231193.3881688,weekly,2020-01-13,3438500.0,2401,0,1,"[{'date': Timestamp('2020-01-13 00:00:00'), 'volume': 3438500.0}]",2026-08-10,564331.0,18.15999984741211,0.1641212738112549,344
LPG,1542743491.5474963,weekly,2020-01-13,13658100.0,2401,0,2,"[{'date': Timestamp('2020-01-13 00:00:00'), 'volume': 13658100.0}, {'date': Timestamp('2020-01-06 00:00:00'), 'volume': 5558000.0}]",2026-08-10,2131566.0,47.369998931884766,0.1560660706833307,345
CNXN,1801644328.79595,weekly,2020-01-04,4182000.0,2410,0,1,"[{'date': Timestamp('2020-01-04 00:00:00'), 'volume': 4182000.0}]",2026-08-10,847827.0,81.08000183105469,0.2027324246771879,346
