ticker,market_cap,timeframe,hve_date,hve_volume,days_since_hve,hve_occ_1y,total_hve_count,all_hve_details,latest_date,latest_volume,latest_close,volume_ratio,data_points
HTFL,3074485529.9814177,weekly,2026-08-10,23672458.0,0,5,5,"[{'date': Timestamp('2026-08-10 00:00:00'), 'volume': 23672458.0}, {'date': Timestamp('2026-06-22 00:00:00'), 'volume': 18461200.0}, {'date': Timestamp('2026-02-02 00:00:00'), 'volume': 15686100.0}, {'date': Timestamp('2025-12-15 00:00:00'), 'volume': 6724300.0}, {'date': Timestamp('2025-08-11 00:00:00'), 'volume': 5842600.0}]",2026-08-10,23672458.0,42.08000183105469,1.0,53
BIRK,8169107575.122192,weekly,2026-08-10,39881130.0,0,1,2,"[{'date': Timestamp('2026-08-10 00:00:00'), 'volume': 39881130.0}, {'date': Timestamp('2023-10-09 00:00:00'), 'volume': 27880100.0}]",2026-08-10,39881130.0,39.34999847412109,1.0,149
BTDR,4172828921.1866975,weekly,2026-08-10,107870341.0,0,4,20,"[{'date': Timestamp('2026-08-10 00:00:00'), 'volume': 107870341.0}, {'date': Timestamp('2026-02-16 00:00:00'), 'volume': 94234800.0}, {'date': Timestamp('2025-11-10 00:00:00'), 'volume': 82684200.0}, {'date': Timestamp('2025-10-13 00:00:00'), 'volume': 73886500.0}, {'date': Timestamp('2024-12-09 00:00:00'), 'volume': 62529400.0}, {'date': Timestamp('2024-12-02 00:00:00'), 'volume': 60046000.0}, {'date': Timestamp('2024-11-18 00:00:00'), 'volume': 44083000.0}, {'date': Timestamp('2024-11-11 00:00:00'), 'volume': 40520800.0}, {'date': Timestamp('2024-08-12 00:00:00'), 'volume': 24454300.0}, {'date': Timestamp('2024-06-24 00:00:00'), 'volume': 21338900.0}, {'date': Timestamp('2023-12-25 00:00:00'), 'volume': 17262900.0}, {'date': Timestamp('2023-12-18 00:00:00'), 'volume': 9275000.0}, {'date': Timestamp('2023-12-11 00:00:00'), 'volume': 6490400.0}, {'date': Timestamp('2023-12-04 00:00:00'), 'volume': 6188900.0}, {'date': Timestamp('2023-11-27 00:00:00'), 'volume': 3914100.0}, {'date': Timestamp('2023-10-23 00:00:00'), 'volume': 3745800.0}, {'date': Timestamp('2021-11-15 00:00:00'), 'volume': 3181900.0}, {'date': Timestamp('2021-08-09 00:00:00'), 'volume': 294300.0}, {'date': Timestamp('2021-08-02 00:00:00'), 'volume': 66500.0}, {'date': Timestamp('2021-07-26 00:00:00'), 'volume': 4800.0}]",2026-08-10,107870341.0,9.130000114440918,1.0,264
RNW,2254383196.4740973,weekly,2026-08-10,40902093.0,0,2,6,"[{'date': Timestamp('2026-08-10 00:00:00'), 'volume': 40902093.0}, {'date': Timestamp('2025-12-15 00:00:00'), 'volume': 27548300.0}, {'date': Timestamp('2021-02-22 00:00:00'), 'volume': 25728000.0}, {'date': Timestamp('2021-02-15 00:00:00'), 'volume': 2706000.0}, {'date': Timestamp('2021-02-08 00:00:00'), 'volume': 1438000.0}, {'date': Timestamp('2021-02-01 00:00:00'), 'volume': 922900.0}]",2026-08-10,40902093.0,6.809999942779541,1.0,289
HUBG,2675466096.3838267,weekly,2026-08-10,14430079.0,0,2,8,"[{'date': Timestamp('2026-08-10 00:00:00'), 'volume': 14430079.0}, {'date': Timestamp('2026-01-31 00:00:00'), 'volume': 10896400.0}, {'date': Timestamp('2025-03-15 00:00:00'), 'volume': 6390700.0}, {'date': Timestamp('2020-04-25 00:00:00'), 'volume': 6246000.0}, {'date': Timestamp('2020-03-14 00:00:00'), 'volume': 4306600.0}, {'date': Timestamp('2020-02-08 00:00:00'), 'volume': 3387200.0}, {'date': Timestamp('2020-02-01 00:00:00'), 'volume': 3088800.0}, {'date': Timestamp('2020-01-04 00:00:00'), 'volume': 2280400.0}]",2026-08-10,14430079.0,40.29999923706055,1.0,346
ABCL,2253670376.6486487,weekly,2026-08-10,124039185.0,0,1,9,"[{'date': Timestamp('2026-08-10 00:00:00'), 'volume': 124039185.0}, {'date': Timestamp('2025-06-09 00:00:00'), 'volume': 58606400.0}, {'date': Timestamp('2023-06-19 00:00:00'), 'volume': 41076800.0}, {'date': Timestamp('2022-06-20 00:00:00'), 'volume': 37670700.0}, {'date': Timestamp('2021-09-13 00:00:00'), 'volume': 33237800.0}, {'date': Timestamp('2021-06-21 00:00:00'), 'volume': 16975600.0}, {'date': Timestamp('2021-06-07 00:00:00'), 'volume': 13952600.0}, {'date': Timestamp('2021-03-29 00:00:00'), 'volume': 12421500.0}, {'date': Timestamp('2020-12-07 00:00:00'), 'volume': 9249200.0}]",2026-08-10,124039185.0,11.380000114440918,1.0,297
DIOD,4784684510.915369,weekly,2026-08-10,7172905.0,0,2,7,"[{'date': Timestamp('2026-08-10 00:00:00'), 'volume': 7172905.0}, {'date': Timestamp('2026-06-22 00:00:00'), 'volume': 5432400.0}, {'date': Timestamp('2024-08-03 00:00:00'), 'volume': 5067800.0}, {'date': Timestamp('2021-03-13 00:00:00'), 'volume': 3564000.0}, {'date': Timestamp('2020-02-08 00:00:00'), 'volume': 3012600.0}, {'date': Timestamp('2020-01-25 00:00:00'), 'volume': 2239900.0}, {'date': Timestamp('2020-01-04 00:00:00'), 'volume': 1921100.0}]",2026-08-10,7172905.0,103.4800033569336,1.0,346
FA,3056790242.695704,weekly,2026-08-10,27105652.0,0,2,4,"[{'date': Timestamp('2026-08-10 00:00:00'), 'volume': 27105652.0}, {'date': Timestamp('2026-06-15 00:00:00'), 'volume': 21439500.0}, {'date': Timestamp('2021-11-08 00:00:00'), 'volume': 13805500.0}, {'date': Timestamp('2021-06-21 00:00:00'), 'volume': 10760900.0}]",2026-08-10,27105652.0,21.57999992370605,1.0,269
CLBT,3432291945.425178,weekly,2026-08-10,58292165.0,0,2,16,"[{'date': Timestamp('2026-08-10 00:00:00'), 'volume': 58292165.0}, {'date': Timestamp('2025-08-11 00:00:00'), 'volume': 22970500.0}, {'date': Timestamp('2025-02-24 00:00:00'), 'volume': 14712000.0}, {'date': Timestamp('2025-02-10 00:00:00'), 'volume': 14280500.0}, {'date': Timestamp('2024-08-12 00:00:00'), 'volume': 14209500.0}, {'date': Timestamp('2024-07-15 00:00:00'), 'volume': 10953300.0}, {'date': Timestamp('2024-06-10 00:00:00'), 'volume': 8737900.0}, {'date': Timestamp('2021-04-05 00:00:00'), 'volume': 8472400.0}, {'date': Timestamp('2021-03-01 00:00:00'), 'volume': 4110600.0}, {'date': Timestamp('2021-01-11 00:00:00'), 'volume': 2612700.0}, {'date': Timestamp('2020-12-28 00:00:00'), 'volume': 1853600.0}, {'date': Timestamp('2020-12-21 00:00:00'), 'volume': 1554400.0}, {'date': Timestamp('2020-11-30 00:00:00'), 'volume': 1528700.0}, {'date': Timestamp('2020-11-16 00:00:00'), 'volume': 448600.0}, {'date': Timestamp('2020-11-09 00:00:00'), 'volume': 139100.0}, {'date': Timestamp('2020-11-02 00:00:00'), 'volume': 6400.0}]",2026-08-10,58292165.0,11.140000343322754,1.0,302
LMAT,2185901654.7835617,weekly,2026-08-03,3975600.0,7,1,7,"[{'date': Timestamp('2026-08-03 00:00:00'), 'volume': 3975600.0}, {'date': Timestamp('2024-12-16 00:00:00'), 'volume': 2382300.0}, {'date': Timestamp('2024-02-26 00:00:00'), 'volume': 1486800.0}, {'date': Timestamp('2021-07-12 00:00:00'), 'volume': 1440000.0}, {'date': Timestamp('2021-06-21 00:00:00'), 'volume': 1402200.0}, {'date': Timestamp('2020-02-03 00:00:00'), 'volume': 1309600.0}, {'date': Timestamp('2020-01-06 00:00:00'), 'volume': 556900.0}]",2026-08-10,2548316.0,82.37999725341797,0.6409890331019217,345
ITGR,3188020172.810997,weekly,2026-08-03,21089800.0,7,2,10,"[{'date': Timestamp('2026-08-03 00:00:00'), 'volume': 21089800.0}, {'date': Timestamp('2025-10-20 00:00:00'), 'volume': 19849500.0}, {'date': Timestamp('2023-01-30 00:00:00'), 'volume': 6856800.0}, {'date': Timestamp('2022-10-03 00:00:00'), 'volume': 2550400.0}, {'date': Timestamp('2020-09-14 00:00:00'), 'volume': 2364500.0}, {'date': Timestamp('2020-03-16 00:00:00'), 'volume': 1973300.0}, {'date': Timestamp('2020-03-09 00:00:00'), 'volume': 1933400.0}, {'date': Timestamp('2020-02-24 00:00:00'), 'volume': 1780500.0}, {'date': Timestamp('2020-02-17 00:00:00'), 'volume': 1121700.0}, {'date': Timestamp('2020-01-06 00:00:00'), 'volume': 986700.0}]",2026-08-10,5578443.0,125.26000213623048,0.2645090517691016,345
DORM,4024912786.327751,weekly,2026-08-03,3771600.0,7,2,4,"[{'date': Timestamp('2026-08-03 00:00:00'), 'volume': 3771600.0}, {'date': Timestamp('2025-10-25 00:00:00'), 'volume': 2675100.0}, {'date': Timestamp('2020-02-22 00:00:00'), 'volume': 2307500.0}, {'date': Timestamp('2020-01-04 00:00:00'), 'volume': 856600.0}]",2026-08-10,1023346.0,136.38999938964844,0.2713294092692756,346
SUPN,2718580598.8907266,weekly,2026-08-03,11943300.0,7,2,7,"[{'date': Timestamp('2026-08-03 00:00:00'), 'volume': 11943300.0}, {'date': Timestamp('2025-11-03 00:00:00'), 'volume': 8938500.0}, {'date': Timestamp('2025-08-04 00:00:00'), 'volume': 8673800.0}, {'date': Timestamp('2020-12-21 00:00:00'), 'volume': 6327400.0}, {'date': Timestamp('2020-02-24 00:00:00'), 'volume': 6309400.0}, {'date': Timestamp('2020-01-13 00:00:00'), 'volume': 2637100.0}, {'date': Timestamp('2020-01-06 00:00:00'), 'volume': 1998200.0}]",2026-08-10,2726473.0,48.27000045776367,0.2282847286763289,345
OTF,4862369647.094634,weekly,2026-08-03,22565400.0,7,7,10,"[{'date': Timestamp('2026-08-03 00:00:00'), 'volume': 22565400.0}, {'date': Timestamp('2026-03-16 00:00:00'), 'volume': 20028800.0}, {'date': Timestamp('2026-02-23 00:00:00'), 'volume': 14869400.0}, {'date': Timestamp('2026-02-02 00:00:00'), 'volume': 14610700.0}, {'date': Timestamp('2025-12-29 00:00:00'), 'volume': 10589200.0}, {'date': Timestamp('2025-09-15 00:00:00'), 'volume': 10296200.0}, {'date': Timestamp('2025-09-08 00:00:00'), 'volume': 1494200.0}, {'date': Timestamp('2025-08-04 00:00:00'), 'volume': 994100.0}, {'date': Timestamp('2025-06-16 00:00:00'), 'volume': 580100.0}, {'date': Timestamp('2025-06-09 00:00:00'), 'volume': 444800.0}]",2026-08-10,14561742.0,11.460000038146973,0.6453128240580712,62
DOCS,3818368359.29471,weekly,2026-08-03,97689200.0,7,3,6,"[{'date': Timestamp('2026-08-03 00:00:00'), 'volume': 97689200.0}, {'date': Timestamp('2026-05-11 00:00:00'), 'volume': 57994700.0}, {'date': Timestamp('2026-02-02 00:00:00'), 'volume': 47136900.0}, {'date': Timestamp('2022-05-16 00:00:00'), 'volume': 35305400.0}, {'date': Timestamp('2021-11-08 00:00:00'), 'volume': 32842400.0}, {'date': Timestamp('2021-06-21 00:00:00'), 'volume': 22310100.0}]",2026-08-10,34069426.0,24.799999237060547,0.3487532501033891,269
TTD,8635897246.184652,weekly,2026-08-03,278473000.0,7,1,8,"[{'date': Timestamp('2026-08-03 00:00:00'), 'volume': 278473000.0}, {'date': Timestamp('2025-07-14 00:00:00'), 'volume': 197329900.0}, {'date': Timestamp('2021-05-10 00:00:00'), 'volume': 178015000.0}, {'date': Timestamp('2020-05-04 00:00:00'), 'volume': 159701000.0}, {'date': Timestamp('2020-03-16 00:00:00'), 'volume': 148804000.0}, {'date': Timestamp('2020-02-24 00:00:00'), 'volume': 144210000.0}, {'date': Timestamp('2020-02-03 00:00:00'), 'volume': 102182000.0}, {'date': Timestamp('2020-01-06 00:00:00'), 'volume': 101052000.0}]",2026-08-10,181777551.0,14.140000343322754,0.6527654422511339,345
ATKR,2628106229.6938467,weekly,2026-08-03,18801800.0,7,1,10,"[{'date': Timestamp('2026-08-03 00:00:00'), 'volume': 18801800.0}, {'date': Timestamp('2024-08-05 00:00:00'), 'volume': 13382200.0}, {'date': Timestamp('2024-05-06 00:00:00'), 'volume': 5629100.0}, {'date': Timestamp('2021-02-22 00:00:00'), 'volume': 5544000.0}, {'date': Timestamp('2020-03-16 00:00:00'), 'volume': 4392500.0}, {'date': Timestamp('2020-03-09 00:00:00'), 'volume': 2982500.0}, {'date': Timestamp('2020-02-24 00:00:00'), 'volume': 2319400.0}, {'date': Timestamp('2020-01-27 00:00:00'), 'volume': 2242600.0}, {'date': Timestamp('2020-01-13 00:00:00'), 'volume': 1546800.0}, {'date': Timestamp('2020-01-06 00:00:00'), 'volume': 1539400.0}]",2026-08-10,5057803.0,93.8000030517578,0.2690063185439691,345
CAI,5229593062.780748,weekly,2026-08-03,37187700.0,7,3,4,"[{'date': Timestamp('2026-08-03 00:00:00'), 'volume': 37187700.0}, {'date': Timestamp('2026-07-27 00:00:00'), 'volume': 24263307.0}, {'date': Timestamp('2025-12-01 00:00:00'), 'volume': 22530500.0}, {'date': Timestamp('2025-06-16 00:00:00'), 'volume': 20648300.0}]",2026-08-10,20601208.0,21.799999237060547,0.5539790844822348,61
HUBS,9499354003.402864,weekly,2026-08-03,18634100.0,7,3,8,"[{'date': Timestamp('2026-08-03 00:00:00'), 'volume': 18634100.0}, {'date': Timestamp('2026-02-09 00:00:00'), 'volume': 17757700.0}, {'date': Timestamp('2026-02-02 00:00:00'), 'volume': 12068400.0}, {'date': Timestamp('2024-07-08 00:00:00'), 'volume': 9660200.0}, {'date': Timestamp('2020-03-16 00:00:00'), 'volume': 8261800.0}, {'date': Timestamp('2020-03-09 00:00:00'), 'volume': 6615700.0}, {'date': Timestamp('2020-02-10 00:00:00'), 'volume': 4175400.0}, {'date': Timestamp('2020-01-06 00:00:00'), 'volume': 3300200.0}]",2026-08-10,9884415.0,224.13999938964844,0.5304476738881942,345
FIG,9838372132.7791,weekly,2026-08-03,192011800.0,7,3,4,"[{'date': Timestamp('2026-08-03 00:00:00'), 'volume': 192011800.0}, {'date': Timestamp('2026-05-11 00:00:00'), 'volume': 164297700.0}, {'date': Timestamp('2026-02-16 00:00:00'), 'volume': 146518600.0}, {'date': Timestamp('2025-07-28 00:00:00'), 'volume': 120759600.0}]",2026-08-10,105300518.0,25.420000076293945,0.5484064937675706,55
CHYM,7742308911.675972,weekly,2026-08-03,77136200.0,7,2,3,"[{'date': Timestamp('2026-08-03 00:00:00'), 'volume': 77136200.0}, {'date': Timestamp('2026-05-04 00:00:00'), 'volume': 50091100.0}, {'date': Timestamp('2025-06-09 00:00:00'), 'volume': 45615200.0}]",2026-08-10,52186362.0,32.02000045776367,0.6765482613870012,62
ITRI,3718740966.511875,weekly,2026-07-27,14769417.0,14,2,8,"[{'date': Timestamp('2026-07-27 00:00:00'), 'volume': 14769417.0}, {'date': Timestamp('2025-10-25 00:00:00'), 'volume': 13302400.0}, {'date': Timestamp('2021-03-06 00:00:00'), 'volume': 9558400.0}, {'date': Timestamp('2020-05-02 00:00:00'), 'volume': 4077000.0}, {'date': Timestamp('2020-02-22 00:00:00'), 'volume': 3007000.0}, {'date': Timestamp('2020-02-01 00:00:00'), 'volume': 1575400.0}, {'date': Timestamp('2020-01-11 00:00:00'), 'volume': 1292800.0}, {'date': Timestamp('2020-01-04 00:00:00'), 'volume': 945600.0}]",2026-08-10,3376874.0,101.55999755859376,0.2286396274138647,346
PCOR,6323808701.1,weekly,2026-07-27,28138839.0,14,2,6,"[{'date': Timestamp('2026-07-27 00:00:00'), 'volume': 28138839.0}, {'date': Timestamp('2026-02-02 00:00:00'), 'volume': 25324300.0}, {'date': Timestamp('2024-07-29 00:00:00'), 'volume': 22858200.0}, {'date': Timestamp('2023-10-30 00:00:00'), 'volume': 17325000.0}, {'date': Timestamp('2021-12-13 00:00:00'), 'volume': 12564900.0}, {'date': Timestamp('2021-05-17 00:00:00'), 'volume': 11276600.0}]",2026-08-10,14770756.0,59.79999923706055,0.52492414488032,274
PSN,5449485886.752816,weekly,2026-07-27,23872653.0,14,3,15,"[{'date': Timestamp('2026-07-27 00:00:00'), 'volume': 23872653.0}, {'date': Timestamp('2025-12-08 00:00:00'), 'volume': 15449700.0}, {'date': Timestamp('2025-12-01 00:00:00'), 'volume': 15074100.0}, {'date': Timestamp('2025-02-17 00:00:00'), 'volume': 14494400.0}, {'date': Timestamp('2024-09-16 00:00:00'), 'volume': 11734400.0}, {'date': Timestamp('2024-07-29 00:00:00'), 'volume': 9641000.0}, {'date': Timestamp('2024-06-24 00:00:00'), 'volume': 9219900.0}, {'date': Timestamp('2024-03-25 00:00:00'), 'volume': 8605100.0}, {'date': Timestamp('2024-02-19 00:00:00'), 'volume': 8449300.0}, {'date': Timestamp('2020-08-17 00:00:00'), 'volume': 7314600.0}, {'date': Timestamp('2020-03-16 00:00:00'), 'volume': 2515100.0}, {'date': Timestamp('2020-03-09 00:00:00'), 'volume': 2433700.0}, {'date': Timestamp('2020-02-24 00:00:00'), 'volume': 1449500.0}, {'date': Timestamp('2020-01-20 00:00:00'), 'volume': 1299800.0}, {'date': Timestamp('2020-01-06 00:00:00'), 'volume': 1272200.0}]",2026-08-10,4383339.0,47.900001525878906,0.1836134006555534,345
BANC,3208945547.76722,weekly,2026-07-27,35650829.0,14,2,10,"[{'date': Timestamp('2026-07-27 00:00:00'), 'volume': 35650829.0}, {'date': Timestamp('2025-10-13 00:00:00'), 'volume': 29537700.0}, {'date': Timestamp('2023-11-27 00:00:00'), 'volume': 27747400.0}, {'date': Timestamp('2023-07-24 00:00:00'), 'volume': 25701100.0}, {'date': Timestamp('2023-03-13 00:00:00'), 'volume': 7237200.0}, {'date': Timestamp('2021-10-18 00:00:00'), 'volume': 5905000.0}, {'date': Timestamp('2020-02-24 00:00:00'), 'volume': 3556800.0}, {'date': Timestamp('2020-01-20 00:00:00'), 'volume': 2133000.0}, {'date': Timestamp('2020-01-13 00:00:00'), 'volume': 1465800.0}, {'date': Timestamp('2020-01-06 00:00:00'), 'volume': 1084000.0}]",2026-08-10,13384456.0,19.739999771118164,0.3754318307717332,345
WU,2355760645.69146,weekly,2026-07-27,152239190.0,14,1,6,"[{'date': Timestamp('2026-07-27 00:00:00'), 'volume': 152239190.0}, {'date': Timestamp('2021-12-13 00:00:00'), 'volume': 113062900.0}, {'date': Timestamp('2020-03-09 00:00:00'), 'volume': 70310000.0}, {'date': Timestamp('2020-03-02 00:00:00'), 'volume': 55323000.0}, {'date': Timestamp('2020-02-10 00:00:00'), 'volume': 51641000.0}, {'date': Timestamp('2020-01-06 00:00:00'), 'volume': 32289100.0}]",2026-08-10,51083569.0,7.449999809265137,0.3355480871909526,345
MKTX,3999609748.907324,weekly,2026-07-27,21144255.0,14,2,11,"[{'date': Timestamp('2026-07-27 00:00:00'), 'volume': 21144255.0}, {'date': Timestamp('2025-09-15 00:00:00'), 'volume': 12238300.0}, {'date': Timestamp('2025-02-24 00:00:00'), 'volume': 6704300.0}, {'date': Timestamp('2024-01-29 00:00:00'), 'volume': 5118300.0}, {'date': Timestamp('2022-04-18 00:00:00'), 'volume': 3688000.0}, {'date': Timestamp('2022-04-04 00:00:00'), 'volume': 3278200.0}, {'date': Timestamp('2022-01-24 00:00:00'), 'volume': 2215300.0}, {'date': Timestamp('2020-03-09 00:00:00'), 'volume': 2200000.0}, {'date': Timestamp('2020-03-02 00:00:00'), 'volume': 2186800.0}, {'date': Timestamp('2020-02-24 00:00:00'), 'volume': 1819000.0}, {'date': Timestamp('2020-01-06 00:00:00'), 'volume': 1543300.0}]",2026-08-10,6499250.0,162.57000732421875,0.3073766372946221,345
COHU,3022996223.469121,weekly,2026-07-27,11865120.0,14,1,8,"[{'date': Timestamp('2026-07-27 00:00:00'), 'volume': 11865120.0}, {'date': Timestamp('2021-02-27 00:00:00'), 'volume': 10942700.0}, {'date': Timestamp('2020-11-28 00:00:00'), 'volume': 4759700.0}, {'date': Timestamp('2020-08-29 00:00:00'), 'volume': 2433900.0}, {'date': Timestamp('2020-03-28 00:00:00'), 'volume': 2340600.0}, {'date': Timestamp('2020-02-08 00:00:00'), 'volume': 2308900.0}, {'date': Timestamp('2020-01-11 00:00:00'), 'volume': 1707500.0}, {'date': Timestamp('2020-01-04 00:00:00'), 'volume': 1124700.0}]",2026-08-10,5563701.0,59.29999923706055,0.4689123245276912,346
LEA,6855013078.093475,weekly,2026-07-27,7406037.0,14,1,8,"[{'date': Timestamp('2026-07-27 00:00:00'), 'volume': 7406037.0}, {'date': Timestamp('2024-05-27 00:00:00'), 'volume': 7290200.0}, {'date': Timestamp('2020-03-16 00:00:00'), 'volume': 6527100.0}, {'date': Timestamp('2020-03-09 00:00:00'), 'volume': 4954900.0}, {'date': Timestamp('2020-02-24 00:00:00'), 'volume': 4152000.0}, {'date': Timestamp('2020-01-27 00:00:00'), 'volume': 3860700.0}, {'date': Timestamp('2020-01-13 00:00:00'), 'volume': 2465900.0}, {'date': Timestamp('2020-01-06 00:00:00'), 'volume': 2461500.0}]",2026-08-10,2643141.0,124.9499969482422,0.3568900614458178,345
AMBA,2725530244.552176,weekly,2026-07-27,26619920.0,14,2,11,"[{'date': Timestamp('2026-07-27 00:00:00'), 'volume': 26619920.0}, {'date': Timestamp('2026-05-25 00:00:00'), 'volume': 14341600.0}, {'date': Timestamp('2022-02-28 00:00:00'), 'volume': 13680700.0}, {'date': Timestamp('2021-08-30 00:00:00'), 'volume': 10319400.0}, {'date': Timestamp('2020-11-30 00:00:00'), 'volume': 8132900.0}, {'date': Timestamp('2020-08-31 00:00:00'), 'volume': 8069200.0}, {'date': Timestamp('2020-06-01 00:00:00'), 'volume': 6624400.0}, {'date': Timestamp('2020-03-02 00:00:00'), 'volume': 6155500.0}, {'date': Timestamp('2020-02-10 00:00:00'), 'volume': 3858900.0}, {'date': Timestamp('2020-01-13 00:00:00'), 'volume': 3511800.0}, {'date': Timestamp('2020-01-06 00:00:00'), 'volume': 3498300.0}]",2026-08-10,4153827.0,82.04000091552734,0.1560420542210495,345
JBLU,2232113554.0540543,weekly,2026-07-27,335101726.0,14,1,11,"[{'date': Timestamp('2026-07-27 00:00:00'), 'volume': 335101726.0}, {'date': Timestamp('2025-01-27 00:00:00'), 'volume': 279409800.0}, {'date': Timestamp('2024-08-12 00:00:00'), 'volume': 191991900.0}, {'date': Timestamp('2020-06-01 00:00:00'), 'volume': 165840600.0}, {'date': Timestamp('2020-04-27 00:00:00'), 'volume': 98758700.0}, {'date': Timestamp('2020-03-23 00:00:00'), 'volume': 97709400.0}, {'date': Timestamp('2020-03-09 00:00:00'), 'volume': 96187500.0}, {'date': Timestamp('2020-03-02 00:00:00'), 'volume': 67259700.0}, {'date': Timestamp('2020-01-20 00:00:00'), 'volume': 50490000.0}, {'date': Timestamp('2020-01-13 00:00:00'), 'volume': 32058200.0}, {'date': Timestamp('2020-01-06 00:00:00'), 'volume': 18227900.0}]",2026-08-10,110044358.0,5.650000095367432,0.3283909018123052,345
PLXS,7690866173.688062,weekly,2026-07-27,2930551.0,14,2,8,"[{'date': Timestamp('2026-07-27 00:00:00'), 'volume': 2930551.0}, {'date': Timestamp('2026-01-24 00:00:00'), 'volume': 2483500.0}, {'date': Timestamp('2024-12-14 00:00:00'), 'volume': 2244500.0}, {'date': Timestamp('2023-01-21 00:00:00'), 'volume': 2166600.0}, {'date': Timestamp('2020-07-18 00:00:00'), 'volume': 1936400.0}, {'date': Timestamp('2020-06-20 00:00:00'), 'volume': 1919500.0}, {'date': Timestamp('2020-01-18 00:00:00'), 'volume': 1546600.0}, {'date': Timestamp('2020-01-04 00:00:00'), 'volume': 733400.0}]",2026-08-10,1257540.0,267.4100036621094,0.4291138424139351,346
UHS,8817726422.19784,weekly,2026-07-27,9286333.0,14,1,5,"[{'date': Timestamp('2026-07-27 00:00:00'), 'volume': 9286333.0}, {'date': Timestamp('2020-03-21 00:00:00'), 'volume': 8772900.0}, {'date': Timestamp('2020-03-14 00:00:00'), 'volume': 8434700.0}, {'date': Timestamp('2020-02-22 00:00:00'), 'volume': 5883600.0}, {'date': Timestamp('2020-01-04 00:00:00'), 'volume': 2871500.0}]",2026-08-10,3548361.0,170.02000427246094,0.3821057246170259,346
BDC,4654591457.068249,weekly,2026-07-27,4008583.0,14,1,7,"[{'date': Timestamp('2026-07-27 00:00:00'), 'volume': 4008583.0}, {'date': Timestamp('2020-04-25 00:00:00'), 'volume': 3922200.0}, {'date': Timestamp('2020-03-07 00:00:00'), 'volume': 3029500.0}, {'date': Timestamp('2020-02-01 00:00:00'), 'volume': 2096700.0}, {'date': Timestamp('2020-01-25 00:00:00'), 'volume': 1526500.0}, {'date': Timestamp('2020-01-18 00:00:00'), 'volume': 1233300.0}, {'date': Timestamp('2020-01-04 00:00:00'), 'volume': 959600.0}]",2026-08-10,2037623.0,135.89999389648438,0.5083150330179018,346
TFSL,4904758532.737862,weekly,2026-07-27,8126187.0,14,4,13,"[{'date': Timestamp('2026-07-27 00:00:00'), 'volume': 8126187.0}, {'date': Timestamp('2026-05-11 00:00:00'), 'volume': 6209100.0}, {'date': Timestamp('2026-03-09 00:00:00'), 'volume': 5014100.0}, {'date': Timestamp('2026-02-02 00:00:00'), 'volume': 4778600.0}, {'date': Timestamp('2023-12-11 00:00:00'), 'volume': 4535900.0}, {'date': Timestamp('2021-02-22 00:00:00'), 'volume': 3971100.0}, {'date': Timestamp('2020-03-16 00:00:00'), 'volume': 2713100.0}, {'date': Timestamp('2020-03-09 00:00:00'), 'volume': 2579200.0}, {'date': Timestamp('2020-03-02 00:00:00'), 'volume': 1891300.0}, {'date': Timestamp('2020-02-24 00:00:00'), 'volume': 1576000.0}, {'date': Timestamp('2020-02-03 00:00:00'), 'volume': 1314300.0}, {'date': Timestamp('2020-01-27 00:00:00'), 'volume': 805200.0}, {'date': Timestamp('2020-01-06 00:00:00'), 'volume': 695700.0}]",2026-08-10,4408440.0,17.639999389648438,0.5424979759880003,345
GVA,7016532985.699777,weekly,2026-07-27,9552841.0,14,2,8,"[{'date': Timestamp('2026-07-27 00:00:00'), 'volume': 9552841.0}, {'date': Timestamp('2025-09-27 00:00:00'), 'volume': 8954700.0}, {'date': Timestamp('2020-03-07 00:00:00'), 'volume': 8161500.0}, {'date': Timestamp('2020-02-29 00:00:00'), 'volume': 6587100.0}, {'date': Timestamp('2020-02-22 00:00:00'), 'volume': 5403900.0}, {'date': Timestamp('2020-02-01 00:00:00'), 'volume': 3448400.0}, {'date': Timestamp('2020-01-11 00:00:00'), 'volume': 3033300.0}, {'date': Timestamp('2020-01-04 00:00:00'), 'volume': 2577600.0}]",2026-08-10,2970106.0,127.0999984741211,0.3109133712159555,346
SITE,5167668927.074267,weekly,2026-07-27,9120421.0,14,2,8,"[{'date': Timestamp('2026-07-27 00:00:00'), 'volume': 9120421.0}, {'date': Timestamp('2026-04-27 00:00:00'), 'volume': 7466900.0}, {'date': Timestamp('2021-06-21 00:00:00'), 'volume': 7454200.0}, {'date': Timestamp('2020-03-16 00:00:00'), 'volume': 4364400.0}, {'date': Timestamp('2020-03-09 00:00:00'), 'volume': 3439000.0}, {'date': Timestamp('2020-02-17 00:00:00'), 'volume': 2842400.0}, {'date': Timestamp('2020-01-27 00:00:00'), 'volume': 2073000.0}, {'date': Timestamp('2020-01-06 00:00:00'), 'volume': 1542300.0}]",2026-08-10,3249970.0,98.5999984741211,0.3563399101861635,345
SLGN,4885575324.381204,weekly,2026-07-27,14775656.0,14,1,8,"[{'date': Timestamp('2026-07-27 00:00:00'), 'volume': 14775656.0}, {'date': Timestamp('2025-07-26 00:00:00'), 'volume': 13926300.0}, {'date': Timestamp('2024-12-14 00:00:00'), 'volume': 10096700.0}, {'date': Timestamp('2023-07-22 00:00:00'), 'volume': 6683700.0}, {'date': Timestamp('2022-03-19 00:00:00'), 'volume': 5451800.0}, {'date': Timestamp('2020-03-14 00:00:00'), 'volume': 5263300.0}, {'date': Timestamp('2020-01-25 00:00:00'), 'volume': 3819600.0}, {'date': Timestamp('2020-01-04 00:00:00'), 'volume': 1791800.0}]",2026-08-10,5087419.0,42.47999954223633,0.344310871882778,346
OLN,2476747768.1912107,weekly,2026-07-27,31365903.0,14,1,5,"[{'date': Timestamp('2026-07-27 00:00:00'), 'volume': 31365903.0}, {'date': Timestamp('2020-02-01 00:00:00'), 'volume': 25545400.0}, {'date': Timestamp('2020-01-25 00:00:00'), 'volume': 16237300.0}, {'date': Timestamp('2020-01-11 00:00:00'), 'volume': 13128900.0}, {'date': Timestamp('2020-01-04 00:00:00'), 'volume': 11175600.0}]",2026-08-10,13355857.0,19.100000381469727,0.4258081458710115,346
MTRN,5970441983.309865,weekly,2026-07-27,3278050.0,14,2,9,"[{'date': Timestamp('2026-07-27 00:00:00'), 'volume': 3278050.0}, {'date': Timestamp('2026-06-22 00:00:00'), 'volume': 3073300.0}, {'date': Timestamp('2025-07-26 00:00:00'), 'volume': 2059100.0}, {'date': Timestamp('2022-10-29 00:00:00'), 'volume': 1366800.0}, {'date': Timestamp('2021-03-13 00:00:00'), 'volume': 1366400.0}, {'date': Timestamp('2020-03-21 00:00:00'), 'volume': 1248300.0}, {'date': Timestamp('2020-02-22 00:00:00'), 'volume': 1186700.0}, {'date': Timestamp('2020-02-01 00:00:00'), 'volume': 1060700.0}, {'date': Timestamp('2020-01-04 00:00:00'), 'volume': 577900.0}]",2026-08-10,1552065.0,283.1400146484375,0.4734720336785589,346
EXP,7224289976.967254,weekly,2026-07-27,4552634.0,14,2,8,"[{'date': Timestamp('2026-07-27 00:00:00'), 'volume': 4552634.0}, {'date': Timestamp('2026-01-31 00:00:00'), 'volume': 3695200.0}, {'date': Timestamp('2021-05-15 00:00:00'), 'volume': 3677800.0}, {'date': Timestamp('2020-03-14 00:00:00'), 'volume': 3618800.0}, {'date': Timestamp('2020-03-07 00:00:00'), 'volume': 2780400.0}, {'date': Timestamp('2020-02-01 00:00:00'), 'volume': 2610100.0}, {'date': Timestamp('2020-01-11 00:00:00'), 'volume': 1354900.0}, {'date': Timestamp('2020-01-04 00:00:00'), 'volume': 948700.0}]",2026-08-10,1977127.0,208.5200042724609,0.4342820002662195,346
SEI,5648024925.111419,weekly,2026-07-27,28855341.0,14,4,17,"[{'date': Timestamp('2026-07-27 00:00:00'), 'volume': 28855341.0}, {'date': Timestamp('2025-10-06 00:00:00'), 'volume': 27597000.0}, {'date': Timestamp('2025-09-22 00:00:00'), 'volume': 21254000.0}, {'date': Timestamp('2025-09-15 00:00:00'), 'volume': 19491900.0}, {'date': Timestamp('2025-03-17 00:00:00'), 'volume': 14725300.0}, {'date': Timestamp('2025-03-10 00:00:00'), 'volume': 11025800.0}, {'date': Timestamp('2025-03-03 00:00:00'), 'volume': 9388000.0}, {'date': Timestamp('2025-01-27 00:00:00'), 'volume': 9148900.0}, {'date': Timestamp('2024-12-09 00:00:00'), 'volume': 6712000.0}, {'date': Timestamp('2024-07-08 00:00:00'), 'volume': 5557200.0}, {'date': Timestamp('2023-12-25 00:00:00'), 'volume': 5168600.0}, {'date': Timestamp('2020-03-09 00:00:00'), 'volume': 5041600.0}, {'date': Timestamp('2020-02-24 00:00:00'), 'volume': 3107600.0}, {'date': Timestamp('2020-02-17 00:00:00'), 'volume': 2568600.0}, {'date': Timestamp('2020-02-03 00:00:00'), 'volume': 2449700.0}, {'date': Timestamp('2020-01-27 00:00:00'), 'volume': 2366500.0}, {'date': Timestamp('2020-01-06 00:00:00'), 'volume': 1890800.0}]",2026-08-10,9641274.0,63.29999923706055,0.3341244173825566,345
BUSE,2520399237.6946616,weekly,2026-07-27,6522205.0,14,1,12,"[{'date': Timestamp('2026-07-27 00:00:00'), 'volume': 6522205.0}, {'date': Timestamp('2025-04-05 00:00:00'), 'volume': 5674400.0}, {'date': Timestamp('2024-08-24 00:00:00'), 'volume': 4182100.0}, {'date': Timestamp('2023-03-11 00:00:00'), 'volume': 2190600.0}, {'date': Timestamp('2020-12-12 00:00:00'), 'volume': 1779200.0}, {'date': Timestamp('2020-03-14 00:00:00'), 'volume': 1492600.0}, {'date': Timestamp('2020-03-07 00:00:00'), 'volume': 1349800.0}, {'date': Timestamp('2020-02-29 00:00:00'), 'volume': 1077900.0}, {'date': Timestamp('2020-02-22 00:00:00'), 'volume': 700100.0}, {'date': Timestamp('2020-01-25 00:00:00'), 'volume': 588400.0}, {'date': Timestamp('2020-01-11 00:00:00'), 'volume': 486700.0}, {'date': Timestamp('2020-01-04 00:00:00'), 'volume': 479500.0}]",2026-08-10,3997696.0,31.229999542236328,0.6129362692524998,346
LEGN,5280582329.0,weekly,2026-07-27,25114612.0,14,4,7,"[{'date': Timestamp('2026-07-27 00:00:00'), 'volume': 25114612.0}, {'date': Timestamp('2026-06-01 00:00:00'), 'volume': 24620900.0}, {'date': Timestamp('2026-01-19 00:00:00'), 'volume': 21636200.0}, {'date': Timestamp('2025-12-08 00:00:00'), 'volume': 21552700.0}, {'date': Timestamp('2023-04-17 00:00:00'), 'volume': 15528400.0}, {'date': Timestamp('2021-12-13 00:00:00'), 'volume': 9489100.0}, {'date': Timestamp('2020-06-01 00:00:00'), 'volume': 8606300.0}]",2026-08-10,15621873.0,20.3700008392334,0.6220232667739402,324
MMSI,4279042774.8221097,weekly,2026-07-27,9616235.0,14,1,5,"[{'date': Timestamp('2026-07-27 00:00:00'), 'volume': 9616235.0}, {'date': Timestamp('2023-12-02 00:00:00'), 'volume': 8303000.0}, {'date': Timestamp('2020-03-14 00:00:00'), 'volume': 5679800.0}, {'date': Timestamp('2020-01-11 00:00:00'), 'volume': 5528100.0}, {'date': Timestamp('2020-01-04 00:00:00'), 'volume': 4950800.0}]",2026-08-10,6010641.0,90.76000213623048,0.6250513844555587,346
VVX,2269383856.448018,weekly,2026-07-20,6288500.0,21,3,12,"[{'date': Timestamp('2026-07-20 00:00:00'), 'volume': 6288500.0}, {'date': Timestamp('2026-05-04 00:00:00'), 'volume': 5403700.0}, {'date': Timestamp('2026-02-23 00:00:00'), 'volume': 3964800.0}, {'date': Timestamp('2025-08-04 00:00:00'), 'volume': 3623400.0}, {'date': Timestamp('2024-11-11 00:00:00'), 'volume': 3268700.0}, {'date': Timestamp('2024-09-02 00:00:00'), 'volume': 1378300.0}, {'date': Timestamp('2022-09-12 00:00:00'), 'volume': 1331100.0}, {'date': Timestamp('2020-03-30 00:00:00'), 'volume': 1084100.0}, {'date': Timestamp('2020-03-16 00:00:00'), 'volume': 973600.0}, {'date': Timestamp('2020-03-02 00:00:00'), 'volume': 885800.0}, {'date': Timestamp('2020-02-24 00:00:00'), 'volume': 645600.0}, {'date': Timestamp('2020-01-06 00:00:00'), 'volume': 611900.0}]",2026-08-10,1828102.0,83.0,0.2907055736662161,345
CLBK,2170654777.113546,weekly,2026-07-20,90910100.0,21,3,10,"[{'date': Timestamp('2026-07-20 00:00:00'), 'volume': 90910100.0}, {'date': Timestamp('2026-07-13 00:00:00'), 'volume': 20247920.0}, {'date': Timestamp('2026-02-02 00:00:00'), 'volume': 2951900.0}, {'date': Timestamp('2021-06-21 00:00:00'), 'volume': 2592600.0}, {'date': Timestamp('2020-03-16 00:00:00'), 'volume': 2341900.0}, {'date': Timestamp('2020-03-09 00:00:00'), 'volume': 1785000.0}, {'date': Timestamp('2020-03-02 00:00:00'), 'volume': 1208600.0}, {'date': Timestamp('2020-02-03 00:00:00'), 'volume': 1116000.0}, {'date': Timestamp('2020-01-13 00:00:00'), 'volume': 830200.0}, {'date': Timestamp('2020-01-06 00:00:00'), 'volume': 803300.0}]",2026-08-10,30896239.0,11.789999961853027,0.3398548566110916,345
MGY,5100823846.844853,weekly,2026-07-20,82110300.0,21,1,9,"[{'date': Timestamp('2026-07-20 00:00:00'), 'volume': 82110300.0}, {'date': Timestamp('2024-03-11 00:00:00'), 'volume': 52712400.0}, {'date': Timestamp('2021-03-01 00:00:00'), 'volume': 32415700.0}, {'date': Timestamp('2020-05-11 00:00:00'), 'volume': 29897200.0}, {'date': Timestamp('2020-03-09 00:00:00'), 'volume': 24750200.0}, {'date': Timestamp('2020-02-24 00:00:00'), 'volume': 12406100.0}, {'date': Timestamp('2020-02-17 00:00:00'), 'volume': 9481100.0}, {'date': Timestamp('2020-01-27 00:00:00'), 'volume': 8097800.0}, {'date': Timestamp('2020-01-06 00:00:00'), 'volume': 4941500.0}]",2026-08-10,15840601.0,26.239999771118164,0.1929185619830886,345
ROAD,6946424190.426471,weekly,2026-07-20,11277900.0,21,4,15,"[{'date': Timestamp('2026-07-20 00:00:00'), 'volume': 11277900.0}, {'date': Timestamp('2026-07-13 00:00:00'), 'volume': 5389900.0}, {'date': Timestamp('2026-05-04 00:00:00'), 'volume': 4292400.0}, {'date': Timestamp('2026-02-02 00:00:00'), 'volume': 4177800.0}, {'date': Timestamp('2025-01-20 00:00:00'), 'volume': 4077200.0}, {'date': Timestamp('2024-12-16 00:00:00'), 'volume': 3769800.0}, {'date': Timestamp('2023-10-02 00:00:00'), 'volume': 3631900.0}, {'date': Timestamp('2021-02-01 00:00:00'), 'volume': 3294300.0}, {'date': Timestamp('2020-09-14 00:00:00'), 'volume': 3266100.0}, {'date': Timestamp('2020-06-08 00:00:00'), 'volume': 2963500.0}, {'date': Timestamp('2020-03-02 00:00:00'), 'volume': 2099200.0}, {'date': Timestamp('2020-02-24 00:00:00'), 'volume': 1423200.0}, {'date': Timestamp('2020-02-10 00:00:00'), 'volume': 1210200.0}, {'date': Timestamp('2020-02-03 00:00:00'), 'volume': 1049900.0}, {'date': Timestamp('2020-01-06 00:00:00'), 'volume': 996500.0}]",2026-08-10,3364092.0,121.5500030517578,0.2982906392147474,345
PEGA,5143831683.549444,weekly,2026-07-20,31430500.0,21,1,6,"[{'date': Timestamp('2026-07-20 00:00:00'), 'volume': 31430500.0}, {'date': Timestamp('2025-05-17 00:00:00'), 'volume': 25923400.0}, {'date': Timestamp('2022-05-07 00:00:00'), 'volume': 21460000.0}, {'date': Timestamp('2020-02-15 00:00:00'), 'volume': 7445800.0}, {'date': Timestamp('2020-02-08 00:00:00'), 'volume': 5639200.0}, {'date': Timestamp('2020-01-04 00:00:00'), 'volume': 3241600.0}]",2026-08-10,9714675.0,32.31999969482422,0.3090843289161801,346
KRMN,6151870483.829695,weekly,2026-07-13,32940600.0,28,2,4,"[{'date': Timestamp('2026-07-13 00:00:00'), 'volume': 32940600.0}, {'date': Timestamp('2026-06-15 00:00:00'), 'volume': 23546500.0}, {'date': Timestamp('2025-07-21 00:00:00'), 'volume': 22575800.0}, {'date': Timestamp('2025-02-10 00:00:00'), 'volume': 15268700.0}]",2026-08-10,10568615.0,62.0099983215332,0.3208385700321184,79
PATH,5455809721.821752,weekly,2026-07-13,402400900.0,28,5,11,"[{'date': Timestamp('2026-07-13 00:00:00'), 'volume': 402400900.0}, {'date': Timestamp('2026-07-06 00:00:00'), 'volume': 378026700.0}, {'date': Timestamp('2026-03-09 00:00:00'), 'volume': 361270400.0}, {'date': Timestamp('2025-10-06 00:00:00'), 'volume': 303134100.0}, {'date': Timestamp('2025-09-29 00:00:00'), 'volume': 172299400.0}, {'date': Timestamp('2024-05-27 00:00:00'), 'volume': 162150800.0}, {'date': Timestamp('2023-11-27 00:00:00'), 'volume': 108443900.0}, {'date': Timestamp('2022-03-28 00:00:00'), 'volume': 106928500.0}, {'date': Timestamp('2021-09-13 00:00:00'), 'volume': 65247200.0}, {'date': Timestamp('2021-09-06 00:00:00'), 'volume': 63528000.0}, {'date': Timestamp('2021-04-19 00:00:00'), 'volume': 40153700.0}]",2026-08-10,393088922.0,16.010000228881836,0.9768589533472714,278
PLBL,2868813795.871324,weekly,2026-07-06,4373900.0,35,5,6,"[{'date': Timestamp('2026-07-06 00:00:00'), 'volume': 4373900.0}, {'date': Timestamp('2026-06-29 00:00:00'), 'volume': 1578400.0}, {'date': Timestamp('2026-06-15 00:00:00'), 'volume': 1091300.0}, {'date': Timestamp('2026-06-08 00:00:00'), 'volume': 673600.0}, {'date': Timestamp('2025-08-11 00:00:00'), 'volume': 464300.0}, {'date': Timestamp('2025-08-04 00:00:00'), 'volume': 220100.0}]",2026-08-10,2055668.0,7.159999847412109,0.4699851391206932,54
CRNX,3869655835.0671625,weekly,2026-07-06,121621900.0,35,1,9,"[{'date': Timestamp('2026-07-06 00:00:00'), 'volume': 121621900.0}, {'date': Timestamp('2023-09-11 00:00:00'), 'volume': 49911800.0}, {'date': Timestamp('2021-10-18 00:00:00'), 'volume': 4669500.0}, {'date': Timestamp('2020-06-22 00:00:00'), 'volume': 3883100.0}, {'date': Timestamp('2020-04-13 00:00:00'), 'volume': 2282600.0}, {'date': Timestamp('2020-03-30 00:00:00'), 'volume': 677000.0}, {'date': Timestamp('2020-03-16 00:00:00'), 'volume': 625300.0}, {'date': Timestamp('2020-01-13 00:00:00'), 'volume': 470100.0}, {'date': Timestamp('2020-01-06 00:00:00'), 'volume': 445300.0}]",2026-08-10,10727423.0,84.69999694824219,0.0882030538907877,345
PENG,3160554702.017073,weekly,2026-07-06,40390900.0,35,4,9,"[{'date': Timestamp('2026-07-06 00:00:00'), 'volume': 40390900.0}, {'date': Timestamp('2026-05-11 00:00:00'), 'volume': 27329900.0}, {'date': Timestamp('2026-05-04 00:00:00'), 'volume': 20837000.0}, {'date': Timestamp('2025-10-06 00:00:00'), 'volume': 19573300.0}, {'date': Timestamp('2021-07-05 00:00:00'), 'volume': 16026800.0}, {'date': Timestamp('2021-04-05 00:00:00'), 'volume': 7929800.0}, {'date': Timestamp('2020-02-10 00:00:00'), 'volume': 6289400.0}, {'date': Timestamp('2020-02-03 00:00:00'), 'volume': 6209200.0}, {'date': Timestamp('2020-01-06 00:00:00'), 'volume': 2349400.0}]",2026-08-10,8921774.0,63.79999923706055,0.2208857440661139,345
OLLI,4347196511.976474,weekly,2026-07-06,19444000.0,35,1,8,"[{'date': Timestamp('2026-07-06 00:00:00'), 'volume': 19444000.0}, {'date': Timestamp('2022-12-05 00:00:00'), 'volume': 17279700.0}, {'date': Timestamp('2021-01-25 00:00:00'), 'volume': 16690600.0}, {'date': Timestamp('2020-03-16 00:00:00'), 'volume': 16092700.0}, {'date': Timestamp('2020-02-24 00:00:00'), 'volume': 10920300.0}, {'date': Timestamp('2020-02-10 00:00:00'), 'volume': 10863400.0}, {'date': Timestamp('2020-01-13 00:00:00'), 'volume': 9718000.0}, {'date': Timestamp('2020-01-06 00:00:00'), 'volume': 5188100.0}]",2026-08-10,6193684.0,76.48999786376953,0.3185396009051635,345
TARS,2707067416.1193657,weekly,2026-07-06,9010200.0,35,1,7,"[{'date': Timestamp('2026-07-06 00:00:00'), 'volume': 9010200.0}, {'date': Timestamp('2024-02-26 00:00:00'), 'volume': 8684800.0}, {'date': Timestamp('2023-07-31 00:00:00'), 'volume': 6094000.0}, {'date': Timestamp('2023-07-24 00:00:00'), 'volume': 5819400.0}, {'date': Timestamp('2022-05-02 00:00:00'), 'volume': 4400100.0}, {'date': Timestamp('2020-12-14 00:00:00'), 'volume': 1924900.0}, {'date': Timestamp('2020-10-12 00:00:00'), 'volume': 1256100.0}]",2026-08-10,3478515.0,69.19999694824219,0.386064127322368,305
NUVL,9757823209.789362,weekly,2026-06-08,73017500.0,35,1,6,"[{'date': Timestamp('2026-06-08 00:00:00'), 'volume': 73017500}, {'date': Timestamp('2023-10-02 00:00:00'), 'volume': 10548100}, {'date': Timestamp('2022-10-31 00:00:00'), 'volume': 6314600}, {'date': Timestamp('2022-10-24 00:00:00'), 'volume': 5542700}, {'date': Timestamp('2021-09-13 00:00:00'), 'volume': 3339600}, {'date': Timestamp('2021-07-26 00:00:00'), 'volume': 2694900}]",2026-07-13,6171695.0,123.95999908447266,0.0845235046392988,260
GPOR,2926715318.3165555,weekly,2026-06-29,4089300.0,42,1,9,"[{'date': Timestamp('2026-06-29 00:00:00'), 'volume': 4089300.0}, {'date': Timestamp('2022-06-20 00:00:00'), 'volume': 2861300.0}, {'date': Timestamp('2022-06-13 00:00:00'), 'volume': 1816100.0}, {'date': Timestamp('2022-05-09 00:00:00'), 'volume': 1770200.0}, {'date': Timestamp('2021-09-13 00:00:00'), 'volume': 1750300.0}, {'date': Timestamp('2021-09-06 00:00:00'), 'volume': 363700.0}, {'date': Timestamp('2021-06-07 00:00:00'), 'volume': 315800.0}, {'date': Timestamp('2021-05-31 00:00:00'), 'volume': 233400.0}, {'date': Timestamp('2021-05-17 00:00:00'), 'volume': 208100.0}]",2026-08-10,1570852.0,170.02999877929688,0.3841371383855427,274
ALSN,9939047784.87761,weekly,2026-06-29,16819700.0,42,1,8,"[{'date': Timestamp('2026-06-29 00:00:00'), 'volume': 16819700.0}, {'date': Timestamp('2021-02-22 00:00:00'), 'volume': 13370500.0}, {'date': Timestamp('2020-03-16 00:00:00'), 'volume': 12037100.0}, {'date': Timestamp('2020-03-09 00:00:00'), 'volume': 11491200.0}, {'date': Timestamp('2020-02-24 00:00:00'), 'volume': 7805300.0}, {'date': Timestamp('2020-02-03 00:00:00'), 'volume': 5546100.0}, {'date': Timestamp('2020-01-27 00:00:00'), 'volume': 4336400.0}, {'date': Timestamp('2020-01-06 00:00:00'), 'volume': 4166400.0}]",2026-08-10,3608439.0,125.87000274658205,0.2145364661676486,345
PATK,3135710940.7315493,weekly,2026-06-29,7670100.0,42,1,7,"[{'date': Timestamp('2026-06-29 00:00:00'), 'volume': 7670100.0}, {'date': Timestamp('2021-12-04 00:00:00'), 'volume': 4558050.0}, {'date': Timestamp('2020-03-14 00:00:00'), 'volume': 3324750.0}, {'date': Timestamp('2020-03-07 00:00:00'), 'volume': 3161700.0}, {'date': Timestamp('2020-02-08 00:00:00'), 'volume': 2066250.0}, {'date': Timestamp('2020-01-11 00:00:00'), 'volume': 1294050.0}, {'date': Timestamp('2020-01-04 00:00:00'), 'volume': 1183200.0}]",2026-08-10,2482861.0,86.05999755859375,0.3237064705805661,346
LCII,2328222281.03276,weekly,2026-06-29,5572400.0,42,1,8,"[{'date': Timestamp('2026-06-29 00:00:00'), 'volume': 5572400.0}, {'date': Timestamp('2025-03-08 00:00:00'), 'volume': 4885300.0}, {'date': Timestamp('2021-05-08 00:00:00'), 'volume': 2968200.0}, {'date': Timestamp('2020-03-14 00:00:00'), 'volume': 1301000.0}, {'date': Timestamp('2020-03-07 00:00:00'), 'volume': 1106800.0}, {'date': Timestamp('2020-02-08 00:00:00'), 'volume': 884300.0}, {'date': Timestamp('2020-01-11 00:00:00'), 'volume': 649900.0}, {'date': Timestamp('2020-01-04 00:00:00'), 'volume': 529000.0}]",2026-08-10,1085122.0,106.0999984741211,0.1947315339889455,346
CXT,2798860612.383927,weekly,2026-06-22,12408000.0,49,1,9,"[{'date': Timestamp('2026-06-22 00:00:00'), 'volume': 12408000.0}, {'date': Timestamp('2023-03-11 00:00:00'), 'volume': 9934278.0}, {'date': Timestamp('2020-03-21 00:00:00'), 'volume': 9239000.0}, {'date': Timestamp('2020-03-14 00:00:00'), 'volume': 9205315.0}, {'date': Timestamp('2020-02-22 00:00:00'), 'volume': 8548039.0}, {'date': Timestamp('2020-01-25 00:00:00'), 'volume': 5030765.0}, {'date': Timestamp('2020-01-18 00:00:00'), 'volume': 3212677.0}, {'date': Timestamp('2020-01-11 00:00:00'), 'volume': 2750885.0}, {'date': Timestamp('2020-01-04 00:00:00'), 'volume': 2390146.0}]",2026-08-10,2884870.0,51.65999984741211,0.232500805931657,346
SPSC,2161276831.81296,weekly,2026-06-22,7410800.0,49,3,13,"[{'date': Timestamp('2026-06-22 00:00:00'), 'volume': 7410800.0}, {'date': Timestamp('2026-02-09 00:00:00'), 'volume': 6405400.0}, {'date': Timestamp('2025-10-27 00:00:00'), 'volume': 5413600.0}, {'date': Timestamp('2025-07-28 00:00:00'), 'volume': 3470300.0}, {'date': Timestamp('2025-02-10 00:00:00'), 'volume': 2712900.0}, {'date': Timestamp('2020-03-30 00:00:00'), 'volume': 2230400.0}, {'date': Timestamp('2020-03-16 00:00:00'), 'volume': 2009900.0}, {'date': Timestamp('2020-03-09 00:00:00'), 'volume': 1756300.0}, {'date': Timestamp('2020-03-02 00:00:00'), 'volume': 1382700.0}, {'date': Timestamp('2020-02-10 00:00:00'), 'volume': 1167300.0}, {'date': Timestamp('2020-01-20 00:00:00'), 'volume': 840100.0}, {'date': Timestamp('2020-01-13 00:00:00'), 'volume': 756500.0}, {'date': Timestamp('2020-01-06 00:00:00'), 'volume': 584700.0}]",2026-08-10,4052227.0,79.4000015258789,0.5468002105035894,345
NTST,2070568544.123314,weekly,2026-06-22,35044400.0,49,2,8,"[{'date': Timestamp('2026-06-22 00:00:00'), 'volume': 35044400.0}, {'date': Timestamp('2026-02-09 00:00:00'), 'volume': 14398400.0}, {'date': Timestamp('2025-07-21 00:00:00'), 'volume': 14124800.0}, {'date': Timestamp('2023-09-11 00:00:00'), 'volume': 13053300.0}, {'date': Timestamp('2022-09-12 00:00:00'), 'volume': 10077400.0}, {'date': Timestamp('2022-01-10 00:00:00'), 'volume': 7924500.0}, {'date': Timestamp('2021-04-05 00:00:00'), 'volume': 6868300.0}, {'date': Timestamp('2020-08-10 00:00:00'), 'volume': 5011800.0}]",2026-08-10,4915601.0,20.709999084472656,0.140267803129744,314
BWIN,3738123113.030404,weekly,2026-06-22,16812100.0,49,4,8,"[{'date': Timestamp('2026-06-22 00:00:00'), 'volume': 16812100.0}, {'date': Timestamp('2026-03-16 00:00:00'), 'volume': 13710400.0}, {'date': Timestamp('2026-02-23 00:00:00'), 'volume': 12082100.0}, {'date': Timestamp('2025-12-01 00:00:00'), 'volume': 9537300.0}, {'date': Timestamp('2024-11-04 00:00:00'), 'volume': 9210500.0}, {'date': Timestamp('2021-09-13 00:00:00'), 'volume': 8997600.0}, {'date': Timestamp('2020-06-22 00:00:00'), 'volume': 6712800.0}, {'date': Timestamp('2020-01-06 00:00:00'), 'volume': 1691600.0}]",2026-08-10,6715075.0,31.51000022888184,0.3994191683370905,345
PRIM,5051676610.981758,weekly,2026-06-22,28348800.0,49,3,14,"[{'date': Timestamp('2026-06-22 00:00:00'), 'volume': 28348800.0}, {'date': Timestamp('2026-05-04 00:00:00'), 'volume': 25409500.0}, {'date': Timestamp('2025-12-15 00:00:00'), 'volume': 14932500.0}, {'date': Timestamp('2025-02-24 00:00:00'), 'volume': 7909200.0}, {'date': Timestamp('2024-11-04 00:00:00'), 'volume': 7271000.0}, {'date': Timestamp('2024-06-24 00:00:00'), 'volume': 6160800.0}, {'date': Timestamp('2024-05-06 00:00:00'), 'volume': 5559700.0}, {'date': Timestamp('2021-03-15 00:00:00'), 'volume': 5374500.0}, {'date': Timestamp('2020-08-03 00:00:00'), 'volume': 3820300.0}, {'date': Timestamp('2020-03-09 00:00:00'), 'volume': 2865800.0}, {'date': Timestamp('2020-02-24 00:00:00'), 'volume': 1081300.0}, {'date': Timestamp('2020-02-03 00:00:00'), 'volume': 655100.0}, {'date': Timestamp('2020-01-27 00:00:00'), 'volume': 569600.0}, {'date': Timestamp('2020-01-06 00:00:00'), 'volume': 558200.0}]",2026-08-10,6275345.0,83.30000305175781,0.2213619271362456,345
ACA,7083157778.252622,weekly,2026-06-22,12857300.0,49,1,7,"[{'date': Timestamp('2026-06-22 00:00:00'), 'volume': 12857300.0}, {'date': Timestamp('2023-03-13 00:00:00'), 'volume': 4347000.0}, {'date': Timestamp('2021-08-09 00:00:00'), 'volume': 2934700.0}, {'date': Timestamp('2020-03-16 00:00:00'), 'volume': 2382800.0}, {'date': Timestamp('2020-02-24 00:00:00'), 'volume': 2182600.0}, {'date': Timestamp('2020-01-27 00:00:00'), 'volume': 1634200.0}, {'date': Timestamp('2020-01-06 00:00:00'), 'volume': 1596100.0}]",2026-08-10,2792129.0,145.39999389648438,0.2171629346752428,345
ASH,2927670472.18718,weekly,2026-06-22,10035500.0,49,3,9,"[{'date': Timestamp('2026-06-22 00:00:00'), 'volume': 10035500.0}, {'date': Timestamp('2026-06-08 00:00:00'), 'volume': 7565300.0}, {'date': Timestamp('2025-11-29 00:00:00'), 'volume': 7293400.0}, {'date': Timestamp('2024-01-27 00:00:00'), 'volume': 6189600.0}, {'date': Timestamp('2021-01-30 00:00:00'), 'volume': 5722500.0}, {'date': Timestamp('2020-03-14 00:00:00'), 'volume': 5050900.0}, {'date': Timestamp('2020-01-25 00:00:00'), 'volume': 4860700.0}, {'date': Timestamp('2020-01-18 00:00:00'), 'volume': 2210100.0}, {'date': Timestamp('2020-01-04 00:00:00'), 'volume': 2207800.0}]",2026-08-10,3977743.0,73.70999908447266,0.3963671964525933,346
DCO,2680100450.316061,weekly,2026-06-22,1921700.0,49,1,4,"[{'date': Timestamp('2026-06-22 00:00:00'), 'volume': 1921700.0}, {'date': Timestamp('2023-05-13 00:00:00'), 'volume': 1775300.0}, {'date': Timestamp('2020-02-15 00:00:00'), 'volume': 1349000.0}, {'date': Timestamp('2020-01-04 00:00:00'), 'volume': 605500.0}]",2026-08-10,1176127.0,206.97999572753903,0.6120242493625436,346
FRME,2752833355.9160714,weekly,2026-06-22,3560600.0,49,1,9,"[{'date': Timestamp('2026-06-22 00:00:00'), 'volume': 3560600.0}, {'date': Timestamp('2025-03-15 00:00:00'), 'volume': 2790300.0}, {'date': Timestamp('2024-03-02 00:00:00'), 'volume': 2534300.0}, {'date': Timestamp('2020-03-14 00:00:00'), 'volume': 2304900.0}, {'date': Timestamp('2020-03-07 00:00:00'), 'volume': 1613100.0}, {'date': Timestamp('2020-02-29 00:00:00'), 'volume': 1384100.0}, {'date': Timestamp('2020-02-22 00:00:00'), 'volume': 1133600.0}, {'date': Timestamp('2020-01-25 00:00:00'), 'volume': 811300.0}, {'date': Timestamp('2020-01-04 00:00:00'), 'volume': 674400.0}]",2026-08-10,2002136.0,43.70000076293945,0.5623029826433747,346
APGE,9965601123.344135,weekly,2026-06-22,90785700.0,49,1,5,"[{'date': Timestamp('2026-06-22 00:00:00'), 'volume': 90785700.0}, {'date': Timestamp('2025-07-07 00:00:00'), 'volume': 13957400.0}, {'date': Timestamp('2024-03-04 00:00:00'), 'volume': 12696900.0}, {'date': Timestamp('2023-09-11 00:00:00'), 'volume': 5341100.0}, {'date': Timestamp('2023-07-10 00:00:00'), 'volume': 4710200.0}]",2026-08-10,5780179.0,134.5500030517578,0.0636683861004541,162
AROC,7352224251.727053,weekly,2026-06-22,19733900.0,49,1,9,"[{'date': Timestamp('2026-06-22 00:00:00'), 'volume': 19733900.0}, {'date': Timestamp('2024-07-22 00:00:00'), 'volume': 18856900.0}, {'date': Timestamp('2023-12-11 00:00:00'), 'volume': 13940100.0}, {'date': Timestamp('2020-03-09 00:00:00'), 'volume': 11460700.0}, {'date': Timestamp('2020-02-24 00:00:00'), 'volume': 7716100.0}, {'date': Timestamp('2020-02-17 00:00:00'), 'volume': 4362100.0}, {'date': Timestamp('2020-01-20 00:00:00'), 'volume': 4182300.0}, {'date': Timestamp('2020-01-13 00:00:00'), 'volume': 3902300.0}, {'date': Timestamp('2020-01-06 00:00:00'), 'volume': 3794800.0}]",2026-08-10,6863703.0,34.689998626708984,0.3478127992946148,345
NHI,3758931928.659382,weekly,2026-06-22,5854800.0,49,1,7,"[{'date': Timestamp('2026-06-22 00:00:00'), 'volume': 5854800.0}, {'date': Timestamp('2020-03-14 00:00:00'), 'volume': 4049200.0}, {'date': Timestamp('2020-03-07 00:00:00'), 'volume': 3791900.0}, {'date': Timestamp('2020-02-29 00:00:00'), 'volume': 1908500.0}, {'date': Timestamp('2020-02-22 00:00:00'), 'volume': 1512900.0}, {'date': Timestamp('2020-01-18 00:00:00'), 'volume': 1121400.0}, {'date': Timestamp('2020-01-04 00:00:00'), 'volume': 1090500.0}]",2026-08-10,2619381.0,72.94999694824219,0.4473903463824554,346
KALU,3058471282.304958,weekly,2026-06-22,2564600.0,49,1,11,"[{'date': Timestamp('2026-06-22 00:00:00'), 'volume': 2564600.0}, {'date': Timestamp('2022-12-12 00:00:00'), 'volume': 2409700.0}, {'date': Timestamp('2022-07-25 00:00:00'), 'volume': 1677400.0}, {'date': Timestamp('2022-07-18 00:00:00'), 'volume': 1175200.0}, {'date': Timestamp('2021-06-21 00:00:00'), 'volume': 1128100.0}, {'date': Timestamp('2020-03-16 00:00:00'), 'volume': 1014700.0}, {'date': Timestamp('2020-02-17 00:00:00'), 'volume': 974200.0}, {'date': Timestamp('2020-01-27 00:00:00'), 'volume': 742300.0}, {'date': Timestamp('2020-01-20 00:00:00'), 'volume': 639200.0}, {'date': Timestamp('2020-01-13 00:00:00'), 'volume': 564100.0}, {'date': Timestamp('2020-01-06 00:00:00'), 'volume': 429800.0}]",2026-08-10,1181397.0,181.72999572753903,0.460655462840209,345
NPO,8012498314.254536,weekly,2026-06-22,2713300.0,49,6,13,"[{'date': Timestamp('2026-06-22 00:00:00'), 'volume': 2713300.0}, {'date': Timestamp('2026-04-13 00:00:00'), 'volume': 1508800.0}, {'date': Timestamp('2026-04-06 00:00:00'), 'volume': 1502400.0}, {'date': Timestamp('2026-03-09 00:00:00'), 'volume': 1362200.0}, {'date': Timestamp('2026-02-02 00:00:00'), 'volume': 1302100.0}, {'date': Timestamp('2025-10-27 00:00:00'), 'volume': 1290200.0}, {'date': Timestamp('2022-12-12 00:00:00'), 'volume': 1272500.0}, {'date': Timestamp('2022-10-31 00:00:00'), 'volume': 1002300.0}, {'date': Timestamp('2020-03-16 00:00:00'), 'volume': 980900.0}, {'date': Timestamp('2020-02-24 00:00:00'), 'volume': 789300.0}, {'date': Timestamp('2020-02-03 00:00:00'), 'volume': 602700.0}, {'date': Timestamp('2020-01-20 00:00:00'), 'volume': 394000.0}, {'date': Timestamp('2020-01-06 00:00:00'), 'volume': 378100.0}]",2026-08-10,916344.0,343.3399963378906,0.3377230678509564,345
FCFS,9313104629.318892,weekly,2026-06-22,3259300.0,49,1,6,"[{'date': Timestamp('2026-06-22 00:00:00'), 'volume': 3259300.0}, {'date': Timestamp('2020-03-07 00:00:00'), 'volume': 3205600.0}, {'date': Timestamp('2020-02-22 00:00:00'), 'volume': 2433200.0}, {'date': Timestamp('2020-01-25 00:00:00'), 'volume': 2109600.0}, {'date': Timestamp('2020-01-11 00:00:00'), 'volume': 1214900.0}, {'date': Timestamp('2020-01-04 00:00:00'), 'volume': 1164700.0}]",2026-08-10,1672502.0,214.75,0.513147608382168,346
ENS,8103293624.956702,weekly,2026-06-22,4961500.0,49,3,11,"[{'date': Timestamp('2026-06-22 00:00:00'), 'volume': 4961500.0}, {'date': Timestamp('2026-02-02 00:00:00'), 'volume': 4610400.0}, {'date': Timestamp('2025-12-15 00:00:00'), 'volume': 3815500.0}, {'date': Timestamp('2025-05-19 00:00:00'), 'volume': 3637900.0}, {'date': Timestamp('2025-03-17 00:00:00'), 'volume': 3259900.0}, {'date': Timestamp('2023-08-07 00:00:00'), 'volume': 2986000.0}, {'date': Timestamp('2020-03-16 00:00:00'), 'volume': 2940700.0}, {'date': Timestamp('2020-03-09 00:00:00'), 'volume': 2696900.0}, {'date': Timestamp('2020-02-03 00:00:00'), 'volume': 1737400.0}, {'date': Timestamp('2020-01-13 00:00:00'), 'volume': 1167500.0}, {'date': Timestamp('2020-01-06 00:00:00'), 'volume': 884700.0}]",2026-08-10,4359546.0,203.3999938964844,0.8786749974806006,345
BBT,2632604400.271813,weekly,2026-06-22,8352000.0,49,1,12,"[{'date': Timestamp('2026-06-22 00:00:00'), 'volume': 8352000.0}, {'date': Timestamp('2024-12-16 00:00:00'), 'volume': 7026900.0}, {'date': Timestamp('2020-09-14 00:00:00'), 'volume': 4512600.0}, {'date': Timestamp('2020-06-22 00:00:00'), 'volume': 4300200.0}, {'date': Timestamp('2020-06-15 00:00:00'), 'volume': 4076500.0}, {'date': Timestamp('2020-05-11 00:00:00'), 'volume': 3830500.0}, {'date': Timestamp('2020-03-23 00:00:00'), 'volume': 3341200.0}, {'date': Timestamp('2020-03-16 00:00:00'), 'volume': 2720900.0}, {'date': Timestamp('2020-03-09 00:00:00'), 'volume': 1475900.0}, {'date': Timestamp('2020-02-24 00:00:00'), 'volume': 1453000.0}, {'date': Timestamp('2020-01-27 00:00:00'), 'volume': 1119600.0}, {'date': Timestamp('2020-01-06 00:00:00'), 'volume': 784400.0}]",2026-08-10,4132285.0,32.06999969482422,0.4947659243295019,345
VC,2751619708.2543497,weekly,2026-06-22,5849600.0,49,3,8,"[{'date': Timestamp('2026-06-22 00:00:00'), 'volume': 5849600.0}, {'date': Timestamp('2026-04-20 00:00:00'), 'volume': 5308000.0}, {'date': Timestamp('2026-02-16 00:00:00'), 'volume': 4509100.0}, {'date': Timestamp('2023-10-30 00:00:00'), 'volume': 3462000.0}, {'date': Timestamp('2020-02-24 00:00:00'), 'volume': 3407600.0}, {'date': Timestamp('2020-02-17 00:00:00'), 'volume': 2950900.0}, {'date': Timestamp('2020-01-13 00:00:00'), 'volume': 1545600.0}, {'date': Timestamp('2020-01-06 00:00:00'), 'volume': 1365400.0}]",2026-08-10,1752678.0,108.22000122070312,0.2996235640043763,345
FUL,3402053770.8151736,weekly,2026-06-22,6353600.0,49,1,8,"[{'date': Timestamp('2026-06-22 00:00:00'), 'volume': 6353600.0}, {'date': Timestamp('2020-03-21 00:00:00'), 'volume': 6038200.0}, {'date': Timestamp('2020-03-14 00:00:00'), 'volume': 4450300.0}, {'date': Timestamp('2020-03-07 00:00:00'), 'volume': 2982300.0}, {'date': Timestamp('2020-02-29 00:00:00'), 'volume': 2588200.0}, {'date': Timestamp('2020-01-18 00:00:00'), 'volume': 2407700.0}, {'date': Timestamp('2020-01-11 00:00:00'), 'volume': 1679700.0}, {'date': Timestamp('2020-01-04 00:00:00'), 'volume': 1552500.0}]",2026-08-10,3690244.0,62.75,0.5808115084361621,346
DOX,5590464705.346702,weekly,2026-06-22,12307100.0,49,1,7,"[{'date': Timestamp('2026-06-22 00:00:00'), 'volume': 12307100.0}, {'date': Timestamp('2021-03-27 00:00:00'), 'volume': 12107700.0}, {'date': Timestamp('2020-03-28 00:00:00'), 'volume': 8121500.0}, {'date': Timestamp('2020-03-14 00:00:00'), 'volume': 7437700.0}, {'date': Timestamp('2020-02-22 00:00:00'), 'volume': 6626700.0}, {'date': Timestamp('2020-02-01 00:00:00'), 'volume': 6200000.0}, {'date': Timestamp('2020-01-04 00:00:00'), 'volume': 4769000.0}]",2026-08-10,6503465.0,58.220001220703125,0.5284319620381731,346
NESR,2847926560.8539658,weekly,2026-06-22,17003700.0,49,3,13,"[{'date': Timestamp('2026-06-22 00:00:00'), 'volume': 17003700.0}, {'date': Timestamp('2026-03-02 00:00:00'), 'volume': 16161600.0}, {'date': Timestamp('2026-02-16 00:00:00'), 'volume': 12087700.0}, {'date': Timestamp('2025-06-23 00:00:00'), 'volume': 11555600.0}, {'date': Timestamp('2025-06-02 00:00:00'), 'volume': 4034100.0}, {'date': Timestamp('2025-03-31 00:00:00'), 'volume': 3815300.0}, {'date': Timestamp('2024-10-21 00:00:00'), 'volume': 3315500.0}, {'date': Timestamp('2024-09-09 00:00:00'), 'volume': 894500.0}, {'date': Timestamp('2024-08-26 00:00:00'), 'volume': 634100.0}, {'date': Timestamp('2024-07-29 00:00:00'), 'volume': 623500.0}, {'date': Timestamp('2024-07-22 00:00:00'), 'volume': 134400.0}, {'date': Timestamp('2024-07-15 00:00:00'), 'volume': 126000.0}, {'date': Timestamp('2024-07-08 00:00:00'), 'volume': 67000.0}]",2026-08-10,16133667.0,36.310001373291016,0.9488327246422836,110
FRSH,2830961787.9171205,weekly,2026-06-22,170516900.0,49,3,8,"[{'date': Timestamp('2026-06-22 00:00:00'), 'volume': 170516900.0}, {'date': Timestamp('2026-04-20 00:00:00'), 'volume': 86486900.0}, {'date': Timestamp('2026-02-09 00:00:00'), 'volume': 57946100.0}, {'date': Timestamp('2025-07-28 00:00:00'), 'volume': 44124400.0}, {'date': Timestamp('2024-11-04 00:00:00'), 'volume': 41684900.0}, {'date': Timestamp('2024-04-29 00:00:00'), 'volume': 38211200.0}, {'date': Timestamp('2021-11-01 00:00:00'), 'volume': 34478800.0}, {'date': Timestamp('2021-09-20 00:00:00'), 'volume': 26126300.0}]",2026-08-10,42893404.0,12.65999984741211,0.2515492833848141,256
PAY,2947255788.390691,weekly,2026-06-22,14788600.0,49,2,3,"[{'date': Timestamp('2026-06-22 00:00:00'), 'volume': 14788600.0}, {'date': Timestamp('2026-02-23 00:00:00'), 'volume': 8270300.0}, {'date': Timestamp('2021-05-24 00:00:00'), 'volume': 7884300.0}]",2026-08-10,4120252.0,41.86000061035156,0.2786100104134265,273
MIAX,3598876988.42025,weekly,2026-06-22,21459800.0,49,2,2,"[{'date': Timestamp('2026-06-22 00:00:00'), 'volume': 21459800.0}, {'date': Timestamp('2025-08-11 00:00:00'), 'volume': 21410200.0}]",2026-08-10,5338506.0,43.52000045776367,0.2487677424766307,53
ESE,8805329212.538292,weekly,2026-06-22,2356600.0,49,3,7,"[{'date': Timestamp('2026-06-22 00:00:00'), 'volume': 2356600.0}, {'date': Timestamp('2026-04-13 00:00:00'), 'volume': 2173500.0}, {'date': Timestamp('2026-03-30 00:00:00'), 'volume': 1850000.0}, {'date': Timestamp('2021-12-11 00:00:00'), 'volume': 1826500.0}, {'date': Timestamp('2021-06-19 00:00:00'), 'volume': 1440700.0}, {'date': Timestamp('2020-02-01 00:00:00'), 'volume': 1337200.0}, {'date': Timestamp('2020-01-04 00:00:00'), 'volume': 780700.0}]",2026-08-10,1172104.0,305.8599853515625,0.4973707884240007,346
KFY,3745728647.276464,weekly,2026-06-22,5774400.0,49,1,9,"[{'date': Timestamp('2026-06-22 00:00:00'), 'volume': 5774400.0}, {'date': Timestamp('2024-03-09 00:00:00'), 'volume': 5474500.0}, {'date': Timestamp('2020-03-07 00:00:00'), 'volume': 5311900.0}, {'date': Timestamp('2020-02-29 00:00:00'), 'volume': 2980800.0}, {'date': Timestamp('2020-02-22 00:00:00'), 'volume': 2021400.0}, {'date': Timestamp('2020-02-01 00:00:00'), 'volume': 1737200.0}, {'date': Timestamp('2020-01-25 00:00:00'), 'volume': 1688600.0}, {'date': Timestamp('2020-01-11 00:00:00'), 'volume': 1647400.0}, {'date': Timestamp('2020-01-04 00:00:00'), 'volume': 1304300.0}]",2026-08-10,1474249.0,84.19000244140625,0.2553077376004433,346
BELFA,4291331386.026283,weekly,2026-06-22,1319100.0,49,7,16,"[{'date': Timestamp('2026-06-22 00:00:00'), 'volume': 1319100.0}, {'date': Timestamp('2026-06-08 00:00:00'), 'volume': 1053800.0}, {'date': Timestamp('2026-05-25 00:00:00'), 'volume': 697400.0}, {'date': Timestamp('2026-04-06 00:00:00'), 'volume': 622500.0}, {'date': Timestamp('2026-03-09 00:00:00'), 'volume': 545700.0}, {'date': Timestamp('2026-01-24 00:00:00'), 'volume': 387600.0}, {'date': Timestamp('2026-01-03 00:00:00'), 'volume': 366400.0}, {'date': Timestamp('2024-06-22 00:00:00'), 'volume': 331000.0}, {'date': Timestamp('2024-05-25 00:00:00'), 'volume': 142400.0}, {'date': Timestamp('2023-01-21 00:00:00'), 'volume': 106100.0}, {'date': Timestamp('2022-10-29 00:00:00'), 'volume': 57900.0}, {'date': Timestamp('2022-10-22 00:00:00'), 'volume': 51100.0}, {'date': Timestamp('2020-10-24 00:00:00'), 'volume': 45100.0}, {'date': Timestamp('2020-03-07 00:00:00'), 'volume': 30800.0}, {'date': Timestamp('2020-02-29 00:00:00'), 'volume': 18100.0}, {'date': Timestamp('2020-01-04 00:00:00'), 'volume': 14900.0}]",2026-08-10,1285987.0,242.88999938964844,0.9748972784474262,346
SYNA,4675159850.61296,weekly,2026-06-22,10651200.0,49,1,3,"[{'date': Timestamp('2026-06-22 00:00:00'), 'volume': 10651200.0}, {'date': Timestamp('2020-02-03 00:00:00'), 'volume': 8360400.0}, {'date': Timestamp('2020-01-06 00:00:00'), 'volume': 4335700.0}]",2026-08-10,2559990.0,108.62999725341795,0.2403475664713835,345
WSBC,3731805739.878064,weekly,2026-06-15,22025400.0,56,2,11,"[{'date': Timestamp('2026-06-15 00:00:00'), 'volume': 22025400.0}, {'date': Timestamp('2026-06-08 00:00:00'), 'volume': 7970400.0}, {'date': Timestamp('2025-02-22 00:00:00'), 'volume': 6697800.0}, {'date': Timestamp('2024-12-14 00:00:00'), 'volume': 4391200.0}, {'date': Timestamp('2023-03-11 00:00:00'), 'volume': 3649600.0}, {'date': Timestamp('2020-06-20 00:00:00'), 'volume': 2842200.0}, {'date': Timestamp('2020-03-14 00:00:00'), 'volume': 2527000.0}, {'date': Timestamp('2020-03-07 00:00:00'), 'volume': 2036500.0}, {'date': Timestamp('2020-01-25 00:00:00'), 'volume': 1717400.0}, {'date': Timestamp('2020-01-11 00:00:00'), 'volume': 1305400.0}, {'date': Timestamp('2020-01-04 00:00:00'), 'volume': 686200.0}]",2026-08-10,4259122.0,42.68999862670898,0.1933731964005194,346
POOL,7711704387.130583,weekly,2026-06-15,11132700.0,56,1,8,"[{'date': Timestamp('2026-06-15 00:00:00'), 'volume': 11132700.0}, {'date': Timestamp('2020-10-03 00:00:00'), 'volume': 10221700.0}, {'date': Timestamp('2020-03-14 00:00:00'), 'volume': 2879900.0}, {'date': Timestamp('2020-03-07 00:00:00'), 'volume': 1867600.0}, {'date': Timestamp('2020-02-29 00:00:00'), 'volume': 1509100.0}, {'date': Timestamp('2020-02-22 00:00:00'), 'volume': 1387200.0}, {'date': Timestamp('2020-02-08 00:00:00'), 'volume': 1373000.0}, {'date': Timestamp('2020-01-04 00:00:00'), 'volume': 983100.0}]",2026-08-10,3401555.0,194.83999633789065,0.3055462735904138,346
INGR,6148258618.673828,weekly,2026-06-15,8852500.0,56,1,6,"[{'date': Timestamp('2026-06-15 00:00:00'), 'volume': 8852500.0}, {'date': Timestamp('2020-11-28 00:00:00'), 'volume': 8814900.0}, {'date': Timestamp('2020-03-07 00:00:00'), 'volume': 4137400.0}, {'date': Timestamp('2020-02-22 00:00:00'), 'volume': 3852700.0}, {'date': Timestamp('2020-02-08 00:00:00'), 'volume': 3211100.0}, {'date': Timestamp('2020-01-04 00:00:00'), 'volume': 2578200.0}]",2026-08-10,3516625.0,105.1999969482422,0.3972465405252753,346
EBC,5105951100.230663,weekly,2026-06-15,51227300.0,56,1,2,"[{'date': Timestamp('2026-06-15 00:00:00'), 'volume': 51227300.0}, {'date': Timestamp('2020-10-12 00:00:00'), 'volume': 45492300.0}]",2026-08-10,6749199.0,23.625,0.1317500434338721,305
PAYO,2411326037.565341,weekly,2026-06-15,119945000.0,56,2,9,"[{'date': Timestamp('2026-06-15 00:00:00'), 'volume': 119945000.0}, {'date': Timestamp('2026-06-08 00:00:00'), 'volume': 88027200.0}, {'date': Timestamp('2022-10-10 00:00:00'), 'volume': 82929100.0}, {'date': Timestamp('2021-02-01 00:00:00'), 'volume': 49832100.0}, {'date': Timestamp('2021-01-18 00:00:00'), 'volume': 32609300.0}, {'date': Timestamp('2021-01-11 00:00:00'), 'volume': 5497500.0}, {'date': Timestamp('2020-11-30 00:00:00'), 'volume': 2829500.0}, {'date': Timestamp('2020-11-16 00:00:00'), 'volume': 1640500.0}, {'date': Timestamp('2020-10-12 00:00:00'), 'volume': 1151400.0}]",2026-08-10,30915602.0,7.130000114440918,0.2577481512359831,305
LAZ,3949320048.920729,weekly,2026-06-15,27142700.0,56,3,7,"[{'date': Timestamp('2026-06-15 00:00:00'), 'volume': 27142700.0}, {'date': Timestamp('2026-06-08 00:00:00'), 'volume': 17973100.0}, {'date': Timestamp('2026-03-09 00:00:00'), 'volume': 13834900.0}, {'date': Timestamp('2025-04-07 00:00:00'), 'volume': 11820700.0}, {'date': Timestamp('2024-03-11 00:00:00'), 'volume': 10052900.0}, {'date': Timestamp('2024-01-01 00:00:00'), 'volume': 8780400.0}, {'date': Timestamp('2020-01-06 00:00:00'), 'volume': 7579300.0}]",2026-08-10,8845470.0,44.63999938964844,0.3258876235599259,345
LION,4766391545.891276,weekly,2026-06-15,29184300.0,56,4,15,"[{'date': Timestamp('2026-06-15 00:00:00'), 'volume': 29184300.0}, {'date': Timestamp('2026-04-20 00:00:00'), 'volume': 26645300.0}, {'date': Timestamp('2026-04-13 00:00:00'), 'volume': 23466600.0}, {'date': Timestamp('2025-09-08 00:00:00'), 'volume': 20433800.0}, {'date': Timestamp('2025-05-26 00:00:00'), 'volume': 18490500.0}, {'date': Timestamp('2025-05-05 00:00:00'), 'volume': 14221800.0}, {'date': Timestamp('2024-04-15 00:00:00'), 'volume': 10684300.0}, {'date': Timestamp('2024-01-15 00:00:00'), 'volume': 7913200.0}, {'date': Timestamp('2023-03-13 00:00:00'), 'volume': 7828700.0}, {'date': Timestamp('2022-11-07 00:00:00'), 'volume': 4618700.0}, {'date': Timestamp('2022-07-04 00:00:00'), 'volume': 3622200.0}, {'date': Timestamp('2022-06-27 00:00:00'), 'volume': 2053800.0}, {'date': Timestamp('2022-03-21 00:00:00'), 'volume': 1531000.0}, {'date': Timestamp('2022-03-07 00:00:00'), 'volume': 1339100.0}, {'date': Timestamp('2022-02-28 00:00:00'), 'volume': 1110900.0}]",2026-08-10,21720909.0,11.989999771118164,0.7442669174864568,233
CPB,6778227900.288143,weekly,2026-06-15,90821100.0,56,4,10,"[{'date': Timestamp('2026-06-15 00:00:00'), 'volume': 90821100.0}, {'date': Timestamp('2026-03-09 00:00:00'), 'volume': 74010700.0}, {'date': Timestamp('2025-12-06 00:00:00'), 'volume': 56744900.0}, {'date': Timestamp('2025-08-23 00:00:00'), 'volume': 48784100.0}, {'date': Timestamp('2025-07-05 00:00:00'), 'volume': 41376200.0}, {'date': Timestamp('2025-06-14 00:00:00'), 'volume': 30639400.0}, {'date': Timestamp('2020-03-14 00:00:00'), 'volume': 30087200.0}, {'date': Timestamp('2020-02-29 00:00:00'), 'volume': 25837800.0}, {'date': Timestamp('2020-02-22 00:00:00'), 'volume': 12841800.0}, {'date': Timestamp('2020-01-04 00:00:00'), 'volume': 11838600.0}]",2026-08-10,25269099.0,23.170000076293945,0.278229387223894,346
IVT,2818940128.9835567,weekly,2026-06-15,16149100.0,56,1,13,"[{'date': Timestamp('2026-06-15 00:00:00'), 'volume': 16149100.0}, {'date': Timestamp('2021-12-13 00:00:00'), 'volume': 12838500.0}, {'date': Timestamp('2021-12-06 00:00:00'), 'volume': 7434900.0}, {'date': Timestamp('2021-11-01 00:00:00'), 'volume': 5835200.0}, {'date': Timestamp('2021-10-11 00:00:00'), 'volume': 4703500.0}, {'date': Timestamp('2021-06-07 00:00:00'), 'volume': 35590.0}, {'date': Timestamp('2021-05-03 00:00:00'), 'volume': 6540.0}, {'date': Timestamp('2021-03-22 00:00:00'), 'volume': 5820.0}, {'date': Timestamp('2021-03-15 00:00:00'), 'volume': 3110.0}, {'date': Timestamp('2021-02-01 00:00:00'), 'volume': 1740.0}, {'date': Timestamp('2020-04-13 00:00:00'), 'volume': 890.0}, {'date': Timestamp('2020-03-23 00:00:00'), 'volume': 280.0}, {'date': Timestamp('2020-01-20 00:00:00'), 'volume': 150.0}]",2026-08-10,2918401.0,33.630001068115234,0.1807160151339703,345
NIC,3469373383.2429504,weekly,2026-06-15,4301800.0,56,3,13,"[{'date': Timestamp('2026-06-15 00:00:00'), 'volume': 4301800.0}, {'date': Timestamp('2026-06-08 00:00:00'), 'volume': 1734200.0}, {'date': Timestamp('2026-02-16 00:00:00'), 'volume': 1560600.0}, {'date': Timestamp('2025-03-17 00:00:00'), 'volume': 1160700.0}, {'date': Timestamp('2021-12-13 00:00:00'), 'volume': 696500.0}, {'date': Timestamp('2021-11-29 00:00:00'), 'volume': 619300.0}, {'date': Timestamp('2021-04-12 00:00:00'), 'volume': 490100.0}, {'date': Timestamp('2020-03-16 00:00:00'), 'volume': 367600.0}, {'date': Timestamp('2020-03-09 00:00:00'), 'volume': 334800.0}, {'date': Timestamp('2020-03-02 00:00:00'), 'volume': 242900.0}, {'date': Timestamp('2020-02-24 00:00:00'), 'volume': 177600.0}, {'date': Timestamp('2020-01-27 00:00:00'), 'volume': 147600.0}, {'date': Timestamp('2020-01-06 00:00:00'), 'volume': 129200.0}]",2026-08-10,697267.0,179.02000427246094,0.1620872657957134,345
USLM,3050049923.962669,weekly,2026-06-15,2739600.0,56,2,9,"[{'date': Timestamp('2026-06-15 00:00:00'), 'volume': 2739600.0}, {'date': Timestamp('2026-06-08 00:00:00'), 'volume': 1531000.0}, {'date': Timestamp('2024-01-27 00:00:00'), 'volume': 1265000.0}, {'date': Timestamp('2024-01-20 00:00:00'), 'volume': 580500.0}, {'date': Timestamp('2020-03-14 00:00:00'), 'volume': 555000.0}, {'date': Timestamp('2020-03-07 00:00:00'), 'volume': 416500.0}, {'date': Timestamp('2020-02-22 00:00:00'), 'volume': 153000.0}, {'date': Timestamp('2020-01-11 00:00:00'), 'volume': 116000.0}, {'date': Timestamp('2020-01-04 00:00:00'), 'volume': 99000.0}]",2026-08-10,584826.0,117.41000366210938,0.2134713096802453,346
ADPT,3354530368.339753,weekly,2026-06-15,27118400.0,56,1,6,"[{'date': Timestamp('2026-06-15 00:00:00'), 'volume': 27118400.0}, {'date': Timestamp('2025-04-28 00:00:00'), 'volume': 22399800.0}, {'date': Timestamp('2022-06-20 00:00:00'), 'volume': 18224200.0}, {'date': Timestamp('2020-01-20 00:00:00'), 'volume': 17670700.0}, {'date': Timestamp('2020-01-13 00:00:00'), 'volume': 6916400.0}, {'date': Timestamp('2020-01-06 00:00:00'), 'volume': 4453300.0}]",2026-08-10,9096724.0,24.739999771118164,0.3354447165024485,345
RSI,7353683263.656126,weekly,2026-06-15,27965900.0,56,1,11,"[{'date': Timestamp('2026-06-15 00:00:00'), 'volume': 27965900.0}, {'date': Timestamp('2021-09-13 00:00:00'), 'volume': 25636100.0}, {'date': Timestamp('2021-04-19 00:00:00'), 'volume': 14401500.0}, {'date': Timestamp('2021-03-15 00:00:00'), 'volume': 13171000.0}, {'date': Timestamp('2020-07-27 00:00:00'), 'volume': 11511000.0}, {'date': Timestamp('2020-07-20 00:00:00'), 'volume': 1269000.0}, {'date': Timestamp('2020-07-06 00:00:00'), 'volume': 308600.0}, {'date': Timestamp('2020-06-29 00:00:00'), 'volume': 160400.0}, {'date': Timestamp('2020-06-01 00:00:00'), 'volume': 108900.0}, {'date': Timestamp('2020-05-04 00:00:00'), 'volume': 5000.0}, {'date': Timestamp('2020-04-27 00:00:00'), 'volume': 4100.0}]",2026-08-10,7715972.0,25.57999992370605,0.2759064432040449,329
VSH,7669578222.385244,weekly,2026-06-08,51951700.0,63,3,12,"[{'date': Timestamp('2026-06-08 00:00:00'), 'volume': 51951700.0}, {'date': Timestamp('2026-06-01 00:00:00'), 'volume': 45263200.0}, {'date': Timestamp('2026-05-11 00:00:00'), 'volume': 36619900.0}, {'date': Timestamp('2024-12-14 00:00:00'), 'volume': 32302100.0}, {'date': Timestamp('2024-11-23 00:00:00'), 'volume': 20415900.0}, {'date': Timestamp('2023-09-30 00:00:00'), 'volume': 15652700.0}, {'date': Timestamp('2023-09-02 00:00:00'), 'volume': 15282500.0}, {'date': Timestamp('2023-05-06 00:00:00'), 'volume': 10496700.0}, {'date': Timestamp('2020-03-07 00:00:00'), 'volume': 9636700.0}, {'date': Timestamp('2020-02-22 00:00:00'), 'volume': 7781800.0}, {'date': Timestamp('2020-01-11 00:00:00'), 'volume': 7414000.0}, {'date': Timestamp('2020-01-04 00:00:00'), 'volume': 4471600.0}]",2026-08-10,17454074.0,35.08000183105469,0.3359673311941669,346
NRIX,2367993069.799644,weekly,2026-06-08,36862000.0,63,4,8,"[{'date': Timestamp('2026-06-08 00:00:00'), 'volume': 36862000.0}, {'date': Timestamp('2025-12-08 00:00:00'), 'volume': 14353800.0}, {'date': Timestamp('2025-10-27 00:00:00'), 'volume': 12630200.0}, {'date': Timestamp('2025-10-20 00:00:00'), 'volume': 12303500.0}, {'date': Timestamp('2024-04-08 00:00:00'), 'volume': 10981200.0}, {'date': Timestamp('2024-03-11 00:00:00'), 'volume': 7818100.0}, {'date': Timestamp('2023-12-11 00:00:00'), 'volume': 6458000.0}, {'date': Timestamp('2020-07-20 00:00:00'), 'volume': 5699200.0}]",2026-08-10,4660024.0,27.049999237060547,0.1264180999403179,317
BKH,5788782087.010093,weekly,2026-06-08,9199500.0,63,2,10,"[{'date': Timestamp('2026-06-08 00:00:00'), 'volume': 9199500.0}, {'date': Timestamp('2025-11-08 00:00:00'), 'volume': 8741200.0}, {'date': Timestamp('2023-07-29 00:00:00'), 'volume': 8310800.0}, {'date': Timestamp('2023-02-04 00:00:00'), 'volume': 5446500.0}, {'date': Timestamp('2020-03-14 00:00:00'), 'volume': 4198700.0}, {'date': Timestamp('2020-03-07 00:00:00'), 'volume': 3089000.0}, {'date': Timestamp('2020-02-22 00:00:00'), 'volume': 2544200.0}, {'date': Timestamp('2020-02-01 00:00:00'), 'volume': 1938800.0}, {'date': Timestamp('2020-01-25 00:00:00'), 'volume': 1861700.0}, {'date': Timestamp('2020-01-04 00:00:00'), 'volume': 1481300.0}]",2026-08-10,3834547.0,74.29000091552734,0.4168212402847981,346
ACM,9127697606.46963,weekly,2026-05-25,21549200.0,77,1,5,"[{'date': Timestamp('2026-05-25 00:00:00'), 'volume': 21549200.0}, {'date': Timestamp('2020-03-09 00:00:00'), 'volume': 20003900.0}, {'date': Timestamp('2020-03-02 00:00:00'), 'volume': 18962100.0}, {'date': Timestamp('2020-01-13 00:00:00'), 'volume': 13650200.0}, {'date': Timestamp('2020-01-06 00:00:00'), 'volume': 7501400.0}]",2026-08-10,20014733.0,63.11000061035156,0.9287923913648768,345
UTI,2290002916.205647,weekly,2026-05-25,13226000.0,77,1,12,"[{'date': Timestamp('2026-05-25 00:00:00'), 'volume': 13226000.0}, {'date': Timestamp('2025-05-12 00:00:00'), 'volume': 8754800.0}, {'date': Timestamp('2024-02-05 00:00:00'), 'volume': 7939800.0}, {'date': Timestamp('2022-06-20 00:00:00'), 'volume': 6171000.0}, {'date': Timestamp('2021-06-21 00:00:00'), 'volume': 4993500.0}, {'date': Timestamp('2020-06-22 00:00:00'), 'volume': 4820800.0}, {'date': Timestamp('2020-02-17 00:00:00'), 'volume': 3403600.0}, {'date': Timestamp('2020-02-10 00:00:00'), 'volume': 1117200.0}, {'date': Timestamp('2020-02-03 00:00:00'), 'volume': 1089100.0}, {'date': Timestamp('2020-01-20 00:00:00'), 'volume': 1006100.0}, {'date': Timestamp('2020-01-13 00:00:00'), 'volume': 540500.0}, {'date': Timestamp('2020-01-06 00:00:00'), 'volume': 501200.0}]",2026-08-10,12367694.0,25.14999961853028,0.9351046423710871,345
YMM,7823084203.0,weekly,2026-05-25,145757600.0,77,1,8,"[{'date': Timestamp('2026-05-25 00:00:00'), 'volume': 145757600.0}, {'date': Timestamp('2022-03-14 00:00:00'), 'volume': 134922500.0}, {'date': Timestamp('2021-12-27 00:00:00'), 'volume': 53493300.0}, {'date': Timestamp('2021-12-20 00:00:00'), 'volume': 41733000.0}, {'date': Timestamp('2021-07-26 00:00:00'), 'volume': 40586700.0}, {'date': Timestamp('2021-07-05 00:00:00'), 'volume': 38664700.0}, {'date': Timestamp('2021-06-28 00:00:00'), 'volume': 37814700.0}, {'date': Timestamp('2021-06-21 00:00:00'), 'volume': 23161400.0}]",2026-08-10,29710582.0,8.8100004196167,0.2038355598610295,269
CZR,6149508938.163762,weekly,2026-05-25,119574000.0,77,2,10,"[{'date': Timestamp('2026-05-25 00:00:00'), 'volume': 119574000.0}, {'date': Timestamp('2025-09-15 00:00:00'), 'volume': 80962900.0}, {'date': Timestamp('2020-07-20 00:00:00'), 'volume': 70558000.0}, {'date': Timestamp('2020-06-15 00:00:00'), 'volume': 60192500.0}, {'date': Timestamp('2020-05-11 00:00:00'), 'volume': 56339000.0}, {'date': Timestamp('2020-03-16 00:00:00'), 'volume': 52877500.0}, {'date': Timestamp('2020-03-09 00:00:00'), 'volume': 40635700.0}, {'date': Timestamp('2020-03-02 00:00:00'), 'volume': 33733900.0}, {'date': Timestamp('2020-02-24 00:00:00'), 'volume': 24161800.0}, {'date': Timestamp('2020-01-06 00:00:00'), 'volume': 7743900.0}]",2026-08-10,32159171.0,29.75,0.2689478565574456,345
FLY,4194567476.043072,weekly,2026-05-25,65149400.0,77,2,3,"[{'date': Timestamp('2026-05-25 00:00:00'), 'volume': 65149400.0}, {'date': Timestamp('2026-04-06 00:00:00'), 'volume': 48911100.0}, {'date': Timestamp('2025-08-04 00:00:00'), 'volume': 39132800.0}]",2026-08-10,22926502.0,26.670000076293945,0.3519065716645126,54
RDW,2610361098.776852,weekly,2026-05-25,380987400.0,77,8,16,"[{'date': Timestamp('2026-05-25 00:00:00'), 'volume': 380987400.0}, {'date': Timestamp('2026-01-26 00:00:00'), 'volume': 270588700.0}, {'date': Timestamp('2026-01-12 00:00:00'), 'volume': 149077500.0}, {'date': Timestamp('2026-01-05 00:00:00'), 'volume': 119383000.0}, {'date': Timestamp('2025-12-15 00:00:00'), 'volume': 78928200.0}, {'date': Timestamp('2025-12-08 00:00:00'), 'volume': 72970600.0}, {'date': Timestamp('2025-10-06 00:00:00'), 'volume': 61862400.0}, {'date': Timestamp('2025-09-15 00:00:00'), 'volume': 49608400.0}, {'date': Timestamp('2025-08-04 00:00:00'), 'volume': 45495200.0}, {'date': Timestamp('2025-06-16 00:00:00'), 'volume': 29362200.0}, {'date': Timestamp('2021-10-25 00:00:00'), 'volume': 26780900.0}, {'date': Timestamp('2021-10-11 00:00:00'), 'volume': 21535700.0}, {'date': Timestamp('2021-03-22 00:00:00'), 'volume': 7620500.0}, {'date': Timestamp('2021-01-25 00:00:00'), 'volume': 1111600.0}, {'date': Timestamp('2021-01-18 00:00:00'), 'volume': 886500.0}, {'date': Timestamp('2021-01-11 00:00:00'), 'volume': 130100.0}]",2026-08-10,96385694.0,13.579999923706056,0.2529891907186432,292
JKHY,9591855969.388548,weekly,2026-05-25,12319800.0,77,1,12,"[{'date': Timestamp('2026-05-25 00:00:00'), 'volume': 12319800.0}, {'date': Timestamp('2023-03-11 00:00:00'), 'volume': 9091000.0}, {'date': Timestamp('2021-02-06 00:00:00'), 'volume': 5837500.0}, {'date': Timestamp('2020-08-15 00:00:00'), 'volume': 5628000.0}, {'date': Timestamp('2020-03-14 00:00:00'), 'volume': 5511700.0}, {'date': Timestamp('2020-03-07 00:00:00'), 'volume': 5389300.0}, {'date': Timestamp('2020-02-29 00:00:00'), 'volume': 4724900.0}, {'date': Timestamp('2020-02-22 00:00:00'), 'volume': 3658200.0}, {'date': Timestamp('2020-02-01 00:00:00'), 'volume': 3349800.0}, {'date': Timestamp('2020-01-25 00:00:00'), 'volume': 2856600.0}, {'date': Timestamp('2020-01-11 00:00:00'), 'volume': 1766700.0}, {'date': Timestamp('2020-01-04 00:00:00'), 'volume': 1669800.0}]",2026-08-10,4129218.0,153.30999755859375,0.3351692397603857,346
TE,2292817884.917648,weekly,2026-05-18,315834300.0,84,3,9,"[{'date': Timestamp('2026-05-18 00:00:00'), 'volume': 315834300.0}, {'date': Timestamp('2026-04-13 00:00:00'), 'volume': 146283900.0}, {'date': Timestamp('2025-12-08 00:00:00'), 'volume': 146249700.0}, {'date': Timestamp('2024-11-04 00:00:00'), 'volume': 79621400.0}, {'date': Timestamp('2022-09-19 00:00:00'), 'volume': 54402300.0}, {'date': Timestamp('2021-02-01 00:00:00'), 'volume': 28907800.0}, {'date': Timestamp('2021-01-25 00:00:00'), 'volume': 13749800.0}, {'date': Timestamp('2020-02-10 00:00:00'), 'volume': 2060900.0}, {'date': Timestamp('2020-01-06 00:00:00'), 'volume': 1234600.0}]",2026-08-10,173691183.0,5.110000133514404,0.5499440149470782,345
AGYS,2889332947.1641884,weekly,2026-05-18,4379600.0,84,2,7,"[{'date': Timestamp('2026-05-18 00:00:00'), 'volume': 4379600.0}, {'date': Timestamp('2026-01-24 00:00:00'), 'volume': 3874700.0}, {'date': Timestamp('2025-01-18 00:00:00'), 'volume': 3588100.0}, {'date': Timestamp('2020-01-25 00:00:00'), 'volume': 2419100.0}, {'date': Timestamp('2020-01-18 00:00:00'), 'volume': 891100.0}, {'date': Timestamp('2020-01-11 00:00:00'), 'volume': 635200.0}, {'date': Timestamp('2020-01-04 00:00:00'), 'volume': 445600.0}]",2026-08-10,1985975.0,114.0,0.4534603616768655,346
WIX,2427592829.3456373,weekly,2026-05-11,22605000.0,91,3,9,"[{'date': Timestamp('2026-05-11 00:00:00'), 'volume': 22605000.0}, {'date': Timestamp('2026-03-02 00:00:00'), 'volume': 19872700.0}, {'date': Timestamp('2025-09-08 00:00:00'), 'volume': 19241100.0}, {'date': Timestamp('2022-02-14 00:00:00'), 'volume': 14749100.0}, {'date': Timestamp('2021-05-10 00:00:00'), 'volume': 11773000.0}, {'date': Timestamp('2020-05-11 00:00:00'), 'volume': 10110900.0}, {'date': Timestamp('2020-03-16 00:00:00'), 'volume': 6578200.0}, {'date': Timestamp('2020-02-17 00:00:00'), 'volume': 6157200.0}, {'date': Timestamp('2020-01-06 00:00:00'), 'volume': 3479700.0}]",2026-08-10,11145677.0,74.12999725341797,0.4930624640566246,345
RELY,4710251330.582798,weekly,2026-05-11,55031800.0,91,2,8,"[{'date': Timestamp('2026-05-11 00:00:00'), 'volume': 55031800.0}, {'date': Timestamp('2025-11-03 00:00:00'), 'volume': 47512300.0}, {'date': Timestamp('2025-08-04 00:00:00'), 'volume': 39272500.0}, {'date': Timestamp('2025-07-14 00:00:00'), 'volume': 22534100.0}, {'date': Timestamp('2025-06-16 00:00:00'), 'volume': 20168500.0}, {'date': Timestamp('2023-10-30 00:00:00'), 'volume': 19571100.0}, {'date': Timestamp('2022-06-20 00:00:00'), 'volume': 16491100.0}, {'date': Timestamp('2021-09-20 00:00:00'), 'volume': 12238500.0}]",2026-08-10,21276277.0,26.299999237060547,0.3866178645801155,256
INTR,2393628463.4503818,weekly,2026-05-11,63430200.0,91,1,6,"[{'date': Timestamp('2026-05-11 00:00:00'), 'volume': 63430200.0}, {'date': Timestamp('2025-02-24 00:00:00'), 'volume': 44642900.0}, {'date': Timestamp('2024-08-26 00:00:00'), 'volume': 43922500.0}, {'date': Timestamp('2024-01-15 00:00:00'), 'volume': 23018200.0}, {'date': Timestamp('2022-07-04 00:00:00'), 'volume': 5018400.0}, {'date': Timestamp('2022-06-20 00:00:00'), 'volume': 1633300.0}]",2026-08-10,43193719.0,5.190000057220459,0.680964572080807,217
ALHC,4794157224.327609,weekly,2026-05-11,65387700.0,91,2,12,"[{'date': Timestamp('2026-05-11 00:00:00'), 'volume': 65387700.0}, {'date': Timestamp('2025-09-08 00:00:00'), 'volume': 34725300.0}, {'date': Timestamp('2025-07-28 00:00:00'), 'volume': 33620000.0}, {'date': Timestamp('2025-04-28 00:00:00'), 'volume': 30732700.0}, {'date': Timestamp('2025-04-07 00:00:00'), 'volume': 25030800.0}, {'date': Timestamp('2024-11-11 00:00:00'), 'volume': 19641100.0}, {'date': Timestamp('2024-09-30 00:00:00'), 'volume': 15428200.0}, {'date': Timestamp('2022-09-12 00:00:00'), 'volume': 12244400.0}, {'date': Timestamp('2021-12-13 00:00:00'), 'volume': 12115300.0}, {'date': Timestamp('2021-11-15 00:00:00'), 'volume': 10387300.0}, {'date': Timestamp('2021-03-29 00:00:00'), 'volume': 7306500.0}, {'date': Timestamp('2021-03-22 00:00:00'), 'volume': 5327000.0}]",2026-08-10,29685805.0,13.960000038146973,0.4539967761520898,282
PDFS,2594907506.3627496,weekly,2026-05-11,10403100.0,91,2,10,"[{'date': Timestamp('2026-05-11 00:00:00'), 'volume': 10403100.0}, {'date': Timestamp('2026-04-27 00:00:00'), 'volume': 2987100.0}, {'date': Timestamp('2023-11-06 00:00:00'), 'volume': 2798600.0}, {'date': Timestamp('2021-11-08 00:00:00'), 'volume': 1844000.0}, {'date': Timestamp('2020-05-11 00:00:00'), 'volume': 1756300.0}, {'date': Timestamp('2020-03-16 00:00:00'), 'volume': 1258600.0}, {'date': Timestamp('2020-03-02 00:00:00'), 'volume': 961300.0}, {'date': Timestamp('2020-02-24 00:00:00'), 'volume': 739300.0}, {'date': Timestamp('2020-02-17 00:00:00'), 'volume': 694400.0}, {'date': Timestamp('2020-01-06 00:00:00'), 'volume': 559400.0}]",2026-08-10,2732097.0,50.900001525878906,0.2626233526544972,345
VNET,2192125597.0,weekly,2026-05-11,117565900.0,91,1,12,"[{'date': Timestamp('2026-05-11 00:00:00'), 'volume': 117565900.0}, {'date': Timestamp('2025-02-17 00:00:00'), 'volume': 89581500.0}, {'date': Timestamp('2025-02-10 00:00:00'), 'volume': 64550400.0}, {'date': Timestamp('2022-03-14 00:00:00'), 'volume': 38296700.0}, {'date': Timestamp('2020-08-24 00:00:00'), 'volume': 24554000.0}, {'date': Timestamp('2020-06-22 00:00:00'), 'volume': 20778200.0}, {'date': Timestamp('2020-06-15 00:00:00'), 'volume': 9186700.0}, {'date': Timestamp('2020-03-02 00:00:00'), 'volume': 7898200.0}, {'date': Timestamp('2020-02-24 00:00:00'), 'volume': 4649000.0}, {'date': Timestamp('2020-02-17 00:00:00'), 'volume': 4143900.0}, {'date': Timestamp('2020-02-03 00:00:00'), 'volume': 3784500.0}, {'date': Timestamp('2020-01-06 00:00:00'), 'volume': 3476600.0}]",2026-08-10,19913327.0,7.599999904632568,0.1693801263801833,345
BFAM,3689832329.94799,weekly,2026-05-11,17116600.0,91,2,8,"[{'date': Timestamp('2026-05-11 00:00:00'), 'volume': 17116600.0}, {'date': Timestamp('2026-05-04 00:00:00'), 'volume': 8797400.0}, {'date': Timestamp('2020-03-16 00:00:00'), 'volume': 8651700.0}, {'date': Timestamp('2020-03-09 00:00:00'), 'volume': 3785700.0}, {'date': Timestamp('2020-03-02 00:00:00'), 'volume': 2678000.0}, {'date': Timestamp('2020-02-24 00:00:00'), 'volume': 2199500.0}, {'date': Timestamp('2020-02-10 00:00:00'), 'volume': 1626700.0}, {'date': Timestamp('2020-01-06 00:00:00'), 'volume': 1423500.0}]",2026-08-10,3036251.0,71.30999755859375,0.1773863384083287,345
OUST,2675537371.0573893,weekly,2026-05-11,38637100.0,91,1,13,"[{'date': Timestamp('2026-05-11 00:00:00'), 'volume': 38637100.0}, {'date': Timestamp('2025-06-09 00:00:00'), 'volume': 34326500.0}, {'date': Timestamp('2024-04-01 00:00:00'), 'volume': 19136800.0}, {'date': Timestamp('2024-03-25 00:00:00'), 'volume': 17075400.0}, {'date': Timestamp('2023-08-07 00:00:00'), 'volume': 8239200.0}, {'date': Timestamp('2023-05-15 00:00:00'), 'volume': 7428200.0}, {'date': Timestamp('2023-04-10 00:00:00'), 'volume': 7272190.0}, {'date': Timestamp('2021-04-05 00:00:00'), 'volume': 4338760.0}, {'date': Timestamp('2020-12-21 00:00:00'), 'volume': 2826660.0}, {'date': Timestamp('2020-11-16 00:00:00'), 'volume': 201870.0}, {'date': Timestamp('2020-10-19 00:00:00'), 'volume': 76830.0}, {'date': Timestamp('2020-10-12 00:00:00'), 'volume': 1040.0}, {'date': Timestamp('2020-10-05 00:00:00'), 'volume': 10.0}]",2026-08-10,19104499.0,48.709999084472656,0.4944599620571937,306
KVYO,4459269135.7590885,weekly,2026-05-04,69673200.0,98,4,5,"[{'date': Timestamp('2026-05-04 00:00:00'), 'volume': 69673200.0}, {'date': Timestamp('2026-02-09 00:00:00'), 'volume': 40740700.0}, {'date': Timestamp('2025-11-03 00:00:00'), 'volume': 31936200.0}, {'date': Timestamp('2025-09-29 00:00:00'), 'volume': 25724000.0}, {'date': Timestamp('2023-09-18 00:00:00'), 'volume': 24038700.0}]",2026-08-10,45266927.0,18.489999771118164,0.6497035732534174,152
ALG,2054016146.9983337,weekly,2026-05-04,1532700.0,98,1,6,"[{'date': Timestamp('2026-05-04 00:00:00'), 'volume': 1532700.0}, {'date': Timestamp('2025-03-15 00:00:00'), 'volume': 1439000.0}, {'date': Timestamp('2024-12-14 00:00:00'), 'volume': 953000.0}, {'date': Timestamp('2024-06-08 00:00:00'), 'volume': 602300.0}, {'date': Timestamp('2020-03-14 00:00:00'), 'volume': 566400.0}, {'date': Timestamp('2020-01-04 00:00:00'), 'volume': 475600.0}]",2026-08-10,939010.0,164.92999267578125,0.6126508775363737,346
HESM,7766739072.001848,weekly,2026-05-04,22189000.0,98,3,9,"[{'date': Timestamp('2026-05-04 00:00:00'), 'volume': 22189000.0}, {'date': Timestamp('2026-04-27 00:00:00'), 'volume': 11932100.0}, {'date': Timestamp('2026-04-13 00:00:00'), 'volume': 11888600.0}, {'date': Timestamp('2025-07-21 00:00:00'), 'volume': 11806900.0}, {'date': Timestamp('2022-03-14 00:00:00'), 'volume': 11462100.0}, {'date': Timestamp('2021-10-04 00:00:00'), 'volume': 6247400.0}, {'date': Timestamp('2020-03-16 00:00:00'), 'volume': 3243200.0}, {'date': Timestamp('2020-03-09 00:00:00'), 'volume': 2720500.0}, {'date': Timestamp('2020-01-06 00:00:00'), 'volume': 1448200.0}]",2026-08-10,5576873.0,40.52999877929688,0.2513350308711524,345
INGM,6377229098.458649,weekly,2026-05-04,16511300.0,98,2,3,"[{'date': Timestamp('2026-05-04 00:00:00'), 'volume': 16511300.0}, {'date': Timestamp('2026-03-02 00:00:00'), 'volume': 14305900.0}, {'date': Timestamp('2024-10-21 00:00:00'), 'volume': 8933900.0}]",2026-08-10,2777027.0,28.549999237060547,0.1681894823545087,95
GBTG,4917329624.066028,weekly,2026-05-04,113350000.0,98,1,12,"[{'date': Timestamp('2026-05-04 00:00:00'), 'volume': 113350000.0}, {'date': Timestamp('2024-09-16 00:00:00'), 'volume': 15940100.0}, {'date': Timestamp('2024-06-24 00:00:00'), 'volume': 15914200.0}, {'date': Timestamp('2024-06-03 00:00:00'), 'volume': 5197000.0}, {'date': Timestamp('2023-06-19 00:00:00'), 'volume': 5137900.0}, {'date': Timestamp('2022-12-12 00:00:00'), 'volume': 2411500.0}, {'date': Timestamp('2022-10-17 00:00:00'), 'volume': 1024400.0}, {'date': Timestamp('2022-10-03 00:00:00'), 'volume': 909500.0}, {'date': Timestamp('2022-09-12 00:00:00'), 'volume': 894800.0}, {'date': Timestamp('2022-09-05 00:00:00'), 'volume': 514200.0}, {'date': Timestamp('2022-08-22 00:00:00'), 'volume': 381500.0}, {'date': Timestamp('2022-08-15 00:00:00'), 'volume': 88400.0}]",2026-08-10,4082572.0,9.460000038146973,0.0360173974415527,209
VECO,4330325614.759443,weekly,2026-05-04,14370600.0,98,1,6,"[{'date': Timestamp('2026-05-04 00:00:00'), 'volume': 14370600.0}, {'date': Timestamp('2020-05-09 00:00:00'), 'volume': 11201100.0}, {'date': Timestamp('2020-05-02 00:00:00'), 'volume': 2534000.0}, {'date': Timestamp('2020-02-08 00:00:00'), 'volume': 2194300.0}, {'date': Timestamp('2020-01-11 00:00:00'), 'volume': 1449200.0}, {'date': Timestamp('2020-01-04 00:00:00'), 'volume': 1008300.0}]",2026-08-10,3504593.0,52.400001525878906,0.2438724200798853,346
INOD,2413230919.401476,weekly,2026-05-04,26111400.0,98,1,15,"[{'date': Timestamp('2026-05-04 00:00:00'), 'volume': 26111400.0}, {'date': Timestamp('2025-02-15 00:00:00'), 'volume': 24929500.0}, {'date': Timestamp('2024-05-04 00:00:00'), 'volume': 24784200.0}, {'date': Timestamp('2024-02-10 00:00:00'), 'volume': 6958400.0}, {'date': Timestamp('2023-06-17 00:00:00'), 'volume': 6600900.0}, {'date': Timestamp('2020-08-15 00:00:00'), 'volume': 3836900.0}, {'date': Timestamp('2020-08-08 00:00:00'), 'volume': 912000.0}, {'date': Timestamp('2020-07-11 00:00:00'), 'volume': 582100.0}, {'date': Timestamp('2020-05-16 00:00:00'), 'volume': 548400.0}, {'date': Timestamp('2020-05-09 00:00:00'), 'volume': 148200.0}, {'date': Timestamp('2020-03-14 00:00:00'), 'volume': 141300.0}, {'date': Timestamp('2020-02-29 00:00:00'), 'volume': 133200.0}, {'date': Timestamp('2020-02-22 00:00:00'), 'volume': 108400.0}, {'date': Timestamp('2020-01-11 00:00:00'), 'volume': 102300.0}, {'date': Timestamp('2020-01-04 00:00:00'), 'volume': 74100.0}]",2026-08-10,9744441.0,63.84999847412109,0.3731872285668329,346
FLNC,3551666507.888029,weekly,2026-05-04,108197900.0,98,1,6,"[{'date': Timestamp('2026-05-04 00:00:00'), 'volume': 108197900.0}, {'date': Timestamp('2025-02-10 00:00:00'), 'volume': 107356400.0}, {'date': Timestamp('2024-12-09 00:00:00'), 'volume': 35961300.0}, {'date': Timestamp('2024-02-19 00:00:00'), 'volume': 30938800.0}, {'date': Timestamp('2023-12-04 00:00:00'), 'volume': 24295900.0}, {'date': Timestamp('2021-10-25 00:00:00'), 'volume': 21370300.0}]",2026-08-10,28207026.0,13.140000343322754,0.260698460875858,251
NSIT,3609066264.419842,weekly,2026-05-04,4903100.0,98,1,5,"[{'date': Timestamp('2026-05-04 00:00:00'), 'volume': 4903100.0}, {'date': Timestamp('2020-03-14 00:00:00'), 'volume': 3993300.0}, {'date': Timestamp('2020-02-08 00:00:00'), 'volume': 3500600.0}, {'date': Timestamp('2020-01-11 00:00:00'), 'volume': 1374800.0}, {'date': Timestamp('2020-01-04 00:00:00'), 'volume': 1338100.0}]",2026-08-10,1949224.0,154.25,0.3975493055413922,346
OGN,3545227457.238307,weekly,2026-04-27,212666200.0,105,1,5,"[{'date': Timestamp('2026-04-27 00:00:00'), 'volume': 212666200.0}, {'date': Timestamp('2023-10-16 00:00:00'), 'volume': 84803800.0}, {'date': Timestamp('2021-06-07 00:00:00'), 'volume': 61511800.0}, {'date': Timestamp('2021-05-31 00:00:00'), 'volume': 31187200.0}, {'date': Timestamp('2021-05-10 00:00:00'), 'volume': 342900.0}]",2026-08-10,12520781.0,13.720000267028809,0.0588752749614184,275
WING,4541300568.260912,weekly,2026-04-27,10751200.0,105,2,8,"[{'date': Timestamp('2026-04-27 00:00:00'), 'volume': 10751200.0}, {'date': Timestamp('2025-11-03 00:00:00'), 'volume': 10217000.0}, {'date': Timestamp('2025-02-17 00:00:00'), 'volume': 9174800.0}, {'date': Timestamp('2020-09-14 00:00:00'), 'volume': 9116800.0}, {'date': Timestamp('2020-03-16 00:00:00'), 'volume': 7646600.0}, {'date': Timestamp('2020-03-09 00:00:00'), 'volume': 3996400.0}, {'date': Timestamp('2020-01-13 00:00:00'), 'volume': 3297500.0}, {'date': Timestamp('2020-01-06 00:00:00'), 'volume': 1921700.0}]",2026-08-10,7994925.0,126.12000274658205,0.7436309435225835,345
JHG,8001146005.018682,weekly,2026-03-16,32350700.0,105,3,12,"[{'date': Timestamp('2026-03-16 00:00:00'), 'volume': 32350700}, {'date': Timestamp('2026-02-23 00:00:00'), 'volume': 21517300}, {'date': Timestamp('2025-12-22 00:00:00'), 'volume': 20663700}, {'date': Timestamp('2020-09-28 00:00:00'), 'volume': 20544100}, {'date': Timestamp('2020-06-22 00:00:00'), 'volume': 19040100}, {'date': Timestamp('2020-03-16 00:00:00'), 'volume': 13300400}, {'date': Timestamp('2020-03-09 00:00:00'), 'volume': 12431600}, {'date': Timestamp('2020-03-02 00:00:00'), 'volume': 10414300}, {'date': Timestamp('2020-02-24 00:00:00'), 'volume': 9986700}, {'date': Timestamp('2020-02-03 00:00:00'), 'volume': 9068100}, {'date': Timestamp('2020-01-27 00:00:00'), 'volume': 7066800}, {'date': Timestamp('2020-01-06 00:00:00'), 'volume': 5098600}]",2026-06-29,2605500.0,51.970001220703125,0.0805392155347488,339
LFST,3986938111.663967,weekly,2026-04-27,58183500.0,105,1,4,"[{'date': Timestamp('2026-04-27 00:00:00'), 'volume': 58183500.0}, {'date': Timestamp('2024-05-20 00:00:00'), 'volume': 26631300.0}, {'date': Timestamp('2021-08-09 00:00:00'), 'volume': 26459600.0}, {'date': Timestamp('2021-06-07 00:00:00'), 'volume': 19574500.0}]",2026-08-10,32080858.0,12.420000076293944,0.5513738087258415,271
ERAS,4978862223.028763,weekly,2026-04-27,109837300.0,105,2,9,"[{'date': Timestamp('2026-04-27 00:00:00'), 'volume': 109837300.0}, {'date': Timestamp('2026-01-05 00:00:00'), 'volume': 78951300.0}, {'date': Timestamp('2024-05-20 00:00:00'), 'volume': 35248600.0}, {'date': Timestamp('2023-12-04 00:00:00'), 'volume': 20390800.0}, {'date': Timestamp('2022-12-12 00:00:00'), 'volume': 12488600.0}, {'date': Timestamp('2022-03-14 00:00:00'), 'volume': 10929900.0}, {'date': Timestamp('2022-01-17 00:00:00'), 'volume': 6303000.0}, {'date': Timestamp('2021-09-13 00:00:00'), 'volume': 4940700.0}, {'date': Timestamp('2021-07-12 00:00:00'), 'volume': 4480300.0}]",2026-08-10,15076924.0,18.3799991607666,0.1372659743092738,266
SXI,4125130973.142781,weekly,2026-04-27,1539800.0,105,5,15,"[{'date': Timestamp('2026-04-27 00:00:00'), 'volume': 1539800.0}, {'date': Timestamp('2026-04-06 00:00:00'), 'volume': 1075900.0}, {'date': Timestamp('2026-03-02 00:00:00'), 'volume': 1021600.0}, {'date': Timestamp('2026-02-23 00:00:00'), 'volume': 930600.0}, {'date': Timestamp('2025-12-06 00:00:00'), 'volume': 925200.0}, {'date': Timestamp('2025-06-14 00:00:00'), 'volume': 914200.0}, {'date': Timestamp('2021-12-11 00:00:00'), 'volume': 707800.0}, {'date': Timestamp('2020-06-20 00:00:00'), 'volume': 683800.0}, {'date': Timestamp('2020-05-09 00:00:00'), 'volume': 470100.0}, {'date': Timestamp('2020-04-11 00:00:00'), 'volume': 430600.0}, {'date': Timestamp('2020-03-14 00:00:00'), 'volume': 404400.0}, {'date': Timestamp('2020-03-07 00:00:00'), 'volume': 338300.0}, {'date': Timestamp('2020-02-01 00:00:00'), 'volume': 290300.0}, {'date': Timestamp('2020-01-11 00:00:00'), 'volume': 259100.0}, {'date': Timestamp('2020-01-04 00:00:00'), 'volume': 239200.0}]",2026-08-10,636407.0,331.17999267578125,0.4133049746720353,346
OLED,4074807512.063056,weekly,2026-04-27,9614400.0,105,1,5,"[{'date': Timestamp('2026-04-27 00:00:00'), 'volume': 9614400.0}, {'date': Timestamp('2025-04-05 00:00:00'), 'volume': 7389700.0}, {'date': Timestamp('2020-02-15 00:00:00'), 'volume': 6020500.0}, {'date': Timestamp('2020-01-25 00:00:00'), 'volume': 4001100.0}, {'date': Timestamp('2020-01-04 00:00:00'), 'volume': 2254000.0}]",2026-08-10,4166612.0,88.91999816894531,0.4333720252953902,346
CAR,5881256727.454782,weekly,2026-04-20,53962600.0,112,1,12,"[{'date': Timestamp('2026-04-20 00:00:00'), 'volume': 53962600.0}, {'date': Timestamp('2020-05-30 00:00:00'), 'volume': 51043900.0}, {'date': Timestamp('2020-05-16 00:00:00'), 'volume': 47639200.0}, {'date': Timestamp('2020-05-09 00:00:00'), 'volume': 43869500.0}, {'date': Timestamp('2020-04-25 00:00:00'), 'volume': 42144000.0}, {'date': Timestamp('2020-03-14 00:00:00'), 'volume': 41571100.0}, {'date': Timestamp('2020-03-07 00:00:00'), 'volume': 21477700.0}, {'date': Timestamp('2020-02-22 00:00:00'), 'volume': 16264200.0}, {'date': Timestamp('2020-02-15 00:00:00'), 'volume': 11432700.0}, {'date': Timestamp('2020-02-08 00:00:00'), 'volume': 6634400.0}, {'date': Timestamp('2020-01-11 00:00:00'), 'volume': 5877600.0}, {'date': Timestamp('2020-01-04 00:00:00'), 'volume': 5734300.0}]",2026-08-10,1606572.0,137.85000610351562,0.0297719531675642,346
SRAD,4571090183.304499,weekly,2026-04-20,52423700.0,112,1,3,"[{'date': Timestamp('2026-04-20 00:00:00'), 'volume': 52423700.0}, {'date': Timestamp('2025-04-21 00:00:00'), 'volume': 25266500.0}, {'date': Timestamp('2021-09-13 00:00:00'), 'volume': 19384200.0}]",2026-08-10,9816871.0,13.81999969482422,0.1872601704954057,257
SEM,2045058663.5347428,weekly,2026-03-09,28307200.0,112,2,7,"[{'date': Timestamp('2026-03-09 00:00:00'), 'volume': 28307200}, {'date': Timestamp('2026-03-02 00:00:00'), 'volume': 24488400}, {'date': Timestamp('2020-03-16 00:00:00'), 'volume': 17499481}, {'date': Timestamp('2020-02-24 00:00:00'), 'volume': 12939104}, {'date': Timestamp('2020-01-27 00:00:00'), 'volume': 12170164}, {'date': Timestamp('2020-01-13 00:00:00'), 'volume': 7570809}, {'date': Timestamp('2020-01-06 00:00:00'), 'volume': 7120729}]",2026-06-29,3731700.0,16.530000686645508,0.1318286513678498,339
CWT,2937597955.3842278,weekly,2026-04-20,4303200.0,112,1,9,"[{'date': Timestamp('2026-04-20 00:00:00'), 'volume': 4303200.0}, {'date': Timestamp('2024-04-20 00:00:00'), 'volume': 3915900.0}, {'date': Timestamp('2023-07-29 00:00:00'), 'volume': 3854400.0}, {'date': Timestamp('2020-03-14 00:00:00'), 'volume': 3723900.0}, {'date': Timestamp('2020-03-07 00:00:00'), 'volume': 2204700.0}, {'date': Timestamp('2020-02-29 00:00:00'), 'volume': 1740700.0}, {'date': Timestamp('2020-02-22 00:00:00'), 'volume': 1736700.0}, {'date': Timestamp('2020-01-11 00:00:00'), 'volume': 1484300.0}, {'date': Timestamp('2020-01-04 00:00:00'), 'volume': 1336000.0}]",2026-08-10,2112221.0,50.400001525878906,0.4908489031418479,346
SON,5448653547.886639,weekly,2026-04-20,14835700.0,112,3,11,"[{'date': Timestamp('2026-04-20 00:00:00'), 'volume': 14835700.0}, {'date': Timestamp('2025-10-25 00:00:00'), 'volume': 12605800.0}, {'date': Timestamp('2025-10-18 00:00:00'), 'volume': 9501100.0}, {'date': Timestamp('2024-06-15 00:00:00'), 'volume': 7571900.0}, {'date': Timestamp('2023-07-29 00:00:00'), 'volume': 7086100.0}, {'date': Timestamp('2020-03-14 00:00:00'), 'volume': 5302000.0}, {'date': Timestamp('2020-02-29 00:00:00'), 'volume': 4502600.0}, {'date': Timestamp('2020-02-22 00:00:00'), 'volume': 4332300.0}, {'date': Timestamp('2020-02-08 00:00:00'), 'volume': 2727600.0}, {'date': Timestamp('2020-01-11 00:00:00'), 'volume': 2164400.0}, {'date': Timestamp('2020-01-04 00:00:00'), 'volume': 1928700.0}]",2026-08-10,3671327.0,58.27000045776367,0.2474657077185438,346
BMI,4111662889.630092,weekly,2026-04-20,7278800.0,112,2,10,"[{'date': Timestamp('2026-04-20 00:00:00'), 'volume': 7278800.0}, {'date': Timestamp('2026-04-13 00:00:00'), 'volume': 5818400.0}, {'date': Timestamp('2025-07-19 00:00:00'), 'volume': 4085700.0}, {'date': Timestamp('2021-01-23 00:00:00'), 'volume': 2148900.0}, {'date': Timestamp('2020-03-07 00:00:00'), 'volume': 1572300.0}, {'date': Timestamp('2020-02-29 00:00:00'), 'volume': 1565300.0}, {'date': Timestamp('2020-02-01 00:00:00'), 'volume': 1235000.0}, {'date': Timestamp('2020-01-25 00:00:00'), 'volume': 1013000.0}, {'date': Timestamp('2020-01-11 00:00:00'), 'volume': 862000.0}, {'date': Timestamp('2020-01-04 00:00:00'), 'volume': 724500.0}]",2026-08-10,2231752.0,130.82000732421875,0.3066098807495741,346
NN,2348079669.468506,weekly,2026-04-20,29611000.0,112,2,6,"[{'date': Timestamp('2026-04-20 00:00:00'), 'volume': 29611000.0}, {'date': Timestamp('2026-04-13 00:00:00'), 'volume': 17800100.0}, {'date': Timestamp('2025-01-06 00:00:00'), 'volume': 15786000.0}, {'date': Timestamp('2022-05-16 00:00:00'), 'volume': 13640400.0}, {'date': Timestamp('2021-11-01 00:00:00'), 'volume': 5829000.0}, {'date': Timestamp('2020-11-02 00:00:00'), 'volume': 2628800.0}]",2026-08-10,24181198.0,19.895000457763672,0.8166288879132755,302
MXL,8650139797.1483,weekly,2026-04-20,55793300.0,112,1,9,"[{'date': Timestamp('2026-04-20 00:00:00'), 'volume': 55793300.0}, {'date': Timestamp('2023-07-24 00:00:00'), 'volume': 32144400.0}, {'date': Timestamp('2022-05-02 00:00:00'), 'volume': 9755700.0}, {'date': Timestamp('2021-02-22 00:00:00'), 'volume': 8105500.0}, {'date': Timestamp('2021-02-08 00:00:00'), 'volume': 5818400.0}, {'date': Timestamp('2020-07-20 00:00:00'), 'volume': 5584000.0}, {'date': Timestamp('2020-03-23 00:00:00'), 'volume': 4880200.0}, {'date': Timestamp('2020-02-03 00:00:00'), 'volume': 3664100.0}, {'date': Timestamp('2020-01-06 00:00:00'), 'volume': 2255100.0}]",2026-08-10,14215715.0,84.83999633789062,0.2547925109287315,345
IFS,6440827299.187432,weekly,2026-04-13,2890800.0,119,1,9,"[{'date': Timestamp('2026-04-13 00:00:00'), 'volume': 2890800.0}, {'date': Timestamp('2022-11-28 00:00:00'), 'volume': 2520100.0}, {'date': Timestamp('2021-08-09 00:00:00'), 'volume': 1842400.0}, {'date': Timestamp('2020-11-30 00:00:00'), 'volume': 953500.0}, {'date': Timestamp('2020-11-23 00:00:00'), 'volume': 822800.0}, {'date': Timestamp('2020-02-10 00:00:00'), 'volume': 633100.0}, {'date': Timestamp('2020-01-20 00:00:00'), 'volume': 324100.0}, {'date': Timestamp('2020-01-13 00:00:00'), 'volume': 317900.0}, {'date': Timestamp('2020-01-06 00:00:00'), 'volume': 251100.0}]",2026-08-10,1519735.0,54.68999862670898,0.5257143351321434,345
CVBF,3963183635.0,weekly,2026-04-13,20036800.0,119,2,10,"[{'date': Timestamp('2026-04-13 00:00:00'), 'volume': 20036800.0}, {'date': Timestamp('2025-12-13 00:00:00'), 'volume': 15089900.0}, {'date': Timestamp('2023-03-11 00:00:00'), 'volume': 13867500.0}, {'date': Timestamp('2022-03-12 00:00:00'), 'volume': 10212900.0}, {'date': Timestamp('2020-03-14 00:00:00'), 'volume': 10074800.0}, {'date': Timestamp('2020-03-07 00:00:00'), 'volume': 6929800.0}, {'date': Timestamp('2020-02-29 00:00:00'), 'volume': 4432300.0}, {'date': Timestamp('2020-02-22 00:00:00'), 'volume': 3628200.0}, {'date': Timestamp('2020-01-25 00:00:00'), 'volume': 2978900.0}, {'date': Timestamp('2020-01-04 00:00:00'), 'volume': 2480500.0}]",2026-08-10,5882075.0,23.25,0.2935635929889004,346
PII,4127660540.958558,weekly,2026-04-13,17311500.0,119,1,6,"[{'date': Timestamp('2026-04-13 00:00:00'), 'volume': 17311500.0}, {'date': Timestamp('2025-01-25 00:00:00'), 'volume': 15688400.0}, {'date': Timestamp('2020-07-25 00:00:00'), 'volume': 11266900.0}, {'date': Timestamp('2020-04-25 00:00:00'), 'volume': 9895100.0}, {'date': Timestamp('2020-01-25 00:00:00'), 'volume': 7130300.0}, {'date': Timestamp('2020-01-04 00:00:00'), 'volume': 4520600.0}]",2026-08-10,4807543.0,69.48999786376953,0.2777080553389365,346
GRC,2357114066.375894,weekly,2026-04-13,1763900.0,119,1,11,"[{'date': Timestamp('2026-04-13 00:00:00'), 'volume': 1763900.0}, {'date': Timestamp('2022-03-12 00:00:00'), 'volume': 1528300.0}, {'date': Timestamp('2021-06-19 00:00:00'), 'volume': 1256200.0}, {'date': Timestamp('2020-06-20 00:00:00'), 'volume': 709100.0}, {'date': Timestamp('2020-03-14 00:00:00'), 'volume': 551700.0}, {'date': Timestamp('2020-03-07 00:00:00'), 'volume': 438400.0}, {'date': Timestamp('2020-02-29 00:00:00'), 'volume': 366800.0}, {'date': Timestamp('2020-02-22 00:00:00'), 'volume': 323600.0}, {'date': Timestamp('2020-02-01 00:00:00'), 'volume': 262300.0}, {'date': Timestamp('2020-01-11 00:00:00'), 'volume': 187100.0}, {'date': Timestamp('2020-01-04 00:00:00'), 'volume': 185800.0}]",2026-08-10,872625.0,80.80999755859375,0.4947134191280685,346
IDYA,3493354840.39019,weekly,2026-04-13,18868300.0,119,1,8,"[{'date': Timestamp('2026-04-13 00:00:00'), 'volume': 18868300.0}, {'date': Timestamp('2023-04-24 00:00:00'), 'volume': 15285800.0}, {'date': Timestamp('2022-09-12 00:00:00'), 'volume': 7712200.0}, {'date': Timestamp('2020-06-15 00:00:00'), 'volume': 7546400.0}, {'date': Timestamp('2020-06-01 00:00:00'), 'volume': 769400.0}, {'date': Timestamp('2020-03-16 00:00:00'), 'volume': 498400.0}, {'date': Timestamp('2020-01-13 00:00:00'), 'volume': 357900.0}, {'date': Timestamp('2020-01-06 00:00:00'), 'volume': 210700.0}]",2026-08-10,2537012.0,36.29999923706055,0.1344589602666906,345
KRC,4466366087.590509,weekly,2026-04-13,15724700.0,119,1,16,"[{'date': Timestamp('2026-04-13 00:00:00'), 'volume': 15724700.0}, {'date': Timestamp('2025-07-26 00:00:00'), 'volume': 14790800.0}, {'date': Timestamp('2025-04-05 00:00:00'), 'volume': 11978100.0}, {'date': Timestamp('2025-03-08 00:00:00'), 'volume': 11884200.0}, {'date': Timestamp('2024-09-14 00:00:00'), 'volume': 11681400.0}, {'date': Timestamp('2023-03-11 00:00:00'), 'volume': 11623200.0}, {'date': Timestamp('2020-11-07 00:00:00'), 'volume': 10520900.0}, {'date': Timestamp('2020-03-28 00:00:00'), 'volume': 9049700.0}, {'date': Timestamp('2020-03-14 00:00:00'), 'volume': 7494200.0}, {'date': Timestamp('2020-02-22 00:00:00'), 'volume': 6098400.0}, {'date': Timestamp('2020-02-15 00:00:00'), 'volume': 4912600.0}, {'date': Timestamp('2020-02-01 00:00:00'), 'volume': 3092300.0}, {'date': Timestamp('2020-01-25 00:00:00'), 'volume': 2841800.0}, {'date': Timestamp('2020-01-18 00:00:00'), 'volume': 2811900.0}, {'date': Timestamp('2020-01-11 00:00:00'), 'volume': 2588600.0}, {'date': Timestamp('2020-01-04 00:00:00'), 'volume': 2445700.0}]",2026-08-10,5994669.0,36.310001373291016,0.3812262873059581,346
NSA,6108956184.302629,weekly,2026-03-16,35617800.0,119,1,9,"[{'date': Timestamp('2026-03-16 00:00:00'), 'volume': 35617800}, {'date': Timestamp('2021-05-10 00:00:00'), 'volume': 19280500}, {'date': Timestamp('2020-09-21 00:00:00'), 'volume': 5979800}, {'date': Timestamp('2020-06-15 00:00:00'), 'volume': 5229300}, {'date': Timestamp('2020-03-16 00:00:00'), 'volume': 4128600}, {'date': Timestamp('2020-03-09 00:00:00'), 'volume': 3677900}, {'date': Timestamp('2020-02-24 00:00:00'), 'volume': 2749800}, {'date': Timestamp('2020-02-17 00:00:00'), 'volume': 1760400}, {'date': Timestamp('2020-01-06 00:00:00'), 'volume': 1417600}]",2026-07-13,10830459.0,44.5,0.3040743392348769,341
SMR,3691359452.0158887,weekly,2026-04-13,261722900.0,119,4,17,"[{'date': Timestamp('2026-04-13 00:00:00'), 'volume': 261722900.0}, {'date': Timestamp('2026-01-05 00:00:00'), 'volume': 229845100.0}, {'date': Timestamp('2025-10-13 00:00:00'), 'volume': 186548000.0}, {'date': Timestamp('2025-09-15 00:00:00'), 'volume': 130437200.0}, {'date': Timestamp('2024-10-14 00:00:00'), 'volume': 108886600.0}, {'date': Timestamp('2024-03-18 00:00:00'), 'volume': 69374000.0}, {'date': Timestamp('2024-03-11 00:00:00'), 'volume': 39047800.0}, {'date': Timestamp('2024-03-04 00:00:00'), 'volume': 27486700.0}, {'date': Timestamp('2023-10-02 00:00:00'), 'volume': 20211400.0}, {'date': Timestamp('2023-06-12 00:00:00'), 'volume': 9963500.0}, {'date': Timestamp('2023-05-22 00:00:00'), 'volume': 8464500.0}, {'date': Timestamp('2022-04-18 00:00:00'), 'volume': 8364900.0}, {'date': Timestamp('2022-04-11 00:00:00'), 'volume': 7260600.0}, {'date': Timestamp('2022-04-04 00:00:00'), 'volume': 5496800.0}, {'date': Timestamp('2022-03-28 00:00:00'), 'volume': 4322900.0}, {'date': Timestamp('2022-03-07 00:00:00'), 'volume': 3594300.0}, {'date': Timestamp('2022-02-28 00:00:00'), 'volume': 1395800.0}]",2026-08-10,183004135.0,9.390000343322754,0.699228592530497,233
BNL,4067368736.389154,weekly,2026-04-06,48910200.0,126,1,4,"[{'date': Timestamp('2026-04-06 00:00:00'), 'volume': 48910200.0}, {'date': Timestamp('2021-06-14 00:00:00'), 'volume': 43595400.0}, {'date': Timestamp('2021-05-24 00:00:00'), 'volume': 21502300.0}, {'date': Timestamp('2020-09-14 00:00:00'), 'volume': 10467300.0}]",2026-08-10,12615322.0,21.38999938964844,0.2579282440063626,309
AESI,2123394888.4014423,weekly,2026-04-06,60837300.0,126,3,8,"[{'date': Timestamp('2026-04-06 00:00:00'), 'volume': 60837300.0}, {'date': Timestamp('2025-11-03 00:00:00'), 'volume': 28485100.0}, {'date': Timestamp('2025-10-27 00:00:00'), 'volume': 21407300.0}, {'date': Timestamp('2024-11-25 00:00:00'), 'volume': 16446400.0}, {'date': Timestamp('2024-06-24 00:00:00'), 'volume': 14853900.0}, {'date': Timestamp('2024-03-11 00:00:00'), 'volume': 10993600.0}, {'date': Timestamp('2023-12-11 00:00:00'), 'volume': 9601000.0}, {'date': Timestamp('2023-03-06 00:00:00'), 'volume': 7712200.0}]",2026-08-10,12879291.0,12.449999809265137,0.2117005685656661,180
SPXX,2475157400.0,weekly,2026-04-06,1968900.0,126,2,7,"[{'date': Timestamp('2026-04-06 00:00:00'), 'volume': 1968900.0}, {'date': Timestamp('2026-03-30 00:00:00'), 'volume': 1674800.0}, {'date': Timestamp('2020-03-23 00:00:00'), 'volume': 1042000.0}, {'date': Timestamp('2020-03-09 00:00:00'), 'volume': 864200.0}, {'date': Timestamp('2020-03-02 00:00:00'), 'volume': 507000.0}, {'date': Timestamp('2020-02-24 00:00:00'), 'volume': 443100.0}, {'date': Timestamp('2020-01-06 00:00:00'), 'volume': 238800.0}]",2026-08-10,1424240.0,19.14999961853028,0.7233683782822896,345
MNR,2123386007.882027,weekly,2026-04-06,12831700.0,126,1,4,"[{'date': Timestamp('2026-04-06 00:00:00'), 'volume': 12831700.0}, {'date': Timestamp('2025-06-16 00:00:00'), 'volume': 3296400.0}, {'date': Timestamp('2024-09-02 00:00:00'), 'volume': 3035300.0}, {'date': Timestamp('2023-10-23 00:00:00'), 'volume': 2447100.0}]",2026-08-10,2240428.0,13.010000228881836,0.1746010271437144,147
DBD,2942720604.9122515,weekly,2026-04-06,9361800.0,126,1,5,"[{'date': Timestamp('2026-04-06 00:00:00'), 'volume': 9361800.0}, {'date': Timestamp('2024-06-24 00:00:00'), 'volume': 5482200.0}, {'date': Timestamp('2023-12-11 00:00:00'), 'volume': 4109200.0}, {'date': Timestamp('2023-12-04 00:00:00'), 'volume': 1592100.0}, {'date': Timestamp('2023-08-14 00:00:00'), 'volume': 1355600.0}]",2026-08-10,1108921.0,73.05999755859375,0.1184516866414578,157
BRZE,2367517626.172713,weekly,2026-03-23,33721000.0,140,3,9,"[{'date': Timestamp('2026-03-23 00:00:00'), 'volume': 33721000.0}, {'date': Timestamp('2025-12-08 00:00:00'), 'volume': 24050700.0}, {'date': Timestamp('2025-09-01 00:00:00'), 'volume': 19236900.0}, {'date': Timestamp('2025-06-02 00:00:00'), 'volume': 12577400.0}, {'date': Timestamp('2025-03-24 00:00:00'), 'volume': 12209300.0}, {'date': Timestamp('2024-06-03 00:00:00'), 'volume': 10354400.0}, {'date': Timestamp('2023-09-11 00:00:00'), 'volume': 9952500.0}, {'date': Timestamp('2022-04-04 00:00:00'), 'volume': 8943100.0}, {'date': Timestamp('2021-11-15 00:00:00'), 'volume': 7319400.0}]",2026-08-10,10061752.0,28.93000030517578,0.2983823730019869,248
DNLI,4058207773.456126,weekly,2026-03-23,15193800.0,140,2,7,"[{'date': Timestamp('2026-03-23 00:00:00'), 'volume': 15193800.0}, {'date': Timestamp('2025-09-01 00:00:00'), 'volume': 13678800.0}, {'date': Timestamp('2025-03-31 00:00:00'), 'volume': 13137500.0}, {'date': Timestamp('2024-02-26 00:00:00'), 'volume': 11553000.0}, {'date': Timestamp('2020-01-27 00:00:00'), 'volume': 9546500.0}, {'date': Timestamp('2020-01-13 00:00:00'), 'volume': 5426400.0}, {'date': Timestamp('2020-01-06 00:00:00'), 'volume': 1982500.0}]",2026-08-10,7222743.0,24.39999961853028,0.4753743632271058,345
COCO,4209773159.607874,weekly,2026-03-23,16482400.0,140,1,3,"[{'date': Timestamp('2026-03-23 00:00:00'), 'volume': 16482400.0}, {'date': Timestamp('2021-11-15 00:00:00'), 'volume': 12706600.0}, {'date': Timestamp('2021-10-18 00:00:00'), 'volume': 11542800.0}]",2026-08-10,3932882.0,65.20999908447266,0.2386110032519536,252
MZTI,3178758446.244996,weekly,2026-03-16,2603200.0,147,1,8,"[{'date': Timestamp('2026-03-16 00:00:00'), 'volume': 2603200.0}, {'date': Timestamp('2022-10-29 00:00:00'), 'volume': 2389900.0}, {'date': Timestamp('2020-03-21 00:00:00'), 'volume': 1602400.0}, {'date': Timestamp('2020-02-22 00:00:00'), 'volume': 1290600.0}, {'date': Timestamp('2020-02-01 00:00:00'), 'volume': 979000.0}, {'date': Timestamp('2020-01-25 00:00:00'), 'volume': 890900.0}, {'date': Timestamp('2020-01-11 00:00:00'), 'volume': 517600.0}, {'date': Timestamp('2020-01-04 00:00:00'), 'volume': 494100.0}]",2026-08-10,1683663.0,116.0500030517578,0.646766671788568,346
LTH,9128938401.969393,weekly,2026-03-16,36676200.0,147,1,6,"[{'date': Timestamp('2026-03-16 00:00:00'), 'volume': 36676200.0}, {'date': Timestamp('2025-06-23 00:00:00'), 'volume': 25821600.0}, {'date': Timestamp('2025-03-03 00:00:00'), 'volume': 25808100.0}, {'date': Timestamp('2025-02-24 00:00:00'), 'volume': 19118400.0}, {'date': Timestamp('2024-08-12 00:00:00'), 'volume': 17824500.0}, {'date': Timestamp('2021-10-04 00:00:00'), 'volume': 14616200.0}]",2026-08-10,23938630.0,45.2599983215332,0.6527020247462932,254
LAUR,5195994003.77863,weekly,2026-03-16,29672700.0,147,1,6,"[{'date': Timestamp('2026-03-16 00:00:00'), 'volume': 29672700.0}, {'date': Timestamp('2022-11-14 00:00:00'), 'volume': 22425800.0}, {'date': Timestamp('2021-09-27 00:00:00'), 'volume': 18567300.0}, {'date': Timestamp('2020-03-16 00:00:00'), 'volume': 12354100.0}, {'date': Timestamp('2020-01-27 00:00:00'), 'volume': 11412800.0}, {'date': Timestamp('2020-01-06 00:00:00'), 'volume': 4226000.0}]",2026-08-10,3862470.0,37.619998931884766,0.1301691453760527,345
LIF,4301161713.011034,weekly,2026-03-16,20304700.0,147,2,9,"[{'date': Timestamp('2026-03-16 00:00:00'), 'volume': 20304700.0}, {'date': Timestamp('2025-09-15 00:00:00'), 'volume': 10669100.0}, {'date': Timestamp('2025-03-17 00:00:00'), 'volume': 7837500.0}, {'date': Timestamp('2024-12-02 00:00:00'), 'volume': 3811100.0}, {'date': Timestamp('2024-11-25 00:00:00'), 'volume': 3796000.0}, {'date': Timestamp('2024-11-11 00:00:00'), 'volume': 3755200.0}, {'date': Timestamp('2024-09-09 00:00:00'), 'volume': 2209400.0}, {'date': Timestamp('2024-08-19 00:00:00'), 'volume': 2076900.0}, {'date': Timestamp('2024-06-03 00:00:00'), 'volume': 1715900.0}]",2026-08-10,11059811.0,51.209999084472656,0.5446921648682325,115
VSEC,6172292890.234118,weekly,2026-03-16,9101500.0,147,3,12,"[{'date': Timestamp('2026-03-16 00:00:00'), 'volume': 9101500.0}, {'date': Timestamp('2026-01-31 00:00:00'), 'volume': 7719400.0}, {'date': Timestamp('2025-10-25 00:00:00'), 'volume': 3031300.0}, {'date': Timestamp('2024-10-12 00:00:00'), 'volume': 2801300.0}, {'date': Timestamp('2024-05-11 00:00:00'), 'volume': 1672000.0}, {'date': Timestamp('2023-07-15 00:00:00'), 'volume': 1428700.0}, {'date': Timestamp('2021-01-23 00:00:00'), 'volume': 614300.0}, {'date': Timestamp('2020-03-14 00:00:00'), 'volume': 416900.0}, {'date': Timestamp('2020-03-07 00:00:00'), 'volume': 166300.0}, {'date': Timestamp('2020-02-22 00:00:00'), 'volume': 134600.0}, {'date': Timestamp('2020-01-11 00:00:00'), 'volume': 100100.0}, {'date': Timestamp('2020-01-04 00:00:00'), 'volume': 72400.0}]",2026-08-10,2530086.0,241.82000732421875,0.2779856067681151,346
TOWN,3351852435.9158587,weekly,2026-03-16,5570500.0,147,4,14,"[{'date': Timestamp('2026-03-16 00:00:00'), 'volume': 5570500.0}, {'date': Timestamp('2026-01-24 00:00:00'), 'volume': 3238800.0}, {'date': Timestamp('2025-12-13 00:00:00'), 'volume': 2583800.0}, {'date': Timestamp('2025-08-16 00:00:00'), 'volume': 2556000.0}, {'date': Timestamp('2025-03-29 00:00:00'), 'volume': 2526600.0}, {'date': Timestamp('2024-07-20 00:00:00'), 'volume': 2271000.0}, {'date': Timestamp('2024-07-13 00:00:00'), 'volume': 2117000.0}, {'date': Timestamp('2023-03-11 00:00:00'), 'volume': 2088300.0}, {'date': Timestamp('2022-03-12 00:00:00'), 'volume': 2085900.0}, {'date': Timestamp('2020-03-14 00:00:00'), 'volume': 2040900.0}, {'date': Timestamp('2020-03-07 00:00:00'), 'volume': 1512600.0}, {'date': Timestamp('2020-02-29 00:00:00'), 'volume': 939500.0}, {'date': Timestamp('2020-02-22 00:00:00'), 'volume': 786700.0}, {'date': Timestamp('2020-01-04 00:00:00'), 'volume': 601400.0}]",2026-08-10,2482599.0,37.81999969482422,0.4456689704694372,346
NBHC,2026784577.347787,weekly,2026-03-16,7190700.0,147,1,8,"[{'date': Timestamp('2026-03-16 00:00:00'), 'volume': 7190700.0}, {'date': Timestamp('2022-12-12 00:00:00'), 'volume': 4460300.0}, {'date': Timestamp('2020-03-16 00:00:00'), 'volume': 2267400.0}, {'date': Timestamp('2020-02-24 00:00:00'), 'volume': 1719000.0}, {'date': Timestamp('2020-02-17 00:00:00'), 'volume': 1549200.0}, {'date': Timestamp('2020-01-27 00:00:00'), 'volume': 1035600.0}, {'date': Timestamp('2020-01-20 00:00:00'), 'volume': 741800.0}, {'date': Timestamp('2020-01-06 00:00:00'), 'volume': 690800.0}]",2026-08-10,1955055.0,43.52999877929688,0.271886603529559,345
CAG,6736395142.502177,weekly,2026-03-16,96897800.0,147,2,8,"[{'date': Timestamp('2026-03-16 00:00:00'), 'volume': 96897800.0}, {'date': Timestamp('2025-08-23 00:00:00'), 'volume': 94306800.0}, {'date': Timestamp('2025-07-05 00:00:00'), 'volume': 81590500.0}, {'date': Timestamp('2022-03-12 00:00:00'), 'volume': 51367600.0}, {'date': Timestamp('2020-03-14 00:00:00'), 'volume': 45448500.0}, {'date': Timestamp('2020-03-07 00:00:00'), 'volume': 36133800.0}, {'date': Timestamp('2020-02-22 00:00:00'), 'volume': 35475200.0}, {'date': Timestamp('2020-01-04 00:00:00'), 'volume': 28408700.0}]",2026-08-10,51126949.0,15.619999885559082,0.5276378720672709,346
RITM,5236916117.339057,weekly,2026-03-16,166627600.0,147,1,8,"[{'date': Timestamp('2026-03-16 00:00:00'), 'volume': 166627600.0}, {'date': Timestamp('2020-03-23 00:00:00'), 'volume': 150809700.0}, {'date': Timestamp('2020-03-16 00:00:00'), 'volume': 90349200.0}, {'date': Timestamp('2020-03-09 00:00:00'), 'volume': 52987000.0}, {'date': Timestamp('2020-02-24 00:00:00'), 'volume': 43542400.0}, {'date': Timestamp('2020-02-03 00:00:00'), 'volume': 31314500.0}, {'date': Timestamp('2020-01-13 00:00:00'), 'volume': 20526300.0}, {'date': Timestamp('2020-01-06 00:00:00'), 'volume': 19268500.0}]",2026-08-10,23890800.0,10.359999656677246,0.1433784078988114,345
CBSH,8424461912.004353,weekly,2026-03-16,9047100.0,147,1,7,"[{'date': Timestamp('2026-03-16 00:00:00'), 'volume': 9047100.0}, {'date': Timestamp('2020-03-14 00:00:00'), 'volume': 8288683.0}, {'date': Timestamp('2020-03-07 00:00:00'), 'volume': 7427704.0}, {'date': Timestamp('2020-02-22 00:00:00'), 'volume': 4727474.0}, {'date': Timestamp('2020-01-18 00:00:00'), 'volume': 3639444.0}, {'date': Timestamp('2020-01-11 00:00:00'), 'volume': 3530195.0}, {'date': Timestamp('2020-01-04 00:00:00'), 'volume': 2254935.0}]",2026-08-10,4667419.0,60.27000045776367,0.5159022228117297,346
MTCH,8670516403.932743,weekly,2026-03-16,95084800.0,147,1,8,"[{'date': Timestamp('2026-03-16 00:00:00'), 'volume': 95084800.0}, {'date': Timestamp('2021-09-11 00:00:00'), 'volume': 71707500.0}, {'date': Timestamp('2021-09-04 00:00:00'), 'volume': 38652700.0}, {'date': Timestamp('2020-07-04 00:00:00'), 'volume': 35072800.0}, {'date': Timestamp('2020-06-27 00:00:00'), 'volume': 27215000.0}, {'date': Timestamp('2020-02-01 00:00:00'), 'volume': 25134200.0}, {'date': Timestamp('2020-01-11 00:00:00'), 'volume': 9777800.0}, {'date': Timestamp('2020-01-04 00:00:00'), 'volume': 8188700.0}]",2026-08-10,16687502.0,37.95000076293945,0.1755012578245944,346
GPGI,4365313301.792818,weekly,2026-03-16,55521200.0,147,4,8,"[{'date': Timestamp('2026-03-16 00:00:00'), 'volume': 55521200.0}, {'date': Timestamp('2026-03-09 00:00:00'), 'volume': 30839700.0}, {'date': Timestamp('2026-02-23 00:00:00'), 'volume': 21395800.0}, {'date': Timestamp('2026-01-12 00:00:00'), 'volume': 18908100.0}, {'date': Timestamp('2024-09-16 00:00:00'), 'volume': 13828422.0}, {'date': Timestamp('2024-08-05 00:00:00'), 'volume': 10900656.0}, {'date': Timestamp('2020-11-23 00:00:00'), 'volume': 6665826.0}, {'date': Timestamp('2020-11-16 00:00:00'), 'volume': 2577884.0}]",2026-08-10,5348569.0,12.779999732971191,0.0963338148310915,300
BANR,2303497218.356197,weekly,2026-03-16,2860400.0,147,1,8,"[{'date': Timestamp('2026-03-16 00:00:00'), 'volume': 2860400.0}, {'date': Timestamp('2023-03-11 00:00:00'), 'volume': 2562700.0}, {'date': Timestamp('2021-12-11 00:00:00'), 'volume': 2078000.0}, {'date': Timestamp('2020-03-14 00:00:00'), 'volume': 1991700.0}, {'date': Timestamp('2020-03-07 00:00:00'), 'volume': 1602200.0}, {'date': Timestamp('2020-02-29 00:00:00'), 'volume': 1393900.0}, {'date': Timestamp('2020-02-01 00:00:00'), 'volume': 1373300.0}, {'date': Timestamp('2020-01-04 00:00:00'), 'volume': 1044100.0}]",2026-08-10,1833586.0,74.01000213623047,0.6410243322612222,346
CTRE,9645688584.744722,weekly,2026-03-16,50400100.0,147,2,9,"[{'date': Timestamp('2026-03-16 00:00:00'), 'volume': 50400100.0}, {'date': Timestamp('2025-08-11 00:00:00'), 'volume': 39362700.0}, {'date': Timestamp('2024-12-16 00:00:00'), 'volume': 24417100.0}, {'date': Timestamp('2024-10-28 00:00:00'), 'volume': 22346100.0}, {'date': Timestamp('2023-12-11 00:00:00'), 'volume': 16113800.0}, {'date': Timestamp('2020-03-16 00:00:00'), 'volume': 9877800.0}, {'date': Timestamp('2020-01-27 00:00:00'), 'volume': 8636500.0}, {'date': Timestamp('2020-01-20 00:00:00'), 'volume': 6671400.0}, {'date': Timestamp('2020-01-06 00:00:00'), 'volume': 3954800.0}]",2026-08-10,13755958.0,38.77000045776367,0.2729351330652121,345
FCF,2087581956.7726164,weekly,2026-03-16,10471600.0,147,1,13,"[{'date': Timestamp('2026-03-16 00:00:00'), 'volume': 10471600.0}, {'date': Timestamp('2023-03-11 00:00:00'), 'volume': 10470600.0}, {'date': Timestamp('2021-12-11 00:00:00'), 'volume': 6565000.0}, {'date': Timestamp('2020-12-12 00:00:00'), 'volume': 4654800.0}, {'date': Timestamp('2020-09-19 00:00:00'), 'volume': 4582400.0}, {'date': Timestamp('2020-06-13 00:00:00'), 'volume': 4465400.0}, {'date': Timestamp('2020-06-06 00:00:00'), 'volume': 3842800.0}, {'date': Timestamp('2020-03-14 00:00:00'), 'volume': 3704900.0}, {'date': Timestamp('2020-03-07 00:00:00'), 'volume': 3659100.0}, {'date': Timestamp('2020-02-29 00:00:00'), 'volume': 3076100.0}, {'date': Timestamp('2020-02-22 00:00:00'), 'volume': 3025800.0}, {'date': Timestamp('2020-01-25 00:00:00'), 'volume': 2026700.0}, {'date': Timestamp('2020-01-04 00:00:00'), 'volume': 1746800.0}]",2026-08-10,3950605.0,21.6200008392334,0.3772685167500668,346
PIPR,5409286251.03554,weekly,2026-03-16,4894000.0,147,3,11,"[{'date': Timestamp('2026-03-16 00:00:00'), 'volume': 4894000.0}, {'date': Timestamp('2026-02-09 00:00:00'), 'volume': 4827200.0}, {'date': Timestamp('2026-02-02 00:00:00'), 'volume': 1567200.0}, {'date': Timestamp('2025-06-26 00:00:00'), 'volume': 1446900.0}, {'date': Timestamp('2025-04-03 00:00:00'), 'volume': 1369600.0}, {'date': Timestamp('2020-06-18 00:00:00'), 'volume': 1295000.0}, {'date': Timestamp('2020-03-26 00:00:00'), 'volume': 1076800.0}, {'date': Timestamp('2020-03-19 00:00:00'), 'volume': 874700.0}, {'date': Timestamp('2020-01-23 00:00:00'), 'volume': 759300.0}, {'date': Timestamp('2020-01-09 00:00:00'), 'volume': 464100.0}, {'date': Timestamp('2020-01-02 00:00:00'), 'volume': 338300.0}]",2026-08-10,2468254.0,76.5,0.504342868818962,347
IBOC,4838944304.723736,weekly,2026-03-16,5182800.0,147,1,7,"[{'date': Timestamp('2026-03-16 00:00:00'), 'volume': 5182800.0}, {'date': Timestamp('2023-03-11 00:00:00'), 'volume': 4185400.0}, {'date': Timestamp('2020-03-14 00:00:00'), 'volume': 4144000.0}, {'date': Timestamp('2020-03-07 00:00:00'), 'volume': 2091900.0}, {'date': Timestamp('2020-02-29 00:00:00'), 'volume': 1287800.0}, {'date': Timestamp('2020-02-22 00:00:00'), 'volume': 1235800.0}, {'date': Timestamp('2020-01-04 00:00:00'), 'volume': 936300.0}]",2026-08-10,1871140.0,73.37999725341797,0.3610287875279772,346
DX,2827082982.5958757,weekly,2026-03-16,50525400.0,147,3,26,"[{'date': Timestamp('2026-03-16 00:00:00'), 'volume': 50525400.0}, {'date': Timestamp('2026-01-24 00:00:00'), 'volume': 40595100.0}, {'date': Timestamp('2026-01-03 00:00:00'), 'volume': 39535900.0}, {'date': Timestamp('2025-04-05 00:00:00'), 'volume': 36296500.0}, {'date': Timestamp('2025-03-29 00:00:00'), 'volume': 23522000.0}, {'date': Timestamp('2025-03-15 00:00:00'), 'volume': 20013500.0}, {'date': Timestamp('2025-03-01 00:00:00'), 'volume': 19160100.0}, {'date': Timestamp('2025-02-22 00:00:00'), 'volume': 18327000.0}, {'date': Timestamp('2025-01-25 00:00:00'), 'volume': 16885000.0}, {'date': Timestamp('2024-10-19 00:00:00'), 'volume': 16569300.0}, {'date': Timestamp('2024-06-01 00:00:00'), 'volume': 14140000.0}, {'date': Timestamp('2024-03-16 00:00:00'), 'volume': 10071500.0}, {'date': Timestamp('2024-01-27 00:00:00'), 'volume': 9871800.0}, {'date': Timestamp('2023-03-11 00:00:00'), 'volume': 9412800.0}, {'date': Timestamp('2022-10-01 00:00:00'), 'volume': 9345600.0}, {'date': Timestamp('2022-09-24 00:00:00'), 'volume': 8382300.0}, {'date': Timestamp('2022-06-11 00:00:00'), 'volume': 7915700.0}, {'date': Timestamp('2022-05-21 00:00:00'), 'volume': 6638800.0}, {'date': Timestamp('2021-12-11 00:00:00'), 'volume': 5873200.0}, {'date': Timestamp('2021-02-27 00:00:00'), 'volume': 5868600.0}, {'date': Timestamp('2020-03-14 00:00:00'), 'volume': 5151200.0}, {'date': Timestamp('2020-02-22 00:00:00'), 'volume': 3388300.0}, {'date': Timestamp('2020-02-01 00:00:00'), 'volume': 1823300.0}, {'date': Timestamp('2020-01-18 00:00:00'), 'volume': 1117700.0}, {'date': Timestamp('2020-01-11 00:00:00'), 'volume': 1074200.0}, {'date': Timestamp('2020-01-04 00:00:00'), 'volume': 846000.0}]",2026-08-10,23957697.0,13.0600004196167,0.4741713474806731,346
GRDN,2679096112.772891,weekly,2026-03-16,4895100.0,147,2,3,"[{'date': Timestamp('2026-03-16 00:00:00'), 'volume': 4895100.0}, {'date': Timestamp('2025-09-15 00:00:00'), 'volume': 3506700.0}, {'date': Timestamp('2024-09-23 00:00:00'), 'volume': 3462800.0}]",2026-08-10,1711788.0,38.43000030517578,0.3496941839798982,99
HIMS,7855674156.419443,weekly,2026-03-09,516662000.0,154,1,20,"[{'date': Timestamp('2026-03-09 00:00:00'), 'volume': 516662000.0}, {'date': Timestamp('2025-05-05 00:00:00'), 'volume': 459182600.0}, {'date': Timestamp('2025-04-28 00:00:00'), 'volume': 316603300.0}, {'date': Timestamp('2025-02-24 00:00:00'), 'volume': 262164700.0}, {'date': Timestamp('2025-02-17 00:00:00'), 'volume': 200448300.0}, {'date': Timestamp('2024-11-11 00:00:00'), 'volume': 171083000.0}, {'date': Timestamp('2024-05-20 00:00:00'), 'volume': 129977000.0}, {'date': Timestamp('2024-05-06 00:00:00'), 'volume': 74555500.0}, {'date': Timestamp('2024-02-26 00:00:00'), 'volume': 73296100.0}, {'date': Timestamp('2023-02-27 00:00:00'), 'volume': 41412400.0}, {'date': Timestamp('2022-11-07 00:00:00'), 'volume': 24401100.0}, {'date': Timestamp('2021-08-09 00:00:00'), 'volume': 23356100.0}, {'date': Timestamp('2021-03-15 00:00:00'), 'volume': 20407200.0}, {'date': Timestamp('2021-02-01 00:00:00'), 'volume': 18601200.0}, {'date': Timestamp('2021-01-25 00:00:00'), 'volume': 16789800.0}, {'date': Timestamp('2020-09-28 00:00:00'), 'volume': 10087600.0}, {'date': Timestamp('2020-08-10 00:00:00'), 'volume': 3197900.0}, {'date': Timestamp('2020-03-23 00:00:00'), 'volume': 1838200.0}, {'date': Timestamp('2020-03-09 00:00:00'), 'volume': 1101000.0}, {'date': Timestamp('2020-01-06 00:00:00'), 'volume': 414400.0}]",2026-08-10,88421341.0,28.14999961853028,0.1711396251320979,345
UNF,4622607520.394992,weekly,2026-03-09,4562300.0,154,1,5,"[{'date': Timestamp('2026-03-09 00:00:00'), 'volume': 4562300.0}, {'date': Timestamp('2025-01-04 00:00:00'), 'volume': 2247400.0}, {'date': Timestamp('2020-03-14 00:00:00'), 'volume': 1007100.0}, {'date': Timestamp('2020-03-07 00:00:00'), 'volume': 849300.0}, {'date': Timestamp('2020-01-04 00:00:00'), 'volume': 594000.0}]",2026-08-10,563467.0,286.760009765625,0.1235050303574951,346
HIMX,2631696027.0,weekly,2026-03-09,58692400.0,154,1,7,"[{'date': Timestamp('2026-03-09 00:00:00'), 'volume': 58692400.0}, {'date': Timestamp('2025-01-20 00:00:00'), 'volume': 45437900.0}, {'date': Timestamp('2021-02-08 00:00:00'), 'volume': 40659300.0}, {'date': Timestamp('2021-02-01 00:00:00'), 'volume': 32317400.0}, {'date': Timestamp('2021-01-25 00:00:00'), 'volume': 23428700.0}, {'date': Timestamp('2020-12-28 00:00:00'), 'volume': 21246600.0}, {'date': Timestamp('2020-01-06 00:00:00'), 'volume': 19281000.0}]",2026-08-10,7962845.0,15.229999542236328,0.1356708023526044,345
BKV,2838582672.240046,weekly,2026-03-09,9262200.0,154,2,3,"[{'date': Timestamp('2026-03-09 00:00:00'), 'volume': 9262200.0}, {'date': Timestamp('2025-12-01 00:00:00'), 'volume': 9173100.0}, {'date': Timestamp('2024-09-23 00:00:00'), 'volume': 7585600.0}]",2026-08-10,3279244.0,26.729999542236328,0.3540459070199305,99
GTLB,4909923047.586395,weekly,2026-03-02,59449600.0,161,1,7,"[{'date': Timestamp('2026-03-02 00:00:00'), 'volume': 59449600.0}, {'date': Timestamp('2025-06-09 00:00:00'), 'volume': 59159100.0}, {'date': Timestamp('2024-03-04 00:00:00'), 'volume': 47865200.0}, {'date': Timestamp('2023-03-13 00:00:00'), 'volume': 43154200.0}, {'date': Timestamp('2022-12-05 00:00:00'), 'volume': 26608100.0}, {'date': Timestamp('2022-03-14 00:00:00'), 'volume': 23909600.0}, {'date': Timestamp('2021-10-11 00:00:00'), 'volume': 13504900.0}]",2026-08-10,31125418.0,42.619998931884766,0.5235597548175261,253
LASR,3461802486.1122675,weekly,2026-03-02,15840100.0,161,3,13,"[{'date': Timestamp('2026-03-02 00:00:00'), 'volume': 15840100.0}, {'date': Timestamp('2026-02-23 00:00:00'), 'volume': 11772200.0}, {'date': Timestamp('2026-02-02 00:00:00'), 'volume': 11409400.0}, {'date': Timestamp('2025-07-28 00:00:00'), 'volume': 6482000.0}, {'date': Timestamp('2025-06-23 00:00:00'), 'volume': 5915000.0}, {'date': Timestamp('2025-06-02 00:00:00'), 'volume': 5083800.0}, {'date': Timestamp('2025-05-19 00:00:00'), 'volume': 4827600.0}, {'date': Timestamp('2020-11-02 00:00:00'), 'volume': 3563500.0}, {'date': Timestamp('2020-05-04 00:00:00'), 'volume': 2313100.0}, {'date': Timestamp('2020-04-06 00:00:00'), 'volume': 2218900.0}, {'date': Timestamp('2020-02-24 00:00:00'), 'volume': 2167000.0}, {'date': Timestamp('2020-02-17 00:00:00'), 'volume': 1895900.0}, {'date': Timestamp('2020-01-06 00:00:00'), 'volume': 1661100.0}]",2026-08-10,9694908.0,52.59999847412109,0.6120484087852981,345
CRGY,3342146494.59802,weekly,2026-03-02,91095300.0,161,1,12,"[{'date': Timestamp('2026-03-02 00:00:00'), 'volume': 91095300.0}, {'date': Timestamp('2024-09-30 00:00:00'), 'volume': 62470900.0}, {'date': Timestamp('2024-07-29 00:00:00'), 'volume': 25558400.0}, {'date': Timestamp('2024-07-22 00:00:00'), 'volume': 18762000.0}, {'date': Timestamp('2024-05-20 00:00:00'), 'volume': 15942200.0}, {'date': Timestamp('2024-03-04 00:00:00'), 'volume': 15863600.0}, {'date': Timestamp('2023-09-04 00:00:00'), 'volume': 12427200.0}, {'date': Timestamp('2022-09-05 00:00:00'), 'volume': 6325500.0}, {'date': Timestamp('2022-06-13 00:00:00'), 'volume': 3348100.0}, {'date': Timestamp('2021-12-27 00:00:00'), 'volume': 2157400.0}, {'date': Timestamp('2021-12-13 00:00:00'), 'volume': 1768100.0}, {'date': Timestamp('2021-12-06 00:00:00'), 'volume': 1003100.0}]",2026-08-10,26809426.0,12.199999809265137,0.2943008695289438,245
AVAV,6888393617.510608,weekly,2026-03-02,25169100.0,161,1,9,"[{'date': Timestamp('2026-03-02 00:00:00'), 'volume': 25169100.0}, {'date': Timestamp('2025-06-23 00:00:00'), 'volume': 16981500.0}, {'date': Timestamp('2024-03-04 00:00:00'), 'volume': 7286800.0}, {'date': Timestamp('2021-12-06 00:00:00'), 'volume': 5704500.0}, {'date': Timestamp('2021-06-28 00:00:00'), 'volume': 2762300.0}, {'date': Timestamp('2020-06-22 00:00:00'), 'volume': 2389000.0}, {'date': Timestamp('2020-03-16 00:00:00'), 'volume': 2071100.0}, {'date': Timestamp('2020-02-24 00:00:00'), 'volume': 1736900.0}, {'date': Timestamp('2020-01-06 00:00:00'), 'volume': 1569300.0}]",2026-08-10,7481127.0,192.8099975585937,0.2972345852652657,345
SEB,4538104571.527796,weekly,2026-03-02,151900.0,161,8,19,"[{'date': Timestamp('2026-03-02 00:00:00'), 'volume': 151900.0}, {'date': Timestamp('2026-02-09 00:00:00'), 'volume': 114000.0}, {'date': Timestamp('2026-01-24 00:00:00'), 'volume': 107900.0}, {'date': Timestamp('2026-01-17 00:00:00'), 'volume': 92600.0}, {'date': Timestamp('2026-01-03 00:00:00'), 'volume': 82000.0}, {'date': Timestamp('2025-12-06 00:00:00'), 'volume': 72400.0}, {'date': Timestamp('2025-11-15 00:00:00'), 'volume': 68000.0}, {'date': Timestamp('2025-11-08 00:00:00'), 'volume': 57500.0}, {'date': Timestamp('2024-05-04 00:00:00'), 'volume': 40100.0}, {'date': Timestamp('2024-03-09 00:00:00'), 'volume': 32600.0}, {'date': Timestamp('2023-09-09 00:00:00'), 'volume': 20600.0}, {'date': Timestamp('2023-03-11 00:00:00'), 'volume': 12200.0}, {'date': Timestamp('2020-03-07 00:00:00'), 'volume': 10300.0}, {'date': Timestamp('2020-02-29 00:00:00'), 'volume': 5100.0}, {'date': Timestamp('2020-02-22 00:00:00'), 'volume': 4800.0}, {'date': Timestamp('2020-02-15 00:00:00'), 'volume': 3900.0}, {'date': Timestamp('2020-02-01 00:00:00'), 'volume': 2400.0}, {'date': Timestamp('2020-01-25 00:00:00'), 'volume': 2100.0}, {'date': Timestamp('2020-01-04 00:00:00'), 'volume': 2000.0}]",2026-08-10,119651.0,4364.14990234375,0.7876958525345622,346
XMTR,5213551452.463958,weekly,2026-02-23,15970700.0,168,1,5,"[{'date': Timestamp('2026-02-23 00:00:00'), 'volume': 15970700.0}, {'date': Timestamp('2025-08-04 00:00:00'), 'volume': 10956200.0}, {'date': Timestamp('2023-02-27 00:00:00'), 'volume': 10532000.0}, {'date': Timestamp('2022-01-31 00:00:00'), 'volume': 9900800.0}, {'date': Timestamp('2021-06-28 00:00:00'), 'volume': 6689900.0}]",2026-08-10,1660732.0,96.26000213623048,0.1039861746823871,268
WK,2752653614.9255023,weekly,2026-02-23,8640600.0,168,2,10,"[{'date': Timestamp('2026-02-23 00:00:00'), 'volume': 8640600.0}, {'date': Timestamp('2026-02-16 00:00:00'), 'volume': 8222100.0}, {'date': Timestamp('2025-01-20 00:00:00'), 'volume': 6525800.0}, {'date': Timestamp('2023-08-14 00:00:00'), 'volume': 5355100.0}, {'date': Timestamp('2022-09-26 00:00:00'), 'volume': 4435500.0}, {'date': Timestamp('2020-03-16 00:00:00'), 'volume': 4215300.0}, {'date': Timestamp('2020-03-09 00:00:00'), 'volume': 2662800.0}, {'date': Timestamp('2020-03-02 00:00:00'), 'volume': 2430100.0}, {'date': Timestamp('2020-02-24 00:00:00'), 'volume': 1865200.0}, {'date': Timestamp('2020-01-06 00:00:00'), 'volume': 1245800.0}]",2026-08-10,3904210.0,70.51000213623047,0.451844779297734,345
ACHC,2521735824.455031,weekly,2026-02-23,30603900.0,168,2,14,"[{'date': Timestamp('2026-02-23 00:00:00'), 'volume': 30603900.0}, {'date': Timestamp('2025-09-13 00:00:00'), 'volume': 28761400.0}, {'date': Timestamp('2025-03-01 00:00:00'), 'volume': 19977000.0}, {'date': Timestamp('2025-02-22 00:00:00'), 'volume': 15153700.0}, {'date': Timestamp('2024-09-28 00:00:00'), 'volume': 13166100.0}, {'date': Timestamp('2024-09-21 00:00:00'), 'volume': 13133600.0}, {'date': Timestamp('2020-03-14 00:00:00'), 'volume': 10572300.0}, {'date': Timestamp('2020-03-07 00:00:00'), 'volume': 6724500.0}, {'date': Timestamp('2020-02-22 00:00:00'), 'volume': 5284300.0}, {'date': Timestamp('2020-02-01 00:00:00'), 'volume': 3525500.0}, {'date': Timestamp('2020-01-25 00:00:00'), 'volume': 2696800.0}, {'date': Timestamp('2020-01-18 00:00:00'), 'volume': 2376400.0}, {'date': Timestamp('2020-01-11 00:00:00'), 'volume': 2204200.0}, {'date': Timestamp('2020-01-04 00:00:00'), 'volume': 2142000.0}]",2026-08-10,7295023.0,30.82999992370605,0.2383690640735331,346
EOSE,2013318296.538588,weekly,2026-02-23,278508100.0,168,3,14,"[{'date': Timestamp('2026-02-23 00:00:00'), 'volume': 278508100.0}, {'date': Timestamp('2025-11-17 00:00:00'), 'volume': 181960100.0}, {'date': Timestamp('2025-10-13 00:00:00'), 'volume': 160609300.0}, {'date': Timestamp('2025-05-26 00:00:00'), 'volume': 148682300.0}, {'date': Timestamp('2024-06-24 00:00:00'), 'volume': 111081300.0}, {'date': Timestamp('2023-12-11 00:00:00'), 'volume': 93477700.0}, {'date': Timestamp('2023-08-28 00:00:00'), 'volume': 91761200.0}, {'date': Timestamp('2023-07-24 00:00:00'), 'volume': 87664300.0}, {'date': Timestamp('2022-05-16 00:00:00'), 'volume': 65315700.0}, {'date': Timestamp('2022-02-28 00:00:00'), 'volume': 33159000.0}, {'date': Timestamp('2021-01-11 00:00:00'), 'volume': 11399300.0}, {'date': Timestamp('2020-12-28 00:00:00'), 'volume': 10631100.0}, {'date': Timestamp('2020-12-21 00:00:00'), 'volume': 9617800.0}, {'date': Timestamp('2020-11-02 00:00:00'), 'volume': 9046100.0}]",2026-08-10,111315845.0,4.019999980926514,0.3996862030224614,302
STEP,4718878889.489612,weekly,2026-02-23,14872700.0,168,1,3,"[{'date': Timestamp('2026-02-23 00:00:00'), 'volume': 14872700.0}, {'date': Timestamp('2024-06-17 00:00:00'), 'volume': 12911500.0}, {'date': Timestamp('2020-09-14 00:00:00'), 'volume': 11490500.0}]",2026-08-10,5692208.0,50.400001525878906,0.3827286235854956,309
DUOL,5660598285.747207,weekly,2026-02-23,34312400.0,168,2,10,"[{'date': Timestamp('2026-02-23 00:00:00'), 'volume': 34312400.0}, {'date': Timestamp('2025-11-03 00:00:00'), 'volume': 23972800.0}, {'date': Timestamp('2025-08-04 00:00:00'), 'volume': 17513600.0}, {'date': Timestamp('2024-04-15 00:00:00'), 'volume': 10172000.0}, {'date': Timestamp('2024-02-26 00:00:00'), 'volume': 8380300.0}, {'date': Timestamp('2023-11-06 00:00:00'), 'volume': 7938100.0}, {'date': Timestamp('2023-02-27 00:00:00'), 'volume': 7087000.0}, {'date': Timestamp('2022-06-20 00:00:00'), 'volume': 6511100.0}, {'date': Timestamp('2022-05-09 00:00:00'), 'volume': 5209900.0}, {'date': Timestamp('2021-07-26 00:00:00'), 'volume': 4199500.0}]",2026-08-10,6183322.0,132.8300018310547,0.180206630838997,264
ESTC,5846239484.432836,weekly,2026-02-23,21186300.0,168,2,6,"[{'date': Timestamp('2026-02-23 00:00:00'), 'volume': 21186300.0}, {'date': Timestamp('2025-08-25 00:00:00'), 'volume': 20688900.0}, {'date': Timestamp('2022-11-28 00:00:00'), 'volume': 19695800.0}, {'date': Timestamp('2020-06-01 00:00:00'), 'volume': 15693100.0}, {'date': Timestamp('2020-02-24 00:00:00'), 'volume': 13429400.0}, {'date': Timestamp('2020-01-06 00:00:00'), 'volume': 8111100.0}]",2026-08-10,15147035.0,86.68000030517578,0.7149447992334669,345
ATHM,2316591127.52742,weekly,2026-02-23,11810800.0,168,1,6,"[{'date': Timestamp('2026-02-23 00:00:00'), 'volume': 11810800.0}, {'date': Timestamp('2021-03-08 00:00:00'), 'volume': 10177400.0}, {'date': Timestamp('2020-02-17 00:00:00'), 'volume': 6067300.0}, {'date': Timestamp('2020-02-03 00:00:00'), 'volume': 3437600.0}, {'date': Timestamp('2020-01-27 00:00:00'), 'volume': 3135200.0}, {'date': Timestamp('2020-01-06 00:00:00'), 'volume': 2619900.0}]",2026-08-10,2554406.0,22.670000076293945,0.216277136180445,345
UCTT,5326504716.377092,weekly,2026-02-23,20532600.0,168,1,9,"[{'date': Timestamp('2026-02-23 00:00:00'), 'volume': 20532600.0}, {'date': Timestamp('2021-04-05 00:00:00'), 'volume': 8508200.0}, {'date': Timestamp('2020-11-30 00:00:00'), 'volume': 4940200.0}, {'date': Timestamp('2020-07-27 00:00:00'), 'volume': 4936000.0}, {'date': Timestamp('2020-04-27 00:00:00'), 'volume': 4741600.0}, {'date': Timestamp('2020-03-23 00:00:00'), 'volume': 4089200.0}, {'date': Timestamp('2020-03-16 00:00:00'), 'volume': 3638100.0}, {'date': Timestamp('2020-01-13 00:00:00'), 'volume': 3541000.0}, {'date': Timestamp('2020-01-06 00:00:00'), 'volume': 2066300.0}]",2026-08-10,7032250.0,84.93000030517578,0.3424919396471952,345
BFLY,2322687722.786784,weekly,2026-02-23,90075600.0,168,1,5,"[{'date': Timestamp('2026-02-23 00:00:00'), 'volume': 90075600.0}, {'date': Timestamp('2023-04-03 00:00:00'), 'volume': 60611500.0}, {'date': Timestamp('2020-11-23 00:00:00'), 'volume': 46090500.0}, {'date': Timestamp('2020-11-16 00:00:00'), 'volume': 28492700.0}, {'date': Timestamp('2020-07-13 00:00:00'), 'volume': 3625800.0}]",2026-08-10,38659163.0,8.84000015258789,0.4291857395343467,318
FSK,2912690909.4071145,weekly,2026-02-23,38714600.0,168,2,11,"[{'date': Timestamp('2026-02-23 00:00:00'), 'volume': 38714600.0}, {'date': Timestamp('2025-09-15 00:00:00'), 'volume': 25495100.0}, {'date': Timestamp('2025-04-07 00:00:00'), 'volume': 23605500.0}, {'date': Timestamp('2025-03-17 00:00:00'), 'volume': 20097500.0}, {'date': Timestamp('2024-02-26 00:00:00'), 'volume': 18270700.0}, {'date': Timestamp('2022-06-13 00:00:00'), 'volume': 16882000.0}, {'date': Timestamp('2020-03-16 00:00:00'), 'volume': 13308625.0}, {'date': Timestamp('2020-03-09 00:00:00'), 'volume': 9377525.0}, {'date': Timestamp('2020-03-02 00:00:00'), 'volume': 6693025.0}, {'date': Timestamp('2020-02-24 00:00:00'), 'volume': 6041400.0}, {'date': Timestamp('2020-01-06 00:00:00'), 'volume': 2751700.0}]",2026-08-10,8880162.0,12.359999656677246,0.2293750161437804,345
DNOW,2473498129.743495,weekly,2026-02-23,36019000.0,168,1,9,"[{'date': Timestamp('2026-02-23 00:00:00'), 'volume': 36019000.0}, {'date': Timestamp('2021-10-25 00:00:00'), 'volume': 30282400.0}, {'date': Timestamp('2020-06-15 00:00:00'), 'volume': 28931200.0}, {'date': Timestamp('2020-03-23 00:00:00'), 'volume': 11265600.0}, {'date': Timestamp('2020-03-16 00:00:00'), 'volume': 9797100.0}, {'date': Timestamp('2020-03-09 00:00:00'), 'volume': 6752600.0}, {'date': Timestamp('2020-02-24 00:00:00'), 'volume': 6456000.0}, {'date': Timestamp('2020-01-13 00:00:00'), 'volume': 5361800.0}, {'date': Timestamp('2020-01-06 00:00:00'), 'volume': 4230800.0}]",2026-08-10,14642808.0,16.43000030517578,0.4065301091090813,345
CECO,5365486195.383531,weekly,2026-02-23,8266800.0,168,1,13,"[{'date': Timestamp('2026-02-23 00:00:00'), 'volume': 8266800.0}, {'date': Timestamp('2023-06-17 00:00:00'), 'volume': 5091900.0}, {'date': Timestamp('2022-06-18 00:00:00'), 'volume': 4257500.0}, {'date': Timestamp('2022-05-07 00:00:00'), 'volume': 1674000.0}, {'date': Timestamp('2021-02-27 00:00:00'), 'volume': 1009800.0}, {'date': Timestamp('2020-03-14 00:00:00'), 'volume': 1008700.0}, {'date': Timestamp('2020-03-07 00:00:00'), 'volume': 794300.0}, {'date': Timestamp('2020-02-29 00:00:00'), 'volume': 417600.0}, {'date': Timestamp('2020-02-22 00:00:00'), 'volume': 407300.0}, {'date': Timestamp('2020-02-01 00:00:00'), 'volume': 325500.0}, {'date': Timestamp('2020-01-25 00:00:00'), 'volume': 306900.0}, {'date': Timestamp('2020-01-11 00:00:00'), 'volume': 286200.0}, {'date': Timestamp('2020-01-04 00:00:00'), 'volume': 235800.0}]",2026-08-10,6252736.0,79.58999633789062,0.7563671553684618,346
WHR,2526805334.5193424,weekly,2026-02-23,31899500.0,168,1,10,"[{'date': Timestamp('2026-02-23 00:00:00'), 'volume': 31899500.0}, {'date': Timestamp('2025-07-26 00:00:00'), 'volume': 27360000.0}, {'date': Timestamp('2024-03-09 00:00:00'), 'volume': 18717700.0}, {'date': Timestamp('2024-01-27 00:00:00'), 'volume': 11430300.0}, {'date': Timestamp('2022-04-23 00:00:00'), 'volume': 11176200.0}, {'date': Timestamp('2020-03-14 00:00:00'), 'volume': 9414800.0}, {'date': Timestamp('2020-03-07 00:00:00'), 'volume': 7846500.0}, {'date': Timestamp('2020-01-25 00:00:00'), 'volume': 7358000.0}, {'date': Timestamp('2020-01-11 00:00:00'), 'volume': 4444600.0}, {'date': Timestamp('2020-01-04 00:00:00'), 'volume': 3448000.0}]",2026-08-10,9402904.0,41.369998931884766,0.2947665010423361,346
CHE,6149626431.245812,weekly,2026-02-23,1780200.0,168,2,12,"[{'date': Timestamp('2026-02-23 00:00:00'), 'volume': 1780200.0}, {'date': Timestamp('2025-10-25 00:00:00'), 'volume': 1480900.0}, {'date': Timestamp('2025-07-26 00:00:00'), 'volume': 1361300.0}, {'date': Timestamp('2025-06-28 00:00:00'), 'volume': 1356100.0}, {'date': Timestamp('2025-06-21 00:00:00'), 'volume': 964400.0}, {'date': Timestamp('2020-03-07 00:00:00'), 'volume': 896100.0}, {'date': Timestamp('2020-02-29 00:00:00'), 'volume': 808700.0}, {'date': Timestamp('2020-02-22 00:00:00'), 'volume': 798000.0}, {'date': Timestamp('2020-02-15 00:00:00'), 'volume': 529200.0}, {'date': Timestamp('2020-02-01 00:00:00'), 'volume': 378900.0}, {'date': Timestamp('2020-01-11 00:00:00'), 'volume': 329600.0}, {'date': Timestamp('2020-01-04 00:00:00'), 'volume': 320700.0}]",2026-08-10,952958.0,532.8800048828125,0.5353095157847433,346
BSY,9113900174.503656,weekly,2026-02-23,34734300.0,168,2,6,"[{'date': Timestamp('2026-02-23 00:00:00'), 'volume': 34734300.0}, {'date': Timestamp('2025-09-29 00:00:00'), 'volume': 33424600.0}, {'date': Timestamp('2021-06-21 00:00:00'), 'volume': 26014100.0}, {'date': Timestamp('2021-05-24 00:00:00'), 'volume': 18043100.0}, {'date': Timestamp('2021-05-10 00:00:00'), 'volume': 9308500.0}, {'date': Timestamp('2020-09-21 00:00:00'), 'volume': 8972200.0}]",2026-08-10,13178572.0,36.2400016784668,0.379410899312783,308
HTGC,2915307609.0958004,weekly,2026-02-23,27637400.0,168,1,8,"[{'date': Timestamp('2026-02-23 00:00:00'), 'volume': 27637400.0}, {'date': Timestamp('2023-03-13 00:00:00'), 'volume': 22180200.0}, {'date': Timestamp('2020-03-16 00:00:00'), 'volume': 16847900.0}, {'date': Timestamp('2020-02-24 00:00:00'), 'volume': 9707000.0}, {'date': Timestamp('2020-02-03 00:00:00'), 'volume': 4514400.0}, {'date': Timestamp('2020-01-27 00:00:00'), 'volume': 3664800.0}, {'date': Timestamp('2020-01-13 00:00:00'), 'volume': 2375900.0}, {'date': Timestamp('2020-01-06 00:00:00'), 'volume': 1965800.0}]",2026-08-10,10388800.0,16.700000762939453,0.3758964301996569,345
GTY,2055878967.846608,weekly,2026-02-16,6713000.0,175,1,13,"[{'date': Timestamp('2026-02-16 00:00:00'), 'volume': 6713000.0}, {'date': Timestamp('2024-07-27 00:00:00'), 'volume': 6005800.0}, {'date': Timestamp('2023-12-09 00:00:00'), 'volume': 4385700.0}, {'date': Timestamp('2023-02-25 00:00:00'), 'volume': 3617800.0}, {'date': Timestamp('2022-10-29 00:00:00'), 'volume': 3227400.0}, {'date': Timestamp('2021-12-11 00:00:00'), 'volume': 2580800.0}, {'date': Timestamp('2020-06-13 00:00:00'), 'volume': 2330400.0}, {'date': Timestamp('2020-05-09 00:00:00'), 'volume': 2188900.0}, {'date': Timestamp('2020-03-14 00:00:00'), 'volume': 1842400.0}, {'date': Timestamp('2020-03-07 00:00:00'), 'volume': 1317000.0}, {'date': Timestamp('2020-02-29 00:00:00'), 'volume': 1000700.0}, {'date': Timestamp('2020-02-22 00:00:00'), 'volume': 831600.0}, {'date': Timestamp('2020-01-04 00:00:00'), 'volume': 655100.0}]",2026-08-10,1940833.0,33.18000030517578,0.2891155966036049,346
OCUL,2154569970.02459,weekly,2026-02-16,85855800.0,175,2,6,"[{'date': Timestamp('2026-02-16 00:00:00'), 'volume': 85855800.0}, {'date': Timestamp('2026-01-12 00:00:00'), 'volume': 51020300.0}, {'date': Timestamp('2023-02-13 00:00:00'), 'volume': 44959000.0}, {'date': Timestamp('2020-03-02 00:00:00'), 'volume': 17381700.0}, {'date': Timestamp('2020-01-20 00:00:00'), 'volume': 3831900.0}, {'date': Timestamp('2020-01-06 00:00:00'), 'volume': 2662400.0}]",2026-08-10,13507904.0,10.039999961853027,0.1573324574460898,345
ACLS,5324032758.831212,weekly,2026-02-16,9750800.0,175,1,14,"[{'date': Timestamp('2026-02-16 00:00:00'), 'volume': 9750800.0}, {'date': Timestamp('2025-02-10 00:00:00'), 'volume': 6505900.0}, {'date': Timestamp('2024-02-05 00:00:00'), 'volume': 6139400.0}, {'date': Timestamp('2023-10-30 00:00:00'), 'volume': 5275900.0}, {'date': Timestamp('2022-08-22 00:00:00'), 'volume': 4736200.0}, {'date': Timestamp('2021-01-11 00:00:00'), 'volume': 4251700.0}, {'date': Timestamp('2020-08-03 00:00:00'), 'volume': 4182500.0}, {'date': Timestamp('2020-05-11 00:00:00'), 'volume': 3061300.0}, {'date': Timestamp('2020-03-16 00:00:00'), 'volume': 2232400.0}, {'date': Timestamp('2020-03-09 00:00:00'), 'volume': 2135800.0}, {'date': Timestamp('2020-02-10 00:00:00'), 'volume': 2105300.0}, {'date': Timestamp('2020-02-03 00:00:00'), 'volume': 1801500.0}, {'date': Timestamp('2020-01-13 00:00:00'), 'volume': 1038300.0}, {'date': Timestamp('2020-01-06 00:00:00'), 'volume': 800500.0}]",2026-08-10,1538686.0,140.14999389648438,0.1578010009435123,345
IHS,2764694691.0,weekly,2026-02-16,23009500.0,175,1,2,"[{'date': Timestamp('2026-02-16 00:00:00'), 'volume': 23009500.0}, {'date': Timestamp('2021-10-11 00:00:00'), 'volume': 13921500.0}]",2026-08-10,3311569.0,8.329999923706055,0.1439218149025402,253
RIG,5705938821.149713,weekly,2026-02-09,638363500.0,182,3,10,"[{'date': Timestamp('2026-02-09 00:00:00'), 'volume': 638363500.0}, {'date': Timestamp('2026-02-07 00:00:00'), 'volume': 433271700.0}, {'date': Timestamp('2025-09-20 00:00:00'), 'volume': 398437000.0}, {'date': Timestamp('2022-03-05 00:00:00'), 'volume': 370911600.0}, {'date': Timestamp('2020-06-06 00:00:00'), 'volume': 350107400.0}, {'date': Timestamp('2020-04-25 00:00:00'), 'volume': 272457200.0}, {'date': Timestamp('2020-03-07 00:00:00'), 'volume': 246613800.0}, {'date': Timestamp('2020-02-22 00:00:00'), 'volume': 160930800.0}, {'date': Timestamp('2020-01-25 00:00:00'), 'volume': 92868500.0}, {'date': Timestamp('2020-01-04 00:00:00'), 'volume': 83622400.0}]",2026-08-10,315235205.0,5.760000228881836,0.4938177151419214,346
MBIN,2297229641.0574,weekly,2026-02-09,6837200.0,182,1,10,"[{'date': Timestamp('2026-02-09 00:00:00'), 'volume': 6837200.0}, {'date': Timestamp('2024-05-13 00:00:00'), 'volume': 3395900.0}, {'date': Timestamp('2023-11-13 00:00:00'), 'volume': 1448700.0}, {'date': Timestamp('2020-11-09 00:00:00'), 'volume': 846450.0}, {'date': Timestamp('2020-08-24 00:00:00'), 'volume': 567750.0}, {'date': Timestamp('2020-03-16 00:00:00'), 'volume': 461100.0}, {'date': Timestamp('2020-03-09 00:00:00'), 'volume': 373050.0}, {'date': Timestamp('2020-02-03 00:00:00'), 'volume': 326400.0}, {'date': Timestamp('2020-01-13 00:00:00'), 'volume': 281700.0}, {'date': Timestamp('2020-01-06 00:00:00'), 'volume': 216300.0}]",2026-08-10,660204.0,54.880001068115234,0.096560580354531,345
KD,2496254656.7896204,weekly,2026-02-09,67116300.0,182,1,4,"[{'date': Timestamp('2026-02-09 00:00:00'), 'volume': 67116300.0}, {'date': Timestamp('2021-11-01 00:00:00'), 'volume': 62070300.0}, {'date': Timestamp('2021-10-25 00:00:00'), 'volume': 77400.0}, {'date': Timestamp('2021-10-18 00:00:00'), 'volume': 5800.0}]",2026-08-10,21710863.0,13.170000076293944,0.3234812258721056,252
LSTR,7098120902.515418,weekly,2026-02-09,5534900.0,182,1,7,"[{'date': Timestamp('2026-02-09 00:00:00'), 'volume': 5534900.0}, {'date': Timestamp('2020-03-14 00:00:00'), 'volume': 3364100.0}, {'date': Timestamp('2020-03-07 00:00:00'), 'volume': 2816400.0}, {'date': Timestamp('2020-02-22 00:00:00'), 'volume': 2492000.0}, {'date': Timestamp('2020-01-25 00:00:00'), 'volume': 2238000.0}, {'date': Timestamp('2020-01-11 00:00:00'), 'volume': 1595600.0}, {'date': Timestamp('2020-01-04 00:00:00'), 'volume': 1203000.0}]",2026-08-10,2637085.0,190.19000244140625,0.4764467289381922,346
MHD,2043990000.0,weekly,2026-02-09,2938800.0,182,1,14,"[{'date': Timestamp('2026-02-09 00:00:00'), 'volume': 2938800.0}, {'date': Timestamp('2022-12-10 00:00:00'), 'volume': 1754900.0}, {'date': Timestamp('2022-10-22 00:00:00'), 'volume': 1437000.0}, {'date': Timestamp('2022-05-21 00:00:00'), 'volume': 1127100.0}, {'date': Timestamp('2022-04-16 00:00:00'), 'volume': 1089600.0}, {'date': Timestamp('2022-04-02 00:00:00'), 'volume': 951400.0}, {'date': Timestamp('2022-03-26 00:00:00'), 'volume': 864000.0}, {'date': Timestamp('2022-01-15 00:00:00'), 'volume': 797900.0}, {'date': Timestamp('2021-03-13 00:00:00'), 'volume': 756600.0}, {'date': Timestamp('2020-03-14 00:00:00'), 'volume': 502900.0}, {'date': Timestamp('2020-03-07 00:00:00'), 'volume': 351800.0}, {'date': Timestamp('2020-02-29 00:00:00'), 'volume': 126900.0}, {'date': Timestamp('2020-02-22 00:00:00'), 'volume': 115800.0}, {'date': Timestamp('2020-01-04 00:00:00'), 'volume': 76000.0}]",2026-08-10,1938498.0,11.649999618530272,0.6596222948142099,346
MNDY,3735762873.088985,weekly,2026-02-09,25147400.0,182,2,9,"[{'date': Timestamp('2026-02-09 00:00:00'), 'volume': 25147400.0}, {'date': Timestamp('2025-08-11 00:00:00'), 'volume': 21478700.0}, {'date': Timestamp('2025-02-10 00:00:00'), 'volume': 11412200.0}, {'date': Timestamp('2024-02-12 00:00:00'), 'volume': 11136300.0}, {'date': Timestamp('2023-05-15 00:00:00'), 'volume': 9977500.0}, {'date': Timestamp('2022-02-21 00:00:00'), 'volume': 9294800.0}, {'date': Timestamp('2022-01-31 00:00:00'), 'volume': 4340900.0}, {'date': Timestamp('2021-11-08 00:00:00'), 'volume': 4332600.0}, {'date': Timestamp('2021-06-07 00:00:00'), 'volume': 2939200.0}]",2026-08-10,12751989.0,87.5199966430664,0.5070897587822201,271
CUZ,4929628256.583932,weekly,2026-02-09,19271100.0,182,1,12,"[{'date': Timestamp('2026-02-09 00:00:00'), 'volume': 19271100.0}, {'date': Timestamp('2023-03-18 00:00:00'), 'volume': 16056700.0}, {'date': Timestamp('2023-03-11 00:00:00'), 'volume': 14693400.0}, {'date': Timestamp('2023-03-04 00:00:00'), 'volume': 12783100.0}, {'date': Timestamp('2020-12-12 00:00:00'), 'volume': 9325200.0}, {'date': Timestamp('2020-05-30 00:00:00'), 'volume': 9187900.0}, {'date': Timestamp('2020-03-14 00:00:00'), 'volume': 9172300.0}, {'date': Timestamp('2020-03-07 00:00:00'), 'volume': 8328500.0}, {'date': Timestamp('2020-02-29 00:00:00'), 'volume': 5957100.0}, {'date': Timestamp('2020-02-22 00:00:00'), 'volume': 5534500.0}, {'date': Timestamp('2020-01-11 00:00:00'), 'volume': 4688100.0}, {'date': Timestamp('2020-01-04 00:00:00'), 'volume': 3035200.0}]",2026-08-10,7197290.0,29.700000762939453,0.3734758264966711,346
MAT,4062588208.535844,weekly,2026-02-09,87697400.0,182,1,7,"[{'date': Timestamp('2026-02-09 00:00:00'), 'volume': 87697400.0}, {'date': Timestamp('2024-07-20 00:00:00'), 'volume': 63252500.0}, {'date': Timestamp('2020-03-07 00:00:00'), 'volume': 47953500.0}, {'date': Timestamp('2020-02-08 00:00:00'), 'volume': 41662100.0}, {'date': Timestamp('2020-02-01 00:00:00'), 'volume': 36740500.0}, {'date': Timestamp('2020-01-11 00:00:00'), 'volume': 22999000.0}, {'date': Timestamp('2020-01-04 00:00:00'), 'volume': 20820300.0}]",2026-08-10,18347472.0,15.029999732971191,0.2092134088353816,346
RNG,3117862937.92381,weekly,2026-02-09,27916900.0,182,1,9,"[{'date': Timestamp('2026-02-09 00:00:00'), 'volume': 27916900.0}, {'date': Timestamp('2023-02-13 00:00:00'), 'volume': 23637100.0}, {'date': Timestamp('2022-11-07 00:00:00'), 'volume': 19311500.0}, {'date': Timestamp('2022-05-09 00:00:00'), 'volume': 17893100.0}, {'date': Timestamp('2021-11-08 00:00:00'), 'volume': 13199500.0}, {'date': Timestamp('2020-03-16 00:00:00'), 'volume': 11832100.0}, {'date': Timestamp('2020-02-24 00:00:00'), 'volume': 10117900.0}, {'date': Timestamp('2020-02-10 00:00:00'), 'volume': 10114900.0}, {'date': Timestamp('2020-01-06 00:00:00'), 'volume': 5440200.0}]",2026-08-10,7008739.0,64.48999786376953,0.2510572090740734,345
CCC,2940572014.3496656,weekly,2026-02-02,134895500.0,189,2,20,"[{'date': Timestamp('2026-02-02 00:00:00'), 'volume': 134895500.0}, {'date': Timestamp('2025-11-03 00:00:00'), 'volume': 68423600.0}, {'date': Timestamp('2025-03-03 00:00:00'), 'volume': 64312200.0}, {'date': Timestamp('2025-02-24 00:00:00'), 'volume': 50878400.0}, {'date': Timestamp('2024-05-27 00:00:00'), 'volume': 48543400.0}, {'date': Timestamp('2024-03-04 00:00:00'), 'volume': 34449700.0}, {'date': Timestamp('2023-11-06 00:00:00'), 'volume': 33732600.0}, {'date': Timestamp('2023-09-11 00:00:00'), 'volume': 20019200.0}, {'date': Timestamp('2022-06-20 00:00:00'), 'volume': 16376800.0}, {'date': Timestamp('2022-04-04 00:00:00'), 'volume': 15936000.0}, {'date': Timestamp('2021-02-01 00:00:00'), 'volume': 13920000.0}, {'date': Timestamp('2021-01-11 00:00:00'), 'volume': 1304600.0}, {'date': Timestamp('2020-12-14 00:00:00'), 'volume': 1272900.0}, {'date': Timestamp('2020-12-07 00:00:00'), 'volume': 1194200.0}, {'date': Timestamp('2020-11-30 00:00:00'), 'volume': 714400.0}, {'date': Timestamp('2020-11-23 00:00:00'), 'volume': 624000.0}, {'date': Timestamp('2020-11-02 00:00:00'), 'volume': 428700.0}, {'date': Timestamp('2020-10-26 00:00:00'), 'volume': 399700.0}, {'date': Timestamp('2020-10-12 00:00:00'), 'volume': 194300.0}, {'date': Timestamp('2020-10-05 00:00:00'), 'volume': 156100.0}]",2026-08-10,32242032.0,6.96999979019165,0.2390148818900556,306
CVCO,4765566555.363832,weekly,2026-02-02,1655700.0,189,3,13,"[{'date': Timestamp('2026-02-02 00:00:00'), 'volume': 1655700.0}, {'date': Timestamp('2026-01-26 00:00:00'), 'volume': 1519000.0}, {'date': Timestamp('2025-09-15 00:00:00'), 'volume': 1314700.0}, {'date': Timestamp('2025-06-23 00:00:00'), 'volume': 1217600.0}, {'date': Timestamp('2025-06-09 00:00:00'), 'volume': 1122000.0}, {'date': Timestamp('2025-06-02 00:00:00'), 'volume': 1017100.0}, {'date': Timestamp('2022-12-12 00:00:00'), 'volume': 840000.0}, {'date': Timestamp('2022-10-31 00:00:00'), 'volume': 514100.0}, {'date': Timestamp('2022-09-12 00:00:00'), 'volume': 478700.0}, {'date': Timestamp('2020-03-09 00:00:00'), 'volume': 478500.0}, {'date': Timestamp('2020-01-27 00:00:00'), 'volume': 361700.0}, {'date': Timestamp('2020-01-20 00:00:00'), 'volume': 225400.0}, {'date': Timestamp('2020-01-06 00:00:00'), 'volume': 180600.0}]",2026-08-10,639519.0,605.0499877929688,0.3862529443739808,345
SLAB,7203889671.577426,weekly,2026-02-02,13789700.0,189,1,10,"[{'date': Timestamp('2026-02-02 00:00:00'), 'volume': 13789700.0}, {'date': Timestamp('2023-10-30 00:00:00'), 'volume': 7636500.0}, {'date': Timestamp('2023-04-24 00:00:00'), 'volume': 5564000.0}, {'date': Timestamp('2023-01-30 00:00:00'), 'volume': 5122500.0}, {'date': Timestamp('2021-10-25 00:00:00'), 'volume': 4546000.0}, {'date': Timestamp('2020-05-25 00:00:00'), 'volume': 4059400.0}, {'date': Timestamp('2020-03-16 00:00:00'), 'volume': 3795900.0}, {'date': Timestamp('2020-01-27 00:00:00'), 'volume': 3583800.0}, {'date': Timestamp('2020-01-13 00:00:00'), 'volume': 1000200.0}, {'date': Timestamp('2020-01-06 00:00:00'), 'volume': 976900.0}]",2026-08-10,1278512.0,218.4100036621093,0.0927149974256147,345
OBDC,5370025127.044945,weekly,2026-02-02,59060800.0,189,2,16,"[{'date': Timestamp('2026-02-02 00:00:00'), 'volume': 59060800.0}, {'date': Timestamp('2025-11-17 00:00:00'), 'volume': 53294200.0}, {'date': Timestamp('2025-04-07 00:00:00'), 'volume': 40232300.0}, {'date': Timestamp('2025-03-17 00:00:00'), 'volume': 33151800.0}, {'date': Timestamp('2025-03-10 00:00:00'), 'volume': 23074600.0}, {'date': Timestamp('2022-06-13 00:00:00'), 'volume': 22586100.0}, {'date': Timestamp('2022-05-09 00:00:00'), 'volume': 18497800.0}, {'date': Timestamp('2022-04-18 00:00:00'), 'volume': 16378700.0}, {'date': Timestamp('2022-03-14 00:00:00'), 'volume': 16139300.0}, {'date': Timestamp('2020-12-07 00:00:00'), 'volume': 11887800.0}, {'date': Timestamp('2020-11-30 00:00:00'), 'volume': 9959000.0}, {'date': Timestamp('2020-03-16 00:00:00'), 'volume': 9533600.0}, {'date': Timestamp('2020-03-09 00:00:00'), 'volume': 7802900.0}, {'date': Timestamp('2020-02-24 00:00:00'), 'volume': 5891400.0}, {'date': Timestamp('2020-01-13 00:00:00'), 'volume': 5064800.0}, {'date': Timestamp('2020-01-06 00:00:00'), 'volume': 963700.0}]",2026-08-10,21489486.0,11.720000267028809,0.363853622030179,345
ALGT,3120266199.025897,weekly,2026-02-02,4940400.0,189,2,10,"[{'date': Timestamp('2026-02-02 00:00:00'), 'volume': 4940400.0}, {'date': Timestamp('2026-01-12 00:00:00'), 'volume': 4395100.0}, {'date': Timestamp('2025-03-10 00:00:00'), 'volume': 3607800.0}, {'date': Timestamp('2020-05-11 00:00:00'), 'volume': 3282700.0}, {'date': Timestamp('2020-03-09 00:00:00'), 'volume': 2363800.0}, {'date': Timestamp('2020-03-02 00:00:00'), 'volume': 1908200.0}, {'date': Timestamp('2020-02-24 00:00:00'), 'volume': 1547700.0}, {'date': Timestamp('2020-01-27 00:00:00'), 'volume': 1214900.0}, {'date': Timestamp('2020-01-13 00:00:00'), 'volume': 1082300.0}, {'date': Timestamp('2020-01-06 00:00:00'), 'volume': 509800.0}]",2026-08-10,2992473.0,85.75,0.6057147194559145,345
TENB,3332419309.1676383,weekly,2026-02-02,26071200.0,189,1,7,"[{'date': Timestamp('2026-02-02 00:00:00'), 'volume': 26071200.0}, {'date': Timestamp('2024-07-29 00:00:00'), 'volume': 13941300.0}, {'date': Timestamp('2020-07-27 00:00:00'), 'volume': 13522500.0}, {'date': Timestamp('2020-06-22 00:00:00'), 'volume': 11329900.0}, {'date': Timestamp('2020-06-15 00:00:00'), 'volume': 7939700.0}, {'date': Timestamp('2020-06-01 00:00:00'), 'volume': 5252300.0}, {'date': Timestamp('2020-01-06 00:00:00'), 'volume': 4931400.0}]",2026-08-10,12931139.0,38.33000183105469,0.4959932415845837,345
BILL,3537675801.289395,weekly,2026-02-02,41804200.0,189,1,12,"[{'date': Timestamp('2026-02-02 00:00:00'), 'volume': 41804200.0}, {'date': Timestamp('2023-11-06 00:00:00'), 'volume': 40919500.0}, {'date': Timestamp('2023-10-30 00:00:00'), 'volume': 34970700.0}, {'date': Timestamp('2023-01-30 00:00:00'), 'volume': 34702300.0}, {'date': Timestamp('2022-01-31 00:00:00'), 'volume': 25395900.0}, {'date': Timestamp('2020-08-31 00:00:00'), 'volume': 19616000.0}, {'date': Timestamp('2020-05-25 00:00:00'), 'volume': 18923700.0}, {'date': Timestamp('2020-03-30 00:00:00'), 'volume': 7118400.0}, {'date': Timestamp('2020-03-16 00:00:00'), 'volume': 6814800.0}, {'date': Timestamp('2020-03-09 00:00:00'), 'volume': 4414500.0}, {'date': Timestamp('2020-02-03 00:00:00'), 'volume': 3946300.0}, {'date': Timestamp('2020-01-06 00:00:00'), 'volume': 2673800.0}]",2026-08-10,11881836.0,49.77999877929688,0.2842258911783983,345
GBDC,3279634193.345968,weekly,2026-02-02,23998000.0,189,1,10,"[{'date': Timestamp('2026-02-02 00:00:00'), 'volume': 23998000.0}, {'date': Timestamp('2025-04-07 00:00:00'), 'volume': 15999800.0}, {'date': Timestamp('2024-08-05 00:00:00'), 'volume': 11670200.0}, {'date': Timestamp('2020-05-04 00:00:00'), 'volume': 10921300.0}, {'date': Timestamp('2020-03-16 00:00:00'), 'volume': 10793808.0}, {'date': Timestamp('2020-03-09 00:00:00'), 'volume': 8034555.0}, {'date': Timestamp('2020-02-24 00:00:00'), 'volume': 5735773.0}, {'date': Timestamp('2020-02-03 00:00:00'), 'volume': 3395028.0}, {'date': Timestamp('2020-01-13 00:00:00'), 'volume': 3077294.0}, {'date': Timestamp('2020-01-06 00:00:00'), 'volume': 2873093.0}]",2026-08-10,7344081.0,13.260000228881836,0.3060288774064505,345
FDS,8442549791.893699,weekly,2026-01-31,8389800.0,191,1,6,"[{'date': Timestamp('2026-01-31 00:00:00'), 'volume': 8389800.0}, {'date': Timestamp('2021-12-11 00:00:00'), 'volume': 7344500.0}, {'date': Timestamp('2020-03-14 00:00:00'), 'volume': 3440200.0}, {'date': Timestamp('2020-03-07 00:00:00'), 'volume': 2938100.0}, {'date': Timestamp('2020-01-25 00:00:00'), 'volume': 2584300.0}, {'date': Timestamp('2020-01-04 00:00:00'), 'volume': 1685000.0}]",2026-08-10,4735435.0,283.489990234375,0.5644276383227252,346
SIRI,9543175209.742435,weekly,2026-01-31,60212500.0,191,1,9,"[{'date': Timestamp('2026-01-31 00:00:00'), 'volume': 60212500.0}, {'date': Timestamp('2024-12-14 00:00:00'), 'volume': 53296700.0}, {'date': Timestamp('2024-09-14 00:00:00'), 'volume': 50562100.0}, {'date': Timestamp('2024-09-07 00:00:00'), 'volume': 50165450.0}, {'date': Timestamp('2024-06-15 00:00:00'), 'volume': 47976880.0}, {'date': Timestamp('2021-01-23 00:00:00'), 'volume': 34350130.0}, {'date': Timestamp('2020-03-14 00:00:00'), 'volume': 24930130.0}, {'date': Timestamp('2020-02-22 00:00:00'), 'volume': 21808610.0}, {'date': Timestamp('2020-01-04 00:00:00'), 'volume': 9484970.0}]",2026-08-10,23851569.0,28.459999084472656,0.3961232136184347,346
CRVL,3193037679.629816,weekly,2026-01-31,1935800.0,191,2,10,"[{'date': Timestamp('2026-01-31 00:00:00'), 'volume': 1935800.0}, {'date': Timestamp('2025-09-13 00:00:00'), 'volume': 1725000.0}, {'date': Timestamp('2022-12-10 00:00:00'), 'volume': 1659900.0}, {'date': Timestamp('2020-05-09 00:00:00'), 'volume': 1629900.0}, {'date': Timestamp('2020-03-21 00:00:00'), 'volume': 1237800.0}, {'date': Timestamp('2020-03-14 00:00:00'), 'volume': 1236000.0}, {'date': Timestamp('2020-02-22 00:00:00'), 'volume': 1141500.0}, {'date': Timestamp('2020-02-01 00:00:00'), 'volume': 1105500.0}, {'date': Timestamp('2020-01-25 00:00:00'), 'volume': 1050600.0}, {'date': Timestamp('2020-01-04 00:00:00'), 'volume': 1008300.0}]",2026-08-10,908056.0,65.7300033569336,0.4690856493439405,346
COLM,3299092577.6639533,weekly,2026-01-31,8109900.0,191,1,12,"[{'date': Timestamp('2026-01-31 00:00:00'), 'volume': 8109900.0}, {'date': Timestamp('2025-05-03 00:00:00'), 'volume': 6269000.0}, {'date': Timestamp('2025-04-05 00:00:00'), 'volume': 6129000.0}, {'date': Timestamp('2025-03-29 00:00:00'), 'volume': 5735300.0}, {'date': Timestamp('2025-02-22 00:00:00'), 'volume': 5310300.0}, {'date': Timestamp('2025-02-01 00:00:00'), 'volume': 5203200.0}, {'date': Timestamp('2024-01-27 00:00:00'), 'volume': 4362700.0}, {'date': Timestamp('2023-07-29 00:00:00'), 'volume': 4298400.0}, {'date': Timestamp('2020-02-22 00:00:00'), 'volume': 3751400.0}, {'date': Timestamp('2020-02-01 00:00:00'), 'volume': 3616100.0}, {'date': Timestamp('2020-01-11 00:00:00'), 'volume': 2078400.0}, {'date': Timestamp('2020-01-04 00:00:00'), 'volume': 1632600.0}]",2026-08-10,3491537.0,57.41999816894531,0.4305277500339092,346
TEX,8200701982.668544,weekly,2026-01-31,23716200.0,191,2,12,"[{'date': Timestamp('2026-01-31 00:00:00'), 'volume': 23716200.0}, {'date': Timestamp('2025-10-25 00:00:00'), 'volume': 13101500.0}, {'date': Timestamp('2023-04-29 00:00:00'), 'volume': 9756500.0}, {'date': Timestamp('2020-03-21 00:00:00'), 'volume': 8931400.0}, {'date': Timestamp('2020-03-14 00:00:00'), 'volume': 7741700.0}, {'date': Timestamp('2020-03-07 00:00:00'), 'volume': 6878400.0}, {'date': Timestamp('2020-02-29 00:00:00'), 'volume': 6731000.0}, {'date': Timestamp('2020-02-22 00:00:00'), 'volume': 6124100.0}, {'date': Timestamp('2020-02-08 00:00:00'), 'volume': 3748400.0}, {'date': Timestamp('2020-02-01 00:00:00'), 'volume': 2977700.0}, {'date': Timestamp('2020-01-18 00:00:00'), 'volume': 2540500.0}, {'date': Timestamp('2020-01-04 00:00:00'), 'volume': 1983500.0}]",2026-08-10,5075492.0,67.91999816894531,0.2140094956190283,346
TKR,9814013881.317688,weekly,2026-01-31,7628300.0,191,1,7,"[{'date': Timestamp('2026-01-31 00:00:00'), 'volume': 7628300.0}, {'date': Timestamp('2025-07-26 00:00:00'), 'volume': 7003800.0}, {'date': Timestamp('2025-03-29 00:00:00'), 'volume': 6902500.0}, {'date': Timestamp('2023-07-29 00:00:00'), 'volume': 6559500.0}, {'date': Timestamp('2020-03-07 00:00:00'), 'volume': 5596800.0}, {'date': Timestamp('2020-02-01 00:00:00'), 'volume': 5028600.0}, {'date': Timestamp('2020-01-04 00:00:00'), 'volume': 2985200.0}]",2026-08-10,6093089.0,133.5,0.7987479517061469,346
IT,9035826748.590384,weekly,2026-01-31,19296200.0,191,1,6,"[{'date': Timestamp('2026-01-31 00:00:00'), 'volume': 19296200.0}, {'date': Timestamp('2025-08-02 00:00:00'), 'volume': 13754800.0}, {'date': Timestamp('2020-03-07 00:00:00'), 'volume': 9394500.0}, {'date': Timestamp('2020-02-29 00:00:00'), 'volume': 8721800.0}, {'date': Timestamp('2020-02-01 00:00:00'), 'volume': 5740500.0}, {'date': Timestamp('2020-01-04 00:00:00'), 'volume': 2224000.0}]",2026-08-10,8769744.0,181.08999633789065,0.4544803640094941,346
THG,7438540460.668434,weekly,2026-01-31,2718200.0,191,2,8,"[{'date': Timestamp('2026-01-31 00:00:00'), 'volume': 2718200.0}, {'date': Timestamp('2026-01-24 00:00:00'), 'volume': 2622600.0}, {'date': Timestamp('2020-03-14 00:00:00'), 'volume': 2430100.0}, {'date': Timestamp('2020-03-07 00:00:00'), 'volume': 2224900.0}, {'date': Timestamp('2020-02-22 00:00:00'), 'volume': 1447600.0}, {'date': Timestamp('2020-02-01 00:00:00'), 'volume': 1165400.0}, {'date': Timestamp('2020-01-11 00:00:00'), 'volume': 1075300.0}, {'date': Timestamp('2020-01-04 00:00:00'), 'volume': 953700.0}]",2026-08-10,1552610.0,225.2899932861328,0.5711904937090722,346
AMRX,5496762163.554273,weekly,2026-01-26,50214300.0,196,1,8,"[{'date': Timestamp('2026-01-26 00:00:00'), 'volume': 50214300.0}, {'date': Timestamp('2021-03-08 00:00:00'), 'volume': 27203600.0}, {'date': Timestamp('2020-05-11 00:00:00'), 'volume': 21423000.0}, {'date': Timestamp('2020-03-23 00:00:00'), 'volume': 17914400.0}, {'date': Timestamp('2020-03-16 00:00:00'), 'volume': 16751400.0}, {'date': Timestamp('2020-02-24 00:00:00'), 'volume': 11939700.0}, {'date': Timestamp('2020-01-13 00:00:00'), 'volume': 10458100.0}, {'date': Timestamp('2020-01-06 00:00:00'), 'volume': 8492700.0}]",2026-08-10,12791121.0,18.14999961853028,0.2547306444578536,345
CVLT,5800693304.913543,weekly,2026-01-26,13422600.0,196,2,5,"[{'date': Timestamp('2026-01-26 00:00:00'), 'volume': 13422600.0}, {'date': Timestamp('2025-10-27 00:00:00'), 'volume': 9157300.0}, {'date': Timestamp('2020-03-09 00:00:00'), 'volume': 6473800.0}, {'date': Timestamp('2020-01-27 00:00:00'), 'volume': 4626100.0}, {'date': Timestamp('2020-01-06 00:00:00'), 'volume': 2272600.0}]",2026-08-10,2968659.0,147.0850067138672,0.2211687005498189,345
AUGO,5369213974.861442,weekly,2026-01-26,8008700.0,196,3,4,"[{'date': Timestamp('2026-01-26 00:00:00'), 'volume': 8008700.0}, {'date': Timestamp('2025-12-15 00:00:00'), 'volume': 4279200.0}, {'date': Timestamp('2025-10-20 00:00:00'), 'volume': 4009400.0}, {'date': Timestamp('2025-07-14 00:00:00'), 'volume': 3106200.0}]",2026-08-10,3551126.0,76.0199966430664,0.4434085432092599,57
USAR,4677919396.615682,weekly,2026-01-26,280634000.0,196,5,16,"[{'date': Timestamp('2026-01-26 00:00:00'), 'volume': 280634000.0}, {'date': Timestamp('2025-10-13 00:00:00'), 'volume': 174151700.0}, {'date': Timestamp('2025-10-06 00:00:00'), 'volume': 133448500.0}, {'date': Timestamp('2025-09-29 00:00:00'), 'volume': 85590400.0}, {'date': Timestamp('2025-08-11 00:00:00'), 'volume': 51982700.0}, {'date': Timestamp('2025-07-14 00:00:00'), 'volume': 47640700.0}, {'date': Timestamp('2025-04-14 00:00:00'), 'volume': 37121600.0}, {'date': Timestamp('2025-03-31 00:00:00'), 'volume': 8308100.0}, {'date': Timestamp('2024-06-10 00:00:00'), 'volume': 3622900.0}, {'date': Timestamp('2024-05-20 00:00:00'), 'volume': 2952200.0}, {'date': Timestamp('2024-01-29 00:00:00'), 'volume': 1456000.0}, {'date': Timestamp('2023-12-11 00:00:00'), 'volume': 1232400.0}, {'date': Timestamp('2023-09-11 00:00:00'), 'volume': 1209300.0}, {'date': Timestamp('2023-08-07 00:00:00'), 'volume': 1111900.0}, {'date': Timestamp('2023-07-31 00:00:00'), 'volume': 920600.0}, {'date': Timestamp('2023-07-17 00:00:00'), 'volume': 684100.0}]",2026-08-10,85545800.0,20.0,0.3048304909597554,161
SARO,9355761103.858942,weekly,2026-01-26,50856700.0,196,1,3,"[{'date': Timestamp('2026-01-26 00:00:00'), 'volume': 50856700.0}, {'date': Timestamp('2025-03-24 00:00:00'), 'volume': 40592700.0}, {'date': Timestamp('2024-09-30 00:00:00'), 'volume': 34394600.0}]",2026-08-10,19973092.0,27.89999961853028,0.3927327569425464,98
PB,7499554509.045517,weekly,2026-01-24,11777600.0,198,1,5,"[{'date': Timestamp('2026-01-24 00:00:00'), 'volume': 11777600.0}, {'date': Timestamp('2023-03-11 00:00:00'), 'volume': 9302500.0}, {'date': Timestamp('2020-01-25 00:00:00'), 'volume': 8925800.0}, {'date': Timestamp('2020-01-11 00:00:00'), 'volume': 2715300.0}, {'date': Timestamp('2020-01-04 00:00:00'), 'volume': 1737500.0}]",2026-08-10,4047141.0,75.05000305175781,0.3436303661187339,346
AVT,7084419457.85398,weekly,2026-01-24,13234100.0,198,1,11,"[{'date': Timestamp('2026-01-24 00:00:00'), 'volume': 13234100.0}, {'date': Timestamp('2024-12-14 00:00:00'), 'volume': 11237700.0}, {'date': Timestamp('2021-01-23 00:00:00'), 'volume': 9493000.0}, {'date': Timestamp('2020-06-20 00:00:00'), 'volume': 9317800.0}, {'date': Timestamp('2020-03-14 00:00:00'), 'volume': 8486300.0}, {'date': Timestamp('2020-03-07 00:00:00'), 'volume': 7500900.0}, {'date': Timestamp('2020-02-29 00:00:00'), 'volume': 5722600.0}, {'date': Timestamp('2020-02-22 00:00:00'), 'volume': 5665500.0}, {'date': Timestamp('2020-01-25 00:00:00'), 'volume': 5601200.0}, {'date': Timestamp('2020-01-18 00:00:00'), 'volume': 4783100.0}, {'date': Timestamp('2020-01-04 00:00:00'), 'volume': 4654800.0}]",2026-08-10,6761245.0,95.70999908447266,0.5108957163690768,346
FFBC,3544514455.1896086,weekly,2026-01-24,8474000.0,198,3,13,"[{'date': Timestamp('2026-01-24 00:00:00'), 'volume': 8474000.0}, {'date': Timestamp('2026-01-10 00:00:00'), 'volume': 6086100.0}, {'date': Timestamp('2025-12-13 00:00:00'), 'volume': 5571100.0}, {'date': Timestamp('2021-12-11 00:00:00'), 'volume': 4514600.0}, {'date': Timestamp('2020-03-21 00:00:00'), 'volume': 4433600.0}, {'date': Timestamp('2020-03-14 00:00:00'), 'volume': 4174800.0}, {'date': Timestamp('2020-03-07 00:00:00'), 'volume': 4039700.0}, {'date': Timestamp('2020-02-29 00:00:00'), 'volume': 3374200.0}, {'date': Timestamp('2020-02-22 00:00:00'), 'volume': 1886900.0}, {'date': Timestamp('2020-01-25 00:00:00'), 'volume': 1814800.0}, {'date': Timestamp('2020-01-18 00:00:00'), 'volume': 1738700.0}, {'date': Timestamp('2020-01-11 00:00:00'), 'volume': 1286200.0}, {'date': Timestamp('2020-01-04 00:00:00'), 'volume': 1121800.0}]",2026-08-10,3097179.0,34.380001068115234,0.3654919754543309,346
RYN,6626229650.048447,weekly,2026-01-24,31354900.0,198,1,11,"[{'date': Timestamp('2026-01-24 00:00:00'), 'volume': 31354900.0}, {'date': Timestamp('2025-02-08 00:00:00'), 'volume': 11213500.0}, {'date': Timestamp('2020-05-02 00:00:00'), 'volume': 7360100.0}, {'date': Timestamp('2020-03-14 00:00:00'), 'volume': 5925800.0}, {'date': Timestamp('2020-03-07 00:00:00'), 'volume': 5148700.0}, {'date': Timestamp('2020-02-22 00:00:00'), 'volume': 4815400.0}, {'date': Timestamp('2020-02-01 00:00:00'), 'volume': 4523600.0}, {'date': Timestamp('2020-01-25 00:00:00'), 'volume': 3755600.0}, {'date': Timestamp('2020-01-18 00:00:00'), 'volume': 2984000.0}, {'date': Timestamp('2020-01-11 00:00:00'), 'volume': 2949800.0}, {'date': Timestamp('2020-01-04 00:00:00'), 'volume': 1423600.0}]",2026-08-10,15445857.0,21.56999969482422,0.4926138179359526,346
CEF,7360094600.0,weekly,2026-01-24,28483800.0,198,1,6,"[{'date': Timestamp('2026-01-24 00:00:00'), 'volume': 28483800.0}, {'date': Timestamp('2020-03-21 00:00:00'), 'volume': 19372500.0}, {'date': Timestamp('2020-03-14 00:00:00'), 'volume': 11162400.0}, {'date': Timestamp('2020-03-07 00:00:00'), 'volume': 10895400.0}, {'date': Timestamp('2020-02-22 00:00:00'), 'volume': 9265400.0}, {'date': Timestamp('2020-01-04 00:00:00'), 'volume': 3144600.0}]",2026-08-10,5008481.0,44.52999877929688,0.1758361243935149,346
RVT,2190388680.0,weekly,2026-01-10,4762700.0,212,1,7,"[{'date': Timestamp('2026-01-10 00:00:00'), 'volume': 4762700.0}, {'date': Timestamp('2020-03-14 00:00:00'), 'volume': 4712300.0}, {'date': Timestamp('2020-03-07 00:00:00'), 'volume': 3258400.0}, {'date': Timestamp('2020-02-22 00:00:00'), 'volume': 2774700.0}, {'date': Timestamp('2020-01-18 00:00:00'), 'volume': 1391200.0}, {'date': Timestamp('2020-01-11 00:00:00'), 'volume': 1332000.0}, {'date': Timestamp('2020-01-04 00:00:00'), 'volume': 1087500.0}]",2026-08-10,1045645.0,18.989999771118164,0.219548785352846,346
COMP,8632940953.791855,weekly,2026-01-05,249159600.0,217,2,10,"[{'date': Timestamp('2026-01-05 00:00:00'), 'volume': 249159600.0}, {'date': Timestamp('2025-09-22 00:00:00'), 'volume': 110195400.0}, {'date': Timestamp('2025-05-05 00:00:00'), 'volume': 65340800.0}, {'date': Timestamp('2025-02-17 00:00:00'), 'volume': 60717200.0}, {'date': Timestamp('2022-06-20 00:00:00'), 'volume': 50986100.0}, {'date': Timestamp('2022-05-09 00:00:00'), 'volume': 47275800.0}, {'date': Timestamp('2021-12-13 00:00:00'), 'volume': 25189100.0}, {'date': Timestamp('2021-10-04 00:00:00'), 'volume': 16269900.0}, {'date': Timestamp('2021-04-05 00:00:00'), 'volume': 14604100.0}, {'date': Timestamp('2021-03-29 00:00:00'), 'volume': 13577600.0}]",2026-08-10,38312407.0,13.020000457763672,0.1537665295657883,281
FG,3579744273.636844,weekly,2026-01-05,8191200.0,217,2,5,"[{'date': Timestamp('2026-01-05 00:00:00'), 'volume': 8191200.0}, {'date': Timestamp('2025-12-29 00:00:00'), 'volume': 7458700.0}, {'date': Timestamp('2022-12-05 00:00:00'), 'volume': 5494300.0}, {'date': Timestamp('2022-11-28 00:00:00'), 'volume': 4316100.0}, {'date': Timestamp('2022-11-21 00:00:00'), 'volume': 126000.0}]",2026-08-10,2536424.0,27.420000076293945,0.3096523097958785,195
MBLY,6577473836.468193,weekly,2026-01-05,106810400.0,217,1,5,"[{'date': Timestamp('2026-01-05 00:00:00'), 'volume': 106810400.0}, {'date': Timestamp('2025-07-07 00:00:00'), 'volume': 93071800.0}, {'date': Timestamp('2024-01-01 00:00:00'), 'volume': 66488000.0}, {'date': Timestamp('2023-06-05 00:00:00'), 'volume': 38370900.0}, {'date': Timestamp('2022-10-24 00:00:00'), 'volume': 37556500.0}]",2026-08-10,19995490.0,8.920000076293945,0.1872054593934673,199
CALM,3801023769.965619,weekly,2026-01-03,10964500.0,219,1,4,"[{'date': Timestamp('2026-01-03 00:00:00'), 'volume': 10964500.0}, {'date': Timestamp('2022-12-24 00:00:00'), 'volume': 10353500.0}, {'date': Timestamp('2020-08-15 00:00:00'), 'volume': 9822000.0}, {'date': Timestamp('2020-01-04 00:00:00'), 'volume': 7175600.0}]",2026-08-10,3722688.0,81.08999633789062,0.339521911623877,346
DBRG,2968205264.4147577,weekly,2025-12-29,129477800.0,224,3,11,"[{'date': Timestamp('2025-12-29 00:00:00'), 'volume': 129477800.0}, {'date': Timestamp('2025-12-01 00:00:00'), 'volume': 66157900.0}, {'date': Timestamp('2025-10-13 00:00:00'), 'volume': 36795900.0}, {'date': Timestamp('2025-05-12 00:00:00'), 'volume': 32387300.0}, {'date': Timestamp('2024-09-30 00:00:00'), 'volume': 26808600.0}, {'date': Timestamp('2022-06-13 00:00:00'), 'volume': 24357750.0}, {'date': Timestamp('2020-05-11 00:00:00'), 'volume': 21510375.0}, {'date': Timestamp('2020-03-16 00:00:00'), 'volume': 12617650.0}, {'date': Timestamp('2020-03-09 00:00:00'), 'volume': 9217800.0}, {'date': Timestamp('2020-02-24 00:00:00'), 'volume': 5570300.0}, {'date': Timestamp('2020-01-06 00:00:00'), 'volume': 3550650.0}]",2026-08-10,12241088.0,15.920000076293944,0.0945419832589061,345
RARE,3030513523.468718,weekly,2025-12-29,40062500.0,224,1,5,"[{'date': Timestamp('2025-12-29 00:00:00'), 'volume': 40062500.0}, {'date': Timestamp('2025-07-07 00:00:00'), 'volume': 23710200.0}, {'date': Timestamp('2023-10-16 00:00:00'), 'volume': 13318400.0}, {'date': Timestamp('2021-06-21 00:00:00'), 'volume': 10682500.0}, {'date': Timestamp('2020-01-06 00:00:00'), 'volume': 4807800.0}]",2026-08-10,7214634.0,26.489999771118164,0.1800844680187207,345
CHRN,3180965614.408707,weekly,2025-12-29,118955200.0,224,1,7,"[{'date': Timestamp('2025-12-29 00:00:00'), 'volume': 118955200.0}, {'date': Timestamp('2020-06-22 00:00:00'), 'volume': 10774586.0}, {'date': Timestamp('2020-06-08 00:00:00'), 'volume': 265854.0}, {'date': Timestamp('2020-06-01 00:00:00'), 'volume': 68626.0}, {'date': Timestamp('2020-03-23 00:00:00'), 'volume': 67414.0}, {'date': Timestamp('2020-01-27 00:00:00'), 'volume': 47123.0}, {'date': Timestamp('2020-01-06 00:00:00'), 'volume': 37521.0}]",2026-08-10,817148.0,20.93000030517578,0.0068693760340027,345
LKQ,6886996203.106543,weekly,2025-12-15,77098700.0,238,2,8,"[{'date': Timestamp('2025-12-15 00:00:00'), 'volume': 77098700.0}, {'date': Timestamp('2025-08-25 00:00:00'), 'volume': 40530100.0}, {'date': Timestamp('2025-07-21 00:00:00'), 'volume': 30984800.0}, {'date': Timestamp('2020-03-16 00:00:00'), 'volume': 25528800.0}, {'date': Timestamp('2020-03-02 00:00:00'), 'volume': 18719700.0}, {'date': Timestamp('2020-02-24 00:00:00'), 'volume': 14858300.0}, {'date': Timestamp('2020-02-17 00:00:00'), 'volume': 13088600.0}, {'date': Timestamp('2020-01-06 00:00:00'), 'volume': 10048700.0}]",2026-08-10,17187167.0,25.420000076293945,0.2229242127299163,345
MCHB,3698268986.096264,weekly,2025-12-15,10877400.0,238,1,10,"[{'date': Timestamp('2025-12-15 00:00:00'), 'volume': 10877400.0}, {'date': Timestamp('2024-01-15 00:00:00'), 'volume': 7314700.0}, {'date': Timestamp('2023-05-29 00:00:00'), 'volume': 7042500.0}, {'date': Timestamp('2023-05-01 00:00:00'), 'volume': 5694900.0}, {'date': Timestamp('2023-04-24 00:00:00'), 'volume': 2328300.0}, {'date': Timestamp('2023-01-30 00:00:00'), 'volume': 1976900.0}, {'date': Timestamp('2021-12-13 00:00:00'), 'volume': 1861400.0}, {'date': Timestamp('2020-03-16 00:00:00'), 'volume': 1738300.0}, {'date': Timestamp('2020-01-27 00:00:00'), 'volume': 1573700.0}, {'date': Timestamp('2020-01-06 00:00:00'), 'volume': 999600.0}]",2026-08-10,2284991.0,17.079999923706055,0.2100677551620791,345
IMNM,2260477721.639176,weekly,2025-12-15,38138400.0,238,1,8,"[{'date': Timestamp('2025-12-15 00:00:00'), 'volume': 38138400.0}, {'date': Timestamp('2021-07-19 00:00:00'), 'volume': 22528000.0}, {'date': Timestamp('2021-02-15 00:00:00'), 'volume': 10197700.0}, {'date': Timestamp('2021-02-01 00:00:00'), 'volume': 1008900.0}, {'date': Timestamp('2021-01-11 00:00:00'), 'volume': 849400.0}, {'date': Timestamp('2020-12-14 00:00:00'), 'volume': 660000.0}, {'date': Timestamp('2020-10-05 00:00:00'), 'volume': 512200.0}, {'date': Timestamp('2020-09-28 00:00:00'), 'volume': 508700.0}]",2026-08-10,6119858.0,27.200000762939453,0.1604644662597277,307
BAH,7462295621.385028,weekly,2025-12-15,32060100.0,238,1,9,"[{'date': Timestamp('2025-12-15 00:00:00'), 'volume': 32060100.0}, {'date': Timestamp('2025-03-03 00:00:00'), 'volume': 20983200.0}, {'date': Timestamp('2025-02-24 00:00:00'), 'volume': 17452700.0}, {'date': Timestamp('2024-11-18 00:00:00'), 'volume': 17261100.0}, {'date': Timestamp('2020-03-16 00:00:00'), 'volume': 12959600.0}, {'date': Timestamp('2020-03-09 00:00:00'), 'volume': 11988700.0}, {'date': Timestamp('2020-02-24 00:00:00'), 'volume': 11820700.0}, {'date': Timestamp('2020-01-27 00:00:00'), 'volume': 5895300.0}, {'date': Timestamp('2020-01-06 00:00:00'), 'volume': 5219000.0}]",2026-08-10,10745389.0,77.45999908447266,0.3351639265005411,345
ABM,2663674594.075619,weekly,2025-12-13,9139400.0,240,1,11,"[{'date': Timestamp('2025-12-13 00:00:00'), 'volume': 9139400.0}, {'date': Timestamp('2024-06-15 00:00:00'), 'volume': 8049300.0}, {'date': Timestamp('2023-12-09 00:00:00'), 'volume': 6493700.0}, {'date': Timestamp('2023-07-29 00:00:00'), 'volume': 5793700.0}, {'date': Timestamp('2020-06-13 00:00:00'), 'volume': 5647100.0}, {'date': Timestamp('2020-03-21 00:00:00'), 'volume': 5396600.0}, {'date': Timestamp('2020-03-14 00:00:00'), 'volume': 3833600.0}, {'date': Timestamp('2020-02-29 00:00:00'), 'volume': 2932000.0}, {'date': Timestamp('2020-01-25 00:00:00'), 'volume': 2202300.0}, {'date': Timestamp('2020-01-11 00:00:00'), 'volume': 1477900.0}, {'date': Timestamp('2020-01-04 00:00:00'), 'volume': 1295200.0}]",2026-08-10,1497229.0,48.130001068115234,0.1638213668293323,346
CWST,6001579299.88411,weekly,2025-12-13,16374400.0,240,2,11,"[{'date': Timestamp('2025-12-13 00:00:00'), 'volume': 16374400.0}, {'date': Timestamp('2025-12-06 00:00:00'), 'volume': 7373200.0}, {'date': Timestamp('2024-09-14 00:00:00'), 'volume': 6128000.0}, {'date': Timestamp('2023-06-10 00:00:00'), 'volume': 5345300.0}, {'date': Timestamp('2022-03-05 00:00:00'), 'volume': 4693600.0}, {'date': Timestamp('2020-03-14 00:00:00'), 'volume': 4104700.0}, {'date': Timestamp('2020-03-07 00:00:00'), 'volume': 2877800.0}, {'date': Timestamp('2020-02-29 00:00:00'), 'volume': 2746300.0}, {'date': Timestamp('2020-02-22 00:00:00'), 'volume': 2370800.0}, {'date': Timestamp('2020-01-11 00:00:00'), 'volume': 1754000.0}, {'date': Timestamp('2020-01-04 00:00:00'), 'volume': 947200.0}]",2026-08-10,2247437.0,90.72000122070312,0.1372530901895642,346
RDNT,4776243091.434094,weekly,2025-12-13,10052000.0,240,1,10,"[{'date': Timestamp('2025-12-13 00:00:00'), 'volume': 10052000.0}, {'date': Timestamp('2025-08-09 00:00:00'), 'volume': 9432200.0}, {'date': Timestamp('2025-03-15 00:00:00'), 'volume': 6696400.0}, {'date': Timestamp('2023-06-17 00:00:00'), 'volume': 6597900.0}, {'date': Timestamp('2023-06-10 00:00:00'), 'volume': 6593500.0}, {'date': Timestamp('2020-03-14 00:00:00'), 'volume': 5265400.0}, {'date': Timestamp('2020-03-07 00:00:00'), 'volume': 2858500.0}, {'date': Timestamp('2020-01-25 00:00:00'), 'volume': 2558000.0}, {'date': Timestamp('2020-01-11 00:00:00'), 'volume': 1465500.0}, {'date': Timestamp('2020-01-04 00:00:00'), 'volume': 1124000.0}]",2026-08-10,5069842.0,76.3499984741211,0.5043615200955034,346
BCPC,5501270558.083555,weekly,2025-12-13,1958600.0,240,1,4,"[{'date': Timestamp('2025-12-13 00:00:00'), 'volume': 1958600.0}, {'date': Timestamp('2020-11-07 00:00:00'), 'volume': 1457900.0}, {'date': Timestamp('2020-03-14 00:00:00'), 'volume': 1359500.0}, {'date': Timestamp('2020-01-04 00:00:00'), 'volume': 716700.0}]",2026-08-10,722933.0,178.50999450683594,0.3691070152149494,346
WRBY,3588193371.984,weekly,2025-12-08,66401600.0,245,1,3,"[{'date': Timestamp('2025-12-08 00:00:00'), 'volume': 66401600.0}, {'date': Timestamp('2025-05-19 00:00:00'), 'volume': 28468200.0}, {'date': Timestamp('2021-09-27 00:00:00'), 'volume': 21869100.0}]",2026-08-10,13548185.0,25.90999984741211,0.2040340142406207,255
COLD,4556337884.310115,weekly,2025-12-08,46392800.0,245,4,13,"[{'date': Timestamp('2025-12-08 00:00:00'), 'volume': 46392800.0}, {'date': Timestamp('2025-11-17 00:00:00'), 'volume': 42288000.0}, {'date': Timestamp('2025-11-10 00:00:00'), 'volume': 41933500.0}, {'date': Timestamp('2025-09-08 00:00:00'), 'volume': 36286300.0}, {'date': Timestamp('2025-08-04 00:00:00'), 'volume': 32988500.0}, {'date': Timestamp('2024-02-26 00:00:00'), 'volume': 32185700.0}, {'date': Timestamp('2020-10-12 00:00:00'), 'volume': 25566800.0}, {'date': Timestamp('2020-03-16 00:00:00'), 'volume': 18438400.0}, {'date': Timestamp('2020-03-02 00:00:00'), 'volume': 14451300.0}, {'date': Timestamp('2020-02-24 00:00:00'), 'volume': 13179100.0}, {'date': Timestamp('2020-02-17 00:00:00'), 'volume': 11873200.0}, {'date': Timestamp('2020-01-27 00:00:00'), 'volume': 7954100.0}, {'date': Timestamp('2020-01-06 00:00:00'), 'volume': 7596300.0}]",2026-08-10,12025446.0,14.880000114440918,0.259209316962977,345
KYMR,8893689871.007729,weekly,2025-12-08,17557000.0,245,1,7,"[{'date': Timestamp('2025-12-08 00:00:00'), 'volume': 17557000.0}, {'date': Timestamp('2025-06-02 00:00:00'), 'volume': 13299400.0}, {'date': Timestamp('2022-12-12 00:00:00'), 'volume': 11664900.0}, {'date': Timestamp('2022-05-02 00:00:00'), 'volume': 8063700.0}, {'date': Timestamp('2021-06-28 00:00:00'), 'volume': 6367300.0}, {'date': Timestamp('2021-03-15 00:00:00'), 'volume': 4549400.0}, {'date': Timestamp('2020-08-17 00:00:00'), 'volume': 3875200.0}]",2026-08-10,2762404.0,117.38999938964844,0.1573391809534658,313
MTN,4915288420.396281,weekly,2025-12-06,7828100.0,247,1,6,"[{'date': Timestamp('2025-12-06 00:00:00'), 'volume': 7828100.0}, {'date': Timestamp('2023-09-09 00:00:00'), 'volume': 7612800.0}, {'date': Timestamp('2020-03-07 00:00:00'), 'volume': 7220600.0}, {'date': Timestamp('2020-02-29 00:00:00'), 'volume': 3622600.0}, {'date': Timestamp('2020-02-22 00:00:00'), 'volume': 2268300.0}, {'date': Timestamp('2020-01-04 00:00:00'), 'volume': 1989800.0}]",2026-08-10,2614939.0,148.3000030517578,0.3340451706033392,346
FIBK,3752629448.1693554,weekly,2025-12-01,21754100.0,252,1,10,"[{'date': Timestamp('2025-12-01 00:00:00'), 'volume': 21754100.0}, {'date': Timestamp('2022-01-31 00:00:00'), 'volume': 11125700.0}, {'date': Timestamp('2022-01-24 00:00:00'), 'volume': 6661400.0}, {'date': Timestamp('2021-09-13 00:00:00'), 'volume': 5177900.0}, {'date': Timestamp('2020-03-16 00:00:00'), 'volume': 2917800.0}, {'date': Timestamp('2020-03-09 00:00:00'), 'volume': 2092100.0}, {'date': Timestamp('2020-03-02 00:00:00'), 'volume': 2039800.0}, {'date': Timestamp('2020-02-24 00:00:00'), 'volume': 1256000.0}, {'date': Timestamp('2020-01-27 00:00:00'), 'volume': 908100.0}, {'date': Timestamp('2020-01-06 00:00:00'), 'volume': 733100.0}]",2026-08-10,5297260.0,39.16999816894531,0.2435062815745078,345
IMAX,2253450621.2121773,weekly,2025-11-29,16672200.0,254,1,10,"[{'date': Timestamp('2025-11-29 00:00:00'), 'volume': 16672200.0}, {'date': Timestamp('2020-03-14 00:00:00'), 'volume': 13962300.0}, {'date': Timestamp('2020-03-07 00:00:00'), 'volume': 9718400.0}, {'date': Timestamp('2020-02-29 00:00:00'), 'volume': 8546800.0}, {'date': Timestamp('2020-02-22 00:00:00'), 'volume': 6133200.0}, {'date': Timestamp('2020-02-15 00:00:00'), 'volume': 5040900.0}, {'date': Timestamp('2020-02-01 00:00:00'), 'volume': 4218000.0}, {'date': Timestamp('2020-01-25 00:00:00'), 'volume': 3958700.0}, {'date': Timestamp('2020-01-18 00:00:00'), 'volume': 2929000.0}, {'date': Timestamp('2020-01-04 00:00:00'), 'volume': 1550100.0}]",2026-08-10,7829935.0,52.880001068115234,0.4696401794604191,346
PTCT,7003412378.177139,weekly,2025-11-24,22047000.0,259,1,8,"[{'date': Timestamp('2025-11-24 00:00:00'), 'volume': 22047000.0}, {'date': Timestamp('2025-05-05 00:00:00'), 'volume': 15278600.0}, {'date': Timestamp('2023-09-11 00:00:00'), 'volume': 12099300.0}, {'date': Timestamp('2020-08-03 00:00:00'), 'volume': 10821100.0}, {'date': Timestamp('2020-03-16 00:00:00'), 'volume': 8444700.0}, {'date': Timestamp('2020-02-03 00:00:00'), 'volume': 7919900.0}, {'date': Timestamp('2020-01-13 00:00:00'), 'volume': 4385700.0}, {'date': Timestamp('2020-01-06 00:00:00'), 'volume': 4069900.0}]",2026-08-10,3615246.0,71.69999694824219,0.1639790447679956,345
TAP,7826054961.405032,weekly,2025-11-22,27037600.0,261,2,9,"[{'date': Timestamp('2025-11-22 00:00:00'), 'volume': 27037600.0}, {'date': Timestamp('2025-11-01 00:00:00'), 'volume': 21724100.0}, {'date': Timestamp('2023-04-29 00:00:00'), 'volume': 20014200.0}, {'date': Timestamp('2021-02-06 00:00:00'), 'volume': 19667200.0}, {'date': Timestamp('2020-10-31 00:00:00'), 'volume': 19627300.0}, {'date': Timestamp('2020-03-14 00:00:00'), 'volume': 19538200.0}, {'date': Timestamp('2020-03-07 00:00:00'), 'volume': 17030500.0}, {'date': Timestamp('2020-02-08 00:00:00'), 'volume': 14034000.0}, {'date': Timestamp('2020-01-04 00:00:00'), 'volume': 9180300.0}]",2026-08-10,11122858.0,42.77000045776367,0.4113848122614433,346
AGIO,2253974104.850828,weekly,2025-11-17,30411500.0,266,1,6,"[{'date': Timestamp('2025-11-17 00:00:00'), 'volume': 30411500.0}, {'date': Timestamp('2021-06-21 00:00:00'), 'volume': 10567200.0}, {'date': Timestamp('2020-12-21 00:00:00'), 'volume': 8488500.0}, {'date': Timestamp('2020-12-07 00:00:00'), 'volume': 7188200.0}, {'date': Timestamp('2020-01-13 00:00:00'), 'volume': 6245400.0}, {'date': Timestamp('2020-01-06 00:00:00'), 'volume': 3452800.0}]",2026-08-10,5338585.0,33.560001373291016,0.1755449418805386,345
HNGE,6110708717.702822,weekly,2025-11-17,20597900.0,266,2,3,"[{'date': Timestamp('2025-11-17 00:00:00'), 'volume': 20597900.0}, {'date': Timestamp('2025-11-03 00:00:00'), 'volume': 15117700.0}, {'date': Timestamp('2025-05-19 00:00:00'), 'volume': 11994700.0}]",2026-08-10,8926403.0,88.48999786376953,0.4333647119366537,65
OSIS,3598050174.0600195,weekly,2025-11-15,3304200.0,268,1,7,"[{'date': Timestamp('2025-11-15 00:00:00'), 'volume': 3304200.0}, {'date': Timestamp('2025-03-08 00:00:00'), 'volume': 2579300.0}, {'date': Timestamp('2025-03-01 00:00:00'), 'volume': 1937400.0}, {'date': Timestamp('2024-07-13 00:00:00'), 'volume': 1868500.0}, {'date': Timestamp('2020-01-25 00:00:00'), 'volume': 1504800.0}, {'date': Timestamp('2020-01-18 00:00:00'), 'volume': 720500.0}, {'date': Timestamp('2020-01-04 00:00:00'), 'volume': 501800.0}]",2026-08-10,990431.0,228.2700042724609,0.2997491071969009,346
AIN,2166635900.394085,weekly,2025-11-15,3973800.0,268,2,8,"[{'date': Timestamp('2025-11-15 00:00:00'), 'volume': 3973800.0}, {'date': Timestamp('2025-11-01 00:00:00'), 'volume': 3492900.0}, {'date': Timestamp('2025-07-26 00:00:00'), 'volume': 3164300.0}, {'date': Timestamp('2020-03-07 00:00:00'), 'volume': 2544300.0}, {'date': Timestamp('2020-02-22 00:00:00'), 'volume': 1954400.0}, {'date': Timestamp('2020-01-18 00:00:00'), 'volume': 1645700.0}, {'date': Timestamp('2020-01-11 00:00:00'), 'volume': 1349600.0}, {'date': Timestamp('2020-01-04 00:00:00'), 'volume': 718100.0}]",2026-08-10,1735643.0,64.87000274658203,0.4367716040062409,346
SGRY,2069068731.5174644,weekly,2025-11-10,29717300.0,273,1,8,"[{'date': Timestamp('2025-11-10 00:00:00'), 'volume': 29717300.0}, {'date': Timestamp('2025-01-27 00:00:00'), 'volume': 20522000.0}, {'date': Timestamp('2020-04-13 00:00:00'), 'volume': 14333500.0}, {'date': Timestamp('2020-03-16 00:00:00'), 'volume': 4954600.0}, {'date': Timestamp('2020-03-09 00:00:00'), 'volume': 4135100.0}, {'date': Timestamp('2020-03-02 00:00:00'), 'volume': 3700000.0}, {'date': Timestamp('2020-01-13 00:00:00'), 'volume': 3371000.0}, {'date': Timestamp('2020-01-06 00:00:00'), 'volume': 1488600.0}]",2026-08-10,13289974.0,15.029999732971191,0.4472133740279231,345
BHF,3627701426.254783,weekly,2025-11-03,23778200.0,280,2,6,"[{'date': Timestamp('2025-11-03 00:00:00'), 'volume': 23778200.0}, {'date': Timestamp('2025-09-15 00:00:00'), 'volume': 13764000.0}, {'date': Timestamp('2020-03-16 00:00:00'), 'volume': 13141900.0}, {'date': Timestamp('2020-03-09 00:00:00'), 'volume': 12230700.0}, {'date': Timestamp('2020-02-10 00:00:00'), 'volume': 8682200.0}, {'date': Timestamp('2020-01-06 00:00:00'), 'volume': 5141100.0}]",2026-08-10,4339698.0,58.68000030517578,0.1825074227653901,345
PRMB,9053570425.3763,weekly,2025-11-01,85554400.0,282,1,6,"[{'date': Timestamp('2025-11-01 00:00:00'), 'volume': 85554400.0}, {'date': Timestamp('2025-06-21 00:00:00'), 'volume': 73596600.0}, {'date': Timestamp('2025-03-08 00:00:00'), 'volume': 49188900.0}, {'date': Timestamp('2020-06-20 00:00:00'), 'volume': 37154100.0}, {'date': Timestamp('2020-01-11 00:00:00'), 'volume': 23078100.0}, {'date': Timestamp('2020-01-04 00:00:00'), 'volume': 5137300.0}]",2026-08-10,24270227.0,24.700000762939453,0.2836818094685954,346
NOVT,5610648029.585177,weekly,2025-11-01,8708400.0,282,1,7,"[{'date': Timestamp('2025-11-01 00:00:00'), 'volume': 8708400.0}, {'date': Timestamp('2022-07-23 00:00:00'), 'volume': 8108800.0}, {'date': Timestamp('2022-07-16 00:00:00'), 'volume': 2655300.0}, {'date': Timestamp('2020-03-14 00:00:00'), 'volume': 1417800.0}, {'date': Timestamp('2020-02-22 00:00:00'), 'volume': 939600.0}, {'date': Timestamp('2020-01-11 00:00:00'), 'volume': 760300.0}, {'date': Timestamp('2020-01-04 00:00:00'), 'volume': 479700.0}]",2026-08-10,1752636.0,166.5800018310547,0.2012580956318037,346
TREX,5165844680.117647,weekly,2025-11-01,44123600.0,282,1,8,"[{'date': Timestamp('2025-11-01 00:00:00'), 'volume': 44123600.0}, {'date': Timestamp('2020-06-20 00:00:00'), 'volume': 20630000.0}, {'date': Timestamp('2020-05-02 00:00:00'), 'volume': 14433800.0}, {'date': Timestamp('2020-03-14 00:00:00'), 'volume': 12485000.0}, {'date': Timestamp('2020-02-22 00:00:00'), 'volume': 12038600.0}, {'date': Timestamp('2020-02-15 00:00:00'), 'volume': 5114600.0}, {'date': Timestamp('2020-01-11 00:00:00'), 'volume': 4610200.0}, {'date': Timestamp('2020-01-04 00:00:00'), 'volume': 4493000.0}]",2026-08-10,9127680.0,49.630001068115234,0.2068661668585519,346
ATR,8040083468.589575,weekly,2025-11-01,5164500.0,282,2,6,"[{'date': Timestamp('2025-11-01 00:00:00'), 'volume': 5164500.0}, {'date': Timestamp('2025-10-25 00:00:00'), 'volume': 5047100.0}, {'date': Timestamp('2020-03-07 00:00:00'), 'volume': 3264300.0}, {'date': Timestamp('2020-02-22 00:00:00'), 'volume': 2955100.0}, {'date': Timestamp('2020-02-15 00:00:00'), 'volume': 1659500.0}, {'date': Timestamp('2020-01-04 00:00:00'), 'volume': 1374000.0}]",2026-08-10,2194520.0,132.10000610351562,0.4249240003872592,346
EMN,8085685764.130859,weekly,2025-11-01,42909700.0,282,1,9,"[{'date': Timestamp('2025-11-01 00:00:00'), 'volume': 42909700.0}, {'date': Timestamp('2025-07-26 00:00:00'), 'volume': 15230600.0}, {'date': Timestamp('2025-05-24 00:00:00'), 'volume': 14822500.0}, {'date': Timestamp('2025-04-05 00:00:00'), 'volume': 13525500.0}, {'date': Timestamp('2022-09-10 00:00:00'), 'volume': 12985400.0}, {'date': Timestamp('2020-03-07 00:00:00'), 'volume': 12893300.0}, {'date': Timestamp('2020-02-22 00:00:00'), 'volume': 9913200.0}, {'date': Timestamp('2020-01-25 00:00:00'), 'volume': 9596900.0}, {'date': Timestamp('2020-01-04 00:00:00'), 'volume': 5393700.0}]",2026-08-10,4150971.0,74.06999969482422,0.0967373577536081,346
LRN,3704764201.025665,weekly,2025-10-27,39295700.0,287,1,8,"[{'date': Timestamp('2025-10-27 00:00:00'), 'volume': 39295700.0}, {'date': Timestamp('2020-07-13 00:00:00'), 'volume': 28342700.0}, {'date': Timestamp('2020-03-09 00:00:00'), 'volume': 6798500.0}, {'date': Timestamp('2020-03-02 00:00:00'), 'volume': 4057900.0}, {'date': Timestamp('2020-02-24 00:00:00'), 'volume': 4013900.0}, {'date': Timestamp('2020-01-27 00:00:00'), 'volume': 3295600.0}, {'date': Timestamp('2020-01-13 00:00:00'), 'volume': 1812000.0}, {'date': Timestamp('2020-01-06 00:00:00'), 'volume': 1198300.0}]",2026-08-10,5357135.0,83.36000061035156,0.136328784065432,345
VRNS,4627010327.564833,weekly,2025-10-27,50008300.0,287,1,8,"[{'date': Timestamp('2025-10-27 00:00:00'), 'volume': 50008300.0}, {'date': Timestamp('2022-10-31 00:00:00'), 'volume': 24815400.0}, {'date': Timestamp('2021-02-08 00:00:00'), 'volume': 16359600.0}, {'date': Timestamp('2020-05-04 00:00:00'), 'volume': 14648400.0}, {'date': Timestamp('2020-03-16 00:00:00'), 'volume': 7836900.0}, {'date': Timestamp('2020-02-10 00:00:00'), 'volume': 7396800.0}, {'date': Timestamp('2020-01-13 00:00:00'), 'volume': 5169900.0}, {'date': Timestamp('2020-01-06 00:00:00'), 'volume': 2834700.0}]",2026-08-10,5690894.0,44.9900016784668,0.1137989893677649,345
NTLA,2330567643.510917,weekly,2025-10-27,114979700.0,287,1,9,"[{'date': Timestamp('2025-10-27 00:00:00'), 'volume': 114979700.0}, {'date': Timestamp('2021-06-28 00:00:00'), 'volume': 63811500.0}, {'date': Timestamp('2020-06-01 00:00:00'), 'volume': 12075400.0}, {'date': Timestamp('2020-05-11 00:00:00'), 'volume': 6444300.0}, {'date': Timestamp('2020-03-09 00:00:00'), 'volume': 5618300.0}, {'date': Timestamp('2020-03-02 00:00:00'), 'volume': 5524300.0}, {'date': Timestamp('2020-02-24 00:00:00'), 'volume': 4467200.0}, {'date': Timestamp('2020-01-13 00:00:00'), 'volume': 3770200.0}, {'date': Timestamp('2020-01-06 00:00:00'), 'volume': 2601400.0}]",2026-08-10,15262491.0,11.90999984741211,0.1327407446705809,345
SFM,7724799409.665813,weekly,2025-10-27,27202000.0,287,1,6,"[{'date': Timestamp('2025-10-27 00:00:00'), 'volume': 27202000.0}, {'date': Timestamp('2021-06-21 00:00:00'), 'volume': 24745500.0}, {'date': Timestamp('2020-03-16 00:00:00'), 'volume': 22253500.0}, {'date': Timestamp('2020-02-17 00:00:00'), 'volume': 16145300.0}, {'date': Timestamp('2020-01-27 00:00:00'), 'volume': 11640200.0}, {'date': Timestamp('2020-01-06 00:00:00'), 'volume': 9159500.0}]",2026-08-10,6342302.0,82.5,0.233155723843835,345
KMX,7487229168.24121,weekly,2025-10-25,54857300.0,289,2,9,"[{'date': Timestamp('2025-10-25 00:00:00'), 'volume': 54857300.0}, {'date': Timestamp('2025-09-20 00:00:00'), 'volume': 50686600.0}, {'date': Timestamp('2025-04-05 00:00:00'), 'volume': 41914800.0}, {'date': Timestamp('2022-12-17 00:00:00'), 'volume': 36368300.0}, {'date': Timestamp('2022-09-24 00:00:00'), 'volume': 29120300.0}, {'date': Timestamp('2020-03-14 00:00:00'), 'volume': 20492400.0}, {'date': Timestamp('2020-03-07 00:00:00'), 'volume': 12392500.0}, {'date': Timestamp('2020-02-29 00:00:00'), 'volume': 8060700.0}, {'date': Timestamp('2020-01-04 00:00:00'), 'volume': 7403600.0}]",2026-08-10,8943944.0,59.91999816894531,0.1630401787911545,346
ARE,9623161152.726591,weekly,2025-10-25,32417100.0,289,1,5,"[{'date': Timestamp('2025-10-25 00:00:00'), 'volume': 32417100.0}, {'date': Timestamp('2025-04-05 00:00:00'), 'volume': 16336400.0}, {'date': Timestamp('2023-03-11 00:00:00'), 'volume': 15443800.0}, {'date': Timestamp('2020-06-13 00:00:00'), 'volume': 12651500.0}, {'date': Timestamp('2020-01-04 00:00:00'), 'volume': 10187800.0}]",2026-08-10,8710465.0,48.13999938964844,0.2686996986158539,346
KEX,7317730160.917646,weekly,2025-10-25,8797100.0,289,1,6,"[{'date': Timestamp('2025-10-25 00:00:00'), 'volume': 8797100.0}, {'date': Timestamp('2025-07-26 00:00:00'), 'volume': 7493800.0}, {'date': Timestamp('2020-03-07 00:00:00'), 'volume': 6855600.0}, {'date': Timestamp('2020-01-25 00:00:00'), 'volume': 4880500.0}, {'date': Timestamp('2020-01-18 00:00:00'), 'volume': 2198700.0}, {'date': Timestamp('2020-01-04 00:00:00'), 'volume': 1686300.0}]",2026-08-10,2529805.0,138.6199951171875,0.2875726091552898,346
PDI,7601959080.0,weekly,2025-10-20,35069000.0,294,1,17,"[{'date': Timestamp('2025-10-20 00:00:00'), 'volume': 35069000.0}, {'date': Timestamp('2025-04-07 00:00:00'), 'volume': 30231900.0}, {'date': Timestamp('2025-03-31 00:00:00'), 'volume': 25876600.0}, {'date': Timestamp('2024-10-14 00:00:00'), 'volume': 18561800.0}, {'date': Timestamp('2024-10-07 00:00:00'), 'volume': 12812100.0}, {'date': Timestamp('2024-08-05 00:00:00'), 'volume': 11157100.0}, {'date': Timestamp('2023-10-16 00:00:00'), 'volume': 10695400.0}, {'date': Timestamp('2022-12-12 00:00:00'), 'volume': 8357100.0}, {'date': Timestamp('2022-06-13 00:00:00'), 'volume': 8211500.0}, {'date': Timestamp('2021-12-27 00:00:00'), 'volume': 7838100.0}, {'date': Timestamp('2021-12-13 00:00:00'), 'volume': 5931400.0}, {'date': Timestamp('2020-10-05 00:00:00'), 'volume': 5757400.0}, {'date': Timestamp('2020-03-23 00:00:00'), 'volume': 5295400.0}, {'date': Timestamp('2020-03-16 00:00:00'), 'volume': 5242300.0}, {'date': Timestamp('2020-02-24 00:00:00'), 'volume': 4563100.0}, {'date': Timestamp('2020-02-10 00:00:00'), 'volume': 1029400.0}, {'date': Timestamp('2020-01-06 00:00:00'), 'volume': 968300.0}]",2026-08-10,17833472.0,15.75,0.5085252502209929,345
GOF,2249776230.0,weekly,2025-10-20,22424400.0,294,1,8,"[{'date': Timestamp('2025-10-20 00:00:00'), 'volume': 22424400.0}, {'date': Timestamp('2023-10-16 00:00:00'), 'volume': 17156700.0}, {'date': Timestamp('2023-10-02 00:00:00'), 'volume': 6026500.0}, {'date': Timestamp('2021-04-19 00:00:00'), 'volume': 5558100.0}, {'date': Timestamp('2020-03-16 00:00:00'), 'volume': 3951500.0}, {'date': Timestamp('2020-02-24 00:00:00'), 'volume': 3201900.0}, {'date': Timestamp('2020-01-13 00:00:00'), 'volume': 1194800.0}, {'date': Timestamp('2020-01-06 00:00:00'), 'volume': 1132000.0}]",2026-08-10,6810206.0,10.460000038146973,0.303696241593978,345
GNTX,5462214876.356228,weekly,2025-10-18,29150400.0,296,1,5,"[{'date': Timestamp('2025-10-18 00:00:00'), 'volume': 29150400.0}, {'date': Timestamp('2025-04-05 00:00:00'), 'volume': 19844300.0}, {'date': Timestamp('2020-03-14 00:00:00'), 'volume': 16216200.0}, {'date': Timestamp('2020-03-07 00:00:00'), 'volume': 15695400.0}, {'date': Timestamp('2020-01-04 00:00:00'), 'volume': 10112400.0}]",2026-08-10,11653054.0,23.8700008392334,0.3997562297601405,346
NVTS,4043237933.853108,weekly,2025-10-13,673105500.0,301,1,11,"[{'date': Timestamp('2025-10-13 00:00:00'), 'volume': 673105500.0}, {'date': Timestamp('2025-05-26 00:00:00'), 'volume': 561596400.0}, {'date': Timestamp('2025-05-19 00:00:00'), 'volume': 420098600.0}, {'date': Timestamp('2024-12-09 00:00:00'), 'volume': 60510200.0}, {'date': Timestamp('2024-12-02 00:00:00'), 'volume': 56920800.0}, {'date': Timestamp('2024-02-26 00:00:00'), 'volume': 35165700.0}, {'date': Timestamp('2023-05-22 00:00:00'), 'volume': 28131800.0}, {'date': Timestamp('2023-05-15 00:00:00'), 'volume': 21662000.0}, {'date': Timestamp('2021-11-08 00:00:00'), 'volume': 17484400.0}, {'date': Timestamp('2021-11-01 00:00:00'), 'volume': 7949900.0}, {'date': Timestamp('2021-10-18 00:00:00'), 'volume': 2529400.0}]",2026-08-10,81059102.0,14.449999809265137,0.1204255529036681,252
GRND,2548590670.79646,weekly,2025-10-13,29090900.0,301,1,11,"[{'date': Timestamp('2025-10-13 00:00:00'), 'volume': 29090900.0}, {'date': Timestamp('2025-03-03 00:00:00'), 'volume': 16783100.0}, {'date': Timestamp('2024-06-24 00:00:00'), 'volume': 11334200.0}, {'date': Timestamp('2022-11-28 00:00:00'), 'volume': 11307500.0}, {'date': Timestamp('2022-11-21 00:00:00'), 'volume': 8409500.0}, {'date': Timestamp('2022-05-09 00:00:00'), 'volume': 5929400.0}, {'date': Timestamp('2021-03-01 00:00:00'), 'volume': 1308700.0}, {'date': Timestamp('2021-02-22 00:00:00'), 'volume': 1307900.0}, {'date': Timestamp('2021-01-25 00:00:00'), 'volume': 1178400.0}, {'date': Timestamp('2021-01-18 00:00:00'), 'volume': 552100.0}, {'date': Timestamp('2021-01-11 00:00:00'), 'volume': 464300.0}]",2026-08-10,9613660.0,16.010000228881836,0.3304696657717705,292
JOBY,8685566547.177002,weekly,2025-10-13,341961000.0,301,1,13,"[{'date': Timestamp('2025-10-13 00:00:00'), 'volume': 341961000.0}, {'date': Timestamp('2025-07-14 00:00:00'), 'volume': 298214100.0}, {'date': Timestamp('2025-06-09 00:00:00'), 'volume': 194257600.0}, {'date': Timestamp('2023-06-26 00:00:00'), 'volume': 179776300.0}, {'date': Timestamp('2022-02-14 00:00:00'), 'volume': 49622500.0}, {'date': Timestamp('2021-02-22 00:00:00'), 'volume': 46024900.0}, {'date': Timestamp('2021-02-08 00:00:00'), 'volume': 17206400.0}, {'date': Timestamp('2021-02-01 00:00:00'), 'volume': 6387400.0}, {'date': Timestamp('2021-01-18 00:00:00'), 'volume': 4939100.0}, {'date': Timestamp('2021-01-11 00:00:00'), 'volume': 3815400.0}, {'date': Timestamp('2020-12-07 00:00:00'), 'volume': 2904500.0}, {'date': Timestamp('2020-11-16 00:00:00'), 'volume': 1024100.0}, {'date': Timestamp('2020-11-09 00:00:00'), 'volume': 59900.0}]",2026-08-10,196774496.0,7.920000076293945,0.5754296425615787,301
POWI,4422495158.118264,weekly,2025-10-11,21504600.0,303,1,8,"[{'date': Timestamp('2025-10-11 00:00:00'), 'volume': 21504600.0}, {'date': Timestamp('2021-12-11 00:00:00'), 'volume': 13841900.0}, {'date': Timestamp('2020-03-14 00:00:00'), 'volume': 4738600.0}, {'date': Timestamp('2020-02-22 00:00:00'), 'volume': 4079800.0}, {'date': Timestamp('2020-02-01 00:00:00'), 'volume': 3079800.0}, {'date': Timestamp('2020-01-25 00:00:00'), 'volume': 2528600.0}, {'date': Timestamp('2020-01-11 00:00:00'), 'volume': 1875600.0}, {'date': Timestamp('2020-01-04 00:00:00'), 'volume': 1596600.0}]",2026-08-10,2735727.0,62.75,0.1272158979939175,346
VLY,8156815087.415427,weekly,2025-10-11,99678400.0,303,1,12,"[{'date': Timestamp('2025-10-11 00:00:00'), 'volume': 99678400.0}, {'date': Timestamp('2025-04-05 00:00:00'), 'volume': 96014200.0}, {'date': Timestamp('2023-04-29 00:00:00'), 'volume': 89972600.0}, {'date': Timestamp('2023-03-11 00:00:00'), 'volume': 60057500.0}, {'date': Timestamp('2023-03-04 00:00:00'), 'volume': 29843700.0}, {'date': Timestamp('2021-03-13 00:00:00'), 'volume': 26307600.0}, {'date': Timestamp('2020-03-14 00:00:00'), 'volume': 23620700.0}, {'date': Timestamp('2020-03-07 00:00:00'), 'volume': 19016300.0}, {'date': Timestamp('2020-02-22 00:00:00'), 'volume': 15278200.0}, {'date': Timestamp('2020-01-25 00:00:00'), 'volume': 13034900.0}, {'date': Timestamp('2020-01-11 00:00:00'), 'volume': 11554900.0}, {'date': Timestamp('2020-01-04 00:00:00'), 'volume': 9200100.0}]",2026-08-10,29134527.0,15.010000228881836,0.2922852593942118,346
FNB,6848745760.687565,weekly,2025-10-11,143834700.0,303,3,11,"[{'date': Timestamp('2025-10-11 00:00:00'), 'volume': 143834700.0}, {'date': Timestamp('2025-10-04 00:00:00'), 'volume': 57186200.0}, {'date': Timestamp('2025-08-16 00:00:00'), 'volume': 56872000.0}, {'date': Timestamp('2025-07-26 00:00:00'), 'volume': 41424100.0}, {'date': Timestamp('2025-07-19 00:00:00'), 'volume': 37896400.0}, {'date': Timestamp('2023-03-11 00:00:00'), 'volume': 33287900.0}, {'date': Timestamp('2020-03-14 00:00:00'), 'volume': 24032900.0}, {'date': Timestamp('2020-03-07 00:00:00'), 'volume': 17543900.0}, {'date': Timestamp('2020-02-22 00:00:00'), 'volume': 16495800.0}, {'date': Timestamp('2020-01-11 00:00:00'), 'volume': 11779300.0}, {'date': Timestamp('2020-01-04 00:00:00'), 'volume': 6498100.0}]",2026-08-10,16079723.0,19.479999542236328,0.1117930721863361,346
BULL,3627003393.619048,weekly,2025-10-06,358550400.0,308,1,15,"[{'date': Timestamp('2025-10-06 00:00:00'), 'volume': 358550400.0}, {'date': Timestamp('2025-07-21 00:00:00'), 'volume': 127028900.0}, {'date': Timestamp('2025-07-14 00:00:00'), 'volume': 107053800.0}, {'date': Timestamp('2025-06-30 00:00:00'), 'volume': 93424100.0}, {'date': Timestamp('2025-05-19 00:00:00'), 'volume': 68055000.0}, {'date': Timestamp('2025-05-05 00:00:00'), 'volume': 65007200.0}, {'date': Timestamp('2025-04-14 00:00:00'), 'volume': 62112000.0}, {'date': Timestamp('2023-12-18 00:00:00'), 'volume': 5630300.0}, {'date': Timestamp('2023-11-27 00:00:00'), 'volume': 1503400.0}, {'date': Timestamp('2023-04-10 00:00:00'), 'volume': 1228900.0}, {'date': Timestamp('2023-01-09 00:00:00'), 'volume': 991300.0}, {'date': Timestamp('2023-01-02 00:00:00'), 'volume': 711100.0}, {'date': Timestamp('2022-10-24 00:00:00'), 'volume': 641300.0}, {'date': Timestamp('2022-10-03 00:00:00'), 'volume': 545000.0}, {'date': Timestamp('2022-08-22 00:00:00'), 'volume': 278700.0}]",2026-08-10,55505679.0,8.039999961853027,0.1548057929931189,208
ETSY,7405701701.819305,weekly,2025-09-29,63764000.0,315,1,8,"[{'date': Timestamp('2025-09-29 00:00:00'), 'volume': 63764000.0}, {'date': Timestamp('2024-09-16 00:00:00'), 'volume': 52223000.0}, {'date': Timestamp('2022-05-02 00:00:00'), 'volume': 44617400.0}, {'date': Timestamp('2020-09-14 00:00:00'), 'volume': 41471000.0}, {'date': Timestamp('2020-08-03 00:00:00'), 'volume': 34024000.0}, {'date': Timestamp('2020-02-24 00:00:00'), 'volume': 33313000.0}, {'date': Timestamp('2020-01-13 00:00:00'), 'volume': 15945800.0}, {'date': Timestamp('2020-01-06 00:00:00'), 'volume': 11653300.0}]",2026-08-10,13650251.0,79.9000015258789,0.214074571858729,345
AIR,5691857494.433037,weekly,2025-09-27,6465800.0,317,2,7,"[{'date': Timestamp('2025-09-27 00:00:00'), 'volume': 6465800.0}, {'date': Timestamp('2025-09-20 00:00:00'), 'volume': 5207500.0}, {'date': Timestamp('2020-03-14 00:00:00'), 'volume': 4972100.0}, {'date': Timestamp('2020-03-07 00:00:00'), 'volume': 2212400.0}, {'date': Timestamp('2020-02-29 00:00:00'), 'volume': 1448800.0}, {'date': Timestamp('2020-02-22 00:00:00'), 'volume': 1126600.0}, {'date': Timestamp('2020-01-04 00:00:00'), 'volume': 1061500.0}]",2026-08-10,1349346.0,145.25,0.208689721302855,346
MBX,2489826960.3585467,weekly,2025-09-22,41350900.0,322,1,3,"[{'date': Timestamp('2025-09-22 00:00:00'), 'volume': 41350900.0}, {'date': Timestamp('2024-12-16 00:00:00'), 'volume': 4180700.0}, {'date': Timestamp('2024-09-09 00:00:00'), 'volume': 1828000.0}]",2026-08-10,1998034.0,68.56999969482422,0.0483189966844736,101
EQX,7662220554.908751,weekly,2025-09-16,140200700.0,328,1,16,"[{'date': Timestamp('2025-09-16 00:00:00'), 'volume': 140200700.0}, {'date': Timestamp('2025-06-10 00:00:00'), 'volume': 103684800.0}, {'date': Timestamp('2025-06-03 00:00:00'), 'volume': 99046000.0}, {'date': Timestamp('2025-04-08 00:00:00'), 'volume': 88077100.0}, {'date': Timestamp('2025-04-01 00:00:00'), 'volume': 86349600.0}, {'date': Timestamp('2025-03-11 00:00:00'), 'volume': 61656300.0}, {'date': Timestamp('2024-04-23 00:00:00'), 'volume': 53060300.0}, {'date': Timestamp('2023-09-19 00:00:00'), 'volume': 36762800.0}, {'date': Timestamp('2020-04-14 00:00:00'), 'volume': 27292500.0}, {'date': Timestamp('2020-04-07 00:00:00'), 'volume': 10857400.0}, {'date': Timestamp('2020-03-17 00:00:00'), 'volume': 8414900.0}, {'date': Timestamp('2020-03-10 00:00:00'), 'volume': 8132700.0}, {'date': Timestamp('2020-02-25 00:00:00'), 'volume': 4303500.0}, {'date': Timestamp('2020-02-18 00:00:00'), 'volume': 3146000.0}, {'date': Timestamp('2020-01-14 00:00:00'), 'volume': 2164800.0}, {'date': Timestamp('2020-01-07 00:00:00'), 'volume': 1346100.0}]",2026-08-10,70828077.0,11.600000381469728,0.5051906088913964,346
QTWO,2999186275.8079014,weekly,2025-09-15,18825000.0,329,1,10,"[{'date': Timestamp('2025-09-15 00:00:00'), 'volume': 18825000.0}, {'date': Timestamp('2023-03-13 00:00:00'), 'volume': 11849000.0}, {'date': Timestamp('2022-05-16 00:00:00'), 'volume': 7951100.0}, {'date': Timestamp('2020-05-11 00:00:00'), 'volume': 5971000.0}, {'date': Timestamp('2020-03-09 00:00:00'), 'volume': 5008500.0}, {'date': Timestamp('2020-02-24 00:00:00'), 'volume': 3220900.0}, {'date': Timestamp('2020-02-17 00:00:00'), 'volume': 2871500.0}, {'date': Timestamp('2020-02-03 00:00:00'), 'volume': 2099300.0}, {'date': Timestamp('2020-01-27 00:00:00'), 'volume': 1608700.0}, {'date': Timestamp('2020-01-06 00:00:00'), 'volume': 1494800.0}]",2026-08-10,3494550.0,64.7300033569336,0.1856334661354581,345
UNIT,2687969348.858639,weekly,2025-09-15,24782400.0,329,3,14,"[{'date': Timestamp('2025-09-15 00:00:00'), 'volume': 24782400.0}, {'date': Timestamp('2025-09-08 00:00:00'), 'volume': 21184400.0}, {'date': Timestamp('2025-08-25 00:00:00'), 'volume': 20450100.0}, {'date': Timestamp('2024-05-06 00:00:00'), 'volume': 20332550.0}, {'date': Timestamp('2023-03-13 00:00:00'), 'volume': 19335097.0}, {'date': Timestamp('2022-12-05 00:00:00'), 'volume': 18543346.0}, {'date': Timestamp('2020-12-14 00:00:00'), 'volume': 18218266.0}, {'date': Timestamp('2020-03-09 00:00:00'), 'volume': 15873355.0}, {'date': Timestamp('2020-02-17 00:00:00'), 'volume': 11917313.0}, {'date': Timestamp('2020-02-10 00:00:00'), 'volume': 10812703.0}, {'date': Timestamp('2020-02-03 00:00:00'), 'volume': 8889012.0}, {'date': Timestamp('2020-01-20 00:00:00'), 'volume': 8498494.0}, {'date': Timestamp('2020-01-13 00:00:00'), 'volume': 7274266.0}, {'date': Timestamp('2020-01-06 00:00:00'), 'volume': 5665542.0}]",2026-08-10,8367571.0,10.010000228881836,0.3376416731228613,345
UEC,5344621732.351275,weekly,2025-09-15,119216400.0,329,1,12,"[{'date': Timestamp('2025-09-15 00:00:00'), 'volume': 119216400.0}, {'date': Timestamp('2022-03-07 00:00:00'), 'volume': 113354200.0}, {'date': Timestamp('2021-03-15 00:00:00'), 'volume': 97992500.0}, {'date': Timestamp('2021-02-08 00:00:00'), 'volume': 37212500.0}, {'date': Timestamp('2020-12-14 00:00:00'), 'volume': 27006600.0}, {'date': Timestamp('2020-12-07 00:00:00'), 'volume': 24270200.0}, {'date': Timestamp('2020-04-20 00:00:00'), 'volume': 18452900.0}, {'date': Timestamp('2020-03-02 00:00:00'), 'volume': 16070300.0}, {'date': Timestamp('2020-02-24 00:00:00'), 'volume': 9666400.0}, {'date': Timestamp('2020-02-10 00:00:00'), 'volume': 6379400.0}, {'date': Timestamp('2020-01-27 00:00:00'), 'volume': 5768900.0}, {'date': Timestamp('2020-01-06 00:00:00'), 'volume': 2682800.0}]",2026-08-10,32598014.0,11.210000038146973,0.2734356514707708,345
WAY,3817076460.200422,weekly,2025-09-15,39679700.0,329,1,3,"[{'date': Timestamp('2025-09-15 00:00:00'), 'volume': 39679700.0}, {'date': Timestamp('2025-02-17 00:00:00'), 'volume': 23056900.0}, {'date': Timestamp('2024-06-03 00:00:00'), 'volume': 15748200.0}]",2026-08-10,11557195.0,24.780000686645508,0.2912621567199349,115
NE,6115395756.119223,weekly,2025-09-15,37912000.0,329,1,14,"[{'date': Timestamp('2025-09-15 00:00:00'), 'volume': 37912000.0}, {'date': Timestamp('2025-04-07 00:00:00'), 'volume': 25462300.0}, {'date': Timestamp('2025-03-03 00:00:00'), 'volume': 23423300.0}, {'date': Timestamp('2024-11-04 00:00:00'), 'volume': 18133800.0}, {'date': Timestamp('2024-09-02 00:00:00'), 'volume': 17893600.0}, {'date': Timestamp('2023-03-13 00:00:00'), 'volume': 17162900.0}, {'date': Timestamp('2022-09-12 00:00:00'), 'volume': 13566800.0}, {'date': Timestamp('2022-06-20 00:00:00'), 'volume': 10088500.0}, {'date': Timestamp('2022-03-07 00:00:00'), 'volume': 5082200.0}, {'date': Timestamp('2021-09-13 00:00:00'), 'volume': 5078700.0}, {'date': Timestamp('2021-09-06 00:00:00'), 'volume': 2318200.0}, {'date': Timestamp('2021-07-12 00:00:00'), 'volume': 2308700.0}, {'date': Timestamp('2021-06-14 00:00:00'), 'volume': 1089500.0}, {'date': Timestamp('2021-06-07 00:00:00'), 'volume': 514600.0}]",2026-08-10,5395753.0,45.09999847412109,0.1423230903144123,271
KTOS,8852818623.124784,weekly,2025-09-13,52699800.0,331,1,8,"[{'date': Timestamp('2025-09-13 00:00:00'), 'volume': 52699800.0}, {'date': Timestamp('2025-03-15 00:00:00'), 'volume': 47533400.0}, {'date': Timestamp('2025-03-08 00:00:00'), 'volume': 20274100.0}, {'date': Timestamp('2025-01-11 00:00:00'), 'volume': 17681000.0}, {'date': Timestamp('2021-06-26 00:00:00'), 'volume': 17126400.0}, {'date': Timestamp('2020-07-18 00:00:00'), 'volume': 16770600.0}, {'date': Timestamp('2020-02-22 00:00:00'), 'volume': 12774300.0}, {'date': Timestamp('2020-01-04 00:00:00'), 'volume': 7338400.0}]",2026-08-10,24423461.0,64.58000183105469,0.4634450415371595,346
PL,9647816243.766125,weekly,2025-09-08,181710200.0,336,1,13,"[{'date': Timestamp('2025-09-08 00:00:00'), 'volume': 181710200.0}, {'date': Timestamp('2025-06-02 00:00:00'), 'volume': 104446300.0}, {'date': Timestamp('2025-01-27 00:00:00'), 'volume': 64760500.0}, {'date': Timestamp('2024-12-02 00:00:00'), 'volume': 50806300.0}, {'date': Timestamp('2022-01-10 00:00:00'), 'volume': 39482500.0}, {'date': Timestamp('2021-12-13 00:00:00'), 'volume': 32095800.0}, {'date': Timestamp('2021-11-29 00:00:00'), 'volume': 23757300.0}, {'date': Timestamp('2021-11-15 00:00:00'), 'volume': 19861700.0}, {'date': Timestamp('2021-11-08 00:00:00'), 'volume': 10631400.0}, {'date': Timestamp('2021-07-05 00:00:00'), 'volume': 10189100.0}, {'date': Timestamp('2021-05-17 00:00:00'), 'volume': 504600.0}, {'date': Timestamp('2021-05-10 00:00:00'), 'volume': 385800.0}, {'date': Timestamp('2021-04-26 00:00:00'), 'volume': 278600.0}]",2026-08-10,27211159.0,24.690000534057617,0.1497503112098275,277
IRDM,4601271481.330784,weekly,2025-09-08,38115000.0,336,1,9,"[{'date': Timestamp('2025-09-08 00:00:00'), 'volume': 38115000.0}, {'date': Timestamp('2021-02-08 00:00:00'), 'volume': 35615500.0}, {'date': Timestamp('2020-03-16 00:00:00'), 'volume': 8050100.0}, {'date': Timestamp('2020-02-24 00:00:00'), 'volume': 7035200.0}, {'date': Timestamp('2020-02-10 00:00:00'), 'volume': 5565800.0}, {'date': Timestamp('2020-02-03 00:00:00'), 'volume': 3821800.0}, {'date': Timestamp('2020-01-27 00:00:00'), 'volume': 3442800.0}, {'date': Timestamp('2020-01-13 00:00:00'), 'volume': 3235800.0}, {'date': Timestamp('2020-01-06 00:00:00'), 'volume': 1826000.0}]",2026-08-10,5795328.0,50.20000076293945,0.1520484848484848,345
MIR,4622098826.767732,weekly,2025-09-08,52343500.0,336,1,13,"[{'date': Timestamp('2025-09-08 00:00:00'), 'volume': 52343500.0}, {'date': Timestamp('2021-02-15 00:00:00'), 'volume': 37080400.0}, {'date': Timestamp('2021-01-25 00:00:00'), 'volume': 21672500.0}, {'date': Timestamp('2021-01-11 00:00:00'), 'volume': 21298400.0}, {'date': Timestamp('2021-01-04 00:00:00'), 'volume': 6832400.0}, {'date': Timestamp('2020-12-28 00:00:00'), 'volume': 6062600.0}, {'date': Timestamp('2020-12-07 00:00:00'), 'volume': 4793700.0}, {'date': Timestamp('2020-11-30 00:00:00'), 'volume': 2085400.0}, {'date': Timestamp('2020-10-05 00:00:00'), 'volume': 1868000.0}, {'date': Timestamp('2020-09-21 00:00:00'), 'volume': 1186500.0}, {'date': Timestamp('2020-08-31 00:00:00'), 'volume': 1155100.0}, {'date': Timestamp('2020-08-24 00:00:00'), 'volume': 919900.0}, {'date': Timestamp('2020-08-17 00:00:00'), 'volume': 350400.0}]",2026-08-10,15382703.0,15.890000343322754,0.2938799086801608,313
ATRO,3087642325.27642,weekly,2025-09-06,10999000.0,338,1,9,"[{'date': Timestamp('2025-09-06 00:00:00'), 'volume': 10999000.0}, {'date': Timestamp('2025-03-01 00:00:00'), 'volume': 6666100.0}, {'date': Timestamp('2024-11-23 00:00:00'), 'volume': 5738700.0}, {'date': Timestamp('2020-06-13 00:00:00'), 'volume': 4398600.0}, {'date': Timestamp('2020-03-21 00:00:00'), 'volume': 3841500.0}, {'date': Timestamp('2020-03-14 00:00:00'), 'volume': 2293700.0}, {'date': Timestamp('2020-03-07 00:00:00'), 'volume': 1979300.0}, {'date': Timestamp('2020-02-22 00:00:00'), 'volume': 1711600.0}, {'date': Timestamp('2020-01-04 00:00:00'), 'volume': 1200000.0}]",2026-08-10,6092982.0,93.4499969482422,0.5539578143467588,346
CTRI,3093647423.307692,weekly,2025-09-01,23277600.0,343,2,6,"[{'date': Timestamp('2025-09-01 00:00:00'), 'volume': 23277600.0}, {'date': Timestamp('2025-08-11 00:00:00'), 'volume': 12139300.0}, {'date': Timestamp('2025-08-04 00:00:00'), 'volume': 11579500.0}, {'date': Timestamp('2024-06-24 00:00:00'), 'volume': 8471300.0}, {'date': Timestamp('2024-04-22 00:00:00'), 'volume': 4735300.0}, {'date': Timestamp('2024-04-15 00:00:00'), 'volume': 1745200.0}]",2026-08-10,7814273.0,23.6200008392334,0.3356992559370382,122
MLYS,2352068200.616553,weekly,2025-09-01,32363800.0,343,1,4,"[{'date': Timestamp('2025-09-01 00:00:00'), 'volume': 32363800.0}, {'date': Timestamp('2025-03-10 00:00:00'), 'volume': 26185400.0}, {'date': Timestamp('2023-03-13 00:00:00'), 'volume': 3505100.0}, {'date': Timestamp('2023-02-06 00:00:00'), 'volume': 2707500.0}]",2026-08-10,5174706.0,25.63999938964844,0.1598917926819471,184
BRKR,9272063134.60371,weekly,2025-09-01,45459000.0,343,1,10,"[{'date': Timestamp('2025-09-01 00:00:00'), 'volume': 45459000.0}, {'date': Timestamp('2025-08-04 00:00:00'), 'volume': 27963500.0}, {'date': Timestamp('2025-07-21 00:00:00'), 'volume': 26325000.0}, {'date': Timestamp('2021-11-29 00:00:00'), 'volume': 25566300.0}, {'date': Timestamp('2020-03-30 00:00:00'), 'volume': 7738500.0}, {'date': Timestamp('2020-03-09 00:00:00'), 'volume': 6851500.0}, {'date': Timestamp('2020-02-24 00:00:00'), 'volume': 5611400.0}, {'date': Timestamp('2020-02-10 00:00:00'), 'volume': 3539200.0}, {'date': Timestamp('2020-01-13 00:00:00'), 'volume': 3262300.0}, {'date': Timestamp('2020-01-06 00:00:00'), 'volume': 2433600.0}]",2026-08-10,10779489.0,57.70000076293945,0.2371255196990695,345
AEO,2996211080.4698057,weekly,2025-08-30,180369100.0,345,1,7,"[{'date': Timestamp('2025-08-30 00:00:00'), 'volume': 180369100.0}, {'date': Timestamp('2025-08-02 00:00:00'), 'volume': 137112600.0}, {'date': Timestamp('2020-04-18 00:00:00'), 'volume': 99104800.0}, {'date': Timestamp('2020-03-07 00:00:00'), 'volume': 34923200.0}, {'date': Timestamp('2020-02-29 00:00:00'), 'volume': 33461800.0}, {'date': Timestamp('2020-02-22 00:00:00'), 'volume': 32922400.0}, {'date': Timestamp('2020-01-04 00:00:00'), 'volume': 24338300.0}]",2026-08-10,28935862.0,16.170000076293945,0.1604258268184517,346
GTLS,9980702124.521164,weekly,2025-07-28,53157200.0,350,1,7,"[{'date': Timestamp('2025-07-28 00:00:00'), 'volume': 53157200}, {'date': Timestamp('2022-12-05 00:00:00'), 'volume': 12793800}, {'date': Timestamp('2022-03-28 00:00:00'), 'volume': 12015600}, {'date': Timestamp('2020-03-09 00:00:00'), 'volume': 7436500}, {'date': Timestamp('2020-02-10 00:00:00'), 'volume': 4036600}, {'date': Timestamp('2020-01-13 00:00:00'), 'volume': 1996600}, {'date': Timestamp('2020-01-06 00:00:00'), 'volume': 1918900}]",2026-07-13,702700.0,209.7899932861328,0.0132192816777407,341
KYIV,3405238471.211616,weekly,2025-08-18,17760800.0,357,1,6,"[{'date': Timestamp('2025-08-18 00:00:00'), 'volume': 17760800.0}, {'date': Timestamp('2025-08-04 00:00:00'), 'volume': 8912300.0}, {'date': Timestamp('2025-02-10 00:00:00'), 'volume': 8880900.0}, {'date': Timestamp('2025-02-03 00:00:00'), 'volume': 2840200.0}, {'date': Timestamp('2025-01-13 00:00:00'), 'volume': 2165700.0}, {'date': Timestamp('2024-12-02 00:00:00'), 'volume': 1685400.0}]",2026-08-10,949520.0,13.239999771118164,0.0534615557857754,89
CAVA,9713920421.59664,weekly,2025-08-11,75779100.0,364,1,4,"[{'date': Timestamp('2025-08-11 00:00:00'), 'volume': 75779100.0}, {'date': Timestamp('2024-05-27 00:00:00'), 'volume': 38884200.0}, {'date': Timestamp('2023-12-11 00:00:00'), 'volume': 34012000.0}, {'date': Timestamp('2023-06-12 00:00:00'), 'volume': 25169300.0}]",2026-08-10,34412516.0,74.41999816894531,0.4541161877087482,166
BLSH,3500538111.3313527,weekly,2025-08-11,99719200.0,364,1,1,"[{'date': Timestamp('2025-08-11 00:00:00'), 'volume': 99719200.0}]",2026-08-10,12944278.0,24.38999938964844,0.1298072788389798,53
PGEN,2089154193.5398552,weekly,2025-08-11,186971600.0,364,1,6,"[{'date': Timestamp('2025-08-11 00:00:00'), 'volume': 186971600.0}, {'date': Timestamp('2020-06-01 00:00:00'), 'volume': 40546400.0}, {'date': Timestamp('2020-03-23 00:00:00'), 'volume': 10562400.0}, {'date': Timestamp('2020-03-16 00:00:00'), 'volume': 10293800.0}, {'date': Timestamp('2020-01-13 00:00:00'), 'volume': 9495100.0}, {'date': Timestamp('2020-01-06 00:00:00'), 'volume': 6663300.0}]",2026-08-10,35488800.0,6.099999904632568,0.1898085056767979,345
WT,2630589743.939919,weekly,2025-08-09,36361800.0,366,0,5,"[{'date': Timestamp('2025-08-09 00:00:00'), 'volume': 36361800.0}, {'date': Timestamp('2024-08-03 00:00:00'), 'volume': 22639900.0}, {'date': Timestamp('2020-03-14 00:00:00'), 'volume': 17322800.0}, {'date': Timestamp('2020-01-11 00:00:00'), 'volume': 12040200.0}, {'date': Timestamp('2020-01-04 00:00:00'), 'volume': 7891400.0}]",2026-08-10,9163281.0,22.809999465942383,0.2520029536491592,346
LNTH,7148647625.498576,weekly,2025-08-04,22996200.0,371,0,9,"[{'date': Timestamp('2025-08-04 00:00:00'), 'volume': 22996200.0}, {'date': Timestamp('2022-10-10 00:00:00'), 'volume': 20728200.0}, {'date': Timestamp('2022-02-21 00:00:00'), 'volume': 12183800.0}, {'date': Timestamp('2020-06-15 00:00:00'), 'volume': 11186700.0}, {'date': Timestamp('2020-03-16 00:00:00'), 'volume': 3398800.0}, {'date': Timestamp('2020-03-09 00:00:00'), 'volume': 3287500.0}, {'date': Timestamp('2020-02-24 00:00:00'), 'volume': 3238600.0}, {'date': Timestamp('2020-01-13 00:00:00'), 'volume': 3067700.0}, {'date': Timestamp('2020-01-06 00:00:00'), 'volume': 2090000.0}]",2026-08-10,6242406.0,100.9499969482422,0.2714538054113288,345
CROX,6348349240.150067,weekly,2025-08-04,28515000.0,371,0,8,"[{'date': Timestamp('2025-08-04 00:00:00'), 'volume': 28515000.0}, {'date': Timestamp('2023-07-24 00:00:00'), 'volume': 20540000.0}, {'date': Timestamp('2023-04-24 00:00:00'), 'volume': 19137500.0}, {'date': Timestamp('2021-09-13 00:00:00'), 'volume': 19032400.0}, {'date': Timestamp('2021-04-26 00:00:00'), 'volume': 18317200.0}, {'date': Timestamp('2020-03-16 00:00:00'), 'volume': 14716600.0}, {'date': Timestamp('2020-02-24 00:00:00'), 'volume': 11217300.0}, {'date': Timestamp('2020-01-06 00:00:00'), 'volume': 5917700.0}]",2026-08-10,5145983.0,131.72000122070312,0.1804658250043836,345
KGS,7697085536.295566,weekly,2025-08-04,22809400.0,371,0,6,"[{'date': Timestamp('2025-08-04 00:00:00'), 'volume': 22809400.0}, {'date': Timestamp('2025-03-03 00:00:00'), 'volume': 9500600.0}, {'date': Timestamp('2025-01-27 00:00:00'), 'volume': 9180100.0}, {'date': Timestamp('2024-12-16 00:00:00'), 'volume': 8090900.0}, {'date': Timestamp('2024-09-09 00:00:00'), 'volume': 6733400.0}, {'date': Timestamp('2023-06-26 00:00:00'), 'volume': 5908800.0}]",2026-08-10,6777206.0,65.3499984741211,0.2971233789577981,164
ICHR,3277503032.852784,weekly,2025-08-04,13750000.0,371,0,3,"[{'date': Timestamp('2025-08-04 00:00:00'), 'volume': 13750000.0}, {'date': Timestamp('2020-01-13 00:00:00'), 'volume': 4406200.0}, {'date': Timestamp('2020-01-06 00:00:00'), 'volume': 1209100.0}]",2026-08-10,3700426.0,71.05000305175781,0.2691218909090909,345
ARR,2141035949.8343055,weekly,2025-08-04,40272300.0,371,0,21,"[{'date': Timestamp('2025-08-04 00:00:00'), 'volume': 40272300.0}, {'date': Timestamp('2025-04-07 00:00:00'), 'volume': 25885300.0}, {'date': Timestamp('2025-03-10 00:00:00'), 'volume': 16671400.0}, {'date': Timestamp('2024-12-16 00:00:00'), 'volume': 15823300.0}, {'date': Timestamp('2023-07-10 00:00:00'), 'volume': 15588540.0}, {'date': Timestamp('2023-03-13 00:00:00'), 'volume': 11506040.0}, {'date': Timestamp('2023-02-13 00:00:00'), 'volume': 8740820.0}, {'date': Timestamp('2023-02-06 00:00:00'), 'volume': 8499280.0}, {'date': Timestamp('2023-01-30 00:00:00'), 'volume': 8050520.0}, {'date': Timestamp('2022-12-12 00:00:00'), 'volume': 7963100.0}, {'date': Timestamp('2022-10-03 00:00:00'), 'volume': 7843080.0}, {'date': Timestamp('2022-06-13 00:00:00'), 'volume': 6353480.0}, {'date': Timestamp('2022-04-25 00:00:00'), 'volume': 3362780.0}, {'date': Timestamp('2022-02-21 00:00:00'), 'volume': 3300720.0}, {'date': Timestamp('2021-06-14 00:00:00'), 'volume': 3242760.0}, {'date': Timestamp('2020-03-16 00:00:00'), 'volume': 2693820.0}, {'date': Timestamp('2020-02-24 00:00:00'), 'volume': 1489340.0}, {'date': Timestamp('2020-02-17 00:00:00'), 'volume': 967340.0}, {'date': Timestamp('2020-02-10 00:00:00'), 'volume': 934780.0}, {'date': Timestamp('2020-01-13 00:00:00'), 'volume': 806640.0}, {'date': Timestamp('2020-01-06 00:00:00'), 'volume': 653660.0}]",2026-08-10,26054970.0,16.739999771118164,0.6469700017133364,345
IBP,6285806591.629812,weekly,2025-08-04,5225400.0,371,0,8,"[{'date': Timestamp('2025-08-04 00:00:00'), 'volume': 5225400.0}, {'date': Timestamp('2025-02-24 00:00:00'), 'volume': 3728200.0}, {'date': Timestamp('2020-03-16 00:00:00'), 'volume': 3098800.0}, {'date': Timestamp('2020-02-24 00:00:00'), 'volume': 2041700.0}, {'date': Timestamp('2020-02-17 00:00:00'), 'volume': 1281600.0}, {'date': Timestamp('2020-01-20 00:00:00'), 'volume': 1128800.0}, {'date': Timestamp('2020-01-13 00:00:00'), 'volume': 1087300.0}, {'date': Timestamp('2020-01-06 00:00:00'), 'volume': 915200.0}]",2026-08-10,1312127.0,240.22999572753903,0.2511055612967428,345
VISN,2837665867.0491285,weekly,2025-08-04,131974600.0,371,0,10,"[{'date': Timestamp('2025-08-04 00:00:00'), 'volume': 131974600.0}, {'date': Timestamp('2024-07-15 00:00:00'), 'volume': 57287500.0}, {'date': Timestamp('2024-06-17 00:00:00'), 'volume': 47682000.0}, {'date': Timestamp('2023-10-30 00:00:00'), 'volume': 44917100.0}, {'date': Timestamp('2020-07-13 00:00:00'), 'volume': 40344600.0}, {'date': Timestamp('2020-03-09 00:00:00'), 'volume': 37167600.0}, {'date': Timestamp('2020-02-17 00:00:00'), 'volume': 29432200.0}, {'date': Timestamp('2020-02-10 00:00:00'), 'volume': 20018700.0}, {'date': Timestamp('2020-01-27 00:00:00'), 'volume': 19090100.0}, {'date': Timestamp('2020-01-06 00:00:00'), 'volume': 15340600.0}]",2026-08-10,34955006.0,11.529999732971191,0.2648616173112099,345
FUN,2249508847.9141083,weekly,2025-08-02,49368400.0,373,0,9,"[{'date': Timestamp('2025-08-02 00:00:00'), 'volume': 49368400.0}, {'date': Timestamp('2024-06-29 00:00:00'), 'volume': 26086300.0}, {'date': Timestamp('2022-01-29 00:00:00'), 'volume': 11997000.0}, {'date': Timestamp('2020-03-14 00:00:00'), 'volume': 9020700.0}, {'date': Timestamp('2020-03-07 00:00:00'), 'volume': 8192000.0}, {'date': Timestamp('2020-02-29 00:00:00'), 'volume': 5574800.0}, {'date': Timestamp('2020-02-22 00:00:00'), 'volume': 4304000.0}, {'date': Timestamp('2020-01-11 00:00:00'), 'volume': 2105200.0}, {'date': Timestamp('2020-01-04 00:00:00'), 'volume': 1073400.0}]",2026-08-10,11644678.0,16.399999618530273,0.2358731091143322,346
VSAT,8460446729.21,weekly,2025-08-02,47766400.0,373,0,18,"[{'date': Timestamp('2025-08-02 00:00:00'), 'volume': 47766400.0}, {'date': Timestamp('2025-06-07 00:00:00'), 'volume': 38814900.0}, {'date': Timestamp('2025-02-08 00:00:00'), 'volume': 32179100.0}, {'date': Timestamp('2025-01-18 00:00:00'), 'volume': 30366300.0}, {'date': Timestamp('2024-11-16 00:00:00'), 'volume': 26257600.0}, {'date': Timestamp('2024-06-22 00:00:00'), 'volume': 26074400.0}, {'date': Timestamp('2023-03-11 00:00:00'), 'volume': 19663000.0}, {'date': Timestamp('2022-10-01 00:00:00'), 'volume': 9341300.0}, {'date': Timestamp('2021-03-06 00:00:00'), 'volume': 7198900.0}, {'date': Timestamp('2021-01-23 00:00:00'), 'volume': 6610600.0}, {'date': Timestamp('2020-03-14 00:00:00'), 'volume': 5806700.0}, {'date': Timestamp('2020-02-29 00:00:00'), 'volume': 3978900.0}, {'date': Timestamp('2020-02-22 00:00:00'), 'volume': 3963900.0}, {'date': Timestamp('2020-02-15 00:00:00'), 'volume': 2968600.0}, {'date': Timestamp('2020-02-08 00:00:00'), 'volume': 2812200.0}, {'date': Timestamp('2020-02-01 00:00:00'), 'volume': 1978700.0}, {'date': Timestamp('2020-01-11 00:00:00'), 'volume': 1697600.0}, {'date': Timestamp('2020-01-04 00:00:00'), 'volume': 1399300.0}]",2026-08-10,9560596.0,82.87000274658203,0.2001531620553359,346
INDV,5099999803.839428,weekly,2025-07-28,43862800.0,378,0,20,"[{'date': Timestamp('2025-07-28 00:00:00'), 'volume': 43862800.0}, {'date': Timestamp('2025-06-23 00:00:00'), 'volume': 24110400.0}, {'date': Timestamp('2025-02-24 00:00:00'), 'volume': 13107000.0}, {'date': Timestamp('2024-07-08 00:00:00'), 'volume': 9422100.0}, {'date': Timestamp('2024-02-26 00:00:00'), 'volume': 1000400.0}, {'date': Timestamp('2024-02-19 00:00:00'), 'volume': 881700.0}, {'date': Timestamp('2024-02-12 00:00:00'), 'volume': 664300.0}, {'date': Timestamp('2024-01-22 00:00:00'), 'volume': 575800.0}, {'date': Timestamp('2024-01-15 00:00:00'), 'volume': 383900.0}, {'date': Timestamp('2023-12-04 00:00:00'), 'volume': 240700.0}, {'date': Timestamp('2023-06-12 00:00:00'), 'volume': 218900.0}, {'date': Timestamp('2022-11-14 00:00:00'), 'volume': 201300.0}, {'date': Timestamp('2020-07-27 00:00:00'), 'volume': 146160.0}, {'date': Timestamp('2020-07-20 00:00:00'), 'volume': 66880.0}, {'date': Timestamp('2020-06-15 00:00:00'), 'volume': 66280.0}, {'date': Timestamp('2020-05-25 00:00:00'), 'volume': 59480.0}, {'date': Timestamp('2020-05-18 00:00:00'), 'volume': 53300.0}, {'date': Timestamp('2020-02-03 00:00:00'), 'volume': 39100.0}, {'date': Timestamp('2020-01-13 00:00:00'), 'volume': 29660.0}, {'date': Timestamp('2020-01-06 00:00:00'), 'volume': 12900.0}]",2026-08-10,8935578.0,39.0099983215332,0.2037165434035218,345
HRI,5051032916.998431,weekly,2025-07-28,5286900.0,378,0,10,"[{'date': Timestamp('2025-07-28 00:00:00'), 'volume': 5286900.0}, {'date': Timestamp('2025-02-17 00:00:00'), 'volume': 5141400.0}, {'date': Timestamp('2024-10-21 00:00:00'), 'volume': 3885700.0}, {'date': Timestamp('2023-03-13 00:00:00'), 'volume': 3565600.0}, {'date': Timestamp('2021-06-21 00:00:00'), 'volume': 2425900.0}, {'date': Timestamp('2020-03-16 00:00:00'), 'volume': 2390000.0}, {'date': Timestamp('2020-02-24 00:00:00'), 'volume': 1802400.0}, {'date': Timestamp('2020-01-27 00:00:00'), 'volume': 1304600.0}, {'date': Timestamp('2020-01-13 00:00:00'), 'volume': 1096600.0}, {'date': Timestamp('2020-01-06 00:00:00'), 'volume': 829200.0}]",2026-08-10,1553568.0,173.50999450683594,0.2938523520399478,345
VCYT,4826657233.715116,weekly,2025-07-28,23164000.0,378,0,6,"[{'date': Timestamp('2025-07-28 00:00:00'), 'volume': 23164000.0}, {'date': Timestamp('2024-08-05 00:00:00'), 'volume': 10780000.0}, {'date': Timestamp('2020-08-03 00:00:00'), 'volume': 9221200.0}, {'date': Timestamp('2020-03-16 00:00:00'), 'volume': 3948400.0}, {'date': Timestamp('2020-02-24 00:00:00'), 'volume': 3713600.0}, {'date': Timestamp('2020-01-06 00:00:00'), 'volume': 3034300.0}]",2026-08-10,6426650.0,41.25,0.2774412882058366,345
CELC,4874190576.412488,weekly,2025-07-28,43209600.0,378,0,10,"[{'date': Timestamp('2025-07-28 00:00:00'), 'volume': 43209600.0}, {'date': Timestamp('2021-04-05 00:00:00'), 'volume': 16407500.0}, {'date': Timestamp('2020-06-22 00:00:00'), 'volume': 786800.0}, {'date': Timestamp('2020-06-01 00:00:00'), 'volume': 241600.0}, {'date': Timestamp('2020-05-18 00:00:00'), 'volume': 156300.0}, {'date': Timestamp('2020-03-16 00:00:00'), 'volume': 135700.0}, {'date': Timestamp('2020-03-09 00:00:00'), 'volume': 102100.0}, {'date': Timestamp('2020-03-02 00:00:00'), 'volume': 93900.0}, {'date': Timestamp('2020-02-24 00:00:00'), 'volume': 64700.0}, {'date': Timestamp('2020-01-06 00:00:00'), 'volume': 62200.0}]",2026-08-10,6288408.0,92.0,0.1455326594090202,345
FSS,7647853196.779318,weekly,2025-07-26,7407200.0,380,0,8,"[{'date': Timestamp('2025-07-26 00:00:00'), 'volume': 7407200.0}, {'date': Timestamp('2025-04-26 00:00:00'), 'volume': 4646200.0}, {'date': Timestamp('2025-02-22 00:00:00'), 'volume': 4298900.0}, {'date': Timestamp('2020-03-07 00:00:00'), 'volume': 3800200.0}, {'date': Timestamp('2020-02-29 00:00:00'), 'volume': 3544300.0}, {'date': Timestamp('2020-02-22 00:00:00'), 'volume': 2892900.0}, {'date': Timestamp('2020-01-11 00:00:00'), 'volume': 1734600.0}, {'date': Timestamp('2020-01-04 00:00:00'), 'volume': 1278500.0}]",2026-08-10,2093520.0,125.8499984741211,0.2826331137271843,346
FLS,9273677259.152422,weekly,2025-07-26,30075700.0,380,0,8,"[{'date': Timestamp('2025-07-26 00:00:00'), 'volume': 30075700.0}, {'date': Timestamp('2021-03-13 00:00:00'), 'volume': 29706900.0}, {'date': Timestamp('2020-05-23 00:00:00'), 'volume': 14210600.0}, {'date': Timestamp('2020-03-07 00:00:00'), 'volume': 12925400.0}, {'date': Timestamp('2020-02-22 00:00:00'), 'volume': 8115000.0}, {'date': Timestamp('2020-02-08 00:00:00'), 'volume': 5061000.0}, {'date': Timestamp('2020-01-25 00:00:00'), 'volume': 4756000.0}, {'date': Timestamp('2020-01-04 00:00:00'), 'volume': 3758000.0}]",2026-08-10,7206920.0,80.87000274658203,0.2396260103671735,346
OSCR,7921220840.80537,weekly,2025-07-21,252004200.0,385,0,6,"[{'date': Timestamp('2025-07-21 00:00:00'), 'volume': 252004200.0}, {'date': Timestamp('2025-07-14 00:00:00'), 'volume': 208135400.0}, {'date': Timestamp('2025-07-07 00:00:00'), 'volume': 198269300.0}, {'date': Timestamp('2025-06-16 00:00:00'), 'volume': 159573100.0}, {'date': Timestamp('2023-03-27 00:00:00'), 'volume': 120102200.0}, {'date': Timestamp('2021-03-01 00:00:00'), 'volume': 34236300.0}]",2026-08-10,37310551.0,32.7599983215332,0.1480552744755841,285
NIQ,2547026655.5633626,weekly,2025-07-21,28588400.0,385,0,1,"[{'date': Timestamp('2025-07-21 00:00:00'), 'volume': 28588400.0}]",2026-08-10,20536429.0,17.450000762939453,0.7183483161002364,56
LB,5015347201.436874,weekly,2025-07-21,6920800.0,385,0,4,"[{'date': Timestamp('2025-07-21 00:00:00'), 'volume': 6920800.0}, {'date': Timestamp('2025-01-27 00:00:00'), 'volume': 6629500.0}, {'date': Timestamp('2024-11-18 00:00:00'), 'volume': 4111400.0}, {'date': Timestamp('2024-06-24 00:00:00'), 'volume': 3203400.0}]",2026-08-10,1639319.0,78.69000244140625,0.2368684256155357,112
KSS,2184083900.118387,weekly,2025-07-19,311653400.0,387,0,11,"[{'date': Timestamp('2025-07-19 00:00:00'), 'volume': 311653400.0}, {'date': Timestamp('2025-03-08 00:00:00'), 'volume': 133182700.0}, {'date': Timestamp('2024-11-23 00:00:00'), 'volume': 108850600.0}, {'date': Timestamp('2020-08-15 00:00:00'), 'volume': 89152800.0}, {'date': Timestamp('2020-05-16 00:00:00'), 'volume': 78255800.0}, {'date': Timestamp('2020-04-25 00:00:00'), 'volume': 72460900.0}, {'date': Timestamp('2020-04-04 00:00:00'), 'volume': 68415300.0}, {'date': Timestamp('2020-03-21 00:00:00'), 'volume': 54937900.0}, {'date': Timestamp('2020-03-14 00:00:00'), 'volume': 42545800.0}, {'date': Timestamp('2020-03-07 00:00:00'), 'volume': 36860800.0}, {'date': Timestamp('2020-01-04 00:00:00'), 'volume': 35912100.0}]",2026-08-10,18692932.0,19.209999084472656,0.0599798750791744,346
SIGI,5765434741.152258,weekly,2025-07-19,6593600.0,387,0,8,"[{'date': Timestamp('2025-07-19 00:00:00'), 'volume': 6593600.0}, {'date': Timestamp('2024-07-20 00:00:00'), 'volume': 4957900.0}, {'date': Timestamp('2020-03-14 00:00:00'), 'volume': 3760800.0}, {'date': Timestamp('2020-03-07 00:00:00'), 'volume': 2688900.0}, {'date': Timestamp('2020-02-29 00:00:00'), 'volume': 1910700.0}, {'date': Timestamp('2020-02-22 00:00:00'), 'volume': 1635400.0}, {'date': Timestamp('2020-01-25 00:00:00'), 'volume': 1319100.0}, {'date': Timestamp('2020-01-04 00:00:00'), 'volume': 1032400.0}]",2026-08-10,1811868.0,94.37000274658205,0.2747919194370298,346
SFNC,3326322212.8136706,weekly,2025-07-19,27800300.0,387,0,8,"[{'date': Timestamp('2025-07-19 00:00:00'), 'volume': 27800300.0}, {'date': Timestamp('2022-04-02 00:00:00'), 'volume': 12899500.0}, {'date': Timestamp('2020-03-14 00:00:00'), 'volume': 9645900.0}, {'date': Timestamp('2020-03-07 00:00:00'), 'volume': 5772600.0}, {'date': Timestamp('2020-02-29 00:00:00'), 'volume': 4264900.0}, {'date': Timestamp('2020-02-22 00:00:00'), 'volume': 3239600.0}, {'date': Timestamp('2020-02-15 00:00:00'), 'volume': 2842600.0}, {'date': Timestamp('2020-01-04 00:00:00'), 'volume': 2528400.0}]",2026-08-10,9047137.0,24.075000762939453,0.3254330708661417,346
MP,9595396478.247034,weekly,2025-07-14,206374000.0,392,0,12,"[{'date': Timestamp('2025-07-14 00:00:00'), 'volume': 206374000.0}, {'date': Timestamp('2025-07-07 00:00:00'), 'volume': 146605300.0}, {'date': Timestamp('2025-06-09 00:00:00'), 'volume': 87341600.0}, {'date': Timestamp('2025-04-14 00:00:00'), 'volume': 77833700.0}, {'date': Timestamp('2021-03-22 00:00:00'), 'volume': 71156700.0}, {'date': Timestamp('2021-03-01 00:00:00'), 'volume': 39077800.0}, {'date': Timestamp('2021-02-22 00:00:00'), 'volume': 35823800.0}, {'date': Timestamp('2020-12-14 00:00:00'), 'volume': 32586200.0}, {'date': Timestamp('2020-07-20 00:00:00'), 'volume': 24763800.0}, {'date': Timestamp('2020-07-13 00:00:00'), 'volume': 10932800.0}, {'date': Timestamp('2020-06-29 00:00:00'), 'volume': 943400.0}, {'date': Timestamp('2020-06-22 00:00:00'), 'volume': 547100.0}]",2026-08-10,51095619.0,58.7400016784668,0.2475874819502456,321
VCTR,5216969918.830512,weekly,2025-07-14,12823500.0,392,0,7,"[{'date': Timestamp('2025-07-14 00:00:00'), 'volume': 12823500.0}, {'date': Timestamp('2024-04-15 00:00:00'), 'volume': 4172700.0}, {'date': Timestamp('2022-06-20 00:00:00'), 'volume': 3730500.0}, {'date': Timestamp('2021-11-15 00:00:00'), 'volume': 2610200.0}, {'date': Timestamp('2020-03-16 00:00:00'), 'volume': 1928700.0}, {'date': Timestamp('2020-02-10 00:00:00'), 'volume': 1451700.0}, {'date': Timestamp('2020-01-06 00:00:00'), 'volume': 587800.0}]",2026-08-10,2626484.0,118.23500061035156,0.20481802939915,345
CORZ,8646479881.716171,weekly,2025-07-07,242464200.0,399,0,10,"[{'date': Timestamp('2025-07-07 00:00:00'), 'volume': 242464200.0}, {'date': Timestamp('2025-06-23 00:00:00'), 'volume': 197338000.0}, {'date': Timestamp('2025-03-03 00:00:00'), 'volume': 142278200.0}, {'date': Timestamp('2024-06-03 00:00:00'), 'volume': 136267900.0}, {'date': Timestamp('2024-03-11 00:00:00'), 'volume': 30201000.0}, {'date': Timestamp('2024-02-26 00:00:00'), 'volume': 26546800.0}, {'date': Timestamp('2024-02-12 00:00:00'), 'volume': 16778100.0}, {'date': Timestamp('2024-02-05 00:00:00'), 'volume': 14202600.0}, {'date': Timestamp('2024-01-29 00:00:00'), 'volume': 12023900.0}, {'date': Timestamp('2024-01-22 00:00:00'), 'volume': 8462700.0}]",2026-08-10,70848649.0,20.18000030517578,0.2922025148454906,134
FAF,6833414484.931663,weekly,2025-07-07,15678200.0,399,0,6,"[{'date': Timestamp('2025-07-07 00:00:00'), 'volume': 15678200.0}, {'date': Timestamp('2020-03-16 00:00:00'), 'volume': 13330500.0}, {'date': Timestamp('2020-03-09 00:00:00'), 'volume': 10434000.0}, {'date': Timestamp('2020-03-02 00:00:00'), 'volume': 6312400.0}, {'date': Timestamp('2020-02-10 00:00:00'), 'volume': 4758000.0}, {'date': Timestamp('2020-01-06 00:00:00'), 'volume': 3622000.0}]",2026-08-10,3287519.0,73.86000061035156,0.2096872727736602,345
RAL,8078215625.885911,weekly,2025-06-30,43854700.0,406,0,2,"[{'date': Timestamp('2025-06-30 00:00:00'), 'volume': 43854700.0}, {'date': Timestamp('2025-06-23 00:00:00'), 'volume': 672200.0}]",2026-08-10,4467062.0,72.29000091552734,0.1018605075396707,60
CLMT,3057121996.920922,weekly,2025-06-23,14102700.0,413,0,9,"[{'date': Timestamp('2025-06-23 00:00:00'), 'volume': 14102700.0}, {'date': Timestamp('2024-09-16 00:00:00'), 'volume': 11418300.0}, {'date': Timestamp('2024-08-19 00:00:00'), 'volume': 4936800.0}, {'date': Timestamp('2024-08-12 00:00:00'), 'volume': 4398700.0}, {'date': Timestamp('2024-07-22 00:00:00'), 'volume': 3423800.0}, {'date': Timestamp('2024-07-15 00:00:00'), 'volume': 3317600.0}, {'date': Timestamp('2020-03-16 00:00:00'), 'volume': 3038100.0}, {'date': Timestamp('2020-03-09 00:00:00'), 'volume': 2252900.0}, {'date': Timestamp('2020-01-06 00:00:00'), 'volume': 1992400.0}]",2026-08-10,8512504.0,47.720001220703125,0.6036081034128217,345
TXG,4665639971.494543,weekly,2025-06-23,35248700.0,413,0,14,"[{'date': Timestamp('2025-06-23 00:00:00'), 'volume': 35248700.0}, {'date': Timestamp('2025-04-21 00:00:00'), 'volume': 24884400.0}, {'date': Timestamp('2025-02-10 00:00:00'), 'volume': 24752700.0}, {'date': Timestamp('2024-10-07 00:00:00'), 'volume': 21935500.0}, {'date': Timestamp('2024-07-08 00:00:00'), 'volume': 18246900.0}, {'date': Timestamp('2022-02-14 00:00:00'), 'volume': 15917500.0}, {'date': Timestamp('2020-06-22 00:00:00'), 'volume': 8924100.0}, {'date': Timestamp('2020-06-15 00:00:00'), 'volume': 7156100.0}, {'date': Timestamp('2020-06-01 00:00:00'), 'volume': 5670400.0}, {'date': Timestamp('2020-03-02 00:00:00'), 'volume': 5380100.0}, {'date': Timestamp('2020-02-17 00:00:00'), 'volume': 2177900.0}, {'date': Timestamp('2020-01-27 00:00:00'), 'volume': 1450000.0}, {'date': Timestamp('2020-01-20 00:00:00'), 'volume': 1128100.0}, {'date': Timestamp('2020-01-06 00:00:00'), 'volume': 1054500.0}]",2026-08-10,20962620.0,56.09000015258789,0.5947061877459311,345
HLNE,4318864846.3217,weekly,2025-06-23,8736200.0,413,0,12,"[{'date': Timestamp('2025-06-23 00:00:00'), 'volume': 8736200.0}, {'date': Timestamp('2024-09-16 00:00:00'), 'volume': 8661600.0}, {'date': Timestamp('2024-03-04 00:00:00'), 'volume': 3304400.0}, {'date': Timestamp('2020-09-14 00:00:00'), 'volume': 2893200.0}, {'date': Timestamp('2020-08-31 00:00:00'), 'volume': 2735600.0}, {'date': Timestamp('2020-06-01 00:00:00'), 'volume': 2608500.0}, {'date': Timestamp('2020-03-16 00:00:00'), 'volume': 1825100.0}, {'date': Timestamp('2020-03-09 00:00:00'), 'volume': 1381600.0}, {'date': Timestamp('2020-02-24 00:00:00'), 'volume': 1114600.0}, {'date': Timestamp('2020-02-03 00:00:00'), 'volume': 975000.0}, {'date': Timestamp('2020-01-27 00:00:00'), 'volume': 789200.0}, {'date': Timestamp('2020-01-06 00:00:00'), 'volume': 537000.0}]",2026-08-10,2962114.0,104.23999786376952,0.3390620635974451,345
CC,3118833603.836142,weekly,2025-06-23,39614500.0,413,0,8,"[{'date': Timestamp('2025-06-23 00:00:00'), 'volume': 39614500.0}, {'date': Timestamp('2025-03-17 00:00:00'), 'volume': 38791600.0}, {'date': Timestamp('2024-02-26 00:00:00'), 'volume': 36053800.0}, {'date': Timestamp('2020-03-09 00:00:00'), 'volume': 24414600.0}, {'date': Timestamp('2020-02-10 00:00:00'), 'volume': 23562500.0}, {'date': Timestamp('2020-01-27 00:00:00'), 'volume': 15070900.0}, {'date': Timestamp('2020-01-13 00:00:00'), 'volume': 14048400.0}, {'date': Timestamp('2020-01-06 00:00:00'), 'volume': 11702000.0}]",2026-08-10,19573527.0,15.850000381469728,0.4941000643703694,345
MRX,4620119982.045852,weekly,2025-06-23,12247700.0,413,0,2,"[{'date': Timestamp('2025-06-23 00:00:00'), 'volume': 12247700.0}, {'date': Timestamp('2024-04-22 00:00:00'), 'volume': 8656100.0}]",2026-08-10,4743304.0,71.05999755859375,0.3872812038178597,121
KNSA,4554730502.204255,weekly,2025-06-23,11090400.0,413,0,7,"[{'date': Timestamp('2025-06-23 00:00:00'), 'volume': 11090400.0}, {'date': Timestamp('2023-07-24 00:00:00'), 'volume': 8533100.0}, {'date': Timestamp('2021-03-15 00:00:00'), 'volume': 7710500.0}, {'date': Timestamp('2020-07-20 00:00:00'), 'volume': 4496300.0}, {'date': Timestamp('2020-03-30 00:00:00'), 'volume': 3076000.0}, {'date': Timestamp('2020-03-09 00:00:00'), 'volume': 1810900.0}, {'date': Timestamp('2020-01-06 00:00:00'), 'volume': 1797100.0}]",2026-08-10,2043023.0,76.75,0.1842154475943158,345
ZGN,5566308344.55814,weekly,2025-06-23,22982400.0,413,0,4,"[{'date': Timestamp('2025-06-23 00:00:00'), 'volume': 22982400.0}, {'date': Timestamp('2023-06-19 00:00:00'), 'volume': 12705000.0}, {'date': Timestamp('2022-06-20 00:00:00'), 'volume': 6449400.0}, {'date': Timestamp('2021-12-20 00:00:00'), 'volume': 4582000.0}]",2026-08-10,3850109.0,13.760000228881836,0.1675242359370649,243
FELE,4766820879.521675,weekly,2025-06-21,3277200.0,415,0,5,"[{'date': Timestamp('2025-06-21 00:00:00'), 'volume': 3277200.0}, {'date': Timestamp('2025-03-15 00:00:00'), 'volume': 2888800.0}, {'date': Timestamp('2022-04-23 00:00:00'), 'volume': 2741100.0}, {'date': Timestamp('2020-01-25 00:00:00'), 'volume': 2659000.0}, {'date': Timestamp('2020-01-04 00:00:00'), 'volume': 788900.0}]",2026-08-10,1026887.0,105.7699966430664,0.313342792627853,346
SSB,9900609396.07294,weekly,2025-06-21,19767500.0,415,0,7,"[{'date': Timestamp('2025-06-21 00:00:00'), 'volume': 19767500.0}, {'date': Timestamp('2023-03-11 00:00:00'), 'volume': 19563700.0}, {'date': Timestamp('2023-03-04 00:00:00'), 'volume': 6502800.0}, {'date': Timestamp('2023-02-11 00:00:00'), 'volume': 3193900.0}, {'date': Timestamp('2021-09-11 00:00:00'), 'volume': 3114900.0}, {'date': Timestamp('2020-01-25 00:00:00'), 'volume': 2952200.0}, {'date': Timestamp('2020-01-04 00:00:00'), 'volume': 668300.0}]",2026-08-10,4621918.0,111.58999633789062,0.2338139876059188,346
HLIO,2989704102.7041345,weekly,2025-06-21,3747000.0,415,0,9,"[{'date': Timestamp('2025-06-21 00:00:00'), 'volume': 3747000.0}, {'date': Timestamp('2024-07-06 00:00:00'), 'volume': 2484900.0}, {'date': Timestamp('2023-10-28 00:00:00'), 'volume': 2101700.0}, {'date': Timestamp('2020-05-23 00:00:00'), 'volume': 1889700.0}, {'date': Timestamp('2020-05-16 00:00:00'), 'volume': 1795900.0}, {'date': Timestamp('2020-04-04 00:00:00'), 'volume': 1569000.0}, {'date': Timestamp('2020-03-14 00:00:00'), 'volume': 1352400.0}, {'date': Timestamp('2020-02-22 00:00:00'), 'volume': 849300.0}, {'date': Timestamp('2020-01-04 00:00:00'), 'volume': 344500.0}]",2026-08-10,2349415.0,81.48999786376953,0.627012276487857,346
NKTR,2150480755.218442,weekly,2025-06-21,76632800.0,415,0,7,"[{'date': Timestamp('2025-06-21 00:00:00'), 'volume': 76632800.0}, {'date': Timestamp('2023-08-05 00:00:00'), 'volume': 17097087.0}, {'date': Timestamp('2023-04-01 00:00:00'), 'volume': 5959594.0}, {'date': Timestamp('2022-03-12 00:00:00'), 'volume': 3746453.0}, {'date': Timestamp('2021-12-11 00:00:00'), 'volume': 2842094.0}, {'date': Timestamp('2020-01-11 00:00:00'), 'volume': 1998100.0}, {'date': Timestamp('2020-01-04 00:00:00'), 'volume': 1214467.0}]",2026-08-10,3640521.0,73.0199966430664,0.0475060417993339,346
MMYT,5064010849.286016,weekly,2025-06-16,24705500.0,420,0,9,"[{'date': Timestamp('2025-06-16 00:00:00'), 'volume': 24705500.0}, {'date': Timestamp('2021-03-01 00:00:00'), 'volume': 7208700.0}, {'date': Timestamp('2021-02-01 00:00:00'), 'volume': 4808600.0}, {'date': Timestamp('2020-03-16 00:00:00'), 'volume': 4672600.0}, {'date': Timestamp('2020-03-09 00:00:00'), 'volume': 4154400.0}, {'date': Timestamp('2020-02-10 00:00:00'), 'volume': 3067000.0}, {'date': Timestamp('2020-01-20 00:00:00'), 'volume': 1849200.0}, {'date': Timestamp('2020-01-13 00:00:00'), 'volume': 1513800.0}, {'date': Timestamp('2020-01-06 00:00:00'), 'volume': 1018100.0}]",2026-08-10,2181033.0,60.41999816894531,0.0882812734006597,345
RUN,3218029956.816912,weekly,2025-06-16,228192500.0,420,0,19,"[{'date': Timestamp('2025-06-16 00:00:00'), 'volume': 228192500.0}, {'date': Timestamp('2025-05-19 00:00:00'), 'volume': 188644700.0}, {'date': Timestamp('2025-05-12 00:00:00'), 'volume': 130410700.0}, {'date': Timestamp('2023-12-11 00:00:00'), 'volume': 111581500.0}, {'date': Timestamp('2023-10-23 00:00:00'), 'volume': 81738200.0}, {'date': Timestamp('2023-03-13 00:00:00'), 'volume': 80844200.0}, {'date': Timestamp('2022-07-25 00:00:00'), 'volume': 76864800.0}, {'date': Timestamp('2021-06-21 00:00:00'), 'volume': 70111000.0}, {'date': Timestamp('2021-06-14 00:00:00'), 'volume': 67290000.0}, {'date': Timestamp('2020-10-12 00:00:00'), 'volume': 49924400.0}, {'date': Timestamp('2020-10-05 00:00:00'), 'volume': 48018100.0}, {'date': Timestamp('2020-09-28 00:00:00'), 'volume': 43907900.0}, {'date': Timestamp('2020-07-27 00:00:00'), 'volume': 42463000.0}, {'date': Timestamp('2020-07-13 00:00:00'), 'volume': 41874900.0}, {'date': Timestamp('2020-07-06 00:00:00'), 'volume': 41328600.0}, {'date': Timestamp('2020-02-03 00:00:00'), 'volume': 27953100.0}, {'date': Timestamp('2020-01-27 00:00:00'), 'volume': 14347100.0}, {'date': Timestamp('2020-01-13 00:00:00'), 'volume': 11044400.0}, {'date': Timestamp('2020-01-06 00:00:00'), 'volume': 6850500.0}]",2026-08-10,46393466.0,10.1899995803833,0.2033084610580978,345
SLDE,2186935870.0365453,weekly,2025-06-16,18538800.0,420,0,1,"[{'date': Timestamp('2025-06-16 00:00:00'), 'volume': 18538800.0}]",2026-08-10,3593024.0,21.93000030517578,0.193811034155393,61
SEDG,3147342068.451233,weekly,2025-06-16,59057900.0,420,0,10,"[{'date': Timestamp('2025-06-16 00:00:00'), 'volume': 59057900.0}, {'date': Timestamp('2025-02-17 00:00:00'), 'volume': 52587700.0}, {'date': Timestamp('2024-06-24 00:00:00'), 'volume': 51377800.0}, {'date': Timestamp('2023-12-11 00:00:00'), 'volume': 33502000.0}, {'date': Timestamp('2023-10-30 00:00:00'), 'volume': 29361500.0}, {'date': Timestamp('2023-10-16 00:00:00'), 'volume': 29223800.0}, {'date': Timestamp('2020-11-02 00:00:00'), 'volume': 20091100.0}, {'date': Timestamp('2020-02-17 00:00:00'), 'volume': 15034100.0}, {'date': Timestamp('2020-01-27 00:00:00'), 'volume': 7321200.0}, {'date': Timestamp('2020-01-06 00:00:00'), 'volume': 4996600.0}]",2026-08-10,13809941.0,32.41999816894531,0.2338373189700277,345
TTAN,6601512405.022083,weekly,2025-06-09,18408700.0,427,0,3,"[{'date': Timestamp('2025-06-09 00:00:00'), 'volume': 18408700.0}, {'date': Timestamp('2025-06-02 00:00:00'), 'volume': 7480700.0}, {'date': Timestamp('2024-12-09 00:00:00'), 'volume': 6339500.0}]",2026-08-10,8124046.0,90.4000015258789,0.4413155736146495,88
NEU,7292373245.664637,weekly,2025-06-07,1418200.0,429,0,6,"[{'date': Timestamp('2025-06-07 00:00:00'), 'volume': 1418200.0}, {'date': Timestamp('2021-12-11 00:00:00'), 'volume': 1337700.0}, {'date': Timestamp('2020-03-21 00:00:00'), 'volume': 719300.0}, {'date': Timestamp('2020-02-22 00:00:00'), 'volume': 625400.0}, {'date': Timestamp('2020-01-11 00:00:00'), 'volume': 248200.0}, {'date': Timestamp('2020-01-04 00:00:00'), 'volume': 209800.0}]",2026-08-10,777261.0,961.9199829101562,0.5480616274150332,346
CLF,5675626115.195168,weekly,2025-05-31,361918700.0,436,0,9,"[{'date': Timestamp('2025-05-31 00:00:00'), 'volume': 361918700.0}, {'date': Timestamp('2021-06-05 00:00:00'), 'volume': 253136600.0}, {'date': Timestamp('2021-02-20 00:00:00'), 'volume': 206584200.0}, {'date': Timestamp('2021-02-06 00:00:00'), 'volume': 151739200.0}, {'date': Timestamp('2021-01-02 00:00:00'), 'volume': 94223900.0}, {'date': Timestamp('2020-06-13 00:00:00'), 'volume': 86196300.0}, {'date': Timestamp('2020-02-22 00:00:00'), 'volume': 85222400.0}, {'date': Timestamp('2020-01-25 00:00:00'), 'volume': 54781900.0}, {'date': Timestamp('2020-01-04 00:00:00'), 'volume': 51527300.0}]",2026-08-10,64873974.0,11.899999618530272,0.1792501299324959,346
AGM,2063670532.9411216,weekly,2025-05-31,1646600.0,436,0,7,"[{'date': Timestamp('2025-05-31 00:00:00'), 'volume': 1646600.0}, {'date': Timestamp('2023-03-11 00:00:00'), 'volume': 781200.0}, {'date': Timestamp('2020-03-07 00:00:00'), 'volume': 510200.0}, {'date': Timestamp('2020-02-22 00:00:00'), 'volume': 340900.0}, {'date': Timestamp('2020-02-01 00:00:00'), 'volume': 282400.0}, {'date': Timestamp('2020-01-25 00:00:00'), 'volume': 226700.0}, {'date': Timestamp('2020-01-04 00:00:00'), 'volume': 192500.0}]",2026-08-10,442888.0,232.6999969482422,0.2689712134094498,346
PVH,3429520078.2630186,weekly,2025-05-31,21357900.0,436,0,13,"[{'date': Timestamp('2025-05-31 00:00:00'), 'volume': 21357900.0}, {'date': Timestamp('2022-09-10 00:00:00'), 'volume': 20497200.0}, {'date': Timestamp('2020-06-06 00:00:00'), 'volume': 15406100.0}, {'date': Timestamp('2020-05-23 00:00:00'), 'volume': 14248700.0}, {'date': Timestamp('2020-04-25 00:00:00'), 'volume': 12367100.0}, {'date': Timestamp('2020-04-04 00:00:00'), 'volume': 11896200.0}, {'date': Timestamp('2020-03-28 00:00:00'), 'volume': 11392000.0}, {'date': Timestamp('2020-03-21 00:00:00'), 'volume': 9795200.0}, {'date': Timestamp('2020-03-14 00:00:00'), 'volume': 9440900.0}, {'date': Timestamp('2020-03-07 00:00:00'), 'volume': 8972400.0}, {'date': Timestamp('2020-02-22 00:00:00'), 'volume': 7339300.0}, {'date': Timestamp('2020-02-01 00:00:00'), 'volume': 6320300.0}, {'date': Timestamp('2020-01-04 00:00:00'), 'volume': 4717400.0}]",2026-08-10,4755908.0,82.47000122070312,0.2226767612920746,346
ANF,4065945647.4210415,weekly,2025-05-24,37408300.0,443,0,7,"[{'date': Timestamp('2025-05-24 00:00:00'), 'volume': 37408300.0}, {'date': Timestamp('2022-05-21 00:00:00'), 'volume': 32612100.0}, {'date': Timestamp('2020-08-22 00:00:00'), 'volume': 29098900.0}, {'date': Timestamp('2020-03-07 00:00:00'), 'volume': 23742100.0}, {'date': Timestamp('2020-02-29 00:00:00'), 'volume': 21988300.0}, {'date': Timestamp('2020-02-22 00:00:00'), 'volume': 18053700.0}, {'date': Timestamp('2020-01-04 00:00:00'), 'volume': 11850000.0}]",2026-08-10,5998632.0,108.12999725341795,0.1603556429990136,346
AAP,3749454001.050338,weekly,2025-05-19,47485600.0,448,0,9,"[{'date': Timestamp('2025-05-19 00:00:00'), 'volume': 47485600.0}, {'date': Timestamp('2023-05-29 00:00:00'), 'volume': 40612500.0}, {'date': Timestamp('2023-03-13 00:00:00'), 'volume': 12257700.0}, {'date': Timestamp('2022-11-14 00:00:00'), 'volume': 12060200.0}, {'date': Timestamp('2020-05-18 00:00:00'), 'volume': 8973900.0}, {'date': Timestamp('2020-03-09 00:00:00'), 'volume': 8109600.0}, {'date': Timestamp('2020-02-24 00:00:00'), 'volume': 6836100.0}, {'date': Timestamp('2020-01-13 00:00:00'), 'volume': 6410300.0}, {'date': Timestamp('2020-01-06 00:00:00'), 'volume': 5428900.0}]",2026-08-10,8403531.0,56.54999923706055,0.1769700919857809,345
LOAR,7409440497.598293,weekly,2025-05-12,16334900.0,455,0,2,"[{'date': Timestamp('2025-05-12 00:00:00'), 'volume': 16334900.0}, {'date': Timestamp('2024-04-22 00:00:00'), 'volume': 7835700.0}]",2026-08-10,2743981.0,77.41000366210938,0.1679827241060551,121
ETOR,3239138353.9816127,weekly,2025-05-12,18847600.0,455,0,1,"[{'date': Timestamp('2025-05-12 00:00:00'), 'volume': 18847600.0}]",2026-08-10,15058725.0,28.57999992370605,0.7989730788004838,66
ECG,7928292681.4808035,weekly,2025-05-12,7492600.0,455,0,3,"[{'date': Timestamp('2025-05-12 00:00:00'), 'volume': 7492600.0}, {'date': Timestamp('2024-11-04 00:00:00'), 'volume': 6969800.0}, {'date': Timestamp('2024-10-28 00:00:00'), 'volume': 2554700.0}]",2026-08-10,2248290.0,141.0399932861328,0.3000680671595975,94
LIVN,4583105443.955461,weekly,2025-05-05,9162200.0,462,0,5,"[{'date': Timestamp('2025-05-05 00:00:00'), 'volume': 9162200.0}, {'date': Timestamp('2020-06-08 00:00:00'), 'volume': 8532900.0}, {'date': Timestamp('2020-03-16 00:00:00'), 'volume': 4795800.0}, {'date': Timestamp('2020-02-24 00:00:00'), 'volume': 4338100.0}, {'date': Timestamp('2020-01-06 00:00:00'), 'volume': 1677100.0}]",2026-08-10,3242442.0,82.22000122070312,0.3538933880509048,345
CGON,6347049889.585392,weekly,2025-04-28,14961300.0,469,0,3,"[{'date': Timestamp('2025-04-28 00:00:00'), 'volume': 14961300.0}, {'date': Timestamp('2024-09-16 00:00:00'), 'volume': 12967500.0}, {'date': Timestamp('2024-01-22 00:00:00'), 'volume': 10543700.0}]",2026-08-10,3509450.0,75.02999877929688,0.2345685201152306,134
FOUR,3780022858.8499312,weekly,2025-04-28,27399100.0,469,0,7,"[{'date': Timestamp('2025-04-28 00:00:00'), 'volume': 27399100.0}, {'date': Timestamp('2025-02-17 00:00:00'), 'volume': 22809100.0}, {'date': Timestamp('2024-11-18 00:00:00'), 'volume': 22275300.0}, {'date': Timestamp('2024-02-26 00:00:00'), 'volume': 21358700.0}, {'date': Timestamp('2023-04-17 00:00:00'), 'volume': 20378600.0}, {'date': Timestamp('2020-11-30 00:00:00'), 'volume': 15177300.0}, {'date': Timestamp('2020-06-01 00:00:00'), 'volume': 12214900.0}]",2026-08-10,10918193.0,45.369998931884766,0.3984872860787398,324
NBTB,2579187268.653472,weekly,2025-04-26,3931300.0,471,0,11,"[{'date': Timestamp('2025-04-26 00:00:00'), 'volume': 3931300.0}, {'date': Timestamp('2024-12-14 00:00:00'), 'volume': 2945000.0}, {'date': Timestamp('2023-08-05 00:00:00'), 'volume': 2673600.0}, {'date': Timestamp('2022-12-10 00:00:00'), 'volume': 2567300.0}, {'date': Timestamp('2020-03-14 00:00:00'), 'volume': 1802200.0}, {'date': Timestamp('2020-03-07 00:00:00'), 'volume': 1283000.0}, {'date': Timestamp('2020-02-29 00:00:00'), 'volume': 813200.0}, {'date': Timestamp('2020-02-22 00:00:00'), 'volume': 738500.0}, {'date': Timestamp('2020-01-25 00:00:00'), 'volume': 626500.0}, {'date': Timestamp('2020-01-11 00:00:00'), 'volume': 515100.0}, {'date': Timestamp('2020-01-04 00:00:00'), 'volume': 483500.0}]",2026-08-10,1228523.0,53.560001373291016,0.3124979014575331,346
SMG,4067499405.031012,weekly,2025-04-26,14558300.0,471,0,13,"[{'date': Timestamp('2025-04-26 00:00:00'), 'volume': 14558300.0}, {'date': Timestamp('2024-11-02 00:00:00'), 'volume': 9844500.0}, {'date': Timestamp('2024-07-27 00:00:00'), 'volume': 8806100.0}, {'date': Timestamp('2022-10-01 00:00:00'), 'volume': 7961000.0}, {'date': Timestamp('2022-09-10 00:00:00'), 'volume': 4938900.0}, {'date': Timestamp('2022-06-04 00:00:00'), 'volume': 4865200.0}, {'date': Timestamp('2022-03-05 00:00:00'), 'volume': 4257200.0}, {'date': Timestamp('2020-03-21 00:00:00'), 'volume': 4141300.0}, {'date': Timestamp('2020-03-14 00:00:00'), 'volume': 3722900.0}, {'date': Timestamp('2020-03-07 00:00:00'), 'volume': 3260300.0}, {'date': Timestamp('2020-02-29 00:00:00'), 'volume': 3254100.0}, {'date': Timestamp('2020-01-25 00:00:00'), 'volume': 2966000.0}, {'date': Timestamp('2020-01-04 00:00:00'), 'volume': 1813800.0}]",2026-08-10,4274563.0,60.93999862670898,0.2936169058200477,346
CHA,2174701844.0,weekly,2025-04-21,15929900.0,476,0,2,"[{'date': Timestamp('2025-04-21 00:00:00'), 'volume': 15929900.0}, {'date': Timestamp('2025-04-14 00:00:00'), 'volume': 14716000.0}]",2026-08-10,2704676.0,10.270000457763672,0.1697861254621812,70
NG,2790644911.7658534,weekly,2025-04-21,51463500.0,476,0,5,"[{'date': Timestamp('2025-04-21 00:00:00'), 'volume': 51463500.0}, {'date': Timestamp('2020-03-16 00:00:00'), 'volume': 29746800.0}, {'date': Timestamp('2020-03-09 00:00:00'), 'volume': 19079100.0}, {'date': Timestamp('2020-02-24 00:00:00'), 'volume': 16574800.0}, {'date': Timestamp('2020-01-06 00:00:00'), 'volume': 14496100.0}]",2026-08-10,24758606.0,7.940000057220459,0.4810905981909508,345
XXI,3466781175.599229,weekly,2025-04-21,99327300.0,476,0,2,"[{'date': Timestamp('2025-04-21 00:00:00'), 'volume': 99327300.0}, {'date': Timestamp('2024-08-12 00:00:00'), 'volume': 6033000.0}]",2026-08-10,4276252.0,4.78000020980835,0.0430521316898778,105
PTEN,3640533388.650973,weekly,2025-04-19,89728900.0,478,0,9,"[{'date': Timestamp('2025-04-19 00:00:00'), 'volume': 89728900.0}, {'date': Timestamp('2025-03-15 00:00:00'), 'volume': 76507100.0}, {'date': Timestamp('2024-12-14 00:00:00'), 'volume': 76098000.0}, {'date': Timestamp('2020-05-23 00:00:00'), 'volume': 62043200.0}, {'date': Timestamp('2020-03-07 00:00:00'), 'volume': 55872500.0}, {'date': Timestamp('2020-02-01 00:00:00'), 'volume': 30720800.0}, {'date': Timestamp('2020-01-25 00:00:00'), 'volume': 19935700.0}, {'date': Timestamp('2020-01-11 00:00:00'), 'volume': 16386200.0}, {'date': Timestamp('2020-01-04 00:00:00'), 'volume': 14478100.0}]",2026-08-10,37842209.0,11.369999885559082,0.4217393615657832,346
ACT,6315538015.129034,weekly,2025-04-14,8166500.0,483,0,5,"[{'date': Timestamp('2025-04-14 00:00:00'), 'volume': 8166500.0}, {'date': Timestamp('2024-10-28 00:00:00'), 'volume': 6147400.0}, {'date': Timestamp('2022-06-20 00:00:00'), 'volume': 4730600.0}, {'date': Timestamp('2022-06-13 00:00:00'), 'volume': 4129600.0}, {'date': Timestamp('2021-09-13 00:00:00'), 'volume': 4079200.0}]",2026-08-10,1362341.0,49.93999862670898,0.1668206698095879,257
ATAT,4332748572.0,weekly,2025-04-07,15101600.0,490,0,5,"[{'date': Timestamp('2025-04-07 00:00:00'), 'volume': 15101600.0}, {'date': Timestamp('2024-06-10 00:00:00'), 'volume': 11622800.0}, {'date': Timestamp('2023-12-04 00:00:00'), 'volume': 6925900.0}, {'date': Timestamp('2022-11-14 00:00:00'), 'volume': 6618300.0}, {'date': Timestamp('2022-11-07 00:00:00'), 'volume': 1841100.0}]",2026-08-10,3636490.0,34.189998626708984,0.240801636912645,197
NEA,3453935100.0,weekly,2025-04-07,15935900.0,490,0,6,"[{'date': Timestamp('2025-04-07 00:00:00'), 'volume': 15935900.0}, {'date': Timestamp('2020-03-16 00:00:00'), 'volume': 11274900.0}, {'date': Timestamp('2020-03-09 00:00:00'), 'volume': 10465100.0}, {'date': Timestamp('2020-03-02 00:00:00'), 'volume': 4458200.0}, {'date': Timestamp('2020-02-24 00:00:00'), 'volume': 3794600.0}, {'date': Timestamp('2020-01-06 00:00:00'), 'volume': 2822300.0}]",2026-08-10,5788647.0,11.369999885559082,0.3632456905477569,345
PTY,2501386656.0,weekly,2025-04-07,9720700.0,490,0,3,"[{'date': Timestamp('2025-04-07 00:00:00'), 'volume': 9720700.0}, {'date': Timestamp('2020-02-24 00:00:00'), 'volume': 9309500.0}, {'date': Timestamp('2020-01-06 00:00:00'), 'volume': 2369600.0}]",2026-08-10,6656263.0,11.729999542236328,0.684751406791692,345
VAL,5288065866.094918,weekly,2025-04-07,17813800.0,490,0,8,"[{'date': Timestamp('2025-04-07 00:00:00'), 'volume': 17813800.0}, {'date': Timestamp('2025-03-03 00:00:00'), 'volume': 17720800.0}, {'date': Timestamp('2023-03-13 00:00:00'), 'volume': 15236600.0}, {'date': Timestamp('2022-06-20 00:00:00'), 'volume': 14568200.0}, {'date': Timestamp('2021-09-13 00:00:00'), 'volume': 6869800.0}, {'date': Timestamp('2021-05-31 00:00:00'), 'volume': 6711600.0}, {'date': Timestamp('2021-05-24 00:00:00'), 'volume': 6485300.0}, {'date': Timestamp('2021-05-03 00:00:00'), 'volume': 6444000.0}]",2026-08-10,8421079.0,85.62000274658203,0.472727828986516,276
JPC,2911761520.0,weekly,2025-04-07,13113100.0,490,0,9,"[{'date': Timestamp('2025-04-07 00:00:00'), 'volume': 13113100.0}, {'date': Timestamp('2025-03-31 00:00:00'), 'volume': 9297400.0}, {'date': Timestamp('2024-07-15 00:00:00'), 'volume': 8294800.0}, {'date': Timestamp('2024-01-22 00:00:00'), 'volume': 7771000.0}, {'date': Timestamp('2020-03-16 00:00:00'), 'volume': 6913300.0}, {'date': Timestamp('2020-02-24 00:00:00'), 'volume': 5572300.0}, {'date': Timestamp('2020-02-10 00:00:00'), 'volume': 1795000.0}, {'date': Timestamp('2020-01-13 00:00:00'), 'volume': 1623900.0}, {'date': Timestamp('2020-01-06 00:00:00'), 'volume': 1506000.0}]",2026-08-10,6279027.0,7.670000076293945,0.478836201965973,345
UTG,3638866686.0,weekly,2025-04-07,3196200.0,490,0,5,"[{'date': Timestamp('2025-04-07 00:00:00'), 'volume': 3196200.0}, {'date': Timestamp('2020-02-24 00:00:00'), 'volume': 3011300.0}, {'date': Timestamp('2020-02-10 00:00:00'), 'volume': 610100.0}, {'date': Timestamp('2020-01-13 00:00:00'), 'volume': 578600.0}, {'date': Timestamp('2020-01-06 00:00:00'), 'volume': 469800.0}]",2026-08-10,1166480.0,40.34000015258789,0.3649583880858519,345
BXSL,5581321093.516694,weekly,2025-04-07,18532000.0,490,0,11,"[{'date': Timestamp('2025-04-07 00:00:00'), 'volume': 18532000.0}, {'date': Timestamp('2023-12-04 00:00:00'), 'volume': 9807600.0}, {'date': Timestamp('2023-11-13 00:00:00'), 'volume': 9292200.0}, {'date': Timestamp('2023-08-07 00:00:00'), 'volume': 8739400.0}, {'date': Timestamp('2023-01-30 00:00:00'), 'volume': 8317700.0}, {'date': Timestamp('2022-08-08 00:00:00'), 'volume': 5350200.0}, {'date': Timestamp('2022-07-04 00:00:00'), 'volume': 5180700.0}, {'date': Timestamp('2022-06-13 00:00:00'), 'volume': 4569400.0}, {'date': Timestamp('2022-05-09 00:00:00'), 'volume': 3010600.0}, {'date': Timestamp('2022-05-02 00:00:00'), 'volume': 2949400.0}, {'date': Timestamp('2021-10-25 00:00:00'), 'volume': 2186400.0}]",2026-08-10,8784330.0,24.68000030517578,0.4740087416360889,251
NAD,2793857850.0,weekly,2025-04-05,9877400.0,492,0,6,"[{'date': Timestamp('2025-04-05 00:00:00'), 'volume': 9877400.0}, {'date': Timestamp('2020-03-07 00:00:00'), 'volume': 8874600.0}, {'date': Timestamp('2020-02-22 00:00:00'), 'volume': 4598800.0}, {'date': Timestamp('2020-02-08 00:00:00'), 'volume': 3185900.0}, {'date': Timestamp('2020-01-11 00:00:00'), 'volume': 2112900.0}, {'date': Timestamp('2020-01-04 00:00:00'), 'volume': 1770100.0}]",2026-08-10,3698521.0,11.869999885559082,0.3744427683398465,346
KWR,2789571775.639249,weekly,2025-04-05,1413300.0,492,0,6,"[{'date': Timestamp('2025-04-05 00:00:00'), 'volume': 1413300.0}, {'date': Timestamp('2020-03-14 00:00:00'), 'volume': 1336600.0}, {'date': Timestamp('2020-02-29 00:00:00'), 'volume': 1119300.0}, {'date': Timestamp('2020-02-22 00:00:00'), 'volume': 1002700.0}, {'date': Timestamp('2020-01-25 00:00:00'), 'volume': 625100.0}, {'date': Timestamp('2020-01-04 00:00:00'), 'volume': 525700.0}]",2026-08-10,968283.0,170.72000122070312,0.6851220547654426,346
SHOO,3158752420.6784,weekly,2025-04-05,15351700.0,492,0,10,"[{'date': Timestamp('2025-04-05 00:00:00'), 'volume': 15351700.0}, {'date': Timestamp('2025-03-29 00:00:00'), 'volume': 13298300.0}, {'date': Timestamp('2025-03-15 00:00:00'), 'volume': 12059900.0}, {'date': Timestamp('2024-03-09 00:00:00'), 'volume': 10644900.0}, {'date': Timestamp('2020-10-24 00:00:00'), 'volume': 7477300.0}, {'date': Timestamp('2020-02-22 00:00:00'), 'volume': 7175500.0}, {'date': Timestamp('2020-02-08 00:00:00'), 'volume': 4214000.0}, {'date': Timestamp('2020-02-01 00:00:00'), 'volume': 4020200.0}, {'date': Timestamp('2020-01-25 00:00:00'), 'volume': 2514100.0}, {'date': Timestamp('2020-01-04 00:00:00'), 'volume': 2271600.0}]",2026-08-10,4657909.0,47.13999938964844,0.303413237621892,346
BC,5657973644.766713,weekly,2025-04-05,9628000.0,492,0,8,"[{'date': Timestamp('2025-04-05 00:00:00'), 'volume': 9628000.0}, {'date': Timestamp('2024-01-27 00:00:00'), 'volume': 9002100.0}, {'date': Timestamp('2022-03-12 00:00:00'), 'volume': 8792100.0}, {'date': Timestamp('2020-03-14 00:00:00'), 'volume': 7506100.0}, {'date': Timestamp('2020-03-07 00:00:00'), 'volume': 5147700.0}, {'date': Timestamp('2020-01-25 00:00:00'), 'volume': 5045700.0}, {'date': Timestamp('2020-01-18 00:00:00'), 'volume': 3156000.0}, {'date': Timestamp('2020-01-04 00:00:00'), 'volume': 2662100.0}]",2026-08-10,3566083.0,82.66999816894531,0.3703866846697133,346
BEAM,3581225381.8670797,weekly,2025-03-31,21098900.0,497,0,8,"[{'date': Timestamp('2025-03-31 00:00:00'), 'volume': 21098900.0}, {'date': Timestamp('2025-03-10 00:00:00'), 'volume': 20184700.0}, {'date': Timestamp('2024-02-26 00:00:00'), 'volume': 15088400.0}, {'date': Timestamp('2022-05-09 00:00:00'), 'volume': 11353200.0}, {'date': Timestamp('2021-06-28 00:00:00'), 'volume': 11041100.0}, {'date': Timestamp('2021-02-22 00:00:00'), 'volume': 7938800.0}, {'date': Timestamp('2020-12-14 00:00:00'), 'volume': 7587700.0}, {'date': Timestamp('2020-02-03 00:00:00'), 'volume': 7094800.0}]",2026-08-10,8610028.0,26.75,0.4080794733374726,341
EWTX,4460806045.526985,weekly,2025-03-31,31165400.0,497,0,8,"[{'date': Timestamp('2025-03-31 00:00:00'), 'volume': 31165400.0}, {'date': Timestamp('2024-09-16 00:00:00'), 'volume': 23027100.0}, {'date': Timestamp('2024-01-15 00:00:00'), 'volume': 10212500.0}, {'date': Timestamp('2022-01-03 00:00:00'), 'volume': 9148900.0}, {'date': Timestamp('2021-12-13 00:00:00'), 'volume': 5054300.0}, {'date': Timestamp('2021-06-21 00:00:00'), 'volume': 3129100.0}, {'date': Timestamp('2021-03-29 00:00:00'), 'volume': 1999200.0}, {'date': Timestamp('2021-03-22 00:00:00'), 'volume': 1959100.0}]",2026-08-10,5413269.0,44.16999816894531,0.1736948346563817,282
PCVX,8161357475.441133,weekly,2025-03-31,38011900.0,497,0,4,"[{'date': Timestamp('2025-03-31 00:00:00'), 'volume': 38011900.0}, {'date': Timestamp('2022-10-24 00:00:00'), 'volume': 37059500.0}, {'date': Timestamp('2020-09-14 00:00:00'), 'volume': 4889800.0}, {'date': Timestamp('2020-06-08 00:00:00'), 'volume': 3627300.0}]",2026-08-10,5010502.0,58.06999969482422,0.1318140371830926,323
RH,3006010003.865933,weekly,2025-03-31,26886900.0,497,0,6,"[{'date': Timestamp('2025-03-31 00:00:00'), 'volume': 26886900.0}, {'date': Timestamp('2020-03-30 00:00:00'), 'volume': 14443800.0}, {'date': Timestamp('2020-03-23 00:00:00'), 'volume': 11168500.0}, {'date': Timestamp('2020-03-16 00:00:00'), 'volume': 10723300.0}, {'date': Timestamp('2020-03-09 00:00:00'), 'volume': 9532500.0}, {'date': Timestamp('2020-01-06 00:00:00'), 'volume': 7123900.0}]",2026-08-10,2427515.0,181.759994506836,0.0902861616623709,345
EZPW,2001149942.177885,weekly,2025-03-29,15381200.0,499,0,7,"[{'date': Timestamp('2025-03-29 00:00:00'), 'volume': 15381200.0}, {'date': Timestamp('2023-06-17 00:00:00'), 'volume': 11844800.0}, {'date': Timestamp('2022-12-03 00:00:00'), 'volume': 10569200.0}, {'date': Timestamp('2020-02-01 00:00:00'), 'volume': 10035300.0}, {'date': Timestamp('2020-01-25 00:00:00'), 'volume': 2142200.0}, {'date': Timestamp('2020-01-11 00:00:00'), 'volume': 1823700.0}, {'date': Timestamp('2020-01-04 00:00:00'), 'volume': 1535300.0}]",2026-08-10,7074325.0,29.489999771118164,0.4599332301770993,346
WEX,4784550650.383002,weekly,2025-03-24,12502600.0,504,0,10,"[{'date': Timestamp('2025-03-24 00:00:00'), 'volume': 12502600.0}, {'date': Timestamp('2025-03-17 00:00:00'), 'volume': 9295700.0}, {'date': Timestamp('2020-03-09 00:00:00'), 'volume': 6402800.0}, {'date': Timestamp('2020-03-02 00:00:00'), 'volume': 4563400.0}, {'date': Timestamp('2020-02-24 00:00:00'), 'volume': 3441300.0}, {'date': Timestamp('2020-02-10 00:00:00'), 'volume': 2965600.0}, {'date': Timestamp('2020-02-03 00:00:00'), 'volume': 2368900.0}, {'date': Timestamp('2020-01-27 00:00:00'), 'volume': 2017300.0}, {'date': Timestamp('2020-01-20 00:00:00'), 'volume': 1583600.0}, {'date': Timestamp('2020-01-06 00:00:00'), 'volume': 1306600.0}]",2026-08-10,3011572.0,191.77999877929688,0.2408756578631644,345
EFSC,2446126728.8223443,weekly,2025-03-17,4354600.0,511,0,7,"[{'date': Timestamp('2025-03-17 00:00:00'), 'volume': 4354600.0}, {'date': Timestamp('2021-04-26 00:00:00'), 'volume': 2197800.0}, {'date': Timestamp('2020-12-14 00:00:00'), 'volume': 1379700.0}, {'date': Timestamp('2020-03-16 00:00:00'), 'volume': 959600.0}, {'date': Timestamp('2020-03-09 00:00:00'), 'volume': 794400.0}, {'date': Timestamp('2020-03-02 00:00:00'), 'volume': 597300.0}, {'date': Timestamp('2020-01-06 00:00:00'), 'volume': 529700.0}]",2026-08-10,1146497.0,66.43000030517578,0.2632841133513985,345
WSC,5223506256.714138,weekly,2025-03-17,49348500.0,511,0,9,"[{'date': Timestamp('2025-03-17 00:00:00'), 'volume': 49348500.0}, {'date': Timestamp('2022-06-20 00:00:00'), 'volume': 34617300.0}, {'date': Timestamp('2021-06-21 00:00:00'), 'volume': 27617300.0}, {'date': Timestamp('2020-06-29 00:00:00'), 'volume': 27298400.0}, {'date': Timestamp('2020-03-02 00:00:00'), 'volume': 14509500.0}, {'date': Timestamp('2020-02-24 00:00:00'), 'volume': 3352600.0}, {'date': Timestamp('2020-01-27 00:00:00'), 'volume': 2294200.0}, {'date': Timestamp('2020-01-13 00:00:00'), 'volume': 2024700.0}, {'date': Timestamp('2020-01-06 00:00:00'), 'volume': 1116300.0}]",2026-08-10,19471514.0,23.76000022888184,0.3945715472608083,345
FRPT,2822270367.084301,weekly,2025-03-17,15480600.0,511,0,8,"[{'date': Timestamp('2025-03-17 00:00:00'), 'volume': 15480600.0}, {'date': Timestamp('2025-03-10 00:00:00'), 'volume': 12525800.0}, {'date': Timestamp('2022-05-02 00:00:00'), 'volume': 11852300.0}, {'date': Timestamp('2021-06-21 00:00:00'), 'volume': 6639800.0}, {'date': Timestamp('2020-02-24 00:00:00'), 'volume': 5497400.0}, {'date': Timestamp('2020-02-17 00:00:00'), 'volume': 2053600.0}, {'date': Timestamp('2020-01-13 00:00:00'), 'volume': 1567200.0}, {'date': Timestamp('2020-01-06 00:00:00'), 'volume': 1083600.0}]",2026-08-10,5037387.0,72.76000213623047,0.3253999844967249,345
CE,5419522357.261242,weekly,2025-03-17,36037900.0,511,0,12,"[{'date': Timestamp('2025-03-17 00:00:00'), 'volume': 36037900.0}, {'date': Timestamp('2025-02-24 00:00:00'), 'volume': 28794000.0}, {'date': Timestamp('2025-02-17 00:00:00'), 'volume': 27909700.0}, {'date': Timestamp('2024-11-04 00:00:00'), 'volume': 24669500.0}, {'date': Timestamp('2023-03-13 00:00:00'), 'volume': 11738100.0}, {'date': Timestamp('2022-02-28 00:00:00'), 'volume': 8535300.0}, {'date': Timestamp('2020-03-16 00:00:00'), 'volume': 7954000.0}, {'date': Timestamp('2020-03-09 00:00:00'), 'volume': 7767400.0}, {'date': Timestamp('2020-02-24 00:00:00'), 'volume': 7389300.0}, {'date': Timestamp('2020-02-03 00:00:00'), 'volume': 5134000.0}, {'date': Timestamp('2020-01-27 00:00:00'), 'volume': 5016100.0}, {'date': Timestamp('2020-01-06 00:00:00'), 'volume': 4322400.0}]",2026-08-10,7515632.0,45.65999984741211,0.2085480008546558,345
MWA,4177777888.054114,weekly,2025-03-17,43915800.0,511,0,14,"[{'date': Timestamp('2025-03-17 00:00:00'), 'volume': 43915800.0}, {'date': Timestamp('2025-03-10 00:00:00'), 'volume': 17013000.0}, {'date': Timestamp('2024-05-06 00:00:00'), 'volume': 16317500.0}, {'date': Timestamp('2024-04-15 00:00:00'), 'volume': 11047900.0}, {'date': Timestamp('2021-12-13 00:00:00'), 'volume': 9799400.0}, {'date': Timestamp('2021-11-08 00:00:00'), 'volume': 9373400.0}, {'date': Timestamp('2021-09-13 00:00:00'), 'volume': 8242600.0}, {'date': Timestamp('2020-03-23 00:00:00'), 'volume': 8073600.0}, {'date': Timestamp('2020-03-16 00:00:00'), 'volume': 7822200.0}, {'date': Timestamp('2020-03-09 00:00:00'), 'volume': 6903400.0}, {'date': Timestamp('2020-02-24 00:00:00'), 'volume': 6683600.0}, {'date': Timestamp('2020-02-03 00:00:00'), 'volume': 5364000.0}, {'date': Timestamp('2020-01-13 00:00:00'), 'volume': 4279500.0}, {'date': Timestamp('2020-01-06 00:00:00'), 'volume': 2934100.0}]",2026-08-10,4644924.0,25.540000915527344,0.1057688576776467,345
WTTR,2763705556.8018765,weekly,2025-03-17,24597500.0,511,0,9,"[{'date': Timestamp('2025-03-17 00:00:00'), 'volume': 24597500.0}, {'date': Timestamp('2024-03-11 00:00:00'), 'volume': 15774700.0}, {'date': Timestamp('2024-02-19 00:00:00'), 'volume': 10935300.0}, {'date': Timestamp('2023-06-12 00:00:00'), 'volume': 8478600.0}, {'date': Timestamp('2020-09-14 00:00:00'), 'volume': 7745100.0}, {'date': Timestamp('2020-03-02 00:00:00'), 'volume': 4785000.0}, {'date': Timestamp('2020-02-24 00:00:00'), 'volume': 3213600.0}, {'date': Timestamp('2020-01-27 00:00:00'), 'volume': 1762600.0}, {'date': Timestamp('2020-01-06 00:00:00'), 'volume': 1609100.0}]",2026-08-10,5414539.0,20.86000061035156,0.220125581868076,345
IPAR,3457823457.495592,weekly,2025-03-15,3521100.0,513,0,9,"[{'date': Timestamp('2025-03-15 00:00:00'), 'volume': 3521100.0}, {'date': Timestamp('2020-05-09 00:00:00'), 'volume': 1714500.0}, {'date': Timestamp('2020-04-25 00:00:00'), 'volume': 1070600.0}, {'date': Timestamp('2020-04-18 00:00:00'), 'volume': 944400.0}, {'date': Timestamp('2020-03-14 00:00:00'), 'volume': 824700.0}, {'date': Timestamp('2020-03-07 00:00:00'), 'volume': 631000.0}, {'date': Timestamp('2020-02-22 00:00:00'), 'volume': 626800.0}, {'date': Timestamp('2020-01-11 00:00:00'), 'volume': 604500.0}, {'date': Timestamp('2020-01-04 00:00:00'), 'volume': 419500.0}]",2026-08-10,1311764.0,114.62999725341795,0.3725438073329357,346
RHP,8338628342.997249,weekly,2025-03-15,16705200.0,513,0,6,"[{'date': Timestamp('2025-03-15 00:00:00'), 'volume': 16705200.0}, {'date': Timestamp('2020-03-14 00:00:00'), 'volume': 11630600.0}, {'date': Timestamp('2020-03-07 00:00:00'), 'volume': 6493500.0}, {'date': Timestamp('2020-02-22 00:00:00'), 'volume': 4490200.0}, {'date': Timestamp('2020-01-25 00:00:00'), 'volume': 1583800.0}, {'date': Timestamp('2020-01-04 00:00:00'), 'volume': 1524100.0}]",2026-08-10,10529273.0,125.5199966430664,0.6302991284151043,346
IOSP,2035263295.7966428,weekly,2025-03-15,2879000.0,513,0,8,"[{'date': Timestamp('2025-03-15 00:00:00'), 'volume': 2879000.0}, {'date': Timestamp('2021-12-11 00:00:00'), 'volume': 1652600.0}, {'date': Timestamp('2020-12-12 00:00:00'), 'volume': 1280800.0}, {'date': Timestamp('2020-03-07 00:00:00'), 'volume': 1026400.0}, {'date': Timestamp('2020-02-22 00:00:00'), 'volume': 994300.0}, {'date': Timestamp('2020-02-15 00:00:00'), 'volume': 765100.0}, {'date': Timestamp('2020-01-11 00:00:00'), 'volume': 551800.0}, {'date': Timestamp('2020-01-04 00:00:00'), 'volume': 542500.0}]",2026-08-10,906528.0,93.8499984741211,0.3148759986106287,346
BKE,2227641936.528639,weekly,2025-03-15,6585700.0,513,0,8,"[{'date': Timestamp('2025-03-15 00:00:00'), 'volume': 6585700.0}, {'date': Timestamp('2022-01-22 00:00:00'), 'volume': 5836200.0}, {'date': Timestamp('2021-12-11 00:00:00'), 'volume': 5802200.0}, {'date': Timestamp('2021-01-23 00:00:00'), 'volume': 5648400.0}, {'date': Timestamp('2020-08-15 00:00:00'), 'volume': 5600400.0}, {'date': Timestamp('2020-03-14 00:00:00'), 'volume': 5289500.0}, {'date': Timestamp('2020-03-07 00:00:00'), 'volume': 4473800.0}, {'date': Timestamp('2020-01-04 00:00:00'), 'volume': 3947100.0}]",2026-08-10,1978373.0,44.11000061035156,0.3004043609639066,346
CENT,2525720980.975281,weekly,2025-03-15,4125800.0,513,0,9,"[{'date': Timestamp('2025-03-15 00:00:00'), 'volume': 4125800.0}, {'date': Timestamp('2023-09-09 00:00:00'), 'volume': 2062737.0}, {'date': Timestamp('2021-06-19 00:00:00'), 'volume': 1593440.0}, {'date': Timestamp('2020-03-14 00:00:00'), 'volume': 1338422.0}, {'date': Timestamp('2020-03-07 00:00:00'), 'volume': 674128.0}, {'date': Timestamp('2020-02-22 00:00:00'), 'volume': 595849.0}, {'date': Timestamp('2020-02-01 00:00:00'), 'volume': 496626.0}, {'date': Timestamp('2020-01-25 00:00:00'), 'volume': 390123.0}, {'date': Timestamp('2020-01-04 00:00:00'), 'volume': 377992.0}]",2026-08-10,673607.0,43.72999954223633,0.1632670027631005,346
OFG,2067280610.5309265,weekly,2025-03-15,6039000.0,513,0,8,"[{'date': Timestamp('2025-03-15 00:00:00'), 'volume': 6039000.0}, {'date': Timestamp('2023-03-11 00:00:00'), 'volume': 5313000.0}, {'date': Timestamp('2020-05-02 00:00:00'), 'volume': 3406200.0}, {'date': Timestamp('2020-03-14 00:00:00'), 'volume': 3361500.0}, {'date': Timestamp('2020-03-07 00:00:00'), 'volume': 2989600.0}, {'date': Timestamp('2020-02-29 00:00:00'), 'volume': 1861200.0}, {'date': Timestamp('2020-01-25 00:00:00'), 'volume': 1845300.0}, {'date': Timestamp('2020-01-04 00:00:00'), 'volume': 1519000.0}]",2026-08-10,1133034.0,53.95000076293945,0.1876194734227521,346
PSMT,6063316343.220448,weekly,2025-03-15,2796500.0,513,0,4,"[{'date': Timestamp('2025-03-15 00:00:00'), 'volume': 2796500.0}, {'date': Timestamp('2023-09-30 00:00:00'), 'volume': 2507000.0}, {'date': Timestamp('2020-03-14 00:00:00'), 'volume': 1420900.0}, {'date': Timestamp('2020-01-04 00:00:00'), 'volume': 1247100.0}]",2026-08-10,1516818.0,180.22000122070312,0.54239871267656,346
TFX,5748929545.900305,weekly,2025-03-15,15827000.0,513,0,11,"[{'date': Timestamp('2025-03-15 00:00:00'), 'volume': 15827000.0}, {'date': Timestamp('2025-02-22 00:00:00'), 'volume': 11376900.0}, {'date': Timestamp('2022-07-23 00:00:00'), 'volume': 4621300.0}, {'date': Timestamp('2021-07-10 00:00:00'), 'volume': 3634300.0}, {'date': Timestamp('2021-06-19 00:00:00'), 'volume': 2729100.0}, {'date': Timestamp('2020-03-14 00:00:00'), 'volume': 2269700.0}, {'date': Timestamp('2020-03-07 00:00:00'), 'volume': 1967300.0}, {'date': Timestamp('2020-02-29 00:00:00'), 'volume': 1613100.0}, {'date': Timestamp('2020-02-22 00:00:00'), 'volume': 1346600.0}, {'date': Timestamp('2020-02-15 00:00:00'), 'volume': 1108200.0}, {'date': Timestamp('2020-01-04 00:00:00'), 'volume': 1011900.0}]",2026-08-10,3624512.0,137.1699981689453,0.2290081506286725,346
BHE,3302481342.956065,weekly,2025-03-15,6373200.0,513,0,10,"[{'date': Timestamp('2025-03-15 00:00:00'), 'volume': 6373200.0}, {'date': Timestamp('2024-06-15 00:00:00'), 'volume': 6041500.0}, {'date': Timestamp('2024-03-09 00:00:00'), 'volume': 3861600.0}, {'date': Timestamp('2023-03-11 00:00:00'), 'volume': 2342400.0}, {'date': Timestamp('2020-12-12 00:00:00'), 'volume': 2244100.0}, {'date': Timestamp('2020-03-14 00:00:00'), 'volume': 2188400.0}, {'date': Timestamp('2020-02-08 00:00:00'), 'volume': 2037800.0}, {'date': Timestamp('2020-02-01 00:00:00'), 'volume': 1971400.0}, {'date': Timestamp('2020-01-25 00:00:00'), 'volume': 1824400.0}, {'date': Timestamp('2020-01-04 00:00:00'), 'volume': 1520000.0}]",2026-08-10,1435052.0,81.75,0.2251697734262223,346
ACI,6656089142.413517,weekly,2025-03-10,82790000.0,518,0,3,"[{'date': Timestamp('2025-03-10 00:00:00'), 'volume': 82790000.0}, {'date': Timestamp('2022-10-10 00:00:00'), 'volume': 77225200.0}, {'date': Timestamp('2020-06-22 00:00:00'), 'volume': 37289500.0}]",2026-08-10,34995852.0,12.420000076293944,0.4227062688730523,321
THO,4098997093.085568,weekly,2025-03-01,9994600.0,527,0,7,"[{'date': Timestamp('2025-03-01 00:00:00'), 'volume': 9994600.0}, {'date': Timestamp('2020-06-06 00:00:00'), 'volume': 9101700.0}, {'date': Timestamp('2020-03-14 00:00:00'), 'volume': 8902700.0}, {'date': Timestamp('2020-03-07 00:00:00'), 'volume': 8725800.0}, {'date': Timestamp('2020-02-29 00:00:00'), 'volume': 6184800.0}, {'date': Timestamp('2020-01-11 00:00:00'), 'volume': 5765800.0}, {'date': Timestamp('2020-01-04 00:00:00'), 'volume': 4050300.0}]",2026-08-10,3562434.0,79.0,0.3564358753727012,346
FLYW,2164749564.9075828,weekly,2025-02-24,45355400.0,532,0,5,"[{'date': Timestamp('2025-02-24 00:00:00'), 'volume': 45355400.0}, {'date': Timestamp('2024-05-06 00:00:00'), 'volume': 24202300.0}, {'date': Timestamp('2023-11-06 00:00:00'), 'volume': 21231900.0}, {'date': Timestamp('2021-12-13 00:00:00'), 'volume': 16522800.0}, {'date': Timestamp('2021-05-24 00:00:00'), 'volume': 9801500.0}]",2026-08-10,8614623.0,18.809999465942383,0.1899359943909655,273
HSIC,9677228677.344366,weekly,2025-02-22,26419600.0,534,0,7,"[{'date': Timestamp('2025-02-22 00:00:00'), 'volume': 26419600.0}, {'date': Timestamp('2020-03-21 00:00:00'), 'volume': 20859100.0}, {'date': Timestamp('2020-03-07 00:00:00'), 'volume': 14912000.0}, {'date': Timestamp('2020-02-22 00:00:00'), 'volume': 9609600.0}, {'date': Timestamp('2020-02-15 00:00:00'), 'volume': 9273500.0}, {'date': Timestamp('2020-01-25 00:00:00'), 'volume': 5638400.0}, {'date': Timestamp('2020-01-04 00:00:00'), 'volume': 4517700.0}]",2026-08-10,6436611.0,89.7699966430664,0.2436301458008448,346
TTC,9221075712.666668,weekly,2025-02-22,12033400.0,534,0,9,"[{'date': Timestamp('2025-02-22 00:00:00'), 'volume': 12033400.0}, {'date': Timestamp('2024-06-01 00:00:00'), 'volume': 9571400.0}, {'date': Timestamp('2023-02-25 00:00:00'), 'volume': 8583000.0}, {'date': Timestamp('2020-05-09 00:00:00'), 'volume': 5221100.0}, {'date': Timestamp('2020-03-14 00:00:00'), 'volume': 4356500.0}, {'date': Timestamp('2020-03-07 00:00:00'), 'volume': 3783300.0}, {'date': Timestamp('2020-02-29 00:00:00'), 'volume': 2930000.0}, {'date': Timestamp('2020-02-22 00:00:00'), 'volume': 2241800.0}, {'date': Timestamp('2020-01-04 00:00:00'), 'volume': 2147300.0}]",2026-08-10,2664578.0,98.37999725341795,0.2214318480230026,346
KAI,3832318391.157388,weekly,2025-02-15,3143900.0,541,0,6,"[{'date': Timestamp('2025-02-15 00:00:00'), 'volume': 3143900.0}, {'date': Timestamp('2024-12-14 00:00:00'), 'volume': 1015500.0}, {'date': Timestamp('2024-04-27 00:00:00'), 'volume': 906200.0}, {'date': Timestamp('2024-02-10 00:00:00'), 'volume': 857100.0}, {'date': Timestamp('2020-02-08 00:00:00'), 'volume': 754400.0}, {'date': Timestamp('2020-01-04 00:00:00'), 'volume': 408800.0}]",2026-08-10,460097.0,334.2200012207031,0.1463459397563535,346
MRP,4770275148.521914,weekly,2025-02-10,48780000.0,546,0,2,"[{'date': Timestamp('2025-02-10 00:00:00'), 'volume': 48780000.0}, {'date': Timestamp('2025-02-03 00:00:00'), 'volume': 45724200.0}]",2026-08-10,4212898.0,30.32999992370605,0.0863652726527265,80
GOLF,6914062541.1053,weekly,2025-02-10,8508300.0,546,0,10,"[{'date': Timestamp('2025-02-10 00:00:00'), 'volume': 8508300.0}, {'date': Timestamp('2020-04-13 00:00:00'), 'volume': 3382700.0}, {'date': Timestamp('2020-03-16 00:00:00'), 'volume': 3269600.0}, {'date': Timestamp('2020-03-09 00:00:00'), 'volume': 2857200.0}, {'date': Timestamp('2020-03-02 00:00:00'), 'volume': 2324900.0}, {'date': Timestamp('2020-02-24 00:00:00'), 'volume': 2040800.0}, {'date': Timestamp('2020-02-17 00:00:00'), 'volume': 1559500.0}, {'date': Timestamp('2020-02-10 00:00:00'), 'volume': 1458300.0}, {'date': Timestamp('2020-01-27 00:00:00'), 'volume': 1036500.0}, {'date': Timestamp('2020-01-06 00:00:00'), 'volume': 963200.0}]",2026-08-10,2200470.0,90.05999755859375,0.2586262825711364,345
SAIL,7475471473.662728,weekly,2025-02-10,54686800.0,546,0,1,"[{'date': Timestamp('2025-02-10 00:00:00'), 'volume': 54686800.0}]",2026-08-10,21881862.0,19.530000686645508,0.400130598243086,79
MANH,8155840336.390083,weekly,2025-02-08,10934200.0,548,0,7,"[{'date': Timestamp('2025-02-08 00:00:00'), 'volume': 10934200.0}, {'date': Timestamp('2025-01-25 00:00:00'), 'volume': 7230500.0}, {'date': Timestamp('2020-03-14 00:00:00'), 'volume': 6705100.0}, {'date': Timestamp('2020-03-07 00:00:00'), 'volume': 5317700.0}, {'date': Timestamp('2020-02-01 00:00:00'), 'volume': 3321000.0}, {'date': Timestamp('2020-01-25 00:00:00'), 'volume': 2314000.0}, {'date': Timestamp('2020-01-04 00:00:00'), 'volume': 1571500.0}]",2026-08-10,4565693.0,197.38999938964844,0.4175607726216824,346
TTAM,3561882828.304664,weekly,2025-02-03,9742400.0,553,0,1,"[{'date': Timestamp('2025-02-03 00:00:00'), 'volume': 9742400.0}]",2026-08-10,1496899.0,16.040000915527344,0.1536478691082279,80
TBBB,5062010797.445047,weekly,2025-02-03,16017400.0,553,0,2,"[{'date': Timestamp('2025-02-03 00:00:00'), 'volume': 16017400.0}, {'date': Timestamp('2024-02-05 00:00:00'), 'volume': 15493600.0}]",2026-08-10,7741650.0,47.790000915527344,0.4833275063368586,132
ELF,4008074635.7133207,weekly,2025-02-03,42925200.0,553,0,10,"[{'date': Timestamp('2025-02-03 00:00:00'), 'volume': 42925200.0}, {'date': Timestamp('2024-11-18 00:00:00'), 'volume': 23952700.0}, {'date': Timestamp('2024-11-04 00:00:00'), 'volume': 23505800.0}, {'date': Timestamp('2024-09-09 00:00:00'), 'volume': 17563300.0}, {'date': Timestamp('2024-05-20 00:00:00'), 'volume': 16300600.0}, {'date': Timestamp('2023-10-30 00:00:00'), 'volume': 15696800.0}, {'date': Timestamp('2021-01-04 00:00:00'), 'volume': 14028900.0}, {'date': Timestamp('2020-02-03 00:00:00'), 'volume': 7394800.0}, {'date': Timestamp('2020-01-13 00:00:00'), 'volume': 3826300.0}, {'date': Timestamp('2020-01-06 00:00:00'), 'volume': 3590600.0}]",2026-08-10,11269589.0,91.44000244140624,0.2625401628880005,345
SFD,9884148819.978697,weekly,2025-01-27,20390900.0,560,0,1,"[{'date': Timestamp('2025-01-27 00:00:00'), 'volume': 20390900.0}]",2026-08-10,13794183.0,22.76000022888184,0.6764872075288486,81
XIFR,2322447109.3768363,weekly,2025-01-27,60297500.0,560,0,11,"[{'date': Timestamp('2025-01-27 00:00:00'), 'volume': 60297500.0}, {'date': Timestamp('2023-10-02 00:00:00'), 'volume': 41194400.0}, {'date': Timestamp('2023-09-25 00:00:00'), 'volume': 33326600.0}, {'date': Timestamp('2023-04-24 00:00:00'), 'volume': 11187000.0}, {'date': Timestamp('2020-03-16 00:00:00'), 'volume': 9337900.0}, {'date': Timestamp('2020-03-09 00:00:00'), 'volume': 7397000.0}, {'date': Timestamp('2020-02-24 00:00:00'), 'volume': 4232900.0}, {'date': Timestamp('2020-02-03 00:00:00'), 'volume': 2718600.0}, {'date': Timestamp('2020-01-27 00:00:00'), 'volume': 2410400.0}, {'date': Timestamp('2020-01-13 00:00:00'), 'volume': 2321200.0}, {'date': Timestamp('2020-01-06 00:00:00'), 'volume': 1673500.0}]",2026-08-10,3057828.0,11.75,0.050712351258344,345
CNR,4121830230.998783,weekly,2025-01-13,12787700.0,574,0,8,"[{'date': Timestamp('2025-01-13 00:00:00'), 'volume': 12787700.0}, {'date': Timestamp('2023-02-06 00:00:00'), 'volume': 7883000.0}, {'date': Timestamp('2020-03-16 00:00:00'), 'volume': 6653600.0}, {'date': Timestamp('2020-02-10 00:00:00'), 'volume': 6136300.0}, {'date': Timestamp('2020-02-03 00:00:00'), 'volume': 3252300.0}, {'date': Timestamp('2020-01-27 00:00:00'), 'volume': 2302100.0}, {'date': Timestamp('2020-01-20 00:00:00'), 'volume': 2286300.0}, {'date': Timestamp('2020-01-06 00:00:00'), 'volume': 2193900.0}]",2026-08-10,2249896.0,95.94000244140624,0.1759421944524817,345
JBTM,7253046794.513808,weekly,2025-01-06,5628000.0,581,0,12,"[{'date': Timestamp('2025-01-06 00:00:00'), 'volume': 5628000.0}, {'date': Timestamp('2024-12-30 00:00:00'), 'volume': 5235300.0}, {'date': Timestamp('2024-12-23 00:00:00'), 'volume': 4627200.0}, {'date': Timestamp('2024-10-21 00:00:00'), 'volume': 3771700.0}, {'date': Timestamp('2021-05-24 00:00:00'), 'volume': 2468100.0}, {'date': Timestamp('2020-03-16 00:00:00'), 'volume': 1922900.0}, {'date': Timestamp('2020-03-09 00:00:00'), 'volume': 1489200.0}, {'date': Timestamp('2020-03-02 00:00:00'), 'volume': 1128900.0}, {'date': Timestamp('2020-02-17 00:00:00'), 'volume': 778000.0}, {'date': Timestamp('2020-02-10 00:00:00'), 'volume': 728300.0}, {'date': Timestamp('2020-01-13 00:00:00'), 'volume': 654800.0}, {'date': Timestamp('2020-01-06 00:00:00'), 'volume': 606600.0}]",2026-08-10,4641665.0,120.18000030517578,0.8247450248756218,345
ACAD,4335692111.620574,weekly,2024-12-30,51406100.0,588,0,5,"[{'date': Timestamp('2024-12-30 00:00:00'), 'volume': 51406100.0}, {'date': Timestamp('2021-03-08 00:00:00'), 'volume': 46575500.0}, {'date': Timestamp('2020-06-22 00:00:00'), 'volume': 25210900.0}, {'date': Timestamp('2020-02-24 00:00:00'), 'volume': 9944900.0}, {'date': Timestamp('2020-01-06 00:00:00'), 'volume': 8322200.0}]",2026-08-10,9085325.0,28.239999771118164,0.1767363211758915,345
INSW,3936118267.690882,weekly,2024-12-23,11813000.0,595,0,8,"[{'date': Timestamp('2024-12-23 00:00:00'), 'volume': 11813000.0}, {'date': Timestamp('2022-04-25 00:00:00'), 'volume': 8362200.0}, {'date': Timestamp('2022-04-18 00:00:00'), 'volume': 6393000.0}, {'date': Timestamp('2022-02-28 00:00:00'), 'volume': 4576900.0}, {'date': Timestamp('2020-03-09 00:00:00'), 'volume': 4141800.0}, {'date': Timestamp('2020-03-02 00:00:00'), 'volume': 3430200.0}, {'date': Timestamp('2020-01-13 00:00:00'), 'volume': 2617100.0}, {'date': Timestamp('2020-01-06 00:00:00'), 'volume': 2531300.0}]",2026-08-10,2588661.0,97.0500030517578,0.219136629137391,345
QRVO,8262723753.136623,weekly,2024-12-19,39476500.0,599,0,5,"[{'date': Timestamp('2024-12-19 00:00:00'), 'volume': 39476500.0}, {'date': Timestamp('2024-10-24 00:00:00'), 'volume': 16786900.0}, {'date': Timestamp('2020-02-27 00:00:00'), 'volume': 15537700.0}, {'date': Timestamp('2020-01-30 00:00:00'), 'volume': 15015600.0}, {'date': Timestamp('2020-01-02 00:00:00'), 'volume': 11160300.0}]",2026-08-10,4942497.0,98.11000061035156,0.1252009929958329,347
TRNO,7014149738.51691,weekly,2024-12-16,28328600.0,602,0,11,"[{'date': Timestamp('2024-12-16 00:00:00'), 'volume': 28328600.0}, {'date': Timestamp('2024-12-09 00:00:00'), 'volume': 9086700.0}, {'date': Timestamp('2024-03-25 00:00:00'), 'volume': 7900500.0}, {'date': Timestamp('2023-12-11 00:00:00'), 'volume': 6059200.0}, {'date': Timestamp('2023-02-06 00:00:00'), 'volume': 5572800.0}, {'date': Timestamp('2020-06-15 00:00:00'), 'volume': 5404200.0}, {'date': Timestamp('2020-03-16 00:00:00'), 'volume': 4250600.0}, {'date': Timestamp('2020-03-09 00:00:00'), 'volume': 2962500.0}, {'date': Timestamp('2020-02-24 00:00:00'), 'volume': 2295000.0}, {'date': Timestamp('2020-02-10 00:00:00'), 'volume': 1611700.0}, {'date': Timestamp('2020-01-06 00:00:00'), 'volume': 1591000.0}]",2026-08-10,3325201.0,68.22000122070312,0.1173796445994507,345
AMTM,4947405410.652066,weekly,2024-12-16,55823000.0,602,0,3,"[{'date': Timestamp('2024-12-16 00:00:00'), 'volume': 55823000.0}, {'date': Timestamp('2024-09-30 00:00:00'), 'volume': 47546300.0}, {'date': Timestamp('2024-09-23 00:00:00'), 'volume': 211900.0}]",2026-08-10,19021310.0,21.46999931335449,0.3407432420328538,99
DXPE,2532947845.720103,weekly,2024-12-14,2587000.0,604,0,15,"[{'date': Timestamp('2024-12-14 00:00:00'), 'volume': 2587000.0}, {'date': Timestamp('2022-01-29 00:00:00'), 'volume': 1596500.0}, {'date': Timestamp('2022-01-22 00:00:00'), 'volume': 1240600.0}, {'date': Timestamp('2021-12-11 00:00:00'), 'volume': 1161700.0}, {'date': Timestamp('2020-06-06 00:00:00'), 'volume': 1145400.0}, {'date': Timestamp('2020-05-09 00:00:00'), 'volume': 1127100.0}, {'date': Timestamp('2020-05-02 00:00:00'), 'volume': 919200.0}, {'date': Timestamp('2020-04-11 00:00:00'), 'volume': 894500.0}, {'date': Timestamp('2020-04-04 00:00:00'), 'volume': 891400.0}, {'date': Timestamp('2020-03-14 00:00:00'), 'volume': 866100.0}, {'date': Timestamp('2020-03-07 00:00:00'), 'volume': 842300.0}, {'date': Timestamp('2020-02-29 00:00:00'), 'volume': 686000.0}, {'date': Timestamp('2020-01-25 00:00:00'), 'volume': 434100.0}, {'date': Timestamp('2020-01-18 00:00:00'), 'volume': 236800.0}, {'date': Timestamp('2020-01-04 00:00:00'), 'volume': 230000.0}]",2026-08-10,1002831.0,200.83999633789065,0.3876424429841515,346
AKR,2921354999.3932686,weekly,2024-12-14,17963100.0,604,0,7,"[{'date': Timestamp('2024-12-14 00:00:00'), 'volume': 17963100.0}, {'date': Timestamp('2024-01-06 00:00:00'), 'volume': 10422100.0}, {'date': Timestamp('2020-03-28 00:00:00'), 'volume': 8162100.0}, {'date': Timestamp('2020-03-07 00:00:00'), 'volume': 7241900.0}, {'date': Timestamp('2020-02-29 00:00:00'), 'volume': 3703600.0}, {'date': Timestamp('2020-02-22 00:00:00'), 'volume': 3160300.0}, {'date': Timestamp('2020-01-04 00:00:00'), 'volume': 3116700.0}]",2026-08-10,6601560.0,20.850000381469727,0.3675067221136663,346
AGCO,8497140282.869762,weekly,2024-12-14,12414800.0,604,0,10,"[{'date': Timestamp('2024-12-14 00:00:00'), 'volume': 12414800.0}, {'date': Timestamp('2024-11-02 00:00:00'), 'volume': 7495100.0}, {'date': Timestamp('2024-07-27 00:00:00'), 'volume': 6745400.0}, {'date': Timestamp('2022-03-26 00:00:00'), 'volume': 6215600.0}, {'date': Timestamp('2020-03-14 00:00:00'), 'volume': 6159800.0}, {'date': Timestamp('2020-03-07 00:00:00'), 'volume': 4569400.0}, {'date': Timestamp('2020-02-01 00:00:00'), 'volume': 4114900.0}, {'date': Timestamp('2020-01-25 00:00:00'), 'volume': 2082000.0}, {'date': Timestamp('2020-01-11 00:00:00'), 'volume': 1888800.0}, {'date': Timestamp('2020-01-04 00:00:00'), 'volume': 1709300.0}]",2026-08-10,3610378.0,101.33000183105467,0.2908124174372523,346
SKY,4875709445.003564,weekly,2024-12-14,16498900.0,604,0,6,"[{'date': Timestamp('2024-12-14 00:00:00'), 'volume': 16498900.0}, {'date': Timestamp('2024-12-07 00:00:00'), 'volume': 6159200.0}, {'date': Timestamp('2020-03-14 00:00:00'), 'volume': 5451700.0}, {'date': Timestamp('2020-01-25 00:00:00'), 'volume': 4993900.0}, {'date': Timestamp('2020-01-11 00:00:00'), 'volume': 2675300.0}, {'date': Timestamp('2020-01-04 00:00:00'), 'volume': 1688700.0}]",2026-08-10,3384957.0,94.52999877929688,0.2051625865966822,346
CLM,2120658300.0,weekly,2024-12-09,27728266.0,609,0,10,"[{'date': Timestamp('2024-12-09 00:00:00'), 'volume': 27728266.0}, {'date': Timestamp('2022-06-13 00:00:00'), 'volume': 22393555.0}, {'date': Timestamp('2022-04-11 00:00:00'), 'volume': 21531784.0}, {'date': Timestamp('2021-05-17 00:00:00'), 'volume': 14542008.0}, {'date': Timestamp('2021-04-12 00:00:00'), 'volume': 14496998.0}, {'date': Timestamp('2020-02-24 00:00:00'), 'volume': 13448488.0}, {'date': Timestamp('2020-02-10 00:00:00'), 'volume': 4008323.0}, {'date': Timestamp('2020-01-27 00:00:00'), 'volume': 3740200.0}, {'date': Timestamp('2020-01-13 00:00:00'), 'volume': 2961234.0}, {'date': Timestamp('2020-01-06 00:00:00'), 'volume': 2867050.0}]",2026-08-10,13206693.0,7.349999904632568,0.4762898985461262,345
NAMS,3885888120.8811855,weekly,2024-12-09,16366900.0,609,0,8,"[{'date': Timestamp('2024-12-09 00:00:00'), 'volume': 16366900.0}, {'date': Timestamp('2024-11-18 00:00:00'), 'volume': 6917400.0}, {'date': Timestamp('2022-10-31 00:00:00'), 'volume': 5455400.0}, {'date': Timestamp('2022-04-25 00:00:00'), 'volume': 928300.0}, {'date': Timestamp('2022-03-07 00:00:00'), 'volume': 481000.0}, {'date': Timestamp('2021-03-01 00:00:00'), 'volume': 343400.0}, {'date': Timestamp('2021-02-22 00:00:00'), 'volume': 240900.0}, {'date': Timestamp('2021-02-08 00:00:00'), 'volume': 156000.0}]",2026-08-10,5662800.0,26.979999542236328,0.3459909940184152,288
LBRDA,4496778341.483647,weekly,2024-12-02,3711453.0,616,0,10,"[{'date': Timestamp('2024-12-02 00:00:00'), 'volume': 3711453.0}, {'date': Timestamp('2022-05-30 00:00:00'), 'volume': 2815600.0}, {'date': Timestamp('2022-05-02 00:00:00'), 'volume': 2229178.0}, {'date': Timestamp('2020-03-16 00:00:00'), 'volume': 2036048.0}, {'date': Timestamp('2020-03-09 00:00:00'), 'volume': 1007142.0}, {'date': Timestamp('2020-03-02 00:00:00'), 'volume': 991350.0}, {'date': Timestamp('2020-02-24 00:00:00'), 'volume': 692056.0}, {'date': Timestamp('2020-01-27 00:00:00'), 'volume': 488046.0}, {'date': Timestamp('2020-01-13 00:00:00'), 'volume': 389988.0}, {'date': Timestamp('2020-01-06 00:00:00'), 'volume': 250852.0}]",2026-08-10,669899.0,36.29999923706055,0.1804950783426329,345
CON,3861886731.588652,weekly,2024-11-25,14671400.0,623,0,2,"[{'date': Timestamp('2024-11-25 00:00:00'), 'volume': 14671400.0}, {'date': Timestamp('2024-07-22 00:00:00'), 'volume': 6749200.0}]",2026-08-10,5367699.0,35.43000030517578,0.3658614038196763,108
MMS,2865025995.9644094,weekly,2024-11-16,7779000.0,632,0,7,"[{'date': Timestamp('2024-11-16 00:00:00'), 'volume': 7779000.0}, {'date': Timestamp('2020-03-14 00:00:00'), 'volume': 5368100.0}, {'date': Timestamp('2020-03-07 00:00:00'), 'volume': 4023400.0}, {'date': Timestamp('2020-02-22 00:00:00'), 'volume': 3304900.0}, {'date': Timestamp('2020-02-01 00:00:00'), 'volume': 2080000.0}, {'date': Timestamp('2020-01-11 00:00:00'), 'volume': 1716800.0}, {'date': Timestamp('2020-01-04 00:00:00'), 'volume': 1407900.0}]",2026-08-10,3851308.0,55.27999877929688,0.4950903715130479,346
ZETA,4730909261.799776,weekly,2024-11-11,135345600.0,637,0,6,"[{'date': Timestamp('2024-11-11 00:00:00'), 'volume': 135345600.0}, {'date': Timestamp('2024-07-29 00:00:00'), 'volume': 26829700.0}, {'date': Timestamp('2024-05-06 00:00:00'), 'volume': 22848100.0}, {'date': Timestamp('2022-09-12 00:00:00'), 'volume': 22530000.0}, {'date': Timestamp('2022-06-20 00:00:00'), 'volume': 13358200.0}, {'date': Timestamp('2021-06-07 00:00:00'), 'volume': 12605600.0}]",2026-08-10,47175235.0,29.049999237060547,0.3485538872338665,271
LEU,3256240990.4153075,weekly,2024-11-02,17340600.0,646,0,11,"[{'date': Timestamp('2024-11-02 00:00:00'), 'volume': 17340600.0}, {'date': Timestamp('2024-10-12 00:00:00'), 'volume': 9503900.0}, {'date': Timestamp('2024-10-05 00:00:00'), 'volume': 3538000.0}, {'date': Timestamp('2024-09-21 00:00:00'), 'volume': 2816000.0}, {'date': Timestamp('2020-08-15 00:00:00'), 'volume': 2502600.0}, {'date': Timestamp('2020-05-30 00:00:00'), 'volume': 526500.0}, {'date': Timestamp('2020-02-22 00:00:00'), 'volume': 430800.0}, {'date': Timestamp('2020-02-15 00:00:00'), 'volume': 210500.0}, {'date': Timestamp('2020-01-25 00:00:00'), 'volume': 204000.0}, {'date': Timestamp('2020-01-11 00:00:00'), 'volume': 166600.0}, {'date': Timestamp('2020-01-04 00:00:00'), 'volume': 150000.0}]",2026-08-10,2786855.0,190.1499938964844,0.1607127204364324,346
TMDX,2365348630.6654663,weekly,2024-10-28,24918900.0,651,0,6,"[{'date': Timestamp('2024-10-28 00:00:00'), 'volume': 24918900.0}, {'date': Timestamp('2023-11-06 00:00:00'), 'volume': 14708200.0}, {'date': Timestamp('2021-02-08 00:00:00'), 'volume': 10928800.0}, {'date': Timestamp('2020-05-25 00:00:00'), 'volume': 2821600.0}, {'date': Timestamp('2020-03-02 00:00:00'), 'volume': 1128000.0}, {'date': Timestamp('2020-01-06 00:00:00'), 'volume': 979800.0}]",2026-08-10,4499329.0,88.58000183105469,0.1805588930490511,345
CVI,2724379247.099963,weekly,2024-10-28,20203100.0,651,0,8,"[{'date': Timestamp('2024-10-28 00:00:00'), 'volume': 20203100.0}, {'date': Timestamp('2023-03-20 00:00:00'), 'volume': 11487300.0}, {'date': Timestamp('2020-03-09 00:00:00'), 'volume': 9536300.0}, {'date': Timestamp('2020-03-02 00:00:00'), 'volume': 4976600.0}, {'date': Timestamp('2020-02-24 00:00:00'), 'volume': 4480500.0}, {'date': Timestamp('2020-02-17 00:00:00'), 'volume': 3534900.0}, {'date': Timestamp('2020-01-13 00:00:00'), 'volume': 3359100.0}, {'date': Timestamp('2020-01-06 00:00:00'), 'volume': 2428700.0}]",2026-08-10,4654765.0,35.2599983215332,0.2303985526973583,345
CPRI,2224748724.216331,weekly,2024-10-21,73198600.0,658,0,10,"[{'date': Timestamp('2024-10-21 00:00:00'), 'volume': 73198600.0}, {'date': Timestamp('2023-08-07 00:00:00'), 'volume': 68605500.0}, {'date': Timestamp('2020-05-11 00:00:00'), 'volume': 59041200.0}, {'date': Timestamp('2020-03-16 00:00:00'), 'volume': 49278000.0}, {'date': Timestamp('2020-03-09 00:00:00'), 'volume': 26939000.0}, {'date': Timestamp('2020-03-02 00:00:00'), 'volume': 22150900.0}, {'date': Timestamp('2020-02-24 00:00:00'), 'volume': 21382200.0}, {'date': Timestamp('2020-02-03 00:00:00'), 'volume': 20452900.0}, {'date': Timestamp('2020-01-27 00:00:00'), 'volume': 15285700.0}, {'date': Timestamp('2020-01-06 00:00:00'), 'volume': 10399800.0}]",2026-08-10,26048462.0,15.34000015258789,0.3558601120786463,345
CSTM,4326861294.875779,weekly,2024-10-21,25583800.0,658,0,8,"[{'date': Timestamp('2024-10-21 00:00:00'), 'volume': 25583800.0}, {'date': Timestamp('2021-06-21 00:00:00'), 'volume': 22037400.0}, {'date': Timestamp('2020-03-09 00:00:00'), 'volume': 18702300.0}, {'date': Timestamp('2020-03-02 00:00:00'), 'volume': 13699100.0}, {'date': Timestamp('2020-02-24 00:00:00'), 'volume': 13160600.0}, {'date': Timestamp('2020-02-17 00:00:00'), 'volume': 10768300.0}, {'date': Timestamp('2020-01-20 00:00:00'), 'volume': 8013100.0}, {'date': Timestamp('2020-01-06 00:00:00'), 'volume': 5811400.0}]",2026-08-10,4209593.0,29.600000381469727,0.164541350385791,345
HCI,2303537173.147543,weekly,2024-10-07,2374300.0,672,0,8,"[{'date': Timestamp('2024-10-07 00:00:00'), 'volume': 2374300.0}, {'date': Timestamp('2022-05-16 00:00:00'), 'volume': 1785300.0}, {'date': Timestamp('2021-03-01 00:00:00'), 'volume': 1436600.0}, {'date': Timestamp('2020-05-11 00:00:00'), 'volume': 715900.0}, {'date': Timestamp('2020-03-16 00:00:00'), 'volume': 454400.0}, {'date': Timestamp('2020-03-09 00:00:00'), 'volume': 271700.0}, {'date': Timestamp('2020-01-13 00:00:00'), 'volume': 190200.0}, {'date': Timestamp('2020-01-06 00:00:00'), 'volume': 164200.0}]",2026-08-10,952822.0,184.3500061035156,0.4013064903339932,345
MDU,4573052036.221198,weekly,2024-10-05,86858226.0,674,0,7,"[{'date': Timestamp('2024-10-05 00:00:00'), 'volume': 86858226.0}, {'date': Timestamp('2022-02-26 00:00:00'), 'volume': 38117553.0}, {'date': Timestamp('2020-03-14 00:00:00'), 'volume': 33193883.0}, {'date': Timestamp('2020-03-07 00:00:00'), 'volume': 31218576.0}, {'date': Timestamp('2020-02-22 00:00:00'), 'volume': 28520313.0}, {'date': Timestamp('2020-01-25 00:00:00'), 'volume': 22415298.0}, {'date': Timestamp('2020-01-04 00:00:00'), 'volume': 17325945.0}]",2026-08-10,6888963.0,20.64999961853028,0.0793127296889531,346
ENSG,9529522825.140884,weekly,2024-09-30,13062400.0,679,0,6,"[{'date': Timestamp('2024-09-30 00:00:00'), 'volume': 13062400.0}, {'date': Timestamp('2020-03-16 00:00:00'), 'volume': 4802000.0}, {'date': Timestamp('2020-03-09 00:00:00'), 'volume': 3840600.0}, {'date': Timestamp('2020-03-02 00:00:00'), 'volume': 2267700.0}, {'date': Timestamp('2020-02-03 00:00:00'), 'volume': 1734200.0}, {'date': Timestamp('2020-01-06 00:00:00'), 'volume': 1173700.0}]",2026-08-10,1654314.0,181.6499938964844,0.1266470173934346,345
CURB,3341375647.693585,weekly,2024-09-30,13757500.0,679,0,2,"[{'date': Timestamp('2024-09-30 00:00:00'), 'volume': 13757500.0}, {'date': Timestamp('2024-09-23 00:00:00'), 'volume': 162900.0}]",2026-08-10,5112036.0,30.239999771118164,0.3715817554061421,99
PGNY,2233255712.925859,weekly,2024-09-16,42953700.0,693,0,9,"[{'date': Timestamp('2024-09-16 00:00:00'), 'volume': 42953700.0}, {'date': Timestamp('2024-08-05 00:00:00'), 'volume': 15333100.0}, {'date': Timestamp('2024-05-06 00:00:00'), 'volume': 13952600.0}, {'date': Timestamp('2023-02-27 00:00:00'), 'volume': 12162900.0}, {'date': Timestamp('2021-06-21 00:00:00'), 'volume': 11929900.0}, {'date': Timestamp('2021-04-19 00:00:00'), 'volume': 10216700.0}, {'date': Timestamp('2020-05-11 00:00:00'), 'volume': 9521800.0}, {'date': Timestamp('2020-01-13 00:00:00'), 'volume': 5698600.0}, {'date': Timestamp('2020-01-06 00:00:00'), 'volume': 4147700.0}]",2026-08-10,5573813.0,26.280000686645508,0.1297632799968338,345
LUNR,4294844899.995721,weekly,2024-09-16,324667300.0,693,0,11,"[{'date': Timestamp('2024-09-16 00:00:00'), 'volume': 324667300.0}, {'date': Timestamp('2024-02-19 00:00:00'), 'volume': 238786700.0}, {'date': Timestamp('2024-02-12 00:00:00'), 'volume': 72010000.0}, {'date': Timestamp('2023-03-06 00:00:00'), 'volume': 27707600.0}, {'date': Timestamp('2023-02-20 00:00:00'), 'volume': 15183800.0}, {'date': Timestamp('2023-02-13 00:00:00'), 'volume': 6100600.0}, {'date': Timestamp('2023-01-30 00:00:00'), 'volume': 5529500.0}, {'date': Timestamp('2022-09-19 00:00:00'), 'volume': 2264900.0}, {'date': Timestamp('2022-09-12 00:00:00'), 'volume': 788300.0}, {'date': Timestamp('2021-11-22 00:00:00'), 'volume': 667200.0}, {'date': Timestamp('2021-11-15 00:00:00'), 'volume': 83300.0}]",2026-08-10,88961455.0,19.01000022888184,0.2740080537830573,248
YOU,7374093551.678451,weekly,2024-09-16,29107400.0,693,0,4,"[{'date': Timestamp('2024-09-16 00:00:00'), 'volume': 29107400.0}, {'date': Timestamp('2024-08-05 00:00:00'), 'volume': 17761300.0}, {'date': Timestamp('2024-05-06 00:00:00'), 'volume': 16620500.0}, {'date': Timestamp('2021-06-28 00:00:00'), 'volume': 15335800.0}]",2026-08-10,8057701.0,45.45000076293945,0.2768265458268344,268
ZWS,8488773829.715343,weekly,2024-09-16,32978100.0,693,0,7,"[{'date': Timestamp('2024-09-16 00:00:00'), 'volume': 32978100.0}, {'date': Timestamp('2020-03-16 00:00:00'), 'volume': 19514607.0}, {'date': Timestamp('2020-03-09 00:00:00'), 'volume': 17539501.0}, {'date': Timestamp('2020-03-02 00:00:00'), 'volume': 11544428.0}, {'date': Timestamp('2020-01-27 00:00:00'), 'volume': 11267490.0}, {'date': Timestamp('2020-01-13 00:00:00'), 'volume': 6944636.0}, {'date': Timestamp('2020-01-06 00:00:00'), 'volume': 6519263.0}]",2026-08-10,3198765.0,50.970001220703125,0.0969966432268687,345
HG,3330038904.1278706,weekly,2024-09-16,7198000.0,693,0,3,"[{'date': Timestamp('2024-09-16 00:00:00'), 'volume': 7198000.0}, {'date': Timestamp('2024-08-12 00:00:00'), 'volume': 5285700.0}, {'date': Timestamp('2023-11-06 00:00:00'), 'volume': 4339000.0}]",2026-08-10,1800851.0,35.75,0.2501876910252848,145
CSW,4612049074.184705,weekly,2024-09-16,4131900.0,693,0,8,"[{'date': Timestamp('2024-09-16 00:00:00'), 'volume': 4131900.0}, {'date': Timestamp('2024-09-09 00:00:00'), 'volume': 1785600.0}, {'date': Timestamp('2024-09-02 00:00:00'), 'volume': 1134800.0}, {'date': Timestamp('2024-06-24 00:00:00'), 'volume': 806900.0}, {'date': Timestamp('2024-06-10 00:00:00'), 'volume': 768500.0}, {'date': Timestamp('2020-03-09 00:00:00'), 'volume': 743000.0}, {'date': Timestamp('2020-02-03 00:00:00'), 'volume': 401200.0}, {'date': Timestamp('2020-01-06 00:00:00'), 'volume': 293600.0}]",2026-08-10,549030.0,345.1499938964844,0.1328759166485152,345
BIO,8113363287.09169,weekly,2024-09-14,6783600.0,695,0,8,"[{'date': Timestamp('2024-09-14 00:00:00'), 'volume': 6783600.0}, {'date': Timestamp('2020-06-13 00:00:00'), 'volume': 4920800.0}, {'date': Timestamp('2020-03-14 00:00:00'), 'volume': 1932500.0}, {'date': Timestamp('2020-03-07 00:00:00'), 'volume': 1430100.0}, {'date': Timestamp('2020-02-29 00:00:00'), 'volume': 1227800.0}, {'date': Timestamp('2020-02-22 00:00:00'), 'volume': 1119800.0}, {'date': Timestamp('2020-02-08 00:00:00'), 'volume': 1083900.0}, {'date': Timestamp('2020-01-04 00:00:00'), 'volume': 1057300.0}]",2026-08-10,1216796.0,356.260009765625,0.1793731941741848,346
MGRC,3028711734.9999995,weekly,2024-09-14,5557000.0,695,0,7,"[{'date': Timestamp('2024-09-14 00:00:00'), 'volume': 5557000.0}, {'date': Timestamp('2024-01-27 00:00:00'), 'volume': 5243100.0}, {'date': Timestamp('2023-03-11 00:00:00'), 'volume': 2076300.0}, {'date': Timestamp('2020-03-14 00:00:00'), 'volume': 1290000.0}, {'date': Timestamp('2020-03-07 00:00:00'), 'volume': 1054700.0}, {'date': Timestamp('2020-02-22 00:00:00'), 'volume': 955500.0}, {'date': Timestamp('2020-01-04 00:00:00'), 'volume': 660400.0}]",2026-08-10,671751.0,122.27999877929688,0.1208837502249415,346
SYBT,2252304048.7396665,weekly,2024-09-14,2242700.0,695,0,11,"[{'date': Timestamp('2024-09-14 00:00:00'), 'volume': 2242700.0}, {'date': Timestamp('2023-03-11 00:00:00'), 'volume': 1763600.0}, {'date': Timestamp('2022-06-18 00:00:00'), 'volume': 1255600.0}, {'date': Timestamp('2021-09-11 00:00:00'), 'volume': 1019700.0}, {'date': Timestamp('2020-06-20 00:00:00'), 'volume': 931700.0}, {'date': Timestamp('2020-06-13 00:00:00'), 'volume': 788600.0}, {'date': Timestamp('2020-03-14 00:00:00'), 'volume': 579700.0}, {'date': Timestamp('2020-03-07 00:00:00'), 'volume': 399900.0}, {'date': Timestamp('2020-02-22 00:00:00'), 'volume': 278000.0}, {'date': Timestamp('2020-01-25 00:00:00'), 'volume': 252000.0}, {'date': Timestamp('2020-01-04 00:00:00'), 'volume': 202400.0}]",2026-08-10,683528.0,85.05999755859375,0.3047790609533152,346
MHO,4171187810.302155,weekly,2024-09-14,4183000.0,695,0,5,"[{'date': Timestamp('2024-09-14 00:00:00'), 'volume': 4183000.0}, {'date': Timestamp('2020-03-14 00:00:00'), 'volume': 4029500.0}, {'date': Timestamp('2020-02-01 00:00:00'), 'volume': 2610000.0}, {'date': Timestamp('2020-01-11 00:00:00'), 'volume': 1401200.0}, {'date': Timestamp('2020-01-04 00:00:00'), 'volume': 1370600.0}]",2026-08-10,965530.0,152.11000061035156,0.2308223762849629,346
RLAY,4044972375.008413,weekly,2024-09-09,48059000.0,700,0,6,"[{'date': Timestamp('2024-09-09 00:00:00'), 'volume': 48059000.0}, {'date': Timestamp('2023-04-17 00:00:00'), 'volume': 26156000.0}, {'date': Timestamp('2022-09-12 00:00:00'), 'volume': 16156500.0}, {'date': Timestamp('2021-10-11 00:00:00'), 'volume': 14898700.0}, {'date': Timestamp('2021-01-11 00:00:00'), 'volume': 9285000.0}, {'date': Timestamp('2020-07-13 00:00:00'), 'volume': 8053800.0}]",2026-08-10,9139072.0,19.86000061035156,0.1901635905865706,318
PAGS,2517077076.088101,weekly,2024-08-26,66967400.0,714,0,7,"[{'date': Timestamp('2024-08-26 00:00:00'), 'volume': 66967400.0}, {'date': Timestamp('2023-06-19 00:00:00'), 'volume': 53987600.0}, {'date': Timestamp('2021-10-11 00:00:00'), 'volume': 51503800.0}, {'date': Timestamp('2021-10-04 00:00:00'), 'volume': 37576300.0}, {'date': Timestamp('2020-02-24 00:00:00'), 'volume': 20733600.0}, {'date': Timestamp('2020-01-13 00:00:00'), 'volume': 9636500.0}, {'date': Timestamp('2020-01-06 00:00:00'), 'volume': 6951700.0}]",2026-08-10,17439964.0,8.720000267028809,0.2604246842493511,345
XP,8339460366.629909,weekly,2024-08-26,89034300.0,714,0,9,"[{'date': Timestamp('2024-08-26 00:00:00'), 'volume': 89034300.0}, {'date': Timestamp('2023-12-11 00:00:00'), 'volume': 72362600.0}, {'date': Timestamp('2023-04-10 00:00:00'), 'volume': 57411600.0}, {'date': Timestamp('2023-02-13 00:00:00'), 'volume': 50484900.0}, {'date': Timestamp('2021-10-04 00:00:00'), 'volume': 50074300.0}, {'date': Timestamp('2020-03-09 00:00:00'), 'volume': 24551100.0}, {'date': Timestamp('2020-02-24 00:00:00'), 'volume': 11054600.0}, {'date': Timestamp('2020-01-20 00:00:00'), 'volume': 8149700.0}, {'date': Timestamp('2020-01-06 00:00:00'), 'volume': 6455500.0}]",2026-08-10,22316488.0,15.81999969482422,0.2506504571833551,345
LUMN,8324912858.634615,weekly,2024-08-03,819714200.0,737,0,7,"[{'date': Timestamp('2024-08-03 00:00:00'), 'volume': 819714200.0}, {'date': Timestamp('2023-03-11 00:00:00'), 'volume': 468155500.0}, {'date': Timestamp('2023-02-04 00:00:00'), 'volume': 311713600.0}, {'date': Timestamp('2021-01-23 00:00:00'), 'volume': 224234600.0}, {'date': Timestamp('2020-03-14 00:00:00'), 'volume': 92378600.0}, {'date': Timestamp('2020-03-07 00:00:00'), 'volume': 86939200.0}, {'date': Timestamp('2020-01-04 00:00:00'), 'volume': 75232300.0}]",2026-08-10,88104811.0,6.71999979019165,0.1074823529957148,346
CAMT,7077956679.163871,weekly,2024-07-29,6679000.0,742,0,15,"[{'date': Timestamp('2024-07-29 00:00:00'), 'volume': 6679000.0}, {'date': Timestamp('2024-07-15 00:00:00'), 'volume': 4475200.0}, {'date': Timestamp('2023-11-13 00:00:00'), 'volume': 4317600.0}, {'date': Timestamp('2023-10-09 00:00:00'), 'volume': 4258100.0}, {'date': Timestamp('2023-08-28 00:00:00'), 'volume': 3770600.0}, {'date': Timestamp('2021-11-15 00:00:00'), 'volume': 3491300.0}, {'date': Timestamp('2021-03-01 00:00:00'), 'volume': 3092200.0}, {'date': Timestamp('2020-11-16 00:00:00'), 'volume': 3083100.0}, {'date': Timestamp('2020-03-09 00:00:00'), 'volume': 1305500.0}, {'date': Timestamp('2020-02-24 00:00:00'), 'volume': 982200.0}, {'date': Timestamp('2020-02-17 00:00:00'), 'volume': 813200.0}, {'date': Timestamp('2020-02-10 00:00:00'), 'volume': 635100.0}, {'date': Timestamp('2020-01-20 00:00:00'), 'volume': 634100.0}, {'date': Timestamp('2020-01-13 00:00:00'), 'volume': 528300.0}, {'date': Timestamp('2020-01-06 00:00:00'), 'volume': 267400.0}]",2026-08-10,3571224.0,165.3800048828125,0.5346944153316364,345
MYRG,7442176613.164591,weekly,2024-07-29,3616900.0,742,0,11,"[{'date': Timestamp('2024-07-29 00:00:00'), 'volume': 3616900.0}, {'date': Timestamp('2024-02-26 00:00:00'), 'volume': 1387500.0}, {'date': Timestamp('2021-03-29 00:00:00'), 'volume': 1215600.0}, {'date': Timestamp('2020-11-30 00:00:00'), 'volume': 1007800.0}, {'date': Timestamp('2020-04-27 00:00:00'), 'volume': 904500.0}, {'date': Timestamp('2020-04-13 00:00:00'), 'volume': 749700.0}, {'date': Timestamp('2020-03-16 00:00:00'), 'volume': 671700.0}, {'date': Timestamp('2020-03-02 00:00:00'), 'volume': 527700.0}, {'date': Timestamp('2020-02-24 00:00:00'), 'volume': 383500.0}, {'date': Timestamp('2020-01-20 00:00:00'), 'volume': 261100.0}, {'date': Timestamp('2020-01-06 00:00:00'), 'volume': 223800.0}]",2026-08-10,1301675.0,334.3900146484375,0.3598869197378971,345
SNDR,6355261084.589226,weekly,2024-07-29,15622600.0,742,0,10,"[{'date': Timestamp('2024-07-29 00:00:00'), 'volume': 15622600.0}, {'date': Timestamp('2022-04-04 00:00:00'), 'volume': 9071100.0}, {'date': Timestamp('2022-03-28 00:00:00'), 'volume': 5693000.0}, {'date': Timestamp('2021-06-21 00:00:00'), 'volume': 5452400.0}, {'date': Timestamp('2020-12-14 00:00:00'), 'volume': 5231000.0}, {'date': Timestamp('2020-03-16 00:00:00'), 'volume': 5124000.0}, {'date': Timestamp('2020-03-09 00:00:00'), 'volume': 3911100.0}, {'date': Timestamp('2020-02-24 00:00:00'), 'volume': 3511800.0}, {'date': Timestamp('2020-01-13 00:00:00'), 'volume': 2728600.0}, {'date': Timestamp('2020-01-06 00:00:00'), 'volume': 2303800.0}]",2026-08-10,2402027.0,36.09999847412109,0.1537533445137173,345
LW,6235367676.300804,weekly,2024-07-22,52179200.0,749,0,12,"[{'date': Timestamp('2024-07-22 00:00:00'), 'volume': 52179200.0}, {'date': Timestamp('2024-04-01 00:00:00'), 'volume': 40817800.0}, {'date': Timestamp('2023-10-09 00:00:00'), 'volume': 22537600.0}, {'date': Timestamp('2023-10-02 00:00:00'), 'volume': 21280800.0}, {'date': Timestamp('2021-11-29 00:00:00'), 'volume': 19658800.0}, {'date': Timestamp('2021-10-04 00:00:00'), 'volume': 14076400.0}, {'date': Timestamp('2020-06-08 00:00:00'), 'volume': 13015600.0}, {'date': Timestamp('2020-05-25 00:00:00'), 'volume': 12897500.0}, {'date': Timestamp('2020-03-16 00:00:00'), 'volume': 12713000.0}, {'date': Timestamp('2020-03-09 00:00:00'), 'volume': 11193100.0}, {'date': Timestamp('2020-03-02 00:00:00'), 'volume': 9274600.0}, {'date': Timestamp('2020-01-06 00:00:00'), 'volume': 7100000.0}]",2026-08-10,4783740.0,53.06999969482422,0.091679059855268,345
AVTR,7018725162.194444,weekly,2024-07-22,185700100.0,749,0,7,"[{'date': Timestamp('2024-07-22 00:00:00'), 'volume': 185700100.0}, {'date': Timestamp('2023-10-23 00:00:00'), 'volume': 79523800.0}, {'date': Timestamp('2020-11-02 00:00:00'), 'volume': 56306700.0}, {'date': Timestamp('2020-08-17 00:00:00'), 'volume': 49879500.0}, {'date': Timestamp('2020-05-25 00:00:00'), 'volume': 45901500.0}, {'date': Timestamp('2020-05-18 00:00:00'), 'volume': 37376200.0}, {'date': Timestamp('2020-01-06 00:00:00'), 'volume': 25122100.0}]",2026-08-10,25841091.0,13.65999984741211,0.139154965452361,345
GTES,7312657918.627843,weekly,2024-07-15,58649200.0,756,0,9,"[{'date': Timestamp('2024-07-15 00:00:00'), 'volume': 58649200.0}, {'date': Timestamp('2023-05-22 00:00:00'), 'volume': 32931700.0}, {'date': Timestamp('2021-08-09 00:00:00'), 'volume': 22393300.0}, {'date': Timestamp('2021-03-01 00:00:00'), 'volume': 12138500.0}, {'date': Timestamp('2021-02-22 00:00:00'), 'volume': 11416100.0}, {'date': Timestamp('2020-03-16 00:00:00'), 'volume': 3253400.0}, {'date': Timestamp('2020-03-09 00:00:00'), 'volume': 2936800.0}, {'date': Timestamp('2020-02-03 00:00:00'), 'volume': 2664600.0}, {'date': Timestamp('2020-01-06 00:00:00'), 'volume': 1668900.0}]",2026-08-10,5565251.0,27.76000022888184,0.0948904844396854,345
QURE,2970772058.1594706,weekly,2024-07-08,130695800.0,763,0,5,"[{'date': Timestamp('2024-07-08 00:00:00'), 'volume': 130695800.0}, {'date': Timestamp('2023-06-19 00:00:00'), 'volume': 15909000.0}, {'date': Timestamp('2020-06-22 00:00:00'), 'volume': 11256500.0}, {'date': Timestamp('2020-01-13 00:00:00'), 'volume': 4450700.0}, {'date': Timestamp('2020-01-06 00:00:00'), 'volume': 2679000.0}]",2026-08-10,5861435.0,48.619998931884766,0.044847921662364,345
CHWY,7594818893.638369,weekly,2024-06-24,156494700.0,777,0,13,"[{'date': Timestamp('2024-06-24 00:00:00'), 'volume': 156494700.0}, {'date': Timestamp('2024-05-27 00:00:00'), 'volume': 106736500.0}, {'date': Timestamp('2023-12-04 00:00:00'), 'volume': 92943900.0}, {'date': Timestamp('2022-05-30 00:00:00'), 'volume': 85723200.0}, {'date': Timestamp('2022-03-28 00:00:00'), 'volume': 50955100.0}, {'date': Timestamp('2021-12-06 00:00:00'), 'volume': 42854900.0}, {'date': Timestamp('2020-12-07 00:00:00'), 'volume': 40882500.0}, {'date': Timestamp('2020-05-04 00:00:00'), 'volume': 39113100.0}, {'date': Timestamp('2020-03-30 00:00:00'), 'volume': 26611200.0}, {'date': Timestamp('2020-03-16 00:00:00'), 'volume': 25639400.0}, {'date': Timestamp('2020-02-24 00:00:00'), 'volume': 15890600.0}, {'date': Timestamp('2020-01-13 00:00:00'), 'volume': 14998000.0}, {'date': Timestamp('2020-01-06 00:00:00'), 'volume': 11520500.0}]",2026-08-10,28391661.0,22.420000076293945,0.1814225082382981,345
WHD,4169998603.07642,weekly,2024-06-17,19261500.0,784,0,7,"[{'date': Timestamp('2024-06-17 00:00:00'), 'volume': 19261500.0}, {'date': Timestamp('2024-06-10 00:00:00'), 'volume': 9415200.0}, {'date': Timestamp('2021-03-08 00:00:00'), 'volume': 8249300.0}, {'date': Timestamp('2020-03-09 00:00:00'), 'volume': 7259000.0}, {'date': Timestamp('2020-02-24 00:00:00'), 'volume': 3576000.0}, {'date': Timestamp('2020-01-27 00:00:00'), 'volume': 1603400.0}, {'date': Timestamp('2020-01-06 00:00:00'), 'volume': 1565400.0}]",2026-08-10,3641689.0,73.27999877929688,0.1890657010097863,345
VIRT,9415292453.189682,weekly,2024-06-17,20736500.0,784,0,8,"[{'date': Timestamp('2024-06-17 00:00:00'), 'volume': 20736500.0}, {'date': Timestamp('2022-06-06 00:00:00'), 'volume': 17531900.0}, {'date': Timestamp('2021-01-25 00:00:00'), 'volume': 16320600.0}, {'date': Timestamp('2020-08-31 00:00:00'), 'volume': 12918700.0}, {'date': Timestamp('2020-03-16 00:00:00'), 'volume': 12536200.0}, {'date': Timestamp('2020-03-09 00:00:00'), 'volume': 11597000.0}, {'date': Timestamp('2020-03-02 00:00:00'), 'volume': 11161000.0}, {'date': Timestamp('2020-01-06 00:00:00'), 'volume': 7143400.0}]",2026-08-10,5667333.0,60.02000045776367,0.2733022930581342,345
TDW,3347867591.408758,weekly,2024-06-15,13179900.0,786,0,9,"[{'date': Timestamp('2024-06-15 00:00:00'), 'volume': 13179900.0}, {'date': Timestamp('2023-11-04 00:00:00'), 'volume': 8272900.0}, {'date': Timestamp('2022-11-05 00:00:00'), 'volume': 6945900.0}, {'date': Timestamp('2020-03-14 00:00:00'), 'volume': 4169500.0}, {'date': Timestamp('2020-03-07 00:00:00'), 'volume': 2262100.0}, {'date': Timestamp('2020-02-29 00:00:00'), 'volume': 1195500.0}, {'date': Timestamp('2020-02-22 00:00:00'), 'volume': 1018200.0}, {'date': Timestamp('2020-01-25 00:00:00'), 'volume': 665700.0}, {'date': Timestamp('2020-01-04 00:00:00'), 'volume': 599000.0}]",2026-08-10,3723426.0,94.27999877929688,0.2825079097716978,346
RHI,3351137917.926221,weekly,2024-06-15,34302800.0,786,0,11,"[{'date': Timestamp('2024-06-15 00:00:00'), 'volume': 34302800.0}, {'date': Timestamp('2024-05-25 00:00:00'), 'volume': 17303900.0}, {'date': Timestamp('2020-04-18 00:00:00'), 'volume': 11333700.0}, {'date': Timestamp('2020-04-04 00:00:00'), 'volume': 11119700.0}, {'date': Timestamp('2020-03-21 00:00:00'), 'volume': 9824300.0}, {'date': Timestamp('2020-03-07 00:00:00'), 'volume': 9157400.0}, {'date': Timestamp('2020-02-29 00:00:00'), 'volume': 7917900.0}, {'date': Timestamp('2020-02-22 00:00:00'), 'volume': 7454400.0}, {'date': Timestamp('2020-01-25 00:00:00'), 'volume': 6082800.0}, {'date': Timestamp('2020-01-11 00:00:00'), 'volume': 5555100.0}, {'date': Timestamp('2020-01-04 00:00:00'), 'volume': 4872200.0}]",2026-08-10,8751374.0,43.220001220703125,0.2551212728990053,346
PFS,3080615745.896698,weekly,2024-05-13,21857700.0,819,0,10,"[{'date': Timestamp('2024-05-13 00:00:00'), 'volume': 21857700.0}, {'date': Timestamp('2023-03-13 00:00:00'), 'volume': 7651600.0}, {'date': Timestamp('2022-09-26 00:00:00'), 'volume': 5829300.0}, {'date': Timestamp('2020-07-27 00:00:00'), 'volume': 4981400.0}, {'date': Timestamp('2020-03-16 00:00:00'), 'volume': 3303900.0}, {'date': Timestamp('2020-03-09 00:00:00'), 'volume': 2704700.0}, {'date': Timestamp('2020-03-02 00:00:00'), 'volume': 1561500.0}, {'date': Timestamp('2020-02-24 00:00:00'), 'volume': 1524400.0}, {'date': Timestamp('2020-02-03 00:00:00'), 'volume': 1157700.0}, {'date': Timestamp('2020-01-06 00:00:00'), 'volume': 1126700.0}]",2026-08-10,4023016.0,24.63999938964844,0.184054863960984,345
CNS,4029171232.338607,weekly,2024-04-22,7288700.0,840,0,6,"[{'date': Timestamp('2024-04-22 00:00:00'), 'volume': 7288700.0}, {'date': Timestamp('2024-04-15 00:00:00'), 'volume': 2818600.0}, {'date': Timestamp('2020-05-11 00:00:00'), 'volume': 1701700.0}, {'date': Timestamp('2020-03-09 00:00:00'), 'volume': 1530600.0}, {'date': Timestamp('2020-01-20 00:00:00'), 'volume': 1031000.0}, {'date': Timestamp('2020-01-06 00:00:00'), 'volume': 905700.0}]",2026-08-10,1243716.0,84.73999786376953,0.1706361902671258,345
AZZ,4701802804.838859,weekly,2024-04-20,4823000.0,842,0,4,"[{'date': Timestamp('2024-04-20 00:00:00'), 'volume': 4823000.0}, {'date': Timestamp('2022-10-08 00:00:00'), 'volume': 2964100.0}, {'date': Timestamp('2020-04-25 00:00:00'), 'volume': 1667100.0}, {'date': Timestamp('2020-01-04 00:00:00'), 'volume': 1225900.0}]",2026-08-10,1047839.0,151.35000610351562,0.2172587601078167,346
PRI,8852827776.9034,weekly,2024-04-15,2996400.0,847,0,8,"[{'date': Timestamp('2024-04-15 00:00:00'), 'volume': 2996400.0}, {'date': Timestamp('2020-03-16 00:00:00'), 'volume': 2847900.0}, {'date': Timestamp('2020-03-09 00:00:00'), 'volume': 1977000.0}, {'date': Timestamp('2020-02-24 00:00:00'), 'volume': 1605700.0}, {'date': Timestamp('2020-02-10 00:00:00'), 'volume': 1216900.0}, {'date': Timestamp('2020-01-20 00:00:00'), 'volume': 893500.0}, {'date': Timestamp('2020-01-13 00:00:00'), 'volume': 770100.0}, {'date': Timestamp('2020-01-06 00:00:00'), 'volume': 729800.0}]",2026-08-10,965080.0,313.69000244140625,0.3220798291282872,345
LEVI,9437991765.811588,weekly,2024-04-01,52591100.0,861,0,9,"[{'date': Timestamp('2024-04-01 00:00:00'), 'volume': 52591100.0}, {'date': Timestamp('2020-10-05 00:00:00'), 'volume': 35970000.0}, {'date': Timestamp('2020-07-06 00:00:00'), 'volume': 25301600.0}, {'date': Timestamp('2020-04-06 00:00:00'), 'volume': 12548000.0}, {'date': Timestamp('2020-03-30 00:00:00'), 'volume': 9769300.0}, {'date': Timestamp('2020-03-16 00:00:00'), 'volume': 9572000.0}, {'date': Timestamp('2020-01-27 00:00:00'), 'volume': 9315700.0}, {'date': Timestamp('2020-01-13 00:00:00'), 'volume': 5536700.0}, {'date': Timestamp('2020-01-06 00:00:00'), 'volume': 3805800.0}]",2026-08-10,14876555.0,22.549999237060547,0.2828721019335971,345
KEN,3431859042.044445,weekly,2024-04-01,931900.0,861,0,12,"[{'date': Timestamp('2024-04-01 00:00:00'), 'volume': 931900.0}, {'date': Timestamp('2022-06-20 00:00:00'), 'volume': 553700.0}, {'date': Timestamp('2022-03-14 00:00:00'), 'volume': 475700.0}, {'date': Timestamp('2022-01-10 00:00:00'), 'volume': 390700.0}, {'date': Timestamp('2022-01-03 00:00:00'), 'volume': 198700.0}, {'date': Timestamp('2021-04-26 00:00:00'), 'volume': 172600.0}, {'date': Timestamp('2021-04-19 00:00:00'), 'volume': 69400.0}, {'date': Timestamp('2020-10-26 00:00:00'), 'volume': 45700.0}, {'date': Timestamp('2020-04-27 00:00:00'), 'volume': 22900.0}, {'date': Timestamp('2020-01-27 00:00:00'), 'volume': 22800.0}, {'date': Timestamp('2020-01-13 00:00:00'), 'volume': 10500.0}, {'date': Timestamp('2020-01-06 00:00:00'), 'volume': 5000.0}]",2026-08-10,78566.0,66.48999786376953,0.0843073291125657,345
IRON,2856528028.6465225,weekly,2024-04-01,10266100.0,861,0,9,"[{'date': Timestamp('2024-04-01 00:00:00'), 'volume': 10266100.0}, {'date': Timestamp('2023-12-11 00:00:00'), 'volume': 2898000.0}, {'date': Timestamp('2023-09-11 00:00:00'), 'volume': 2827300.0}, {'date': Timestamp('2023-06-19 00:00:00'), 'volume': 2182800.0}, {'date': Timestamp('2021-12-13 00:00:00'), 'volume': 2127030.0}, {'date': Timestamp('2021-06-21 00:00:00'), 'volume': 480053.0}, {'date': Timestamp('2021-01-04 00:00:00'), 'volume': 126507.0}, {'date': Timestamp('2020-10-12 00:00:00'), 'volume': 90166.0}, {'date': Timestamp('2020-08-10 00:00:00'), 'volume': 12423.0}]",2026-08-10,1675876.0,78.83999633789062,0.1632436855280973,314
XRAY,2205596809.7142854,weekly,2024-03-30,58885800.0,863,0,10,"[{'date': Timestamp('2024-03-30 00:00:00'), 'volume': 58885800.0}, {'date': Timestamp('2023-11-25 00:00:00'), 'volume': 30961700.0}, {'date': Timestamp('2022-04-16 00:00:00'), 'volume': 28559700.0}, {'date': Timestamp('2020-03-21 00:00:00'), 'volume': 28323800.0}, {'date': Timestamp('2020-03-14 00:00:00'), 'volume': 22843900.0}, {'date': Timestamp('2020-02-29 00:00:00'), 'volume': 15469200.0}, {'date': Timestamp('2020-02-22 00:00:00'), 'volume': 13517500.0}, {'date': Timestamp('2020-01-25 00:00:00'), 'volume': 6216000.0}, {'date': Timestamp('2020-01-11 00:00:00'), 'volume': 6052900.0}, {'date': Timestamp('2020-01-04 00:00:00'), 'volume': 4594800.0}]",2026-08-10,26051934.0,11.59000015258789,0.4424145379701048,346
APPF,5503260360.23622,weekly,2024-03-25,5348600.0,868,0,9,"[{'date': Timestamp('2024-03-25 00:00:00'), 'volume': 5348600.0}, {'date': Timestamp('2024-01-22 00:00:00'), 'volume': 2864200.0}, {'date': Timestamp('2021-03-01 00:00:00'), 'volume': 2283300.0}, {'date': Timestamp('2020-03-16 00:00:00'), 'volume': 1394100.0}, {'date': Timestamp('2020-03-09 00:00:00'), 'volume': 1267300.0}, {'date': Timestamp('2020-03-02 00:00:00'), 'volume': 1044500.0}, {'date': Timestamp('2020-02-24 00:00:00'), 'volume': 793600.0}, {'date': Timestamp('2020-01-13 00:00:00'), 'volume': 501600.0}, {'date': Timestamp('2020-01-06 00:00:00'), 'volume': 338000.0}]",2026-08-10,2104379.0,204.2100067138672,0.3934448266836181,345
ATMU,4399693760.24423,weekly,2024-03-18,62222500.0,875,0,7,"[{'date': Timestamp('2024-03-18 00:00:00'), 'volume': 62222500.0}, {'date': Timestamp('2024-03-11 00:00:00'), 'volume': 43440000.0}, {'date': Timestamp('2024-03-04 00:00:00'), 'volume': 28763100.0}, {'date': Timestamp('2024-02-26 00:00:00'), 'volume': 15709500.0}, {'date': Timestamp('2024-02-12 00:00:00'), 'volume': 14755700.0}, {'date': Timestamp('2023-09-11 00:00:00'), 'volume': 6845300.0}, {'date': Timestamp('2023-05-22 00:00:00'), 'volume': 6277900.0}]",2026-08-10,4640857.0,51.0099983215332,0.0745848688175499,169
BOX,3665573660.555957,weekly,2024-03-11,43302900.0,882,0,9,"[{'date': Timestamp('2024-03-11 00:00:00'), 'volume': 43302900.0}, {'date': Timestamp('2021-03-22 00:00:00'), 'volume': 41175300.0}, {'date': Timestamp('2020-08-24 00:00:00'), 'volume': 28356000.0}, {'date': Timestamp('2020-06-22 00:00:00'), 'volume': 27442900.0}, {'date': Timestamp('2020-05-25 00:00:00'), 'volume': 27338600.0}, {'date': Timestamp('2020-02-24 00:00:00'), 'volume': 20524800.0}, {'date': Timestamp('2020-01-27 00:00:00'), 'volume': 8478700.0}, {'date': Timestamp('2020-01-13 00:00:00'), 'volume': 8153100.0}, {'date': Timestamp('2020-01-06 00:00:00'), 'volume': 7816100.0}]",2026-08-10,10141750.0,32.650001525878906,0.2342048684961053,345
PLGO,2115189821.375684,weekly,2024-03-11,8889800.0,882,0,2,"[{'date': Timestamp('2024-03-11 00:00:00'), 'volume': 8889800.0}, {'date': Timestamp('2023-06-26 00:00:00'), 'volume': 7653100.0}]",2026-08-10,5048068.0,23.84000015258789,0.5678494454318432,164
MTH,5681712799.13319,weekly,2024-03-09,10648400.0,884,0,4,"[{'date': Timestamp('2024-03-09 00:00:00'), 'volume': 10648400.0}, {'date': Timestamp('2020-03-14 00:00:00'), 'volume': 10296200.0}, {'date': Timestamp('2020-01-25 00:00:00'), 'volume': 10295000.0}, {'date': Timestamp('2020-01-04 00:00:00'), 'volume': 7124200.0}]",2026-08-10,3596290.0,73.08000183105469,0.3377305510687051,346
PLUS,2087942301.0491,weekly,2024-03-09,3718300.0,884,0,7,"[{'date': Timestamp('2024-03-09 00:00:00'), 'volume': 3718300.0}, {'date': Timestamp('2021-02-13 00:00:00'), 'volume': 1918400.0}, {'date': Timestamp('2020-12-12 00:00:00'), 'volume': 1219000.0}, {'date': Timestamp('2020-10-17 00:00:00'), 'volume': 1194600.0}, {'date': Timestamp('2020-05-30 00:00:00'), 'volume': 1104000.0}, {'date': Timestamp('2020-03-14 00:00:00'), 'volume': 930600.0}, {'date': Timestamp('2020-01-04 00:00:00'), 'volume': 906000.0}]",2026-08-10,1037140.0,88.52999877929688,0.27892854261356,346
HWKN,3378265174.047369,weekly,2024-03-09,2377400.0,884,0,13,"[{'date': Timestamp('2024-03-09 00:00:00'), 'volume': 2377400.0}, {'date': Timestamp('2023-09-09 00:00:00'), 'volume': 1712700.0}, {'date': Timestamp('2020-08-15 00:00:00'), 'volume': 1357800.0}, {'date': Timestamp('2020-07-25 00:00:00'), 'volume': 703800.0}, {'date': Timestamp('2020-06-20 00:00:00'), 'volume': 681800.0}, {'date': Timestamp('2020-03-14 00:00:00'), 'volume': 659400.0}, {'date': Timestamp('2020-03-07 00:00:00'), 'volume': 490200.0}, {'date': Timestamp('2020-02-29 00:00:00'), 'volume': 404600.0}, {'date': Timestamp('2020-02-01 00:00:00'), 'volume': 261600.0}, {'date': Timestamp('2020-01-25 00:00:00'), 'volume': 205000.0}, {'date': Timestamp('2020-01-18 00:00:00'), 'volume': 193200.0}, {'date': Timestamp('2020-01-11 00:00:00'), 'volume': 182200.0}, {'date': Timestamp('2020-01-04 00:00:00'), 'volume': 178800.0}]",2026-08-10,615977.0,131.0500030517578,0.2590969125935896,346
BGC,5485198506.820808,weekly,2024-03-09,101808300.0,884,0,7,"[{'date': Timestamp('2024-03-09 00:00:00'), 'volume': 101808300.0}, {'date': Timestamp('2024-03-02 00:00:00'), 'volume': 60315400.0}, {'date': Timestamp('2020-06-20 00:00:00'), 'volume': 47901500.0}, {'date': Timestamp('2020-03-21 00:00:00'), 'volume': 39699100.0}, {'date': Timestamp('2020-03-14 00:00:00'), 'volume': 25055400.0}, {'date': Timestamp('2020-03-07 00:00:00'), 'volume': 20346700.0}, {'date': Timestamp('2020-01-04 00:00:00'), 'volume': 17321300.0}]",2026-08-10,16178047.0,11.199999809265137,0.1589069555232726,346
CHH,5128251762.370211,weekly,2024-03-09,6002000.0,884,0,9,"[{'date': Timestamp('2024-03-09 00:00:00'), 'volume': 6002000.0}, {'date': Timestamp('2023-10-14 00:00:00'), 'volume': 5932900.0}, {'date': Timestamp('2023-05-20 00:00:00'), 'volume': 5135500.0}, {'date': Timestamp('2020-03-21 00:00:00'), 'volume': 4824900.0}, {'date': Timestamp('2020-03-14 00:00:00'), 'volume': 4815400.0}, {'date': Timestamp('2020-03-07 00:00:00'), 'volume': 4177800.0}, {'date': Timestamp('2020-02-22 00:00:00'), 'volume': 3134300.0}, {'date': Timestamp('2020-01-11 00:00:00'), 'volume': 2918100.0}, {'date': Timestamp('2020-01-04 00:00:00'), 'volume': 2552500.0}]",2026-08-10,2392866.0,104.44000244140624,0.3986781072975675,346
MGEE,3011417573.409422,weekly,2024-03-09,10366800.0,884,0,9,"[{'date': Timestamp('2024-03-09 00:00:00'), 'volume': 10366800.0}, {'date': Timestamp('2024-03-02 00:00:00'), 'volume': 4156600.0}, {'date': Timestamp('2020-03-21 00:00:00'), 'volume': 2575200.0}, {'date': Timestamp('2020-03-14 00:00:00'), 'volume': 1166100.0}, {'date': Timestamp('2020-03-07 00:00:00'), 'volume': 669500.0}, {'date': Timestamp('2020-02-22 00:00:00'), 'volume': 572500.0}, {'date': Timestamp('2020-01-25 00:00:00'), 'volume': 531900.0}, {'date': Timestamp('2020-01-11 00:00:00'), 'volume': 345900.0}, {'date': Timestamp('2020-01-04 00:00:00'), 'volume': 319500.0}]",2026-08-10,822116.0,81.7300033569336,0.0793027742408457,346
VSXY,7035017406.596386,weekly,2024-03-04,56071300.0,889,0,3,"[{'date': Timestamp('2024-03-04 00:00:00'), 'volume': 56071300.0}, {'date': Timestamp('2021-08-02 00:00:00'), 'volume': 38547200.0}, {'date': Timestamp('2021-07-19 00:00:00'), 'volume': 611700.0}]",2026-08-10,9025290.0,89.0199966430664,0.1609609550697059,265
FLG,6368934941.819141,weekly,2024-03-02,179420467.0,891,0,11,"[{'date': Timestamp('2024-03-02 00:00:00'), 'volume': 179420467.0}, {'date': Timestamp('2024-02-03 00:00:00'), 'volume': 174199868.0}, {'date': Timestamp('2024-01-27 00:00:00'), 'volume': 111706734.0}, {'date': Timestamp('2023-03-11 00:00:00'), 'volume': 69685500.0}, {'date': Timestamp('2022-10-29 00:00:00'), 'volume': 41014733.0}, {'date': Timestamp('2022-10-22 00:00:00'), 'volume': 33594400.0}, {'date': Timestamp('2022-04-23 00:00:00'), 'volume': 20695266.0}, {'date': Timestamp('2021-04-24 00:00:00'), 'volume': 20582800.0}, {'date': Timestamp('2020-02-22 00:00:00'), 'volume': 14047901.0}, {'date': Timestamp('2020-01-25 00:00:00'), 'volume': 11620167.0}, {'date': Timestamp('2020-01-04 00:00:00'), 'volume': 7473632.0}]",2026-08-10,18387461.0,14.25,0.1024825166685136,346
ACMR,7221941893.346436,weekly,2024-02-26,25341500.0,896,0,4,"[{'date': Timestamp('2024-02-26 00:00:00'), 'volume': 25341500.0}, {'date': Timestamp('2020-01-20 00:00:00'), 'volume': 23021700.0}, {'date': Timestamp('2020-01-13 00:00:00'), 'volume': 18600300.0}, {'date': Timestamp('2020-01-06 00:00:00'), 'volume': 9460800.0}]",2026-08-10,4080886.0,80.41999816894531,0.1610356924412525,345
AXTI,4589436423.585288,weekly,2024-02-17,103934600.0,905,0,8,"[{'date': Timestamp('2024-02-17 00:00:00'), 'volume': 103934600.0}, {'date': Timestamp('2020-09-26 00:00:00'), 'volume': 13998100.0}, {'date': Timestamp('2020-08-22 00:00:00'), 'volume': 5794300.0}, {'date': Timestamp('2020-04-25 00:00:00'), 'volume': 5448500.0}, {'date': Timestamp('2020-03-14 00:00:00'), 'volume': 2877000.0}, {'date': Timestamp('2020-01-25 00:00:00'), 'volume': 1666600.0}, {'date': Timestamp('2020-01-11 00:00:00'), 'volume': 1276100.0}, {'date': Timestamp('2020-01-04 00:00:00'), 'volume': 1016800.0}]",2026-08-10,64082306.0,81.63999938964844,0.6165637429691364,346
LYFT,5418069611.480113,weekly,2024-02-12,323540800.0,910,0,7,"[{'date': Timestamp('2024-02-12 00:00:00'), 'volume': 323540800.0}, {'date': Timestamp('2023-02-06 00:00:00'), 'volume': 242593300.0}, {'date': Timestamp('2022-05-02 00:00:00'), 'volume': 220883800.0}, {'date': Timestamp('2020-11-02 00:00:00'), 'volume': 118235200.0}, {'date': Timestamp('2020-02-10 00:00:00'), 'volume': 109637100.0}, {'date': Timestamp('2020-02-03 00:00:00'), 'volume': 36488700.0}, {'date': Timestamp('2020-01-06 00:00:00'), 'volume': 24527200.0}]",2026-08-10,65220374.0,17.479999542236328,0.2015831511821693,345
LLYVA,9414569923.145603,weekly,2024-02-12,3191400.0,910,0,3,"[{'date': Timestamp('2024-02-12 00:00:00'), 'volume': 3191400.0}, {'date': Timestamp('2023-08-07 00:00:00'), 'volume': 3024100.0}, {'date': Timestamp('2023-07-31 00:00:00'), 'volume': 2033200.0}]",2026-08-10,898565.0,104.98999786376952,0.281558250297675,159
SSRM,6096087546.581166,weekly,2024-02-10,113654000.0,912,0,8,"[{'date': Timestamp('2024-02-10 00:00:00'), 'volume': 113654000.0}, {'date': Timestamp('2022-06-18 00:00:00'), 'volume': 25928000.0}, {'date': Timestamp('2020-05-09 00:00:00'), 'volume': 19480000.0}, {'date': Timestamp('2020-03-14 00:00:00'), 'volume': 16347200.0}, {'date': Timestamp('2020-02-22 00:00:00'), 'volume': 11678100.0}, {'date': Timestamp('2020-02-15 00:00:00'), 'volume': 8271100.0}, {'date': Timestamp('2020-02-08 00:00:00'), 'volume': 7521400.0}, {'date': Timestamp('2020-01-04 00:00:00'), 'volume': 7042600.0}]",2026-08-10,14083387.0,32.189998626708984,0.1239145740581061,346
ZIM,3082892836.3713174,weekly,2024-01-29,67551200.0,924,0,15,"[{'date': Timestamp('2024-01-29 00:00:00'), 'volume': 67551200.0}, {'date': Timestamp('2024-01-01 00:00:00'), 'volume': 65940100.0}, {'date': Timestamp('2023-12-18 00:00:00'), 'volume': 50762100.0}, {'date': Timestamp('2023-03-13 00:00:00'), 'volume': 44615200.0}, {'date': Timestamp('2022-03-21 00:00:00'), 'volume': 43765900.0}, {'date': Timestamp('2022-03-14 00:00:00'), 'volume': 41310600.0}, {'date': Timestamp('2022-03-07 00:00:00'), 'volume': 34121500.0}, {'date': Timestamp('2021-12-06 00:00:00'), 'volume': 32998300.0}, {'date': Timestamp('2021-11-15 00:00:00'), 'volume': 28966900.0}, {'date': Timestamp('2021-10-04 00:00:00'), 'volume': 20254100.0}, {'date': Timestamp('2021-08-16 00:00:00'), 'volume': 20134700.0}, {'date': Timestamp('2021-06-28 00:00:00'), 'volume': 12008300.0}, {'date': Timestamp('2021-05-17 00:00:00'), 'volume': 10701700.0}, {'date': Timestamp('2021-05-03 00:00:00'), 'volume': 8216200.0}, {'date': Timestamp('2021-01-25 00:00:00'), 'volume': 7824600.0}]",2026-08-10,16854871.0,28.13999938964844,0.2495125327159251,290
SR,4780184065.574726,weekly,2024-01-27,6726000.0,926,0,11,"[{'date': Timestamp('2024-01-27 00:00:00'), 'volume': 6726000.0}, {'date': Timestamp('2023-12-09 00:00:00'), 'volume': 4418000.0}, {'date': Timestamp('2021-06-19 00:00:00'), 'volume': 2947900.0}, {'date': Timestamp('2020-07-25 00:00:00'), 'volume': 2735300.0}, {'date': Timestamp('2020-03-14 00:00:00'), 'volume': 2665400.0}, {'date': Timestamp('2020-03-07 00:00:00'), 'volume': 2566800.0}, {'date': Timestamp('2020-02-29 00:00:00'), 'volume': 1855700.0}, {'date': Timestamp('2020-02-22 00:00:00'), 'volume': 1762500.0}, {'date': Timestamp('2020-02-01 00:00:00'), 'volume': 1251000.0}, {'date': Timestamp('2020-01-25 00:00:00'), 'volume': 1249100.0}, {'date': Timestamp('2020-01-04 00:00:00'), 'volume': 1211000.0}]",2026-08-10,2429262.0,82.83999633789062,0.3611748438893845,346
TALO,2223451855.9941688,weekly,2024-01-15,33992500.0,938,0,11,"[{'date': Timestamp('2024-01-15 00:00:00'), 'volume': 33992500.0}, {'date': Timestamp('2023-06-12 00:00:00'), 'volume': 24380900.0}, {'date': Timestamp('2023-05-08 00:00:00'), 'volume': 16994100.0}, {'date': Timestamp('2020-12-07 00:00:00'), 'volume': 14695300.0}, {'date': Timestamp('2020-09-14 00:00:00'), 'volume': 5642200.0}, {'date': Timestamp('2020-06-15 00:00:00'), 'volume': 5090800.0}, {'date': Timestamp('2020-03-09 00:00:00'), 'volume': 4980900.0}, {'date': Timestamp('2020-03-02 00:00:00'), 'volume': 3164000.0}, {'date': Timestamp('2020-02-03 00:00:00'), 'volume': 2924400.0}, {'date': Timestamp('2020-01-27 00:00:00'), 'volume': 2067800.0}, {'date': Timestamp('2020-01-06 00:00:00'), 'volume': 1820700.0}]",2026-08-10,7286910.0,15.770000457763672,0.2143681694491432,345
DYN,3461671011.624454,weekly,2024-01-01,44803200.0,952,0,7,"[{'date': Timestamp('2024-01-01 00:00:00'), 'volume': 44803200.0}, {'date': Timestamp('2023-06-12 00:00:00'), 'volume': 6780000.0}, {'date': Timestamp('2022-12-12 00:00:00'), 'volume': 6253900.0}, {'date': Timestamp('2021-01-18 00:00:00'), 'volume': 6156800.0}, {'date': Timestamp('2020-12-14 00:00:00'), 'volume': 3756500.0}, {'date': Timestamp('2020-11-02 00:00:00'), 'volume': 2753500.0}, {'date': Timestamp('2020-09-14 00:00:00'), 'volume': 2701200.0}]",2026-08-10,10074566.0,25.700000762939453,0.2248626437397329,309
RUSHA,5701738736.489284,weekly,2023-12-25,15873500.0,959,0,7,"[{'date': Timestamp('2023-12-25 00:00:00'), 'volume': 15873500.0}, {'date': Timestamp('2023-12-18 00:00:00'), 'volume': 4619000.0}, {'date': Timestamp('2020-03-16 00:00:00'), 'volume': 4602600.0}, {'date': Timestamp('2020-02-24 00:00:00'), 'volume': 4595400.0}, {'date': Timestamp('2020-02-10 00:00:00'), 'volume': 3285450.0}, {'date': Timestamp('2020-01-27 00:00:00'), 'volume': 1594350.0}, {'date': Timestamp('2020-01-06 00:00:00'), 'volume': 1283625.0}]",2026-08-10,1731474.0,82.2300033569336,0.1090795350741802,345
ARQT,3377251165.717497,weekly,2023-12-18,78234200.0,966,0,7,"[{'date': Timestamp('2023-12-18 00:00:00'), 'volume': 78234200.0}, {'date': Timestamp('2023-10-23 00:00:00'), 'volume': 27783800.0}, {'date': Timestamp('2023-10-16 00:00:00'), 'volume': 23056000.0}, {'date': Timestamp('2023-05-08 00:00:00'), 'volume': 10977800.0}, {'date': Timestamp('2022-08-01 00:00:00'), 'volume': 8883900.0}, {'date': Timestamp('2021-02-01 00:00:00'), 'volume': 4865000.0}, {'date': Timestamp('2020-01-27 00:00:00'), 'volume': 2931700.0}]",2026-08-10,8117633.0,26.190000534057617,0.10376066988606,342
HLI,9635181408.100931,weekly,2023-12-11,10533100.0,973,0,9,"[{'date': Timestamp('2023-12-11 00:00:00'), 'volume': 10533100.0}, {'date': Timestamp('2023-06-19 00:00:00'), 'volume': 7843500.0}, {'date': Timestamp('2020-07-27 00:00:00'), 'volume': 5226000.0}, {'date': Timestamp('2020-05-18 00:00:00'), 'volume': 4752200.0}, {'date': Timestamp('2020-03-16 00:00:00'), 'volume': 4517200.0}, {'date': Timestamp('2020-03-09 00:00:00'), 'volume': 3379300.0}, {'date': Timestamp('2020-02-03 00:00:00'), 'volume': 2603500.0}, {'date': Timestamp('2020-01-13 00:00:00'), 'volume': 1513000.0}, {'date': Timestamp('2020-01-06 00:00:00'), 'volume': 1124000.0}]",2026-08-10,4913430.0,128.67999267578125,0.466475206729263,345
PARR,2739381833.324404,weekly,2023-12-11,12754800.0,973,0,9,"[{'date': Timestamp('2023-12-11 00:00:00'), 'volume': 12754800.0}, {'date': Timestamp('2023-09-11 00:00:00'), 'volume': 10006800.0}, {'date': Timestamp('2021-03-15 00:00:00'), 'volume': 9361300.0}, {'date': Timestamp('2020-04-27 00:00:00'), 'volume': 5145600.0}, {'date': Timestamp('2020-03-09 00:00:00'), 'volume': 4431700.0}, {'date': Timestamp('2020-02-24 00:00:00'), 'volume': 2373400.0}, {'date': Timestamp('2020-01-20 00:00:00'), 'volume': 2075900.0}, {'date': Timestamp('2020-01-13 00:00:00'), 'volume': 1294400.0}, {'date': Timestamp('2020-01-06 00:00:00'), 'volume': 1184500.0}]",2026-08-10,5844384.0,80.31999969482422,0.4582105560259667,345
PJT,3915803538.560011,weekly,2023-12-11,5823500.0,973,0,11,"[{'date': Timestamp('2023-12-11 00:00:00'), 'volume': 5823500.0}, {'date': Timestamp('2023-12-04 00:00:00'), 'volume': 2587000.0}, {'date': Timestamp('2023-07-24 00:00:00'), 'volume': 2169200.0}, {'date': Timestamp('2023-05-01 00:00:00'), 'volume': 2052200.0}, {'date': Timestamp('2020-03-16 00:00:00'), 'volume': 1819100.0}, {'date': Timestamp('2020-03-09 00:00:00'), 'volume': 1225900.0}, {'date': Timestamp('2020-02-24 00:00:00'), 'volume': 1134100.0}, {'date': Timestamp('2020-02-10 00:00:00'), 'volume': 1097300.0}, {'date': Timestamp('2020-02-03 00:00:00'), 'volume': 905800.0}, {'date': Timestamp('2020-01-13 00:00:00'), 'volume': 359600.0}, {'date': Timestamp('2020-01-06 00:00:00'), 'volume': 320000.0}]",2026-08-10,2280216.0,174.36000061035156,0.3915542199708079,345
BLBD,2494067739.915039,weekly,2023-12-11,9198400.0,973,0,13,"[{'date': Timestamp('2023-12-11 00:00:00'), 'volume': 9198400.0}, {'date': Timestamp('2023-06-05 00:00:00'), 'volume': 5389400.0}, {'date': Timestamp('2023-05-08 00:00:00'), 'volume': 4351100.0}, {'date': Timestamp('2021-02-22 00:00:00'), 'volume': 3272600.0}, {'date': Timestamp('2021-02-08 00:00:00'), 'volume': 1743800.0}, {'date': Timestamp('2021-01-18 00:00:00'), 'volume': 1632400.0}, {'date': Timestamp('2021-01-11 00:00:00'), 'volume': 1455500.0}, {'date': Timestamp('2020-03-16 00:00:00'), 'volume': 1187300.0}, {'date': Timestamp('2020-03-09 00:00:00'), 'volume': 1038400.0}, {'date': Timestamp('2020-03-02 00:00:00'), 'volume': 758100.0}, {'date': Timestamp('2020-02-10 00:00:00'), 'volume': 682500.0}, {'date': Timestamp('2020-01-13 00:00:00'), 'volume': 651800.0}, {'date': Timestamp('2020-01-06 00:00:00'), 'volume': 562700.0}]",2026-08-10,3629666.0,64.80999755859375,0.394597538702383,345
AWI,6920800467.018456,weekly,2023-12-11,11232100.0,973,0,7,"[{'date': Timestamp('2023-12-11 00:00:00'), 'volume': 11232100.0}, {'date': Timestamp('2023-05-15 00:00:00'), 'volume': 5772700.0}, {'date': Timestamp('2020-07-27 00:00:00'), 'volume': 5191800.0}, {'date': Timestamp('2020-05-11 00:00:00'), 'volume': 4177500.0}, {'date': Timestamp('2020-02-24 00:00:00'), 'volume': 3714800.0}, {'date': Timestamp('2020-01-13 00:00:00'), 'volume': 2061700.0}, {'date': Timestamp('2020-01-06 00:00:00'), 'volume': 1763300.0}]",2026-08-10,1744855.0,182.1999969482422,0.155345394004683,345
SPNT,2803379724.171726,weekly,2023-12-11,8839400.0,973,0,9,"[{'date': Timestamp('2023-12-11 00:00:00'), 'volume': 8839400.0}, {'date': Timestamp('2021-06-14 00:00:00'), 'volume': 7513900.0}, {'date': Timestamp('2021-02-22 00:00:00'), 'volume': 4842100.0}, {'date': Timestamp('2020-05-11 00:00:00'), 'volume': 4609400.0}, {'date': Timestamp('2020-03-16 00:00:00'), 'volume': 4013700.0}, {'date': Timestamp('2020-03-09 00:00:00'), 'volume': 3955200.0}, {'date': Timestamp('2020-03-02 00:00:00'), 'volume': 3530300.0}, {'date': Timestamp('2020-01-27 00:00:00'), 'volume': 2619900.0}, {'date': Timestamp('2020-01-06 00:00:00'), 'volume': 2619300.0}]",2026-08-10,2666674.0,23.71999931335449,0.3016804307984705,345
USAC,3818572040.85108,weekly,2023-12-11,14612100.0,973,0,6,"[{'date': Timestamp('2023-12-11 00:00:00'), 'volume': 14612100.0}, {'date': Timestamp('2020-03-16 00:00:00'), 'volume': 6195300.0}, {'date': Timestamp('2020-03-09 00:00:00'), 'volume': 5218600.0}, {'date': Timestamp('2020-02-24 00:00:00'), 'volume': 3089300.0}, {'date': Timestamp('2020-01-20 00:00:00'), 'volume': 2102800.0}, {'date': Timestamp('2020-01-06 00:00:00'), 'volume': 1375300.0}]",2026-08-10,1889168.0,26.6200008392334,0.1292879189165144,345
STC,2089731917.3779435,weekly,2023-12-09,2787300.0,975,0,6,"[{'date': Timestamp('2023-12-09 00:00:00'), 'volume': 2787300.0}, {'date': Timestamp('2020-08-08 00:00:00'), 'volume': 2770300.0}, {'date': Timestamp('2020-07-18 00:00:00'), 'volume': 1559900.0}, {'date': Timestamp('2020-03-14 00:00:00'), 'volume': 1190300.0}, {'date': Timestamp('2020-02-01 00:00:00'), 'volume': 1175500.0}, {'date': Timestamp('2020-01-04 00:00:00'), 'volume': 562100.0}]",2026-08-10,977632.0,68.19999694824219,0.3507451655724177,346
ALK,6001564856.533684,weekly,2023-12-09,51181000.0,975,0,10,"[{'date': Timestamp('2023-12-09 00:00:00'), 'volume': 51181000.0}, {'date': Timestamp('2023-12-02 00:00:00'), 'volume': 48868800.0}, {'date': Timestamp('2020-06-06 00:00:00'), 'volume': 42117600.0}, {'date': Timestamp('2020-05-30 00:00:00'), 'volume': 27076000.0}, {'date': Timestamp('2020-03-21 00:00:00'), 'volume': 24646300.0}, {'date': Timestamp('2020-03-14 00:00:00'), 'volume': 20195500.0}, {'date': Timestamp('2020-02-29 00:00:00'), 'volume': 18871700.0}, {'date': Timestamp('2020-02-22 00:00:00'), 'volume': 11025000.0}, {'date': Timestamp('2020-01-25 00:00:00'), 'volume': 10168000.0}, {'date': Timestamp('2020-01-04 00:00:00'), 'volume': 5970700.0}]",2026-08-10,12475153.0,45.959999084472656,0.2437457845684922,346
DNP,4099812480.0,weekly,2023-12-09,10217100.0,975,0,6,"[{'date': Timestamp('2023-12-09 00:00:00'), 'volume': 10217100.0}, {'date': Timestamp('2020-03-21 00:00:00'), 'volume': 8386200.0}, {'date': Timestamp('2020-02-22 00:00:00'), 'volume': 7553900.0}, {'date': Timestamp('2020-02-08 00:00:00'), 'volume': 2364100.0}, {'date': Timestamp('2020-01-11 00:00:00'), 'volume': 1970100.0}, {'date': Timestamp('2020-01-04 00:00:00'), 'volume': 1627100.0}]",2026-08-10,3027616.0,10.979999542236328,0.2963283123391177,346
NHC,3226080498.687739,weekly,2023-12-09,3491700.0,975,0,8,"[{'date': Timestamp('2023-12-09 00:00:00'), 'volume': 3491700.0}, {'date': Timestamp('2023-03-11 00:00:00'), 'volume': 1706000.0}, {'date': Timestamp('2022-03-12 00:00:00'), 'volume': 771700.0}, {'date': Timestamp('2020-03-14 00:00:00'), 'volume': 721400.0}, {'date': Timestamp('2020-03-07 00:00:00'), 'volume': 470000.0}, {'date': Timestamp('2020-02-29 00:00:00'), 'volume': 364300.0}, {'date': Timestamp('2020-02-22 00:00:00'), 'volume': 359000.0}, {'date': Timestamp('2020-01-04 00:00:00'), 'volume': 240800.0}]",2026-08-10,825183.0,223.58999633789065,0.2363270040381476,346
ALKS,9180504030.48041,weekly,2023-12-09,41845700.0,975,0,7,"[{'date': Timestamp('2023-12-09 00:00:00'), 'volume': 41845700.0}, {'date': Timestamp('2021-06-19 00:00:00'), 'volume': 25794700.0}, {'date': Timestamp('2020-02-22 00:00:00'), 'volume': 14862100.0}, {'date': Timestamp('2020-02-08 00:00:00'), 'volume': 9844000.0}, {'date': Timestamp('2020-02-01 00:00:00'), 'volume': 8846100.0}, {'date': Timestamp('2020-01-11 00:00:00'), 'volume': 7468600.0}, {'date': Timestamp('2020-01-04 00:00:00'), 'volume': 6852300.0}]",2026-08-10,8242068.0,49.060001373291016,0.1969633200065956,346
CALY,3460333105.208333,weekly,2023-12-09,43870700.0,975,0,7,"[{'date': Timestamp('2023-12-09 00:00:00'), 'volume': 43870700.0}, {'date': Timestamp('2021-06-12 00:00:00'), 'volume': 42485200.0}, {'date': Timestamp('2020-10-24 00:00:00'), 'volume': 36641300.0}, {'date': Timestamp('2020-04-25 00:00:00'), 'volume': 25867100.0}, {'date': Timestamp('2020-03-14 00:00:00'), 'volume': 12925000.0}, {'date': Timestamp('2020-02-08 00:00:00'), 'volume': 10849400.0}, {'date': Timestamp('2020-01-04 00:00:00'), 'volume': 4665600.0}]",2026-08-10,9906594.0,16.479999542236328,0.2258134472438324,346
SPHR,6079305972.142548,weekly,2023-12-04,20950700.0,980,0,4,"[{'date': Timestamp('2023-12-04 00:00:00'), 'volume': 20950700.0}, {'date': Timestamp('2020-04-20 00:00:00'), 'volume': 8155340.0}, {'date': Timestamp('2020-04-13 00:00:00'), 'volume': 595376.0}, {'date': Timestamp('2020-04-06 00:00:00'), 'volume': 4114.0}]",2026-08-10,4066267.0,168.0,0.1940874051940985,332
CRSP,5296967584.24083,weekly,2023-12-04,26516000.0,980,0,11,"[{'date': Timestamp('2023-12-04 00:00:00'), 'volume': 26516000.0}, {'date': Timestamp('2022-06-20 00:00:00'), 'volume': 19643900.0}, {'date': Timestamp('2022-06-13 00:00:00'), 'volume': 15744100.0}, {'date': Timestamp('2021-06-28 00:00:00'), 'volume': 15421300.0}, {'date': Timestamp('2021-01-04 00:00:00'), 'volume': 15228900.0}, {'date': Timestamp('2020-12-21 00:00:00'), 'volume': 13274800.0}, {'date': Timestamp('2020-12-07 00:00:00'), 'volume': 11422900.0}, {'date': Timestamp('2020-10-19 00:00:00'), 'volume': 8953500.0}, {'date': Timestamp('2020-07-06 00:00:00'), 'volume': 8198900.0}, {'date': Timestamp('2020-02-10 00:00:00'), 'volume': 7924600.0}, {'date': Timestamp('2020-01-06 00:00:00'), 'volume': 5851300.0}]",2026-08-10,5511864.0,53.54999923706055,0.2078693618947051,345
WOR,2775405958.6977124,weekly,2023-11-25,14050780.0,989,0,7,"[{'date': Timestamp('2023-11-25 00:00:00'), 'volume': 14050780.0}, {'date': Timestamp('2020-06-06 00:00:00'), 'volume': 7081327.0}, {'date': Timestamp('2020-05-30 00:00:00'), 'volume': 3090721.0}, {'date': Timestamp('2020-03-14 00:00:00'), 'volume': 2823252.0}, {'date': Timestamp('2020-03-07 00:00:00'), 'volume': 2002035.0}, {'date': Timestamp('2020-01-11 00:00:00'), 'volume': 1936667.0}, {'date': Timestamp('2020-01-04 00:00:00'), 'volume': 1796202.0}]",2026-08-10,1038257.0,58.65999984741211,0.0738931931181044,346
ICUI,3705798980.8978696,weekly,2023-11-25,7622400.0,989,0,7,"[{'date': Timestamp('2023-11-25 00:00:00'), 'volume': 7622400.0}, {'date': Timestamp('2021-09-04 00:00:00'), 'volume': 4033500.0}, {'date': Timestamp('2020-12-12 00:00:00'), 'volume': 1633500.0}, {'date': Timestamp('2020-03-14 00:00:00'), 'volume': 1318600.0}, {'date': Timestamp('2020-02-01 00:00:00'), 'volume': 1119400.0}, {'date': Timestamp('2020-01-11 00:00:00'), 'volume': 872800.0}, {'date': Timestamp('2020-01-04 00:00:00'), 'volume': 528900.0}]",2026-08-10,1609283.0,182.97999572753903,0.2111254985306465,346
AX,5474008305.030732,weekly,2023-11-13,9942300.0,1001,0,8,"[{'date': Timestamp('2023-11-13 00:00:00'), 'volume': 9942300.0}, {'date': Timestamp('2023-03-13 00:00:00'), 'volume': 8423500.0}, {'date': Timestamp('2020-03-16 00:00:00'), 'volume': 5257400.0}, {'date': Timestamp('2020-03-09 00:00:00'), 'volume': 4136000.0}, {'date': Timestamp('2020-03-02 00:00:00'), 'volume': 2695900.0}, {'date': Timestamp('2020-02-24 00:00:00'), 'volume': 2571600.0}, {'date': Timestamp('2020-01-13 00:00:00'), 'volume': 2232200.0}, {'date': Timestamp('2020-01-06 00:00:00'), 'volume': 1013600.0}]",2026-08-10,1763605.0,102.16000366210938,0.1773840057129638,345
ESTA,2601057975.0656786,weekly,2023-11-06,15546200.0,1008,0,7,"[{'date': Timestamp('2023-11-06 00:00:00'), 'volume': 15546200.0}, {'date': Timestamp('2022-10-17 00:00:00'), 'volume': 3874800.0}, {'date': Timestamp('2022-05-09 00:00:00'), 'volume': 2171600.0}, {'date': Timestamp('2022-04-18 00:00:00'), 'volume': 2041600.0}, {'date': Timestamp('2020-03-16 00:00:00'), 'volume': 1926000.0}, {'date': Timestamp('2020-01-27 00:00:00'), 'volume': 1905800.0}, {'date': Timestamp('2020-01-06 00:00:00'), 'volume': 511600.0}]",2026-08-10,2774055.0,79.47000122070312,0.1784394257117495,345
KNF,5275838601.455327,weekly,2023-11-06,9671200.0,1008,0,4,"[{'date': Timestamp('2023-11-06 00:00:00'), 'volume': 9671200.0}, {'date': Timestamp('2023-06-19 00:00:00'), 'volume': 8157500.0}, {'date': Timestamp('2023-06-12 00:00:00'), 'volume': 5325900.0}, {'date': Timestamp('2023-06-05 00:00:00'), 'volume': 4715000.0}]",2026-08-10,2794621.0,66.4000015258789,0.2889632103565224,167
CNM,9509573909.875671,weekly,2023-11-06,45725800.0,1008,0,3,"[{'date': Timestamp('2023-11-06 00:00:00'), 'volume': 45725800.0}, {'date': Timestamp('2022-01-03 00:00:00'), 'volume': 20704400.0}, {'date': Timestamp('2021-07-19 00:00:00'), 'volume': 10130500.0}]",2026-08-10,8026636.0,45.97999954223633,0.1755384487532202,265
ACIW,5007848808.135019,weekly,2023-11-04,28031300.0,1010,0,8,"[{'date': Timestamp('2023-11-04 00:00:00'), 'volume': 28031300.0}, {'date': Timestamp('2023-03-11 00:00:00'), 'volume': 9794100.0}, {'date': Timestamp('2020-09-05 00:00:00'), 'volume': 9642400.0}, {'date': Timestamp('2020-03-14 00:00:00'), 'volume': 7662000.0}, {'date': Timestamp('2020-03-07 00:00:00'), 'volume': 6456100.0}, {'date': Timestamp('2020-02-29 00:00:00'), 'volume': 5898800.0}, {'date': Timestamp('2020-01-11 00:00:00'), 'volume': 4904500.0}, {'date': Timestamp('2020-01-04 00:00:00'), 'volume': 2301500.0}]",2026-08-10,5931006.0,53.43999862670898,0.2115851209184019,346
PAYC,6153030961.099453,weekly,2023-10-30,22374600.0,1015,0,5,"[{'date': Timestamp('2023-10-30 00:00:00'), 'volume': 22374600.0}, {'date': Timestamp('2020-01-27 00:00:00'), 'volume': 13162200.0}, {'date': Timestamp('2020-01-20 00:00:00'), 'volume': 6340300.0}, {'date': Timestamp('2020-01-13 00:00:00'), 'volume': 2372500.0}, {'date': Timestamp('2020-01-06 00:00:00'), 'volume': 2350400.0}]",2026-08-10,4237723.0,218.1300048828125,0.1893988272416043,345
EXTR,4150896499.300387,weekly,2023-10-28,27901000.0,1017,0,7,"[{'date': Timestamp('2023-10-28 00:00:00'), 'volume': 27901000.0}, {'date': Timestamp('2023-01-21 00:00:00'), 'volume': 17917300.0}, {'date': Timestamp('2020-03-14 00:00:00'), 'volume': 16149400.0}, {'date': Timestamp('2020-01-25 00:00:00'), 'volume': 14817900.0}, {'date': Timestamp('2020-01-18 00:00:00'), 'volume': 5708300.0}, {'date': Timestamp('2020-01-11 00:00:00'), 'volume': 5591100.0}, {'date': Timestamp('2020-01-04 00:00:00'), 'volume': 5043900.0}]",2026-08-10,9929273.0,24.40999984741211,0.3558751657646679,346
NATL,3190283203.02586,weekly,2023-10-16,23795400.0,1029,0,2,"[{'date': Timestamp('2023-10-16 00:00:00'), 'volume': 23795400.0}, {'date': Timestamp('2023-10-09 00:00:00'), 'volume': 90900.0}]",2026-08-10,3356882.0,46.93000030517578,0.1410727283424527,149
FND,6443492052.545268,weekly,2023-10-16,31616500.0,1029,0,5,"[{'date': Timestamp('2023-10-16 00:00:00'), 'volume': 31616500.0}, {'date': Timestamp('2020-03-16 00:00:00'), 'volume': 16593600.0}, {'date': Timestamp('2020-02-24 00:00:00'), 'volume': 10273400.0}, {'date': Timestamp('2020-02-17 00:00:00'), 'volume': 6971200.0}, {'date': Timestamp('2020-01-06 00:00:00'), 'volume': 4790200.0}]",2026-08-10,8155427.0,58.56999969482422,0.2579484446412474,345
HAYW,3577719643.7466,weekly,2023-09-25,47817000.0,1050,0,4,"[{'date': Timestamp('2023-09-25 00:00:00'), 'volume': 47817000.0}, {'date': Timestamp('2022-05-02 00:00:00'), 'volume': 27216900.0}, {'date': Timestamp('2022-01-24 00:00:00'), 'volume': 11797300.0}, {'date': Timestamp('2021-03-08 00:00:00'), 'volume': 10633800.0}]",2026-08-10,6948689.0,15.15999984741211,0.1453183804922935,284
IMVT,7976252259.46522,weekly,2023-09-25,57390700.0,1050,0,11,"[{'date': Timestamp('2023-09-25 00:00:00'), 'volume': 57390700.0}, {'date': Timestamp('2021-05-31 00:00:00'), 'volume': 29727700.0}, {'date': Timestamp('2021-02-01 00:00:00'), 'volume': 21333700.0}, {'date': Timestamp('2020-08-31 00:00:00'), 'volume': 6769300.0}, {'date': Timestamp('2020-06-15 00:00:00'), 'volume': 5496800.0}, {'date': Timestamp('2020-05-25 00:00:00'), 'volume': 2412700.0}, {'date': Timestamp('2020-04-13 00:00:00'), 'volume': 2356200.0}, {'date': Timestamp('2020-03-30 00:00:00'), 'volume': 1439200.0}, {'date': Timestamp('2020-03-16 00:00:00'), 'volume': 1035700.0}, {'date': Timestamp('2020-02-10 00:00:00'), 'volume': 783700.0}, {'date': Timestamp('2020-01-06 00:00:00'), 'volume': 662400.0}]",2026-08-10,5963130.0,41.81999969482422,0.1039041168691094,345
MSGE,3798629898.148148,weekly,2023-09-18,7978900.0,1057,0,4,"[{'date': Timestamp('2023-09-18 00:00:00'), 'volume': 7978900.0}, {'date': Timestamp('2023-06-19 00:00:00'), 'volume': 7951400.0}, {'date': Timestamp('2023-04-24 00:00:00'), 'volume': 2354300.0}, {'date': Timestamp('2023-04-17 00:00:00'), 'volume': 916100.0}]",2026-08-10,2912248.0,85.44000244140625,0.3649936708067528,174
ST,6813491707.303782,weekly,2023-09-11,32855500.0,1064,0,8,"[{'date': Timestamp('2023-09-11 00:00:00'), 'volume': 32855500.0}, {'date': Timestamp('2022-03-07 00:00:00'), 'volume': 13721200.0}, {'date': Timestamp('2022-02-28 00:00:00'), 'volume': 11752700.0}, {'date': Timestamp('2020-03-16 00:00:00'), 'volume': 10398900.0}, {'date': Timestamp('2020-03-02 00:00:00'), 'volume': 9658300.0}, {'date': Timestamp('2020-02-10 00:00:00'), 'volume': 9536500.0}, {'date': Timestamp('2020-01-13 00:00:00'), 'volume': 4632100.0}, {'date': Timestamp('2020-01-06 00:00:00'), 'volume': 3763200.0}]",2026-08-10,7010162.0,46.22999954223633,0.2133634246929737,345
HASI,5058366133.809086,weekly,2023-09-11,29696600.0,1064,0,8,"[{'date': Timestamp('2023-09-11 00:00:00'), 'volume': 29696600.0}, {'date': Timestamp('2022-07-11 00:00:00'), 'volume': 18684400.0}, {'date': Timestamp('2020-03-16 00:00:00'), 'volume': 10550300.0}, {'date': Timestamp('2020-03-09 00:00:00'), 'volume': 6008200.0}, {'date': Timestamp('2020-02-24 00:00:00'), 'volume': 4714700.0}, {'date': Timestamp('2020-02-17 00:00:00'), 'volume': 2271600.0}, {'date': Timestamp('2020-01-13 00:00:00'), 'volume': 2230500.0}, {'date': Timestamp('2020-01-06 00:00:00'), 'volume': 1728800.0}]",2026-08-10,3688259.0,42.119998931884766,0.1241980226692618,345
SKWD,2399744256.674188,weekly,2023-09-11,6130300.0,1064,0,2,"[{'date': Timestamp('2023-09-11 00:00:00'), 'volume': 6130300.0}, {'date': Timestamp('2023-01-09 00:00:00'), 'volume': 4172700.0}]",2026-08-10,3139545.0,59.79999923706055,0.5121356214214638,188
APLE,4022591136.042528,weekly,2023-09-11,55107700.0,1064,0,7,"[{'date': Timestamp('2023-09-11 00:00:00'), 'volume': 55107700.0}, {'date': Timestamp('2020-03-23 00:00:00'), 'volume': 36355000.0}, {'date': Timestamp('2020-03-16 00:00:00'), 'volume': 30843300.0}, {'date': Timestamp('2020-03-09 00:00:00'), 'volume': 25659600.0}, {'date': Timestamp('2020-02-24 00:00:00'), 'volume': 23635100.0}, {'date': Timestamp('2020-01-27 00:00:00'), 'volume': 9811700.0}, {'date': Timestamp('2020-01-06 00:00:00'), 'volume': 9425000.0}]",2026-08-10,11276493.0,16.06999969482422,0.2046264496612996,345
WFRD,5951820892.468175,weekly,2023-09-11,19500000.0,1064,0,11,"[{'date': Timestamp('2023-09-11 00:00:00'), 'volume': 19500000.0}, {'date': Timestamp('2022-06-20 00:00:00'), 'volume': 12815900.0}, {'date': Timestamp('2022-06-06 00:00:00'), 'volume': 5033400.0}, {'date': Timestamp('2021-09-13 00:00:00'), 'volume': 4958000.0}, {'date': Timestamp('2021-06-14 00:00:00'), 'volume': 4084600.0}, {'date': Timestamp('2021-06-07 00:00:00'), 'volume': 2808300.0}, {'date': Timestamp('2021-05-31 00:00:00'), 'volume': 2515900.0}, {'date': Timestamp('2021-02-22 00:00:00'), 'volume': 2227100.0}, {'date': Timestamp('2021-02-08 00:00:00'), 'volume': 1890000.0}, {'date': Timestamp('2021-02-01 00:00:00'), 'volume': 844500.0}, {'date': Timestamp('2021-01-04 00:00:00'), 'volume': 664900.0}]",2026-08-10,3256929.0,94.78500366210938,0.167022,293
MORN,5881032979.207911,weekly,2023-09-11,5053300.0,1064,0,10,"[{'date': Timestamp('2023-09-11 00:00:00'), 'volume': 5053300.0}, {'date': Timestamp('2022-01-10 00:00:00'), 'volume': 2023300.0}, {'date': Timestamp('2021-04-26 00:00:00'), 'volume': 954000.0}, {'date': Timestamp('2020-10-26 00:00:00'), 'volume': 899200.0}, {'date': Timestamp('2020-04-06 00:00:00'), 'volume': 744900.0}, {'date': Timestamp('2020-03-16 00:00:00'), 'volume': 721300.0}, {'date': Timestamp('2020-03-09 00:00:00'), 'volume': 653800.0}, {'date': Timestamp('2020-03-02 00:00:00'), 'volume': 451200.0}, {'date': Timestamp('2020-02-24 00:00:00'), 'volume': 429000.0}, {'date': Timestamp('2020-01-06 00:00:00'), 'volume': 330200.0}]",2026-08-10,2264468.0,207.4100036621093,0.4481166762313736,345
LBRT,4383321581.613212,weekly,2023-09-11,57112400.0,1064,0,11,"[{'date': Timestamp('2023-09-11 00:00:00'), 'volume': 57112400.0}, {'date': Timestamp('2022-07-25 00:00:00'), 'volume': 27584000.0}, {'date': Timestamp('2022-06-20 00:00:00'), 'volume': 21530300.0}, {'date': Timestamp('2022-04-25 00:00:00'), 'volume': 21360100.0}, {'date': Timestamp('2022-02-28 00:00:00'), 'volume': 19046600.0}, {'date': Timestamp('2021-06-14 00:00:00'), 'volume': 17442600.0}, {'date': Timestamp('2021-06-07 00:00:00'), 'volume': 15399300.0}, {'date': Timestamp('2021-02-08 00:00:00'), 'volume': 13005700.0}, {'date': Timestamp('2020-03-09 00:00:00'), 'volume': 10092500.0}, {'date': Timestamp('2020-02-03 00:00:00'), 'volume': 6178300.0}, {'date': Timestamp('2020-01-06 00:00:00'), 'volume': 3936200.0}]",2026-08-10,15360326.0,22.01000022888184,0.268949054846233,345
BXMT,2940153773.692219,weekly,2023-09-09,47161800.0,1066,0,8,"[{'date': Timestamp('2023-09-09 00:00:00'), 'volume': 47161800.0}, {'date': Timestamp('2020-03-21 00:00:00'), 'volume': 31009800.0}, {'date': Timestamp('2020-03-14 00:00:00'), 'volume': 24859400.0}, {'date': Timestamp('2020-03-07 00:00:00'), 'volume': 13719300.0}, {'date': Timestamp('2020-02-22 00:00:00'), 'volume': 11020100.0}, {'date': Timestamp('2020-02-08 00:00:00'), 'volume': 6325800.0}, {'date': Timestamp('2020-01-11 00:00:00'), 'volume': 5906200.0}, {'date': Timestamp('2020-01-04 00:00:00'), 'volume': 4788500.0}]",2026-08-10,14240075.0,14.479999542236328,0.3019408716376389,346
HIW,3297153576.5092406,weekly,2023-09-09,24481600.0,1066,0,6,"[{'date': Timestamp('2023-09-09 00:00:00'), 'volume': 24481600.0}, {'date': Timestamp('2023-03-11 00:00:00'), 'volume': 9693100.0}, {'date': Timestamp('2020-03-14 00:00:00'), 'volume': 8407900.0}, {'date': Timestamp('2020-03-07 00:00:00'), 'volume': 5830800.0}, {'date': Timestamp('2020-01-25 00:00:00'), 'volume': 4529400.0}, {'date': Timestamp('2020-01-04 00:00:00'), 'volume': 4327900.0}]",2026-08-10,5272250.0,31.51000022888184,0.215355614012156,346
NWL,2472917908.105263,weekly,2023-09-09,133618000.0,1066,0,8,"[{'date': Timestamp('2023-09-09 00:00:00'), 'volume': 133618000.0}, {'date': Timestamp('2023-05-27 00:00:00'), 'volume': 72730800.0}, {'date': Timestamp('2023-04-29 00:00:00'), 'volume': 46836100.0}, {'date': Timestamp('2022-01-29 00:00:00'), 'volume': 38391600.0}, {'date': Timestamp('2020-03-07 00:00:00'), 'volume': 37924300.0}, {'date': Timestamp('2020-02-22 00:00:00'), 'volume': 33446000.0}, {'date': Timestamp('2020-02-08 00:00:00'), 'volume': 21378300.0}, {'date': Timestamp('2020-01-04 00:00:00'), 'volume': 16064400.0}]",2026-08-10,42738257.0,6.239999771118164,0.319854039126465,346
CATY,4159551410.240439,weekly,2023-09-09,14196800.0,1066,0,8,"[{'date': Timestamp('2023-09-09 00:00:00'), 'volume': 14196800.0}, {'date': Timestamp('2023-03-11 00:00:00'), 'volume': 5322100.0}, {'date': Timestamp('2020-03-07 00:00:00'), 'volume': 4304600.0}, {'date': Timestamp('2020-02-29 00:00:00'), 'volume': 2024900.0}, {'date': Timestamp('2020-02-22 00:00:00'), 'volume': 1891200.0}, {'date': Timestamp('2020-01-18 00:00:00'), 'volume': 1796600.0}, {'date': Timestamp('2020-01-11 00:00:00'), 'volume': 1126500.0}, {'date': Timestamp('2020-01-04 00:00:00'), 'volume': 924200.0}]",2026-08-10,1836345.0,64.93000030517578,0.1293492195424321,346
SXT,5115937852.331308,weekly,2023-09-09,9067300.0,1066,0,8,"[{'date': Timestamp('2023-09-09 00:00:00'), 'volume': 9067300.0}, {'date': Timestamp('2020-04-18 00:00:00'), 'volume': 4553200.0}, {'date': Timestamp('2020-03-14 00:00:00'), 'volume': 3484600.0}, {'date': Timestamp('2020-02-15 00:00:00'), 'volume': 2957600.0}, {'date': Timestamp('2020-02-08 00:00:00'), 'volume': 1560400.0}, {'date': Timestamp('2020-01-25 00:00:00'), 'volume': 1447000.0}, {'date': Timestamp('2020-01-18 00:00:00'), 'volume': 1002700.0}, {'date': Timestamp('2020-01-04 00:00:00'), 'volume': 963500.0}]",2026-08-10,1620825.0,133.47000122070312,0.1787549766744234,346
LNC,7021348579.713813,weekly,2023-09-09,53056800.0,1066,0,7,"[{'date': Timestamp('2023-09-09 00:00:00'), 'volume': 53056800.0}, {'date': Timestamp('2023-03-11 00:00:00'), 'volume': 31927800.0}, {'date': Timestamp('2020-03-21 00:00:00'), 'volume': 26629500.0}, {'date': Timestamp('2020-03-07 00:00:00'), 'volume': 25323500.0}, {'date': Timestamp('2020-02-29 00:00:00'), 'volume': 15544100.0}, {'date': Timestamp('2020-02-22 00:00:00'), 'volume': 14433100.0}, {'date': Timestamp('2020-01-04 00:00:00'), 'volume': 8917800.0}]",2026-08-10,10177985.0,45.459999084472656,0.1918318669802928,346
ARCB,3256968277.1261163,weekly,2023-09-09,4764500.0,1066,0,13,"[{'date': Timestamp('2023-09-09 00:00:00'), 'volume': 4764500.0}, {'date': Timestamp('2021-06-05 00:00:00'), 'volume': 4125300.0}, {'date': Timestamp('2021-05-29 00:00:00'), 'volume': 2286300.0}, {'date': Timestamp('2021-03-06 00:00:00'), 'volume': 2125100.0}, {'date': Timestamp('2020-03-14 00:00:00'), 'volume': 2061500.0}, {'date': Timestamp('2020-03-07 00:00:00'), 'volume': 1653300.0}, {'date': Timestamp('2020-02-29 00:00:00'), 'volume': 1455900.0}, {'date': Timestamp('2020-02-22 00:00:00'), 'volume': 1390200.0}, {'date': Timestamp('2020-02-08 00:00:00'), 'volume': 1299400.0}, {'date': Timestamp('2020-02-01 00:00:00'), 'volume': 1173900.0}, {'date': Timestamp('2020-01-25 00:00:00'), 'volume': 1092400.0}, {'date': Timestamp('2020-01-11 00:00:00'), 'volume': 787000.0}, {'date': Timestamp('2020-01-04 00:00:00'), 'volume': 551000.0}]",2026-08-10,2041433.0,142.8800048828125,0.428467415258684,346
LBTYA,3801459432.522994,weekly,2023-08-28,55621879.0,1078,0,9,"[{'date': Timestamp('2023-08-28 00:00:00'), 'volume': 55621879.0}, {'date': Timestamp('2020-05-04 00:00:00'), 'volume': 53852075.0}, {'date': Timestamp('2020-04-27 00:00:00'), 'volume': 39493527.0}, {'date': Timestamp('2020-03-16 00:00:00'), 'volume': 28739805.0}, {'date': Timestamp('2020-03-09 00:00:00'), 'volume': 25246588.0}, {'date': Timestamp('2020-03-02 00:00:00'), 'volume': 19398548.0}, {'date': Timestamp('2020-02-24 00:00:00'), 'volume': 18945518.0}, {'date': Timestamp('2020-01-20 00:00:00'), 'volume': 17965896.0}, {'date': Timestamp('2020-01-06 00:00:00'), 'volume': 16842833.0}]",2026-08-10,13683601.0,10.470000267028809,0.2460111245073184,345
UGI,7595969556.836178,weekly,2023-08-26,33370300.0,1080,0,7,"[{'date': Timestamp('2023-08-26 00:00:00'), 'volume': 33370300.0}, {'date': Timestamp('2022-03-12 00:00:00'), 'volume': 23321600.0}, {'date': Timestamp('2022-02-26 00:00:00'), 'volume': 13381500.0}, {'date': Timestamp('2020-02-22 00:00:00'), 'volume': 12100500.0}, {'date': Timestamp('2020-01-25 00:00:00'), 'volume': 10752100.0}, {'date': Timestamp('2020-01-18 00:00:00'), 'volume': 7822700.0}, {'date': Timestamp('2020-01-04 00:00:00'), 'volume': 6518600.0}]",2026-08-10,9898218.0,35.369998931884766,0.2966175910914795,346
TNET,2293097228.517037,weekly,2023-08-21,8795300.0,1085,0,7,"[{'date': Timestamp('2023-08-21 00:00:00'), 'volume': 8795300.0}, {'date': Timestamp('2022-03-14 00:00:00'), 'volume': 8557900.0}, {'date': Timestamp('2020-02-10 00:00:00'), 'volume': 5393800.0}, {'date': Timestamp('2020-02-03 00:00:00'), 'volume': 1429700.0}, {'date': Timestamp('2020-01-27 00:00:00'), 'volume': 1422200.0}, {'date': Timestamp('2020-01-13 00:00:00'), 'volume': 1138000.0}, {'date': Timestamp('2020-01-06 00:00:00'), 'volume': 1091800.0}]",2026-08-10,1202386.0,68.75,0.136707787113572,345
DLB,5060053260.330029,weekly,2023-08-21,14276400.0,1085,0,8,"[{'date': Timestamp('2023-08-21 00:00:00'), 'volume': 14276400.0}, {'date': Timestamp('2021-05-03 00:00:00'), 'volume': 5297300.0}, {'date': Timestamp('2020-11-02 00:00:00'), 'volume': 4057800.0}, {'date': Timestamp('2020-03-16 00:00:00'), 'volume': 3405500.0}, {'date': Timestamp('2020-02-24 00:00:00'), 'volume': 3236300.0}, {'date': Timestamp('2020-02-03 00:00:00'), 'volume': 3044700.0}, {'date': Timestamp('2020-01-27 00:00:00'), 'volume': 2893900.0}, {'date': Timestamp('2020-01-06 00:00:00'), 'volume': 1835400.0}]",2026-08-10,4254486.0,62.38999938964844,0.2980083214255695,345
HE,2342665445.8221555,weekly,2023-08-12,168505900.0,1094,0,9,"[{'date': Timestamp('2023-08-12 00:00:00'), 'volume': 168505900.0}, {'date': Timestamp('2020-03-14 00:00:00'), 'volume': 9467800.0}, {'date': Timestamp('2020-03-07 00:00:00'), 'volume': 6691700.0}, {'date': Timestamp('2020-02-22 00:00:00'), 'volume': 3694100.0}, {'date': Timestamp('2020-02-08 00:00:00'), 'volume': 2278200.0}, {'date': Timestamp('2020-02-01 00:00:00'), 'volume': 2233200.0}, {'date': Timestamp('2020-01-25 00:00:00'), 'volume': 1884600.0}, {'date': Timestamp('2020-01-11 00:00:00'), 'volume': 1752600.0}, {'date': Timestamp('2020-01-04 00:00:00'), 'volume': 1662600.0}]",2026-08-10,14333805.0,11.729999542236328,0.0850641134820798,346
MRCY,6567534117.047457,weekly,2023-08-12,20061800.0,1094,0,8,"[{'date': Timestamp('2023-08-12 00:00:00'), 'volume': 20061800.0}, {'date': Timestamp('2023-06-24 00:00:00'), 'volume': 10901000.0}, {'date': Timestamp('2021-05-01 00:00:00'), 'volume': 9539200.0}, {'date': Timestamp('2020-06-20 00:00:00'), 'volume': 9216400.0}, {'date': Timestamp('2020-03-14 00:00:00'), 'volume': 4040900.0}, {'date': Timestamp('2020-03-07 00:00:00'), 'volume': 3110400.0}, {'date': Timestamp('2020-01-25 00:00:00'), 'volume': 2965200.0}, {'date': Timestamp('2020-01-04 00:00:00'), 'volume': 1736300.0}]",2026-08-10,2248127.0,111.12000274658205,0.1120600843393912,346
MSGS,9461618179.754547,weekly,2023-07-31,5471600.0,1106,0,5,"[{'date': Timestamp('2023-07-31 00:00:00'), 'volume': 5471600.0}, {'date': Timestamp('2020-03-09 00:00:00'), 'volume': 4158052.0}, {'date': Timestamp('2020-02-24 00:00:00'), 'volume': 2172819.0}, {'date': Timestamp('2020-02-03 00:00:00'), 'volume': 1616787.0}, {'date': Timestamp('2020-01-06 00:00:00'), 'volume': 847509.0}]",2026-08-10,1814712.0,407.1700134277344,0.3316602090796111,345
DRVN,2320930395.232644,weekly,2023-07-31,33445300.0,1106,0,3,"[{'date': Timestamp('2023-07-31 00:00:00'), 'volume': 33445300.0}, {'date': Timestamp('2021-08-02 00:00:00'), 'volume': 12413300.0}, {'date': Timestamp('2021-01-18 00:00:00'), 'volume': 10658400.0}]",2026-08-10,3328697.0,12.9399995803833,0.0995266001500958,291
AD,3204444793.6068544,weekly,2023-07-29,8363100.0,1108,0,8,"[{'date': Timestamp('2023-07-29 00:00:00'), 'volume': 8363100.0}, {'date': Timestamp('2023-06-17 00:00:00'), 'volume': 3606500.0}, {'date': Timestamp('2021-06-19 00:00:00'), 'volume': 2986100.0}, {'date': Timestamp('2020-03-14 00:00:00'), 'volume': 1906400.0}, {'date': Timestamp('2020-02-22 00:00:00'), 'volume': 1487400.0}, {'date': Timestamp('2020-02-15 00:00:00'), 'volume': 995500.0}, {'date': Timestamp('2020-01-11 00:00:00'), 'volume': 782100.0}, {'date': Timestamp('2020-01-04 00:00:00'), 'volume': 593100.0}]",2026-08-10,769688.0,35.97999954223633,0.0920338152120625,346
NFG,7455524375.893347,weekly,2023-07-29,8473400.0,1108,0,5,"[{'date': Timestamp('2023-07-29 00:00:00'), 'volume': 8473400.0}, {'date': Timestamp('2020-03-14 00:00:00'), 'volume': 7634400.0}, {'date': Timestamp('2020-03-07 00:00:00'), 'volume': 5890600.0}, {'date': Timestamp('2020-01-25 00:00:00'), 'volume': 4509800.0}, {'date': Timestamp('2020-01-04 00:00:00'), 'volume': 2422700.0}]",2026-08-10,2469013.0,81.91999816894531,0.2913839780961597,346
CBU,3545881156.088292,weekly,2023-07-29,6984800.0,1108,0,7,"[{'date': Timestamp('2023-07-29 00:00:00'), 'volume': 6984800.0}, {'date': Timestamp('2023-04-22 00:00:00'), 'volume': 5092400.0}, {'date': Timestamp('2023-03-11 00:00:00'), 'volume': 3453500.0}, {'date': Timestamp('2020-03-14 00:00:00'), 'volume': 2786100.0}, {'date': Timestamp('2020-03-07 00:00:00'), 'volume': 1940700.0}, {'date': Timestamp('2020-01-25 00:00:00'), 'volume': 1799700.0}, {'date': Timestamp('2020-01-04 00:00:00'), 'volume': 1116300.0}]",2026-08-10,957896.0,65.83999633789062,0.1371400755927156,346
NJR,5814091715.775308,weekly,2023-07-29,8178200.0,1108,0,5,"[{'date': Timestamp('2023-07-29 00:00:00'), 'volume': 8178200.0}, {'date': Timestamp('2020-03-14 00:00:00'), 'volume': 7840700.0}, {'date': Timestamp('2020-03-07 00:00:00'), 'volume': 5151600.0}, {'date': Timestamp('2020-01-25 00:00:00'), 'volume': 3754000.0}, {'date': Timestamp('2020-01-04 00:00:00'), 'volume': 3033000.0}]",2026-08-10,3117844.0,55.59999847412109,0.3812384143209997,346
PHIN,3140083757.91648,weekly,2023-07-10,21649500.0,1127,0,3,"[{'date': Timestamp('2023-07-10 00:00:00'), 'volume': 21649500.0}, {'date': Timestamp('2023-07-03 00:00:00'), 'volume': 17704400.0}, {'date': Timestamp('2023-06-26 00:00:00'), 'volume': 1900.0}]",2026-08-10,2017973.0,74.48999786376953,0.09321106723019,164
WDFC,3341380038.0831914,weekly,2023-07-08,2023700.0,1129,0,4,"[{'date': Timestamp('2023-07-08 00:00:00'), 'volume': 2023700.0}, {'date': Timestamp('2020-04-11 00:00:00'), 'volume': 1866700.0}, {'date': Timestamp('2020-03-14 00:00:00'), 'volume': 1741900.0}, {'date': Timestamp('2020-01-04 00:00:00'), 'volume': 986900.0}]",2026-08-10,491786.0,229.2400054931641,0.2430132924840638,346
SDRL,2431886590.832725,weekly,2023-06-19,11585700.0,1148,0,5,"[{'date': Timestamp('2023-06-19 00:00:00'), 'volume': 11585700.0}, {'date': Timestamp('2023-01-16 00:00:00'), 'volume': 5290300.0}, {'date': Timestamp('2022-11-28 00:00:00'), 'volume': 1190500.0}, {'date': Timestamp('2022-10-24 00:00:00'), 'volume': 500800.0}, {'date': Timestamp('2022-10-10 00:00:00'), 'volume': 80500.0}]",2026-08-10,3082553.0,47.97999954223633,0.2660653219054524,201
BRC,4252400354.3116913,weekly,2023-06-17,9013700.0,1150,0,13,"[{'date': Timestamp('2023-06-17 00:00:00'), 'volume': 9013700.0}, {'date': Timestamp('2023-06-10 00:00:00'), 'volume': 2857000.0}, {'date': Timestamp('2022-04-23 00:00:00'), 'volume': 2740600.0}, {'date': Timestamp('2020-12-12 00:00:00'), 'volume': 2594100.0}, {'date': Timestamp('2020-09-12 00:00:00'), 'volume': 2416600.0}, {'date': Timestamp('2020-03-14 00:00:00'), 'volume': 2261600.0}, {'date': Timestamp('2020-03-07 00:00:00'), 'volume': 2081100.0}, {'date': Timestamp('2020-02-22 00:00:00'), 'volume': 1741500.0}, {'date': Timestamp('2020-02-15 00:00:00'), 'volume': 1346300.0}, {'date': Timestamp('2020-02-08 00:00:00'), 'volume': 1190400.0}, {'date': Timestamp('2020-01-25 00:00:00'), 'volume': 811600.0}, {'date': Timestamp('2020-01-11 00:00:00'), 'volume': 791600.0}, {'date': Timestamp('2020-01-04 00:00:00'), 'volume': 723300.0}]",2026-08-10,1005840.0,94.13999938964844,0.1115901350166968,346
RLI,5291970470.146925,weekly,2023-06-17,11293800.0,1150,0,5,"[{'date': Timestamp('2023-06-17 00:00:00'), 'volume': 11293800.0}, {'date': Timestamp('2020-03-14 00:00:00'), 'volume': 5062400.0}, {'date': Timestamp('2020-03-07 00:00:00'), 'volume': 3505800.0}, {'date': Timestamp('2020-01-11 00:00:00'), 'volume': 2802000.0}, {'date': Timestamp('2020-01-04 00:00:00'), 'volume': 1845200.0}]",2026-08-10,3050142.0,63.77000045776367,0.2700722520320884,346
FHI,4367255194.519567,weekly,2023-06-17,15653100.0,1150,0,7,"[{'date': Timestamp('2023-06-17 00:00:00'), 'volume': 15653100.0}, {'date': Timestamp('2023-03-11 00:00:00'), 'volume': 11544300.0}, {'date': Timestamp('2020-02-29 00:00:00'), 'volume': 7790700.0}, {'date': Timestamp('2020-02-22 00:00:00'), 'volume': 4491200.0}, {'date': Timestamp('2020-02-01 00:00:00'), 'volume': 4178900.0}, {'date': Timestamp('2020-01-25 00:00:00'), 'volume': 3610200.0}, {'date': Timestamp('2020-01-04 00:00:00'), 'volume': 3152400.0}]",2026-08-10,2536083.0,64.12999725341797,0.1620179389386128,346
DAN,3026076375.268893,weekly,2023-06-13,32491800.0,1154,0,8,"[{'date': Timestamp('2023-06-13 00:00:00'), 'volume': 32491800.0}, {'date': Timestamp('2020-03-17 00:00:00'), 'volume': 20424400.0}, {'date': Timestamp('2020-03-10 00:00:00'), 'volume': 14264200.0}, {'date': Timestamp('2020-03-03 00:00:00'), 'volume': 12570700.0}, {'date': Timestamp('2020-02-25 00:00:00'), 'volume': 11229000.0}, {'date': Timestamp('2020-01-28 00:00:00'), 'volume': 10500900.0}, {'date': Timestamp('2020-01-21 00:00:00'), 'volume': 5817500.0}, {'date': Timestamp('2020-01-07 00:00:00'), 'volume': 5143600.0}]",2026-08-10,10063890.0,30.350000381469727,0.3097363026979114,346
PRVA,3222136515.529556,weekly,2023-06-12,33111500.0,1155,0,3,"[{'date': Timestamp('2023-06-12 00:00:00'), 'volume': 33111500.0}, {'date': Timestamp('2023-05-01 00:00:00'), 'volume': 23520000.0}, {'date': Timestamp('2021-04-26 00:00:00'), 'volume': 12299100.0}]",2026-08-10,5471233.0,22.0,0.1652366398381227,277
MC,5249862263.76291,weekly,2023-06-12,20297500.0,1155,0,7,"[{'date': Timestamp('2023-06-12 00:00:00'), 'volume': 20297500.0}, {'date': Timestamp('2020-03-16 00:00:00'), 'volume': 5867300.0}, {'date': Timestamp('2020-02-24 00:00:00'), 'volume': 4995300.0}, {'date': Timestamp('2020-02-17 00:00:00'), 'volume': 4505800.0}, {'date': Timestamp('2020-02-03 00:00:00'), 'volume': 4417600.0}, {'date': Timestamp('2020-01-13 00:00:00'), 'volume': 3124400.0}, {'date': Timestamp('2020-01-06 00:00:00'), 'volume': 2895100.0}]",2026-08-10,3975473.0,68.41000366210938,0.1958602290922527,345
APAM,2883224557.504018,weekly,2023-06-12,19307100.0,1155,0,7,"[{'date': Timestamp('2023-06-12 00:00:00'), 'volume': 19307100.0}, {'date': Timestamp('2023-03-13 00:00:00'), 'volume': 6437000.0}, {'date': Timestamp('2020-03-09 00:00:00'), 'volume': 5790300.0}, {'date': Timestamp('2020-02-24 00:00:00'), 'volume': 4217100.0}, {'date': Timestamp('2020-02-17 00:00:00'), 'volume': 2960800.0}, {'date': Timestamp('2020-02-03 00:00:00'), 'volume': 2342300.0}, {'date': Timestamp('2020-01-06 00:00:00'), 'volume': 1681900.0}]",2026-08-10,3960297.0,42.18000030517578,0.2051212766288049,345
CRC,4769173916.21216,weekly,2023-06-12,23072400.0,1155,0,10,"[{'date': Timestamp('2023-06-12 00:00:00'), 'volume': 23072400.0}, {'date': Timestamp('2021-06-21 00:00:00'), 'volume': 19024200.0}, {'date': Timestamp('2021-06-14 00:00:00'), 'volume': 9404000.0}, {'date': Timestamp('2021-06-07 00:00:00'), 'volume': 6379900.0}, {'date': Timestamp('2021-05-17 00:00:00'), 'volume': 4434700.0}, {'date': Timestamp('2021-02-22 00:00:00'), 'volume': 4068600.0}, {'date': Timestamp('2021-02-15 00:00:00'), 'volume': 2020200.0}, {'date': Timestamp('2020-11-09 00:00:00'), 'volume': 1662100.0}, {'date': Timestamp('2020-11-02 00:00:00'), 'volume': 1475100.0}, {'date': Timestamp('2020-10-26 00:00:00'), 'volume': 726300.0}]",2026-08-10,3989354.0,53.310001373291016,0.1729058962223262,303
NGVT,2681592695.0562224,weekly,2023-06-12,8189600.0,1155,0,5,"[{'date': Timestamp('2023-06-12 00:00:00'), 'volume': 8189600.0}, {'date': Timestamp('2020-03-09 00:00:00'), 'volume': 4572300.0}, {'date': Timestamp('2020-01-27 00:00:00'), 'volume': 3865400.0}, {'date': Timestamp('2020-01-13 00:00:00'), 'volume': 1862900.0}, {'date': Timestamp('2020-01-06 00:00:00'), 'volume': 1794200.0}]",2026-08-10,1053564.0,76.7699966430664,0.128646576145355,345
WLY,2474089260.0834064,weekly,2023-06-10,12878771.0,1157,0,10,"[{'date': Timestamp('2023-06-10 00:00:00'), 'volume': 12878771.0}, {'date': Timestamp('2021-06-19 00:00:00'), 'volume': 8463712.0}, {'date': Timestamp('2021-06-12 00:00:00'), 'volume': 7006751.0}, {'date': Timestamp('2021-03-13 00:00:00'), 'volume': 6324636.0}, {'date': Timestamp('2020-06-13 00:00:00'), 'volume': 4056969.0}, {'date': Timestamp('2020-03-07 00:00:00'), 'volume': 3033916.0}, {'date': Timestamp('2020-02-29 00:00:00'), 'volume': 1910772.0}, {'date': Timestamp('2020-02-22 00:00:00'), 'volume': 1836484.0}, {'date': Timestamp('2020-01-25 00:00:00'), 'volume': 1451387.0}, {'date': Timestamp('2020-01-04 00:00:00'), 'volume': 1451302.0}]",2026-08-10,2593883.0,51.38999938964844,0.2014076498448493,346
HMN,2083668408.762581,weekly,2023-06-10,2583800.0,1157,0,11,"[{'date': Timestamp('2023-06-10 00:00:00'), 'volume': 2583800.0}, {'date': Timestamp('2023-03-11 00:00:00'), 'volume': 2278800.0}, {'date': Timestamp('2022-01-29 00:00:00'), 'volume': 2236300.0}, {'date': Timestamp('2021-12-11 00:00:00'), 'volume': 2167800.0}, {'date': Timestamp('2020-03-14 00:00:00'), 'volume': 1958800.0}, {'date': Timestamp('2020-03-07 00:00:00'), 'volume': 1399000.0}, {'date': Timestamp('2020-02-29 00:00:00'), 'volume': 1192500.0}, {'date': Timestamp('2020-02-22 00:00:00'), 'volume': 920500.0}, {'date': Timestamp('2020-02-08 00:00:00'), 'volume': 875700.0}, {'date': Timestamp('2020-02-01 00:00:00'), 'volume': 771600.0}, {'date': Timestamp('2020-01-04 00:00:00'), 'volume': 670200.0}]",2026-08-10,1563821.0,52.470001220703125,0.605240730706711,346
GPK,3257720119.597617,weekly,2023-06-10,76957600.0,1157,0,4,"[{'date': Timestamp('2023-06-10 00:00:00'), 'volume': 76957600.0}, {'date': Timestamp('2020-02-22 00:00:00'), 'volume': 35644100.0}, {'date': Timestamp('2020-01-25 00:00:00'), 'volume': 27719900.0}, {'date': Timestamp('2020-01-04 00:00:00'), 'volume': 16764400.0}]",2026-08-10,17956146.0,11.399999618530272,0.2333251816584717,346
UFPT,2010056706.4859736,weekly,2023-06-10,2322100.0,1157,0,9,"[{'date': Timestamp('2023-06-10 00:00:00'), 'volume': 2322100.0}, {'date': Timestamp('2023-03-04 00:00:00'), 'volume': 692200.0}, {'date': Timestamp('2022-10-29 00:00:00'), 'volume': 651800.0}, {'date': Timestamp('2022-06-18 00:00:00'), 'volume': 487400.0}, {'date': Timestamp('2020-03-14 00:00:00'), 'volume': 331700.0}, {'date': Timestamp('2020-03-07 00:00:00'), 'volume': 313300.0}, {'date': Timestamp('2020-02-22 00:00:00'), 'volume': 261700.0}, {'date': Timestamp('2020-01-11 00:00:00'), 'volume': 256300.0}, {'date': Timestamp('2020-01-04 00:00:00'), 'volume': 153700.0}]",2026-08-10,849121.0,321.760009765625,0.3656694371474097,346
FULT,4627344361.273889,weekly,2023-06-10,40897500.0,1157,0,9,"[{'date': Timestamp('2023-06-10 00:00:00'), 'volume': 40897500.0}, {'date': Timestamp('2023-03-11 00:00:00'), 'volume': 12134700.0}, {'date': Timestamp('2020-03-14 00:00:00'), 'volume': 12127600.0}, {'date': Timestamp('2020-03-07 00:00:00'), 'volume': 10301600.0}, {'date': Timestamp('2020-02-29 00:00:00'), 'volume': 9435200.0}, {'date': Timestamp('2020-02-22 00:00:00'), 'volume': 6968600.0}, {'date': Timestamp('2020-01-18 00:00:00'), 'volume': 4425900.0}, {'date': Timestamp('2020-01-11 00:00:00'), 'volume': 4327400.0}, {'date': Timestamp('2020-01-04 00:00:00'), 'volume': 3797400.0}]",2026-08-10,7225559.0,24.63999938964844,0.176674833425026,346
VVV,5126950550.000001,weekly,2023-06-05,34220500.0,1162,0,6,"[{'date': Timestamp('2023-06-05 00:00:00'), 'volume': 34220500.0}, {'date': Timestamp('2022-05-23 00:00:00'), 'volume': 20558100.0}, {'date': Timestamp('2020-03-09 00:00:00'), 'volume': 19581000.0}, {'date': Timestamp('2020-02-24 00:00:00'), 'volume': 16839500.0}, {'date': Timestamp('2020-02-03 00:00:00'), 'volume': 15120800.0}, {'date': Timestamp('2020-01-06 00:00:00'), 'volume': 6860900.0}]",2026-08-10,10558554.0,34.189998626708984,0.3085447027366637,345
S,5454006978.667781,weekly,2023-05-29,96114600.0,1169,0,4,"[{'date': Timestamp('2023-05-29 00:00:00'), 'volume': 96114600.0}, {'date': Timestamp('2022-03-14 00:00:00'), 'volume': 70348100.0}, {'date': Timestamp('2021-12-06 00:00:00'), 'volume': 44970100.0}, {'date': Timestamp('2021-06-28 00:00:00'), 'volume': 31515700.0}]",2026-08-10,43280582.0,23.11000061035156,0.4503018480022806,268
BOH,3248527172.5410857,weekly,2023-05-27,13025500.0,1171,0,10,"[{'date': Timestamp('2023-05-27 00:00:00'), 'volume': 13025500.0}, {'date': Timestamp('2023-03-11 00:00:00'), 'volume': 11673800.0}, {'date': Timestamp('2021-03-13 00:00:00'), 'volume': 2818700.0}, {'date': Timestamp('2020-09-19 00:00:00'), 'volume': 2606200.0}, {'date': Timestamp('2020-03-21 00:00:00'), 'volume': 2376800.0}, {'date': Timestamp('2020-03-14 00:00:00'), 'volume': 2359700.0}, {'date': Timestamp('2020-03-07 00:00:00'), 'volume': 1930100.0}, {'date': Timestamp('2020-02-22 00:00:00'), 'volume': 1641500.0}, {'date': Timestamp('2020-01-25 00:00:00'), 'volume': 1318800.0}, {'date': Timestamp('2020-01-04 00:00:00'), 'volume': 788900.0}]",2026-08-10,1362826.0,80.29000091552734,0.1046275382902767,346
BOOT,5389104093.170882,weekly,2023-05-15,10671700.0,1183,0,5,"[{'date': Timestamp('2023-05-15 00:00:00'), 'volume': 10671700.0}, {'date': Timestamp('2020-03-09 00:00:00'), 'volume': 10160200.0}, {'date': Timestamp('2020-02-03 00:00:00'), 'volume': 9973300.0}, {'date': Timestamp('2020-01-13 00:00:00'), 'volume': 5314600.0}, {'date': Timestamp('2020-01-06 00:00:00'), 'volume': 4298300.0}]",2026-08-10,2706844.0,163.32000732421875,0.2536469353523806,345
SPB,2029269259.1634483,weekly,2023-05-06,10416000.0,1192,0,6,"[{'date': Timestamp('2023-05-06 00:00:00'), 'volume': 10416000.0}, {'date': Timestamp('2022-09-10 00:00:00'), 'volume': 8196400.0}, {'date': Timestamp('2021-09-04 00:00:00'), 'volume': 6313800.0}, {'date': Timestamp('2020-03-14 00:00:00'), 'volume': 5175400.0}, {'date': Timestamp('2020-01-25 00:00:00'), 'volume': 3559100.0}, {'date': Timestamp('2020-01-04 00:00:00'), 'volume': 1973500.0}]",2026-08-10,2580749.0,89.93000030517578,0.2477677611367127,346
STAG,7537303607.995395,weekly,2023-05-01,52769000.0,1197,0,5,"[{'date': Timestamp('2023-05-01 00:00:00'), 'volume': 52769000.0}, {'date': Timestamp('2020-06-15 00:00:00'), 'volume': 16434400.0}, {'date': Timestamp('2020-03-16 00:00:00'), 'volume': 14806700.0}, {'date': Timestamp('2020-01-13 00:00:00'), 'volume': 10107500.0}, {'date': Timestamp('2020-01-06 00:00:00'), 'volume': 4342900.0}]",2026-08-10,6267375.0,36.75,0.1187700164869525,345
IEP,4838763714.364641,weekly,2023-04-29,57584300.0,1199,0,11,"[{'date': Timestamp('2023-04-29 00:00:00'), 'volume': 57584300.0}, {'date': Timestamp('2023-03-04 00:00:00'), 'volume': 5805700.0}, {'date': Timestamp('2022-03-12 00:00:00'), 'volume': 4775600.0}, {'date': Timestamp('2021-03-20 00:00:00'), 'volume': 3560200.0}, {'date': Timestamp('2021-03-13 00:00:00'), 'volume': 2596300.0}, {'date': Timestamp('2021-02-27 00:00:00'), 'volume': 2075500.0}, {'date': Timestamp('2020-03-21 00:00:00'), 'volume': 1569100.0}, {'date': Timestamp('2020-03-14 00:00:00'), 'volume': 1562000.0}, {'date': Timestamp('2020-03-07 00:00:00'), 'volume': 1403900.0}, {'date': Timestamp('2020-02-22 00:00:00'), 'volume': 1097900.0}, {'date': Timestamp('2020-01-04 00:00:00'), 'volume': 535800.0}]",2026-08-10,11662526.0,7.420000076293945,0.2025296131063501,346
OPCH,3426339896.609869,weekly,2023-04-29,47245200.0,1199,0,10,"[{'date': Timestamp('2023-04-29 00:00:00'), 'volume': 47245200.0}, {'date': Timestamp('2021-08-21 00:00:00'), 'volume': 42384200.0}, {'date': Timestamp('2021-07-31 00:00:00'), 'volume': 25045100.0}, {'date': Timestamp('2021-06-05 00:00:00'), 'volume': 17559900.0}, {'date': Timestamp('2021-02-06 00:00:00'), 'volume': 16927800.0}, {'date': Timestamp('2020-07-18 00:00:00'), 'volume': 16280200.0}, {'date': Timestamp('2020-03-14 00:00:00'), 'volume': 2977300.0}, {'date': Timestamp('2020-03-07 00:00:00'), 'volume': 2914800.0}, {'date': Timestamp('2020-02-29 00:00:00'), 'volume': 2122600.0}, {'date': Timestamp('2020-01-04 00:00:00'), 'volume': 2072950.0}]",2026-08-10,9748273.0,23.94499969482422,0.2063336169600298,346
PI,4036755961.5072217,weekly,2023-04-24,11129700.0,1204,0,5,"[{'date': Timestamp('2023-04-24 00:00:00'), 'volume': 11129700.0}, {'date': Timestamp('2020-03-02 00:00:00'), 'volume': 5435000.0}, {'date': Timestamp('2020-01-20 00:00:00'), 'volume': 3018000.0}, {'date': Timestamp('2020-01-13 00:00:00'), 'volume': 2365600.0}, {'date': Timestamp('2020-01-06 00:00:00'), 'volume': 1955400.0}]",2026-08-10,2573499.0,172.64999389648438,0.2312280654465079,345
MIRM,7547646495.803802,weekly,2023-04-10,10702300.0,1218,0,3,"[{'date': Timestamp('2023-04-10 00:00:00'), 'volume': 10702300.0}, {'date': Timestamp('2020-12-14 00:00:00'), 'volume': 4318500.0}, {'date': Timestamp('2020-01-06 00:00:00'), 'volume': 2075700.0}]",2026-08-10,3257576.0,100.63999938964844,0.3043809274641899,345
HRMY,2053453328.006446,weekly,2023-03-27,19576700.0,1232,0,3,"[{'date': Timestamp('2023-03-27 00:00:00'), 'volume': 19576700.0}, {'date': Timestamp('2021-10-18 00:00:00'), 'volume': 11645100.0}, {'date': Timestamp('2020-08-17 00:00:00'), 'volume': 5163700.0}]",2026-08-10,3163348.0,38.119998931884766,0.1615873972630729,313
EXPO,2950962281.946724,weekly,2023-03-18,13706100.0,1241,0,8,"[{'date': Timestamp('2023-03-18 00:00:00'), 'volume': 13706100.0}, {'date': Timestamp('2023-03-11 00:00:00'), 'volume': 3566200.0}, {'date': Timestamp('2020-10-31 00:00:00'), 'volume': 3068100.0}, {'date': Timestamp('2020-03-14 00:00:00'), 'volume': 2648900.0}, {'date': Timestamp('2020-03-07 00:00:00'), 'volume': 2322500.0}, {'date': Timestamp('2020-02-29 00:00:00'), 'volume': 1876100.0}, {'date': Timestamp('2020-02-22 00:00:00'), 'volume': 1401400.0}, {'date': Timestamp('2020-01-04 00:00:00'), 'volume': 1173500.0}]",2026-08-10,2091440.0,67.0999984741211,0.1525919116305878,346
STWD,6235991103.650813,weekly,2023-03-13,89246600.0,1246,0,8,"[{'date': Timestamp('2023-03-13 00:00:00'), 'volume': 89246600.0}, {'date': Timestamp('2020-03-23 00:00:00'), 'volume': 54861900.0}, {'date': Timestamp('2020-03-16 00:00:00'), 'volume': 43526200.0}, {'date': Timestamp('2020-03-09 00:00:00'), 'volume': 22110500.0}, {'date': Timestamp('2020-02-24 00:00:00'), 'volume': 21702600.0}, {'date': Timestamp('2020-01-27 00:00:00'), 'volume': 7243600.0}, {'date': Timestamp('2020-01-13 00:00:00'), 'volume': 6249500.0}, {'date': Timestamp('2020-01-06 00:00:00'), 'volume': 5736300.0}]",2026-08-10,25241626.0,16.299999237060547,0.2828301134160853,345
SFBS,4838753271.031206,weekly,2023-03-13,3076300.0,1246,0,6,"[{'date': Timestamp('2023-03-13 00:00:00'), 'volume': 3076300.0}, {'date': Timestamp('2020-03-16 00:00:00'), 'volume': 2503400.0}, {'date': Timestamp('2020-03-09 00:00:00'), 'volume': 1564400.0}, {'date': Timestamp('2020-01-20 00:00:00'), 'volume': 1535900.0}, {'date': Timestamp('2020-01-13 00:00:00'), 'volume': 666500.0}, {'date': Timestamp('2020-01-06 00:00:00'), 'volume': 447700.0}]",2026-08-10,883094.0,91.33000183105467,0.28706368039528,345
NTB,2410478351.5495467,weekly,2023-03-13,4334200.0,1246,0,6,"[{'date': Timestamp('2023-03-13 00:00:00'), 'volume': 4334200.0}, {'date': Timestamp('2020-03-16 00:00:00'), 'volume': 2700700.0}, {'date': Timestamp('2020-03-09 00:00:00'), 'volume': 2065200.0}, {'date': Timestamp('2020-03-02 00:00:00'), 'volume': 2028300.0}, {'date': Timestamp('2020-01-13 00:00:00'), 'volume': 1257800.0}, {'date': Timestamp('2020-01-06 00:00:00'), 'volume': 653400.0}]",2026-08-10,1083249.0,63.90999984741211,0.2499305523510682,345
UCB,4264632651.4475183,weekly,2023-03-13,9140100.0,1246,0,8,"[{'date': Timestamp('2023-03-13 00:00:00'), 'volume': 9140100.0}, {'date': Timestamp('2021-12-27 00:00:00'), 'volume': 8635100.0}, {'date': Timestamp('2021-12-13 00:00:00'), 'volume': 6197600.0}, {'date': Timestamp('2020-03-16 00:00:00'), 'volume': 5913900.0}, {'date': Timestamp('2020-03-09 00:00:00'), 'volume': 3254500.0}, {'date': Timestamp('2020-03-02 00:00:00'), 'volume': 3068300.0}, {'date': Timestamp('2020-02-24 00:00:00'), 'volume': 2150200.0}, {'date': Timestamp('2020-01-06 00:00:00'), 'volume': 1904100.0}]",2026-08-10,4352107.0,36.7400016784668,0.4761552937057581,345
CUBI,2740170314.0312147,weekly,2023-03-13,16973200.0,1246,0,11,"[{'date': Timestamp('2023-03-13 00:00:00'), 'volume': 16973200.0}, {'date': Timestamp('2023-01-23 00:00:00'), 'volume': 5775800.0}, {'date': Timestamp('2021-12-13 00:00:00'), 'volume': 5151400.0}, {'date': Timestamp('2021-11-29 00:00:00'), 'volume': 3550400.0}, {'date': Timestamp('2021-11-01 00:00:00'), 'volume': 2418900.0}, {'date': Timestamp('2020-03-16 00:00:00'), 'volume': 2343600.0}, {'date': Timestamp('2020-03-02 00:00:00'), 'volume': 1437300.0}, {'date': Timestamp('2020-02-24 00:00:00'), 'volume': 1410500.0}, {'date': Timestamp('2020-01-27 00:00:00'), 'volume': 932400.0}, {'date': Timestamp('2020-01-20 00:00:00'), 'volume': 920600.0}, {'date': Timestamp('2020-01-06 00:00:00'), 'volume': 858300.0}]",2026-08-10,1098736.0,83.58000183105469,0.0647335799967006,345
WAL,8958658840.565168,weekly,2023-03-13,207674800.0,1246,0,8,"[{'date': Timestamp('2023-03-13 00:00:00'), 'volume': 207674800.0}, {'date': Timestamp('2023-03-06 00:00:00'), 'volume': 30657800.0}, {'date': Timestamp('2020-03-16 00:00:00'), 'volume': 11428600.0}, {'date': Timestamp('2020-03-09 00:00:00'), 'volume': 11272800.0}, {'date': Timestamp('2020-03-02 00:00:00'), 'volume': 5687700.0}, {'date': Timestamp('2020-02-24 00:00:00'), 'volume': 5183000.0}, {'date': Timestamp('2020-01-20 00:00:00'), 'volume': 4009300.0}, {'date': Timestamp('2020-01-06 00:00:00'), 'volume': 3622700.0}]",2026-08-10,4488217.0,82.31999969482422,0.0216117554946483,345
PEB,2160817521.783069,weekly,2023-03-13,44625700.0,1246,0,6,"[{'date': Timestamp('2023-03-13 00:00:00'), 'volume': 44625700.0}, {'date': Timestamp('2020-03-16 00:00:00'), 'volume': 35214000.0}, {'date': Timestamp('2020-03-09 00:00:00'), 'volume': 22886800.0}, {'date': Timestamp('2020-03-02 00:00:00'), 'volume': 15728200.0}, {'date': Timestamp('2020-02-24 00:00:00'), 'volume': 13488700.0}, {'date': Timestamp('2020-01-06 00:00:00'), 'volume': 9241500.0}]",2026-08-10,10854133.0,18.25,0.2432260558377795,345
HGV,4335027397.684513,weekly,2023-03-13,16827000.0,1246,0,6,"[{'date': Timestamp('2023-03-13 00:00:00'), 'volume': 16827000.0}, {'date': Timestamp('2020-06-22 00:00:00'), 'volume': 14221300.0}, {'date': Timestamp('2020-03-16 00:00:00'), 'volume': 8179900.0}, {'date': Timestamp('2020-02-24 00:00:00'), 'volume': 7109600.0}, {'date': Timestamp('2020-01-27 00:00:00'), 'volume': 4693100.0}, {'date': Timestamp('2020-01-06 00:00:00'), 'volume': 2271300.0}]",2026-08-10,4598528.0,45.93000030517578,0.2732827004219409,345
AXTA,7383647408.940397,weekly,2023-03-13,54462700.0,1246,0,8,"[{'date': Timestamp('2023-03-13 00:00:00'), 'volume': 54462700.0}, {'date': Timestamp('2021-05-24 00:00:00'), 'volume': 35570500.0}, {'date': Timestamp('2020-03-16 00:00:00'), 'volume': 28195300.0}, {'date': Timestamp('2020-03-09 00:00:00'), 'volume': 22884600.0}, {'date': Timestamp('2020-03-02 00:00:00'), 'volume': 19902900.0}, {'date': Timestamp('2020-02-24 00:00:00'), 'volume': 17808500.0}, {'date': Timestamp('2020-01-13 00:00:00'), 'volume': 13949900.0}, {'date': Timestamp('2020-01-06 00:00:00'), 'volume': 10484400.0}]",2026-08-10,7485891.0,37.310001373291016,0.1374498693601308,345
RDN,4986570167.22973,weekly,2023-03-11,52357300.0,1248,0,7,"[{'date': Timestamp('2023-03-11 00:00:00'), 'volume': 52357300.0}, {'date': Timestamp('2020-03-14 00:00:00'), 'volume': 19907500.0}, {'date': Timestamp('2020-03-07 00:00:00'), 'volume': 16395800.0}, {'date': Timestamp('2020-02-29 00:00:00'), 'volume': 13932100.0}, {'date': Timestamp('2020-02-22 00:00:00'), 'volume': 10746500.0}, {'date': Timestamp('2020-01-11 00:00:00'), 'volume': 7905400.0}, {'date': Timestamp('2020-01-04 00:00:00'), 'volume': 5643300.0}]",2026-08-10,4910815.0,37.2599983215332,0.0937942751058591,346
KMT,2726797225.2028465,weekly,2023-03-11,21978800.0,1248,0,4,"[{'date': Timestamp('2023-03-11 00:00:00'), 'volume': 21978800.0}, {'date': Timestamp('2020-03-14 00:00:00'), 'volume': 9391700.0}, {'date': Timestamp('2020-02-01 00:00:00'), 'volume': 8461900.0}, {'date': Timestamp('2020-01-04 00:00:00'), 'volume': 5035200.0}]",2026-08-10,10998905.0,31.21999931335449,0.5004324621908385,346
ALV,8921463410.64556,weekly,2023-03-11,19233400.0,1248,0,6,"[{'date': Timestamp('2023-03-11 00:00:00'), 'volume': 19233400.0}, {'date': Timestamp('2021-11-27 00:00:00'), 'volume': 9316800.0}, {'date': Timestamp('2020-03-14 00:00:00'), 'volume': 6401800.0}, {'date': Timestamp('2020-01-25 00:00:00'), 'volume': 4781800.0}, {'date': Timestamp('2020-01-11 00:00:00'), 'volume': 4743500.0}, {'date': Timestamp('2020-01-04 00:00:00'), 'volume': 2262200.0}]",2026-08-10,2551331.0,122.11000061035156,0.1326510653342622,346
CFR,9753009317.462736,weekly,2023-03-11,8932100.0,1248,0,6,"[{'date': Timestamp('2023-03-11 00:00:00'), 'volume': 8932100.0}, {'date': Timestamp('2020-03-07 00:00:00'), 'volume': 8324800.0}, {'date': Timestamp('2020-02-29 00:00:00'), 'volume': 3467000.0}, {'date': Timestamp('2020-01-25 00:00:00'), 'volume': 2695800.0}, {'date': Timestamp('2020-01-11 00:00:00'), 'volume': 1548400.0}, {'date': Timestamp('2020-01-04 00:00:00'), 'volume': 1449900.0}]",2026-08-10,2890617.0,170.0800018310547,0.3236212088982434,346
SLG,4016465859.8206096,weekly,2023-03-11,38949900.0,1248,0,15,"[{'date': Timestamp('2023-03-11 00:00:00'), 'volume': 38949900.0}, {'date': Timestamp('2021-03-13 00:00:00'), 'volume': 18244051.0}, {'date': Timestamp('2020-11-07 00:00:00'), 'volume': 17601666.0}, {'date': Timestamp('2020-05-23 00:00:00'), 'volume': 13647979.0}, {'date': Timestamp('2020-05-09 00:00:00'), 'volume': 13406766.0}, {'date': Timestamp('2020-04-18 00:00:00'), 'volume': 10023191.0}, {'date': Timestamp('2020-04-04 00:00:00'), 'volume': 8166012.0}, {'date': Timestamp('2020-03-28 00:00:00'), 'volume': 8165072.0}, {'date': Timestamp('2020-03-21 00:00:00'), 'volume': 8035941.0}, {'date': Timestamp('2020-03-07 00:00:00'), 'volume': 7788511.0}, {'date': Timestamp('2020-02-22 00:00:00'), 'volume': 5569937.0}, {'date': Timestamp('2020-01-25 00:00:00'), 'volume': 5224554.0}, {'date': Timestamp('2020-01-18 00:00:00'), 'volume': 4008128.0}, {'date': Timestamp('2020-01-11 00:00:00'), 'volume': 3739883.0}, {'date': Timestamp('2020-01-04 00:00:00'), 'volume': 3170334.0}]",2026-08-10,4315514.0,56.09000015258789,0.1107965360629937,346
OZK,5910936466.909091,weekly,2023-03-11,19321900.0,1248,0,7,"[{'date': Timestamp('2023-03-11 00:00:00'), 'volume': 19321900.0}, {'date': Timestamp('2020-04-25 00:00:00'), 'volume': 14617300.0}, {'date': Timestamp('2020-03-14 00:00:00'), 'volume': 11614400.0}, {'date': Timestamp('2020-03-07 00:00:00'), 'volume': 8364800.0}, {'date': Timestamp('2020-02-22 00:00:00'), 'volume': 6182900.0}, {'date': Timestamp('2020-01-11 00:00:00'), 'volume': 5950400.0}, {'date': Timestamp('2020-01-04 00:00:00'), 'volume': 3456100.0}]",2026-08-10,5016883.0,52.4900016784668,0.259647498434419,346
SBCF,3252904457.3243995,weekly,2023-03-11,11660400.0,1248,0,10,"[{'date': Timestamp('2023-03-11 00:00:00'), 'volume': 11660400.0}, {'date': Timestamp('2023-01-28 00:00:00'), 'volume': 7774400.0}, {'date': Timestamp('2022-12-10 00:00:00'), 'volume': 6448400.0}, {'date': Timestamp('2022-03-12 00:00:00'), 'volume': 3800800.0}, {'date': Timestamp('2021-12-11 00:00:00'), 'volume': 3484600.0}, {'date': Timestamp('2020-12-12 00:00:00'), 'volume': 3284200.0}, {'date': Timestamp('2020-03-14 00:00:00'), 'volume': 3099700.0}, {'date': Timestamp('2020-02-29 00:00:00'), 'volume': 1844800.0}, {'date': Timestamp('2020-02-22 00:00:00'), 'volume': 1699200.0}, {'date': Timestamp('2020-01-04 00:00:00'), 'volume': 1197500.0}]",2026-08-10,4892528.0,36.130001068115234,0.4195849198998319,346
WAFD,2804067445.7853203,weekly,2023-03-11,19556100.0,1248,0,8,"[{'date': Timestamp('2023-03-11 00:00:00'), 'volume': 19556100.0}, {'date': Timestamp('2020-03-21 00:00:00'), 'volume': 6762200.0}, {'date': Timestamp('2020-03-14 00:00:00'), 'volume': 5928300.0}, {'date': Timestamp('2020-03-07 00:00:00'), 'volume': 3767400.0}, {'date': Timestamp('2020-02-22 00:00:00'), 'volume': 3105300.0}, {'date': Timestamp('2020-01-25 00:00:00'), 'volume': 2579600.0}, {'date': Timestamp('2020-01-11 00:00:00'), 'volume': 2199600.0}, {'date': Timestamp('2020-01-04 00:00:00'), 'volume': 1346900.0}]",2026-08-10,2945012.0,37.93999862670898,0.1505930118991005,346
AUB,5990821971.414446,weekly,2023-03-11,21707400.0,1248,0,9,"[{'date': Timestamp('2023-03-11 00:00:00'), 'volume': 21707400.0}, {'date': Timestamp('2023-03-04 00:00:00'), 'volume': 7169100.0}, {'date': Timestamp('2020-05-02 00:00:00'), 'volume': 3344000.0}, {'date': Timestamp('2020-03-14 00:00:00'), 'volume': 3289500.0}, {'date': Timestamp('2020-03-07 00:00:00'), 'volume': 2667200.0}, {'date': Timestamp('2020-02-29 00:00:00'), 'volume': 2612200.0}, {'date': Timestamp('2020-02-22 00:00:00'), 'volume': 1667100.0}, {'date': Timestamp('2020-01-11 00:00:00'), 'volume': 1515600.0}, {'date': Timestamp('2020-01-04 00:00:00'), 'volume': 1032500.0}]",2026-08-10,4527964.0,42.880001068115234,0.2085908031362577,346
ABCB,6123617826.042242,weekly,2023-03-11,7042600.0,1248,0,10,"[{'date': Timestamp('2023-03-11 00:00:00'), 'volume': 7042600.0}, {'date': Timestamp('2021-12-11 00:00:00'), 'volume': 5006000.0}, {'date': Timestamp('2020-03-14 00:00:00'), 'volume': 4411800.0}, {'date': Timestamp('2020-03-07 00:00:00'), 'volume': 3711500.0}, {'date': Timestamp('2020-02-29 00:00:00'), 'volume': 3396500.0}, {'date': Timestamp('2020-02-22 00:00:00'), 'volume': 2752100.0}, {'date': Timestamp('2020-01-25 00:00:00'), 'volume': 1911400.0}, {'date': Timestamp('2020-01-18 00:00:00'), 'volume': 1535300.0}, {'date': Timestamp('2020-01-11 00:00:00'), 'volume': 1232300.0}, {'date': Timestamp('2020-01-04 00:00:00'), 'volume': 1170600.0}]",2026-08-10,1365296.0,89.7699966430664,0.1938624939652969,346
FFIN,5049255249.307385,weekly,2023-03-11,10298800.0,1248,0,7,"[{'date': Timestamp('2023-03-11 00:00:00'), 'volume': 10298800.0}, {'date': Timestamp('2020-03-14 00:00:00'), 'volume': 6845000.0}, {'date': Timestamp('2020-03-07 00:00:00'), 'volume': 5916000.0}, {'date': Timestamp('2020-02-29 00:00:00'), 'volume': 2983200.0}, {'date': Timestamp('2020-02-22 00:00:00'), 'volume': 2524800.0}, {'date': Timestamp('2020-01-11 00:00:00'), 'volume': 1856300.0}, {'date': Timestamp('2020-01-04 00:00:00'), 'volume': 1528900.0}]",2026-08-10,3154121.0,35.279998779296875,0.3062610207014409,346
BATRA,3309637776.54351,weekly,2023-03-06,2310100.0,1253,0,8,"[{'date': Timestamp('2023-03-06 00:00:00'), 'volume': 2310100.0}, {'date': Timestamp('2020-03-16 00:00:00'), 'volume': 1262000.0}, {'date': Timestamp('2020-03-09 00:00:00'), 'volume': 1157000.0}, {'date': Timestamp('2020-03-02 00:00:00'), 'volume': 590800.0}, {'date': Timestamp('2020-02-24 00:00:00'), 'volume': 435700.0}, {'date': Timestamp('2020-01-20 00:00:00'), 'volume': 266000.0}, {'date': Timestamp('2020-01-13 00:00:00'), 'volume': 232100.0}, {'date': Timestamp('2020-01-06 00:00:00'), 'volume': 167700.0}]",2026-08-10,317622.0,57.33000183105469,0.137492749231635,345
VFC,6815068349.651533,weekly,2023-02-25,118055500.0,1262,0,14,"[{'date': Timestamp('2023-02-25 00:00:00'), 'volume': 118055500.0}, {'date': Timestamp('2023-02-04 00:00:00'), 'volume': 69198000.0}, {'date': Timestamp('2022-12-10 00:00:00'), 'volume': 52454600.0}, {'date': Timestamp('2022-10-29 00:00:00'), 'volume': 49491800.0}, {'date': Timestamp('2022-10-22 00:00:00'), 'volume': 45479500.0}, {'date': Timestamp('2022-09-24 00:00:00'), 'volume': 35477900.0}, {'date': Timestamp('2022-01-22 00:00:00'), 'volume': 29663200.0}, {'date': Timestamp('2021-03-13 00:00:00'), 'volume': 24212100.0}, {'date': Timestamp('2020-03-14 00:00:00'), 'volume': 22762700.0}, {'date': Timestamp('2020-02-22 00:00:00'), 'volume': 21802100.0}, {'date': Timestamp('2020-01-25 00:00:00'), 'volume': 19900600.0}, {'date': Timestamp('2020-01-18 00:00:00'), 'volume': 18704600.0}, {'date': Timestamp('2020-01-11 00:00:00'), 'volume': 13081200.0}, {'date': Timestamp('2020-01-04 00:00:00'), 'volume': 11795500.0}]",2026-08-10,33483646.0,14.869999885559082,0.2836263113535582,346
COLB,9307115852.73776,weekly,2023-02-25,52396000.0,1262,0,9,"[{'date': Timestamp('2023-02-25 00:00:00'), 'volume': 52396000.0}, {'date': Timestamp('2021-10-09 00:00:00'), 'volume': 10126700.0}, {'date': Timestamp('2021-09-25 00:00:00'), 'volume': 5699300.0}, {'date': Timestamp('2020-03-14 00:00:00'), 'volume': 4944400.0}, {'date': Timestamp('2020-03-07 00:00:00'), 'volume': 3067900.0}, {'date': Timestamp('2020-02-29 00:00:00'), 'volume': 2832100.0}, {'date': Timestamp('2020-02-22 00:00:00'), 'volume': 2098000.0}, {'date': Timestamp('2020-01-18 00:00:00'), 'volume': 1514300.0}, {'date': Timestamp('2020-01-04 00:00:00'), 'volume': 1219500.0}]",2026-08-10,16813505.0,32.689998626708984,0.3208929116726468,346
UFPI,5207477395.166722,weekly,2023-02-18,19697000.0,1269,0,6,"[{'date': Timestamp('2023-02-18 00:00:00'), 'volume': 19697000.0}, {'date': Timestamp('2020-03-14 00:00:00'), 'volume': 4531100.0}, {'date': Timestamp('2020-03-07 00:00:00'), 'volume': 2606200.0}, {'date': Timestamp('2020-02-15 00:00:00'), 'volume': 2562300.0}, {'date': Timestamp('2020-01-11 00:00:00'), 'volume': 1470200.0}, {'date': Timestamp('2020-01-04 00:00:00'), 'volume': 1341100.0}]",2026-08-10,2104967.0,89.87000274658203,0.1068673909732446,346
OTTR,3805023637.789006,weekly,2023-02-18,12818300.0,1269,0,11,"[{'date': Timestamp('2023-02-18 00:00:00'), 'volume': 12818300.0}, {'date': Timestamp('2023-02-11 00:00:00'), 'volume': 2413200.0}, {'date': Timestamp('2022-10-29 00:00:00'), 'volume': 2025000.0}, {'date': Timestamp('2022-06-18 00:00:00'), 'volume': 1315300.0}, {'date': Timestamp('2020-12-12 00:00:00'), 'volume': 1261700.0}, {'date': Timestamp('2020-03-14 00:00:00'), 'volume': 1115600.0}, {'date': Timestamp('2020-03-07 00:00:00'), 'volume': 798600.0}, {'date': Timestamp('2020-02-29 00:00:00'), 'volume': 758200.0}, {'date': Timestamp('2020-02-22 00:00:00'), 'volume': 710600.0}, {'date': Timestamp('2020-01-25 00:00:00'), 'volume': 520000.0}, {'date': Timestamp('2020-01-04 00:00:00'), 'volume': 469600.0}]",2026-08-10,1221724.0,92.87000274658205,0.095310922665252,346
OGS,4998407816.376448,weekly,2023-01-30,9216600.0,1288,0,11,"[{'date': Timestamp('2023-01-30 00:00:00'), 'volume': 9216600.0}, {'date': Timestamp('2023-01-23 00:00:00'), 'volume': 4292400.0}, {'date': Timestamp('2022-12-12 00:00:00'), 'volume': 3879800.0}, {'date': Timestamp('2022-11-28 00:00:00'), 'volume': 3498000.0}, {'date': Timestamp('2020-03-16 00:00:00'), 'volume': 3435400.0}, {'date': Timestamp('2020-03-09 00:00:00'), 'volume': 2787900.0}, {'date': Timestamp('2020-03-02 00:00:00'), 'volume': 1853100.0}, {'date': Timestamp('2020-02-24 00:00:00'), 'volume': 1787100.0}, {'date': Timestamp('2020-01-27 00:00:00'), 'volume': 1452500.0}, {'date': Timestamp('2020-01-13 00:00:00'), 'volume': 1307000.0}, {'date': Timestamp('2020-01-06 00:00:00'), 'volume': 1197000.0}]",2026-08-10,1953544.0,80.9800033569336,0.21195929084478,345
NOG,2085392261.352584,weekly,2023-01-30,25767100.0,1288,0,12,"[{'date': Timestamp('2023-01-30 00:00:00'), 'volume': 25767100.0}, {'date': Timestamp('2022-10-10 00:00:00'), 'volume': 20983000.0}, {'date': Timestamp('2021-11-15 00:00:00'), 'volume': 12368700.0}, {'date': Timestamp('2021-06-21 00:00:00'), 'volume': 11788200.0}, {'date': Timestamp('2021-02-01 00:00:00'), 'volume': 11163800.0}, {'date': Timestamp('2020-12-07 00:00:00'), 'volume': 8944200.0}, {'date': Timestamp('2020-06-22 00:00:00'), 'volume': 7565850.0}, {'date': Timestamp('2020-03-09 00:00:00'), 'volume': 6704550.0}, {'date': Timestamp('2020-02-24 00:00:00'), 'volume': 4199950.0}, {'date': Timestamp('2020-01-27 00:00:00'), 'volume': 3989470.0}, {'date': Timestamp('2020-01-13 00:00:00'), 'volume': 3235090.0}, {'date': Timestamp('2020-01-06 00:00:00'), 'volume': 2572990.0}]",2026-08-10,15693552.0,24.5,0.609053871021574,345
TDS,4087235301.487648,weekly,2023-01-28,26350900.0,1290,0,7,"[{'date': Timestamp('2023-01-28 00:00:00'), 'volume': 26350900.0}, {'date': Timestamp('2021-12-11 00:00:00'), 'volume': 24730200.0}, {'date': Timestamp('2021-06-19 00:00:00'), 'volume': 19628100.0}, {'date': Timestamp('2020-03-28 00:00:00'), 'volume': 12169400.0}, {'date': Timestamp('2020-02-22 00:00:00'), 'volume': 7285300.0}, {'date': Timestamp('2020-01-25 00:00:00'), 'volume': 5434200.0}, {'date': Timestamp('2020-01-04 00:00:00'), 'volume': 2863100.0}]",2026-08-10,5816055.0,35.209999084472656,0.2207156112314949,346
ADC,9251523676.046854,weekly,2023-01-28,23982000.0,1290,0,7,"[{'date': Timestamp('2023-01-28 00:00:00'), 'volume': 23982000.0}, {'date': Timestamp('2022-12-10 00:00:00'), 'volume': 8972700.0}, {'date': Timestamp('2020-06-13 00:00:00'), 'volume': 8420300.0}, {'date': Timestamp('2020-03-21 00:00:00'), 'volume': 6971600.0}, {'date': Timestamp('2020-03-14 00:00:00'), 'volume': 4110300.0}, {'date': Timestamp('2020-02-22 00:00:00'), 'volume': 3647300.0}, {'date': Timestamp('2020-01-04 00:00:00'), 'volume': 2897800.0}]",2026-08-10,6502109.0,74.73999786376953,0.2711245517471436,346
AVA,3451807048.9619145,weekly,2023-01-28,17253100.0,1290,0,6,"[{'date': Timestamp('2023-01-28 00:00:00'), 'volume': 17253100.0}, {'date': Timestamp('2021-10-09 00:00:00'), 'volume': 6546900.0}, {'date': Timestamp('2020-03-14 00:00:00'), 'volume': 6159800.0}, {'date': Timestamp('2020-03-07 00:00:00'), 'volume': 3834300.0}, {'date': Timestamp('2020-02-22 00:00:00'), 'volume': 3078000.0}, {'date': Timestamp('2020-01-04 00:00:00'), 'volume': 1906700.0}]",2026-08-10,3174297.0,39.150001525878906,0.1839841535724014,346
CRK,4199850353.431867,weekly,2023-01-28,57220600.0,1290,0,6,"[{'date': Timestamp('2023-01-28 00:00:00'), 'volume': 57220600.0}, {'date': Timestamp('2022-01-22 00:00:00'), 'volume': 32567500.0}, {'date': Timestamp('2021-06-19 00:00:00'), 'volume': 29341600.0}, {'date': Timestamp('2020-05-09 00:00:00'), 'volume': 24584100.0}, {'date': Timestamp('2020-04-18 00:00:00'), 'volume': 4586000.0}, {'date': Timestamp('2020-01-04 00:00:00'), 'volume': 3198000.0}]",2026-08-10,10309869.0,14.0600004196167,0.1801775759079772,346
SHC,4956202434.590643,weekly,2023-01-09,65253000.0,1309,0,4,"[{'date': Timestamp('2023-01-09 00:00:00'), 'volume': 65253000.0}, {'date': Timestamp('2022-09-19 00:00:00'), 'volume': 43095800.0}, {'date': Timestamp('2021-03-15 00:00:00'), 'volume': 25536600.0}, {'date': Timestamp('2020-11-16 00:00:00'), 'volume': 19129600.0}]",2026-08-10,10650547.0,18.88999938964844,0.1632192696121251,300
FRO,7907565456.012477,weekly,2023-01-09,65505500.0,1309,0,7,"[{'date': Timestamp('2023-01-09 00:00:00'), 'volume': 65505500.0}, {'date': Timestamp('2020-04-20 00:00:00'), 'volume': 42009000.0}, {'date': Timestamp('2020-03-30 00:00:00'), 'volume': 38178400.0}, {'date': Timestamp('2020-03-09 00:00:00'), 'volume': 25863000.0}, {'date': Timestamp('2020-01-27 00:00:00'), 'volume': 13119800.0}, {'date': Timestamp('2020-01-13 00:00:00'), 'volume': 10568800.0}, {'date': Timestamp('2020-01-06 00:00:00'), 'volume': 7029900.0}]",2026-08-10,10143707.0,41.209999084472656,0.154852752822282,345
RXO,4472638977.582156,weekly,2023-01-02,29575800.0,1316,0,3,"[{'date': Timestamp('2023-01-02 00:00:00'), 'volume': 29575800.0}, {'date': Timestamp('2022-10-31 00:00:00'), 'volume': 12947100.0}, {'date': Timestamp('2022-10-24 00:00:00'), 'volume': 19300.0}]",2026-08-10,7340894.0,23.520000457763672,0.2482061009338716,199
VNO,7356503270.559611,weekly,2022-12-31,75783100.0,1318,0,9,"[{'date': Timestamp('2022-12-31 00:00:00'), 'volume': 75783100.0}, {'date': Timestamp('2022-10-29 00:00:00'), 'volume': 25764200.0}, {'date': Timestamp('2020-05-09 00:00:00'), 'volume': 23582000.0}, {'date': Timestamp('2020-03-14 00:00:00'), 'volume': 18839900.0}, {'date': Timestamp('2020-03-07 00:00:00'), 'volume': 12514000.0}, {'date': Timestamp('2020-02-22 00:00:00'), 'volume': 11987200.0}, {'date': Timestamp('2020-01-25 00:00:00'), 'volume': 9508800.0}, {'date': Timestamp('2020-01-11 00:00:00'), 'volume': 5043600.0}, {'date': Timestamp('2020-01-04 00:00:00'), 'volume': 3947500.0}]",2026-08-10,6475522.0,39.0,0.085448101225735,346
BSTZ,2052014370.0,weekly,2022-12-19,3815400.0,1330,0,9,"[{'date': Timestamp('2022-12-19 00:00:00'), 'volume': 3815400.0}, {'date': Timestamp('2022-12-12 00:00:00'), 'volume': 3010300.0}, {'date': Timestamp('2022-11-28 00:00:00'), 'volume': 2975000.0}, {'date': Timestamp('2020-03-23 00:00:00'), 'volume': 2738700.0}, {'date': Timestamp('2020-03-16 00:00:00'), 'volume': 2567600.0}, {'date': Timestamp('2020-02-24 00:00:00'), 'volume': 1921100.0}, {'date': Timestamp('2020-01-27 00:00:00'), 'volume': 1227600.0}, {'date': Timestamp('2020-01-13 00:00:00'), 'volume': 900500.0}, {'date': Timestamp('2020-01-06 00:00:00'), 'volume': 770200.0}]",2026-08-10,876315.0,31.479999542236328,0.2296784085548042,345
FBIN,5482725199.571859,weekly,2022-12-12,39825380.0,1337,0,4,"[{'date': Timestamp('2022-12-12 00:00:00'), 'volume': 39825380.0}, {'date': Timestamp('2020-01-27 00:00:00'), 'volume': 15340455.0}, {'date': Timestamp('2020-01-13 00:00:00'), 'volume': 5990634.0}, {'date': Timestamp('2020-01-06 00:00:00'), 'volume': 5707845.0}]",2026-08-10,12098850.0,47.84000015258789,0.3037974778897276,345
CUBE,9344090447.661991,weekly,2022-12-12,51780200.0,1337,0,6,"[{'date': Timestamp('2022-12-12 00:00:00'), 'volume': 51780200.0}, {'date': Timestamp('2021-11-15 00:00:00'), 'volume': 18321100.0}, {'date': Timestamp('2020-03-16 00:00:00'), 'volume': 17236100.0}, {'date': Timestamp('2020-02-24 00:00:00'), 'volume': 13902000.0}, {'date': Timestamp('2020-02-17 00:00:00'), 'volume': 11683100.0}, {'date': Timestamp('2020-01-06 00:00:00'), 'volume': 9430700.0}]",2026-08-10,11325332.0,41.47999954223633,0.2187193560472922,345
DHC,2297594729.57158,weekly,2022-12-12,76080800.0,1337,0,9,"[{'date': Timestamp('2022-12-12 00:00:00'), 'volume': 76080800.0}, {'date': Timestamp('2020-05-25 00:00:00'), 'volume': 52175500.0}, {'date': Timestamp('2020-03-16 00:00:00'), 'volume': 19133800.0}, {'date': Timestamp('2020-03-09 00:00:00'), 'volume': 14798900.0}, {'date': Timestamp('2020-02-24 00:00:00'), 'volume': 12977500.0}, {'date': Timestamp('2020-02-17 00:00:00'), 'volume': 8113400.0}, {'date': Timestamp('2020-01-27 00:00:00'), 'volume': 6068200.0}, {'date': Timestamp('2020-01-20 00:00:00'), 'volume': 5713800.0}, {'date': Timestamp('2020-01-06 00:00:00'), 'volume': 5506900.0}]",2026-08-10,12276845.0,8.380000114440918,0.1613658768046603,345
MBC,2025557770.5431845,weekly,2022-12-12,62169600.0,1337,0,2,"[{'date': Timestamp('2022-12-12 00:00:00'), 'volume': 62169600.0}, {'date': Timestamp('2022-12-05 00:00:00'), 'volume': 36800.0}]",2026-08-10,6272677.0,9.149999618530272,0.1008962097230801,193
CWK,3198201915.3,weekly,2022-12-12,46626500.0,1337,0,7,"[{'date': Timestamp('2022-12-12 00:00:00'), 'volume': 46626500.0}, {'date': Timestamp('2022-12-05 00:00:00'), 'volume': 22624500.0}, {'date': Timestamp('2021-08-09 00:00:00'), 'volume': 12565900.0}, {'date': Timestamp('2020-09-14 00:00:00'), 'volume': 9748400.0}, {'date': Timestamp('2020-03-16 00:00:00'), 'volume': 9141400.0}, {'date': Timestamp('2020-02-24 00:00:00'), 'volume': 6408800.0}, {'date': Timestamp('2020-01-06 00:00:00'), 'volume': 2443100.0}]",2026-08-10,6425269.0,14.399999618530272,0.137802944677383,345
HTO,2539284413.351555,weekly,2022-12-10,7587200.0,1339,0,8,"[{'date': Timestamp('2022-12-10 00:00:00'), 'volume': 7587200.0}, {'date': Timestamp('2022-12-03 00:00:00'), 'volume': 3051700.0}, {'date': Timestamp('2021-03-06 00:00:00'), 'volume': 1436000.0}, {'date': Timestamp('2020-03-14 00:00:00'), 'volume': 1166200.0}, {'date': Timestamp('2020-02-29 00:00:00'), 'volume': 1102700.0}, {'date': Timestamp('2020-02-22 00:00:00'), 'volume': 854600.0}, {'date': Timestamp('2020-01-25 00:00:00'), 'volume': 575600.0}, {'date': Timestamp('2020-01-04 00:00:00'), 'volume': 492700.0}]",2026-08-10,1676487.0,63.84999847412109,0.2209625421762969,346
MLCO,2007467350.0,weekly,2022-12-05,63436400.0,1344,0,9,"[{'date': Timestamp('2022-12-05 00:00:00'), 'volume': 63436400.0}, {'date': Timestamp('2022-09-26 00:00:00'), 'volume': 61672000.0}, {'date': Timestamp('2021-09-13 00:00:00'), 'volume': 55697900.0}, {'date': Timestamp('2021-07-26 00:00:00'), 'volume': 32532300.0}, {'date': Timestamp('2020-08-10 00:00:00'), 'volume': 27388300.0}, {'date': Timestamp('2020-01-27 00:00:00'), 'volume': 27196700.0}, {'date': Timestamp('2020-01-20 00:00:00'), 'volume': 23252300.0}, {'date': Timestamp('2020-01-13 00:00:00'), 'volume': 10353400.0}, {'date': Timestamp('2020-01-06 00:00:00'), 'volume': 7438100.0}]",2026-08-10,8717331.0,5.599999904632568,0.1374184379945898,345
BILI,6823830009.205301,weekly,2022-12-05,131720400.0,1344,0,7,"[{'date': Timestamp('2022-12-05 00:00:00'), 'volume': 131720400.0}, {'date': Timestamp('2022-03-14 00:00:00'), 'volume': 123159900.0}, {'date': Timestamp('2022-03-07 00:00:00'), 'volume': 58205900.0}, {'date': Timestamp('2020-11-16 00:00:00'), 'volume': 52004900.0}, {'date': Timestamp('2020-07-06 00:00:00'), 'volume': 50611500.0}, {'date': Timestamp('2020-05-18 00:00:00'), 'volume': 48464500.0}, {'date': Timestamp('2020-01-06 00:00:00'), 'volume': 45430700.0}]",2026-08-10,14711102.0,17.440000534057617,0.1116843100992708,345
PHVS,2376063892.6357355,weekly,2022-12-05,100031800.0,1344,0,2,"[{'date': Timestamp('2022-12-05 00:00:00'), 'volume': 100031800.0}, {'date': Timestamp('2021-02-01 00:00:00'), 'volume': 3813900.0}]",2026-08-10,4717396.0,35.13999938964844,0.047158963449623,289
NXST,5008390197.983194,weekly,2022-11-28,11215500.0,1351,0,5,"[{'date': Timestamp('2022-11-28 00:00:00'), 'volume': 11215500.0}, {'date': Timestamp('2020-03-16 00:00:00'), 'volume': 6953500.0}, {'date': Timestamp('2020-03-09 00:00:00'), 'volume': 6670400.0}, {'date': Timestamp('2020-02-24 00:00:00'), 'volume': 5411600.0}, {'date': Timestamp('2020-01-06 00:00:00'), 'volume': 3145500.0}]",2026-08-10,2041458.0,189.57000732421875,0.1820211314698408,345
MANU,3952069340.1092906,weekly,2022-11-21,57921200.0,1358,0,19,"[{'date': Timestamp('2022-11-21 00:00:00'), 'volume': 57921200.0}, {'date': Timestamp('2022-08-15 00:00:00'), 'volume': 10973800.0}, {'date': Timestamp('2022-05-30 00:00:00'), 'volume': 7099900.0}, {'date': Timestamp('2021-10-04 00:00:00'), 'volume': 6439400.0}, {'date': Timestamp('2021-08-30 00:00:00'), 'volume': 5423900.0}, {'date': Timestamp('2021-07-19 00:00:00'), 'volume': 4985900.0}, {'date': Timestamp('2021-03-22 00:00:00'), 'volume': 3592300.0}, {'date': Timestamp('2021-03-08 00:00:00'), 'volume': 2927500.0}, {'date': Timestamp('2020-07-13 00:00:00'), 'volume': 1968400.0}, {'date': Timestamp('2020-04-20 00:00:00'), 'volume': 1363000.0}, {'date': Timestamp('2020-04-13 00:00:00'), 'volume': 907900.0}, {'date': Timestamp('2020-04-06 00:00:00'), 'volume': 755300.0}, {'date': Timestamp('2020-03-16 00:00:00'), 'volume': 636500.0}, {'date': Timestamp('2020-03-09 00:00:00'), 'volume': 594100.0}, {'date': Timestamp('2020-03-02 00:00:00'), 'volume': 403300.0}, {'date': Timestamp('2020-02-24 00:00:00'), 'volume': 395500.0}, {'date': Timestamp('2020-02-03 00:00:00'), 'volume': 385000.0}, {'date': Timestamp('2020-01-20 00:00:00'), 'volume': 333300.0}, {'date': Timestamp('2020-01-06 00:00:00'), 'volume': 238800.0}]",2026-08-10,2579699.0,24.190000534057617,0.044538079321561,345
BKD,3751387640.761194,weekly,2022-11-14,56709400.0,1365,0,10,"[{'date': Timestamp('2022-11-14 00:00:00'), 'volume': 56709400.0}, {'date': Timestamp('2020-06-08 00:00:00'), 'volume': 40937100.0}, {'date': Timestamp('2020-03-16 00:00:00'), 'volume': 35806000.0}, {'date': Timestamp('2020-03-02 00:00:00'), 'volume': 29205400.0}, {'date': Timestamp('2020-02-24 00:00:00'), 'volume': 12897500.0}, {'date': Timestamp('2020-02-17 00:00:00'), 'volume': 11665500.0}, {'date': Timestamp('2020-02-03 00:00:00'), 'volume': 5696900.0}, {'date': Timestamp('2020-01-27 00:00:00'), 'volume': 5616700.0}, {'date': Timestamp('2020-01-13 00:00:00'), 'volume': 4994000.0}, {'date': Timestamp('2020-01-06 00:00:00'), 'volume': 4444900.0}]",2026-08-10,44755283.0,12.640000343322754,0.7892039591319957,345
TWST,6217167959.699533,weekly,2022-11-14,18740700.0,1365,0,11,"[{'date': Timestamp('2022-11-14 00:00:00'), 'volume': 18740700.0}, {'date': Timestamp('2022-05-09 00:00:00'), 'volume': 9624700.0}, {'date': Timestamp('2022-02-07 00:00:00'), 'volume': 7339900.0}, {'date': Timestamp('2021-03-15 00:00:00'), 'volume': 6846100.0}, {'date': Timestamp('2021-03-08 00:00:00'), 'volume': 6271800.0}, {'date': Timestamp('2021-03-01 00:00:00'), 'volume': 6111600.0}, {'date': Timestamp('2021-02-22 00:00:00'), 'volume': 5716800.0}, {'date': Timestamp('2020-02-17 00:00:00'), 'volume': 5709800.0}, {'date': Timestamp('2020-02-03 00:00:00'), 'volume': 4886000.0}, {'date': Timestamp('2020-01-13 00:00:00'), 'volume': 3200300.0}, {'date': Timestamp('2020-01-06 00:00:00'), 'volume': 1787400.0}]",2026-08-10,7441124.0,118.56999969482422,0.3970568868825604,345
DLO,3742686540.1094007,weekly,2022-11-14,151183200.0,1365,0,4,"[{'date': Timestamp('2022-11-14 00:00:00'), 'volume': 151183200.0}, {'date': Timestamp('2021-11-15 00:00:00'), 'volume': 23763900.0}, {'date': Timestamp('2021-10-18 00:00:00'), 'volume': 19257600.0}, {'date': Timestamp('2021-05-31 00:00:00'), 'volume': 18984000.0}]",2026-08-10,18608820.0,14.170000076293944,0.1230878827806264,272
CARG,2978879915.128908,weekly,2022-11-07,29777700.0,1372,0,4,"[{'date': Timestamp('2022-11-07 00:00:00'), 'volume': 29777700.0}, {'date': Timestamp('2020-02-10 00:00:00'), 'volume': 22921600.0}, {'date': Timestamp('2020-01-13 00:00:00'), 'volume': 5663200.0}, {'date': Timestamp('2020-01-06 00:00:00'), 'volume': 3903600.0}]",2026-08-10,4237604.0,37.43999862670898,0.1423079687148436,345
STEL,2021042515.14519,weekly,2022-09-26,7781100.0,1372,0,10,"[{'date': Timestamp('2022-09-26 00:00:00'), 'volume': 7781100}, {'date': Timestamp('2022-09-12 00:00:00'), 'volume': 1261900}, {'date': Timestamp('2021-03-01 00:00:00'), 'volume': 907400}, {'date': Timestamp('2020-03-16 00:00:00'), 'volume': 836700}, {'date': Timestamp('2020-03-09 00:00:00'), 'volume': 696900}, {'date': Timestamp('2020-03-02 00:00:00'), 'volume': 344700}, {'date': Timestamp('2020-02-24 00:00:00'), 'volume': 338200}, {'date': Timestamp('2020-01-27 00:00:00'), 'volume': 245200}, {'date': Timestamp('2020-01-13 00:00:00'), 'volume': 237100}, {'date': Timestamp('2020-01-06 00:00:00'), 'volume': 215900}]",2026-06-29,620400.0,39.310001373291016,0.0797316574777345,339
ROG,2865225347.424382,weekly,2022-10-29,9186100.0,1381,0,8,"[{'date': Timestamp('2022-10-29 00:00:00'), 'volume': 9186100.0}, {'date': Timestamp('2021-10-30 00:00:00'), 'volume': 6395400.0}, {'date': Timestamp('2020-03-21 00:00:00'), 'volume': 1455500.0}, {'date': Timestamp('2020-02-22 00:00:00'), 'volume': 1262000.0}, {'date': Timestamp('2020-02-15 00:00:00'), 'volume': 769100.0}, {'date': Timestamp('2020-02-08 00:00:00'), 'volume': 766200.0}, {'date': Timestamp('2020-01-25 00:00:00'), 'volume': 693400.0}, {'date': Timestamp('2020-01-04 00:00:00'), 'volume': 673300.0}]",2026-08-10,1038536.0,142.91000366210938,0.1130551594256539,346
NZF,2439048110.0,weekly,2022-10-24,5785900.0,1386,0,5,"[{'date': Timestamp('2022-10-24 00:00:00'), 'volume': 5785900.0}, {'date': Timestamp('2020-03-16 00:00:00'), 'volume': 5445800.0}, {'date': Timestamp('2020-03-09 00:00:00'), 'volume': 5053100.0}, {'date': Timestamp('2020-02-24 00:00:00'), 'volume': 2221100.0}, {'date': Timestamp('2020-01-06 00:00:00'), 'volume': 1184400.0}]",2026-08-10,2713322.0,12.420000076293944,0.4689541817176239,345
WLK,9816779785.327932,weekly,2022-10-17,12089100.0,1393,0,8,"[{'date': Timestamp('2022-10-17 00:00:00'), 'volume': 12089100.0}, {'date': Timestamp('2020-03-16 00:00:00'), 'volume': 7942100.0}, {'date': Timestamp('2020-03-09 00:00:00'), 'volume': 7354400.0}, {'date': Timestamp('2020-02-24 00:00:00'), 'volume': 5319100.0}, {'date': Timestamp('2020-02-17 00:00:00'), 'volume': 4545300.0}, {'date': Timestamp('2020-02-03 00:00:00'), 'volume': 3270300.0}, {'date': Timestamp('2020-01-27 00:00:00'), 'volume': 2353100.0}, {'date': Timestamp('2020-01-06 00:00:00'), 'volume': 2223400.0}]",2026-08-10,5201252.0,79.55000305175781,0.4302431115633091,345
CPRX,3856222741.5658817,weekly,2022-09-12,65165900.0,1400,0,4,"[{'date': Timestamp('2022-09-12 00:00:00'), 'volume': 65165900}, {'date': Timestamp('2020-08-10 00:00:00'), 'volume': 24391300}, {'date': Timestamp('2020-03-16 00:00:00'), 'volume': 16656300}, {'date': Timestamp('2020-01-06 00:00:00'), 'volume': 16157000}]",2026-07-13,31027728.0,31.489999771118164,0.4761344199957339,341
PRM,5611571094.265583,weekly,2022-10-03,24097000.0,1407,0,6,"[{'date': Timestamp('2022-10-03 00:00:00'), 'volume': 24097000.0}, {'date': Timestamp('2022-06-20 00:00:00'), 'volume': 18733700.0}, {'date': Timestamp('2021-12-06 00:00:00'), 'volume': 8521800.0}, {'date': Timestamp('2021-11-29 00:00:00'), 'volume': 6586100.0}, {'date': Timestamp('2021-11-15 00:00:00'), 'volume': 3031800.0}, {'date': Timestamp('2021-11-08 00:00:00'), 'volume': 892800.0}]",2026-08-10,5273226.0,33.900001525878906,0.2188332987508818,249
DGII,2659890000.910076,weekly,2022-10-01,3979900.0,1409,0,5,"[{'date': Timestamp('2022-10-01 00:00:00'), 'volume': 3979900.0}, {'date': Timestamp('2021-02-27 00:00:00'), 'volume': 3391100.0}, {'date': Timestamp('2020-02-01 00:00:00'), 'volume': 3010900.0}, {'date': Timestamp('2020-01-25 00:00:00'), 'volume': 2277100.0}, {'date': Timestamp('2020-01-04 00:00:00'), 'volume': 1213300.0}]",2026-08-10,1893157.0,85.12000274658203,0.4756795396869268,346
EXLS,3972356428.86598,weekly,2022-09-26,55615000.0,1414,0,9,"[{'date': Timestamp('2022-09-26 00:00:00'), 'volume': 55615000.0}, {'date': Timestamp('2020-03-16 00:00:00'), 'volume': 10462000.0}, {'date': Timestamp('2020-03-09 00:00:00'), 'volume': 8837000.0}, {'date': Timestamp('2020-03-02 00:00:00'), 'volume': 7319500.0}, {'date': Timestamp('2020-02-24 00:00:00'), 'volume': 5857000.0}, {'date': Timestamp('2020-02-03 00:00:00'), 'volume': 4850500.0}, {'date': Timestamp('2020-01-27 00:00:00'), 'volume': 4417000.0}, {'date': Timestamp('2020-01-13 00:00:00'), 'volume': 3988000.0}, {'date': Timestamp('2020-01-06 00:00:00'), 'volume': 3146000.0}]",2026-08-10,8802239.0,34.814998626708984,0.158270952081273,345
OUT,5852351412.15166,weekly,2022-09-12,41541977.0,1428,0,7,"[{'date': Timestamp('2022-09-12 00:00:00'), 'volume': 41541977.0}, {'date': Timestamp('2021-06-21 00:00:00'), 'volume': 24131210.0}, {'date': Timestamp('2020-03-16 00:00:00'), 'volume': 21033093.0}, {'date': Timestamp('2020-03-09 00:00:00'), 'volume': 15645866.0}, {'date': Timestamp('2020-03-02 00:00:00'), 'volume': 12686439.0}, {'date': Timestamp('2020-02-24 00:00:00'), 'volume': 12017976.0}, {'date': Timestamp('2020-01-06 00:00:00'), 'volume': 6212533.0}]",2026-08-10,7752578.0,30.239999771118164,0.1866203430809275,345
MCY,5952616214.113811,weekly,2022-09-10,9052900.0,1430,0,7,"[{'date': Timestamp('2022-09-10 00:00:00'), 'volume': 9052900.0}, {'date': Timestamp('2022-06-18 00:00:00'), 'volume': 5217100.0}, {'date': Timestamp('2020-05-09 00:00:00'), 'volume': 4067300.0}, {'date': Timestamp('2020-05-02 00:00:00'), 'volume': 2863700.0}, {'date': Timestamp('2020-03-14 00:00:00'), 'volume': 2433200.0}, {'date': Timestamp('2020-01-11 00:00:00'), 'volume': 1972900.0}, {'date': Timestamp('2020-01-04 00:00:00'), 'volume': 1439500.0}]",2026-08-10,1273827.0,105.37999725341795,0.1407092754807851,346
MTX,2474496943.960924,weekly,2022-09-10,7874600.0,1430,0,5,"[{'date': Timestamp('2022-09-10 00:00:00'), 'volume': 7874600.0}, {'date': Timestamp('2022-09-03 00:00:00'), 'volume': 1935800.0}, {'date': Timestamp('2020-02-29 00:00:00'), 'volume': 1925800.0}, {'date': Timestamp('2020-02-22 00:00:00'), 'volume': 1260500.0}, {'date': Timestamp('2020-01-04 00:00:00'), 'volume': 750200.0}]",2026-08-10,835555.0,72.9800033569336,0.1061076118152033,346
NEOG,2085307868.8643532,weekly,2022-08-27,96863800.0,1444,0,11,"[{'date': Timestamp('2022-08-27 00:00:00'), 'volume': 96863800.0}, {'date': Timestamp('2022-08-20 00:00:00'), 'volume': 52682700.0}, {'date': Timestamp('2020-10-03 00:00:00'), 'volume': 27188800.0}, {'date': Timestamp('2020-09-26 00:00:00'), 'volume': 5561800.0}, {'date': Timestamp('2020-03-14 00:00:00'), 'volume': 4929800.0}, {'date': Timestamp('2020-03-07 00:00:00'), 'volume': 2763200.0}, {'date': Timestamp('2020-02-22 00:00:00'), 'volume': 2313200.0}, {'date': Timestamp('2020-02-08 00:00:00'), 'volume': 1859200.0}, {'date': Timestamp('2020-01-25 00:00:00'), 'volume': 1723600.0}, {'date': Timestamp('2020-01-11 00:00:00'), 'volume': 1577000.0}, {'date': Timestamp('2020-01-04 00:00:00'), 'volume': 1333800.0}]",2026-08-10,9967656.0,11.649999618530272,0.1029038299137551,346
BLCO,5818673117.62665,weekly,2022-07-25,21084200.0,1477,0,2,"[{'date': Timestamp('2022-07-25 00:00:00'), 'volume': 21084200.0}, {'date': Timestamp('2022-05-02 00:00:00'), 'volume': 15225300.0}]",2026-08-10,1547464.0,17.049999237060547,0.0733944849697878,224
GRBK,3461918731.6531954,weekly,2022-07-18,12836600.0,1484,0,8,"[{'date': Timestamp('2022-07-18 00:00:00'), 'volume': 12836600.0}, {'date': Timestamp('2021-01-25 00:00:00'), 'volume': 10322000.0}, {'date': Timestamp('2020-09-14 00:00:00'), 'volume': 5596300.0}, {'date': Timestamp('2020-07-06 00:00:00'), 'volume': 2420600.0}, {'date': Timestamp('2020-03-16 00:00:00'), 'volume': 1180000.0}, {'date': Timestamp('2020-03-02 00:00:00'), 'volume': 825100.0}, {'date': Timestamp('2020-01-20 00:00:00'), 'volume': 574400.0}, {'date': Timestamp('2020-01-06 00:00:00'), 'volume': 535400.0}]",2026-08-10,908693.0,70.45999908447266,0.0707892276771107,345
LQDA,6951509457.082424,weekly,2022-07-18,42695300.0,1484,0,10,"[{'date': Timestamp('2022-07-18 00:00:00'), 'volume': 42695300.0}, {'date': Timestamp('2021-01-25 00:00:00'), 'volume': 17973400.0}, {'date': Timestamp('2020-10-19 00:00:00'), 'volume': 15149200.0}, {'date': Timestamp('2020-10-12 00:00:00'), 'volume': 8624700.0}, {'date': Timestamp('2020-06-29 00:00:00'), 'volume': 4626000.0}, {'date': Timestamp('2020-06-22 00:00:00'), 'volume': 2318400.0}, {'date': Timestamp('2020-06-01 00:00:00'), 'volume': 2121600.0}, {'date': Timestamp('2020-05-11 00:00:00'), 'volume': 1386000.0}, {'date': Timestamp('2020-01-13 00:00:00'), 'volume': 1216500.0}, {'date': Timestamp('2020-01-06 00:00:00'), 'volume': 484000.0}]",2026-08-10,16875725.0,74.44000244140625,0.3952595484748907,345
SHO,2220591889.0758624,weekly,2022-07-18,97082300.0,1484,0,4,"[{'date': Timestamp('2022-07-18 00:00:00'), 'volume': 97082300.0}, {'date': Timestamp('2020-03-09 00:00:00'), 'volume': 42518300.0}, {'date': Timestamp('2020-02-24 00:00:00'), 'volume': 30438600.0}, {'date': Timestamp('2020-01-06 00:00:00'), 'volume': 16405800.0}]",2026-08-10,15732566.0,10.9399995803833,0.1620539068398667,345
HR,7103692119.694733,weekly,2022-07-16,90483600.0,1486,0,11,"[{'date': Timestamp('2022-07-16 00:00:00'), 'volume': 90483600.0}, {'date': Timestamp('2022-07-09 00:00:00'), 'volume': 73985700.0}, {'date': Timestamp('2022-04-30 00:00:00'), 'volume': 53838300.0}, {'date': Timestamp('2022-02-26 00:00:00'), 'volume': 48939900.0}, {'date': Timestamp('2020-03-14 00:00:00'), 'volume': 11886300.0}, {'date': Timestamp('2020-03-07 00:00:00'), 'volume': 9167400.0}, {'date': Timestamp('2020-02-22 00:00:00'), 'volume': 8039000.0}, {'date': Timestamp('2020-02-01 00:00:00'), 'volume': 7255400.0}, {'date': Timestamp('2020-01-25 00:00:00'), 'volume': 6672500.0}, {'date': Timestamp('2020-01-11 00:00:00'), 'volume': 3243100.0}, {'date': Timestamp('2020-01-04 00:00:00'), 'volume': 2410900.0}]",2026-08-10,15387892.0,19.25,0.170062773806524,346
RYTM,7534317536.838722,weekly,2022-07-11,48193200.0,1491,0,13,"[{'date': Timestamp('2022-07-11 00:00:00'), 'volume': 48193200.0}, {'date': Timestamp('2022-06-13 00:00:00'), 'volume': 20008700.0}, {'date': Timestamp('2022-03-14 00:00:00'), 'volume': 5019400.0}, {'date': Timestamp('2022-02-14 00:00:00'), 'volume': 4793800.0}, {'date': Timestamp('2021-01-25 00:00:00'), 'volume': 4294600.0}, {'date': Timestamp('2020-11-30 00:00:00'), 'volume': 3899400.0}, {'date': Timestamp('2020-08-31 00:00:00'), 'volume': 3630400.0}, {'date': Timestamp('2020-08-24 00:00:00'), 'volume': 2686800.0}, {'date': Timestamp('2020-06-22 00:00:00'), 'volume': 2265400.0}, {'date': Timestamp('2020-03-16 00:00:00'), 'volume': 2064300.0}, {'date': Timestamp('2020-03-09 00:00:00'), 'volume': 1559900.0}, {'date': Timestamp('2020-01-13 00:00:00'), 'volume': 1551600.0}, {'date': Timestamp('2020-01-06 00:00:00'), 'volume': 1266200.0}]",2026-08-10,2737324.0,115.4800033569336,0.0567989674891893,345
ORA,7135986857.24469,weekly,2022-07-04,10111800.0,1498,0,13,"[{'date': Timestamp('2022-07-04 00:00:00'), 'volume': 10111800.0}, {'date': Timestamp('2021-04-12 00:00:00'), 'volume': 9181900.0}, {'date': Timestamp('2021-03-01 00:00:00'), 'volume': 7368100.0}, {'date': Timestamp('2020-11-16 00:00:00'), 'volume': 5981800.0}, {'date': Timestamp('2020-10-12 00:00:00'), 'volume': 4634500.0}, {'date': Timestamp('2020-09-14 00:00:00'), 'volume': 4212500.0}, {'date': Timestamp('2020-08-03 00:00:00'), 'volume': 2779200.0}, {'date': Timestamp('2020-06-22 00:00:00'), 'volume': 2685700.0}, {'date': Timestamp('2020-04-13 00:00:00'), 'volume': 2679100.0}, {'date': Timestamp('2020-03-16 00:00:00'), 'volume': 2594800.0}, {'date': Timestamp('2020-02-24 00:00:00'), 'volume': 2266600.0}, {'date': Timestamp('2020-02-03 00:00:00'), 'volume': 977400.0}, {'date': Timestamp('2020-01-06 00:00:00'), 'volume': 768600.0}]",2026-08-10,4442032.0,114.76000213623048,0.4392919163749283,345
FTDR,5248656109.696231,weekly,2022-07-04,21191600.0,1498,0,13,"[{'date': Timestamp('2022-07-04 00:00:00'), 'volume': 21191600.0}, {'date': Timestamp('2022-06-27 00:00:00'), 'volume': 16860000.0}, {'date': Timestamp('2022-06-20 00:00:00'), 'volume': 14749900.0}, {'date': Timestamp('2022-05-02 00:00:00'), 'volume': 9732400.0}, {'date': Timestamp('2021-11-08 00:00:00'), 'volume': 7679100.0}, {'date': Timestamp('2021-11-01 00:00:00'), 'volume': 7276000.0}, {'date': Timestamp('2020-03-09 00:00:00'), 'volume': 6531800.0}, {'date': Timestamp('2020-02-24 00:00:00'), 'volume': 4486700.0}, {'date': Timestamp('2020-02-17 00:00:00'), 'volume': 2607000.0}, {'date': Timestamp('2020-02-10 00:00:00'), 'volume': 2528800.0}, {'date': Timestamp('2020-02-03 00:00:00'), 'volume': 2326400.0}, {'date': Timestamp('2020-01-27 00:00:00'), 'volume': 1976800.0}, {'date': Timestamp('2020-01-06 00:00:00'), 'volume': 1794100.0}]",2026-08-10,2600452.0,86.47000122070312,0.1227114517072802,345
POR,6079297297.02907,weekly,2022-06-27,25327100.0,1505,0,9,"[{'date': Timestamp('2022-06-27 00:00:00'), 'volume': 25327100.0}, {'date': Timestamp('2020-09-07 00:00:00'), 'volume': 14967400.0}, {'date': Timestamp('2020-08-24 00:00:00'), 'volume': 9494700.0}, {'date': Timestamp('2020-03-16 00:00:00'), 'volume': 7863100.0}, {'date': Timestamp('2020-03-09 00:00:00'), 'volume': 6634800.0}, {'date': Timestamp('2020-02-24 00:00:00'), 'volume': 4020500.0}, {'date': Timestamp('2020-01-27 00:00:00'), 'volume': 3644000.0}, {'date': Timestamp('2020-01-13 00:00:00'), 'volume': 2761000.0}, {'date': Timestamp('2020-01-06 00:00:00'), 'volume': 2603100.0}]",2026-08-10,5734986.0,50.7599983215332,0.226436741671964,345
AMR,2101091591.12112,weekly,2022-06-20,6607700.0,1512,0,7,"[{'date': Timestamp('2022-06-20 00:00:00'), 'volume': 6607700.0}, {'date': Timestamp('2022-05-16 00:00:00'), 'volume': 5292400.0}, {'date': Timestamp('2022-03-14 00:00:00'), 'volume': 4271500.0}, {'date': Timestamp('2022-03-07 00:00:00'), 'volume': 4255200.0}, {'date': Timestamp('2021-03-15 00:00:00'), 'volume': 3369700.0}, {'date': Timestamp('2021-02-22 00:00:00'), 'volume': 2547700.0}, {'date': Timestamp('2021-02-08 00:00:00'), 'volume': 1339400.0}]",2026-08-10,1404002.0,166.0500030517578,0.2124796827943157,288
KBR,4230980802.7475967,weekly,2022-06-20,24701100.0,1512,0,6,"[{'date': Timestamp('2022-06-20 00:00:00'), 'volume': 24701100.0}, {'date': Timestamp('2020-03-09 00:00:00'), 'volume': 17603300.0}, {'date': Timestamp('2020-02-24 00:00:00'), 'volume': 10819100.0}, {'date': Timestamp('2020-02-17 00:00:00'), 'volume': 7542000.0}, {'date': Timestamp('2020-01-13 00:00:00'), 'volume': 7261000.0}, {'date': Timestamp('2020-01-06 00:00:00'), 'volume': 4825100.0}]",2026-08-10,6585401.0,38.369998931884766,0.2666035520685313,345
TTEK,7593692534.7524605,weekly,2022-06-18,41477000.0,1514,0,6,"[{'date': Timestamp('2022-06-18 00:00:00'), 'volume': 41477000.0}, {'date': Timestamp('2020-03-14 00:00:00'), 'volume': 14594000.0}, {'date': Timestamp('2020-03-07 00:00:00'), 'volume': 13441000.0}, {'date': Timestamp('2020-02-22 00:00:00'), 'volume': 9708500.0}, {'date': Timestamp('2020-01-25 00:00:00'), 'volume': 8810000.0}, {'date': Timestamp('2020-01-04 00:00:00'), 'volume': 4549000.0}]",2026-08-10,16603806.0,36.5099983215332,0.4003135713769077,346
IPGP,4549531634.995917,weekly,2022-06-13,9729400.0,1519,0,6,"[{'date': Timestamp('2022-06-13 00:00:00'), 'volume': 9729400.0}, {'date': Timestamp('2022-02-28 00:00:00'), 'volume': 7030800.0}, {'date': Timestamp('2020-03-16 00:00:00'), 'volume': 4296200.0}, {'date': Timestamp('2020-02-10 00:00:00'), 'volume': 3640700.0}, {'date': Timestamp('2020-01-27 00:00:00'), 'volume': 2475400.0}, {'date': Timestamp('2020-01-06 00:00:00'), 'volume': 2322900.0}]",2026-08-10,2405064.0,85.79000091552734,0.247195510514523,345
UA,2622842931.1544995,weekly,2022-06-13,74709938.0,1519,0,5,"[{'date': Timestamp('2022-06-13 00:00:00'), 'volume': 74709938.0}, {'date': Timestamp('2020-05-18 00:00:00'), 'volume': 70195173.0}, {'date': Timestamp('2020-05-11 00:00:00'), 'volume': 40672217.0}, {'date': Timestamp('2020-02-10 00:00:00'), 'volume': 33776359.0}, {'date': Timestamp('2020-01-06 00:00:00'), 'volume': 12276944.0}]",2026-08-10,17265040.0,5.25,0.2310942889552391,345
HOMB,5901413065.980495,weekly,2022-06-13,22009600.0,1519,0,7,"[{'date': Timestamp('2022-06-13 00:00:00'), 'volume': 22009600.0}, {'date': Timestamp('2020-03-16 00:00:00'), 'volume': 9567200.0}, {'date': Timestamp('2020-03-09 00:00:00'), 'volume': 8106300.0}, {'date': Timestamp('2020-03-02 00:00:00'), 'volume': 5188200.0}, {'date': Timestamp('2020-02-24 00:00:00'), 'volume': 4546900.0}, {'date': Timestamp('2020-01-13 00:00:00'), 'volume': 4521800.0}, {'date': Timestamp('2020-01-06 00:00:00'), 'volume': 3232200.0}]",2026-08-10,6992237.0,31.38999938964844,0.3176903260395464,345
TRN,2870943718.1539297,weekly,2022-06-11,17107100.0,1521,0,7,"[{'date': Timestamp('2022-06-11 00:00:00'), 'volume': 17107100.0}, {'date': Timestamp('2021-06-19 00:00:00'), 'volume': 15098800.0}, {'date': Timestamp('2020-03-07 00:00:00'), 'volume': 10451200.0}, {'date': Timestamp('2020-02-22 00:00:00'), 'volume': 9691700.0}, {'date': Timestamp('2020-02-15 00:00:00'), 'volume': 6509100.0}, {'date': Timestamp('2020-01-11 00:00:00'), 'volume': 5500500.0}, {'date': Timestamp('2020-01-04 00:00:00'), 'volume': 5183400.0}]",2026-08-10,3364345.0,29.59000015258789,0.196663665963255,346
CENX,4585467403.843342,weekly,2022-06-11,24035500.0,1521,0,7,"[{'date': Timestamp('2022-06-11 00:00:00'), 'volume': 24035500.0}, {'date': Timestamp('2021-06-12 00:00:00'), 'volume': 15576900.0}, {'date': Timestamp('2021-05-01 00:00:00'), 'volume': 13133800.0}, {'date': Timestamp('2020-03-07 00:00:00'), 'volume': 13041800.0}, {'date': Timestamp('2020-02-22 00:00:00'), 'volume': 12159800.0}, {'date': Timestamp('2020-02-15 00:00:00'), 'volume': 10804200.0}, {'date': Timestamp('2020-01-04 00:00:00'), 'volume': 10602100.0}]",2026-08-10,12213748.0,46.720001220703125,0.5081545214370411,346
RAMP,2291644128.429068,weekly,2022-06-11,17324200.0,1521,0,8,"[{'date': Timestamp('2022-06-11 00:00:00'), 'volume': 17324200.0}, {'date': Timestamp('2021-06-05 00:00:00'), 'volume': 9723300.0}, {'date': Timestamp('2020-08-08 00:00:00'), 'volume': 7055400.0}, {'date': Timestamp('2020-06-20 00:00:00'), 'volume': 6306900.0}, {'date': Timestamp('2020-03-07 00:00:00'), 'volume': 5634000.0}, {'date': Timestamp('2020-02-01 00:00:00'), 'volume': 5400300.0}, {'date': Timestamp('2020-01-11 00:00:00'), 'volume': 4140700.0}, {'date': Timestamp('2020-01-04 00:00:00'), 'volume': 3061200.0}]",2026-08-10,5738172.0,37.84999847412109,0.3312229136121725,346
COGT,6510070367.97948,weekly,2022-06-06,108159700.0,1526,0,6,"[{'date': Timestamp('2022-06-06 00:00:00'), 'volume': 108159700.0}, {'date': Timestamp('2020-07-06 00:00:00'), 'volume': 34384475.0}, {'date': Timestamp('2020-05-04 00:00:00'), 'volume': 1529650.0}, {'date': Timestamp('2020-04-06 00:00:00'), 'volume': 1029775.0}, {'date': Timestamp('2020-03-23 00:00:00'), 'volume': 608150.0}, {'date': Timestamp('2020-01-06 00:00:00'), 'volume': 537425.0}]",2026-08-10,8422662.0,37.93000030517578,0.0778724608148876,345
BSM,2996240492.860215,weekly,2022-06-06,5740100.0,1526,0,11,"[{'date': Timestamp('2022-06-06 00:00:00'), 'volume': 5740100.0}, {'date': Timestamp('2022-03-07 00:00:00'), 'volume': 5462900.0}, {'date': Timestamp('2021-01-11 00:00:00'), 'volume': 5374300.0}, {'date': Timestamp('2020-11-02 00:00:00'), 'volume': 4933400.0}, {'date': Timestamp('2020-03-16 00:00:00'), 'volume': 4886700.0}, {'date': Timestamp('2020-02-24 00:00:00'), 'volume': 4787100.0}, {'date': Timestamp('2020-02-03 00:00:00'), 'volume': 4250200.0}, {'date': Timestamp('2020-01-27 00:00:00'), 'volume': 3178900.0}, {'date': Timestamp('2020-01-20 00:00:00'), 'volume': 1691300.0}, {'date': Timestamp('2020-01-13 00:00:00'), 'volume': 1534700.0}, {'date': Timestamp('2020-01-06 00:00:00'), 'volume': 1267100.0}]",2026-08-10,2543362.0,14.359999656677246,0.443086705806519,345
GLBE,6169140257.226041,weekly,2022-05-16,38812000.0,1547,0,4,"[{'date': Timestamp('2022-05-16 00:00:00'), 'volume': 38812000.0}, {'date': Timestamp('2022-05-09 00:00:00'), 'volume': 15364400.0}, {'date': Timestamp('2021-11-08 00:00:00'), 'volume': 14275400.0}, {'date': Timestamp('2021-05-10 00:00:00'), 'volume': 13474200.0}]",2026-08-10,14154173.0,42.36000061035156,0.3646854838709677,275
GFF,4422460801.748332,weekly,2022-05-14,7116000.0,1549,0,6,"[{'date': Timestamp('2022-05-14 00:00:00'), 'volume': 7116000.0}, {'date': Timestamp('2020-08-08 00:00:00'), 'volume': 5741000.0}, {'date': Timestamp('2020-01-25 00:00:00'), 'volume': 2313800.0}, {'date': Timestamp('2020-01-18 00:00:00'), 'volume': 1530400.0}, {'date': Timestamp('2020-01-11 00:00:00'), 'volume': 833800.0}, {'date': Timestamp('2020-01-04 00:00:00'), 'volume': 568000.0}]",2026-08-10,2009423.0,104.16000366210938,0.2823809724564362,346
BLTE,6005949258.0,weekly,2022-05-02,11931800.0,1561,0,2,"[{'date': Timestamp('2022-05-02 00:00:00'), 'volume': 11931800.0}, {'date': Timestamp('2022-04-25 00:00:00'), 'volume': 3434000.0}]",2026-08-10,1462623.0,162.8000030517578,0.1225819239343602,225
ANDE,2420562229.150246,weekly,2022-04-30,7182800.0,1563,0,10,"[{'date': Timestamp('2022-04-30 00:00:00'), 'volume': 7182800.0}, {'date': Timestamp('2022-04-16 00:00:00'), 'volume': 2821900.0}, {'date': Timestamp('2020-09-12 00:00:00'), 'volume': 2714800.0}, {'date': Timestamp('2020-05-16 00:00:00'), 'volume': 2611100.0}, {'date': Timestamp('2020-05-09 00:00:00'), 'volume': 2057700.0}, {'date': Timestamp('2020-03-14 00:00:00'), 'volume': 1947800.0}, {'date': Timestamp('2020-03-07 00:00:00'), 'volume': 1318100.0}, {'date': Timestamp('2020-02-22 00:00:00'), 'volume': 1203200.0}, {'date': Timestamp('2020-02-08 00:00:00'), 'volume': 1017900.0}, {'date': Timestamp('2020-01-04 00:00:00'), 'volume': 833600.0}]",2026-08-10,1844247.0,65.9000015258789,0.2567587848749791,346
ATEN,2518496071.381692,weekly,2022-04-25,22632500.0,1568,0,17,"[{'date': Timestamp('2022-04-25 00:00:00'), 'volume': 22632500.0}, {'date': Timestamp('2021-11-01 00:00:00'), 'volume': 12783800.0}, {'date': Timestamp('2021-10-25 00:00:00'), 'volume': 10060600.0}, {'date': Timestamp('2021-02-08 00:00:00'), 'volume': 10044600.0}, {'date': Timestamp('2020-12-14 00:00:00'), 'volume': 7136200.0}, {'date': Timestamp('2020-08-24 00:00:00'), 'volume': 6777400.0}, {'date': Timestamp('2020-08-10 00:00:00'), 'volume': 6212600.0}, {'date': Timestamp('2020-07-27 00:00:00'), 'volume': 5469800.0}, {'date': Timestamp('2020-06-22 00:00:00'), 'volume': 4580600.0}, {'date': Timestamp('2020-06-15 00:00:00'), 'volume': 3420500.0}, {'date': Timestamp('2020-04-13 00:00:00'), 'volume': 3325900.0}, {'date': Timestamp('2020-03-30 00:00:00'), 'volume': 3265600.0}, {'date': Timestamp('2020-03-16 00:00:00'), 'volume': 3048400.0}, {'date': Timestamp('2020-03-09 00:00:00'), 'volume': 2944400.0}, {'date': Timestamp('2020-02-24 00:00:00'), 'volume': 2604100.0}, {'date': Timestamp('2020-02-10 00:00:00'), 'volume': 1663300.0}, {'date': Timestamp('2020-01-06 00:00:00'), 'volume': 1376700.0}]",2026-08-10,5544717.0,27.39999961853028,0.2449891527670385,345
EE,4292492644.4010696,weekly,2022-04-11,15006800.0,1582,0,1,"[{'date': Timestamp('2022-04-11 00:00:00'), 'volume': 15006800.0}]",2026-08-10,1313722.0,36.630001068115234,0.0875417810592531,227
RCUS,3898968048.132232,weekly,2022-04-04,24274000.0,1589,0,8,"[{'date': Timestamp('2022-04-04 00:00:00'), 'volume': 24274000.0}, {'date': Timestamp('2021-06-21 00:00:00'), 'volume': 10439600.0}, {'date': Timestamp('2020-04-13 00:00:00'), 'volume': 8688800.0}, {'date': Timestamp('2020-02-17 00:00:00'), 'volume': 4117400.0}, {'date': Timestamp('2020-02-03 00:00:00'), 'volume': 2243500.0}, {'date': Timestamp('2020-01-27 00:00:00'), 'volume': 520700.0}, {'date': Timestamp('2020-01-13 00:00:00'), 'volume': 448600.0}, {'date': Timestamp('2020-01-06 00:00:00'), 'volume': 353600.0}]",2026-08-10,4983614.0,29.479999542236328,0.2053066655680975,345
ESAB,6125308829.660899,weekly,2022-04-04,7527500.0,1589,0,2,"[{'date': Timestamp('2022-04-04 00:00:00'), 'volume': 7527500.0}, {'date': Timestamp('2022-03-28 00:00:00'), 'volume': 100.0}]",2026-08-10,4217772.0,84.80999755859375,0.560315111258718,229
MATX,5885905349.385548,weekly,2022-04-02,4958500.0,1591,0,9,"[{'date': Timestamp('2022-04-02 00:00:00'), 'volume': 4958500.0}, {'date': Timestamp('2022-03-12 00:00:00'), 'volume': 3538700.0}, {'date': Timestamp('2022-01-29 00:00:00'), 'volume': 3331400.0}, {'date': Timestamp('2020-07-04 00:00:00'), 'volume': 3247400.0}, {'date': Timestamp('2020-02-22 00:00:00'), 'volume': 1946300.0}, {'date': Timestamp('2020-01-25 00:00:00'), 'volume': 989000.0}, {'date': Timestamp('2020-01-18 00:00:00'), 'volume': 778100.0}, {'date': Timestamp('2020-01-11 00:00:00'), 'volume': 581600.0}, {'date': Timestamp('2020-01-04 00:00:00'), 'volume': 496700.0}]",2026-08-10,1373533.0,217.3000030517578,0.2770057477059595,346
HYMC,2168900662.436729,weekly,2022-03-28,113067620.0,1596,0,5,"[{'date': Timestamp('2022-03-28 00:00:00'), 'volume': 113067620.0}, {'date': Timestamp('2022-03-07 00:00:00'), 'volume': 81824390.0}, {'date': Timestamp('2021-08-30 00:00:00'), 'volume': 801350.0}, {'date': Timestamp('2020-01-13 00:00:00'), 'volume': 450250.0}, {'date': Timestamp('2020-01-06 00:00:00'), 'volume': 2720.0}]",2026-08-10,8435017.0,27.06999969482422,0.074601526060246,345
SWX,6581047876.181135,weekly,2022-03-26,9456400.0,1598,0,10,"[{'date': Timestamp('2022-03-26 00:00:00'), 'volume': 9456400.0}, {'date': Timestamp('2021-03-13 00:00:00'), 'volume': 7480500.0}, {'date': Timestamp('2021-03-06 00:00:00'), 'volume': 4665500.0}, {'date': Timestamp('2020-03-28 00:00:00'), 'volume': 3377300.0}, {'date': Timestamp('2020-03-21 00:00:00'), 'volume': 3351800.0}, {'date': Timestamp('2020-03-14 00:00:00'), 'volume': 3241600.0}, {'date': Timestamp('2020-03-07 00:00:00'), 'volume': 3126700.0}, {'date': Timestamp('2020-02-22 00:00:00'), 'volume': 2859400.0}, {'date': Timestamp('2020-01-11 00:00:00'), 'volume': 2170400.0}, {'date': Timestamp('2020-01-04 00:00:00'), 'volume': 1950800.0}]",2026-08-10,2117340.0,92.5999984741211,0.2239055031513049,346
FBP,4077479782.836474,weekly,2022-03-26,23486100.0,1598,0,10,"[{'date': Timestamp('2022-03-26 00:00:00'), 'volume': 23486100.0}, {'date': Timestamp('2021-06-12 00:00:00'), 'volume': 19772200.0}, {'date': Timestamp('2021-03-13 00:00:00'), 'volume': 16829600.0}, {'date': Timestamp('2020-03-14 00:00:00'), 'volume': 16682000.0}, {'date': Timestamp('2020-03-07 00:00:00'), 'volume': 13633500.0}, {'date': Timestamp('2020-02-29 00:00:00'), 'volume': 11224700.0}, {'date': Timestamp('2020-02-22 00:00:00'), 'volume': 10143700.0}, {'date': Timestamp('2020-01-25 00:00:00'), 'volume': 9761100.0}, {'date': Timestamp('2020-01-18 00:00:00'), 'volume': 6811300.0}, {'date': Timestamp('2020-01-04 00:00:00'), 'volume': 6305200.0}]",2026-08-10,5850729.0,29.700000762939453,0.24911454008967,346
ASO,3007891041.0386124,weekly,2022-03-14,46506500.0,1610,0,7,"[{'date': Timestamp('2022-03-14 00:00:00'), 'volume': 46506500.0}, {'date': Timestamp('2021-05-03 00:00:00'), 'volume': 27998600.0}, {'date': Timestamp('2021-04-05 00:00:00'), 'volume': 26320400.0}, {'date': Timestamp('2021-01-25 00:00:00'), 'volume': 19135400.0}, {'date': Timestamp('2020-12-14 00:00:00'), 'volume': 11595900.0}, {'date': Timestamp('2020-12-07 00:00:00'), 'volume': 10619200.0}, {'date': Timestamp('2020-09-28 00:00:00'), 'volume': 8785600.0}]",2026-08-10,6452663.0,47.98500061035156,0.1387475514175437,307
KC,2611872611.2382,weekly,2022-03-14,181681200.0,1610,0,5,"[{'date': Timestamp('2022-03-14 00:00:00'), 'volume': 181681200.0}, {'date': Timestamp('2022-01-24 00:00:00'), 'volume': 21557200.0}, {'date': Timestamp('2021-12-13 00:00:00'), 'volume': 21342200.0}, {'date': Timestamp('2020-05-11 00:00:00'), 'volume': 21236700.0}, {'date': Timestamp('2020-05-04 00:00:00'), 'volume': 15162500.0}]",2026-08-10,6345033.0,11.710000038146973,0.0349239932365043,328
STNE,2673078205.227062,weekly,2022-03-14,120119100.0,1610,0,11,"[{'date': Timestamp('2022-03-14 00:00:00'), 'volume': 120119100.0}, {'date': Timestamp('2021-11-15 00:00:00'), 'volume': 87457900.0}, {'date': Timestamp('2020-05-25 00:00:00'), 'volume': 52316100.0}, {'date': Timestamp('2020-05-11 00:00:00'), 'volume': 24938700.0}, {'date': Timestamp('2020-04-20 00:00:00'), 'volume': 22871500.0}, {'date': Timestamp('2020-03-16 00:00:00'), 'volume': 22514100.0}, {'date': Timestamp('2020-03-09 00:00:00'), 'volume': 21630400.0}, {'date': Timestamp('2020-03-02 00:00:00'), 'volume': 19916300.0}, {'date': Timestamp('2020-02-24 00:00:00'), 'volume': 15679900.0}, {'date': Timestamp('2020-02-03 00:00:00'), 'volume': 12219100.0}, {'date': Timestamp('2020-01-06 00:00:00'), 'volume': 8797300.0}]",2026-08-10,41913275.0,9.550000190734863,0.3489309776713278,345
BZ,6243110816.588961,weekly,2022-03-14,64217800.0,1610,0,5,"[{'date': Timestamp('2022-03-14 00:00:00'), 'volume': 64217800.0}, {'date': Timestamp('2021-12-06 00:00:00'), 'volume': 44972200.0}, {'date': Timestamp('2021-11-29 00:00:00'), 'volume': 22720200.0}, {'date': Timestamp('2021-07-05 00:00:00'), 'volume': 18791700.0}, {'date': Timestamp('2021-06-07 00:00:00'), 'volume': 16812400.0}]",2026-08-10,24143377.0,15.510000228881836,0.3759608239460087,271
PECO,5872557872.60886,weekly,2022-03-14,34021600.0,1610,0,5,"[{'date': Timestamp('2022-03-14 00:00:00'), 'volume': 34021600.0}, {'date': Timestamp('2022-01-17 00:00:00'), 'volume': 16797300.0}, {'date': Timestamp('2021-07-12 00:00:00'), 'volume': 7436600.0}, {'date': Timestamp('2021-05-17 00:00:00'), 'volume': 15900.0}, {'date': Timestamp('2021-02-22 00:00:00'), 'volume': 11100.0}]",2026-08-10,2860177.0,40.5,0.0840694441178545,286
IRT,4086408666.620525,weekly,2022-03-14,79376200.0,1610,0,9,"[{'date': Timestamp('2022-03-14 00:00:00'), 'volume': 79376200.0}, {'date': Timestamp('2022-03-07 00:00:00'), 'volume': 26861900.0}, {'date': Timestamp('2021-12-20 00:00:00'), 'volume': 25111600.0}, {'date': Timestamp('2021-07-26 00:00:00'), 'volume': 16196400.0}, {'date': Timestamp('2020-03-16 00:00:00'), 'volume': 7413300.0}, {'date': Timestamp('2020-02-17 00:00:00'), 'volume': 7285200.0}, {'date': Timestamp('2020-01-27 00:00:00'), 'volume': 4025900.0}, {'date': Timestamp('2020-01-13 00:00:00'), 'volume': 1759500.0}, {'date': Timestamp('2020-01-06 00:00:00'), 'volume': 1735200.0}]",2026-08-10,11751941.0,17.030000686645508,0.1480537113139707,345
MOS,7113407858.609296,weekly,2022-03-05,89919800.0,1619,0,10,"[{'date': Timestamp('2022-03-05 00:00:00'), 'volume': 89919800.0}, {'date': Timestamp('2022-02-26 00:00:00'), 'volume': 70679900.0}, {'date': Timestamp('2021-10-30 00:00:00'), 'volume': 54281600.0}, {'date': Timestamp('2020-03-14 00:00:00'), 'volume': 47263100.0}, {'date': Timestamp('2020-03-07 00:00:00'), 'volume': 45460200.0}, {'date': Timestamp('2020-02-22 00:00:00'), 'volume': 41176300.0}, {'date': Timestamp('2020-02-15 00:00:00'), 'volume': 35124800.0}, {'date': Timestamp('2020-01-25 00:00:00'), 'volume': 26887600.0}, {'date': Timestamp('2020-01-11 00:00:00'), 'volume': 21610600.0}, {'date': Timestamp('2020-01-04 00:00:00'), 'volume': 18324000.0}]",2026-08-10,36618089.0,21.61000061035156,0.4072305432174004,346
BTU,2863518135.9590545,weekly,2022-02-28,103843300.0,1624,0,9,"[{'date': Timestamp('2022-02-28 00:00:00'), 'volume': 103843300.0}, {'date': Timestamp('2021-05-17 00:00:00'), 'volume': 90120700.0}, {'date': Timestamp('2021-05-10 00:00:00'), 'volume': 45949900.0}, {'date': Timestamp('2020-12-07 00:00:00'), 'volume': 33851800.0}, {'date': Timestamp('2020-11-09 00:00:00'), 'volume': 31269400.0}, {'date': Timestamp('2020-09-14 00:00:00'), 'volume': 21818800.0}, {'date': Timestamp('2020-02-03 00:00:00'), 'volume': 20386000.0}, {'date': Timestamp('2020-01-13 00:00:00'), 'volume': 10528000.0}, {'date': Timestamp('2020-01-06 00:00:00'), 'volume': 9538500.0}]",2026-08-10,10337129.0,25.479999542236328,0.0995454593604016,345
EPAM,4215082344.355693,weekly,2022-02-28,24336300.0,1624,0,7,"[{'date': Timestamp('2022-02-28 00:00:00'), 'volume': 24336300.0}, {'date': Timestamp('2021-12-13 00:00:00'), 'volume': 15863100.0}, {'date': Timestamp('2021-12-06 00:00:00'), 'volume': 7704700.0}, {'date': Timestamp('2020-03-09 00:00:00'), 'volume': 3469100.0}, {'date': Timestamp('2020-02-24 00:00:00'), 'volume': 2403800.0}, {'date': Timestamp('2020-02-17 00:00:00'), 'volume': 1852100.0}, {'date': Timestamp('2020-01-06 00:00:00'), 'volume': 1388700.0}]",2026-08-10,5488938.0,100.5,0.2255452965323405,345
VEON,3563853263.0,weekly,2022-02-26,23085444.0,1626,0,11,"[{'date': Timestamp('2022-02-26 00:00:00'), 'volume': 23085444.0}, {'date': Timestamp('2021-08-21 00:00:00'), 'volume': 5633860.0}, {'date': Timestamp('2021-06-26 00:00:00'), 'volume': 4993912.0}, {'date': Timestamp('2020-06-13 00:00:00'), 'volume': 2980516.0}, {'date': Timestamp('2020-03-07 00:00:00'), 'volume': 2312040.0}, {'date': Timestamp('2020-02-29 00:00:00'), 'volume': 2209336.0}, {'date': Timestamp('2020-02-15 00:00:00'), 'volume': 2181268.0}, {'date': Timestamp('2020-02-08 00:00:00'), 'volume': 1854100.0}, {'date': Timestamp('2020-01-25 00:00:00'), 'volume': 1206080.0}, {'date': Timestamp('2020-01-11 00:00:00'), 'volume': 774668.0}, {'date': Timestamp('2020-01-04 00:00:00'), 'volume': 634660.0}]",2026-08-10,420551.0,57.08000183105469,0.0182171501661393,346
BCC,2851072439.812437,weekly,2022-02-21,4704400.0,1631,0,8,"[{'date': Timestamp('2022-02-21 00:00:00'), 'volume': 4704400.0}, {'date': Timestamp('2022-01-31 00:00:00'), 'volume': 3582600.0}, {'date': Timestamp('2021-07-12 00:00:00'), 'volume': 3270500.0}, {'date': Timestamp('2021-05-10 00:00:00'), 'volume': 3217600.0}, {'date': Timestamp('2021-02-22 00:00:00'), 'volume': 3193300.0}, {'date': Timestamp('2020-03-16 00:00:00'), 'volume': 2545100.0}, {'date': Timestamp('2020-02-24 00:00:00'), 'volume': 2320400.0}, {'date': Timestamp('2020-01-06 00:00:00'), 'volume': 1563400.0}]",2026-08-10,1062489.0,83.23999786376953,0.2258500552674092,345
SBLK,2777877591.677852,weekly,2022-02-14,23062900.0,1638,0,8,"[{'date': Timestamp('2022-02-14 00:00:00'), 'volume': 23062900.0}, {'date': Timestamp('2021-11-15 00:00:00'), 'volume': 16970400.0}, {'date': Timestamp('2021-09-20 00:00:00'), 'volume': 13555200.0}, {'date': Timestamp('2021-05-03 00:00:00'), 'volume': 13212600.0}, {'date': Timestamp('2021-03-22 00:00:00'), 'volume': 9033900.0}, {'date': Timestamp('2021-03-08 00:00:00'), 'volume': 8337400.0}, {'date': Timestamp('2020-11-30 00:00:00'), 'volume': 8314400.0}, {'date': Timestamp('2020-01-06 00:00:00'), 'volume': 5031700.0}]",2026-08-10,7765361.0,29.049999237060547,0.3367035802089069,345
UE,2948867636.6894784,weekly,2022-02-14,32010100.0,1638,0,8,"[{'date': Timestamp('2022-02-14 00:00:00'), 'volume': 32010100.0}, {'date': Timestamp('2020-03-30 00:00:00'), 'volume': 13610600.0}, {'date': Timestamp('2020-03-16 00:00:00'), 'volume': 11964300.0}, {'date': Timestamp('2020-03-09 00:00:00'), 'volume': 9702700.0}, {'date': Timestamp('2020-02-24 00:00:00'), 'volume': 6507600.0}, {'date': Timestamp('2020-02-10 00:00:00'), 'volume': 4326800.0}, {'date': Timestamp('2020-02-03 00:00:00'), 'volume': 3750900.0}, {'date': Timestamp('2020-01-06 00:00:00'), 'volume': 3263200.0}]",2026-08-10,3382349.0,21.8700008392334,0.1056650557167893,345
ONB,9999332549.0,weekly,2022-02-12,96923200.0,1640,0,8,"[{'date': Timestamp('2022-02-12 00:00:00'), 'volume': 96923200.0}, {'date': Timestamp('2020-03-14 00:00:00'), 'volume': 12926600.0}, {'date': Timestamp('2020-03-07 00:00:00'), 'volume': 10588200.0}, {'date': Timestamp('2020-02-29 00:00:00'), 'volume': 9168800.0}, {'date': Timestamp('2020-02-22 00:00:00'), 'volume': 8635300.0}, {'date': Timestamp('2020-01-18 00:00:00'), 'volume': 7114100.0}, {'date': Timestamp('2020-01-11 00:00:00'), 'volume': 5417300.0}, {'date': Timestamp('2020-01-04 00:00:00'), 'volume': 3816500.0}]",2026-08-10,16754861.0,27.170000076293945,0.1728673939779124,346
PTON,2476713718.087566,weekly,2022-02-07,493975100.0,1645,0,9,"[{'date': Timestamp('2022-02-07 00:00:00'), 'volume': 493975100.0}, {'date': Timestamp('2022-01-17 00:00:00'), 'volume': 269586700.0}, {'date': Timestamp('2020-09-21 00:00:00'), 'volume': 230288500.0}, {'date': Timestamp('2020-09-14 00:00:00'), 'volume': 221003800.0}, {'date': Timestamp('2020-09-07 00:00:00'), 'volume': 206050400.0}, {'date': Timestamp('2020-05-04 00:00:00'), 'volume': 127906100.0}, {'date': Timestamp('2020-02-24 00:00:00'), 'volume': 66763100.0}, {'date': Timestamp('2020-02-03 00:00:00'), 'volume': 41798500.0}, {'date': Timestamp('2020-01-06 00:00:00'), 'volume': 27081100.0}]",2026-08-10,41867616.0,5.630000114440918,0.0847565312502593,345
EEFT,2681628654.44587,weekly,2022-01-29,11726100.0,1654,0,6,"[{'date': Timestamp('2022-01-29 00:00:00'), 'volume': 11726100.0}, {'date': Timestamp('2020-03-14 00:00:00'), 'volume': 7082300.0}, {'date': Timestamp('2020-03-07 00:00:00'), 'volume': 6495000.0}, {'date': Timestamp('2020-02-22 00:00:00'), 'volume': 5725500.0}, {'date': Timestamp('2020-02-08 00:00:00'), 'volume': 5382600.0}, {'date': Timestamp('2020-01-04 00:00:00'), 'volume': 2712000.0}]",2026-08-10,3485130.0,73.19999694824219,0.2972113490418809,346
KBH,3898600474.51581,weekly,2022-01-08,32731000.0,1675,0,4,"[{'date': Timestamp('2022-01-08 00:00:00'), 'volume': 32731000.0}, {'date': Timestamp('2020-03-21 00:00:00'), 'volume': 26800600.0}, {'date': Timestamp('2020-03-14 00:00:00'), 'volume': 21618500.0}, {'date': Timestamp('2020-01-04 00:00:00'), 'volume': 15570100.0}]",2026-08-10,4305788.0,56.060001373291016,0.1315507622742965,346
CALX,2268736426.15767,weekly,2022-01-03,15519000.0,1680,0,10,"[{'date': Timestamp('2022-01-03 00:00:00'), 'volume': 15519000.0}, {'date': Timestamp('2020-10-19 00:00:00'), 'volume': 11505200.0}, {'date': Timestamp('2020-07-20 00:00:00'), 'volume': 11294500.0}, {'date': Timestamp('2020-04-27 00:00:00'), 'volume': 5097600.0}, {'date': Timestamp('2020-04-20 00:00:00'), 'volume': 3115900.0}, {'date': Timestamp('2020-02-10 00:00:00'), 'volume': 3045300.0}, {'date': Timestamp('2020-01-27 00:00:00'), 'volume': 2093100.0}, {'date': Timestamp('2020-01-20 00:00:00'), 'volume': 895500.0}, {'date': Timestamp('2020-01-13 00:00:00'), 'volume': 855600.0}, {'date': Timestamp('2020-01-06 00:00:00'), 'volume': 788600.0}]",2026-08-10,3261385.0,39.540000915527344,0.2101543269540563,345
VOYA,8263327782.604023,weekly,2021-12-27,24050200.0,1687,0,5,"[{'date': Timestamp('2021-12-27 00:00:00'), 'volume': 24050200.0}, {'date': Timestamp('2021-11-29 00:00:00'), 'volume': 21804500.0}, {'date': Timestamp('2020-03-09 00:00:00'), 'volume': 18925200.0}, {'date': Timestamp('2020-02-24 00:00:00'), 'volume': 14522200.0}, {'date': Timestamp('2020-01-06 00:00:00'), 'volume': 10429600.0}]",2026-08-10,4011424.0,101.5199966430664,0.1667937896566348,345
HQY,7395446887.201005,weekly,2021-12-06,15163500.0,1708,0,9,"[{'date': Timestamp('2021-12-06 00:00:00'), 'volume': 15163500.0}, {'date': Timestamp('2020-07-06 00:00:00'), 'volume': 11150100.0}, {'date': Timestamp('2020-03-16 00:00:00'), 'volume': 9830500.0}, {'date': Timestamp('2020-03-09 00:00:00'), 'volume': 7221100.0}, {'date': Timestamp('2020-03-02 00:00:00'), 'volume': 5920700.0}, {'date': Timestamp('2020-02-24 00:00:00'), 'volume': 5097600.0}, {'date': Timestamp('2020-01-27 00:00:00'), 'volume': 4559500.0}, {'date': Timestamp('2020-01-13 00:00:00'), 'volume': 3554900.0}, {'date': Timestamp('2020-01-06 00:00:00'), 'volume': 3001800.0}]",2026-08-10,3016426.0,104.7300033569336,0.1989267649289412,345
TGLS,2075914219.304516,weekly,2021-12-06,16450100.0,1708,0,10,"[{'date': Timestamp('2021-12-06 00:00:00'), 'volume': 16450100.0}, {'date': Timestamp('2021-05-24 00:00:00'), 'volume': 5593500.0}, {'date': Timestamp('2021-05-17 00:00:00'), 'volume': 5314100.0}, {'date': Timestamp('2021-05-10 00:00:00'), 'volume': 5052000.0}, {'date': Timestamp('2020-10-12 00:00:00'), 'volume': 2093800.0}, {'date': Timestamp('2020-03-02 00:00:00'), 'volume': 968500.0}, {'date': Timestamp('2020-02-24 00:00:00'), 'volume': 383600.0}, {'date': Timestamp('2020-01-20 00:00:00'), 'volume': 267700.0}, {'date': Timestamp('2020-01-13 00:00:00'), 'volume': 223000.0}, {'date': Timestamp('2020-01-06 00:00:00'), 'volume': 158700.0}]",2026-08-10,1020416.0,41.84000015258789,0.0620309906930656,345
OPLN,4545087875.0630665,weekly,2021-11-29,40158400.0,1715,0,7,"[{'date': Timestamp('2021-11-29 00:00:00'), 'volume': 40158400.0}, {'date': Timestamp('2021-02-15 00:00:00'), 'volume': 28235900.0}, {'date': Timestamp('2020-06-22 00:00:00'), 'volume': 25955200.0}, {'date': Timestamp('2020-03-09 00:00:00'), 'volume': 17268300.0}, {'date': Timestamp('2020-02-24 00:00:00'), 'volume': 15866300.0}, {'date': Timestamp('2020-02-03 00:00:00'), 'volume': 14961800.0}, {'date': Timestamp('2020-01-06 00:00:00'), 'volume': 11437900.0}]",2026-08-10,13499331.0,35.5,0.3361521126339695,345
AAMI,2572412966.9628787,weekly,2021-11-29,21740400.0,1715,0,8,"[{'date': Timestamp('2021-11-29 00:00:00'), 'volume': 21740400.0}, {'date': Timestamp('2020-06-15 00:00:00'), 'volume': 20499900.0}, {'date': Timestamp('2020-03-16 00:00:00'), 'volume': 5498800.0}, {'date': Timestamp('2020-03-09 00:00:00'), 'volume': 4329300.0}, {'date': Timestamp('2020-03-02 00:00:00'), 'volume': 4325800.0}, {'date': Timestamp('2020-02-24 00:00:00'), 'volume': 3684000.0}, {'date': Timestamp('2020-02-03 00:00:00'), 'volume': 2121400.0}, {'date': Timestamp('2020-01-06 00:00:00'), 'volume': 1667700.0}]",2026-08-10,1767646.0,92.51000213623048,0.0813069676730878,345
HGTY,4037847554.527453,weekly,2021-11-29,4063100.0,1715,0,4,"[{'date': Timestamp('2021-11-29 00:00:00'), 'volume': 4063100.0}, {'date': Timestamp('2021-08-16 00:00:00'), 'volume': 2839000.0}, {'date': Timestamp('2021-07-19 00:00:00'), 'volume': 221300.0}, {'date': Timestamp('2021-05-31 00:00:00'), 'volume': 117000.0}]",2026-08-10,710110.0,12.970000267028809,0.1747704954345204,272
PSNY,2763834037.0,weekly,2021-11-15,8254603.0,1729,0,7,"[{'date': Timestamp('2021-11-15 00:00:00'), 'volume': 8254603.0}, {'date': Timestamp('2021-11-08 00:00:00'), 'volume': 2899324.0}, {'date': Timestamp('2021-09-27 00:00:00'), 'volume': 2027146.0}, {'date': Timestamp('2021-07-05 00:00:00'), 'volume': 466384.0}, {'date': Timestamp('2021-05-31 00:00:00'), 'volume': 22811.0}, {'date': Timestamp('2021-05-24 00:00:00'), 'volume': 1523.0}, {'date': Timestamp('2021-05-17 00:00:00'), 'volume': 304.0}]",2026-08-10,599407.0,14.25,0.072614879237681,274
NWE,4515918592.230964,weekly,2021-11-15,6313400.0,1729,0,7,"[{'date': Timestamp('2021-11-15 00:00:00'), 'volume': 6313400.0}, {'date': Timestamp('2020-03-16 00:00:00'), 'volume': 3302100.0}, {'date': Timestamp('2020-03-09 00:00:00'), 'volume': 2636000.0}, {'date': Timestamp('2020-02-24 00:00:00'), 'volume': 2239200.0}, {'date': Timestamp('2020-01-27 00:00:00'), 'volume': 1558800.0}, {'date': Timestamp('2020-01-20 00:00:00'), 'volume': 1029800.0}, {'date': Timestamp('2020-01-06 00:00:00'), 'volume': 1004100.0}]",2026-08-10,2027366.0,71.80999755859375,0.3211211074856654,345
INDB,4110157875.1922216,weekly,2021-11-06,6107400.0,1738,0,6,"[{'date': Timestamp('2021-11-06 00:00:00'), 'volume': 6107400.0}, {'date': Timestamp('2020-03-14 00:00:00'), 'volume': 2206400.0}, {'date': Timestamp('2020-03-07 00:00:00'), 'volume': 1246700.0}, {'date': Timestamp('2020-02-29 00:00:00'), 'volume': 1076800.0}, {'date': Timestamp('2020-01-11 00:00:00'), 'volume': 878000.0}, {'date': Timestamp('2020-01-04 00:00:00'), 'volume': 710200.0}]",2026-08-10,1258077.0,85.94000244140625,0.2059922389232734,346
TX,8906479123.0,weekly,2021-11-01,9357300.0,1743,0,11,"[{'date': Timestamp('2021-11-01 00:00:00'), 'volume': 9357300.0}, {'date': Timestamp('2021-05-03 00:00:00'), 'volume': 7983400.0}, {'date': Timestamp('2021-04-26 00:00:00'), 'volume': 5226200.0}, {'date': Timestamp('2021-04-12 00:00:00'), 'volume': 4685700.0}, {'date': Timestamp('2021-03-01 00:00:00'), 'volume': 4580000.0}, {'date': Timestamp('2020-06-08 00:00:00'), 'volume': 3113100.0}, {'date': Timestamp('2020-03-23 00:00:00'), 'volume': 2781700.0}, {'date': Timestamp('2020-03-16 00:00:00'), 'volume': 2382300.0}, {'date': Timestamp('2020-03-02 00:00:00'), 'volume': 2176700.0}, {'date': Timestamp('2020-01-27 00:00:00'), 'volume': 1683600.0}, {'date': Timestamp('2020-01-06 00:00:00'), 'volume': 1366100.0}]",2026-08-10,3316742.0,53.810001373291016,0.3544550244194372,345
Z,7115062002.347841,weekly,2021-11-01,160175300.0,1743,0,6,"[{'date': Timestamp('2021-11-01 00:00:00'), 'volume': 160175300.0}, {'date': Timestamp('2020-08-03 00:00:00'), 'volume': 42248600.0}, {'date': Timestamp('2020-05-11 00:00:00'), 'volume': 39401200.0}, {'date': Timestamp('2020-02-17 00:00:00'), 'volume': 37746600.0}, {'date': Timestamp('2020-01-13 00:00:00'), 'volume': 14559000.0}, {'date': Timestamp('2020-01-06 00:00:00'), 'volume': 10627500.0}]",2026-08-10,20718560.0,34.779998779296875,0.1293492816932448,345
ABG,3820019482.96518,weekly,2021-11-01,6354400.0,1743,0,4,"[{'date': Timestamp('2021-11-01 00:00:00'), 'volume': 6354400.0}, {'date': Timestamp('2020-03-16 00:00:00'), 'volume': 2570200.0}, {'date': Timestamp('2020-03-09 00:00:00'), 'volume': 1583900.0}, {'date': Timestamp('2020-01-06 00:00:00'), 'volume': 1509900.0}]",2026-08-10,1130280.0,210.6600036621093,0.1778735993956943,345
NTCT,2973486026.1409907,weekly,2021-10-30,21324900.0,1745,0,8,"[{'date': Timestamp('2021-10-30 00:00:00'), 'volume': 21324900.0}, {'date': Timestamp('2020-03-14 00:00:00'), 'volume': 4989000.0}, {'date': Timestamp('2020-03-07 00:00:00'), 'volume': 3514200.0}, {'date': Timestamp('2020-02-01 00:00:00'), 'volume': 3323800.0}, {'date': Timestamp('2020-01-25 00:00:00'), 'volume': 3029300.0}, {'date': Timestamp('2020-01-18 00:00:00'), 'volume': 1495400.0}, {'date': Timestamp('2020-01-11 00:00:00'), 'volume': 1440300.0}, {'date': Timestamp('2020-01-04 00:00:00'), 'volume': 1389800.0}]",2026-08-10,4232895.0,39.66999816894531,0.1984954208460532,346
OMF,6982690695.202538,weekly,2021-10-25,17155500.0,1750,0,12,"[{'date': Timestamp('2021-10-25 00:00:00'), 'volume': 17155500.0}, {'date': Timestamp('2021-04-26 00:00:00'), 'volume': 14484300.0}, {'date': Timestamp('2021-02-08 00:00:00'), 'volume': 14448500.0}, {'date': Timestamp('2020-03-16 00:00:00'), 'volume': 14238500.0}, {'date': Timestamp('2020-03-09 00:00:00'), 'volume': 9331900.0}, {'date': Timestamp('2020-03-02 00:00:00'), 'volume': 6280300.0}, {'date': Timestamp('2020-02-24 00:00:00'), 'volume': 6275200.0}, {'date': Timestamp('2020-02-10 00:00:00'), 'volume': 5781200.0}, {'date': Timestamp('2020-02-03 00:00:00'), 'volume': 4829000.0}, {'date': Timestamp('2020-01-27 00:00:00'), 'volume': 3142800.0}, {'date': Timestamp('2020-01-13 00:00:00'), 'volume': 3111400.0}, {'date': Timestamp('2020-01-06 00:00:00'), 'volume': 2810500.0}]",2026-08-10,4039947.0,65.68000030517578,0.2354899011978665,345
KRG,5935635115.942089,weekly,2021-10-18,51364000.0,1757,0,6,"[{'date': Timestamp('2021-10-18 00:00:00'), 'volume': 51364000.0}, {'date': Timestamp('2021-07-19 00:00:00'), 'volume': 8963100.0}, {'date': Timestamp('2020-03-02 00:00:00'), 'volume': 6323900.0}, {'date': Timestamp('2020-02-24 00:00:00'), 'volume': 5381000.0}, {'date': Timestamp('2020-01-13 00:00:00'), 'volume': 3794900.0}, {'date': Timestamp('2020-01-06 00:00:00'), 'volume': 3212800.0}]",2026-08-10,10941359.0,26.450000762939453,0.213016100770968,345
IDA,8470810793.748545,weekly,2021-10-09,4778700.0,1766,0,8,"[{'date': Timestamp('2021-10-09 00:00:00'), 'volume': 4778700.0}, {'date': Timestamp('2021-04-10 00:00:00'), 'volume': 3231000.0}, {'date': Timestamp('2020-03-14 00:00:00'), 'volume': 2708900.0}, {'date': Timestamp('2020-02-22 00:00:00'), 'volume': 2259600.0}, {'date': Timestamp('2020-02-08 00:00:00'), 'volume': 1365700.0}, {'date': Timestamp('2020-02-01 00:00:00'), 'volume': 1121300.0}, {'date': Timestamp('2020-01-25 00:00:00'), 'volume': 1088400.0}, {'date': Timestamp('2020-01-04 00:00:00'), 'volume': 1074600.0}]",2026-08-10,3123185.0,142.61000061035156,0.6535637307217445,346
XENE,5774799846.526241,weekly,2021-10-04,108043900.0,1771,0,2,"[{'date': Timestamp('2021-10-04 00:00:00'), 'volume': 108043900.0}, {'date': Timestamp('2020-01-06 00:00:00'), 'volume': 3626800.0}]",2026-08-10,4261101.0,62.34999847412109,0.0394386078251525,345
JXN,7444378988.389515,weekly,2021-09-20,43983100.0,1785,0,4,"[{'date': Timestamp('2021-09-20 00:00:00'), 'volume': 43983100.0}, {'date': Timestamp('2021-09-13 00:00:00'), 'volume': 18316500.0}, {'date': Timestamp('2021-09-06 00:00:00'), 'volume': 5480100.0}, {'date': Timestamp('2021-08-30 00:00:00'), 'volume': 4872200.0}]",2026-08-10,2229817.0,135.32000732421875,0.0506971313981961,259
AN,6412560897.060139,weekly,2021-09-11,10551100.0,1794,0,8,"[{'date': Timestamp('2021-09-11 00:00:00'), 'volume': 10551100.0}, {'date': Timestamp('2021-07-17 00:00:00'), 'volume': 10534800.0}, {'date': Timestamp('2020-07-18 00:00:00'), 'volume': 8090800.0}, {'date': Timestamp('2020-04-04 00:00:00'), 'volume': 7506100.0}, {'date': Timestamp('2020-03-14 00:00:00'), 'volume': 7368600.0}, {'date': Timestamp('2020-02-08 00:00:00'), 'volume': 6890900.0}, {'date': Timestamp('2020-01-18 00:00:00'), 'volume': 4168300.0}, {'date': Timestamp('2020-01-04 00:00:00'), 'volume': 2868100.0}]",2026-08-10,1386608.0,209.4100036621093,0.1314183355289969,346
NOV,6696858819.855331,weekly,2021-09-11,113475800.0,1794,0,7,"[{'date': Timestamp('2021-09-11 00:00:00'), 'volume': 113475800.0}, {'date': Timestamp('2020-11-28 00:00:00'), 'volume': 58165200.0}, {'date': Timestamp('2020-07-25 00:00:00'), 'volume': 47657300.0}, {'date': Timestamp('2020-03-07 00:00:00'), 'volume': 37820100.0}, {'date': Timestamp('2020-02-29 00:00:00'), 'volume': 29047200.0}, {'date': Timestamp('2020-02-01 00:00:00'), 'volume': 22423000.0}, {'date': Timestamp('2020-01-04 00:00:00'), 'volume': 14580800.0}]",2026-08-10,16969098.0,21.13999938964844,0.1495393555277865,346
TRMK,2730432352.307725,weekly,2021-08-21,16537300.0,1815,0,9,"[{'date': Timestamp('2021-08-21 00:00:00'), 'volume': 16537300.0}, {'date': Timestamp('2020-06-13 00:00:00'), 'volume': 4903300.0}, {'date': Timestamp('2020-03-14 00:00:00'), 'volume': 3544800.0}, {'date': Timestamp('2020-03-07 00:00:00'), 'volume': 2602300.0}, {'date': Timestamp('2020-02-29 00:00:00'), 'volume': 2467400.0}, {'date': Timestamp('2020-02-22 00:00:00'), 'volume': 2269700.0}, {'date': Timestamp('2020-01-25 00:00:00'), 'volume': 1837100.0}, {'date': Timestamp('2020-01-11 00:00:00'), 'volume': 1141700.0}, {'date': Timestamp('2020-01-04 00:00:00'), 'volume': 1046700.0}]",2026-08-10,1448098.0,48.290000915527344,0.0875655639070464,346
TVTX,5472632326.506014,weekly,2021-08-16,39399500.0,1820,0,7,"[{'date': Timestamp('2021-08-16 00:00:00'), 'volume': 39399500.0}, {'date': Timestamp('2021-05-24 00:00:00'), 'volume': 7690600.0}, {'date': Timestamp('2021-02-01 00:00:00'), 'volume': 6523200.0}, {'date': Timestamp('2020-06-22 00:00:00'), 'volume': 4649100.0}, {'date': Timestamp('2020-06-08 00:00:00'), 'volume': 4533100.0}, {'date': Timestamp('2020-03-16 00:00:00'), 'volume': 3974400.0}, {'date': Timestamp('2020-01-06 00:00:00'), 'volume': 3501800.0}]",2026-08-10,6462882.0,62.13999938964844,0.1640346197286767,345
GXO,5774288516.859273,weekly,2021-08-02,18455200.0,1834,0,3,"[{'date': Timestamp('2021-08-02 00:00:00'), 'volume': 18455200.0}, {'date': Timestamp('2021-07-26 00:00:00'), 'volume': 158900.0}, {'date': Timestamp('2021-07-19 00:00:00'), 'volume': 22000.0}]",2026-08-10,6957595.0,48.58000183105469,0.3769991655468377,265
TAL,4953290950.0,weekly,2021-07-26,602272200.0,1841,0,10,"[{'date': Timestamp('2021-07-26 00:00:00'), 'volume': 602272200.0}, {'date': Timestamp('2021-07-19 00:00:00'), 'volume': 352962400.0}, {'date': Timestamp('2021-06-14 00:00:00'), 'volume': 139901500.0}, {'date': Timestamp('2021-06-07 00:00:00'), 'volume': 129734900.0}, {'date': Timestamp('2021-05-24 00:00:00'), 'volume': 109175800.0}, {'date': Timestamp('2021-03-22 00:00:00'), 'volume': 50426900.0}, {'date': Timestamp('2020-04-06 00:00:00'), 'volume': 47817000.0}, {'date': Timestamp('2020-01-20 00:00:00'), 'volume': 31272500.0}, {'date': Timestamp('2020-01-13 00:00:00'), 'volume': 19239900.0}, {'date': Timestamp('2020-01-06 00:00:00'), 'volume': 12407600.0}]",2026-08-10,20407493.0,11.649999618530272,0.0338841689853856,345
HAPN,2318553533.487544,weekly,2021-07-26,54027400.0,1841,0,15,"[{'date': Timestamp('2021-07-26 00:00:00'), 'volume': 54027400.0}, {'date': Timestamp('2021-03-15 00:00:00'), 'volume': 28910100.0}, {'date': Timestamp('2020-12-28 00:00:00'), 'volume': 25034400.0}, {'date': Timestamp('2020-12-07 00:00:00'), 'volume': 11570700.0}, {'date': Timestamp('2020-11-02 00:00:00'), 'volume': 10906000.0}, {'date': Timestamp('2020-06-22 00:00:00'), 'volume': 10662900.0}, {'date': Timestamp('2020-06-15 00:00:00'), 'volume': 8814800.0}, {'date': Timestamp('2020-04-27 00:00:00'), 'volume': 8382500.0}, {'date': Timestamp('2020-03-16 00:00:00'), 'volume': 7708800.0}, {'date': Timestamp('2020-03-09 00:00:00'), 'volume': 5920800.0}, {'date': Timestamp('2020-02-24 00:00:00'), 'volume': 5765000.0}, {'date': Timestamp('2020-02-17 00:00:00'), 'volume': 4213600.0}, {'date': Timestamp('2020-02-03 00:00:00'), 'volume': 3339900.0}, {'date': Timestamp('2020-01-13 00:00:00'), 'volume': 2961900.0}, {'date': Timestamp('2020-01-06 00:00:00'), 'volume': 2695300.0}]",2026-08-10,4884925.0,19.56999969482422,0.0904156964799342,345
EDU,7361246175.539711,weekly,2021-07-26,139619190.0,1841,0,9,"[{'date': Timestamp('2021-07-26 00:00:00'), 'volume': 139619190.0}, {'date': Timestamp('2021-07-19 00:00:00'), 'volume': 99713870.0}, {'date': Timestamp('2021-05-24 00:00:00'), 'volume': 27708460.0}, {'date': Timestamp('2021-03-22 00:00:00'), 'volume': 15995200.0}, {'date': Timestamp('2020-03-16 00:00:00'), 'volume': 12975600.0}, {'date': Timestamp('2020-01-27 00:00:00'), 'volume': 10994900.0}, {'date': Timestamp('2020-01-20 00:00:00'), 'volume': 10170400.0}, {'date': Timestamp('2020-01-13 00:00:00'), 'volume': 6936900.0}, {'date': Timestamp('2020-01-06 00:00:00'), 'volume': 5548100.0}]",2026-08-10,3421283.0,52.540000915527344,0.0245043894037775,345
AEHR,2887723341.1317945,weekly,2021-07-17,226683100.0,1850,0,6,"[{'date': Timestamp('2021-07-17 00:00:00'), 'volume': 226683100.0}, {'date': Timestamp('2021-07-10 00:00:00'), 'volume': 82461800.0}, {'date': Timestamp('2020-11-28 00:00:00'), 'volume': 10936500.0}, {'date': Timestamp('2020-09-19 00:00:00'), 'volume': 2314300.0}, {'date': Timestamp('2020-07-11 00:00:00'), 'volume': 1906400.0}, {'date': Timestamp('2020-01-04 00:00:00'), 'volume': 1383500.0}]",2026-08-10,18382595.0,134.05999755859375,0.0810938045227015,346
STVN,4870385785.848831,weekly,2021-07-12,12538600.0,1855,0,1,"[{'date': Timestamp('2021-07-12 00:00:00'), 'volume': 12538600.0}]",2026-08-10,2547626.0,21.059999465942383,0.2031826519707144,266
CVSA,4339959224.620651,weekly,2021-07-03,12196400.0,1864,0,8,"[{'date': Timestamp('2021-07-03 00:00:00'), 'volume': 12196400.0}, {'date': Timestamp('2020-03-14 00:00:00'), 'volume': 4267400.0}, {'date': Timestamp('2020-03-07 00:00:00'), 'volume': 3750100.0}, {'date': Timestamp('2020-02-22 00:00:00'), 'volume': 3203700.0}, {'date': Timestamp('2020-02-01 00:00:00'), 'volume': 3161700.0}, {'date': Timestamp('2020-01-25 00:00:00'), 'volume': 1824100.0}, {'date': Timestamp('2020-01-18 00:00:00'), 'volume': 1783400.0}, {'date': Timestamp('2020-01-04 00:00:00'), 'volume': 1779400.0}]",2026-08-10,1686423.0,132.00999450683594,0.1382721950739562,346
BLDR,9587887433.32845,weekly,2021-06-21,39835100.0,1876,0,11,"[{'date': Timestamp('2021-06-21 00:00:00'), 'volume': 39835100.0}, {'date': Timestamp('2020-08-10 00:00:00'), 'volume': 37858600.0}, {'date': Timestamp('2020-03-16 00:00:00'), 'volume': 14360600.0}, {'date': Timestamp('2020-03-09 00:00:00'), 'volume': 12304000.0}, {'date': Timestamp('2020-02-24 00:00:00'), 'volume': 11072100.0}, {'date': Timestamp('2020-02-17 00:00:00'), 'volume': 8084000.0}, {'date': Timestamp('2020-02-10 00:00:00'), 'volume': 6967200.0}, {'date': Timestamp('2020-02-03 00:00:00'), 'volume': 5334300.0}, {'date': Timestamp('2020-01-27 00:00:00'), 'volume': 5233400.0}, {'date': Timestamp('2020-01-13 00:00:00'), 'volume': 5164500.0}, {'date': Timestamp('2020-01-06 00:00:00'), 'volume': 4968200.0}]",2026-08-10,9496279.0,72.51000213623047,0.2383897366895024,345
VAC,3478952435.814848,weekly,2021-06-21,7853400.0,1876,0,6,"[{'date': Timestamp('2021-06-21 00:00:00'), 'volume': 7853400.0}, {'date': Timestamp('2020-03-16 00:00:00'), 'volume': 6500000.0}, {'date': Timestamp('2020-02-24 00:00:00'), 'volume': 4240800.0}, {'date': Timestamp('2020-01-27 00:00:00'), 'volume': 1267200.0}, {'date': Timestamp('2020-01-13 00:00:00'), 'volume': 1090900.0}, {'date': Timestamp('2020-01-06 00:00:00'), 'volume': 940500.0}]",2026-08-10,2340311.0,120.98999786376952,0.2979997198665546,345
BEPC,5568330506.614833,weekly,2021-06-21,18948000.0,1876,0,3,"[{'date': Timestamp('2021-06-21 00:00:00'), 'volume': 18948000.0}, {'date': Timestamp('2020-07-27 00:00:00'), 'volume': 13287600.0}, {'date': Timestamp('2020-07-20 00:00:00'), 'volume': 25350.0}]",2026-08-10,11413024.0,35.5,0.6023339666455563,317
LPX,5755468989.053677,weekly,2021-06-19,23024100.0,1878,0,8,"[{'date': Timestamp('2021-06-19 00:00:00'), 'volume': 23024100.0}, {'date': Timestamp('2021-06-12 00:00:00'), 'volume': 16996900.0}, {'date': Timestamp('2021-05-08 00:00:00'), 'volume': 15856300.0}, {'date': Timestamp('2021-05-01 00:00:00'), 'volume': 14374400.0}, {'date': Timestamp('2020-03-14 00:00:00'), 'volume': 13982800.0}, {'date': Timestamp('2020-03-07 00:00:00'), 'volume': 10471000.0}, {'date': Timestamp('2020-02-08 00:00:00'), 'volume': 9863700.0}, {'date': Timestamp('2020-01-04 00:00:00'), 'volume': 5889000.0}]",2026-08-10,6047882.0,73.88999938964844,0.2626761523794632,346
KLIC,6553123271.502167,weekly,2021-06-19,14121700.0,1878,0,9,"[{'date': Timestamp('2021-06-19 00:00:00'), 'volume': 14121700.0}, {'date': Timestamp('2020-11-14 00:00:00'), 'volume': 7049000.0}, {'date': Timestamp('2020-06-27 00:00:00'), 'volume': 6901800.0}, {'date': Timestamp('2020-06-20 00:00:00'), 'volume': 4546600.0}, {'date': Timestamp('2020-03-14 00:00:00'), 'volume': 3955900.0}, {'date': Timestamp('2020-01-25 00:00:00'), 'volume': 3110300.0}, {'date': Timestamp('2020-01-18 00:00:00'), 'volume': 2206300.0}, {'date': Timestamp('2020-01-11 00:00:00'), 'volume': 1112000.0}, {'date': Timestamp('2020-01-04 00:00:00'), 'volume': 942500.0}]",2026-08-10,3958183.0,99.08999633789062,0.280290829007839,346
ASB,5200610379.516817,weekly,2021-06-19,26352800.0,1878,0,6,"[{'date': Timestamp('2021-06-19 00:00:00'), 'volume': 26352800.0}, {'date': Timestamp('2020-03-07 00:00:00'), 'volume': 14390100.0}, {'date': Timestamp('2020-02-29 00:00:00'), 'volume': 10585300.0}, {'date': Timestamp('2020-02-22 00:00:00'), 'volume': 10334000.0}, {'date': Timestamp('2020-01-18 00:00:00'), 'volume': 8038200.0}, {'date': Timestamp('2020-01-04 00:00:00'), 'volume': 5142100.0}]",2026-08-10,7141804.0,32.33000183105469,0.2710074071825384,346
CBT,4821440251.951875,weekly,2021-06-19,8578200.0,1878,0,7,"[{'date': Timestamp('2021-06-19 00:00:00'), 'volume': 8578200.0}, {'date': Timestamp('2020-03-14 00:00:00'), 'volume': 3425700.0}, {'date': Timestamp('2020-03-07 00:00:00'), 'volume': 3378900.0}, {'date': Timestamp('2020-02-22 00:00:00'), 'volume': 2744700.0}, {'date': Timestamp('2020-02-01 00:00:00'), 'volume': 2532500.0}, {'date': Timestamp('2020-01-25 00:00:00'), 'volume': 1773500.0}, {'date': Timestamp('2020-01-04 00:00:00'), 'volume': 1208600.0}]",2026-08-10,1934389.0,87.87999725341797,0.2255005712154065,346
GHC,4996045238.941521,weekly,2021-06-19,570300.0,1878,0,7,"[{'date': Timestamp('2021-06-19 00:00:00'), 'volume': 570300.0}, {'date': Timestamp('2020-05-09 00:00:00'), 'volume': 379200.0}, {'date': Timestamp('2020-02-29 00:00:00'), 'volume': 252900.0}, {'date': Timestamp('2020-02-22 00:00:00'), 'volume': 236000.0}, {'date': Timestamp('2020-01-25 00:00:00'), 'volume': 233100.0}, {'date': Timestamp('2020-01-11 00:00:00'), 'volume': 110500.0}, {'date': Timestamp('2020-01-04 00:00:00'), 'volume': 104600.0}]",2026-08-10,185201.0,1191.199951171875,0.3247431176573733,346
CDP,8211238181.916999,weekly,2021-06-19,17307100.0,1878,0,8,"[{'date': Timestamp('2021-06-19 00:00:00'), 'volume': 17307100.0}, {'date': Timestamp('2020-03-21 00:00:00'), 'volume': 9269500.0}, {'date': Timestamp('2020-03-14 00:00:00'), 'volume': 5852300.0}, {'date': Timestamp('2020-03-07 00:00:00'), 'volume': 5459200.0}, {'date': Timestamp('2020-02-29 00:00:00'), 'volume': 4324600.0}, {'date': Timestamp('2020-02-08 00:00:00'), 'volume': 3644300.0}, {'date': Timestamp('2020-02-01 00:00:00'), 'volume': 2915400.0}, {'date': Timestamp('2020-01-04 00:00:00'), 'volume': 2518700.0}]",2026-08-10,3210051.0,36.95000076293945,0.1854759607328784,346
CHDN,6198146190.627649,weekly,2021-06-19,11841000.0,1878,0,6,"[{'date': Timestamp('2021-06-19 00:00:00'), 'volume': 11841000.0}, {'date': Timestamp('2020-03-14 00:00:00'), 'volume': 9953200.0}, {'date': Timestamp('2020-03-07 00:00:00'), 'volume': 7814200.0}, {'date': Timestamp('2020-02-22 00:00:00'), 'volume': 5482000.0}, {'date': Timestamp('2020-01-11 00:00:00'), 'volume': 2092000.0}, {'date': Timestamp('2020-01-04 00:00:00'), 'volume': 1728200.0}]",2026-08-10,4109107.0,90.81999969482422,0.3470236466514652,346
CLOV,2849367371.238004,weekly,2021-06-07,1530931300.0,1890,0,12,"[{'date': Timestamp('2021-06-07 00:00:00'), 'volume': 1530931300.0}, {'date': Timestamp('2021-04-19 00:00:00'), 'volume': 327239800.0}, {'date': Timestamp('2021-04-12 00:00:00'), 'volume': 274636600.0}, {'date': Timestamp('2021-02-01 00:00:00'), 'volume': 165778300.0}, {'date': Timestamp('2021-01-04 00:00:00'), 'volume': 96987900.0}, {'date': Timestamp('2020-12-07 00:00:00'), 'volume': 68461100.0}, {'date': Timestamp('2020-10-05 00:00:00'), 'volume': 50859400.0}, {'date': Timestamp('2020-09-14 00:00:00'), 'volume': 11642400.0}, {'date': Timestamp('2020-07-20 00:00:00'), 'volume': 6679200.0}, {'date': Timestamp('2020-06-22 00:00:00'), 'volume': 3639600.0}, {'date': Timestamp('2020-06-15 00:00:00'), 'volume': 2440400.0}, {'date': Timestamp('2020-06-08 00:00:00'), 'volume': 1441900.0}]",2026-08-10,25118810.0,4.599999904632568,0.0164075357267827,323
GEO,4056651156.355949,weekly,2021-06-05,231245500.0,1892,0,11,"[{'date': Timestamp('2021-06-05 00:00:00'), 'volume': 231245500.0}, {'date': Timestamp('2021-01-23 00:00:00'), 'volume': 63905500.0}, {'date': Timestamp('2020-11-07 00:00:00'), 'volume': 42670700.0}, {'date': Timestamp('2020-10-31 00:00:00'), 'volume': 29536500.0}, {'date': Timestamp('2020-10-17 00:00:00'), 'volume': 21261300.0}, {'date': Timestamp('2020-08-01 00:00:00'), 'volume': 19278200.0}, {'date': Timestamp('2020-06-13 00:00:00'), 'volume': 13000200.0}, {'date': Timestamp('2020-03-07 00:00:00'), 'volume': 12768700.0}, {'date': Timestamp('2020-02-22 00:00:00'), 'volume': 9335300.0}, {'date': Timestamp('2020-02-08 00:00:00'), 'volume': 6915200.0}, {'date': Timestamp('2020-01-04 00:00:00'), 'volume': 6017000.0}]",2026-08-10,11632401.0,31.21999931335449,0.0503032534687161,346
PVLA,2125752862.665933,weekly,2021-05-20,6005532.0,1908,0,5,"[{'date': Timestamp('2021-05-20 00:00:00'), 'volume': 6005532.0}, {'date': Timestamp('2020-08-06 00:00:00'), 'volume': 92558.0}, {'date': Timestamp('2020-01-23 00:00:00'), 'volume': 64023.0}, {'date': Timestamp('2020-01-09 00:00:00'), 'volume': 22793.0}, {'date': Timestamp('2020-01-02 00:00:00'), 'volume': 21414.0}]",2026-08-10,765501.0,156.1300048828125,0.127465976369787,347
FLR,7491892822.771355,weekly,2021-05-10,45900100.0,1918,0,5,"[{'date': Timestamp('2021-05-10 00:00:00'), 'volume': 45900100.0}, {'date': Timestamp('2020-02-24 00:00:00'), 'volume': 34506300.0}, {'date': Timestamp('2020-02-17 00:00:00'), 'volume': 32511100.0}, {'date': Timestamp('2020-01-13 00:00:00'), 'volume': 10360800.0}, {'date': Timestamp('2020-01-06 00:00:00'), 'volume': 8773500.0}]",2026-08-10,15290122.0,52.369998931884766,0.3331174006156849,345
TBBK,2592576420.484736,weekly,2021-05-03,24465500.0,1925,0,6,"[{'date': Timestamp('2021-05-03 00:00:00'), 'volume': 24465500.0}, {'date': Timestamp('2020-03-16 00:00:00'), 'volume': 4512600.0}, {'date': Timestamp('2020-02-24 00:00:00'), 'volume': 2664600.0}, {'date': Timestamp('2020-02-03 00:00:00'), 'volume': 1900900.0}, {'date': Timestamp('2020-01-27 00:00:00'), 'volume': 1124200.0}, {'date': Timestamp('2020-01-06 00:00:00'), 'volume': 1100800.0}]",2026-08-10,1561835.0,69.68000030517578,0.0638382620424679,345
ADMA,2028011364.822248,weekly,2021-04-26,269267300.0,1932,0,9,"[{'date': Timestamp('2021-04-26 00:00:00'), 'volume': 269267300.0}, {'date': Timestamp('2020-08-24 00:00:00'), 'volume': 119125700.0}, {'date': Timestamp('2020-07-27 00:00:00'), 'volume': 80053700.0}, {'date': Timestamp('2020-03-23 00:00:00'), 'volume': 28812400.0}, {'date': Timestamp('2020-03-16 00:00:00'), 'volume': 18765300.0}, {'date': Timestamp('2020-03-02 00:00:00'), 'volume': 16235900.0}, {'date': Timestamp('2020-02-10 00:00:00'), 'volume': 13700300.0}, {'date': Timestamp('2020-02-03 00:00:00'), 'volume': 10699900.0}, {'date': Timestamp('2020-01-06 00:00:00'), 'volume': 6759100.0}]",2026-08-10,11971272.0,9.470000267028809,0.0444586921620263,345
G,4836020900.737622,weekly,2021-04-26,49519900.0,1932,0,10,"[{'date': Timestamp('2021-04-26 00:00:00'), 'volume': 49519900.0}, {'date': Timestamp('2020-03-23 00:00:00'), 'volume': 18218200.0}, {'date': Timestamp('2020-03-16 00:00:00'), 'volume': 13057000.0}, {'date': Timestamp('2020-03-09 00:00:00'), 'volume': 11093700.0}, {'date': Timestamp('2020-02-24 00:00:00'), 'volume': 8911100.0}, {'date': Timestamp('2020-02-10 00:00:00'), 'volume': 7522900.0}, {'date': Timestamp('2020-02-03 00:00:00'), 'volume': 6292800.0}, {'date': Timestamp('2020-01-27 00:00:00'), 'volume': 4738500.0}, {'date': Timestamp('2020-01-13 00:00:00'), 'volume': 4150200.0}, {'date': Timestamp('2020-01-06 00:00:00'), 'volume': 3656200.0}]",2026-08-10,12271120.0,33.86000061035156,0.2478017928146058,345
SGHC,6996217231.144354,weekly,2021-04-26,34011000.0,1932,0,7,"[{'date': Timestamp('2021-04-26 00:00:00'), 'volume': 34011000.0}, {'date': Timestamp('2021-03-01 00:00:00'), 'volume': 4378500.0}, {'date': Timestamp('2021-02-22 00:00:00'), 'volume': 2632300.0}, {'date': Timestamp('2021-01-11 00:00:00'), 'volume': 2049800.0}, {'date': Timestamp('2020-12-07 00:00:00'), 'volume': 1768400.0}, {'date': Timestamp('2020-11-30 00:00:00'), 'volume': 651900.0}, {'date': Timestamp('2020-11-23 00:00:00'), 'volume': 544200.0}]",2026-08-10,8248168.0,13.300000190734863,0.2425147158272323,299
GNW,3623267327.876597,weekly,2021-04-26,175279800.0,1932,0,7,"[{'date': Timestamp('2021-04-26 00:00:00'), 'volume': 175279800.0}, {'date': Timestamp('2021-01-04 00:00:00'), 'volume': 85463200.0}, {'date': Timestamp('2020-08-31 00:00:00'), 'volume': 79199400.0}, {'date': Timestamp('2020-03-16 00:00:00'), 'volume': 56306600.0}, {'date': Timestamp('2020-03-02 00:00:00'), 'volume': 49980700.0}, {'date': Timestamp('2020-02-03 00:00:00'), 'volume': 29712700.0}, {'date': Timestamp('2020-01-06 00:00:00'), 'volume': 16992700.0}]",2026-08-10,14487242.0,10.15999984741211,0.0826520911137507,345
HAE,3512520218.7871685,weekly,2021-04-17,18756800.0,1941,0,6,"[{'date': Timestamp('2021-04-17 00:00:00'), 'volume': 18756800.0}, {'date': Timestamp('2020-06-20 00:00:00'), 'volume': 9610300.0}, {'date': Timestamp('2020-06-06 00:00:00'), 'volume': 5150500.0}, {'date': Timestamp('2020-02-01 00:00:00'), 'volume': 4625900.0}, {'date': Timestamp('2020-01-18 00:00:00'), 'volume': 2522600.0}, {'date': Timestamp('2020-01-04 00:00:00'), 'volume': 1739500.0}]",2026-08-10,3922034.0,90.8000030517578,0.2090993133157041,346
IRTC,3907011577.52677,weekly,2021-04-12,12687700.0,1946,0,7,"[{'date': Timestamp('2021-04-12 00:00:00'), 'volume': 12687700.0}, {'date': Timestamp('2021-01-25 00:00:00'), 'volume': 9561000.0}, {'date': Timestamp('2020-08-03 00:00:00'), 'volume': 6058100.0}, {'date': Timestamp('2020-03-16 00:00:00'), 'volume': 3278500.0}, {'date': Timestamp('2020-03-02 00:00:00'), 'volume': 2865200.0}, {'date': Timestamp('2020-01-13 00:00:00'), 'volume': 2716100.0}, {'date': Timestamp('2020-01-06 00:00:00'), 'volume': 1776800.0}]",2026-08-10,3557374.0,126.44000244140624,0.280379737856349,345
NVST,4387144637.381381,weekly,2021-04-05,61733500.0,1953,0,4,"[{'date': Timestamp('2021-04-05 00:00:00'), 'volume': 61733500.0}, {'date': Timestamp('2020-05-18 00:00:00'), 'volume': 31198400.0}, {'date': Timestamp('2020-03-16 00:00:00'), 'volume': 27317400.0}, {'date': Timestamp('2020-01-06 00:00:00'), 'volume': 23878000.0}]",2026-08-10,12853332.0,28.06999969482422,0.2082067597009727,345
TH,2018597572.9791973,weekly,2021-04-05,44742300.0,1953,0,4,"[{'date': Timestamp('2021-04-05 00:00:00'), 'volume': 44742300.0}, {'date': Timestamp('2020-11-02 00:00:00'), 'volume': 4874300.0}, {'date': Timestamp('2020-03-09 00:00:00'), 'volume': 2734100.0}, {'date': Timestamp('2020-01-06 00:00:00'), 'volume': 1198800.0}]",2026-08-10,5372102.0,17.440000534057617,0.1200676317489266,345
IDCC,7129610247.419108,weekly,2021-04-03,9679600.0,1955,0,7,"[{'date': Timestamp('2021-04-03 00:00:00'), 'volume': 9679600.0}, {'date': Timestamp('2020-04-25 00:00:00'), 'volume': 2306200.0}, {'date': Timestamp('2020-03-14 00:00:00'), 'volume': 1979100.0}, {'date': Timestamp('2020-03-07 00:00:00'), 'volume': 1956900.0}, {'date': Timestamp('2020-02-22 00:00:00'), 'volume': 1956700.0}, {'date': Timestamp('2020-01-11 00:00:00'), 'volume': 1529300.0}, {'date': Timestamp('2020-01-04 00:00:00'), 'volume': 1261400.0}]",2026-08-10,1200367.0,343.6499938964844,0.1240099797512293,346
TCBI,4515574683.342022,weekly,2021-03-29,18351400.0,1960,0,7,"[{'date': Timestamp('2021-03-29 00:00:00'), 'volume': 18351400.0}, {'date': Timestamp('2020-06-22 00:00:00'), 'volume': 10600400.0}, {'date': Timestamp('2020-05-25 00:00:00'), 'volume': 10014300.0}, {'date': Timestamp('2020-04-20 00:00:00'), 'volume': 7041700.0}, {'date': Timestamp('2020-03-09 00:00:00'), 'volume': 6327500.0}, {'date': Timestamp('2020-01-13 00:00:00'), 'volume': 3955600.0}, {'date': Timestamp('2020-01-06 00:00:00'), 'volume': 2829700.0}]",2026-08-10,1739299.0,101.0199966430664,0.0947774556709569,345
VIPS,6208059944.0,weekly,2021-03-22,242274300.0,1967,0,4,"[{'date': Timestamp('2021-03-22 00:00:00'), 'volume': 242274300.0}, {'date': Timestamp('2020-08-17 00:00:00'), 'volume': 90536700.0}, {'date': Timestamp('2020-03-02 00:00:00'), 'volume': 77764600.0}, {'date': Timestamp('2020-01-06 00:00:00'), 'volume': 29917900.0}]",2026-08-10,7970534.0,14.18000030517578,0.0328988010696966,345
VCEL,2360884165.1377625,weekly,2021-03-13,17484500.0,1976,0,4,"[{'date': Timestamp('2021-03-13 00:00:00'), 'volume': 17484500.0}, {'date': Timestamp('2020-03-14 00:00:00'), 'volume': 6678800.0}, {'date': Timestamp('2020-02-22 00:00:00'), 'volume': 6578700.0}, {'date': Timestamp('2020-01-04 00:00:00'), 'volume': 5198100.0}]",2026-08-10,2196628.0,44.20000076293945,0.125632874831994,346
SKT,4651323175.366424,weekly,2021-02-27,97736200.0,1990,0,5,"[{'date': Timestamp('2021-02-27 00:00:00'), 'volume': 97736200.0}, {'date': Timestamp('2021-01-23 00:00:00'), 'volume': 83948300.0}, {'date': Timestamp('2020-01-25 00:00:00'), 'volume': 69332700.0}, {'date': Timestamp('2020-01-18 00:00:00'), 'volume': 34260800.0}, {'date': Timestamp('2020-01-04 00:00:00'), 'volume': 28709200.0}]",2026-08-10,5307909.0,38.45000076293945,0.0543085264211213,346
WTM,5192487185.650304,weekly,2021-02-27,498900.0,1990,0,7,"[{'date': Timestamp('2021-02-27 00:00:00'), 'volume': 498900.0}, {'date': Timestamp('2020-03-14 00:00:00'), 'volume': 219600.0}, {'date': Timestamp('2020-03-07 00:00:00'), 'volume': 123400.0}, {'date': Timestamp('2020-02-29 00:00:00'), 'volume': 70200.0}, {'date': Timestamp('2020-02-22 00:00:00'), 'volume': 68800.0}, {'date': Timestamp('2020-01-11 00:00:00'), 'volume': 57800.0}, {'date': Timestamp('2020-01-04 00:00:00'), 'volume': 35900.0}]",2026-08-10,130957.0,2137.1201171875,0.2624914812587693,346
DBX,5994905433.904306,weekly,2021-02-22,71351800.0,1995,0,4,"[{'date': Timestamp('2021-02-22 00:00:00'), 'volume': 71351800.0}, {'date': Timestamp('2020-02-17 00:00:00'), 'volume': 71297000.0}, {'date': Timestamp('2020-02-03 00:00:00'), 'volume': 33638800.0}, {'date': Timestamp('2020-01-06 00:00:00'), 'volume': 19542600.0}]",2026-08-10,24005437.0,34.41999816894531,0.3364377212628133,345
WSFS,4026127719.4246817,weekly,2021-02-20,16056100.0,1997,0,7,"[{'date': Timestamp('2021-02-20 00:00:00'), 'volume': 16056100.0}, {'date': Timestamp('2020-12-12 00:00:00'), 'volume': 2823400.0}, {'date': Timestamp('2020-03-14 00:00:00'), 'volume': 2689400.0}, {'date': Timestamp('2020-03-07 00:00:00'), 'volume': 1866400.0}, {'date': Timestamp('2020-02-29 00:00:00'), 'volume': 1396100.0}, {'date': Timestamp('2020-01-18 00:00:00'), 'volume': 1280100.0}, {'date': Timestamp('2020-01-04 00:00:00'), 'volume': 1041100.0}]",2026-08-10,1589216.0,81.66000366210938,0.0989789550388948,346
OSK,9452458472.603483,weekly,2021-02-20,15454800.0,1997,0,3,"[{'date': Timestamp('2021-02-20 00:00:00'), 'volume': 15454800.0}, {'date': Timestamp('2020-01-25 00:00:00'), 'volume': 5522800.0}, {'date': Timestamp('2020-01-04 00:00:00'), 'volume': 2933300.0}]",2026-08-10,3070051.0,152.88999938964844,0.1986470869891554,346
TDC,3091184957.844081,weekly,2021-02-08,47486400.0,2009,0,7,"[{'date': Timestamp('2021-02-08 00:00:00'), 'volume': 47486400.0}, {'date': Timestamp('2021-02-01 00:00:00'), 'volume': 21529800.0}, {'date': Timestamp('2021-01-25 00:00:00'), 'volume': 19020700.0}, {'date': Timestamp('2020-06-08 00:00:00'), 'volume': 17854200.0}, {'date': Timestamp('2020-02-03 00:00:00'), 'volume': 13477100.0}, {'date': Timestamp('2020-01-27 00:00:00'), 'volume': 5442300.0}, {'date': Timestamp('2020-01-06 00:00:00'), 'volume': 4976400.0}]",2026-08-10,14954049.0,27.68000030517578,0.3149122485595876,345
HNI,2851638841.9391303,weekly,2021-02-06,10366100.0,2011,0,10,"[{'date': Timestamp('2021-02-06 00:00:00'), 'volume': 10366100.0}, {'date': Timestamp('2020-06-20 00:00:00'), 'volume': 2783700.0}, {'date': Timestamp('2020-06-13 00:00:00'), 'volume': 2342600.0}, {'date': Timestamp('2020-06-06 00:00:00'), 'volume': 1925000.0}, {'date': Timestamp('2020-03-14 00:00:00'), 'volume': 1873200.0}, {'date': Timestamp('2020-03-07 00:00:00'), 'volume': 1544500.0}, {'date': Timestamp('2020-02-22 00:00:00'), 'volume': 1262600.0}, {'date': Timestamp('2020-02-15 00:00:00'), 'volume': 791700.0}, {'date': Timestamp('2020-01-11 00:00:00'), 'volume': 782200.0}, {'date': Timestamp('2020-01-04 00:00:00'), 'volume': 703900.0}]",2026-08-10,2006854.0,48.86000061035156,0.1935977850879308,346
GME,9763521785.907663,weekly,2021-01-25,2236962400.0,2023,0,10,"[{'date': Timestamp('2021-01-25 00:00:00'), 'volume': 2236962400.0}, {'date': Timestamp('2021-01-18 00:00:00'), 'volume': 1446274000.0}, {'date': Timestamp('2021-01-11 00:00:00'), 'volume': 1228216800.0}, {'date': Timestamp('2020-10-05 00:00:00'), 'volume': 657021600.0}, {'date': Timestamp('2020-08-31 00:00:00'), 'volume': 384608800.0}, {'date': Timestamp('2020-06-08 00:00:00'), 'volume': 157710800.0}, {'date': Timestamp('2020-04-13 00:00:00'), 'volume': 147504400.0}, {'date': Timestamp('2020-03-23 00:00:00'), 'volume': 118472000.0}, {'date': Timestamp('2020-01-13 00:00:00'), 'volume': 117899200.0}, {'date': Timestamp('2020-01-06 00:00:00'), 'volume': 78706400.0}]",2026-08-10,32550811.0,18.65999984741211,0.0145513447163886,345
TRVG,2470467321.0,weekly,2021-01-25,13417240.0,2023,0,7,"[{'date': Timestamp('2021-01-25 00:00:00'), 'volume': 13417240.0}, {'date': Timestamp('2020-11-23 00:00:00'), 'volume': 3146360.0}, {'date': Timestamp('2020-11-09 00:00:00'), 'volume': 1981380.0}, {'date': Timestamp('2020-11-02 00:00:00'), 'volume': 1102200.0}, {'date': Timestamp('2020-03-09 00:00:00'), 'volume': 927440.0}, {'date': Timestamp('2020-02-10 00:00:00'), 'volume': 535020.0}, {'date': Timestamp('2020-01-06 00:00:00'), 'volume': 253420.0}]",2026-08-10,615740.0,5.099999904632568,0.0458917035098127,345
PBF,5100278469.637739,weekly,2021-01-25,62883500.0,2023,0,10,"[{'date': Timestamp('2021-01-25 00:00:00'), 'volume': 62883500.0}, {'date': Timestamp('2020-09-14 00:00:00'), 'volume': 44309300.0}, {'date': Timestamp('2020-03-23 00:00:00'), 'volume': 42119500.0}, {'date': Timestamp('2020-03-16 00:00:00'), 'volume': 28460000.0}, {'date': Timestamp('2020-03-09 00:00:00'), 'volume': 27796000.0}, {'date': Timestamp('2020-03-02 00:00:00'), 'volume': 18404900.0}, {'date': Timestamp('2020-02-24 00:00:00'), 'volume': 14270400.0}, {'date': Timestamp('2020-01-27 00:00:00'), 'volume': 11437000.0}, {'date': Timestamp('2020-01-20 00:00:00'), 'volume': 8529400.0}, {'date': Timestamp('2020-01-06 00:00:00'), 'volume': 7530000.0}]",2026-08-10,17508869.0,71.8499984741211,0.2784334364340407,345
PBH,2340658721.138406,weekly,2021-01-25,15327800.0,2023,0,5,"[{'date': Timestamp('2021-01-25 00:00:00'), 'volume': 15327800.0}, {'date': Timestamp('2020-03-16 00:00:00'), 'volume': 8067200.0}, {'date': Timestamp('2020-02-03 00:00:00'), 'volume': 4417700.0}, {'date': Timestamp('2020-01-13 00:00:00'), 'volume': 2253000.0}, {'date': Timestamp('2020-01-06 00:00:00'), 'volume': 1682600.0}]",2026-08-10,3333231.0,51.380001068115234,0.2174631062513863,345
AUPH,2215806665.6148148,weekly,2021-01-25,70397600.0,2023,0,4,"[{'date': Timestamp('2021-01-25 00:00:00'), 'volume': 70397600.0}, {'date': Timestamp('2020-07-20 00:00:00'), 'volume': 28964000.0}, {'date': Timestamp('2020-03-09 00:00:00'), 'volume': 12914600.0}, {'date': Timestamp('2020-01-06 00:00:00'), 'volume': 10335500.0}]",2026-08-10,5138282.0,15.470000267028809,0.0729894485039262,345
FIZZ,3064578645.8121047,weekly,2021-01-23,26615000.0,2025,0,3,"[{'date': Timestamp('2021-01-23 00:00:00'), 'volume': 26615000.0}, {'date': Timestamp('2020-02-29 00:00:00'), 'volume': 5519200.0}, {'date': Timestamp('2020-01-04 00:00:00'), 'volume': 3855600.0}]",2026-08-10,1601837.0,31.309999465942383,0.0601854969002442,346
TR,2946964034.370049,weekly,2021-01-23,16062554.0,2025,0,9,"[{'date': Timestamp('2021-01-23 00:00:00'), 'volume': 16062554.0}, {'date': Timestamp('2020-03-14 00:00:00'), 'volume': 2601527.0}, {'date': Timestamp('2020-03-07 00:00:00'), 'volume': 1646750.0}, {'date': Timestamp('2020-02-29 00:00:00'), 'volume': 785873.0}, {'date': Timestamp('2020-02-22 00:00:00'), 'volume': 732544.0}, {'date': Timestamp('2020-02-15 00:00:00'), 'volume': 652323.0}, {'date': Timestamp('2020-02-01 00:00:00'), 'volume': 650121.0}, {'date': Timestamp('2020-01-25 00:00:00'), 'volume': 642122.0}, {'date': Timestamp('2020-01-04 00:00:00'), 'volume': 607692.0}]",2026-08-10,841727.0,40.91999816894531,0.0524030611819266,346
MAC,7321802189.785713,weekly,2021-01-23,133415800.0,2025,0,9,"[{'date': Timestamp('2021-01-23 00:00:00'), 'volume': 133415800.0}, {'date': Timestamp('2020-06-06 00:00:00'), 'volume': 61499400.0}, {'date': Timestamp('2020-05-30 00:00:00'), 'volume': 61468800.0}, {'date': Timestamp('2020-04-04 00:00:00'), 'volume': 55255500.0}, {'date': Timestamp('2020-03-14 00:00:00'), 'volume': 42958300.0}, {'date': Timestamp('2020-02-08 00:00:00'), 'volume': 35151600.0}, {'date': Timestamp('2020-02-01 00:00:00'), 'volume': 20894400.0}, {'date': Timestamp('2020-01-25 00:00:00'), 'volume': 10640600.0}, {'date': Timestamp('2020-01-04 00:00:00'), 'volume': 10598200.0}]",2026-08-10,21187374.0,24.709999084472656,0.1588070828192762,346
LGND,6084266106.923526,weekly,2021-01-23,21781405.0,2025,0,7,"[{'date': Timestamp('2021-01-23 00:00:00'), 'volume': 21781405.0}, {'date': Timestamp('2020-03-14 00:00:00'), 'volume': 7763009.0}, {'date': Timestamp('2020-03-07 00:00:00'), 'volume': 7093115.0}, {'date': Timestamp('2020-02-22 00:00:00'), 'volume': 6655176.0}, {'date': Timestamp('2020-02-01 00:00:00'), 'volume': 3248800.0}, {'date': Timestamp('2020-01-11 00:00:00'), 'volume': 3175222.0}, {'date': Timestamp('2020-01-04 00:00:00'), 'volume': 2314892.0}]",2026-08-10,1587655.0,294.5950012207031,0.0728903851702863,346
PBI,2454198557.321143,weekly,2021-01-23,97776000.0,2025,0,10,"[{'date': Timestamp('2021-01-23 00:00:00'), 'volume': 97776000.0}, {'date': Timestamp('2020-08-01 00:00:00'), 'volume': 82787500.0}, {'date': Timestamp('2020-04-25 00:00:00'), 'volume': 23563100.0}, {'date': Timestamp('2020-03-14 00:00:00'), 'volume': 22580200.0}, {'date': Timestamp('2020-02-22 00:00:00'), 'volume': 18301700.0}, {'date': Timestamp('2020-02-01 00:00:00'), 'volume': 17288800.0}, {'date': Timestamp('2020-01-25 00:00:00'), 'volume': 12888500.0}, {'date': Timestamp('2020-01-18 00:00:00'), 'volume': 12480800.0}, {'date': Timestamp('2020-01-11 00:00:00'), 'volume': 10767600.0}, {'date': Timestamp('2020-01-04 00:00:00'), 'volume': 10260000.0}]",2026-08-10,8456114.0,16.420000076293945,0.0864845565373916,346
NWN,2138944332.4213865,weekly,2021-01-23,5614700.0,2025,0,3,"[{'date': Timestamp('2021-01-23 00:00:00'), 'volume': 5614700.0}, {'date': Timestamp('2020-01-25 00:00:00'), 'volume': 3521700.0}, {'date': Timestamp('2020-01-04 00:00:00'), 'volume': 1336400.0}]",2026-08-10,1046634.0,50.86000061035156,0.1864096033626017,346
HTH,2337696064.3593,weekly,2021-01-18,22757400.0,2030,0,7,"[{'date': Timestamp('2021-01-18 00:00:00'), 'volume': 22757400.0}, {'date': Timestamp('2020-03-16 00:00:00'), 'volume': 5647500.0}, {'date': Timestamp('2020-03-02 00:00:00'), 'volume': 4663700.0}, {'date': Timestamp('2020-01-27 00:00:00'), 'volume': 3075000.0}, {'date': Timestamp('2020-01-20 00:00:00'), 'volume': 1685100.0}, {'date': Timestamp('2020-01-13 00:00:00'), 'volume': 1631400.0}, {'date': Timestamp('2020-01-06 00:00:00'), 'volume': 1463600.0}]",2026-08-10,1035410.0,39.59999847412109,0.0454977282114828,345
LMND,4521671571.041258,weekly,2021-01-11,44899800.0,2037,0,3,"[{'date': Timestamp('2021-01-11 00:00:00'), 'volume': 44899800.0}, {'date': Timestamp('2020-07-06 00:00:00'), 'volume': 29480200.0}, {'date': Timestamp('2020-06-29 00:00:00'), 'volume': 18371900.0}]",2026-08-10,5179775.0,52.63999938964844,0.1153629860266638,320
VNT,4169088205.719789,weekly,2021-01-11,41547800.0,2037,0,4,"[{'date': Timestamp('2021-01-11 00:00:00'), 'volume': 41547800.0}, {'date': Timestamp('2020-10-12 00:00:00'), 'volume': 37691400.0}, {'date': Timestamp('2020-10-05 00:00:00'), 'volume': 21418800.0}, {'date': Timestamp('2020-09-21 00:00:00'), 'volume': 743500.0}]",2026-08-10,6328928.0,32.84000015258789,0.152328835702492,308
DAC,2239402590.334298,weekly,2021-01-11,5130500.0,2037,0,7,"[{'date': Timestamp('2021-01-11 00:00:00'), 'volume': 5130500.0}, {'date': Timestamp('2020-11-23 00:00:00'), 'volume': 4158900.0}, {'date': Timestamp('2020-08-03 00:00:00'), 'volume': 2441900.0}, {'date': Timestamp('2020-02-24 00:00:00'), 'volume': 1291600.0}, {'date': Timestamp('2020-02-10 00:00:00'), 'volume': 1228800.0}, {'date': Timestamp('2020-01-13 00:00:00'), 'volume': 672400.0}, {'date': Timestamp('2020-01-06 00:00:00'), 'volume': 635100.0}]",2026-08-10,710901.0,141.9199981689453,0.138563687749732,345
MGNI,2682416834.289261,weekly,2021-01-04,51203500.0,2044,0,8,"[{'date': Timestamp('2021-01-04 00:00:00'), 'volume': 51203500.0}, {'date': Timestamp('2020-12-21 00:00:00'), 'volume': 49474100.0}, {'date': Timestamp('2020-11-16 00:00:00'), 'volume': 25446600.0}, {'date': Timestamp('2020-11-09 00:00:00'), 'volume': 22439800.0}, {'date': Timestamp('2020-06-01 00:00:00'), 'volume': 19338000.0}, {'date': Timestamp('2020-05-11 00:00:00'), 'volume': 18613900.0}, {'date': Timestamp('2020-03-30 00:00:00'), 'volume': 13770000.0}, {'date': Timestamp('2020-01-06 00:00:00'), 'volume': 12128400.0}]",2026-08-10,17246450.0,24.729999542236328,0.3368217016414893,345
KNSL,7574521308.562949,weekly,2020-12-28,4979800.0,2051,0,5,"[{'date': Timestamp('2020-12-28 00:00:00'), 'volume': 4979800.0}, {'date': Timestamp('2020-12-21 00:00:00'), 'volume': 1684500.0}, {'date': Timestamp('2020-03-16 00:00:00'), 'volume': 1609700.0}, {'date': Timestamp('2020-01-27 00:00:00'), 'volume': 1213500.0}, {'date': Timestamp('2020-01-06 00:00:00'), 'volume': 1083100.0}]",2026-08-10,965673.0,379.1900024414063,0.1939180288364994,345
GCMG,2493284591.5004086,weekly,2020-12-14,15784300.0,2065,0,9,"[{'date': Timestamp('2020-12-14 00:00:00'), 'volume': 15784300.0}, {'date': Timestamp('2020-12-07 00:00:00'), 'volume': 9275600.0}, {'date': Timestamp('2020-10-19 00:00:00'), 'volume': 4079900.0}, {'date': Timestamp('2020-08-24 00:00:00'), 'volume': 4035700.0}, {'date': Timestamp('2020-08-03 00:00:00'), 'volume': 3839700.0}, {'date': Timestamp('2020-06-01 00:00:00'), 'volume': 2588400.0}, {'date': Timestamp('2020-03-09 00:00:00'), 'volume': 2519100.0}, {'date': Timestamp('2020-01-13 00:00:00'), 'volume': 1267600.0}, {'date': Timestamp('2020-01-06 00:00:00'), 'volume': 374400.0}]",2026-08-10,2550129.0,13.859999656677246,0.1615611081897835,345
FRHC,7895710452.247326,weekly,2020-12-14,7651000.0,2065,0,15,"[{'date': Timestamp('2020-12-14 00:00:00'), 'volume': 7651000.0}, {'date': Timestamp('2020-11-30 00:00:00'), 'volume': 4075900.0}, {'date': Timestamp('2020-11-16 00:00:00'), 'volume': 3496400.0}, {'date': Timestamp('2020-11-09 00:00:00'), 'volume': 2385000.0}, {'date': Timestamp('2020-09-21 00:00:00'), 'volume': 2279300.0}, {'date': Timestamp('2020-08-31 00:00:00'), 'volume': 1720100.0}, {'date': Timestamp('2020-08-24 00:00:00'), 'volume': 1375500.0}, {'date': Timestamp('2020-06-08 00:00:00'), 'volume': 1221600.0}, {'date': Timestamp('2020-05-25 00:00:00'), 'volume': 1104500.0}, {'date': Timestamp('2020-03-16 00:00:00'), 'volume': 910000.0}, {'date': Timestamp('2020-03-09 00:00:00'), 'volume': 828000.0}, {'date': Timestamp('2020-02-24 00:00:00'), 'volume': 667000.0}, {'date': Timestamp('2020-01-20 00:00:00'), 'volume': 455300.0}, {'date': Timestamp('2020-01-13 00:00:00'), 'volume': 345200.0}, {'date': Timestamp('2020-01-06 00:00:00'), 'volume': 151500.0}]",2026-08-10,329693.0,146.4499969482422,0.0430914913083257,345
JOE,3789043260.008997,weekly,2020-12-12,4415900.0,2067,0,9,"[{'date': Timestamp('2020-12-12 00:00:00'), 'volume': 4415900.0}, {'date': Timestamp('2020-03-14 00:00:00'), 'volume': 2738000.0}, {'date': Timestamp('2020-03-07 00:00:00'), 'volume': 2449300.0}, {'date': Timestamp('2020-02-15 00:00:00'), 'volume': 1915400.0}, {'date': Timestamp('2020-02-01 00:00:00'), 'volume': 1377200.0}, {'date': Timestamp('2020-01-25 00:00:00'), 'volume': 1081200.0}, {'date': Timestamp('2020-01-18 00:00:00'), 'volume': 944900.0}, {'date': Timestamp('2020-01-11 00:00:00'), 'volume': 937800.0}, {'date': Timestamp('2020-01-04 00:00:00'), 'volume': 751600.0}]",2026-08-10,1014491.0,68.4000015258789,0.2297359541656287,346
CAAP,4167574633.3333335,weekly,2020-11-30,23449800.0,2079,0,6,"[{'date': Timestamp('2020-11-30 00:00:00'), 'volume': 23449800.0}, {'date': Timestamp('2020-04-20 00:00:00'), 'volume': 3207500.0}, {'date': Timestamp('2020-04-06 00:00:00'), 'volume': 2896000.0}, {'date': Timestamp('2020-03-16 00:00:00'), 'volume': 2462900.0}, {'date': Timestamp('2020-02-24 00:00:00'), 'volume': 1638700.0}, {'date': Timestamp('2020-01-06 00:00:00'), 'volume': 1514100.0}]",2026-08-10,839477.0,24.479999542236328,0.0357988980716253,345
CTOS,2715548060.922306,weekly,2020-11-30,28762200.0,2079,0,6,"[{'date': Timestamp('2020-11-30 00:00:00'), 'volume': 28762200.0}, {'date': Timestamp('2020-06-22 00:00:00'), 'volume': 1691100.0}, {'date': Timestamp('2020-06-01 00:00:00'), 'volume': 1480700.0}, {'date': Timestamp('2020-05-11 00:00:00'), 'volume': 887100.0}, {'date': Timestamp('2020-01-13 00:00:00'), 'volume': 404900.0}, {'date': Timestamp('2020-01-06 00:00:00'), 'volume': 197500.0}]",2026-08-10,4150289.0,10.529999732971191,0.1442966462927036,345
AVPT,2308867356.4000006,weekly,2020-11-23,60450100.0,2086,0,4,"[{'date': Timestamp('2020-11-23 00:00:00'), 'volume': 60450100.0}, {'date': Timestamp('2020-03-16 00:00:00'), 'volume': 3408900.0}, {'date': Timestamp('2020-03-09 00:00:00'), 'volume': 1025700.0}, {'date': Timestamp('2020-01-06 00:00:00'), 'volume': 550300.0}]",2026-08-10,8770868.0,13.479999542236328,0.1450926962899978,345
JOYY,3346861608.0,weekly,2020-11-16,54977200.0,2093,0,4,"[{'date': Timestamp('2020-11-16 00:00:00'), 'volume': 54977200.0}, {'date': Timestamp('2020-06-15 00:00:00'), 'volume': 12810900.0}, {'date': Timestamp('2020-03-16 00:00:00'), 'volume': 11361200.0}, {'date': Timestamp('2020-01-06 00:00:00'), 'volume': 6854500.0}]",2026-08-10,1180362.0,73.0199966430664,0.0214700275750674,345
CNK,3905382494.813717,weekly,2020-11-09,107788800.0,2100,0,9,"[{'date': Timestamp('2020-11-09 00:00:00'), 'volume': 107788800.0}, {'date': Timestamp('2020-10-05 00:00:00'), 'volume': 89781400.0}, {'date': Timestamp('2020-08-17 00:00:00'), 'volume': 72125100.0}, {'date': Timestamp('2020-03-16 00:00:00'), 'volume': 63161900.0}, {'date': Timestamp('2020-02-24 00:00:00'), 'volume': 27404300.0}, {'date': Timestamp('2020-02-17 00:00:00'), 'volume': 12480000.0}, {'date': Timestamp('2020-01-20 00:00:00'), 'volume': 9118800.0}, {'date': Timestamp('2020-01-13 00:00:00'), 'volume': 9027300.0}, {'date': Timestamp('2020-01-06 00:00:00'), 'volume': 8803300.0}]",2026-08-10,12654261.0,37.380001068115234,0.1173986629408621,345
HALO,8891230663.697664,weekly,2020-11-09,32456200.0,2100,0,6,"[{'date': Timestamp('2020-11-09 00:00:00'), 'volume': 32456200.0}, {'date': Timestamp('2020-11-02 00:00:00'), 'volume': 20227000.0}, {'date': Timestamp('2020-03-16 00:00:00'), 'volume': 15879800.0}, {'date': Timestamp('2020-02-24 00:00:00'), 'volume': 13691100.0}, {'date': Timestamp('2020-01-13 00:00:00'), 'volume': 11193600.0}, {'date': Timestamp('2020-01-06 00:00:00'), 'volume': 7041800.0}]",2026-08-10,16731882.0,98.66000366210938,0.5155219033651506,345
ADEA,3399253187.3206058,weekly,2020-11-09,30989696.0,2100,0,5,"[{'date': Timestamp('2020-11-09 00:00:00'), 'volume': 30989696.0}, {'date': Timestamp('2020-07-27 00:00:00'), 'volume': 22771669.0}, {'date': Timestamp('2020-06-15 00:00:00'), 'volume': 21682415.0}, {'date': Timestamp('2020-02-24 00:00:00'), 'volume': 16680395.0}, {'date': Timestamp('2020-01-06 00:00:00'), 'volume': 11436636.0}]",2026-08-10,4719400.0,29.82999992370605,0.1522893286852507,345
MD,2026768980.2770636,weekly,2020-11-07,23931900.0,2102,0,7,"[{'date': Timestamp('2020-11-07 00:00:00'), 'volume': 23931900.0}, {'date': Timestamp('2020-06-20 00:00:00'), 'volume': 13747400.0}, {'date': Timestamp('2020-02-22 00:00:00'), 'volume': 12414500.0}, {'date': Timestamp('2020-02-15 00:00:00'), 'volume': 9510300.0}, {'date': Timestamp('2020-02-08 00:00:00'), 'volume': 6644200.0}, {'date': Timestamp('2020-02-01 00:00:00'), 'volume': 5998300.0}, {'date': Timestamp('2020-01-04 00:00:00'), 'volume': 5133800.0}]",2026-08-10,3964947.0,26.61000061035156,0.1656762313063317,346
MTG,5887889106.421052,weekly,2020-11-07,96248300.0,2102,0,9,"[{'date': Timestamp('2020-11-07 00:00:00'), 'volume': 96248300.0}, {'date': Timestamp('2020-03-14 00:00:00'), 'volume': 49858100.0}, {'date': Timestamp('2020-03-07 00:00:00'), 'volume': 30867100.0}, {'date': Timestamp('2020-02-22 00:00:00'), 'volume': 24724600.0}, {'date': Timestamp('2020-02-01 00:00:00'), 'volume': 22528900.0}, {'date': Timestamp('2020-01-25 00:00:00'), 'volume': 14557900.0}, {'date': Timestamp('2020-01-18 00:00:00'), 'volume': 9361600.0}, {'date': Timestamp('2020-01-11 00:00:00'), 'volume': 9249200.0}, {'date': Timestamp('2020-01-04 00:00:00'), 'volume': 8289500.0}]",2026-08-10,8230607.0,31.15999984741211,0.0855143103826249,346
FBNC,2628580210.858694,weekly,2020-11-07,8264100.0,2102,0,8,"[{'date': Timestamp('2020-11-07 00:00:00'), 'volume': 8264100.0}, {'date': Timestamp('2020-10-31 00:00:00'), 'volume': 2112300.0}, {'date': Timestamp('2020-07-25 00:00:00'), 'volume': 1864900.0}, {'date': Timestamp('2020-03-14 00:00:00'), 'volume': 989200.0}, {'date': Timestamp('2020-03-07 00:00:00'), 'volume': 658100.0}, {'date': Timestamp('2020-02-29 00:00:00'), 'volume': 545000.0}, {'date': Timestamp('2020-01-11 00:00:00'), 'volume': 523300.0}, {'date': Timestamp('2020-01-04 00:00:00'), 'volume': 348600.0}]",2026-08-10,1067783.0,66.33999633789062,0.1292074152055275,346
KNTK,8316206948.9015,weekly,2020-11-02,26151600.0,2107,0,7,"[{'date': Timestamp('2020-11-02 00:00:00'), 'volume': 26151600.0}, {'date': Timestamp('2020-06-22 00:00:00'), 'volume': 837270.0}, {'date': Timestamp('2020-06-08 00:00:00'), 'volume': 506220.0}, {'date': Timestamp('2020-02-24 00:00:00'), 'volume': 499270.0}, {'date': Timestamp('2020-01-20 00:00:00'), 'volume': 445330.0}, {'date': Timestamp('2020-01-13 00:00:00'), 'volume': 355160.0}, {'date': Timestamp('2020-01-06 00:00:00'), 'volume': 177280.0}]",2026-08-10,4961313.0,53.43999862670898,0.1897135548111779,345
SRRK,6561799934.438372,weekly,2020-10-26,108138700.0,2114,0,10,"[{'date': Timestamp('2020-10-26 00:00:00'), 'volume': 108138700.0}, {'date': Timestamp('2020-06-22 00:00:00'), 'volume': 1430000.0}, {'date': Timestamp('2020-06-15 00:00:00'), 'volume': 749400.0}, {'date': Timestamp('2020-06-01 00:00:00'), 'volume': 731800.0}, {'date': Timestamp('2020-04-27 00:00:00'), 'volume': 730600.0}, {'date': Timestamp('2020-03-16 00:00:00'), 'volume': 702900.0}, {'date': Timestamp('2020-03-09 00:00:00'), 'volume': 683200.0}, {'date': Timestamp('2020-01-27 00:00:00'), 'volume': 664900.0}, {'date': Timestamp('2020-01-13 00:00:00'), 'volume': 575900.0}, {'date': Timestamp('2020-01-06 00:00:00'), 'volume': 537400.0}]",2026-08-10,3662296.0,52.52000045776367,0.0338666545834192,345
TILE,2074928150.182484,weekly,2020-10-24,7516600.0,2116,0,6,"[{'date': Timestamp('2020-10-24 00:00:00'), 'volume': 7516600.0}, {'date': Timestamp('2020-03-21 00:00:00'), 'volume': 4533900.0}, {'date': Timestamp('2020-03-14 00:00:00'), 'volume': 3198000.0}, {'date': Timestamp('2020-02-22 00:00:00'), 'volume': 2058000.0}, {'date': Timestamp('2020-02-01 00:00:00'), 'volume': 1458800.0}, {'date': Timestamp('2020-01-04 00:00:00'), 'volume': 1219700.0}]",2026-08-10,3108053.0,37.959999084472656,0.4134918713248011,346
HOG,2651708455.2333074,weekly,2020-10-24,57543100.0,2116,0,8,"[{'date': Timestamp('2020-10-24 00:00:00'), 'volume': 57543100.0}, {'date': Timestamp('2020-06-13 00:00:00'), 'volume': 45739000.0}, {'date': Timestamp('2020-05-23 00:00:00'), 'volume': 35831400.0}, {'date': Timestamp('2020-04-25 00:00:00'), 'volume': 34220500.0}, {'date': Timestamp('2020-03-21 00:00:00'), 'volume': 22938100.0}, {'date': Timestamp('2020-03-14 00:00:00'), 'volume': 18680200.0}, {'date': Timestamp('2020-01-25 00:00:00'), 'volume': 16861400.0}, {'date': Timestamp('2020-01-04 00:00:00'), 'volume': 10179700.0}]",2026-08-10,11927412.0,27.780000686645508,0.2072778838818207,346
TXNM,6324705956.187685,weekly,2020-10-17,48871600.0,2123,0,3,"[{'date': Timestamp('2020-10-17 00:00:00'), 'volume': 48871600.0}, {'date': Timestamp('2020-03-14 00:00:00'), 'volume': 7037500.0}, {'date': Timestamp('2020-01-04 00:00:00'), 'volume': 5342100.0}]",2026-08-10,3178311.0,57.400001525878906,0.0650339051719198,346
AGO,3532412191.351341,weekly,2020-10-05,29029100.0,2135,0,7,"[{'date': Timestamp('2020-10-05 00:00:00'), 'volume': 29029100.0}, {'date': Timestamp('2020-03-16 00:00:00'), 'volume': 10926800.0}, {'date': Timestamp('2020-03-09 00:00:00'), 'volume': 5711500.0}, {'date': Timestamp('2020-03-02 00:00:00'), 'volume': 4318500.0}, {'date': Timestamp('2020-02-24 00:00:00'), 'volume': 4097600.0}, {'date': Timestamp('2020-01-13 00:00:00'), 'volume': 2735700.0}, {'date': Timestamp('2020-01-06 00:00:00'), 'volume': 1850800.0}]",2026-08-10,2165092.0,76.79000091552734,0.0745835041389502,345
RNST,4000919034.359021,weekly,2020-10-03,14643400.0,2137,0,8,"[{'date': Timestamp('2020-10-03 00:00:00'), 'volume': 14643400.0}, {'date': Timestamp('2020-09-26 00:00:00'), 'volume': 4654800.0}, {'date': Timestamp('2020-03-14 00:00:00'), 'volume': 2312300.0}, {'date': Timestamp('2020-03-07 00:00:00'), 'volume': 1659800.0}, {'date': Timestamp('2020-02-22 00:00:00'), 'volume': 1645900.0}, {'date': Timestamp('2020-01-18 00:00:00'), 'volume': 1437300.0}, {'date': Timestamp('2020-01-11 00:00:00'), 'volume': 1093300.0}, {'date': Timestamp('2020-01-04 00:00:00'), 'volume': 746400.0}]",2026-08-10,4211516.0,43.54999923706055,0.2876050643976126,346
SSD,8641516469.339727,weekly,2020-10-03,10488400.0,2137,0,8,"[{'date': Timestamp('2020-10-03 00:00:00'), 'volume': 10488400.0}, {'date': Timestamp('2020-03-14 00:00:00'), 'volume': 2955500.0}, {'date': Timestamp('2020-03-07 00:00:00'), 'volume': 2698600.0}, {'date': Timestamp('2020-02-29 00:00:00'), 'volume': 2349100.0}, {'date': Timestamp('2020-02-01 00:00:00'), 'volume': 1618500.0}, {'date': Timestamp('2020-01-25 00:00:00'), 'volume': 1389800.0}, {'date': Timestamp('2020-01-11 00:00:00'), 'volume': 951500.0}, {'date': Timestamp('2020-01-04 00:00:00'), 'volume': 919400.0}]",2026-08-10,1164609.0,193.77999877929688,0.1110378132031577,346
CPK,3022199617.340122,weekly,2020-09-26,5315200.0,2144,0,7,"[{'date': Timestamp('2020-09-26 00:00:00'), 'volume': 5315200.0}, {'date': Timestamp('2020-06-20 00:00:00'), 'volume': 1596500.0}, {'date': Timestamp('2020-03-14 00:00:00'), 'volume': 563500.0}, {'date': Timestamp('2020-03-07 00:00:00'), 'volume': 540400.0}, {'date': Timestamp('2020-02-29 00:00:00'), 'volume': 396400.0}, {'date': Timestamp('2020-02-22 00:00:00'), 'volume': 348700.0}, {'date': Timestamp('2020-01-04 00:00:00'), 'volume': 328100.0}]",2026-08-10,907469.0,135.10000610351562,0.1707309226369656,346
GTX,6572188168.811483,weekly,2020-09-21,77544900.0,2149,0,7,"[{'date': Timestamp('2020-09-21 00:00:00'), 'volume': 77544900.0}, {'date': Timestamp('2020-08-31 00:00:00'), 'volume': 36419900.0}, {'date': Timestamp('2020-08-24 00:00:00'), 'volume': 19461300.0}, {'date': Timestamp('2020-07-13 00:00:00'), 'volume': 9092500.0}, {'date': Timestamp('2020-02-24 00:00:00'), 'volume': 7930800.0}, {'date': Timestamp('2020-01-13 00:00:00'), 'volume': 4704700.0}, {'date': Timestamp('2020-01-06 00:00:00'), 'volume': 3199100.0}]",2026-08-10,12271151.0,29.0,0.1582457518160446,345
GLNG,5055081694.916284,weekly,2020-09-21,27443500.0,2149,0,7,"[{'date': Timestamp('2020-09-21 00:00:00'), 'volume': 27443500.0}, {'date': Timestamp('2020-04-06 00:00:00'), 'volume': 15555900.0}, {'date': Timestamp('2020-03-09 00:00:00'), 'volume': 15212700.0}, {'date': Timestamp('2020-02-24 00:00:00'), 'volume': 12580100.0}, {'date': Timestamp('2020-01-27 00:00:00'), 'volume': 12310800.0}, {'date': Timestamp('2020-01-20 00:00:00'), 'volume': 6539000.0}, {'date': Timestamp('2020-01-06 00:00:00'), 'volume': 6250200.0}]",2026-08-10,8868481.0,52.4900016784668,0.3231541530781424,345
HRB,4718014501.486305,weekly,2020-09-12,68212900.0,2158,0,6,"[{'date': Timestamp('2020-09-12 00:00:00'), 'volume': 68212900.0}, {'date': Timestamp('2020-03-07 00:00:00'), 'volume': 29913600.0}, {'date': Timestamp('2020-02-29 00:00:00'), 'volume': 22813800.0}, {'date': Timestamp('2020-01-25 00:00:00'), 'volume': 21101600.0}, {'date': Timestamp('2020-01-11 00:00:00'), 'volume': 18843700.0}, {'date': Timestamp('2020-01-04 00:00:00'), 'volume': 14411600.0}]",2026-08-10,25171833.0,53.91999816894531,0.369018660693212,346
DOCU,8632605658.81088,weekly,2020-08-31,108674500.0,2170,0,6,"[{'date': Timestamp('2020-08-31 00:00:00'), 'volume': 108674500.0}, {'date': Timestamp('2020-06-15 00:00:00'), 'volume': 40083000.0}, {'date': Timestamp('2020-06-01 00:00:00'), 'volume': 35548600.0}, {'date': Timestamp('2020-03-16 00:00:00'), 'volume': 28247000.0}, {'date': Timestamp('2020-03-09 00:00:00'), 'volume': 18518300.0}, {'date': Timestamp('2020-01-06 00:00:00'), 'volume': 12148800.0}]",2026-08-10,20244317.0,62.040000915527344,0.1862839672600288,345
BKU,3580300999.799403,weekly,2020-08-31,24115300.0,2170,0,9,"[{'date': Timestamp('2020-08-31 00:00:00'), 'volume': 24115300.0}, {'date': Timestamp('2020-06-22 00:00:00'), 'volume': 13684600.0}, {'date': Timestamp('2020-03-16 00:00:00'), 'volume': 7879700.0}, {'date': Timestamp('2020-03-09 00:00:00'), 'volume': 6865400.0}, {'date': Timestamp('2020-03-02 00:00:00'), 'volume': 6141800.0}, {'date': Timestamp('2020-02-24 00:00:00'), 'volume': 6064000.0}, {'date': Timestamp('2020-01-27 00:00:00'), 'volume': 4055800.0}, {'date': Timestamp('2020-01-13 00:00:00'), 'volume': 3784000.0}, {'date': Timestamp('2020-01-06 00:00:00'), 'volume': 2457300.0}]",2026-08-10,2654087.0,48.34000015258789,0.1100582202999755,345
CORT,9373941102.047903,weekly,2020-08-31,110667700.0,2170,0,7,"[{'date': Timestamp('2020-08-31 00:00:00'), 'volume': 110667700.0}, {'date': Timestamp('2020-03-16 00:00:00'), 'volume': 11311900.0}, {'date': Timestamp('2020-03-02 00:00:00'), 'volume': 7986400.0}, {'date': Timestamp('2020-02-24 00:00:00'), 'volume': 6741200.0}, {'date': Timestamp('2020-02-10 00:00:00'), 'volume': 6471500.0}, {'date': Timestamp('2020-02-03 00:00:00'), 'volume': 3940000.0}, {'date': Timestamp('2020-01-06 00:00:00'), 'volume': 3433900.0}]",2026-08-10,4815894.0,114.47000122070312,0.0435167081271229,345
LAD,6661580404.339636,weekly,2020-08-29,6355500.0,2172,0,5,"[{'date': Timestamp('2020-08-29 00:00:00'), 'volume': 6355500.0}, {'date': Timestamp('2020-07-18 00:00:00'), 'volume': 3216000.0}, {'date': Timestamp('2020-03-14 00:00:00'), 'volume': 2312900.0}, {'date': Timestamp('2020-02-08 00:00:00'), 'volume': 1983400.0}, {'date': Timestamp('2020-01-04 00:00:00'), 'volume': 1142000.0}]",2026-08-10,989347.0,377.5499877929688,0.1556678467469121,346
URBN,6297604470.892251,weekly,2020-08-22,30886700.0,2179,0,4,"[{'date': Timestamp('2020-08-22 00:00:00'), 'volume': 30886700.0}, {'date': Timestamp('2020-05-16 00:00:00'), 'volume': 24980900.0}, {'date': Timestamp('2020-02-29 00:00:00'), 'volume': 21769000.0}, {'date': Timestamp('2020-01-04 00:00:00'), 'volume': 14780800.0}]",2026-08-10,5667667.0,77.80999755859375,0.1834986256220314,346
FBK,2879646287.7756352,weekly,2020-08-10,7049800.0,2191,0,5,"[{'date': Timestamp('2020-08-10 00:00:00'), 'volume': 7049800.0}, {'date': Timestamp('2020-03-16 00:00:00'), 'volume': 1448800.0}, {'date': Timestamp('2020-01-20 00:00:00'), 'volume': 1168700.0}, {'date': Timestamp('2020-01-13 00:00:00'), 'volume': 319000.0}, {'date': Timestamp('2020-01-06 00:00:00'), 'volume': 309900.0}]",2026-08-10,1254883.0,61.79999923706055,0.1780026383727198,345
CXW,3042797773.0224643,weekly,2020-08-08,40311500.0,2193,0,7,"[{'date': Timestamp('2020-08-08 00:00:00'), 'volume': 40311500.0}, {'date': Timestamp('2020-06-13 00:00:00'), 'volume': 20268400.0}, {'date': Timestamp('2020-03-14 00:00:00'), 'volume': 11574800.0}, {'date': Timestamp('2020-03-07 00:00:00'), 'volume': 9935900.0}, {'date': Timestamp('2020-02-22 00:00:00'), 'volume': 7462000.0}, {'date': Timestamp('2020-02-08 00:00:00'), 'volume': 6806000.0}, {'date': Timestamp('2020-01-04 00:00:00'), 'volume': 6053100.0}]",2026-08-10,11451448.0,32.81999969482422,0.2840739739280354,346
ALRM,2292003388.029045,weekly,2020-08-03,7659400.0,2198,0,8,"[{'date': Timestamp('2020-08-03 00:00:00'), 'volume': 7659400.0}, {'date': Timestamp('2020-05-18 00:00:00'), 'volume': 6147500.0}, {'date': Timestamp('2020-03-16 00:00:00'), 'volume': 5918800.0}, {'date': Timestamp('2020-03-02 00:00:00'), 'volume': 4579800.0}, {'date': Timestamp('2020-02-24 00:00:00'), 'volume': 3969300.0}, {'date': Timestamp('2020-02-03 00:00:00'), 'volume': 2476500.0}, {'date': Timestamp('2020-01-13 00:00:00'), 'volume': 2355200.0}, {'date': Timestamp('2020-01-06 00:00:00'), 'volume': 1235800.0}]",2026-08-10,1909018.0,55.56999969482422,0.2492385826566049,345
ADT,4696329550.628572,weekly,2020-08-03,236851800.0,2198,0,4,"[{'date': Timestamp('2020-08-03 00:00:00'), 'volume': 236851800.0}, {'date': Timestamp('2020-03-16 00:00:00'), 'volume': 18956100.0}, {'date': Timestamp('2020-03-09 00:00:00'), 'volume': 12829400.0}, {'date': Timestamp('2020-01-06 00:00:00'), 'volume': 12346700.0}]",2026-08-10,31577777.0,7.489999771118164,0.1333229344256619,345
REXR,7753417572.729851,weekly,2020-07-27,31455100.0,2205,0,8,"[{'date': Timestamp('2020-07-27 00:00:00'), 'volume': 31455100.0}, {'date': Timestamp('2020-06-22 00:00:00'), 'volume': 18203100.0}, {'date': Timestamp('2020-05-11 00:00:00'), 'volume': 8995200.0}, {'date': Timestamp('2020-03-16 00:00:00'), 'volume': 8710300.0}, {'date': Timestamp('2020-03-09 00:00:00'), 'volume': 5088400.0}, {'date': Timestamp('2020-03-02 00:00:00'), 'volume': 4289700.0}, {'date': Timestamp('2020-02-24 00:00:00'), 'volume': 3783900.0}, {'date': Timestamp('2020-01-06 00:00:00'), 'volume': 3443000.0}]",2026-08-10,7982204.0,36.22999954223633,0.2537650174375538,345
PRK,3331671098.677734,weekly,2020-07-25,4032600.0,2207,0,8,"[{'date': Timestamp('2020-07-25 00:00:00'), 'volume': 4032600.0}, {'date': Timestamp('2020-05-23 00:00:00'), 'volume': 1610400.0}, {'date': Timestamp('2020-03-14 00:00:00'), 'volume': 557800.0}, {'date': Timestamp('2020-03-07 00:00:00'), 'volume': 424400.0}, {'date': Timestamp('2020-02-29 00:00:00'), 'volume': 300500.0}, {'date': Timestamp('2020-02-22 00:00:00'), 'volume': 293400.0}, {'date': Timestamp('2020-01-25 00:00:00'), 'volume': 269000.0}, {'date': Timestamp('2020-01-04 00:00:00'), 'volume': 165400.0}]",2026-08-10,341075.0,207.7899932861328,0.084579427664534,346
BANF,3848328398.324625,weekly,2020-07-25,5944400.0,2207,0,7,"[{'date': Timestamp('2020-07-25 00:00:00'), 'volume': 5944400.0}, {'date': Timestamp('2020-06-13 00:00:00'), 'volume': 1252700.0}, {'date': Timestamp('2020-03-07 00:00:00'), 'volume': 1097700.0}, {'date': Timestamp('2020-02-29 00:00:00'), 'volume': 732800.0}, {'date': Timestamp('2020-02-22 00:00:00'), 'volume': 410900.0}, {'date': Timestamp('2020-01-11 00:00:00'), 'volume': 372100.0}, {'date': Timestamp('2020-01-04 00:00:00'), 'volume': 236400.0}]",2026-08-10,547456.0,115.72000122070312,0.0920960904380593,346
FHB,3594727241.0017066,weekly,2020-07-20,43898800.0,2212,0,5,"[{'date': Timestamp('2020-07-20 00:00:00'), 'volume': 43898800.0}, {'date': Timestamp('2020-03-02 00:00:00'), 'volume': 10294100.0}, {'date': Timestamp('2020-02-24 00:00:00'), 'volume': 5009400.0}, {'date': Timestamp('2020-01-27 00:00:00'), 'volume': 4225600.0}, {'date': Timestamp('2020-01-06 00:00:00'), 'volume': 3289300.0}]",2026-08-10,8633088.0,27.65999984741211,0.1966588608344647,345
NNI,4829892161.895642,weekly,2020-07-06,1449400.0,2226,0,8,"[{'date': Timestamp('2020-07-06 00:00:00'), 'volume': 1449400.0}, {'date': Timestamp('2020-06-29 00:00:00'), 'volume': 1058300.0}, {'date': Timestamp('2020-06-15 00:00:00'), 'volume': 948700.0}, {'date': Timestamp('2020-03-16 00:00:00'), 'volume': 829000.0}, {'date': Timestamp('2020-03-09 00:00:00'), 'volume': 641300.0}, {'date': Timestamp('2020-03-02 00:00:00'), 'volume': 589300.0}, {'date': Timestamp('2020-02-24 00:00:00'), 'volume': 544500.0}, {'date': Timestamp('2020-01-06 00:00:00'), 'volume': 502800.0}]",2026-08-10,849184.0,127.79000091552734,0.5858865737546571,345
MHK,7299748534.347768,weekly,2020-07-04,20324300.0,2228,0,7,"[{'date': Timestamp('2020-07-04 00:00:00'), 'volume': 20324300.0}, {'date': Timestamp('2020-03-14 00:00:00'), 'volume': 7546600.0}, {'date': Timestamp('2020-03-07 00:00:00'), 'volume': 5890200.0}, {'date': Timestamp('2020-02-22 00:00:00'), 'volume': 5797400.0}, {'date': Timestamp('2020-02-08 00:00:00'), 'volume': 4915300.0}, {'date': Timestamp('2020-01-11 00:00:00'), 'volume': 4136500.0}, {'date': Timestamp('2020-01-04 00:00:00'), 'volume': 3751000.0}]",2026-08-10,4734860.0,140.10000610351562,0.2329654649852639,346
SAIC,4662710483.385351,weekly,2020-06-22,11550600.0,2240,0,7,"[{'date': Timestamp('2020-06-22 00:00:00'), 'volume': 11550600.0}, {'date': Timestamp('2020-06-08 00:00:00'), 'volume': 4549000.0}, {'date': Timestamp('2020-03-23 00:00:00'), 'volume': 4084400.0}, {'date': Timestamp('2020-03-16 00:00:00'), 'volume': 3920200.0}, {'date': Timestamp('2020-02-03 00:00:00'), 'volume': 3845700.0}, {'date': Timestamp('2020-01-13 00:00:00'), 'volume': 2965400.0}, {'date': Timestamp('2020-01-06 00:00:00'), 'volume': 1842200.0}]",2026-08-10,1646911.0,126.68000030517578,0.1425822900974841,345
CRUS,7391323369.064165,weekly,2020-06-20,14309800.0,2242,0,4,"[{'date': Timestamp('2020-06-20 00:00:00'), 'volume': 14309800.0}, {'date': Timestamp('2020-01-25 00:00:00'), 'volume': 6657200.0}, {'date': Timestamp('2020-01-18 00:00:00'), 'volume': 3557600.0}, {'date': Timestamp('2020-01-04 00:00:00'), 'volume': 2562100.0}]",2026-08-10,4454676.0,121.08999633789062,0.311302464045619,346
FCN,4554764694.757122,weekly,2020-06-20,7067800.0,2242,0,7,"[{'date': Timestamp('2020-06-20 00:00:00'), 'volume': 7067800.0}, {'date': Timestamp('2020-03-14 00:00:00'), 'volume': 4693500.0}, {'date': Timestamp('2020-03-07 00:00:00'), 'volume': 3203000.0}, {'date': Timestamp('2020-02-22 00:00:00'), 'volume': 3093500.0}, {'date': Timestamp('2020-01-25 00:00:00'), 'volume': 1144000.0}, {'date': Timestamp('2020-01-11 00:00:00'), 'volume': 1113400.0}, {'date': Timestamp('2020-01-04 00:00:00'), 'volume': 883600.0}]",2026-08-10,2577540.0,151.85000610351562,0.3646877387588783,346
FR,8711505508.351915,weekly,2020-06-20,21334400.0,2242,0,9,"[{'date': Timestamp('2020-06-20 00:00:00'), 'volume': 21334400.0}, {'date': Timestamp('2020-06-13 00:00:00'), 'volume': 10499400.0}, {'date': Timestamp('2020-03-21 00:00:00'), 'volume': 8766600.0}, {'date': Timestamp('2020-03-14 00:00:00'), 'volume': 7918200.0}, {'date': Timestamp('2020-03-07 00:00:00'), 'volume': 6174200.0}, {'date': Timestamp('2020-02-29 00:00:00'), 'volume': 5619700.0}, {'date': Timestamp('2020-02-22 00:00:00'), 'volume': 4640700.0}, {'date': Timestamp('2020-02-08 00:00:00'), 'volume': 4166200.0}, {'date': Timestamp('2020-01-04 00:00:00'), 'volume': 3672400.0}]",2026-08-10,3238137.0,62.869998931884766,0.1517800828708564,346
GAP,7275174188.693375,weekly,2020-06-20,190198400.0,2242,0,7,"[{'date': Timestamp('2020-06-20 00:00:00'), 'volume': 190198400.0}, {'date': Timestamp('2020-05-30 00:00:00'), 'volume': 109374700.0}, {'date': Timestamp('2020-05-23 00:00:00'), 'volume': 76340800.0}, {'date': Timestamp('2020-03-14 00:00:00'), 'volume': 71894900.0}, {'date': Timestamp('2020-03-07 00:00:00'), 'volume': 62944500.0}, {'date': Timestamp('2020-02-22 00:00:00'), 'volume': 48132500.0}, {'date': Timestamp('2020-01-04 00:00:00'), 'volume': 31738800.0}]",2026-08-10,30466751.0,20.600000381469727,0.1601840551760688,346
MSA,6580453270.077437,weekly,2020-06-20,5442900.0,2242,0,6,"[{'date': Timestamp('2020-06-20 00:00:00'), 'volume': 5442900.0}, {'date': Timestamp('2020-03-07 00:00:00'), 'volume': 2367500.0}, {'date': Timestamp('2020-02-15 00:00:00'), 'volume': 1574500.0}, {'date': Timestamp('2020-01-25 00:00:00'), 'volume': 1200800.0}, {'date': Timestamp('2020-01-11 00:00:00'), 'volume': 982800.0}, {'date': Timestamp('2020-01-04 00:00:00'), 'volume': 725300.0}]",2026-08-10,1503940.0,189.1300048828125,0.2763122600084514,346
RGEN,8292501280.211389,weekly,2020-06-20,9536200.0,2242,0,7,"[{'date': Timestamp('2020-06-20 00:00:00'), 'volume': 9536200.0}, {'date': Timestamp('2020-03-14 00:00:00'), 'volume': 4595100.0}, {'date': Timestamp('2020-03-07 00:00:00'), 'volume': 3916900.0}, {'date': Timestamp('2020-02-22 00:00:00'), 'volume': 3576500.0}, {'date': Timestamp('2020-02-15 00:00:00'), 'volume': 2650400.0}, {'date': Timestamp('2020-02-01 00:00:00'), 'volume': 1805700.0}, {'date': Timestamp('2020-01-04 00:00:00'), 'volume': 1743600.0}]",2026-08-10,4546725.0,166.8300018310547,0.4767858266395419,346
EAT,7353540745.406493,weekly,2020-06-20,27855300.0,2242,0,7,"[{'date': Timestamp('2020-06-20 00:00:00'), 'volume': 27855300.0}, {'date': Timestamp('2020-04-25 00:00:00'), 'volume': 26313800.0}, {'date': Timestamp('2020-03-14 00:00:00'), 'volume': 22116000.0}, {'date': Timestamp('2020-03-07 00:00:00'), 'volume': 14126000.0}, {'date': Timestamp('2020-01-25 00:00:00'), 'volume': 9379900.0}, {'date': Timestamp('2020-01-11 00:00:00'), 'volume': 4131300.0}, {'date': Timestamp('2020-01-04 00:00:00'), 'volume': 3421800.0}]",2026-08-10,8789830.0,237.1499938964844,0.3155532340344566,346
REZI,4688157327.050093,weekly,2020-06-15,33313000.0,2247,0,4,"[{'date': Timestamp('2020-06-15 00:00:00'), 'volume': 33313000.0}, {'date': Timestamp('2020-02-24 00:00:00'), 'volume': 12046600.0}, {'date': Timestamp('2020-01-13 00:00:00'), 'volume': 7498300.0}, {'date': Timestamp('2020-01-06 00:00:00'), 'volume': 6473800.0}]",2026-08-10,22342288.0,20.5,0.670677753429592,345
QLYS,4341200505.586625,weekly,2020-06-15,9377700.0,2247,0,6,"[{'date': Timestamp('2020-06-15 00:00:00'), 'volume': 9377700.0}, {'date': Timestamp('2020-03-16 00:00:00'), 'volume': 3876700.0}, {'date': Timestamp('2020-03-09 00:00:00'), 'volume': 2576900.0}, {'date': Timestamp('2020-02-24 00:00:00'), 'volume': 2500500.0}, {'date': Timestamp('2020-02-10 00:00:00'), 'volume': 2380500.0}, {'date': Timestamp('2020-01-06 00:00:00'), 'volume': 1694700.0}]",2026-08-10,3163985.0,186.0500030517578,0.337394563698988,345
FCPT,2807384559.514788,weekly,2020-06-15,7529600.0,2247,0,6,"[{'date': Timestamp('2020-06-15 00:00:00'), 'volume': 7529600.0}, {'date': Timestamp('2020-03-16 00:00:00'), 'volume': 7274400.0}, {'date': Timestamp('2020-03-09 00:00:00'), 'volume': 4767500.0}, {'date': Timestamp('2020-02-24 00:00:00'), 'volume': 4397700.0}, {'date': Timestamp('2020-01-27 00:00:00'), 'volume': 3447800.0}, {'date': Timestamp('2020-01-06 00:00:00'), 'volume': 1888800.0}]",2026-08-10,1977711.0,25.209999084472656,0.2626581757331067,345
ENPH,6270959079.627197,weekly,2020-06-15,115797400.0,2247,0,5,"[{'date': Timestamp('2020-06-15 00:00:00'), 'volume': 115797400.0}, {'date': Timestamp('2020-02-17 00:00:00'), 'volume': 72156300.0}, {'date': Timestamp('2020-02-03 00:00:00'), 'volume': 32297400.0}, {'date': Timestamp('2020-01-13 00:00:00'), 'volume': 30058000.0}, {'date': Timestamp('2020-01-06 00:00:00'), 'volume': 27632200.0}]",2026-08-10,16694828.0,40.47999954223633,0.1441727361754236,345
BFH,4294058903.4555073,weekly,2020-06-15,21523909.0,2247,0,6,"[{'date': Timestamp('2020-06-15 00:00:00'), 'volume': 21523909.0}, {'date': Timestamp('2020-03-16 00:00:00'), 'volume': 20350725.0}, {'date': Timestamp('2020-03-09 00:00:00'), 'volume': 11919914.0}, {'date': Timestamp('2020-01-27 00:00:00'), 'volume': 8850817.0}, {'date': Timestamp('2020-01-13 00:00:00'), 'volume': 4141291.0}, {'date': Timestamp('2020-01-06 00:00:00'), 'volume': 4080896.0}]",2026-08-10,2070340.0,113.4000015258789,0.096187918281944,345
LXP,3277759666.6274366,weekly,2020-06-13,5997820.0,2249,0,7,"[{'date': Timestamp('2020-06-13 00:00:00'), 'volume': 5997820.0}, {'date': Timestamp('2020-05-09 00:00:00'), 'volume': 5168320.0}, {'date': Timestamp('2020-03-21 00:00:00'), 'volume': 3765920.0}, {'date': Timestamp('2020-03-14 00:00:00'), 'volume': 3629800.0}, {'date': Timestamp('2020-02-22 00:00:00'), 'volume': 3101220.0}, {'date': Timestamp('2020-01-11 00:00:00'), 'volume': 1963480.0}, {'date': Timestamp('2020-01-04 00:00:00'), 'volume': 1616080.0}]",2026-08-10,3624280.0,60.56999969482422,0.6042662167254103,346
HXL,7280231832.144268,weekly,2020-06-13,23125600.0,2249,0,3,"[{'date': Timestamp('2020-06-13 00:00:00'), 'volume': 23125600.0}, {'date': Timestamp('2020-01-11 00:00:00'), 'volume': 14096600.0}, {'date': Timestamp('2020-01-04 00:00:00'), 'volume': 3594500.0}]",2026-08-10,3732574.0,104.06999969482422,0.1614044176151105,346
DDS,9027428910.633978,weekly,2020-06-13,8139100.0,2249,0,9,"[{'date': Timestamp('2020-06-13 00:00:00'), 'volume': 8139100.0}, {'date': Timestamp('2020-06-06 00:00:00'), 'volume': 5504100.0}, {'date': Timestamp('2020-05-09 00:00:00'), 'volume': 5170700.0}, {'date': Timestamp('2020-04-18 00:00:00'), 'volume': 4990600.0}, {'date': Timestamp('2020-02-22 00:00:00'), 'volume': 3443100.0}, {'date': Timestamp('2020-02-08 00:00:00'), 'volume': 1887800.0}, {'date': Timestamp('2020-02-01 00:00:00'), 'volume': 1873200.0}, {'date': Timestamp('2020-01-25 00:00:00'), 'volume': 1422100.0}, {'date': Timestamp('2020-01-04 00:00:00'), 'volume': 1321900.0}]",2026-08-10,1188531.0,560.8800048828125,0.1460273248885011,346
MIDD,7838385327.399197,weekly,2020-06-13,16570500.0,2249,0,6,"[{'date': Timestamp('2020-06-13 00:00:00'), 'volume': 16570500.0}, {'date': Timestamp('2020-03-14 00:00:00'), 'volume': 11524600.0}, {'date': Timestamp('2020-03-07 00:00:00'), 'volume': 5423900.0}, {'date': Timestamp('2020-02-22 00:00:00'), 'volume': 3674500.0}, {'date': Timestamp('2020-01-11 00:00:00'), 'volume': 2315200.0}, {'date': Timestamp('2020-01-04 00:00:00'), 'volume': 2055300.0}]",2026-08-10,5437198.0,117.91000366210938,0.3281251621858121,346
NNN,9031080372.024368,weekly,2020-06-13,19443100.0,2249,0,8,"[{'date': Timestamp('2020-06-13 00:00:00'), 'volume': 19443100.0}, {'date': Timestamp('2020-03-14 00:00:00'), 'volume': 14848000.0}, {'date': Timestamp('2020-03-07 00:00:00'), 'volume': 9283100.0}, {'date': Timestamp('2020-02-22 00:00:00'), 'volume': 6675500.0}, {'date': Timestamp('2020-02-08 00:00:00'), 'volume': 4176400.0}, {'date': Timestamp('2020-01-25 00:00:00'), 'volume': 4163000.0}, {'date': Timestamp('2020-01-11 00:00:00'), 'volume': 3109800.0}, {'date': Timestamp('2020-01-04 00:00:00'), 'volume': 2755400.0}]",2026-08-10,7273337.0,46.0,0.3740831966095941,346
ARLP,3149567419.9918137,weekly,2020-06-13,7860600.0,2249,0,5,"[{'date': Timestamp('2020-06-13 00:00:00'), 'volume': 7860600.0}, {'date': Timestamp('2020-02-01 00:00:00'), 'volume': 7757200.0}, {'date': Timestamp('2020-01-25 00:00:00'), 'volume': 5488000.0}, {'date': Timestamp('2020-01-18 00:00:00'), 'volume': 3114000.0}, {'date': Timestamp('2020-01-04 00:00:00'), 'volume': 2648600.0}]",2026-08-10,2855818.0,25.420000076293945,0.3633078899829529,346
GBCI,6772623634.051181,weekly,2020-06-13,18438600.0,2249,0,8,"[{'date': Timestamp('2020-06-13 00:00:00'), 'volume': 18438600.0}, {'date': Timestamp('2020-03-14 00:00:00'), 'volume': 4033500.0}, {'date': Timestamp('2020-03-07 00:00:00'), 'volume': 3261000.0}, {'date': Timestamp('2020-02-29 00:00:00'), 'volume': 1652600.0}, {'date': Timestamp('2020-02-22 00:00:00'), 'volume': 1651100.0}, {'date': Timestamp('2020-01-25 00:00:00'), 'volume': 1383200.0}, {'date': Timestamp('2020-01-11 00:00:00'), 'volume': 1345900.0}, {'date': Timestamp('2020-01-04 00:00:00'), 'volume': 1254100.0}]",2026-08-10,4531663.0,49.93000030517578,0.2457704489494864,346
PK,2976127809.7652707,weekly,2020-06-08,59554900.0,2254,0,9,"[{'date': Timestamp('2020-06-08 00:00:00'), 'volume': 59554900.0}, {'date': Timestamp('2020-06-01 00:00:00'), 'volume': 59013300.0}, {'date': Timestamp('2020-03-23 00:00:00'), 'volume': 58730500.0}, {'date': Timestamp('2020-03-16 00:00:00'), 'volume': 57790500.0}, {'date': Timestamp('2020-03-09 00:00:00'), 'volume': 32402100.0}, {'date': Timestamp('2020-03-02 00:00:00'), 'volume': 27017400.0}, {'date': Timestamp('2020-02-24 00:00:00'), 'volume': 24371600.0}, {'date': Timestamp('2020-01-27 00:00:00'), 'volume': 11857900.0}, {'date': Timestamp('2020-01-06 00:00:00'), 'volume': 11630500.0}]",2026-08-10,15638213.0,15.130000114440918,0.2625848250941568,345
NCLH,9751499117.262154,weekly,2020-06-08,551713200.0,2254,0,12,"[{'date': Timestamp('2020-06-08 00:00:00'), 'volume': 551713200.0}, {'date': Timestamp('2020-05-04 00:00:00'), 'volume': 483219400.0}, {'date': Timestamp('2020-04-27 00:00:00'), 'volume': 229434300.0}, {'date': Timestamp('2020-03-23 00:00:00'), 'volume': 217047400.0}, {'date': Timestamp('2020-03-16 00:00:00'), 'volume': 129486000.0}, {'date': Timestamp('2020-03-09 00:00:00'), 'volume': 128374300.0}, {'date': Timestamp('2020-03-02 00:00:00'), 'volume': 41365900.0}, {'date': Timestamp('2020-02-24 00:00:00'), 'volume': 40220600.0}, {'date': Timestamp('2020-02-17 00:00:00'), 'volume': 14636300.0}, {'date': Timestamp('2020-01-27 00:00:00'), 'volume': 11200700.0}, {'date': Timestamp('2020-01-20 00:00:00'), 'volume': 9048500.0}, {'date': Timestamp('2020-01-06 00:00:00'), 'volume': 6947700.0}]",2026-08-10,66172197.0,19.01000022888184,0.1199394848627874,345
CLDX,2767630508.9052505,weekly,2020-06-06,109017900.0,2256,0,3,"[{'date': Timestamp('2020-06-06 00:00:00'), 'volume': 109017900.0}, {'date': Timestamp('2020-02-15 00:00:00'), 'volume': 8936700.0}, {'date': Timestamp('2020-01-04 00:00:00'), 'volume': 970100.0}]",2026-08-10,5446454.0,41.95000076293945,0.0499592635704778,346
M,6828465744.63502,weekly,2020-06-06,395950100.0,2256,0,9,"[{'date': Timestamp('2020-06-06 00:00:00'), 'volume': 395950100.0}, {'date': Timestamp('2020-05-30 00:00:00'), 'volume': 327255800.0}, {'date': Timestamp('2020-05-23 00:00:00'), 'volume': 289453000.0}, {'date': Timestamp('2020-03-28 00:00:00'), 'volume': 246332100.0}, {'date': Timestamp('2020-03-21 00:00:00'), 'volume': 208539100.0}, {'date': Timestamp('2020-03-07 00:00:00'), 'volume': 122741200.0}, {'date': Timestamp('2020-02-29 00:00:00'), 'volume': 108288400.0}, {'date': Timestamp('2020-02-22 00:00:00'), 'volume': 106670800.0}, {'date': Timestamp('2020-01-04 00:00:00'), 'volume': 105680100.0}]",2026-08-10,28702041.0,23.40999984741211,0.0724890358658831,346
HHH,4315031378.237708,weekly,2020-06-01,10150754.0,2261,0,6,"[{'date': Timestamp('2020-06-01 00:00:00'), 'volume': 10150754.0}, {'date': Timestamp('2020-03-23 00:00:00'), 'volume': 5481340.0}, {'date': Timestamp('2020-03-16 00:00:00'), 'volume': 2953459.0}, {'date': Timestamp('2020-03-09 00:00:00'), 'volume': 2037474.0}, {'date': Timestamp('2020-01-13 00:00:00'), 'volume': 1653749.0}, {'date': Timestamp('2020-01-06 00:00:00'), 'volume': 1517064.0}]",2026-08-10,2594181.0,66.5999984741211,0.255565350120789,345
NMRK,2710840236.235686,weekly,2020-06-01,17285000.0,2261,0,5,"[{'date': Timestamp('2020-06-01 00:00:00'), 'volume': 17285000.0}, {'date': Timestamp('2020-03-16 00:00:00'), 'volume': 16525000.0}, {'date': Timestamp('2020-02-24 00:00:00'), 'volume': 9019900.0}, {'date': Timestamp('2020-02-10 00:00:00'), 'volume': 6614000.0}, {'date': Timestamp('2020-01-06 00:00:00'), 'volume': 5461700.0}]",2026-08-10,4932358.0,15.25,0.2853548163147237,345
NMIH,3085978246.2614417,weekly,2020-06-01,19440100.0,2261,0,6,"[{'date': Timestamp('2020-06-01 00:00:00'), 'volume': 19440100.0}, {'date': Timestamp('2020-03-16 00:00:00'), 'volume': 9314800.0}, {'date': Timestamp('2020-02-10 00:00:00'), 'volume': 8545100.0}, {'date': Timestamp('2020-01-20 00:00:00'), 'volume': 2153900.0}, {'date': Timestamp('2020-01-13 00:00:00'), 'volume': 2101500.0}, {'date': Timestamp('2020-01-06 00:00:00'), 'volume': 1996200.0}]",2026-08-10,1524682.0,45.709999084472656,0.0784297405877541,345
PPC,6806946706.819946,weekly,2020-05-30,19099100.0,2263,0,7,"[{'date': Timestamp('2020-05-30 00:00:00'), 'volume': 19099100.0}, {'date': Timestamp('2020-03-14 00:00:00'), 'volume': 8608300.0}, {'date': Timestamp('2020-02-22 00:00:00'), 'volume': 7626500.0}, {'date': Timestamp('2020-02-01 00:00:00'), 'volume': 4685900.0}, {'date': Timestamp('2020-01-25 00:00:00'), 'volume': 4617900.0}, {'date': Timestamp('2020-01-11 00:00:00'), 'volume': 4100900.0}, {'date': Timestamp('2020-01-04 00:00:00'), 'volume': 3413000.0}]",2026-08-10,7902248.0,27.89999961853028,0.4137497578419925,346
WERN,2564066310.104739,weekly,2020-05-30,17574600.0,2263,0,6,"[{'date': Timestamp('2020-05-30 00:00:00'), 'volume': 17574600.0}, {'date': Timestamp('2020-03-21 00:00:00'), 'volume': 5837600.0}, {'date': Timestamp('2020-03-14 00:00:00'), 'volume': 5469600.0}, {'date': Timestamp('2020-03-07 00:00:00'), 'volume': 4296400.0}, {'date': Timestamp('2020-01-11 00:00:00'), 'volume': 2837800.0}, {'date': Timestamp('2020-01-04 00:00:00'), 'volume': 1902300.0}]",2026-08-10,5207400.0,38.880001068115234,0.2963026185517736,346
CAKE,3993709694.3711576,weekly,2020-05-30,34889800.0,2263,0,8,"[{'date': Timestamp('2020-05-30 00:00:00'), 'volume': 34889800.0}, {'date': Timestamp('2020-03-21 00:00:00'), 'volume': 29500400.0}, {'date': Timestamp('2020-03-14 00:00:00'), 'volume': 22137400.0}, {'date': Timestamp('2020-03-07 00:00:00'), 'volume': 13334600.0}, {'date': Timestamp('2020-02-22 00:00:00'), 'volume': 9060800.0}, {'date': Timestamp('2020-02-15 00:00:00'), 'volume': 6265000.0}, {'date': Timestamp('2020-01-11 00:00:00'), 'volume': 3580200.0}, {'date': Timestamp('2020-01-04 00:00:00'), 'volume': 2904500.0}]",2026-08-10,11965668.0,113.37999725341795,0.3429560501923198,346
PLMR,3347968996.897488,weekly,2020-05-25,6051400.0,2268,0,2,"[{'date': Timestamp('2020-05-25 00:00:00'), 'volume': 6051400.0}, {'date': Timestamp('2020-01-06 00:00:00'), 'volume': 3514200.0}]",2026-08-10,979923.0,128.2100067138672,0.1619332716396206,345
ESNT,5898704586.193694,weekly,2020-05-25,30263000.0,2268,0,6,"[{'date': Timestamp('2020-05-25 00:00:00'), 'volume': 30263000.0}, {'date': Timestamp('2020-03-16 00:00:00'), 'volume': 11915200.0}, {'date': Timestamp('2020-03-09 00:00:00'), 'volume': 5731900.0}, {'date': Timestamp('2020-02-24 00:00:00'), 'volume': 5475400.0}, {'date': Timestamp('2020-02-10 00:00:00'), 'volume': 4769500.0}, {'date': Timestamp('2020-01-06 00:00:00'), 'volume': 2648000.0}]",2026-08-10,2523454.0,69.56999969482422,0.0833841324389518,345
KTB,4603634781.005757,weekly,2020-05-25,22299100.0,2268,0,8,"[{'date': Timestamp('2020-05-25 00:00:00'), 'volume': 22299100.0}, {'date': Timestamp('2020-03-30 00:00:00'), 'volume': 9332800.0}, {'date': Timestamp('2020-03-23 00:00:00'), 'volume': 6721400.0}, {'date': Timestamp('2020-03-09 00:00:00'), 'volume': 4528900.0}, {'date': Timestamp('2020-03-02 00:00:00'), 'volume': 4474200.0}, {'date': Timestamp('2020-01-27 00:00:00'), 'volume': 4222300.0}, {'date': Timestamp('2020-01-13 00:00:00'), 'volume': 2015700.0}, {'date': Timestamp('2020-01-06 00:00:00'), 'volume': 1978700.0}]",2026-08-10,5725856.0,84.9000015258789,0.2567752061742402,345
HP,3377666077.700676,weekly,2020-05-16,45747600.0,2277,0,4,"[{'date': Timestamp('2020-05-16 00:00:00'), 'volume': 45747600.0}, {'date': Timestamp('2020-04-25 00:00:00'), 'volume': 35196900.0}, {'date': Timestamp('2020-01-25 00:00:00'), 'volume': 25874300.0}, {'date': Timestamp('2020-01-04 00:00:00'), 'volume': 8206900.0}]",2026-08-10,10685572.0,44.20000076293945,0.2335766685028285,346
PENN,2928492776.364239,weekly,2020-05-16,145430700.0,2277,0,6,"[{'date': Timestamp('2020-05-16 00:00:00'), 'volume': 145430700.0}, {'date': Timestamp('2020-05-09 00:00:00'), 'volume': 103441300.0}, {'date': Timestamp('2020-03-14 00:00:00'), 'volume': 102598300.0}, {'date': Timestamp('2020-01-25 00:00:00'), 'volume': 28334200.0}, {'date': Timestamp('2020-01-11 00:00:00'), 'volume': 6974800.0}, {'date': Timestamp('2020-01-04 00:00:00'), 'volume': 5541100.0}]",2026-08-10,15950756.0,18.790000915527344,0.1096794280712394,346
DPZ,9918978162.26822,weekly,2020-05-11,13578400.0,2282,0,4,"[{'date': Timestamp('2020-05-11 00:00:00'), 'volume': 13578400.0}, {'date': Timestamp('2020-02-17 00:00:00'), 'volume': 8704500.0}, {'date': Timestamp('2020-02-03 00:00:00'), 'volume': 5228300.0}, {'date': Timestamp('2020-01-06 00:00:00'), 'volume': 3496800.0}]",2026-08-10,3577512.0,346.2699890136719,0.2634708065751487,345
YETI,3879583625.362927,weekly,2020-05-11,26830100.0,2282,0,5,"[{'date': Timestamp('2020-05-11 00:00:00'), 'volume': 26830100.0}, {'date': Timestamp('2020-04-13 00:00:00'), 'volume': 21655400.0}, {'date': Timestamp('2020-02-17 00:00:00'), 'volume': 16801300.0}, {'date': Timestamp('2020-02-10 00:00:00'), 'volume': 14816900.0}, {'date': Timestamp('2020-01-06 00:00:00'), 'volume': 9824800.0}]",2026-08-10,18049000.0,44.560001373291016,0.6727146003928424,345
BCO,3874722792.015024,weekly,2020-05-09,7073200.0,2284,0,6,"[{'date': Timestamp('2020-05-09 00:00:00'), 'volume': 7073200.0}, {'date': Timestamp('2020-05-02 00:00:00'), 'volume': 5096800.0}, {'date': Timestamp('2020-03-14 00:00:00'), 'volume': 3964400.0}, {'date': Timestamp('2020-02-01 00:00:00'), 'volume': 3471300.0}, {'date': Timestamp('2020-01-11 00:00:00'), 'volume': 1717700.0}, {'date': Timestamp('2020-01-04 00:00:00'), 'volume': 1270400.0}]",2026-08-10,2417819.0,114.2699966430664,0.3418281682972346,346
UNFI,2973305408.757853,weekly,2020-05-09,38843600.0,2284,0,5,"[{'date': Timestamp('2020-05-09 00:00:00'), 'volume': 38843600.0}, {'date': Timestamp('2020-03-14 00:00:00'), 'volume': 25450500.0}, {'date': Timestamp('2020-03-07 00:00:00'), 'volume': 11785000.0}, {'date': Timestamp('2020-02-22 00:00:00'), 'volume': 9069300.0}, {'date': Timestamp('2020-01-04 00:00:00'), 'volume': 6730100.0}]",2026-08-10,2536676.0,48.41999816894531,0.0653048636068747,346
TNL,4871382744.931795,weekly,2020-04-27,10536700.0,2296,0,8,"[{'date': Timestamp('2020-04-27 00:00:00'), 'volume': 10536700.0}, {'date': Timestamp('2020-03-16 00:00:00'), 'volume': 9827600.0}, {'date': Timestamp('2020-03-09 00:00:00'), 'volume': 9343000.0}, {'date': Timestamp('2020-03-02 00:00:00'), 'volume': 5616600.0}, {'date': Timestamp('2020-02-24 00:00:00'), 'volume': 5447600.0}, {'date': Timestamp('2020-02-03 00:00:00'), 'volume': 3011100.0}, {'date': Timestamp('2020-01-27 00:00:00'), 'volume': 2932000.0}, {'date': Timestamp('2020-01-06 00:00:00'), 'volume': 2216500.0}]",2026-08-10,2770072.0,75.48999786376953,0.2628974916245124,345
TNK,2355435824.892288,weekly,2020-04-27,12674000.0,2296,0,6,"[{'date': Timestamp('2020-04-27 00:00:00'), 'volume': 12674000.0}, {'date': Timestamp('2020-04-20 00:00:00'), 'volume': 12021900.0}, {'date': Timestamp('2020-03-30 00:00:00'), 'volume': 10222700.0}, {'date': Timestamp('2020-03-09 00:00:00'), 'volume': 8442400.0}, {'date': Timestamp('2020-02-24 00:00:00'), 'volume': 5395700.0}, {'date': Timestamp('2020-01-06 00:00:00'), 'volume': 4956300.0}]",2026-08-10,2357730.0,85.12999725341797,0.1860288780179896,345
PCTY,5694410945.26672,weekly,2020-04-27,12963100.0,2296,0,5,"[{'date': Timestamp('2020-04-27 00:00:00'), 'volume': 12963100.0}, {'date': Timestamp('2020-03-30 00:00:00'), 'volume': 4264100.0}, {'date': Timestamp('2020-03-16 00:00:00'), 'volume': 3728000.0}, {'date': Timestamp('2020-02-03 00:00:00'), 'volume': 3429000.0}, {'date': Timestamp('2020-01-06 00:00:00'), 'volume': 1758600.0}]",2026-08-10,4504075.0,148.27999877929688,0.3474535412054215,345
CPA,6466568870.687214,weekly,2020-04-27,15462700.0,2296,0,5,"[{'date': Timestamp('2020-04-27 00:00:00'), 'volume': 15462700.0}, {'date': Timestamp('2020-03-16 00:00:00'), 'volume': 6193900.0}, {'date': Timestamp('2020-03-09 00:00:00'), 'volume': 4168200.0}, {'date': Timestamp('2020-02-24 00:00:00'), 'volume': 3564100.0}, {'date': Timestamp('2020-01-06 00:00:00'), 'volume': 1892000.0}]",2026-08-10,1354870.0,135.8699951171875,0.0876218254250551,345
DHT,2842384955.566925,weekly,2020-04-27,47212200.0,2296,0,7,"[{'date': Timestamp('2020-04-27 00:00:00'), 'volume': 47212200.0}, {'date': Timestamp('2020-03-30 00:00:00'), 'volume': 46019700.0}, {'date': Timestamp('2020-03-09 00:00:00'), 'volume': 40622600.0}, {'date': Timestamp('2020-02-03 00:00:00'), 'volume': 26779000.0}, {'date': Timestamp('2020-01-27 00:00:00'), 'volume': 24547400.0}, {'date': Timestamp('2020-01-13 00:00:00'), 'volume': 22931200.0}, {'date': Timestamp('2020-01-06 00:00:00'), 'volume': 17543900.0}]",2026-08-10,18943192.0,19.520000457763672,0.401235104485705,345
SM,6314980945.717195,weekly,2020-04-25,111590100.0,2298,0,9,"[{'date': Timestamp('2020-04-25 00:00:00'), 'volume': 111590100.0}, {'date': Timestamp('2020-03-07 00:00:00'), 'volume': 85870500.0}, {'date': Timestamp('2020-02-29 00:00:00'), 'volume': 33792400.0}, {'date': Timestamp('2020-02-22 00:00:00'), 'volume': 22571800.0}, {'date': Timestamp('2020-02-15 00:00:00'), 'volume': 20372000.0}, {'date': Timestamp('2020-02-01 00:00:00'), 'volume': 18864300.0}, {'date': Timestamp('2020-01-25 00:00:00'), 'volume': 16066500.0}, {'date': Timestamp('2020-01-18 00:00:00'), 'volume': 15189600.0}, {'date': Timestamp('2020-01-04 00:00:00'), 'volume': 14625300.0}]",2026-08-10,23127368.0,33.75,0.2072528656215918,346
UBSI,6367673313.004546,weekly,2020-04-25,15159000.0,2298,0,6,"[{'date': Timestamp('2020-04-25 00:00:00'), 'volume': 15159000.0}, {'date': Timestamp('2020-03-14 00:00:00'), 'volume': 7462900.0}, {'date': Timestamp('2020-03-07 00:00:00'), 'volume': 6679500.0}, {'date': Timestamp('2020-01-25 00:00:00'), 'volume': 5008800.0}, {'date': Timestamp('2020-01-11 00:00:00'), 'volume': 1819800.0}, {'date': Timestamp('2020-01-04 00:00:00'), 'volume': 1625400.0}]",2026-08-10,3581393.0,49.27000045776367,0.2362552279174088,346
CHRD,6563921917.869016,weekly,2020-04-20,672570600.0,2303,0,7,"[{'date': Timestamp('2020-04-20 00:00:00'), 'volume': 672570600.0}, {'date': Timestamp('2020-03-09 00:00:00'), 'volume': 218987300.0}, {'date': Timestamp('2020-03-02 00:00:00'), 'volume': 77919900.0}, {'date': Timestamp('2020-02-24 00:00:00'), 'volume': 68040600.0}, {'date': Timestamp('2020-01-27 00:00:00'), 'volume': 61887400.0}, {'date': Timestamp('2020-01-13 00:00:00'), 'volume': 57560100.0}, {'date': Timestamp('2020-01-06 00:00:00'), 'volume': 55179000.0}]",2026-08-10,3953778.0,137.32000732421875,0.0058786066473913,345
STNG,3756943301.662603,weekly,2020-04-20,27595100.0,2303,0,5,"[{'date': Timestamp('2020-04-20 00:00:00'), 'volume': 27595100.0}, {'date': Timestamp('2020-03-09 00:00:00'), 'volume': 16422700.0}, {'date': Timestamp('2020-01-27 00:00:00'), 'volume': 11011300.0}, {'date': Timestamp('2020-01-13 00:00:00'), 'volume': 9642100.0}, {'date': Timestamp('2020-01-06 00:00:00'), 'volume': 8595100.0}]",2026-08-10,4091356.0,79.41000366210938,0.1482638584386358,345
DKL,2698817946.700495,weekly,2020-04-20,5785600.0,2303,0,5,"[{'date': Timestamp('2020-04-20 00:00:00'), 'volume': 5785600.0}, {'date': Timestamp('2020-03-16 00:00:00'), 'volume': 1378700.0}, {'date': Timestamp('2020-03-09 00:00:00'), 'volume': 1111900.0}, {'date': Timestamp('2020-02-24 00:00:00'), 'volume': 870900.0}, {'date': Timestamp('2020-01-06 00:00:00'), 'volume': 190500.0}]",2026-08-10,2992583.0,54.0099983215332,0.5172467851216814,345
NWBI,2215203845.6474485,weekly,2020-04-18,16375500.0,2305,0,4,"[{'date': Timestamp('2020-04-18 00:00:00'), 'volume': 16375500.0}, {'date': Timestamp('2020-03-14 00:00:00'), 'volume': 5586100.0}, {'date': Timestamp('2020-01-25 00:00:00'), 'volume': 5027700.0}, {'date': Timestamp('2020-01-04 00:00:00'), 'volume': 2846400.0}]",2026-08-10,3635759.0,15.75,0.2220243046013862,346
BBWI,4607702988.96242,weekly,2020-04-18,110116750.0,2305,0,5,"[{'date': Timestamp('2020-04-18 00:00:00'), 'volume': 110116750.0}, {'date': Timestamp('2020-03-14 00:00:00'), 'volume': 94134464.0}, {'date': Timestamp('2020-02-22 00:00:00'), 'volume': 83763951.0}, {'date': Timestamp('2020-01-25 00:00:00'), 'volume': 77820166.0}, {'date': Timestamp('2020-01-04 00:00:00'), 'volume': 59909148.0}]",2026-08-10,35352933.0,19.40999984741211,0.3210495496824961,346
BCRX,2526376729.955555,weekly,2020-04-11,98129800.0,2312,0,6,"[{'date': Timestamp('2020-04-11 00:00:00'), 'volume': 98129800.0}, {'date': Timestamp('2020-02-29 00:00:00'), 'volume': 65155800.0}, {'date': Timestamp('2020-02-22 00:00:00'), 'volume': 36557800.0}, {'date': Timestamp('2020-01-18 00:00:00'), 'volume': 29541700.0}, {'date': Timestamp('2020-01-11 00:00:00'), 'volume': 17832300.0}, {'date': Timestamp('2020-01-04 00:00:00'), 'volume': 10779100.0}]",2026-08-10,25008696.0,9.739999771118164,0.2548532250142158,346
BRX,9956848995.707386,weekly,2020-03-30,32225700.0,2324,0,6,"[{'date': Timestamp('2020-03-30 00:00:00'), 'volume': 32225700.0}, {'date': Timestamp('2020-03-23 00:00:00'), 'volume': 24879500.0}, {'date': Timestamp('2020-03-16 00:00:00'), 'volume': 24282100.0}, {'date': Timestamp('2020-02-10 00:00:00'), 'volume': 21824500.0}, {'date': Timestamp('2020-01-13 00:00:00'), 'volume': 18997100.0}, {'date': Timestamp('2020-01-06 00:00:00'), 'volume': 11834200.0}]",2026-08-10,10073322.0,29.979999542236328,0.3125866001359164,345
BLX,2181900444.171779,weekly,2020-03-28,2577900.0,2326,0,7,"[{'date': Timestamp('2020-03-28 00:00:00'), 'volume': 2577900.0}, {'date': Timestamp('2020-03-14 00:00:00'), 'volume': 1326800.0}, {'date': Timestamp('2020-03-07 00:00:00'), 'volume': 978000.0}, {'date': Timestamp('2020-02-22 00:00:00'), 'volume': 765900.0}, {'date': Timestamp('2020-02-08 00:00:00'), 'volume': 402300.0}, {'date': Timestamp('2020-01-25 00:00:00'), 'volume': 372800.0}, {'date': Timestamp('2020-01-04 00:00:00'), 'volume': 356000.0}]",2026-08-10,1003071.0,55.18000030517578,0.3891039217968113,346
CMPR,2229594524.994314,weekly,2020-03-23,3091800.0,2331,0,5,"[{'date': Timestamp('2020-03-23 00:00:00'), 'volume': 3091800.0}, {'date': Timestamp('2020-03-16 00:00:00'), 'volume': 2740000.0}, {'date': Timestamp('2020-03-09 00:00:00'), 'volume': 2557600.0}, {'date': Timestamp('2020-01-27 00:00:00'), 'volume': 2448800.0}, {'date': Timestamp('2020-01-06 00:00:00'), 'volume': 1898700.0}]",2026-08-10,1003070.0,94.45999908447266,0.3244291351316385,345
EVT,2026818732.0,weekly,2020-03-23,3735200.0,2331,0,5,"[{'date': Timestamp('2020-03-23 00:00:00'), 'volume': 3735200.0}, {'date': Timestamp('2020-03-16 00:00:00'), 'volume': 3257300.0}, {'date': Timestamp('2020-02-24 00:00:00'), 'volume': 2260900.0}, {'date': Timestamp('2020-01-13 00:00:00'), 'volume': 636300.0}, {'date': Timestamp('2020-01-06 00:00:00'), 'volume': 550400.0}]",2026-08-10,553937.0,29.40999984741211,0.1483018312272435,345
EXG,2900273280.0,weekly,2020-03-23,16302900.0,2331,0,5,"[{'date': Timestamp('2020-03-23 00:00:00'), 'volume': 16302900.0}, {'date': Timestamp('2020-03-16 00:00:00'), 'volume': 14782600.0}, {'date': Timestamp('2020-02-24 00:00:00'), 'volume': 11983000.0}, {'date': Timestamp('2020-01-27 00:00:00'), 'volume': 4259500.0}, {'date': Timestamp('2020-01-06 00:00:00'), 'volume': 3268000.0}]",2026-08-10,2387534.0,9.979999542236328,0.1464484232866545,345
CHEF,3911390280.9851623,weekly,2020-03-23,16732900.0,2331,0,6,"[{'date': Timestamp('2020-03-23 00:00:00'), 'volume': 16732900.0}, {'date': Timestamp('2020-03-16 00:00:00'), 'volume': 15832800.0}, {'date': Timestamp('2020-03-09 00:00:00'), 'volume': 2747600.0}, {'date': Timestamp('2020-03-02 00:00:00'), 'volume': 1711300.0}, {'date': Timestamp('2020-02-10 00:00:00'), 'volume': 1476800.0}, {'date': Timestamp('2020-01-06 00:00:00'), 'volume': 1420700.0}]",2026-08-10,7408918.0,109.08000183105467,0.4427754902019375,345
SIG,3442928879.022839,weekly,2020-03-21,38737600.0,2333,0,3,"[{'date': Timestamp('2020-03-21 00:00:00'), 'volume': 38737600.0}, {'date': Timestamp('2020-01-11 00:00:00'), 'volume': 37163900.0}, {'date': Timestamp('2020-01-04 00:00:00'), 'volume': 9797800.0}]",2026-08-10,2999626.0,90.56999969482422,0.0774344822601297,346
SAH,2670862715.787813,weekly,2020-03-21,4442200.0,2333,0,6,"[{'date': Timestamp('2020-03-21 00:00:00'), 'volume': 4442200.0}, {'date': Timestamp('2020-03-14 00:00:00'), 'volume': 3706300.0}, {'date': Timestamp('2020-03-07 00:00:00'), 'volume': 3118300.0}, {'date': Timestamp('2020-02-22 00:00:00'), 'volume': 2939700.0}, {'date': Timestamp('2020-02-15 00:00:00'), 'volume': 2834700.0}, {'date': Timestamp('2020-01-04 00:00:00'), 'volume': 2021600.0}]",2026-08-10,1733960.0,80.83000183105469,0.3903381207509792,346
CACC,6577920732.325349,weekly,2020-03-21,2816600.0,2333,0,6,"[{'date': Timestamp('2020-03-21 00:00:00'), 'volume': 2816600.0}, {'date': Timestamp('2020-03-14 00:00:00'), 'volume': 2185700.0}, {'date': Timestamp('2020-03-07 00:00:00'), 'volume': 1390500.0}, {'date': Timestamp('2020-02-29 00:00:00'), 'volume': 1040500.0}, {'date': Timestamp('2020-01-25 00:00:00'), 'volume': 1001700.0}, {'date': Timestamp('2020-01-04 00:00:00'), 'volume': 690400.0}]",2026-08-10,625302.0,587.27001953125,0.2220059646382162,346
ADX,3004304120.0,weekly,2020-03-21,4412000.0,2333,0,3,"[{'date': Timestamp('2020-03-21 00:00:00'), 'volume': 4412000.0}, {'date': Timestamp('2020-02-22 00:00:00'), 'volume': 4298500.0}, {'date': Timestamp('2020-01-04 00:00:00'), 'volume': 2179200.0}]",2026-08-10,1518607.0,26.290000915527344,0.3441992293744333,346
MAIN,4743411488.787408,weekly,2020-03-16,10231900.0,2338,0,5,"[{'date': Timestamp('2020-03-16 00:00:00'), 'volume': 10231900.0}, {'date': Timestamp('2020-02-24 00:00:00'), 'volume': 6169100.0}, {'date': Timestamp('2020-01-27 00:00:00'), 'volume': 1459200.0}, {'date': Timestamp('2020-01-13 00:00:00'), 'volume': 1339400.0}, {'date': Timestamp('2020-01-06 00:00:00'), 'volume': 1124300.0}]",2026-08-10,3765087.0,58.79999923706055,0.3679753515964777,345
GDV,2537691626.0,weekly,2020-03-16,6954400.0,2338,0,4,"[{'date': Timestamp('2020-03-16 00:00:00'), 'volume': 6954400.0}, {'date': Timestamp('2020-03-09 00:00:00'), 'volume': 3729900.0}, {'date': Timestamp('2020-02-24 00:00:00'), 'volume': 3541200.0}, {'date': Timestamp('2020-01-06 00:00:00'), 'volume': 1778400.0}]",2026-08-10,433622.0,30.76000022888184,0.062352179914874,345
RRR,7018677645.118452,weekly,2020-03-16,23884700.0,2338,0,6,"[{'date': Timestamp('2020-03-16 00:00:00'), 'volume': 23884700.0}, {'date': Timestamp('2020-03-09 00:00:00'), 'volume': 11742600.0}, {'date': Timestamp('2020-03-02 00:00:00'), 'volume': 6467800.0}, {'date': Timestamp('2020-02-03 00:00:00'), 'volume': 4840900.0}, {'date': Timestamp('2020-01-13 00:00:00'), 'volume': 3514400.0}, {'date': Timestamp('2020-01-06 00:00:00'), 'volume': 1861600.0}]",2026-08-10,3340509.0,63.65999984741211,0.1398597847157385,345
POST,4052292516.070804,weekly,2020-03-16,9086864.0,2338,0,5,"[{'date': Timestamp('2020-03-16 00:00:00'), 'volume': 9086864.0}, {'date': Timestamp('2020-02-24 00:00:00'), 'volume': 7930013.0}, {'date': Timestamp('2020-02-03 00:00:00'), 'volume': 5131177.0}, {'date': Timestamp('2020-01-13 00:00:00'), 'volume': 3437847.0}, {'date': Timestamp('2020-01-06 00:00:00'), 'volume': 3072808.0}]",2026-08-10,5512002.0,80.94999694824219,0.6065901283435077,345
WH,6540560456.563399,weekly,2020-03-16,13878600.0,2338,0,4,"[{'date': Timestamp('2020-03-16 00:00:00'), 'volume': 13878600.0}, {'date': Timestamp('2020-02-24 00:00:00'), 'volume': 10138500.0}, {'date': Timestamp('2020-02-10 00:00:00'), 'volume': 4428200.0}, {'date': Timestamp('2020-01-06 00:00:00'), 'volume': 3990800.0}]",2026-08-10,6481183.0,73.62999725341797,0.4669911230239361,345
CNO,4902663527.6316,weekly,2020-03-16,13440600.0,2338,0,6,"[{'date': Timestamp('2020-03-16 00:00:00'), 'volume': 13440600.0}, {'date': Timestamp('2020-03-09 00:00:00'), 'volume': 12544900.0}, {'date': Timestamp('2020-02-24 00:00:00'), 'volume': 11921700.0}, {'date': Timestamp('2020-02-10 00:00:00'), 'volume': 7612300.0}, {'date': Timestamp('2020-01-13 00:00:00'), 'volume': 5497100.0}, {'date': Timestamp('2020-01-06 00:00:00'), 'volume': 4590200.0}]",2026-08-10,3155359.0,55.27999877929688,0.2347632546166093,345
HCC,4291743649.206693,weekly,2020-03-16,9419800.0,2338,0,4,"[{'date': Timestamp('2020-03-16 00:00:00'), 'volume': 9419800.0}, {'date': Timestamp('2020-02-24 00:00:00'), 'volume': 7844400.0}, {'date': Timestamp('2020-01-13 00:00:00'), 'volume': 5893200.0}, {'date': Timestamp('2020-01-06 00:00:00'), 'volume': 4159600.0}]",2026-08-10,2663962.0,98.1999969482422,0.2828045181426357,345
DK,2930770252.2153907,weekly,2020-03-16,30455900.0,2338,0,5,"[{'date': Timestamp('2020-03-16 00:00:00'), 'volume': 30455900.0}, {'date': Timestamp('2020-03-09 00:00:00'), 'volume': 28227700.0}, {'date': Timestamp('2020-03-02 00:00:00'), 'volume': 17492700.0}, {'date': Timestamp('2020-02-24 00:00:00'), 'volume': 13519400.0}, {'date': Timestamp('2020-01-06 00:00:00'), 'volume': 7274000.0}]",2026-08-10,6977112.0,65.47000122070312,0.2290890106678837,345
CSQ,3242681400.0,weekly,2020-03-16,6695200.0,2338,0,5,"[{'date': Timestamp('2020-03-16 00:00:00'), 'volume': 6695200.0}, {'date': Timestamp('2020-03-09 00:00:00'), 'volume': 4888000.0}, {'date': Timestamp('2020-02-24 00:00:00'), 'volume': 4067100.0}, {'date': Timestamp('2020-01-13 00:00:00'), 'volume': 1800400.0}, {'date': Timestamp('2020-01-06 00:00:00'), 'volume': 1359800.0}]",2026-08-10,930438.0,20.93000030517578,0.1389709045286175,345
DRH,2557838070.9242544,weekly,2020-03-16,43746300.0,2338,0,3,"[{'date': Timestamp('2020-03-16 00:00:00'), 'volume': 43746300.0}, {'date': Timestamp('2020-02-24 00:00:00'), 'volume': 30679900.0}, {'date': Timestamp('2020-01-06 00:00:00'), 'volume': 18239800.0}]",2026-08-10,11125878.0,12.359999656677246,0.2543272916795249,345
UTF,2664957672.0,weekly,2020-03-16,5572400.0,2338,0,4,"[{'date': Timestamp('2020-03-16 00:00:00'), 'volume': 5572400.0}, {'date': Timestamp('2020-03-09 00:00:00'), 'volume': 3783900.0}, {'date': Timestamp('2020-02-24 00:00:00'), 'volume': 3553700.0}, {'date': Timestamp('2020-01-06 00:00:00'), 'volume': 2112500.0}]",2026-08-10,1329576.0,27.020000457763672,0.23860024406001,345
PAGP,4702202243.005526,weekly,2020-03-16,40833500.0,2338,0,6,"[{'date': Timestamp('2020-03-16 00:00:00'), 'volume': 40833500.0}, {'date': Timestamp('2020-03-09 00:00:00'), 'volume': 34516000.0}, {'date': Timestamp('2020-02-24 00:00:00'), 'volume': 23362500.0}, {'date': Timestamp('2020-02-03 00:00:00'), 'volume': 15769600.0}, {'date': Timestamp('2020-01-13 00:00:00'), 'volume': 13729500.0}, {'date': Timestamp('2020-01-06 00:00:00'), 'volume': 10864600.0}]",2026-08-10,8263439.0,25.84000015258789,0.2023691086975155,345
EPRT,6621451102.817763,weekly,2020-03-16,16951200.0,2338,0,2,"[{'date': Timestamp('2020-03-16 00:00:00'), 'volume': 16951200.0}, {'date': Timestamp('2020-01-06 00:00:00'), 'volume': 9226000.0}]",2026-08-10,5259695.0,31.059999465942383,0.3102845226296663,345
PLNT,4189805141.673084,weekly,2020-03-16,34431100.0,2338,0,5,"[{'date': Timestamp('2020-03-16 00:00:00'), 'volume': 34431100.0}, {'date': Timestamp('2020-02-24 00:00:00'), 'volume': 15694300.0}, {'date': Timestamp('2020-02-10 00:00:00'), 'volume': 4535500.0}, {'date': Timestamp('2020-01-13 00:00:00'), 'volume': 4526700.0}, {'date': Timestamp('2020-01-06 00:00:00'), 'volume': 3840700.0}]",2026-08-10,13551442.0,50.36000061035156,0.3935814423587977,345
NVG,2703188520.0,weekly,2020-03-16,9546100.0,2338,0,5,"[{'date': Timestamp('2020-03-16 00:00:00'), 'volume': 9546100.0}, {'date': Timestamp('2020-03-09 00:00:00'), 'volume': 8363700.0}, {'date': Timestamp('2020-02-24 00:00:00'), 'volume': 3219500.0}, {'date': Timestamp('2020-02-03 00:00:00'), 'volume': 1772100.0}, {'date': Timestamp('2020-01-06 00:00:00'), 'volume': 1608700.0}]",2026-08-10,3036729.0,12.479999542236328,0.3181120038549774,345
MUSA,9721675777.699732,weekly,2020-03-16,4933900.0,2338,0,4,"[{'date': Timestamp('2020-03-16 00:00:00'), 'volume': 4933900.0}, {'date': Timestamp('2020-03-09 00:00:00'), 'volume': 4384700.0}, {'date': Timestamp('2020-01-27 00:00:00'), 'volume': 3776200.0}, {'date': Timestamp('2020-01-06 00:00:00'), 'volume': 1993200.0}]",2026-08-10,1287230.0,569.1199951171875,0.2608950323273678,345
ETY,2226748380.0,weekly,2020-03-16,7366500.0,2338,0,4,"[{'date': Timestamp('2020-03-16 00:00:00'), 'volume': 7366500.0}, {'date': Timestamp('2020-03-09 00:00:00'), 'volume': 5594500.0}, {'date': Timestamp('2020-02-24 00:00:00'), 'volume': 5494600.0}, {'date': Timestamp('2020-01-06 00:00:00'), 'volume': 1642600.0}]",2026-08-10,1365633.0,14.619999885559082,0.1853842394624312,345
CCS,2066786856.1127737,weekly,2020-03-16,5651100.0,2338,0,5,"[{'date': Timestamp('2020-03-16 00:00:00'), 'volume': 5651100.0}, {'date': Timestamp('2020-02-10 00:00:00'), 'volume': 3385300.0}, {'date': Timestamp('2020-02-03 00:00:00'), 'volume': 2899900.0}, {'date': Timestamp('2020-01-13 00:00:00'), 'volume': 1448400.0}, {'date': Timestamp('2020-01-06 00:00:00'), 'volume': 1346200.0}]",2026-08-10,894013.0,70.62999725341797,0.1582015890711542,345
KYN,2328865020.0,weekly,2020-03-16,24813800.0,2338,0,5,"[{'date': Timestamp('2020-03-16 00:00:00'), 'volume': 24813800.0}, {'date': Timestamp('2020-03-09 00:00:00'), 'volume': 20147000.0}, {'date': Timestamp('2020-02-24 00:00:00'), 'volume': 8391900.0}, {'date': Timestamp('2020-01-27 00:00:00'), 'volume': 5294800.0}, {'date': Timestamp('2020-01-06 00:00:00'), 'volume': 4729800.0}]",2026-08-10,1621999.0,14.81999969482422,0.0653668120158943,345
ENVA,5749406783.575029,weekly,2020-03-16,4296900.0,2338,0,5,"[{'date': Timestamp('2020-03-16 00:00:00'), 'volume': 4296900.0}, {'date': Timestamp('2020-02-03 00:00:00'), 'volume': 2832100.0}, {'date': Timestamp('2020-01-27 00:00:00'), 'volume': 2177600.0}, {'date': Timestamp('2020-01-13 00:00:00'), 'volume': 1271800.0}, {'date': Timestamp('2020-01-06 00:00:00'), 'volume': 1108700.0}]",2026-08-10,1031375.0,265.45001220703125,0.2400276943843236,345
PFSI,4469693259.911743,weekly,2020-03-16,11633700.0,2338,0,6,"[{'date': Timestamp('2020-03-16 00:00:00'), 'volume': 11633700.0}, {'date': Timestamp('2020-03-09 00:00:00'), 'volume': 7832900.0}, {'date': Timestamp('2020-02-10 00:00:00'), 'volume': 6520000.0}, {'date': Timestamp('2020-02-03 00:00:00'), 'volume': 3092300.0}, {'date': Timestamp('2020-01-13 00:00:00'), 'volume': 2544800.0}, {'date': Timestamp('2020-01-06 00:00:00'), 'volume': 1507400.0}]",2026-08-10,2815477.0,78.02999877929688,0.242010452392618,345
AXS,8015190414.361639,weekly,2020-03-16,7288100.0,2338,0,6,"[{'date': Timestamp('2020-03-16 00:00:00'), 'volume': 7288100.0}, {'date': Timestamp('2020-03-09 00:00:00'), 'volume': 4799800.0}, {'date': Timestamp('2020-02-24 00:00:00'), 'volume': 3860100.0}, {'date': Timestamp('2020-01-27 00:00:00'), 'volume': 2956700.0}, {'date': Timestamp('2020-01-20 00:00:00'), 'volume': 2934500.0}, {'date': Timestamp('2020-01-06 00:00:00'), 'volume': 2823500.0}]",2026-08-10,3642951.0,101.1999969482422,0.4998492062403095,345
GPI,3590160952.158633,weekly,2020-03-14,3342600.0,2340,0,6,"[{'date': Timestamp('2020-03-14 00:00:00'), 'volume': 3342600.0}, {'date': Timestamp('2020-03-07 00:00:00'), 'volume': 2381500.0}, {'date': Timestamp('2020-02-01 00:00:00'), 'volume': 1814200.0}, {'date': Timestamp('2020-01-18 00:00:00'), 'volume': 1072700.0}, {'date': Timestamp('2020-01-11 00:00:00'), 'volume': 1034200.0}, {'date': Timestamp('2020-01-04 00:00:00'), 'volume': 954300.0}]",2026-08-10,934554.0,263.95001220703125,0.279588942739185,346
AMG,9032404980.344744,weekly,2020-03-14,6591500.0,2340,0,5,"[{'date': Timestamp('2020-03-14 00:00:00'), 'volume': 6591500.0}, {'date': Timestamp('2020-02-22 00:00:00'), 'volume': 5518700.0}, {'date': Timestamp('2020-02-01 00:00:00'), 'volume': 4372200.0}, {'date': Timestamp('2020-01-25 00:00:00'), 'volume': 3335600.0}, {'date': Timestamp('2020-01-04 00:00:00'), 'volume': 2885900.0}]",2026-08-10,1499638.0,374.3699951171875,0.2275108852309793,346
PPLI,3330328455.380818,weekly,2020-03-14,61419669.0,2340,0,4,"[{'date': Timestamp('2020-03-14 00:00:00'), 'volume': 61419669.0}, {'date': Timestamp('2020-03-07 00:00:00'), 'volume': 40408353.0}, {'date': Timestamp('2020-02-01 00:00:00'), 'volume': 37660449.0}, {'date': Timestamp('2020-01-04 00:00:00'), 'volume': 26100338.0}]",2026-08-10,4245049.0,40.400001525878906,0.0691154652754641,346
GEF,3819430987.25872,weekly,2020-03-14,2604600.0,2340,0,5,"[{'date': Timestamp('2020-03-14 00:00:00'), 'volume': 2604600.0}, {'date': Timestamp('2020-02-22 00:00:00'), 'volume': 2117900.0}, {'date': Timestamp('2020-01-25 00:00:00'), 'volume': 1015400.0}, {'date': Timestamp('2020-01-11 00:00:00'), 'volume': 985300.0}, {'date': Timestamp('2020-01-04 00:00:00'), 'volume': 983900.0}]",2026-08-10,1136919.0,87.3499984741211,0.4365042616908546,346
BYD,6667414667.609504,weekly,2020-03-14,25735500.0,2340,0,6,"[{'date': Timestamp('2020-03-14 00:00:00'), 'volume': 25735500.0}, {'date': Timestamp('2020-03-07 00:00:00'), 'volume': 14047600.0}, {'date': Timestamp('2020-02-22 00:00:00'), 'volume': 11874200.0}, {'date': Timestamp('2020-01-25 00:00:00'), 'volume': 5660300.0}, {'date': Timestamp('2020-01-18 00:00:00'), 'volume': 3761000.0}, {'date': Timestamp('2020-01-04 00:00:00'), 'volume': 3590300.0}]",2026-08-10,4167648.0,84.12999725341797,0.1619415981815002,346
SKYW,3938662655.150778,weekly,2020-03-14,7363300.0,2340,0,8,"[{'date': Timestamp('2020-03-14 00:00:00'), 'volume': 7363300.0}, {'date': Timestamp('2020-03-07 00:00:00'), 'volume': 4964300.0}, {'date': Timestamp('2020-02-29 00:00:00'), 'volume': 4658300.0}, {'date': Timestamp('2020-02-22 00:00:00'), 'volume': 3403300.0}, {'date': Timestamp('2020-02-01 00:00:00'), 'volume': 2520600.0}, {'date': Timestamp('2020-01-25 00:00:00'), 'volume': 1625300.0}, {'date': Timestamp('2020-01-11 00:00:00'), 'volume': 1495400.0}, {'date': Timestamp('2020-01-04 00:00:00'), 'volume': 999500.0}]",2026-08-10,1532714.0,107.58000183105467,0.2081558540328385,346
AB,3353048375.050923,weekly,2020-03-14,8511200.0,2340,0,6,"[{'date': Timestamp('2020-03-14 00:00:00'), 'volume': 8511200.0}, {'date': Timestamp('2020-03-07 00:00:00'), 'volume': 6084300.0}, {'date': Timestamp('2020-02-22 00:00:00'), 'volume': 4521300.0}, {'date': Timestamp('2020-02-15 00:00:00'), 'volume': 2457700.0}, {'date': Timestamp('2020-02-08 00:00:00'), 'volume': 2009200.0}, {'date': Timestamp('2020-01-04 00:00:00'), 'volume': 2007300.0}]",2026-08-10,1858604.0,36.650001525878906,0.2183715574772065,346
AWR,3236137424.691745,weekly,2020-03-14,3498600.0,2340,0,2,"[{'date': Timestamp('2020-03-14 00:00:00'), 'volume': 3498600.0}, {'date': Timestamp('2020-01-04 00:00:00'), 'volume': 1706700.0}]",2026-08-10,1109243.0,88.97000122070312,0.3170533927856857,346
EPR,4567507823.363821,weekly,2020-03-14,20446200.0,2340,0,5,"[{'date': Timestamp('2020-03-14 00:00:00'), 'volume': 20446200.0}, {'date': Timestamp('2020-03-07 00:00:00'), 'volume': 12518600.0}, {'date': Timestamp('2020-02-22 00:00:00'), 'volume': 7954000.0}, {'date': Timestamp('2020-02-08 00:00:00'), 'volume': 3760500.0}, {'date': Timestamp('2020-01-04 00:00:00'), 'volume': 3080900.0}]",2026-08-10,4791157.0,61.25,0.2343299488413495,346
OSW,2862718703.793103,weekly,2020-03-09,19081600.0,2345,0,5,"[{'date': Timestamp('2020-03-09 00:00:00'), 'volume': 19081600.0}, {'date': Timestamp('2020-02-24 00:00:00'), 'volume': 8968200.0}, {'date': Timestamp('2020-02-03 00:00:00'), 'volume': 5437300.0}, {'date': Timestamp('2020-01-13 00:00:00'), 'volume': 3519200.0}, {'date': Timestamp('2020-01-06 00:00:00'), 'volume': 2004700.0}]",2026-08-10,2542806.0,26.920000076293945,0.1332595799094415,345
NMZ,2233366160.0,weekly,2020-03-09,6843600.0,2345,0,3,"[{'date': Timestamp('2020-03-09 00:00:00'), 'volume': 6843600.0}, {'date': Timestamp('2020-02-24 00:00:00'), 'volume': 2768800.0}, {'date': Timestamp('2020-01-06 00:00:00'), 'volume': 2176800.0}]",2026-08-10,3551558.0,10.25,0.5189604886317143,345
MTDR,6196493672.224881,weekly,2020-03-09,106422000.0,2345,0,5,"[{'date': Timestamp('2020-03-09 00:00:00'), 'volume': 106422000.0}, {'date': Timestamp('2020-02-24 00:00:00'), 'volume': 34370400.0}, {'date': Timestamp('2020-02-10 00:00:00'), 'volume': 14428900.0}, {'date': Timestamp('2020-02-03 00:00:00'), 'volume': 13200400.0}, {'date': Timestamp('2020-01-06 00:00:00'), 'volume': 12396800.0}]",2026-08-10,10660272.0,53.68999862670898,0.1001698145120369,345
PRKS,2221026178.677586,weekly,2020-03-09,19917100.0,2345,0,3,"[{'date': Timestamp('2020-03-09 00:00:00'), 'volume': 19917100.0}, {'date': Timestamp('2020-02-24 00:00:00'), 'volume': 14128400.0}, {'date': Timestamp('2020-01-06 00:00:00'), 'volume': 6638700.0}]",2026-08-10,2142542.0,44.93000030517578,0.1075729900437312,345
GKOS,8482351661.356948,weekly,2020-03-09,15891200.0,2345,0,3,"[{'date': Timestamp('2020-03-09 00:00:00'), 'volume': 15891200.0}, {'date': Timestamp('2020-02-24 00:00:00'), 'volume': 8032000.0}, {'date': Timestamp('2020-01-06 00:00:00'), 'volume': 2671400.0}]",2026-08-10,3553069.0,184.52999877929688,0.2235872054973822,345
SBRA,4927794300.010358,weekly,2020-03-09,29414900.0,2345,0,6,"[{'date': Timestamp('2020-03-09 00:00:00'), 'volume': 29414900.0}, {'date': Timestamp('2020-03-02 00:00:00'), 'volume': 18227100.0}, {'date': Timestamp('2020-02-10 00:00:00'), 'volume': 13049100.0}, {'date': Timestamp('2020-01-27 00:00:00'), 'volume': 9875800.0}, {'date': Timestamp('2020-01-13 00:00:00'), 'volume': 8408300.0}, {'date': Timestamp('2020-01-06 00:00:00'), 'volume': 6090400.0}]",2026-08-10,13693908.0,20.31999969482422,0.4655432450900734,345
MUR,4962762334.189318,weekly,2020-03-07,54163700.0,2347,0,5,"[{'date': Timestamp('2020-03-07 00:00:00'), 'volume': 54163700.0}, {'date': Timestamp('2020-02-29 00:00:00'), 'volume': 17823300.0}, {'date': Timestamp('2020-01-25 00:00:00'), 'volume': 15314100.0}, {'date': Timestamp('2020-01-11 00:00:00'), 'volume': 12609900.0}, {'date': Timestamp('2020-01-04 00:00:00'), 'volume': 9887700.0}]",2026-08-10,9927044.0,34.56999969482422,0.1832785426401815,346
OII,3992777692.329693,weekly,2020-03-07,24980000.0,2347,0,3,"[{'date': Timestamp('2020-03-07 00:00:00'), 'volume': 24980000.0}, {'date': Timestamp('2020-02-22 00:00:00'), 'volume': 10115400.0}, {'date': Timestamp('2020-01-04 00:00:00'), 'volume': 6738000.0}]",2026-08-10,3250372.0,52.20000076293945,0.1301189751801441,346
AOS,8506783091.154589,weekly,2020-03-07,21287300.0,2347,0,6,"[{'date': Timestamp('2020-03-07 00:00:00'), 'volume': 21287300.0}, {'date': Timestamp('2020-02-29 00:00:00'), 'volume': 19660900.0}, {'date': Timestamp('2020-02-22 00:00:00'), 'volume': 18714300.0}, {'date': Timestamp('2020-01-25 00:00:00'), 'volume': 17328800.0}, {'date': Timestamp('2020-01-11 00:00:00'), 'volume': 9738300.0}, {'date': Timestamp('2020-01-04 00:00:00'), 'volume': 5848600.0}]",2026-08-10,6252194.0,62.16999816894531,0.293705354835982,346
BOKF,8451715114.927775,weekly,2020-03-07,5021500.0,2347,0,4,"[{'date': Timestamp('2020-03-07 00:00:00'), 'volume': 5021500.0}, {'date': Timestamp('2020-02-29 00:00:00'), 'volume': 1450300.0}, {'date': Timestamp('2020-01-18 00:00:00'), 'volume': 1346000.0}, {'date': Timestamp('2020-01-04 00:00:00'), 'volume': 775800.0}]",2026-08-10,996389.0,146.07000732421875,0.1984245743303793,346
CNX,4772039538.321333,weekly,2020-03-07,61516400.0,2347,0,5,"[{'date': Timestamp('2020-03-07 00:00:00'), 'volume': 61516400.0}, {'date': Timestamp('2020-02-22 00:00:00'), 'volume': 32858300.0}, {'date': Timestamp('2020-01-25 00:00:00'), 'volume': 31030500.0}, {'date': Timestamp('2020-01-18 00:00:00'), 'volume': 21175400.0}, {'date': Timestamp('2020-01-04 00:00:00'), 'volume': 16668500.0}]",2026-08-10,7269148.0,35.720001220703125,0.1181660175172799,346
PRDO,2089895381.11128,weekly,2020-03-07,7984800.0,2347,0,4,"[{'date': Timestamp('2020-03-07 00:00:00'), 'volume': 7984800.0}, {'date': Timestamp('2020-02-22 00:00:00'), 'volume': 4893800.0}, {'date': Timestamp('2020-02-15 00:00:00'), 'volume': 2263300.0}, {'date': Timestamp('2020-01-04 00:00:00'), 'volume': 2049700.0}]",2026-08-10,4010706.0,32.0099983215332,0.5022926059513075,346
MCRI,2376127632.8939075,weekly,2020-03-07,2055700.0,2347,0,4,"[{'date': Timestamp('2020-03-07 00:00:00'), 'volume': 2055700.0}, {'date': Timestamp('2020-02-08 00:00:00'), 'volume': 1914400.0}, {'date': Timestamp('2020-02-01 00:00:00'), 'volume': 1280000.0}, {'date': Timestamp('2020-01-04 00:00:00'), 'volume': 472400.0}]",2026-08-10,710554.0,124.08000183105467,0.3456506299557328,346
HWC,6040587628.720981,weekly,2020-03-07,10833000.0,2347,0,5,"[{'date': Timestamp('2020-03-07 00:00:00'), 'volume': 10833000.0}, {'date': Timestamp('2020-02-29 00:00:00'), 'volume': 4479400.0}, {'date': Timestamp('2020-02-22 00:00:00'), 'volume': 3998600.0}, {'date': Timestamp('2020-01-11 00:00:00'), 'volume': 3189500.0}, {'date': Timestamp('2020-01-04 00:00:00'), 'volume': 2131300.0}]",2026-08-10,3284875.0,79.77999877929688,0.3032285608787963,346
RRC,8852328395.528778,weekly,2020-03-07,142933700.0,2347,0,3,"[{'date': Timestamp('2020-03-07 00:00:00'), 'volume': 142933700.0}, {'date': Timestamp('2020-02-22 00:00:00'), 'volume': 83275800.0}, {'date': Timestamp('2020-01-04 00:00:00'), 'volume': 67096600.0}]",2026-08-10,10918471.0,40.31999969482422,0.07638836047762,346
MSM,6598499195.670772,weekly,2020-03-07,7746400.0,2347,0,2,"[{'date': Timestamp('2020-03-07 00:00:00'), 'volume': 7746400.0}, {'date': Timestamp('2020-01-04 00:00:00'), 'volume': 5619800.0}]",2026-08-10,4026509.0,123.81999969482422,0.5197909996901786,346
TMHC,6606517021.052237,weekly,2020-02-03,46717700.0,2352,0,4,"[{'date': Timestamp('2020-02-03 00:00:00'), 'volume': 46717700}, {'date': Timestamp('2020-01-27 00:00:00'), 'volume': 9408400}, {'date': Timestamp('2020-01-20 00:00:00'), 'volume': 7464600}, {'date': Timestamp('2020-01-06 00:00:00'), 'volume': 7311300}]",2026-07-13,9001999.0,72.12999725341797,0.1926892591030808,341
QGEN,8121405721.399845,weekly,2020-02-29,39513882.0,2354,0,3,"[{'date': Timestamp('2020-02-29 00:00:00'), 'volume': 39513882.0}, {'date': Timestamp('2020-01-11 00:00:00'), 'volume': 16266410.0}, {'date': Timestamp('2020-01-04 00:00:00'), 'volume': 10961424.0}]",2026-08-10,19828342.0,42.95000076293945,0.501806985200796,346
BRSL,2060704369.5483868,weekly,2020-02-29,37829700.0,2354,0,4,"[{'date': Timestamp('2020-02-29 00:00:00'), 'volume': 37829700.0}, {'date': Timestamp('2020-02-22 00:00:00'), 'volume': 14694500.0}, {'date': Timestamp('2020-01-11 00:00:00'), 'volume': 8340100.0}, {'date': Timestamp('2020-01-04 00:00:00'), 'volume': 7386400.0}]",2026-08-10,12035363.0,11.789999961853027,0.3181458748020735,346
TPC,4184447294.7980623,weekly,2020-02-22,15734500.0,2361,0,4,"[{'date': Timestamp('2020-02-22 00:00:00'), 'volume': 15734500.0}, {'date': Timestamp('2020-01-18 00:00:00'), 'volume': 3924700.0}, {'date': Timestamp('2020-01-11 00:00:00'), 'volume': 2368500.0}, {'date': Timestamp('2020-01-04 00:00:00'), 'volume': 1982600.0}]",2026-08-10,2387900.0,96.81999969482422,0.1517620515427881,346
KN,3426704256.854621,weekly,2020-02-03,12678500.0,2380,0,2,"[{'date': Timestamp('2020-02-03 00:00:00'), 'volume': 12678500.0}, {'date': Timestamp('2020-01-06 00:00:00'), 'volume': 4208300.0}]",2026-08-10,2829216.0,38.5099983215332,0.2231506881728911,345
DAR,8343686315.137529,weekly,2020-02-01,37301600.0,2382,0,4,"[{'date': Timestamp('2020-02-01 00:00:00'), 'volume': 37301600.0}, {'date': Timestamp('2020-01-25 00:00:00'), 'volume': 10291800.0}, {'date': Timestamp('2020-01-11 00:00:00'), 'volume': 5817600.0}, {'date': Timestamp('2020-01-04 00:00:00'), 'volume': 4503100.0}]",2026-08-10,11586479.0,67.04000091552734,0.3106161397902502,346
REYN,5652781010.49715,weekly,2020-01-27,26201800.0,2387,0,1,"[{'date': Timestamp('2020-01-27 00:00:00'), 'volume': 26201800.0}]",2026-08-10,5165655.0,26.25,0.1971488600019846,342
LOPE,3851466819.888275,weekly,2020-01-27,9172600.0,2387,0,3,"[{'date': Timestamp('2020-01-27 00:00:00'), 'volume': 9172600.0}, {'date': Timestamp('2020-01-13 00:00:00'), 'volume': 2154700.0}, {'date': Timestamp('2020-01-06 00:00:00'), 'volume': 2107800.0}]",2026-08-10,1403116.0,144.1999969482422,0.1529681878638553,345
AVNT,3476732427.896216,weekly,2020-01-25,14042700.0,2389,0,3,"[{'date': Timestamp('2020-01-25 00:00:00'), 'volume': 14042700.0}, {'date': Timestamp('2020-01-11 00:00:00'), 'volume': 3051800.0}, {'date': Timestamp('2020-01-04 00:00:00'), 'volume': 2856800.0}]",2026-08-10,5616128.0,46.34000015258789,0.3999322067693535,346
GATX,6470229782.27129,weekly,2020-01-18,2769700.0,2396,0,3,"[{'date': Timestamp('2020-01-18 00:00:00'), 'volume': 2769700.0}, {'date': Timestamp('2020-01-11 00:00:00'), 'volume': 2206200.0}, {'date': Timestamp('2020-01-04 00:00:00'), 'volume': 1031400.0}]",2026-08-10,885998.0,180.63999938964844,0.319889518720439,346
SLM,4799432231.044291,weekly,2020-01-18,45984800.0,2396,0,2,"[{'date': Timestamp('2020-01-18 00:00:00'), 'volume': 45984800.0}, {'date': Timestamp('2020-01-04 00:00:00'), 'volume': 17581100.0}]",2026-08-10,11060038.0,28.030000686645508,0.2405150832448983,346
SHAK,2432985090.3924303,weekly,2020-01-13,26363900.0,2401,0,2,"[{'date': Timestamp('2020-01-13 00:00:00'), 'volume': 26363900.0}, {'date': Timestamp('2020-01-06 00:00:00'), 'volume': 6354900.0}]",2026-08-10,7033477.0,74.83999633789062,0.2667843907767819,345
CMC,7673406490.333379,weekly,2020-01-04,20720600.0,2410,0,1,"[{'date': Timestamp('2020-01-04 00:00:00'), 'volume': 20720600.0}]",2026-08-10,5842678.0,71.62999725341797,0.2819743636767275,346
