Symbol,market_cap,timeframe,HVD_date_1,HVD_vol_1,HVD_date_2,HVD_vol_2,HVD_date_3,HVD_vol_3,HVD_date_4,HVD_vol_4,HVD_date_5,HVD_vol_5,HVD_date_6,HVD_vol_6,HVD_date_7,HVD_vol_7,HVD_date_8,HVD_vol_8,HVD_date_9,HVD_vol_9,HVD_date_10,HVD_vol_10,HVD_date_11,HVD_vol_11,HVD_date_12,HVD_vol_12,HVD_date_13,HVD_vol_13,HVD_date_14,HVD_vol_14,HVD_date_15,HVD_vol_15,HVD_date_16,HVD_vol_16,HVD_date_17,HVD_vol_17,HVD_date_18,HVD_vol_18,HVD_date_19,HVD_vol_19,HVD_date_20,HVD_vol_20
BELFA,4291331386.026283,monthly,2026-08-01,2203887,2026-07-01,1264987,2026-06-01,755644,2026-05-01,908951,2026-04-01,1708300,2026-03-01,1558400,2026-02-01,406400,2026-01-01,1335300,2025-12-01,577000,2025-11-01,538900,2025-10-01,271600,2025-06-01,286500,2025-01-01,232200.0,2024-11-01,269600.0,2024-10-01,251800.0,2024-09-01,322100.0,2024-08-01,223400.0,2024-07-01,383000.0,2024-06-01,517700.0,2024-05-01,272700.0
CAI,5229593062.780748,monthly,2026-08-01,63832908,2026-07-31,3511207,2026-07-17,3294597,2026-07-01,25000222,2026-06-01,16612079,2026-05-01,54739355,2026-04-01,36716900,2026-03-01,60025600,2026-02-01,18779100,2026-01-01,53072700,2025-12-01,56194600,2025-11-01,32852700,2025-10-01,15652600.0,2025-09-01,14835600.0,2025-08-01,14863500.0,2025-07-01,12294400.0,2025-06-01,27860600.0,,,,,,
CLBT,3432291945.425178,monthly,2026-08-01,62376265,2026-05-01,40310583,2026-04-01,34098400,2026-03-01,37802200,2026-01-01,28218400,2025-11-01,28397000,2025-10-01,28220300,2025-09-01,39347100,2025-08-01,50180700,2025-07-01,32798800,2025-06-01,30841300,2025-05-01,29991000,2025-03-01,27956700.0,2025-02-01,54578900.0,2025-01-01,30753500.0,2024-11-01,37024700.0,2024-10-01,26332300.0,2024-08-01,38014500.0,2024-07-01,33143000.0,2024-06-01,26012600.0
CHYM,7742308911.675972,monthly,2026-08-01,129322562,2026-07-31,7283940,2026-07-17,7594655,2026-07-01,33985607,2026-06-01,21864485,2026-05-01,98582214,2026-04-01,70061800,2026-03-01,120353300,2026-02-01,25957800,2026-01-01,59150200,2025-12-01,84721200,2025-11-01,97837100,2025-10-01,61762800.0,2025-09-01,69168200.0,2025-08-01,49762000.0,2025-07-01,53723000.0,2025-06-01,94703900.0,,,,,,
DOCS,3818368359.29471,monthly,2026-08-01,131758626,2026-05-01,95960201,2026-04-01,64634100,2026-03-01,58377300,2026-02-01,63557400,2026-01-01,53538900,2025-12-01,62546300,2025-05-01,71069400,2025-03-01,52369100,2025-02-01,67117300,2024-11-01,54941500,2023-09-01,53259700,2023-08-01,64215700.0,2023-06-01,59240500.0,2022-11-01,65437700.0,2022-05-01,76523700.0,2022-03-01,56803900.0,2022-02-01,54059500.0,2021-12-01,57404200.0,2021-11-01,73790000.0
CLBK,2170654777.113546,monthly,2026-08-01,66127939,2026-07-31,4924816,2026-07-17,7387353,2026-05-01,6574170,2026-04-01,4939000,2026-03-01,6243900,2025-04-01,4581700,2023-06-01,5603800,2023-05-01,4344100,2023-03-01,6527100,2022-06-01,4416400,2021-06-01,6022700,2021-03-01,5218000.0,2020-12-01,4163900.0,2020-11-01,4135700.0,2020-10-01,4829500.0,2020-09-01,4882400.0,2020-06-01,5064300.0,2020-04-01,4856300.0,2020-03-01,7761100.0
FA,3056790242.695704,monthly,2026-08-01,38023052,2026-05-01,19073622,2026-04-01,21084900,2026-03-01,29312500,2025-11-01,18087300,2025-10-01,16954300,2025-09-01,17898700,2025-08-01,17554100,2025-07-01,17583600,2025-06-01,24981500,2025-05-01,25391400,2025-04-01,31696700,2025-03-01,27464300.0,2025-02-01,17667500.0,2024-12-01,18754600.0,2024-11-01,27359200.0,2024-10-01,15686100.0,2022-11-01,16012100.0,2021-11-01,28529600.0,2021-09-01,16478100.0
RNW,2254383196.4740973,monthly,2026-08-01,45299093,2025-12-01,42944300,2025-11-01,21288200,2025-10-01,33369000,2025-07-01,27746600,2025-02-01,21058400,2025-01-01,26375900,2024-12-01,32207200,2024-10-01,21109200,2024-07-01,26012500,2024-06-01,22645900,2024-05-01,33199100,2023-03-01,30636400.0,2023-02-01,21979900.0,2022-11-01,23236100.0,2022-10-01,29411900.0,2022-03-01,36494500.0,2021-11-01,21206500.0,2021-10-01,31746700.0,2021-02-01,30794900.0
LMAT,2185901654.7835617,monthly,2026-08-01,6523916,2026-05-01,4582602,2026-04-01,3487200,2026-03-01,6022400,2025-12-01,3956600,2025-11-01,3714600,2025-09-01,3933500,2025-08-01,4565900,2025-05-01,4721400,2025-04-01,4022300,2025-03-01,5934200,2025-02-01,3837700,2024-12-01,4459100.0,2023-10-01,3881300.0,2022-04-01,3623800.0,2021-07-01,3513400.0,2021-06-01,3742000.0,2021-03-01,3525700.0,2020-03-01,3924900.0,2020-02-01,3501700.0
PLBL,2868813795.871324,monthly,2026-08-01,2634168,2026-07-31,94021,2026-07-17,130869,2026-07-01,5934869,2026-06-01,123738,2026-05-01,79814,2026-04-01,249500,2026-03-01,70300,2026-02-01,49600,2026-01-01,177000,2025-12-01,48700,2025-11-01,104300,2025-10-01,757400.0,2025-09-01,624400.0,2025-08-01,1143200.0,,,,,,,,,,
NAVN,5803839429.936081,monthly,2026-08-01,22950969,2026-07-31,1264565,2026-07-17,2935253,2026-07-01,40516904,2026-06-01,119833600,2026-05-01,73619500,2026-04-01,55679900,2026-03-01,72173900,2026-02-01,32522000,2026-01-01,37890900,2025-12-01,47655600,2025-11-01,34319200,2025-10-01,20929500.0,,,,,,,,,,,,,,
CBC,7159477009.95563,monthly,2026-08-01,8602400,2026-07-31,439242,2026-07-17,488299,2026-07-01,5669066,2026-06-01,18621500,2026-05-01,12257800,2026-04-01,15253000,2026-03-01,16271000,2026-02-01,4895000,2026-01-01,4057700,2025-12-01,6237500,2025-11-01,2414700,,,,,,,,,,,,,,,,
BLLN,5435286567.312189,monthly,2026-08-01,11489056,2026-07-31,521056,2026-07-17,617975,2026-07-01,5549979,2026-06-01,17540000,2026-05-01,15914500,2026-04-01,8665300,2026-03-01,7255400,2026-02-01,4523600,2026-01-01,4867400,2025-12-01,4634700,2025-11-01,4463500,,,,,,,,,,,,,,,,
PTRN,4050233544.97017,monthly,2026-08-01,21866281,2026-07-31,969535,2026-07-17,1841093,2026-07-01,18088465,2026-06-01,53433500,2026-05-01,31698100,2026-04-01,12526500,2026-03-01,24706100,2026-02-01,17549600,2026-01-01,23225700,2025-12-01,18970500,2025-11-01,12198800,2025-10-01,19492000.0,2025-09-01,35542000.0,,,,,,,,,,,,
NTSK,4156374432.4463553,monthly,2026-08-01,50809793,2026-07-31,3815431,2026-07-17,4963354,2026-07-01,32905837,2026-06-01,179600000,2026-05-01,79267100,2026-04-01,90020500,2026-03-01,117190600,2026-02-01,52835300,2026-01-01,55709400,2025-12-01,60315700,2025-11-01,33781100,2025-10-01,37610900.0,2025-09-01,79637600.0,,,,,,,,,,,,
WBI,3835784517.769763,monthly,2026-08-01,6209105,2026-07-31,550373,2026-07-17,794200,2026-07-01,7862426,2026-06-01,44557600,2026-05-01,12954000,2026-04-01,15090200,2026-03-01,28483800,2026-02-01,12740800,2026-01-01,11477800,2025-12-01,10057000,2025-11-01,8912400,2025-10-01,14500400.0,2025-09-01,24458000.0,,,,,,,,,,,,
STUB,4655422913.958333,monthly,2026-08-01,84330059,2026-07-31,2893451,2026-07-17,6348114,2026-07-01,47133036,2026-06-01,178726800,2026-05-01,124421000,2026-04-01,75433000,2026-03-01,121776200,2026-02-01,69899100,2026-01-01,62926400,2025-12-01,64233600,2025-11-01,93510100,2025-10-01,77741000.0,2025-09-01,112557700.0,,,,,,,,,,,,
AGYS,2889332947.1641884,monthly,2026-05-01,8400947,2026-04-01,5578100,2026-03-01,6710200,2026-01-01,6785200,2025-10-01,6190800,2025-07-01,5977700,2025-06-01,5592100,2025-05-01,7114500,2025-04-01,5290700,2025-03-01,5767800,2025-02-01,8316100,2025-01-01,8217500,2024-07-01,5343700.0,2024-06-01,5247000.0,2024-05-01,5380600.0,2024-01-01,5032200.0,2020-07-01,5124100.0,2020-06-01,6160500.0,2020-04-01,5349400.0,2020-03-01,8263500.0
PDFS,2594907506.3627496,monthly,2026-08-01,5343597,2026-07-01,6004483,2026-05-01,16671672,2026-04-01,9909700,2026-03-01,7429100,2026-01-01,6029300,2025-12-01,5741200,2025-11-01,5977500,2025-10-01,5179100,2025-09-01,7000700,2025-08-01,6991800,2025-07-01,5816200,2025-06-01,4804600.0,2025-04-01,5232800.0,2025-03-01,5102200.0,2025-02-01,5286000.0,2023-11-01,6082500.0,2023-10-01,4782000.0,2023-03-01,5018700.0,2020-08-01,4946400.0
JHG,8001146005.018682,monthly,2026-05-01,38550577,2026-04-01,37170400,2026-03-01,96223500,2025-12-01,40013800,2025-10-01,39479700,2025-05-01,32502900,2025-04-01,36968900,2025-03-01,33618700,2023-03-01,33736500,2022-09-01,37706100,2022-06-01,32347900,2022-03-01,32094000,2021-02-01,45106000.0,2020-10-01,38489200.0,2020-09-01,34122500.0,2020-07-01,33050200.0,2020-06-01,56066900.0,2020-05-01,33163300.0,2020-03-01,47135000.0,2020-02-01,31873300.0
WK,2752653614.9255023,monthly,2026-05-01,22636599,2026-04-01,19972800,2026-03-01,16454900,2026-01-01,15170600,2025-12-01,13549400,2025-11-01,12420800,2025-10-01,17813900,2025-09-01,17612500,2025-08-01,20725500,2025-07-01,11535000,2025-05-01,13795700,2025-04-01,17962200,2025-03-01,13841700.0,2025-02-01,12706900.0,2025-01-01,14539800.0,2023-08-01,12500600.0,2022-05-01,11000100.0,2021-08-01,10263900.0,2020-06-01,11751500.0,2020-03-01,13259400.0
LFST,3986938111.663967,monthly,2026-08-01,62842658,2026-05-01,103397938,2026-04-01,81342500,2026-03-01,53051600,2025-12-01,49653200,2025-11-01,51002400,2025-09-01,42165200,2025-08-01,66414000,2025-07-01,52578800,2025-06-01,42635300,2025-05-01,41267500,2025-04-01,34164500,2025-03-01,47989200.0,2024-11-01,42264100.0,2024-08-01,39419100.0,2024-07-01,33852000.0,2024-05-01,49460900.0,2024-02-01,38343400.0,2021-08-01,41279600.0,2021-06-01,33846400.0
RXO,4472638977.582156,monthly,2026-05-01,58034801,2026-04-01,36409600,2026-03-01,42133800,2026-01-01,37265000,2025-12-01,44764900,2025-11-01,49602200,2025-10-01,38507200,2025-09-01,46678200,2025-08-01,42840200,2025-07-01,36253200,2025-06-01,34308800,2025-05-01,38348100,2025-04-01,44702900.0,2025-03-01,28739200.0,2025-02-01,27187500.0,2024-09-01,45334200.0,2023-06-01,34416200.0,2023-01-01,47334500.0,2022-12-01,26147900.0,2022-11-01,33714900.0
BFAM,3689832329.94799,monthly,2026-05-01,31290529,2026-04-01,13217600,2026-03-01,19046200,2025-12-01,14290600,2025-11-01,15398000,2025-10-01,19198900,2025-09-01,13247900,2025-08-01,14083000,2024-12-01,12188300,2024-11-01,16595600,2022-11-01,12110100,2022-05-01,15299800,2021-05-01,13175600.0,2020-09-01,12378100.0,2020-08-01,13246300.0,2020-07-01,11842000.0,2020-06-01,13941300.0,2020-05-01,13655200.0,2020-04-01,14848700.0,2020-03-01,22145100.0
FIG,9838372132.7791,monthly,2026-08-01,297312318,2026-07-31,15189221,2026-07-17,28779879,2026-07-01,196247423,2026-06-01,104758350,2026-05-01,372917120,2026-04-01,329369200,2026-03-01,282954600,2026-02-01,149854900,2026-01-01,166347300,2025-12-01,105780500,2025-11-01,196530900,2025-10-01,248096800.0,2025-09-01,222900800.0,2025-08-01,261319300.0,2025-07-01,64409000.0,,,,,,,,
HUBS,9499354003.402864,monthly,2026-08-01,30223415,2026-05-01,34703922,2026-04-01,31536100,2026-03-01,28436100,2026-02-01,20337800,2026-01-01,24557700,2025-11-01,19458600,2025-10-01,20757900,2025-08-01,22730300,2025-07-01,16450300,2025-04-01,16685600,2024-07-01,21528100,2024-05-01,18226200.0,2023-02-01,17368900.0,2022-11-01,19607500.0,2022-09-01,16493800.0,2022-05-01,20629200.0,2022-01-01,21549200.0,2020-04-01,19798400.0,2020-03-01,26691400.0
RELY,4710251330.582798,monthly,2026-08-01,42738577,2026-05-01,108785954,2026-04-01,68256300,2026-03-01,71773400,2026-01-01,58645200,2025-12-01,65571000,2025-11-01,105466600,2025-10-01,64002100,2025-09-01,74543400,2025-08-01,95755300,2025-07-01,81400500,2025-06-01,70278100,2025-05-01,64763900.0,2025-04-01,43671300.0,2025-03-01,57771700.0,2025-02-01,47599800.0,2024-11-01,46643900.0,2024-10-01,41973000.0,2024-07-01,48651600.0,2024-05-01,55243100.0
HESM,7766739072.001848,monthly,2026-05-01,45714134,2026-04-01,42947300,2026-03-01,30301700,2026-01-01,30540500,2025-12-01,26120500,2025-11-01,37666000,2025-10-01,34089600,2025-09-01,37679700,2025-08-01,30689900,2025-07-01,37475000,2025-06-01,28969700,2025-05-01,23970300,2025-04-01,22539300.0,2025-03-01,29743500.0,2025-02-01,25308800.0,2025-01-01,20964300.0,2024-05-01,22832200.0,2024-02-01,21388900.0,2023-09-01,21283800.0,2022-03-01,28628600.0
VSH,7669578222.385244,monthly,2026-08-01,53499674,2026-07-01,60252838,2026-06-01,64933032,2026-05-01,86106610,2026-04-01,57874400,2026-03-01,40666500,2026-01-01,47484200,2025-11-01,39805800,2025-10-01,37622600,2025-08-01,41600100,2025-05-01,37845700,2025-04-01,61997500,2025-03-01,46074200.0,2025-02-01,41243800.0,2024-12-01,61437000.0,2024-11-01,46346700.0,2024-09-01,35274000.0,2024-02-01,33012100.0,2023-09-01,35295300.0,2020-03-01,33832300.0
KVYO,4459269135.7590885,monthly,2026-08-01,97368427,2026-07-01,38233807,2026-06-01,40133656,2026-05-01,141250761,2026-04-01,91305000,2026-03-01,80055800,2026-02-01,48462000,2026-01-01,73627100,2025-12-01,46773000,2025-11-01,64720700,2025-10-01,67275100,2025-09-01,65159100,2025-08-01,55502300.0,2025-06-01,38571400.0,2025-05-01,66009900.0,2025-04-01,45959600.0,2025-03-01,32188800.0,2024-11-01,36945200.0,2024-08-01,35280200.0,2024-03-01,32372900.0
PRIM,5051676610.981758,monthly,2026-05-01,42772165,2026-04-01,15131700,2026-03-01,18360900,2026-01-01,14527000,2025-12-01,29913500,2025-11-01,16476500,2025-10-01,17406600,2025-09-01,18816100,2025-08-01,20678000,2025-07-01,18327300,2025-06-01,15908700,2025-05-01,24258200,2025-04-01,17664300.0,2025-03-01,21901400.0,2025-02-01,19159800.0,2025-01-01,14484500.0,2024-11-01,16742200.0,2024-07-01,14772700.0,2024-06-01,14163600.0,2021-03-01,17002800.0
SEM,2045058663.5347428,monthly,2026-04-01,33042000,2026-03-01,83528500,2025-10-01,30411400,2025-05-01,36859800,2024-12-01,30867300,2024-11-01,32539327,2024-08-01,30343559,2022-06-01,36092704,2022-05-01,35223168,2022-03-01,35817088,2022-01-01,35001189,2021-12-01,33430643,2021-06-01,38803394.0,2021-03-01,40773536.0,2020-07-01,30009106.0,2020-06-01,33718325.0,2020-05-01,36098455.0,2020-04-01,44772474.0,2020-03-01,55684642.0,2020-02-01,36860344.0
SPXX,2475157400.0,monthly,2026-08-01,2461440,2026-07-01,2542151,2026-06-01,1491158,2026-05-01,3558291,2026-04-01,6886000,2026-03-01,1635500,2025-04-01,1412700,2025-03-01,1617900,2025-02-01,1420400,2022-09-01,1526800,2022-05-01,1519900,2022-01-01,1723600,2021-01-01,1809000.0,2020-11-01,1546400.0,2020-09-01,1814100.0,2020-08-01,1704800.0,2020-07-01,1452700.0,2020-06-01,1513200.0,2020-04-01,2056600.0,2020-03-01,3488600.0
QLYS,4341200505.586625,monthly,2026-08-01,9515485,2026-05-01,13014350,2026-04-01,19752900,2026-03-01,14411600,2025-12-01,9150500,2025-11-01,9530200,2024-11-01,12677500,2024-08-01,9941900,2024-05-01,10866800,2024-03-01,9102700,2024-02-01,13047100,2022-03-01,9307700,2021-03-01,11763000.0,2021-02-01,12983500.0,2020-12-01,12413400.0,2020-09-01,9113700.0,2020-06-01,17859200.0,2020-05-01,11007100.0,2020-04-01,11704000.0,2020-03-01,11859100.0
LION,4766391545.891276,monthly,2026-08-01,37563809,2026-07-01,18202589,2026-06-01,14469430,2026-05-01,55645662,2026-04-01,80724200,2026-03-01,50613300,2026-02-01,20283700,2026-01-01,51236800,2025-12-01,74308400,2025-11-01,37455200,2025-10-01,47515600,2025-09-01,60981800,2025-08-01,47400500.0,2025-07-01,51467500.0,2025-06-01,49456500.0,2025-05-01,54236700.0,2024-04-01,22622100.0,2024-03-01,15558700.0,2024-01-01,21419500.0,2023-03-01,17209800.0
SITE,5167668927.074267,monthly,2026-05-01,13989847,2026-04-01,16391900,2026-03-01,12858900,2026-01-01,13987500,2025-12-01,10449200,2025-11-01,12576700,2025-10-01,14686100,2025-09-01,11455700,2025-08-01,11096900,2025-07-01,14560700,2025-05-01,10701200,2025-04-01,14442700,2025-03-01,10552700.0,2024-07-01,13672700.0,2024-06-01,9652500.0,2023-11-01,9211100.0,2022-05-01,9724700.0,2021-06-01,14875100.0,2020-04-01,9815500.0,2020-03-01,14172900.0
AESI,2123394888.4014423,monthly,2026-08-01,39017791,2026-07-01,23092848,2026-05-01,70435597,2026-04-01,145954000,2026-03-01,71394500,2026-01-01,49435200,2025-12-01,54286800,2025-11-01,75928900,2025-10-01,60056000,2025-09-01,40089400,2025-08-01,31440300,2025-07-01,29274600,2025-06-01,39959700.0,2025-05-01,42618800.0,2025-04-01,38920200.0,2025-03-01,36158700.0,2025-02-01,34007600.0,2025-01-01,28990800.0,2024-11-01,34995900.0,2024-06-01,36627400.0
COHU,3022996223.469121,monthly,2026-07-01,11502674,2026-06-01,11865877,2026-05-01,21002175,2026-04-01,25443100,2026-03-01,13319300,2026-01-01,15931300,2025-11-01,12720500,2025-10-01,22657200,2025-09-01,19331300,2025-04-01,14530900,2025-03-01,13075500,2021-12-01,11680800,2021-11-01,11383700.0,2021-08-01,12997100.0,2021-07-01,12186000.0,2021-06-01,13340500.0,2021-04-01,13570800.0,2021-03-01,22659500.0,2021-01-01,11716200.0,2020-12-01,14138800.0
BMI,4111662889.630092,monthly,2026-05-01,8167635,2026-04-01,17576000,2026-03-01,8153700,2026-01-01,8339700,2025-12-01,4756400,2025-11-01,5623500,2025-10-01,9114200,2025-09-01,8128500,2025-08-01,6625200,2025-07-01,9721400,2025-05-01,5135800,2025-04-01,6710000,2025-03-01,5819400.0,2024-12-01,4404100.0,2024-10-01,4793600.0,2024-04-01,4682400.0,2024-01-01,4426000.0,2021-03-01,5060500.0,2021-01-01,5390100.0,2020-03-01,6446800.0
RLAY,4044972375.008413,monthly,2026-06-01,35315181,2026-05-01,64451956,2026-04-01,79390400,2026-03-01,57194400,2026-01-01,44372000,2025-12-01,47886300,2025-11-01,45303100,2025-10-01,43138900,2025-09-01,35092900,2025-07-01,56083900,2025-05-01,45684000,2025-04-01,58402200,2025-03-01,55586200.0,2025-01-01,57112500.0,2024-12-01,56089200.0,2024-10-01,33785900.0,2024-09-01,73773000.0,2023-04-01,47211800.0,2023-01-01,34592200.0,2022-09-01,37723100.0
MXL,8650139797.1483,monthly,2026-08-01,26396415,2026-07-01,25556097,2026-06-01,31117385,2026-05-01,79104211,2026-04-01,115671900,2026-01-01,25258400,2025-12-01,28602800,2025-10-01,37281800,2025-08-01,32198000,2025-07-01,37754400,2025-04-01,37499000,2025-03-01,32122700,2025-02-01,37165500.0,2025-01-01,45972400.0,2024-12-01,33879600.0,2024-10-01,37257100.0,2024-07-01,35586200.0,2023-08-01,26961300.0,2023-07-01,43386400.0,2022-05-01,28828900.0
ESE,8805329212.538292,monthly,2026-05-01,4630162,2026-04-01,7846600,2026-03-01,6168900,2026-01-01,3557200,2025-12-01,4848400,2025-11-01,4053300,2025-09-01,4956100,2025-08-01,5144300,2025-07-01,3219000,2025-06-01,4154700,2025-05-01,3751100,2025-04-01,3371800,2025-03-01,4078200.0,2024-07-01,3716300.0,2024-04-01,3137600.0,2023-06-01,3567900.0,2021-12-01,4027600.0,2021-06-01,3901900.0,2020-03-01,3800800.0,2020-02-01,3871300.0
WING,4541300568.260912,monthly,2026-05-01,22308927,2026-04-01,30470500,2026-03-01,24726700,2025-12-01,16684900,2025-11-01,20198800,2025-10-01,18970900,2025-09-01,19553800,2025-07-01,16962000,2025-05-01,17439900,2025-04-01,21311100,2025-03-01,17331500,2025-02-01,21047000,2023-02-01,15552300.0,2022-10-01,22406400.0,2022-09-01,15526900.0,2022-07-01,20200500.0,2022-05-01,17958100.0,2020-09-01,19150000.0,2020-06-01,17082800.0,2020-03-01,20896200.0
SXI,4125130973.142781,monthly,2026-07-01,1637870,2026-05-01,2850684,2026-04-01,4336400,2026-03-01,4251500,2026-01-01,2690300,2025-12-01,3443500,2025-11-01,2391100,2025-10-01,3323700,2025-09-01,1988400,2025-08-01,2836000,2025-07-01,2473900,2025-06-01,2575900,2025-05-01,1743000.0,2025-04-01,1747700.0,2023-06-01,1925200.0,2023-03-01,1691100.0,2021-08-01,1735800.0,2021-03-01,1641300.0,2020-09-01,1727700.0,2020-06-01,1986800.0
DCO,2680100450.316061,monthly,2026-08-01,2666527,2026-07-01,2594623,2026-05-01,3451169,2026-04-01,4603000,2026-03-01,3986100,2026-01-01,3055200,2025-10-01,3529900,2025-09-01,2691000,2025-08-01,2526000,2025-07-01,3152500,2025-06-01,3013300,2024-12-01,2958600,2024-11-01,2891400.0,2024-04-01,2799200.0,2024-01-01,2667100.0,2023-06-01,2383400.0,2023-05-01,3302200.0,2020-04-01,2287000.0,2020-03-01,3460800.0,2020-02-01,3442900.0
GRC,2357114066.375894,monthly,2026-07-01,1849961,2026-05-01,1750915,2026-04-01,4520100,2026-03-01,3740400,2026-01-01,1949100,2025-12-01,1906400,2025-10-01,2263700,2024-09-01,1786500,2024-07-01,2377600,2024-06-01,2873100,2024-05-01,2346800,2024-04-01,2278100,2022-10-01,2281600.0,2022-09-01,1752300.0,2022-06-01,1773100.0,2022-03-01,2620800.0,2021-06-01,2537300.0,2021-03-01,2136400.0,2020-06-01,2089400.0,2020-03-01,1854100.0
SRAD,4571090183.304499,monthly,2026-08-01,41276471,2026-06-01,15036553,2026-05-01,46839205,2026-04-01,107277200,2026-03-01,57430000,2026-02-01,20554300,2026-01-01,64401200,2025-12-01,31031100,2025-11-01,46020500,2025-10-01,55276700,2025-09-01,43979600,2025-08-01,40687100,2025-07-01,39951000.0,2025-06-01,39890400.0,2025-05-01,38903600.0,2025-04-01,58071700.0,2025-03-01,25296000.0,2025-01-01,20020100.0,2024-11-01,20875400.0,2021-09-01,27160500.0
KRC,4466366087.590509,monthly,2026-04-01,49974000,2026-03-01,47129600,2026-01-01,37806300,2025-12-01,30112700,2025-10-01,31028600,2025-09-01,33556000,2025-08-01,28202600,2025-07-01,41656600,2025-04-01,35997600,2025-03-01,36060400,2025-02-01,33627800,2024-02-01,26539400,2023-12-01,26884200.0,2023-05-01,27262400.0,2023-03-01,40717400.0,2021-06-01,26070600.0,2021-03-01,27559400.0,2021-01-01,26319000.0,2020-11-01,25678200.0,2020-03-01,27789400.0
VC,2751619708.2543497,monthly,2026-04-01,14892700,2026-03-01,12122500,2026-01-01,9941600,2025-12-01,8666600,2025-10-01,12138700,2025-07-01,11797800,2025-06-01,8098400,2025-04-01,9201700,2025-03-01,7983100,2025-02-01,7510800,2024-10-01,8159700,2023-11-01,7834600,2022-09-01,8026600.0,2022-04-01,9727000.0,2022-02-01,7893000.0,2020-06-01,7884500.0,2020-05-01,7584600.0,2020-04-01,7929700.0,2020-03-01,10940300.0,2020-02-01,8890700.0
TENB,3332419309.1676383,monthly,2026-08-01,31222939,2026-07-01,30786803,2026-05-01,58672251,2026-04-01,75882400,2026-03-01,60886400,2026-02-01,37866000,2026-01-01,34706600,2025-12-01,32670000,2025-10-01,28390600,2025-09-01,27382600,2025-08-01,30814300,2025-07-01,32643400,2025-06-01,40544700.0,2025-05-01,32717000.0,2022-05-01,27640600.0,2022-03-01,31726200.0,2021-03-01,28724500.0,2021-02-01,27879400.0,2020-07-01,28577800.0,2020-06-01,29561600.0
DBD,2942720604.9122515,monthly,2026-05-01,4667825,2026-04-01,15363600,2026-03-01,5847900,2026-01-01,4291500,2025-12-01,4979100,2025-11-01,4241900,2025-10-01,3571800,2025-09-01,3885400,2025-08-01,4548100,2025-07-01,5318000,2025-06-01,4943200,2025-04-01,3393900,2024-11-01,4792300.0,2024-10-01,3595300.0,2024-08-01,3653200.0,2024-07-01,4425200.0,2024-06-01,7734700.0,2024-05-01,5291900.0,2024-03-01,3473200.0,2023-12-01,7160900.0
KALU,3058471282.304958,monthly,2026-05-01,3397531,2026-04-01,6314800,2026-03-01,5086800,2026-01-01,3460100,2025-12-01,4609400,2025-10-01,4325000,2025-04-01,5423300,2024-10-01,4393600,2024-07-01,3577000,2024-04-01,4188300,2024-03-01,3984900,2023-12-01,3348500,2023-03-01,4659800.0,2022-12-01,3899500.0,2022-10-01,3366500.0,2022-09-01,3384900.0,2022-07-01,4467100.0,2022-06-01,3294200.0,2021-03-01,3364500.0,2020-03-01,3810300.0
EPRT,6621451102.817763,monthly,2026-04-01,51877200,2026-03-01,48607600,2026-01-01,37546800,2025-12-01,36932900,2025-11-01,34535700,2025-10-01,46260500,2025-09-01,38889200,2025-07-01,42992400,2025-06-01,41085200,2025-04-01,42143400,2025-03-01,48488700,2024-09-01,28987500,2024-08-01,29836000.0,2024-06-01,36135800.0,2024-03-01,38483300.0,2023-12-01,31641000.0,2023-10-01,33279500.0,2020-06-01,41739200.0,2020-04-01,35467400.0,2020-03-01,48685200.0
IFS,6440827299.187432,monthly,2026-05-01,3569803,2026-04-01,7242100,2026-03-01,5628200,2026-01-01,4269700,2025-12-01,4236900,2025-11-01,3630100,2025-10-01,4513800,2025-09-01,4229300,2025-08-01,4672600,2025-07-01,3637800,2025-06-01,5622300,2025-05-01,4709900,2025-04-01,4975200.0,2025-03-01,3620500.0,2025-02-01,4309700.0,2024-11-01,3669100.0,2024-10-01,3548500.0,2024-04-01,3906000.0,2024-02-01,3962200.0,2021-08-01,4240200.0
MZTI,3178758446.244996,monthly,2026-05-01,6454820,2026-04-01,6728500,2026-03-01,6601400,2025-12-01,3449100,2025-06-01,3324100,2025-05-01,3991300,2025-04-01,4302200,2025-03-01,3486000,2024-08-01,3685500,2023-06-01,3731700,2023-03-01,4109400,2022-12-01,3641000,2022-11-01,4610200.0,2022-10-01,4698300.0,2022-07-01,3314900.0,2020-06-01,3572900.0,2020-05-01,3939500.0,2020-04-01,3766800.0,2020-03-01,4688100.0,2020-02-01,3439800.0
FRSH,2830961787.9171205,monthly,2026-08-01,89999604,2026-07-01,200362456,2026-05-01,180138349,2026-04-01,204614000,2026-03-01,123199900,2026-02-01,82527000,2026-01-01,82807700,2025-11-01,91596500,2025-10-01,72470300,2025-09-01,81724600,2025-08-01,100706900,2025-07-01,110920700,2025-04-01,80649100.0,2025-02-01,84084400.0,2025-01-01,79918600.0,2024-12-01,79107700.0,2024-11-01,113994300.0,2024-05-01,85887800.0,2023-08-01,76410600.0,2022-06-01,81564900.0
CWT,2937597955.3842278,monthly,2026-04-01,12634800,2026-03-01,10523800,2026-01-01,6932300,2025-12-01,10269900,2025-11-01,7485700,2025-10-01,9255800,2025-09-01,7113600,2025-07-01,7167900,2025-06-01,7459700,2025-05-01,7294000,2025-04-01,9205400,2025-03-01,7912900,2025-02-01,7236600.0,2025-01-01,7388900.0,2024-12-01,7106000.0,2024-05-01,7614000.0,2024-04-01,10616200.0,2023-07-01,9398200.0,2023-06-01,8023800.0,2020-03-01,11120100.0
NPO,8012498314.254536,monthly,2026-05-01,3594468,2026-04-01,5777700,2026-03-01,5071200,2026-01-01,3374100,2025-12-01,3949900,2025-11-01,3648200,2025-10-01,4754300,2025-08-01,2822700,2025-06-01,2987700,2025-05-01,3228100,2025-04-01,3154400,2025-03-01,2964300,2024-12-01,2800800.0,2024-11-01,2719600.0,2023-06-01,3816200.0,2023-03-01,3072500.0,2022-12-01,2938600.0,2020-06-01,3060600.0,2020-05-01,2789400.0,2020-03-01,3394100.0
FLY,4194567476.043072,monthly,2026-08-01,38514702,2026-07-31,2719443,2026-07-17,5089000,2026-07-01,27651024,2026-06-01,50018239,2026-05-01,105368230,2026-04-01,145593200,2026-03-01,119723100,2026-02-01,28698400,2026-01-01,74574200,2025-12-01,66402000,2025-11-01,43318300,2025-10-01,51405300.0,2025-09-01,30410800.0,2025-08-01,57798700.0,,,,,,,,,,
MNR,2123386007.882027,monthly,2026-08-01,3778628,2026-05-01,9179199,2026-04-01,27848600,2026-03-01,8150500,2026-01-01,6626300,2025-12-01,8514700,2025-11-01,8925600,2025-10-01,7284200,2025-09-01,4744100,2025-08-01,5953600,2025-07-01,7346400,2025-06-01,9416600,2025-05-01,6689700.0,2025-04-01,4811300.0,2025-03-01,5136600.0,2025-02-01,10083300.0,2024-12-01,5901200.0,2024-11-01,4314800.0,2024-09-01,6711300.0,2024-05-01,3668500.0
CVBF,3963183635.0,monthly,2026-05-01,21979883,2026-04-01,49419000,2026-03-01,32263800,2026-01-01,29642500,2025-12-01,31317500,2025-07-01,20214500,2025-04-01,20503300,2024-07-01,20441300,2024-02-01,21060300,2023-12-01,22236100,2023-10-01,25876400,2023-07-01,32233900,2023-06-01,36001900.0,2023-05-01,38384500.0,2023-04-01,27028900.0,2023-03-01,36903800.0,2022-06-01,22302200.0,2022-04-01,20374700.0,2022-03-01,28306200.0,2020-03-01,33896400.0
NSA,6108956184.302629,monthly,2026-04-01,20751900,2026-03-01,64175600,2026-01-01,33484500,2025-12-01,25025300,2025-11-01,22155000,2025-10-01,29381200,2025-09-01,23999600,2025-08-01,22591200,2025-07-01,24503300,2025-06-01,25177500,2025-05-01,20934400,2024-03-01,18505800,2023-09-01,18749500.0,2023-08-01,25776700.0,2023-06-01,20555500.0,2023-03-01,18960600.0,2022-06-01,28821700.0,2022-05-01,21758000.0,2021-07-01,25342500.0,2021-05-01,29556400.0
STEL,2021042515.14519,monthly,2026-04-01,6296100,2026-03-01,8076300,2026-02-01,11036400,2026-01-01,8617700,2025-12-01,5912000,2025-10-01,5051900,2025-09-01,5263500,2025-08-01,5784300,2025-07-01,6541100,2025-06-01,5458300,2025-05-01,5485600,2025-04-01,5364500,2025-03-01,5292000.0,2024-07-01,4952200.0,2023-06-01,4703000.0,2023-03-01,5509300.0,2022-12-01,4641600.0,2022-11-01,4566900.0,2022-10-01,6871600.0,2022-09-01,10566100.0
TFSL,4904758532.737862,monthly,2026-08-01,10988640,2026-05-01,14685545,2026-04-01,14532900,2026-03-01,17811000,2026-01-01,12916100,2025-12-01,16837500,2025-11-01,8750000,2025-10-01,9664700,2025-09-01,9500800,2025-06-01,7523400,2025-04-01,9195300,2023-12-01,9465200,2023-06-01,7874500.0,2023-05-01,9471200.0,2023-03-01,9754600.0,2022-05-01,8234300.0,2021-02-01,9056800.0,2020-06-01,7794500.0,2020-04-01,7976200.0,2020-03-01,9904000.0
CPB,6778227900.288143,monthly,2026-05-01,101599965,2026-04-01,168719100,2026-03-01,250843500,2026-01-01,151517700,2025-12-01,155495100,2025-11-01,106329100,2025-10-01,118218800,2025-09-01,141591200,2025-08-01,120938200,2025-07-01,136512900,2025-06-01,118090100,2025-05-01,69432400,2025-03-01,90041500.0,2024-12-01,67142900.0,2023-12-01,69523800.0,2023-09-01,69187400.0,2023-06-01,69753500.0,2021-06-01,66854300.0,2020-09-01,73086300.0,2020-03-01,105409500.0
ORA,7135986857.24469,monthly,2026-05-01,17646177,2026-04-01,16186500,2026-03-01,22649700,2025-12-01,12631200,2025-10-01,13906200,2025-08-01,12480000,2024-12-01,18109600,2024-04-01,11875400,2023-10-01,11842500,2023-03-01,17114000,2022-11-01,16037700,2022-08-01,15201600,2022-07-01,19128400.0,2022-06-01,15749500.0,2021-04-01,20633900.0,2021-03-01,20960800.0,2021-02-01,13067500.0,2021-01-01,15676700.0,2020-11-01,15489100.0,2020-10-01,12125500.0
MORN,5881032979.207911,monthly,2026-05-01,8746325,2026-04-01,10548000,2026-03-01,11321200,2026-02-01,7019700,2026-01-01,7780900,2025-12-01,8911800,2025-11-01,6777600,2025-10-01,8592400,2025-09-01,10005400,2025-08-01,7486400,2025-07-01,7201200,2025-06-01,5167900,2025-05-01,4106100.0,2025-04-01,4425800.0,2025-03-01,4758500.0,2023-10-01,3793300.0,2023-09-01,9389600.0,2023-07-01,4286600.0,2023-06-01,4265000.0,2022-01-01,4432700.0
SYBT,2252304048.7396665,monthly,2026-04-01,3456600,2026-03-01,4768400,2026-01-01,2598600,2025-12-01,3313400,2025-11-01,3026600,2025-10-01,2556800,2025-07-01,2720400,2025-06-01,2996200,2025-04-01,2722000,2025-01-01,3411300,2024-12-01,3270700,2024-11-01,2634900,2024-10-01,4484700.0,2024-09-01,3537000.0,2024-07-01,2514800.0,2023-06-01,2752300.0,2023-05-01,2995300.0,2023-03-01,3570100.0,2022-06-01,3144500.0,2020-06-01,2704400.0
IHS,2764694691.0,monthly,2026-05-01,17236243,2026-04-01,18303600,2026-03-01,51236700,2026-02-01,10434800,2026-01-01,25949600,2025-12-01,20933100,2025-11-01,14909500,2025-09-01,10457700,2025-08-01,13474900,2025-07-01,18998100,2025-06-01,15658700,2025-05-01,31556300,2025-03-01,17020900.0,2024-08-01,16747900.0,2024-07-01,13092200.0,2024-03-01,14822900.0,2024-02-01,15845900.0,2023-12-01,10369700.0,2023-09-01,12210600.0,2021-10-01,18984700.0
TOWN,3351852435.9158587,monthly,2026-08-01,6066099,2026-05-01,7858145,2026-04-01,9014800,2026-03-01,14072000,2026-01-01,9582100,2025-12-01,8399900,2025-10-01,7856200,2025-09-01,7015300,2025-08-01,6942500,2025-07-01,6068800,2025-04-01,7338000,2024-11-01,5893200,2024-07-01,8065000.0,2024-04-01,5568200.0,2024-03-01,5615200.0,2023-07-01,5481500.0,2023-03-01,6194700.0,2022-03-01,6378600.0,2022-01-01,5377000.0,2020-03-01,6348000.0
PATH,5455809721.821752,monthly,2026-08-01,723951522,2026-07-01,593201819,2026-06-01,275792412,2026-05-01,510840691,2026-04-01,479430200,2026-03-01,829790800,2026-02-01,277940100,2026-01-01,530564400,2025-12-01,639208600,2025-11-01,308730800,2025-10-01,774799700,2025-09-01,375134400,2025-07-01,280574000.0,2025-04-01,334487700.0,2025-03-01,304416000.0,2024-06-01,261152600.0,2024-05-01,256019100.0,2023-12-01,275324500.0,2023-06-01,256653500.0,2023-05-01,256613100.0
RHI,3351137917.926221,monthly,2026-04-01,65682900,2026-03-01,72728900,2026-02-01,35020100,2026-01-01,55477300,2025-12-01,37849600,2025-11-01,52707800,2025-10-01,51424500,2025-09-01,35516500,2025-08-01,38905400,2025-07-01,49494000,2025-06-01,42182600,2025-04-01,44010400,2025-03-01,36204100.0,2024-09-01,30886600.0,2024-06-01,60339700.0,2024-05-01,37170800.0,2022-10-01,31121300.0,2020-06-01,34898700.0,2020-04-01,43432900.0,2020-03-01,38122100.0
COCO,4209773159.607874,monthly,2026-05-01,19076539,2026-04-01,31772500,2026-03-01,34951200,2025-11-01,17947700,2025-10-01,21561900,2025-09-01,26696800,2025-08-01,15939200,2025-07-01,16465700,2025-05-01,16864100,2025-04-01,19241700,2024-07-01,15406300,2024-02-01,16359300,2024-01-01,18349100.0,2023-11-01,19456400.0,2023-10-01,15448900.0,2023-08-01,16895400.0,2023-05-01,19755100.0,2021-12-01,17645100.0,2021-11-01,20427000.0,2021-10-01,15349700.0
CAG,6736395142.502177,monthly,2026-05-01,196359537,2026-04-01,317811600,2026-03-01,349391700,2026-01-01,266329100,2025-12-01,212236400,2025-11-01,185929800,2025-10-01,277512600,2025-09-01,225275600,2025-08-01,251719900,2025-07-01,279007800,2025-06-01,160462300,2025-05-01,145830400,2025-04-01,135877300.0,2025-03-01,135016600.0,2025-02-01,114302400.0,2024-04-01,123576300.0,2024-01-01,128512300.0,2023-10-01,126093400.0,2022-03-01,138080800.0,2020-03-01,156036200.0
GPGI,4365313301.792818,monthly,2026-06-01,41985100,2026-05-01,71492200,2026-04-01,70582900,2026-03-01,133515800,2026-02-01,52034600,2026-01-01,45119800,2025-12-01,21862000,2025-11-01,24978900,2025-09-01,21434000,2025-08-01,25210600,2025-06-01,16524800,2025-05-01,18545500,2025-03-01,24889000.0,2025-02-01,26660028.0,2025-01-01,22182013.0,2024-12-01,22737781.0,2024-11-01,21771812.0,2024-10-01,22074740.0,2024-09-01,29660179.0,2024-08-01,31107509.0
XRAY,2205596809.7142854,monthly,2026-05-01,96554975,2026-04-01,65906100,2026-03-01,103786000,2026-01-01,83217400,2025-12-01,75530700,2025-11-01,82591000,2025-10-01,71469800,2025-09-01,65486800,2025-08-01,82809800,2025-05-01,68473100,2025-04-01,67858300,2025-03-01,70484200,2024-11-01,95923700.0,2024-08-01,71654800.0,2024-05-01,73880200.0,2024-04-01,99840100.0,2024-02-01,76162500.0,2023-11-01,98750400.0,2023-10-01,71017500.0,2020-03-01,88601800.0
BXSL,5581321093.516694,monthly,2026-05-01,36790861,2026-04-01,56519400,2026-03-01,63321600,2026-02-01,24633200,2026-01-01,36819600,2025-12-01,41895300,2025-11-01,29070700,2025-10-01,57245500,2025-09-01,48815200,2025-08-01,22475100,2025-04-01,40527400,2025-03-01,22104900,2025-01-01,21548900.0,2024-12-01,21479000.0,2024-08-01,25144200.0,2024-05-01,21299700.0,2024-01-01,22269000.0,2023-12-01,25712100.0,2023-11-01,25652900.0,2023-03-01,26051500.0
LAZ,3949320048.920729,monthly,2026-05-01,21282824,2026-04-01,27482400,2026-03-01,37455400,2026-01-01,21680800,2025-12-01,20487500,2025-10-01,20500200,2025-07-01,23457000,2025-05-01,20057700,2025-04-01,33620800,2025-03-01,27167800,2025-01-01,21872500,2024-07-01,25701000,2024-03-01,26872100.0,2024-02-01,25114100.0,2024-01-01,26900500.0,2023-11-01,20834700.0,2023-03-01,19366900.0,2022-03-01,22133800.0,2021-03-01,19616300.0,2020-03-01,24860200.0
CECO,5365486195.383531,monthly,2026-08-01,11220936,2026-05-01,12449262,2026-04-01,11537500,2026-03-01,15899700,2025-11-01,7111100,2025-10-01,14008800,2025-09-01,13266500,2025-08-01,9072700,2025-04-01,7102100,2024-11-01,7470300,2024-07-01,7449100,2024-06-01,7056800,2024-03-01,7700500.0,2023-11-01,8128400.0,2023-06-01,10554700.0,2023-03-01,9879300.0,2023-02-01,8576500.0,2023-01-01,8480800.0,2022-08-01,8653100.0,2022-06-01,6988100.0
PTY,2501386656.0,monthly,2026-08-01,14498763,2026-05-01,16450201,2026-04-01,20821300,2026-03-01,35593700,2026-01-01,20337500,2025-12-01,31206700,2025-11-01,18446700,2025-10-01,28595000,2025-09-01,13752200,2025-07-01,13903300,2025-04-01,27424800,2025-03-01,13737500,2024-10-01,14628500.0,2024-08-01,14077600.0,2024-04-01,18749500.0,2021-12-01,14748700.0,2021-09-01,20906600.0,2020-04-01,16423300.0,2020-03-01,26794100.0,2020-02-01,13733600.0
NBHC,2026784577.347787,monthly,2026-04-01,8062500,2026-03-01,16463700,2026-01-01,9404400,2025-12-01,7085100,2025-11-01,5436000,2025-10-01,7863700,2025-09-01,8032800,2025-08-01,6934700,2025-07-01,6442300,2025-04-01,7039600,2025-03-01,6121700,2024-07-01,5801700,2024-06-01,5689600.0,2023-06-01,6360600.0,2023-03-01,7795000.0,2023-01-01,5452100.0,2022-12-01,9694600.0,2022-11-01,5474800.0,2020-04-01,5438200.0,2020-03-01,6719800.0
OBDC,5370025127.044945,monthly,2026-08-01,56694486,2026-05-01,57716794,2026-04-01,94278100,2026-03-01,148498800,2026-02-01,71966800,2026-01-01,74451300,2025-12-01,95110400,2025-11-01,138016300,2025-10-01,128040500,2025-09-01,76433100,2025-07-01,59425700,2025-05-01,54591100,2025-04-01,95951600.0,2025-03-01,94167800.0,2025-02-01,62684800.0,2025-01-01,59701200.0,2024-08-01,54652200.0,2022-05-01,66264300.0,2022-04-01,54721000.0,2022-03-01,58243700.0
GTLB,4909923047.586395,monthly,2026-06-01,78131621,2026-05-01,92233878,2026-04-01,129927600,2026-03-01,157357500,2026-01-01,105528900,2025-12-01,107111100,2025-11-01,67267900,2025-10-01,102815500,2025-09-01,125587100,2025-08-01,94980900,2025-07-01,80979200,2025-06-01,127510200,2025-04-01,62205100.0,2025-03-01,61990800.0,2024-12-01,78955700.0,2024-06-01,70719800.0,2024-03-01,87574000.0,2023-12-01,76070600.0,2023-06-01,91167900.0,2023-03-01,94357200.0
CHE,6149626431.245812,monthly,2026-05-01,3264716,2026-04-01,5524500,2026-03-01,6631800,2026-01-01,3160300,2025-12-01,3044200,2025-11-01,2792700,2025-10-01,4827400,2025-09-01,4212200,2025-08-01,3600200,2025-07-01,3846400,2025-06-01,3432500,2025-05-01,2628100,2025-04-01,3002000.0,2025-03-01,2707800.0,2024-07-01,2340800.0,2021-03-01,2475800.0,2020-06-01,2678000.0,2020-05-01,2310100.0,2020-04-01,2659700.0,2020-03-01,3462900.0
GLNG,5055081694.916284,monthly,2026-03-01,74646200,2025-06-01,33215700,2025-05-01,40682200,2025-04-01,40555300,2025-03-01,49570700,2024-03-01,31172000,2022-08-01,31779200,2022-06-01,34428200,2022-05-01,36793500,2022-03-01,53108200,2021-05-01,39347200,2021-04-01,31123600,2021-03-01,41588900.0,2021-01-01,49387900.0,2020-12-01,40027100.0,2020-10-01,37641600.0,2020-09-01,63685200.0,2020-04-01,39910200.0,2020-03-01,47204200.0,2020-02-01,33684700.0
BETA,3853625520.231105,monthly,2026-08-01,24682097,2026-07-31,1160098,2026-07-17,694128,2026-07-01,9703912,2026-06-01,33268700,2026-05-01,41236600,2026-04-01,25723800,2026-03-01,44146800,2026-02-01,26410800,2026-01-01,14652200,2025-12-01,18940600,2025-11-01,40367200,,,,,,,,,,,,,,,,
LAUR,5195994003.77863,monthly,2026-04-01,28860600,2026-03-01,60317100,2025-12-01,26481200,2025-10-01,25296700,2025-07-01,27433700,2023-06-01,26915000,2023-01-01,27581300,2022-12-01,27539600,2022-11-01,55630200,2022-05-01,27311000,2022-03-01,44651300,2022-02-01,34008200,2021-12-01,32727300.0,2021-11-01,28356000.0,2021-10-01,25423100.0,2021-09-01,35093500.0,2021-01-01,24770400.0,2020-09-01,28983000.0,2020-04-01,26294100.0,2020-03-01,35198100.0
BEPC,5568330506.614833,monthly,2026-08-01,22391224,2026-05-01,24937573,2026-04-01,28702200,2026-03-01,34161100,2025-11-01,26302600,2025-10-01,26112100,2025-06-01,20610300,2025-04-01,25633600,2025-03-01,21800700,2025-01-01,24370300,2024-10-01,24123400,2024-05-01,25330500,2024-04-01,23519000.0,2024-02-01,27130900.0,2023-11-01,21006600.0,2023-10-01,26656800.0,2021-06-01,32635800.0,2021-03-01,25040900.0,2021-02-01,31734100.0,2020-08-01,23020500.0
GTY,2055878967.846608,monthly,2026-04-01,8790000,2026-03-01,11426900,2026-01-01,9394200,2025-12-01,8997000,2025-11-01,7000500,2025-10-01,7717400,2025-07-01,9454000,2025-06-01,7328100,2025-05-01,6898200,2025-04-01,9937800,2025-03-01,7575400,2024-07-01,10283900,2023-12-01,11032000.0,2023-11-01,6840500.0,2023-10-01,7172800.0,2023-06-01,8465100.0,2023-03-01,11055900.0,2022-12-01,7934500.0,2022-11-01,7877300.0,2022-02-01,6874800.0
SEB,4538104571.527796,monthly,2026-08-01,184251,2026-06-01,65671,2026-05-01,105710,2026-04-01,237600,2026-03-01,455400,2026-02-01,160600,2026-01-01,378300,2025-12-01,281400,2025-11-01,208900,2025-06-01,56200,2025-02-01,56000,2024-12-01,58800,2024-11-01,51800.0,2024-10-01,62400.0,2024-07-01,64600.0,2024-06-01,54000.0,2024-05-01,92700.0,2024-04-01,78600.0,2024-03-01,75400.0,2023-12-01,56500.0
PIPR,5409286251.03554,monthly,2026-08-01,5302654,2026-07-01,5282655,2026-06-01,3818352,2026-05-01,10487501,2026-04-01,12340700,2026-03-01,17723400,2025-12-01,2924400,2025-10-01,4574300,2025-08-01,2997800,2025-07-01,3563300,2025-06-01,3235600,2025-05-01,3072900,2025-04-01,3777900.0,2025-03-01,2959500.0,2024-07-01,3505100.0,2023-03-01,3548600.0,2022-04-01,3157800.0,2022-03-01,3131900.0,2020-06-01,3755300.0,2020-03-01,3568300.0
HTGC,2915307609.0958004,monthly,2026-05-01,30916285,2026-04-01,37075000,2026-03-01,61805300,2025-10-01,31030400,2025-05-01,32343300,2025-04-01,29292200,2025-03-01,34030100,2024-11-01,26647600,2024-08-01,34357200,2023-11-01,27523000,2023-08-01,30694800,2023-05-01,33566300,2023-04-01,36438100.0,2023-03-01,54170400.0,2022-06-01,30815600.0,2022-05-01,41081000.0,2022-03-01,26071200.0,2022-01-01,37919900.0,2020-04-01,26764200.0,2020-03-01,45639200.0
PB,7499554509.045517,monthly,2026-07-01,15516994,2026-04-01,20426400,2026-03-01,27303300,2026-02-01,14689800,2026-01-01,23248500,2025-12-01,19397800,2025-11-01,17698000,2025-10-01,25639500,2025-09-01,22085400,2025-08-01,20216800,2025-07-01,18281800,2025-04-01,16445800,2024-07-01,16650500.0,2023-10-01,15922500.0,2023-07-01,21301300.0,2023-06-01,14421600.0,2023-05-01,17292100.0,2023-03-01,24397800.0,2020-04-01,18480000.0,2020-03-01,26967400.0
HTO,2539284413.351555,monthly,2026-05-01,7513338,2026-04-01,13593300,2026-03-01,17374800,2026-01-01,6625200,2025-12-01,9119000,2025-11-01,6675800,2025-10-01,7328700,2025-07-01,5665000,2025-05-01,5713200,2025-04-01,6473300,2025-03-01,5138700,2025-02-01,5301700,2025-01-01,6005400.0,2024-12-01,5332200.0,2024-10-01,5378900.0,2023-07-01,6483800.0,2023-03-01,6689800.0,2023-02-01,4944800.0,2023-01-01,10891600.0,2022-12-01,14649600.0
NESR,2847926560.8539658,monthly,2026-08-01,27558267,2026-07-01,17288447,2026-06-01,8841695,2026-05-01,32507102,2026-04-01,38758400,2026-03-01,57874900,2026-02-01,11109100,2026-01-01,23548300,2025-12-01,18309200,2025-11-01,21880300,2025-10-01,24576000,2025-09-01,15226000,2025-08-01,15573800.0,2025-07-01,16809900.0,2025-06-01,21622600.0,2025-05-01,6805200.0,2025-04-01,8176900.0,2025-03-01,4905800.0,2025-01-01,3697500.0,2024-10-01,4847600.0
WHR,2526805334.5193424,monthly,2026-08-01,27655604,2026-05-01,62835600,2026-04-01,46064800,2026-03-01,68031200,2026-01-01,33935500,2025-12-01,26552700,2025-11-01,28831000,2025-10-01,32035400,2025-09-01,26617600,2025-07-01,48696200,2025-06-01,26894200,2025-04-01,32302200,2024-07-01,25750300.0,2024-06-01,32979100.0,2024-05-01,29986100.0,2024-04-01,30780100.0,2024-03-01,37133300.0,2022-04-01,27748400.0,2022-03-01,27657000.0,2020-03-01,35571200.0
ESTC,5846239484.432836,monthly,2026-04-01,35940400,2026-03-01,50712700,2025-11-01,43239200,2025-10-01,38733900,2025-09-01,37317100,2025-08-01,48093900,2025-06-01,39404300,2025-05-01,48054400,2025-04-01,39602100,2024-11-01,36246500,2024-03-01,35041100,2023-12-01,41420600,2022-12-01,35889300.0,2022-11-01,34578400.0,2022-06-01,37041900.0,2022-05-01,34892300.0,2022-01-01,42515700.0,2021-12-01,37113800.0,2020-06-01,42155900.0,2020-03-01,39397500.0
KRMN,6151870483.829695,monthly,2026-08-01,30843215,2026-07-17,6910959,2026-07-01,20284389,2026-06-01,23442468,2026-05-01,33769143,2026-04-01,34938700,2026-03-01,49091200,2026-02-01,16279500,2026-01-01,38241600,2025-12-01,38879900,2025-11-01,37537500,2025-10-01,26256300,2025-09-01,37243500.0,2025-08-01,26631300.0,2025-07-01,47162900.0,2025-06-01,20739000.0,2025-05-01,15748000.0,2025-04-01,21872000.0,2025-03-01,18209600.0,2025-02-01,23148200.0
MHD,2043990000.0,monthly,2026-08-01,3425998,2026-07-01,3778171,2026-05-01,6523088,2026-04-01,8787700,2026-03-01,9188400,2025-12-01,4073500,2025-10-01,3125000,2024-12-01,3057500,2024-01-01,3134000,2023-12-01,3663700,2023-11-01,3331900,2023-10-01,3066700,2023-09-01,3259500.0,2023-05-01,3026800.0,2022-12-01,6677700.0,2022-11-01,4313600.0,2022-10-01,4319800.0,2022-09-01,3307800.0,2022-05-01,3974800.0,2022-04-01,3925400.0
FDS,8442549791.893699,monthly,2026-08-01,8579535,2026-07-01,8244985,2026-05-01,13620021,2026-04-01,19902600,2026-03-01,21800700,2026-02-01,12840200,2026-01-01,11956500,2025-12-01,17324900,2025-11-01,17525600,2025-10-01,19167800,2025-09-01,16541900,2025-08-01,9053900,2025-06-01,8648700.0,2024-09-01,7555800.0,2024-06-01,7725100.0,2023-06-01,7595000.0,2023-03-01,7266700.0,2022-03-01,7611700.0,2021-12-01,12135100.0,2020-03-01,12281900.0
DNOW,2473498129.743495,monthly,2026-08-01,34530008,2026-05-01,52848412,2026-04-01,58562600,2026-03-01,77353400,2026-01-01,50715600,2025-12-01,39886900,2025-11-01,66850200,2025-10-01,26010800,2025-07-01,32168200,2024-03-01,30383900,2024-02-01,25588600,2021-11-01,41884300,2021-10-01,52059700.0,2021-01-01,27616700.0,2020-12-01,28005100.0,2020-10-01,34161700.0,2020-09-01,37251600.0,2020-06-01,52193100.0,2020-04-01,30887000.0,2020-03-01,37009500.0
CRGY,3342146494.59802,monthly,2026-08-01,66482926,2026-05-01,125072298,2026-04-01,144071400,2026-03-01,249787800,2026-01-01,126970200,2025-12-01,118176800,2025-11-01,124402900,2025-10-01,100815900,2025-09-01,123357200,2025-08-01,94148200,2025-07-01,60140800,2025-06-01,71620600,2025-05-01,78725100.0,2025-04-01,89412300.0,2025-03-01,98025800.0,2024-12-01,102869400.0,2024-10-01,101321800.0,2024-08-01,54288200.0,2024-07-01,68225000.0,2024-05-01,58191700.0
AUGO,5369213974.861442,monthly,2026-08-01,10023126,2026-07-31,870121,2026-07-17,787524,2026-07-01,9276722,2026-06-01,4994139,2026-05-01,10973048,2026-04-01,19697800,2026-03-01,21430800,2026-02-01,9950400,2026-01-01,20119300,2025-12-01,13778000,2025-11-01,9071300,2025-10-01,13486100.0,2025-09-01,7609900.0,2025-08-01,3100700.0,2025-07-01,5176400.0,,,,,,,,
FBIN,5482725199.571859,monthly,2026-05-01,47718065,2026-04-01,50666500,2026-03-01,69129800,2026-01-01,38415500,2025-11-01,35113100,2025-10-01,33897400,2025-08-01,35814300,2025-07-01,47198100,2025-06-01,37051000,2025-05-01,64653000,2025-04-01,45977600,2025-02-01,37165200,2024-07-01,37545900.0,2022-12-01,65824497.0,2022-10-01,37015290.0,2022-05-01,39163878.0,2022-04-01,46599228.0,2022-03-01,38303460.0,2020-04-01,42353649.0,2020-03-01,47550789.0
MMSI,4279042774.8221097,monthly,2026-08-01,13395141,2026-05-01,14830629,2026-04-01,12963000,2026-03-01,19589000,2026-01-01,16040200,2025-12-01,12779400,2025-11-01,13243100,2025-10-01,11801000,2025-09-01,16313900,2025-07-01,17221700,2025-06-01,11288600,2025-05-01,12803000,2025-04-01,19247600.0,2025-03-01,14858500.0,2025-02-01,10647700.0,2025-01-01,10857200.0,2024-01-01,15829200.0,2023-12-01,16404900.0,2020-04-01,11174700.0,2020-03-01,16411600.0
HUBG,2675466096.3838267,monthly,2026-08-01,17751179,2026-05-01,12641627,2026-04-01,13365100,2026-03-01,18919000,2026-02-01,15231300,2025-12-01,18044600,2025-10-01,14793900,2025-09-01,13355700,2025-05-01,13424700,2025-03-01,17101300,2025-02-01,12990600,2024-11-01,13735300,2024-02-01,12686900.0,2023-11-01,13405000.0,2022-05-01,12718600.0,2022-04-01,17447000.0,2020-06-01,12808800.0,2020-05-01,15408400.0,2020-04-01,12662200.0,2020-03-01,14552200.0
CBSH,8424461912.004353,monthly,2026-05-01,16830636,2026-04-01,25601300,2026-03-01,30068500,2026-01-01,25662800,2025-12-01,23568690,2025-11-01,21927990,2025-10-01,26787810,2025-09-01,21494655,2025-08-01,15350265,2025-07-01,20308995,2025-04-01,15694140,2025-03-01,16007880,2024-10-01,15970709.0,2024-07-01,17563820.0,2023-10-01,15540538.0,2023-07-01,16877941.0,2023-05-01,16000114.0,2023-03-01,17460109.0,2020-06-01,14675450.0,2020-03-01,26399757.0
LIF,4301161713.011034,monthly,2026-08-01,14218411,2026-05-01,12957573,2026-04-01,19479200,2026-03-01,46347100,2026-02-01,8104200,2026-01-01,21902800,2025-12-01,19157400,2025-11-01,22816100,2025-10-01,14951800,2025-09-01,25048300,2025-08-01,17153600,2025-07-01,15797200,2025-06-01,19261600.0,2025-05-01,20218800.0,2025-04-01,10789900.0,2025-03-01,18642700.0,2024-12-01,10069500.0,2024-11-01,10825100.0,2024-09-01,6764600.0,2024-08-01,5873100.0
GPOR,2926715318.3165555,monthly,2026-05-01,5080460,2026-04-01,6510400,2026-03-01,8447700,2026-01-01,6075100,2025-11-01,5205700,2025-10-01,5561900,2025-09-01,6550900,2025-08-01,5268300,2025-07-01,6005600,2025-05-01,4961400,2025-04-01,4910300,2025-03-01,5222000,2025-01-01,6071900.0,2024-12-01,5328500.0,2024-11-01,5587100.0,2024-09-01,5059300.0,2024-05-01,5248700.0,2024-03-01,5234300.0,2023-06-01,4976900.0,2022-06-01,7239500.0
PAYC,6153030961.099453,monthly,2026-05-01,17096621,2026-04-01,18799200,2026-03-01,46980200,2026-01-01,19834800,2025-12-01,16917100,2025-11-01,17105900,2025-03-01,16510000,2024-09-01,17439400,2024-08-01,17180600,2024-07-01,16363800,2024-06-01,18882600,2024-05-01,18932400,2024-04-01,16325000.0,2024-02-01,21828300.0,2023-12-01,16250900.0,2023-11-01,39179000.0,2020-05-01,18005400.0,2020-04-01,25310700.0,2020-03-01,25695800.0,2020-02-01,19358200.0
UNF,4622607520.394992,monthly,2026-05-01,3290099,2026-04-01,4517000,2026-03-01,11300700,2026-01-01,3922900,2025-12-01,6218300,2025-11-01,3098500,2025-10-01,3583500,2025-09-01,2470500,2025-07-01,3193300,2025-06-01,2649600,2025-04-01,3410300,2025-03-01,2974000,2025-01-01,4202200.0,2024-07-01,2300400.0,2024-06-01,2398300.0,2022-12-01,2104600.0,2021-03-01,2239600.0,2020-12-01,2135600.0,2020-04-01,2334900.0,2020-03-01,3377200.0
NIC,3469373383.2429504,monthly,2026-08-01,1672767,2026-07-01,1845014,2026-05-01,2046190,2026-04-01,3566900,2026-03-01,4518000,2026-01-01,3547500,2025-12-01,2775200,2025-11-01,2490800,2025-10-01,2609000,2025-09-01,1372000,2025-08-01,1383100,2025-07-01,2524800,2025-06-01,1534400.0,2025-04-01,1390400.0,2025-03-01,2119800.0,2024-11-01,1338900.0,2024-07-01,1640800.0,2022-01-01,1799400.0,2021-12-01,2568600.0,2021-09-01,1358000.0
ALG,2054016146.9983337,monthly,2026-05-01,3641077,2026-04-01,3075600,2026-03-01,4028500,2026-01-01,2187500,2025-12-01,2484700,2025-11-01,2708300,2025-09-01,1845300,2025-07-01,2000900,2025-06-01,3226400,2025-05-01,1851300,2025-04-01,2188900,2025-03-01,3209600,2025-02-01,1928600.0,2025-01-01,2029000.0,2024-12-01,2141200.0,2024-11-01,1944600.0,2024-10-01,1760900.0,2024-07-01,1874700.0,2023-03-01,1793300.0,2020-03-01,1793400.0
BKV,2838582672.240046,monthly,2026-08-01,9280044,2026-07-01,5816871,2026-05-01,13439283,2026-04-01,18508900,2026-03-01,29431000,2026-01-01,13723400,2025-12-01,23897600,2025-11-01,16349100,2025-10-01,12025600,2025-09-01,8085600,2025-07-01,9125100,2025-06-01,8328000,2025-05-01,7442800.0,2025-04-01,8436400.0,2025-03-01,10107000.0,2025-02-01,8565100.0,2025-01-01,10111600.0,2024-12-01,10512900.0,2024-10-01,7363400.0,2024-09-01,8628600.0
DX,2827082982.5958757,monthly,2026-08-01,52183397,2026-05-01,67797230,2026-04-01,117638900,2026-03-01,154614300,2026-02-01,47331300,2026-01-01,153276000,2025-12-01,90922400,2025-11-01,94757600,2025-10-01,112767600,2025-09-01,118031000,2025-08-01,76000300,2025-07-01,87672400,2025-06-01,76306200.0,2025-05-01,68377200.0,2025-04-01,100624900.0,2025-03-01,77772200.0,2025-02-01,55685700.0,2025-01-01,48812000.0,2024-11-01,43351600.0,2024-10-01,50394600.0
OTF,4862369647.094634,monthly,2026-08-01,39283642,2026-07-31,2527383,2026-07-17,2235846,2026-07-01,17519142,2026-06-01,15015484,2026-05-01,30018037,2026-04-01,39560200,2026-03-01,56967100,2026-02-01,23571900,2026-01-01,28011300,2025-12-01,33954400,2025-11-01,15259700,2025-10-01,12250200.0,2025-09-01,17962400.0,2025-08-01,2852200.0,2025-07-01,1343700.0,2025-06-01,1455000.0,,,,,,
GPK,3257720119.597617,monthly,2026-05-01,126497499,2026-04-01,123525200,2026-03-01,193513500,2026-02-01,97391800,2026-01-01,95693200,2025-12-01,115327600,2025-11-01,100736100,2025-10-01,100524700,2025-09-01,85802900,2025-07-01,79467100,2025-05-01,81394200,2023-10-01,80562300,2023-08-01,81555900.0,2023-06-01,145955200.0,2021-07-01,82083100.0,2021-06-01,89638900.0,2021-05-01,76320100.0,2021-04-01,73050400.0,2020-04-01,99593300.0,2020-03-01,114949100.0
NWBI,2215203845.6474485,monthly,2026-04-01,23403400,2026-03-01,39469000,2026-01-01,20373000,2025-12-01,18532200,2025-10-01,20577600,2025-08-01,19278300,2025-07-01,23822200,2025-04-01,22279800,2024-03-01,20977600,2023-12-01,19554700,2023-03-01,25583300,2022-10-01,18676000,2022-09-01,18964300.0,2022-06-01,20907600.0,2022-05-01,19875800.0,2022-03-01,25834000.0,2021-03-01,18642300.0,2020-06-01,18759400.0,2020-04-01,32439400.0,2020-03-01,19915100.0
WIX,2427592829.3456373,monthly,2026-05-01,39663377,2026-04-01,55369800,2026-03-01,69074100,2026-01-01,36330400,2025-12-01,24467300,2025-11-01,36316800,2025-10-01,37164400,2025-09-01,47364900,2025-08-01,34654200,2023-06-01,26810400,2023-05-01,28002900,2022-09-01,29379000,2022-08-01,25402900.0,2022-06-01,25314200.0,2022-05-01,37470600.0,2022-03-01,30214800.0,2022-02-01,27009300.0,2021-08-01,24519200.0,2021-05-01,24193600.0,2020-05-01,29466600.0
NATL,3190283203.02586,monthly,2026-05-01,13843091,2026-04-01,17738400,2026-03-01,34078200,2025-11-01,10632300,2025-09-01,12381500,2025-08-01,18163400,2025-07-01,18898000,2025-04-01,10761800,2025-03-01,11291300,2024-12-01,11178300,2024-08-01,11177900,2024-07-01,19730100,2024-06-01,22951200.0,2024-05-01,15713700.0,2024-04-01,12977000.0,2024-03-01,14176600.0,2024-02-01,10137500.0,2023-12-01,9908900.0,2023-11-01,12964100.0,2023-10-01,33269700.0
MTRN,5970441983.309865,monthly,2026-08-01,4268765,2026-05-01,4265405,2026-04-01,4638600,2026-03-01,5711700,2026-01-01,3460300,2025-12-01,3370200,2025-10-01,3770800,2025-09-01,3224000,2025-08-01,3662700,2025-07-01,5287700,2025-06-01,3492300,2025-05-01,4059200,2023-02-01,3362900.0,2022-12-01,2981400.0,2022-11-01,3017200.0,2021-03-01,4366200.0,2020-06-01,3182900.0,2020-04-01,3514800.0,2020-03-01,4337600.0,2020-02-01,3390900.0
BRZE,2367517626.172713,monthly,2026-05-01,42799705,2026-04-01,60532500,2026-03-01,72694500,2026-02-01,35322800,2026-01-01,52832100,2025-12-01,51998100,2025-10-01,38350300,2025-09-01,62574600,2025-08-01,24806400,2025-07-01,28874100,2025-06-01,45914400,2025-04-01,26992900,2025-03-01,33384800.0,2025-02-01,23365100.0,2024-12-01,33789400.0,2024-11-01,24869900.0,2024-10-01,28216900.0,2024-09-01,33483700.0,2024-06-01,32837200.0,2023-06-01,29949600.0
SLDE,2186935870.0365453,monthly,2026-08-01,8598824,2026-07-31,912794,2026-07-17,848265,2026-07-01,13152625,2026-06-01,5495226,2026-05-01,22905693,2026-04-01,36888600,2026-03-01,57087600,2026-02-01,6994700,2026-01-01,18749800,2025-12-01,28926400,2025-11-01,18292000,2025-10-01,32614900.0,2025-09-01,37578900.0,2025-08-01,16281100.0,2025-07-01,9469300.0,2025-06-01,27362400.0,,,,,,
PLXS,7690866173.688062,monthly,2026-05-01,4362304,2026-04-01,7528200,2026-03-01,8139000,2026-01-01,6620700,2025-12-01,4179400,2025-10-01,4508600,2025-09-01,4125400,2025-07-01,4776600,2025-04-01,4343800,2025-03-01,4457800,2025-01-01,3605300,2024-12-01,4589100,2024-11-01,3748600.0,2023-03-01,3649100.0,2023-01-01,4080400.0,2020-09-01,3655000.0,2020-07-01,5187400.0,2020-06-01,5583100.0,2020-04-01,3971400.0,2020-03-01,5086800.0
DORM,4024912786.327751,monthly,2026-08-01,4794946,2026-05-01,4061607,2026-04-01,4658100,2026-03-01,6857700,2025-12-01,3983900,2025-11-01,3718900,2025-10-01,6213800,2025-08-01,5660200,2025-06-01,3757200,2025-05-01,4372800,2025-04-01,6798800,2025-03-01,5073800,2025-01-01,3890600.0,2024-11-01,4650500.0,2021-03-01,3723400.0,2020-06-01,3885300.0,2020-05-01,4321000.0,2020-04-01,4831500.0,2020-03-01,6645300.0,2020-02-01,4077500.0
FSK,2912690909.4071145,monthly,2026-05-01,64921019,2026-04-01,67996100,2026-03-01,107493600,2026-01-01,41092100,2025-12-01,65455900,2025-11-01,50586300,2025-10-01,62482900,2025-09-01,62047100,2025-08-01,54565000,2025-04-01,51683100,2025-03-01,50872300,2024-03-01,35560600,2024-02-01,40809700.0,2024-01-01,33446500.0,2023-12-01,34930200.0,2022-06-01,36871500.0,2022-03-01,38855100.0,2021-12-01,36151300.0,2021-11-01,33948700.0,2020-03-01,40714775.0
VSEC,6172292890.234118,monthly,2026-08-01,5123886,2026-05-01,7701620,2026-04-01,11062300,2026-03-01,20114100,2026-02-01,9774600,2026-01-01,6184800,2025-12-01,5144900,2025-11-01,4545100,2025-10-01,5769400,2025-09-01,5881000,2025-08-01,5646300,2025-06-01,4771800,2025-05-01,5919900.0,2025-04-01,5716300.0,2025-03-01,5352700.0,2025-02-01,4631300.0,2025-01-01,4693200.0,2024-12-01,5658100.0,2024-10-01,5659600.0,2024-05-01,4358500.0
MTCH,8670516403.932743,monthly,2026-03-01,164711900,2025-08-01,101254500,2025-05-01,116684100,2025-03-01,110192100,2025-02-01,117884600,2024-12-01,100136500,2024-11-01,110173000,2024-08-01,95726600,2024-07-01,147019200,2024-05-01,130860300,2024-03-01,139760000,2024-01-01,152178400,2023-12-01,119268500.0,2023-11-01,160143700.0,2023-08-01,107860500.0,2023-06-01,120197400.0,2023-05-01,132043300.0,2022-12-01,108214200.0,2021-09-01,156335200.0,2020-07-01,113553700.0
RYN,6626229650.048447,monthly,2026-08-01,35010157,2026-05-01,41995414,2026-04-01,42946800,2026-03-01,72265300,2026-02-01,27621800,2026-01-01,60066200,2025-12-01,34756500,2025-11-01,29306000,2025-10-01,29042500,2025-09-01,23182700,2025-08-01,22231800,2025-07-01,24774800,2025-06-01,21186900.0,2025-05-01,24784700.0,2025-04-01,23722100.0,2025-03-01,24675200.0,2025-02-01,25919200.0,2021-06-01,19281500.0,2020-05-01,20700900.0,2020-03-01,21349600.0
SFBS,4838753271.031206,monthly,2026-04-01,5421700,2026-03-01,9398300,2026-01-01,6205600,2025-12-01,6908300,2025-10-01,5715000,2025-09-01,5107900,2025-07-01,4973700,2025-06-01,5716000,2025-04-01,6033600,2025-03-01,5149700,2024-12-01,5117300,2024-07-01,6645600,2023-10-01,5230900.0,2023-07-01,6540400.0,2023-06-01,7372500.0,2023-05-01,6377900.0,2023-03-01,7593100.0,2021-03-01,6628800.0,2020-04-01,5732300.0,2020-03-01,7404700.0
FRME,2752833355.9160714,monthly,2026-04-01,7726500,2026-03-01,10232100,2026-01-01,6585600,2025-12-01,6344300,2025-10-01,7884400,2025-09-01,7216900,2025-07-01,7465600,2025-06-01,7198700,2025-04-01,7171900,2025-03-01,7098100,2024-10-01,6238300,2024-07-01,5910300,2024-03-01,6781200.0,2023-06-01,7186100.0,2023-05-01,5721000.0,2023-03-01,6143500.0,2022-04-01,6490700.0,2022-03-01,7187100.0,2020-06-01,5851900.0,2020-03-01,7770600.0
GRDN,2679096112.772891,monthly,2026-08-01,4357688,2026-07-01,3318530,2026-06-01,2641108,2026-05-01,6268029,2026-04-01,8926100,2026-03-01,12960200,2026-01-01,5452400,2025-12-01,6348000,2025-11-01,7027100,2025-10-01,6746400,2025-09-01,9022300,2025-08-01,5423500,2025-07-01,3433100.0,2025-06-01,6262100.0,2025-05-01,6244100.0,2025-04-01,2113100.0,2024-12-01,5543800.0,2024-11-01,3393000.0,2024-10-01,2623000.0,2024-09-01,3769700.0
NMRK,2710840236.235686,monthly,2026-04-01,28096900,2026-03-01,44443300,2025-09-01,29738000,2025-08-01,31256900,2025-07-01,30547600,2024-10-01,32871400,2024-09-01,30188500,2024-08-01,27483200,2022-09-01,28878300,2022-08-01,29429600,2022-06-01,41531900,2022-05-01,43038900,2022-04-01,29541000.0,2022-03-01,31434800.0,2022-02-01,30210400.0,2021-12-01,29266100.0,2020-06-01,43387900.0,2020-05-01,34732800.0,2020-04-01,41247800.0,2020-03-01,42827600.0
FOUR,3780022858.8499312,monthly,2026-03-01,60670900,2026-01-01,40269900,2025-12-01,33819700,2025-11-01,49536800,2025-10-01,48189100,2025-09-01,39050400,2025-08-01,51680200,2025-05-01,40949700,2025-04-01,48195100,2025-03-01,35566700,2025-02-01,46576200,2024-12-01,39870400,2024-11-01,47321100.0,2024-08-01,44074900.0,2024-05-01,34567700.0,2024-03-01,36126100.0,2023-04-01,39450300.0,2023-03-01,32702900.0,2021-11-01,37719700.0,2020-12-01,32814700.0
JPC,2911761520.0,monthly,2026-04-01,18275200,2026-03-01,32615400,2026-01-01,20936900,2025-12-01,23119400,2025-11-01,21533600,2025-10-01,25740500,2025-09-01,22041500,2025-04-01,32458100,2025-03-01,18754700,2025-01-01,20401400,2024-12-01,24343700,2024-11-01,18616200,2024-10-01,20955100.0,2024-09-01,22699700.0,2024-08-01,25669800.0,2024-07-01,26478100.0,2024-06-01,18838500.0,2024-01-01,25690500.0,2023-12-01,25589000.0,2020-03-01,23116300.0
GBDC,3279634193.345968,monthly,2026-04-01,43386700,2026-03-01,61017500,2026-02-01,30430400,2026-01-01,33793600,2025-12-01,41468300,2025-11-01,26842100,2025-10-01,46975500,2025-09-01,31531600,2025-06-01,29838600,2025-04-01,42198800,2025-03-01,31844400,2025-02-01,29467700,2024-12-01,27974100.0,2024-09-01,30044700.0,2024-08-01,40228700.0,2024-06-01,34522500.0,2022-06-01,28517100.0,2022-05-01,27400000.0,2020-04-01,29524271.0,2020-03-01,35366930.0
SPSC,2161276831.81296,monthly,2026-08-01,7238927,2026-05-01,8319451,2026-04-01,11741900,2026-03-01,16127200,2026-02-01,6246400,2026-01-01,9714400,2025-12-01,12584500,2025-11-01,10506200,2025-10-01,11652800,2025-09-01,9377800,2025-08-01,10405300,2025-07-01,8173400,2025-06-01,6890000.0,2025-04-01,8670200.0,2025-03-01,7372700.0,2025-02-01,7736900.0,2020-06-01,7963000.0,2020-05-01,6954200.0,2020-04-01,8354300.0,2020-03-01,7455800.0
INGM,6377229098.458649,monthly,2026-08-01,9685727,2026-07-01,10202426,2026-06-01,7755758,2026-05-01,30092668,2026-04-01,25716400,2026-03-01,38512600,2026-01-01,8113400,2025-12-01,8439500,2025-11-01,7139200,2025-10-01,8267900,2025-08-01,7772100,2025-07-01,8129900,2025-06-01,7119900.0,2025-05-01,7364400.0,2025-04-01,9610500.0,2025-03-01,10477500.0,2025-01-01,7891300.0,2024-12-01,6907900.0,2024-11-01,5929800.0,2024-10-01,10819200.0
AVAV,6888393617.510608,monthly,2026-08-01,14259827,2026-07-01,19020582,2026-05-01,16530646,2026-04-01,22490300,2026-03-01,56260200,2026-02-01,11305400,2026-01-01,36812800,2025-12-01,26068400,2025-11-01,14027900,2025-10-01,26880300,2025-09-01,26612500,2025-08-01,15761200,2025-07-01,45489900.0,2025-06-01,29292400.0,2025-03-01,12544500.0,2024-12-01,15006300.0,2024-06-01,9822700.0,2024-03-01,13392700.0,2022-03-01,10790100.0,2021-12-01,10791100.0
STEP,4718878889.489612,monthly,2026-08-01,19764108,2026-07-01,12583862,2026-04-01,20023700,2026-03-01,27907100,2026-01-01,13497200,2025-12-01,15129900,2025-11-01,12783300,2025-09-01,15184600,2025-08-01,13906600,2025-05-01,14121400,2025-04-01,15863700,2025-03-01,15006000,2024-12-01,14880000.0,2024-09-01,16743200.0,2024-08-01,12569200.0,2024-07-01,13411200.0,2024-06-01,26414700.0,2021-11-01,13883700.0,2021-03-01,13974800.0,2020-09-01,15902600.0
MBIN,2297229641.0574,monthly,2026-04-01,3891900,2026-03-01,5201900,2026-02-01,8474000,2025-12-01,4206700,2025-10-01,4052200,2025-09-01,3233200,2025-08-01,4494200,2025-07-01,4159600,2025-06-01,3842500,2025-05-01,3396200,2025-04-01,4064800,2025-03-01,3362600,2025-01-01,3813000.0,2024-11-01,3483900.0,2024-10-01,3868600.0,2024-08-01,4557200.0,2024-07-01,5899700.0,2024-06-01,3823200.0,2024-05-01,6467500.0,2023-11-01,3236700.0
SLAB,7203889671.577426,monthly,2026-03-01,12306100,2026-02-01,18280300,2025-07-01,9728300,2025-04-01,11362800,2024-04-01,8974000,2023-12-01,8858900,2023-11-01,12388100,2023-05-01,12771600,2023-04-01,12570400,2023-03-01,12273400,2023-02-01,12590800,2022-10-01,11221000,2022-09-01,12805400.0,2022-05-01,9023800.0,2022-03-01,11563700.0,2021-09-01,9294900.0,2021-08-01,11542000.0,2020-06-01,9755200.0,2020-05-01,9324300.0,2020-03-01,12742200.0
CCC,2940572014.3496656,monthly,2026-06-01,215633800,2026-05-01,221233500,2026-04-01,245873700,2026-03-01,262768000,2026-02-01,361829300,2026-01-01,164997300,2025-12-01,156631200,2025-11-01,172785100,2025-10-01,132064800,2025-09-01,110451800,2025-08-01,168771300,2025-07-01,115375100,2025-06-01,198730600.0,2025-05-01,171443200.0,2025-04-01,175023600.0,2025-03-01,217054600.0,2025-02-01,106208500.0,2024-07-01,97869300.0,2024-05-01,109455200.0,2024-03-01,100374300.0
KLAR,7659635037.507579,monthly,2026-08-01,35231204,2026-07-31,2033061,2026-07-17,1962686,2026-07-01,40178929,2026-06-01,104012600,2026-05-01,144915500,2026-04-01,100247200,2026-03-01,149510900,2026-02-01,160855100,2026-01-01,60764300,2025-12-01,47747300,2025-11-01,48193900,2025-10-01,66220000.0,2025-09-01,72231200.0,,,,,,,,,,,,
TEX,8200701982.668544,monthly,2026-04-01,23493500,2026-03-01,33680900,2026-02-01,34487700,2026-01-01,28317000,2025-12-01,25798800,2025-11-01,22092800,2025-10-01,25231700,2025-05-01,21670700,2025-04-01,23845400,2025-03-01,24975100,2024-07-01,27694100,2023-10-01,27100200,2023-08-01,20784600.0,2023-04-01,21064700.0,2023-03-01,22749100.0,2023-02-01,20833500.0,2020-06-01,26833000.0,2020-05-01,22589300.0,2020-04-01,27193000.0,2020-03-01,33430200.0
CALM,3801023769.965619,monthly,2026-04-01,18729400,2026-03-01,20632300,2026-01-01,34636900,2025-12-01,22104400,2025-10-01,25859300,2025-09-01,20485700,2025-07-01,22543700,2025-04-01,28310900,2025-03-01,21031900,2025-02-01,20917500,2024-04-01,18384000,2023-10-01,23834900,2023-04-01,24419100.0,2023-03-01,21735700.0,2023-01-01,20141300.0,2022-12-01,26070100.0,2022-10-01,20257400.0,2022-09-01,22509000.0,2022-05-01,17811000.0,2022-04-01,18539900.0
RLI,5291970470.146925,monthly,2026-05-01,15729893,2026-04-01,15867900,2026-03-01,14828500,2026-01-01,18827600,2025-12-01,18814000,2025-11-01,11274900,2025-10-01,15605800,2025-09-01,12253200,2025-08-01,9854300,2025-07-01,17543600,2025-06-01,9820800,2025-04-01,10893200,2025-01-01,12184300.0,2023-06-01,18448000.0,2023-04-01,11719200.0,2023-03-01,10739200.0,2020-06-01,10156800.0,2020-05-01,10920000.0,2020-04-01,14937200.0,2020-03-01,14711600.0
FG,3579744273.636844,monthly,2026-08-01,5384624,2026-05-01,18841223,2026-04-01,11869600,2026-03-01,14910300,2026-02-01,4130500,2026-01-01,20274900,2025-12-01,11215900,2025-11-01,3665200,2025-09-01,3695300,2025-08-01,3695000,2025-06-01,3845800,2025-05-01,5382300,2025-04-01,9504900.0,2025-03-01,8016400.0,2023-06-01,8256600.0,2023-05-01,3939800.0,2023-03-01,4890100.0,2023-02-01,4238200.0,2023-01-01,3829900.0,2022-12-01,14322700.0
SARO,9355761103.858942,monthly,2026-08-01,41800592,2026-07-01,28031263,2026-05-01,62964365,2026-04-01,76285200,2026-03-01,97971000,2026-02-01,31381500,2026-01-01,108411100,2025-12-01,31841000,2025-11-01,32146700,2025-10-01,42594500,2025-09-01,35166800,2025-08-01,36105000,2025-07-01,43393800.0,2025-06-01,53015300.0,2025-05-01,60494600.0,2025-04-01,63192000.0,2025-03-01,74371000.0,2025-01-01,32897900.0,2024-12-01,39262600.0,2024-10-01,64508800.0
CEF,7360094600.0,monthly,2026-03-01,20039900,2026-02-01,19896400,2026-01-01,58894900,2025-12-01,24141200,2025-11-01,20651200,2025-10-01,31501200,2025-09-01,20938300,2025-04-01,19391400,2024-04-01,16452500,2022-03-01,22112200,2021-03-01,17437800,2021-02-01,18696100,2021-01-01,17274000.0,2020-09-01,20328200.0,2020-08-01,34989900.0,2020-07-01,29825600.0,2020-05-01,20956100.0,2020-04-01,28948600.0,2020-03-01,51726300.0,2020-02-01,16465300.0
LEGN,5280582329.0,monthly,2026-08-01,26620573,2026-06-01,30224165,2026-05-01,39760540,2026-04-01,48354200,2026-03-01,30526100,2026-01-01,62617800,2025-12-01,50590200,2025-11-01,35410500,2025-10-01,32875000,2025-07-01,31058700,2025-06-01,43058000,2025-05-01,38037800,2025-04-01,32802700.0,2025-01-01,27404200.0,2024-12-01,28174100.0,2024-11-01,35302200.0,2024-10-01,30094800.0,2024-07-01,26628800.0,2024-05-01,24384800.0,2023-04-01,26131600.0
FFBC,3544514455.1896086,monthly,2026-05-01,11475727,2026-04-01,19993600,2026-03-01,19078800,2026-01-01,24881300,2025-12-01,16741000,2025-10-01,11728200,2025-09-01,11039100,2025-04-01,12036800,2025-01-01,9485600,2024-10-01,9587900,2024-07-01,10052100,2023-03-01,12926000,2021-03-01,10991500.0,2020-12-01,10040100.0,2020-09-01,10431900.0,2020-07-01,9592300.0,2020-06-01,14686300.0,2020-05-01,14187500.0,2020-04-01,12366700.0,2020-03-01,17446000.0
MBLY,6577473836.468193,monthly,2026-05-01,95578554,2026-04-01,151189400,2026-03-01,136441100,2026-01-01,271666100,2025-12-01,98784500,2025-10-01,138755700,2025-09-01,112651200,2025-07-01,236309600,2025-04-01,92611200,2025-02-01,85651800,2025-01-01,167669100,2024-12-01,140879000,2024-11-01,142974600.0,2024-10-01,132515700.0,2024-09-01,157375200.0,2024-08-01,131393400.0,2024-07-01,86303900.0,2024-06-01,95815700.0,2024-01-01,171100500.0,2023-06-01,97531800.0
COLD,4556337884.310115,monthly,2026-05-01,72084441,2026-04-01,73050800,2026-03-01,97701800,2026-01-01,98197100,2025-12-01,148532400,2025-11-01,139485600,2025-10-01,141855000,2025-09-01,139096900,2025-08-01,98842800,2025-07-01,67457800,2025-06-01,60157000,2025-05-01,81709100,2025-02-01,58712100.0,2024-05-01,62822500.0,2024-02-01,67981300.0,2021-09-01,56913600.0,2021-08-01,57566100.0,2021-03-01,54553900.0,2020-10-01,60792800.0,2020-03-01,66024600.0
ADPT,3354530368.339753,monthly,2026-04-01,33117700,2026-03-01,51450600,2026-01-01,39236900,2025-12-01,59136000,2025-11-01,46641500,2025-10-01,39038400,2025-09-01,41939600,2025-08-01,47082100,2025-07-01,36223400,2025-06-01,43944400,2025-05-01,52767000,2025-04-01,46943900,2025-03-01,46271400.0,2024-05-01,33020000.0,2024-04-01,45688300.0,2024-03-01,32219900.0,2023-11-01,36848600.0,2022-06-01,50292200.0,2022-05-01,35007800.0,2021-03-01,33910800.0
FIBK,3752629448.1693554,monthly,2026-05-01,19776964,2026-04-01,27708800,2026-03-01,27905500,2026-01-01,22530100,2025-12-01,41288800,2025-11-01,21377300,2025-10-01,20040000,2025-09-01,21549800,2025-06-01,22237400,2025-05-01,19209900,2025-04-01,22764600,2024-03-01,21171100,2024-02-01,18947000.0,2023-07-01,18932200.0,2023-05-01,18704500.0,2023-03-01,22446700.0,2022-06-01,21113300.0,2022-03-01,22651400.0,2022-02-01,23360200.0,2022-01-01,18394600.0
BCPC,5501270558.083555,monthly,2026-04-01,4506000,2026-03-01,4521300,2026-01-01,3116500,2025-12-01,4703900,2025-11-01,3004000,2025-10-01,4163300,2025-09-01,3322100,2025-08-01,3389600,2025-07-01,3901500,2025-06-01,3297000,2025-05-01,3030400,2025-04-01,4584500,2025-03-01,4154200.0,2021-12-01,3205600.0,2021-01-01,3423400.0,2020-11-01,3551100.0,2020-06-01,3436600.0,2020-05-01,4064200.0,2020-04-01,3418800.0,2020-03-01,3909000.0
WLK,9816779785.327932,monthly,2026-05-01,20129910,2026-04-01,21395000,2026-03-01,29724700,2026-01-01,28683000,2025-12-01,35124700,2025-11-01,28580200,2025-10-01,29095300,2025-09-01,21226300,2025-08-01,27999800,2025-07-01,25411000,2025-06-01,27977700,2025-05-01,32128300,2025-03-01,18659100.0,2022-11-01,17613500.0,2022-10-01,25109000.0,2022-09-01,17175900.0,2022-06-01,19881400.0,2022-05-01,21476200.0,2021-03-01,21345000.0,2020-03-01,27027700.0
ASH,2927670472.18718,monthly,2026-05-01,17868643,2026-04-01,15170000,2026-03-01,14906300,2026-01-01,11846200,2025-12-01,21267500,2025-11-01,17426700,2025-10-01,14562700,2025-09-01,13524400,2025-05-01,13322700,2025-04-01,14161500,2025-03-01,18594000,2025-02-01,13627600,2025-01-01,12822100.0,2024-01-01,14100100.0,2023-06-01,13797900.0,2023-05-01,12502100.0,2022-03-01,12843300.0,2020-09-01,12330700.0,2020-03-01,18320400.0,2020-02-01,11915500.0
HNI,2851638841.9391303,monthly,2026-05-01,12589700,2026-04-01,12260300,2026-03-01,21584400,2026-01-01,9886700,2025-12-01,24542800,2025-11-01,11832000,2025-10-01,12010000,2025-09-01,15898400,2025-08-01,20077500,2025-05-01,6948300,2025-03-01,9972400,2024-12-01,8568200,2024-11-01,6709300.0,2023-12-01,7429400.0,2023-06-01,8265500.0,2023-05-01,7079400.0,2023-03-01,12309600.0,2021-03-01,7787800.0,2021-02-01,14369100.0,2020-06-01,8981800.0
LKQ,6886996203.106543,monthly,2026-05-01,61205650,2026-04-01,50376500,2026-03-01,61338200,2026-01-01,60722300,2025-12-01,132094300,2025-11-01,53765500,2025-10-01,63471100,2025-09-01,61213500,2025-08-01,90115800,2025-07-01,69264300,2025-04-01,58790700,2025-03-01,64385900,2024-12-01,50611600.0,2024-10-01,59973000.0,2020-09-01,71679100.0,2020-08-01,53213800.0,2020-07-01,52875200.0,2020-06-01,64340900.0,2020-04-01,58555900.0,2020-03-01,92158600.0
ARE,9623161152.726591,monthly,2026-05-01,30867590,2026-04-01,55177500,2026-03-01,46978800,2026-01-01,58263600,2025-12-01,70336100,2025-11-01,49095600,2025-10-01,65073800,2025-08-01,29520600,2025-07-01,36880600,2025-06-01,34833800,2025-05-01,37696600,2025-04-01,44880900,2025-01-01,31046400.0,2024-12-01,29115500.0,2024-10-01,31170800.0,2023-12-01,31144600.0,2023-10-01,27977900.0,2023-03-01,41248200.0,2022-06-01,29023200.0,2020-03-01,30680400.0
PSN,5449485886.752816,monthly,2026-04-01,24893600,2026-03-01,30772200,2026-01-01,22759500,2025-12-01,46196100,2025-11-01,19999500,2025-09-01,24898800,2025-08-01,20796300,2025-07-01,21387800,2025-06-01,29344500,2025-05-01,31678300,2025-04-01,32459000,2025-03-01,28410400,2025-02-01,34242700.0,2025-01-01,27907900.0,2024-11-01,20084900.0,2024-09-01,24611500.0,2024-07-01,19013700.0,2024-06-01,19604100.0,2024-03-01,21406600.0,2024-02-01,24321400.0
ALH,5261143513.699657,monthly,2026-08-01,6187418,2026-07-31,207703,2026-07-17,375711,2026-07-01,3516073,2026-06-01,15366200,2026-05-01,13999300,2026-04-01,23436800,2026-03-01,22343000,2026-02-01,9780800,2026-01-01,23271600,2025-12-01,36876300,2025-11-01,8171200,2025-10-01,35759100.0,,,,,,,,,,,,,,
MTN,4915288420.396281,monthly,2026-04-01,17438700,2026-03-01,22612800,2026-01-01,17388800,2025-12-01,24377200,2025-11-01,13312600,2025-10-01,16640200,2025-09-01,17008600,2025-07-01,13568300,2025-06-01,19169700,2025-05-01,14022300,2025-04-01,15343200,2025-03-01,13800300,2025-01-01,14085300.0,2024-12-01,13267700.0,2024-06-01,14420000.0,2024-05-01,16229000.0,2023-09-01,16276700.0,2023-03-01,13105100.0,2021-03-01,13854500.0,2020-03-01,21872700.0
BBT,2632604400.271813,monthly,2026-06-01,20754300,2026-05-01,14318500,2026-04-01,15439000,2026-03-01,19030000,2026-02-01,17426600,2026-01-01,14258900,2025-12-01,21594200,2025-11-01,18533600,2025-10-01,20606900,2025-09-01,21034700,2025-08-01,11282100,2025-04-01,12770400,2025-03-01,12842700.0,2024-12-01,11136000.0,2023-03-01,10655200.0,2020-10-01,10131900.0,2020-09-01,13987900.0,2020-07-01,11561600.0,2020-06-01,16733300.0,2020-05-01,12182400.0
BAH,7462295621.385028,monthly,2026-04-01,27908600,2026-03-01,47378700,2026-01-01,54372300,2025-12-01,70366700,2025-11-01,36776600,2025-10-01,56038700,2025-09-01,39262000,2025-08-01,30549300,2025-07-01,46192700,2025-06-01,42655100,2025-05-01,43569300,2025-04-01,59035800,2025-03-01,60864300.0,2025-02-01,48868600.0,2025-01-01,40508000.0,2024-12-01,32967700.0,2024-11-01,44463600.0,2023-01-01,30680500.0,2021-02-01,29819300.0,2020-03-01,46941100.0
BIRK,8169107575.122192,monthly,2026-08-01,50483830,2026-05-01,41408427,2026-04-01,42089100,2026-03-01,49026600,2026-01-01,57932000,2025-12-01,63503300,2025-11-01,34684600,2025-10-01,47416600,2025-09-01,45997000,2025-08-01,40605600,2025-07-01,44284400,2025-06-01,41304200,2025-05-01,50957400.0,2025-04-01,43342600.0,2025-03-01,36014800.0,2025-02-01,32596000.0,2024-12-01,35073600.0,2024-09-01,33813700.0,2024-08-01,29515200.0,2023-10-01,42016500.0
ETOR,3239138353.9816127,monthly,2026-08-01,18114425,2026-07-31,657539,2026-07-17,981929,2026-07-01,6257468,2026-06-01,4344985,2026-05-01,21643201,2026-04-01,25162000,2026-03-01,23035200,2026-02-01,13121300,2026-01-01,25440500,2025-12-01,24317700,2025-11-01,38784100,2025-10-01,18656200.0,2025-09-01,18033100.0,2025-08-01,19643800.0,2025-07-01,24039500.0,2025-06-01,36871200.0,2025-05-01,28391200.0,,,,
AIN,2166635900.394085,monthly,2026-03-01,7000300,2026-01-01,6157700,2025-12-01,7460000,2025-11-01,11243300,2025-10-01,6268300,2025-09-01,5592600,2025-08-01,7204800,2025-07-01,5920100,2025-06-01,6840100,2025-05-01,5112600,2025-04-01,5515500,2025-03-01,6822300,2024-11-01,6070100.0,2024-10-01,5585300.0,2023-03-01,5181600.0,2020-09-01,5271000.0,2020-07-01,7668300.0,2020-04-01,5645500.0,2020-03-01,9444400.0,2020-02-01,5297200.0
SUPN,2718580598.8907266,monthly,2026-08-01,15339473,2026-03-01,13863700,2026-01-01,13607400,2025-12-01,13532200,2025-11-01,21000600,2025-10-01,18298100,2025-09-01,14482300,2025-08-01,20723100,2025-07-01,16651100,2025-06-01,13443100,2025-03-01,14414600,2025-02-01,12763700,2024-06-01,13772900.0,2024-05-01,13153000.0,2023-06-01,13219700.0,2021-04-01,13314500.0,2021-03-01,13531900.0,2020-12-01,15290100.0,2020-11-01,13626400.0,2020-03-01,17220800.0
EMN,8085685764.130859,monthly,2026-03-01,40611700,2026-01-01,34720800,2025-12-01,35908900,2025-11-01,64485300,2025-10-01,36912100,2025-09-01,32113600,2025-08-01,39151700,2025-07-01,32633900,2025-06-01,40976400,2025-05-01,38355300,2025-04-01,38844400,2022-09-01,33077500,2022-06-01,27338300.0,2022-03-01,33816200.0,2022-01-01,30503000.0,2021-12-01,27148000.0,2020-06-01,27595600.0,2020-05-01,29119300.0,2020-04-01,33311800.0,2020-03-01,42116200.0
AGIO,2253974104.850828,monthly,2026-04-01,28923300,2026-03-01,20261200,2026-01-01,19063700,2025-12-01,35899400,2025-11-01,45533800,2025-09-01,16943300,2025-08-01,19240000,2024-12-01,24228900,2024-06-01,18299000,2024-05-01,17904100,2024-02-01,18858200,2024-01-01,19614200,2022-09-01,21032100.0,2022-06-01,18497300.0,2021-12-01,17863000.0,2021-07-01,16558500.0,2021-06-01,20315000.0,2021-03-01,19328900.0,2020-12-01,24678400.0,2020-10-01,18782900.0
HNGE,6110708717.702822,monthly,2026-08-01,21563803,2026-07-31,747003,2026-07-17,952175,2026-07-01,13545469,2026-06-01,13029763,2026-05-01,29884514,2026-04-01,14581300,2026-03-01,23570500,2026-02-01,16358700,2026-01-01,17998800,2025-12-01,24522700,2025-11-01,49635200,2025-10-01,17461500.0,2025-09-01,29606200.0,2025-08-01,18681400.0,2025-07-01,15665300.0,2025-06-01,17952600.0,2025-05-01,17051200.0,,,,
SUNC,3452682694.5843315,monthly,2026-08-01,4918587,2026-07-31,240266,2026-07-17,286505,2026-07-01,3011707,2026-06-01,10117200,2026-05-01,12596700,2026-04-01,9365300,2026-03-01,12383200,2026-02-01,9211100,2026-01-01,11610500,2025-12-01,9383800,2025-11-01,26072500,,,,,,,,,,,,,,,,
TREX,5165844680.117647,monthly,2026-05-01,36433693,2026-04-01,35804700,2026-03-01,40706200,2026-01-01,43871600,2025-12-01,38963600,2025-11-01,87277600,2025-10-01,36425200,2025-09-01,36772100,2025-08-01,38180300,2025-07-01,34409100,2025-06-01,35990500,2025-04-01,34771500,2025-03-01,43972800.0,2024-10-01,36339700.0,2022-11-01,33765800.0,2022-03-01,35465600.0,2020-06-01,49855000.0,2020-05-01,41455200.0,2020-04-01,43869200.0,2020-03-01,45095400.0
TAP,7826054961.405032,monthly,2026-04-01,65220500,2026-03-01,64158400,2026-01-01,58153200,2025-12-01,67066800,2025-11-01,82074500,2025-09-01,56372100,2025-08-01,54556700,2025-06-01,52831300,2025-05-01,63383600,2025-03-01,51314000,2024-06-01,51932400,2023-05-01,60157800,2021-03-01,62696000.0,2021-02-01,55813900.0,2020-11-01,63413600.0,2020-10-01,54926600.0,2020-09-01,55565000.0,2020-06-01,69409900.0,2020-05-01,54534500.0,2020-03-01,67846300.0
ATR,8040083468.589575,monthly,2026-05-01,9905216,2026-04-01,8887800,2026-03-01,11514500,2026-01-01,8291200,2025-12-01,11474000,2025-11-01,13301700,2025-10-01,11942100,2025-09-01,9084000,2025-08-01,11029900,2025-07-01,7655000,2025-06-01,8281700,2025-04-01,7520600,2025-03-01,7741800.0,2025-02-01,8791800.0,2024-04-01,8088700.0,2023-10-01,7507500.0,2022-05-01,7413800.0,2021-12-01,8566300.0,2020-04-01,8389200.0,2020-03-01,11954800.0
POOL,7711704387.130583,monthly,2026-05-01,15486912,2026-04-01,15207800,2026-03-01,16313900,2026-01-01,15732400,2025-12-01,13945200,2025-11-01,19624800,2025-10-01,14439200,2025-09-01,11640100,2025-07-01,13805600,2025-06-01,14652000,2025-05-01,11225000,2025-04-01,12287700,2024-07-01,10936200.0,2023-07-01,10951300.0,2023-02-01,10192300.0,2022-11-01,10282800.0,2022-10-01,11704900.0,2022-05-01,10479700.0,2020-11-01,11449100.0,2020-10-01,16467400.0
BKH,5788782087.010093,monthly,2026-05-01,13615460,2026-04-01,20626900,2026-03-01,21196600,2026-01-01,19928300,2025-12-01,21340300,2025-11-01,26489200,2025-10-01,16425800,2025-08-01,16223900,2025-07-01,14026900,2025-06-01,11338400,2024-03-01,12103600,2024-02-01,11980500,2024-01-01,11341200.0,2023-10-01,15291500.0,2023-07-01,17665000.0,2023-03-01,11232900.0,2023-02-01,14151300.0,2022-10-01,12461900.0,2020-07-01,11248300.0,2020-03-01,13723900.0
LXP,3277759666.6274366,monthly,2026-04-01,12063600,2026-03-01,13822900,2025-12-01,14573900,2025-11-01,17062600,2025-10-01,16806740,2025-09-01,13460620,2025-08-01,14812280,2025-07-01,16978100,2025-06-01,13642120,2025-05-01,11654620,2025-04-01,13656720,2024-04-01,11507500,2023-10-01,11772960.0,2023-06-01,11599300.0,2022-04-01,16618540.0,2022-02-01,11707600.0,2021-05-01,12480280.0,2020-06-01,13584600.0,2020-05-01,10727740.0,2020-03-01,14352160.0
SON,5448653547.886639,monthly,2026-05-01,19012990,2026-04-01,31866700,2026-03-01,19474700,2026-01-01,19492200,2025-12-01,19641200,2025-11-01,19894200,2025-10-01,36555600,2025-09-01,23352600,2025-08-01,16737900,2025-07-01,23868800,2025-05-01,16227700,2025-04-01,19220600,2025-03-01,17829600.0,2025-02-01,17312600.0,2024-09-01,16369300.0,2024-08-01,16527400.0,2024-07-01,16171800.0,2024-06-01,18598700.0,2021-12-01,17768400.0,2020-03-01,18851300.0
GNTX,5462214876.356228,monthly,2026-04-01,46483700,2026-03-01,46008300,2026-01-01,52613800,2025-12-01,43272800,2025-11-01,44260900,2025-10-01,77123100,2025-08-01,41442200,2025-07-01,62816600,2025-06-01,41897700,2025-05-01,46384300,2025-04-01,59191400,2025-03-01,52985500,2025-02-01,39903500.0,2021-10-01,39368900.0,2021-09-01,39461400.0,2020-11-01,40287700.0,2020-07-01,39332700.0,2020-06-01,51140900.0,2020-04-01,48326500.0,2020-03-01,60298700.0
RIG,5705938821.149713,monthly,2026-04-01,680003000,2026-03-01,847540900,2026-02-01,642610100,2026-01-01,693885200,2025-11-01,760863200,2025-10-01,1372604600,2025-09-01,894207100,2025-07-01,698214800,2025-06-01,962139500,2025-05-01,789112700,2025-04-01,1023374600,2025-03-01,794201900,2022-03-01,836562000.0,2021-06-01,723703600.0,2021-01-01,810852100.0,2020-12-01,809014600.0,2020-11-01,939693800.0,2020-06-01,880439700.0,2020-04-01,855285700.0,2020-03-01,714159600.0
GRND,2548590670.79646,monthly,2026-08-01,22013060,2026-05-01,28201932,2026-04-01,21599100,2026-03-01,31091400,2026-01-01,26058900,2025-12-01,26910300,2025-11-01,38052000,2025-10-01,79563900,2025-09-01,40750000,2025-08-01,49610100,2025-07-01,36306400,2025-06-01,34677800,2025-05-01,43717000.0,2025-04-01,37880200.0,2025-03-01,50235900.0,2025-02-01,26943000.0,2025-01-01,21298400.0,2024-12-01,19592900.0,2024-06-01,21315500.0,2022-11-01,21871200.0
BSY,9113900174.503656,monthly,2026-08-01,31817372,2026-05-01,43328996,2026-04-01,41728900,2026-03-01,63954100,2026-01-01,44154000,2025-12-01,44101200,2025-11-01,42472400,2025-10-01,65388500,2025-08-01,37990500,2025-07-01,33182200,2025-06-01,39019500,2025-05-01,32204600,2025-04-01,33409500.0,2024-06-01,33669000.0,2024-05-01,32446700.0,2024-04-01,45840500.0,2022-05-01,32325400.0,2021-09-01,47552800.0,2021-06-01,61275400.0,2021-05-01,38654500.0
PDI,7601959080.0,monthly,2026-05-01,44760511,2026-04-01,44611200,2026-03-01,69017200,2026-01-01,56024600,2025-12-01,65130800,2025-11-01,56958300,2025-10-01,91122000,2025-09-01,49988200,2025-08-01,39519400,2025-07-01,39733500,2025-05-01,36745800,2025-04-01,73518900,2025-03-01,52562600.0,2025-02-01,40710800.0,2025-01-01,40335000.0,2024-12-01,43122000.0,2024-11-01,36746800.0,2024-10-01,54065900.0,2024-09-01,38292800.0,2024-04-01,37605800.0
SLGN,4885575324.381204,monthly,2026-04-01,16026100,2026-03-01,20052000,2026-01-01,16955900,2025-12-01,19445400,2025-11-01,24064000,2025-10-01,31643000,2025-09-01,25430500,2025-08-01,22231400,2025-07-01,22185800,2025-04-01,18539800,2025-03-01,19514700,2024-12-01,18467100,2023-10-01,14027700.0,2023-08-01,14361100.0,2022-03-01,14716600.0,2020-07-01,14028900.0,2020-06-01,13931400.0,2020-05-01,13844900.0,2020-04-01,17175700.0,2020-03-01,16646300.0
COLB,9307115852.73776,monthly,2026-05-01,42968132,2026-04-01,54720800,2026-03-01,67708700,2026-01-01,55667700,2025-12-01,54000100,2025-11-01,58013900,2025-10-01,127674500,2025-09-01,124735500,2025-08-01,73999000,2025-07-01,61410200,2025-04-01,48084200,2024-07-01,55745100,2024-04-01,51352800.0,2024-03-01,76493300.0,2024-02-01,58697600.0,2024-01-01,53182100.0,2023-07-01,44589000.0,2023-05-01,53614800.0,2023-03-01,85998600.0,2023-02-01,58210700.0
JKHY,9591855969.388548,monthly,2026-05-01,21436891,2026-04-01,17808000,2026-03-01,21408000,2026-01-01,13901000,2025-12-01,17362000,2025-11-01,17170100,2025-10-01,26379600,2025-09-01,20079500,2025-08-01,17952100,2025-05-01,16013900,2025-03-01,15800400,2024-11-01,14035900,2023-05-01,18711200.0,2023-04-01,14392500.0,2023-03-01,18730700.0,2022-03-01,14218200.0,2021-11-01,14751100.0,2021-02-01,16245000.0,2020-08-01,14239100.0,2020-03-01,21054300.0
ACI,6656089142.413517,monthly,2026-04-01,156140400,2026-03-01,135425000,2026-01-01,200718300,2025-12-01,183969300,2025-11-01,167890300,2025-10-01,204054300,2025-09-01,125502300,2025-08-01,111348600,2025-07-01,157120200,2025-06-01,98538000,2025-05-01,95159800,2025-04-01,149564100,2025-03-01,186810800.0,2025-01-01,118552900.0,2024-12-01,147948300.0,2023-09-01,115582700.0,2023-06-01,99370000.0,2023-05-01,100111900.0,2023-03-01,129205700.0,2022-10-01,191728200.0
POWI,4422495158.118264,monthly,2026-05-01,18607587,2026-04-01,21893800,2026-03-01,21828700,2026-01-01,18268900,2025-12-01,27064000,2025-11-01,17963800,2025-10-01,37999800,2025-09-01,13720100,2025-08-01,13971000,2025-05-01,12004600,2025-04-01,13981600,2025-03-01,11081300,2025-02-01,11220300.0,2024-08-01,11814700.0,2023-05-01,11340300.0,2022-09-01,11960500.0,2022-02-01,10298000.0,2021-12-01,22917800.0,2020-03-01,15352400.0,2020-02-01,11918400.0
RGEN,8292501280.211389,monthly,2026-05-01,22589032,2026-04-01,20280900,2026-03-01,20292900,2025-11-01,15296300,2025-10-01,26715100,2025-09-01,17261100,2025-08-01,15388700,2025-07-01,20333700,2025-06-01,15336300,2025-05-01,16383700,2025-04-01,21128700,2025-03-01,15598200,2024-09-01,15087300.0,2024-08-01,19302000.0,2024-07-01,19134300.0,2024-06-01,18149800.0,2023-10-01,18260800.0,2022-11-01,15773500.0,2020-06-01,21070600.0,2020-03-01,16890100.0
SFM,7724799409.665813,monthly,2026-03-01,57111400,2026-01-01,58478000,2025-11-01,51084300,2025-10-01,71931400,2025-09-01,46509800,2025-06-01,52868800,2022-05-01,53410400,2022-01-01,46207000,2021-06-01,61227000,2021-03-01,71635800,2021-01-01,61007900,2020-11-01,55133000,2020-09-01,47343600.0,2020-08-01,49453800.0,2020-07-01,60617600.0,2020-06-01,51481900.0,2020-05-01,57279100.0,2020-04-01,53950300.0,2020-03-01,61553700.0,2020-02-01,49234800.0
VRNS,4627010327.564833,monthly,2026-05-01,38270060,2026-04-01,54656700,2026-03-01,48730300,2026-02-01,65520100,2026-01-01,45893500,2025-12-01,49529100,2025-11-01,34965500,2025-10-01,70843200,2025-07-01,37822700,2025-03-01,31780100,2025-02-01,40909800,2024-11-01,33862100,2024-10-01,37679300.0,2024-09-01,31551600.0,2024-07-01,34923300.0,2024-02-01,32472300.0,2022-11-01,52297500.0,2022-05-01,34769800.0,2021-03-01,39498300.0,2021-02-01,39663900.0
GOF,2249776230.0,monthly,2026-05-01,22197383,2026-04-01,23302000,2026-03-01,39472200,2026-01-01,25058300,2025-12-01,43024100,2025-11-01,37430800,2025-10-01,59771000,2025-09-01,20858500,2025-08-01,19538900,2025-07-01,20031400,2025-05-01,18852100,2025-04-01,31878000,2025-03-01,24269600.0,2025-02-01,18936700.0,2025-01-01,18695700.0,2024-12-01,18888500.0,2024-10-01,18668400.0,2024-08-01,21876200.0,2023-12-01,17969300.0,2023-10-01,31376100.0
BANC,3208945547.76722,monthly,2026-04-01,63445100,2026-03-01,71281900,2026-01-01,45304000,2025-10-01,109897900,2025-09-01,46099000,2025-07-01,59281100,2025-04-01,83991600,2025-03-01,58523500,2024-11-01,51306800,2024-10-01,50558100,2024-09-01,49838600,2024-07-01,58353600,2024-05-01,52773900.0,2024-04-01,48418600.0,2024-03-01,50574600.0,2024-02-01,49160100.0,2024-01-01,57350700.0,2023-12-01,62960000.0,2023-11-01,47624300.0,2023-10-01,54876500.0
WU,2355760645.69146,monthly,2026-04-01,203627500,2026-03-01,176384700,2026-01-01,149376200,2025-12-01,167473000,2025-11-01,163881300,2025-10-01,312139900,2025-09-01,183771100,2025-08-01,190719000,2025-07-01,216864600,2025-06-01,168266400,2025-04-01,179474400,2023-05-01,145841100,2023-03-01,280807600.0,2023-02-01,186214200.0,2021-12-01,228411700.0,2021-11-01,142532400.0,2020-06-01,160549800.0,2020-05-01,146545300.0,2020-03-01,233965800.0,2020-02-01,161190200.0
VLY,8156815087.415427,monthly,2026-04-01,139854700,2026-03-01,183861900,2026-01-01,154969900,2025-11-01,170312500,2025-10-01,331416600,2025-09-01,189382300,2025-08-01,162334400,2025-07-01,198618600,2025-06-01,196965600,2025-05-01,180401300,2025-04-01,246415500,2025-03-01,165289500,2025-02-01,155237800.0,2025-01-01,183181200.0,2024-11-01,192218600.0,2024-07-01,149081300.0,2024-03-01,157748900.0,2024-02-01,160408000.0,2023-05-01,185747800.0,2023-03-01,152378500.0
BULL,3627003393.619048,monthly,2026-08-01,90390879,2026-07-31,6041362,2026-07-17,10491688,2026-07-01,67494188,2026-06-01,76418399,2026-05-01,156339884,2026-04-01,311683600,2026-03-01,278593200,2026-02-01,98787100,2026-01-01,212980400,2025-12-01,330035000,2025-11-01,373426500,2025-10-01,771128000.0,2025-09-01,295072800.0,2025-08-01,245069700.0,2025-07-01,431100300.0,2025-06-01,153878400.0,2025-05-01,253414800.0,2025-04-01,115656800.0,2023-12-01,8788400.0
ITGR,3188020172.810997,monthly,2026-08-01,26668243,2026-05-01,8353212,2026-04-01,10794600,2026-03-01,17894500,2026-02-01,7751700,2026-01-01,10941200,2025-12-01,12870400,2025-11-01,15706400,2025-10-01,35918600,2025-09-01,9792100,2025-07-01,11100700,2025-06-01,8592300,2025-05-01,11514500.0,2025-04-01,16275300.0,2025-03-01,13718700.0,2024-07-01,8365400.0,2024-04-01,11437500.0,2023-03-01,9504300.0,2023-02-01,8166000.0,2020-03-01,7092400.0
LSTR,7098120902.515418,monthly,2026-05-01,7620366,2026-04-01,9328500,2026-03-01,10014900,2026-01-01,10167000,2025-12-01,9436500,2025-11-01,7809400,2025-10-01,11626400,2025-09-01,8081700,2025-08-01,7875700,2025-07-01,9746100,2025-05-01,7925000,2025-04-01,8772300,2025-03-01,8559000.0,2022-09-01,7962500.0,2022-05-01,7570900.0,2022-04-01,9633200.0,2022-01-01,7738500.0,2021-07-01,7678800.0,2020-04-01,7437400.0,2020-03-01,11528400.0
EBC,5105951100.230663,monthly,2026-04-01,50728000,2026-03-01,44817300,2026-01-01,39798100,2025-12-01,45251800,2025-11-01,49350800,2025-10-01,95504900,2025-09-01,39737100,2025-08-01,27136200,2025-07-01,35024200,2025-06-01,36191600,2025-05-01,25403700,2025-04-01,32929200,2025-03-01,30588400.0,2024-07-01,36825900.0,2024-03-01,25509100.0,2023-03-01,42705900.0,2021-03-01,26743200.0,2020-12-01,74265600.0,2020-11-01,31947200.0,2020-10-01,89236600.0
NP,4145777518.6180754,monthly,2026-08-01,4976711,2026-07-31,901897,2026-07-17,574301,2026-07-01,6316422,2026-06-01,21324100,2026-05-01,19618300,2026-04-01,6963300,2026-03-01,8213800,2026-02-01,10103200,2026-01-01,6719200,2025-12-01,8604300,2025-11-01,4768600,2025-10-01,25295600.0,,,,,,,,,,,,,,
KMX,7487229168.24121,monthly,2026-04-01,79082800,2026-03-01,69055100,2026-01-01,74101400,2025-12-01,90421300,2025-11-01,119281000,2025-10-01,125160400,2025-09-01,103978700,2025-08-01,55127300,2025-07-01,64897300,2025-06-01,80513100,2025-05-01,72037000,2025-04-01,94583400,2024-04-01,64929800.0,2023-06-01,54399000.0,2023-03-01,55747700.0,2023-01-01,54878500.0,2022-12-01,75040600.0,2022-10-01,56619100.0,2020-04-01,58634400.0,2020-03-01,58713600.0
FNB,6848745760.687565,monthly,2026-05-01,71730279,2026-04-01,152044800,2026-03-01,180052000,2026-01-01,123469200,2025-12-01,96077600,2025-11-01,106657800,2025-10-01,340664500,2025-09-01,174353000,2025-08-01,162480800,2025-07-01,127460100,2025-06-01,62184500,2025-04-01,84249500,2024-07-01,67543900.0,2023-03-01,76946900.0,2022-10-01,62859400.0,2022-03-01,65865100.0,2022-01-01,71845500.0,2020-09-01,61358500.0,2020-06-01,61460000.0,2020-03-01,79310100.0
WAY,3817076460.200422,monthly,2026-08-01,32031495,2026-07-01,24362640,2026-05-01,40288433,2026-04-01,54081100,2026-03-01,50038300,2026-01-01,42231700,2025-12-01,50477500,2025-11-01,31323800,2025-10-01,56961800,2025-09-01,88409700,2025-08-01,34841500,2025-07-01,35139800,2025-06-01,33819300.0,2025-05-01,43962100.0,2025-04-01,30856700.0,2025-03-01,47779700.0,2025-02-01,54534400.0,2025-01-01,23754000.0,2024-12-01,29078600.0,2024-06-01,37823800.0
EQX,7662220554.908751,monthly,2026-08-01,192049877,2026-06-01,95468272,2026-05-01,147786842,2026-04-01,174620700,2026-03-01,237277900,2026-01-01,208757800,2025-12-01,192551500,2025-11-01,196077200,2025-10-01,325187800,2025-09-01,420039000,2025-08-01,289491100,2025-07-01,282934500,2025-06-01,385987800.0,2025-05-01,254695600.0,2025-04-01,287599200.0,2025-03-01,214719700.0,2025-02-01,162295200.0,2025-01-01,141536500.0,2024-10-01,105492100.0,2024-04-01,103879900.0
MIR,4622098826.767732,monthly,2026-05-01,48915070,2026-04-01,76601900,2026-03-01,82572700,2026-01-01,46393200,2025-12-01,52932200,2025-11-01,72249900,2025-10-01,100580900,2025-09-01,173021000,2025-08-01,55443600,2025-07-01,58767700,2025-06-01,73056100,2025-05-01,70383700,2025-01-01,43539000.0,2024-12-01,45063400.0,2024-10-01,70294200.0,2022-06-01,53251500.0,2021-10-01,55064200.0,2021-03-01,66452300.0,2021-02-01,86472400.0,2021-01-01,68859200.0
SFD,9884148819.978697,monthly,2026-08-01,19752483,2026-07-01,11489187,2026-06-01,6923087,2026-05-01,18946618,2026-04-01,40888600,2026-03-01,38700800,2026-02-01,7310600,2026-01-01,16063900,2025-12-01,18141900,2025-11-01,18462800,2025-10-01,24920000,2025-09-01,42234700,2025-08-01,19651400.0,2025-07-01,13583100.0,2025-06-01,9636400.0,2025-05-01,11984200.0,2025-04-01,17213500.0,2025-03-01,15841100.0,2025-02-01,12913000.0,2025-01-01,20390900.0
ETSY,7405701701.819305,monthly,2025-10-01,107715400,2025-09-01,148167600,2025-08-01,111397000,2025-07-01,122241600,2025-06-01,138230000,2025-05-01,103289100,2025-04-01,105444200,2025-03-01,91450900,2024-09-01,110109100,2024-05-01,90691000,2024-02-01,93707700,2023-12-01,99731200,2023-05-01,88273200.0,2022-07-01,96196600.0,2022-05-01,141364600.0,2022-02-01,92330200.0,2020-09-01,112170100.0,2020-08-01,91528300.0,2020-04-01,91571500.0,2020-03-01,101066000.0
QTWO,2999186275.8079014,monthly,2026-04-01,18825400,2026-03-01,20486200,2026-01-01,13844900,2025-11-01,19431800,2025-10-01,23525200,2025-09-01,37307800,2025-08-01,20981800,2025-03-01,19845300,2025-02-01,14802200,2024-12-01,14728900,2024-11-01,15348400,2024-05-01,14685300,2024-03-01,15473500.0,2023-11-01,14092400.0,2023-05-01,20139200.0,2023-03-01,23851700.0,2022-05-01,17889000.0,2021-03-01,15215500.0,2020-05-01,13998100.0,2020-03-01,17019100.0
MKTX,3999609748.907324,monthly,2026-08-01,12342250,2026-03-01,10828000,2026-01-01,10830200,2025-12-01,15484300,2025-11-01,12551400,2025-10-01,17495300,2025-09-01,23895200,2025-08-01,14409500,2025-05-01,12147400,2025-04-01,14904100,2025-03-01,14007400,2025-02-01,16706800,2024-12-01,9776900.0,2024-06-01,9247900.0,2024-05-01,10158800.0,2024-02-01,10369400.0,2023-10-01,11502600.0,2023-09-01,10583300.0,2022-04-01,11338600.0,2020-03-01,9422900.0
SPNT,2803379724.171726,monthly,2026-04-01,15140900,2025-12-01,16664500,2025-09-01,24016600,2025-08-01,18173900,2025-05-01,15231200,2025-04-01,17415200,2025-03-01,16080900,2024-12-01,16930100,2024-06-01,16140500,2024-01-01,15386500,2023-12-01,15750000,2023-03-01,16541900,2022-10-01,15479500.0,2022-08-01,20138800.0,2022-06-01,15658000.0,2022-05-01,16166600.0,2021-09-01,15917600.0,2021-06-01,17942100.0,2021-03-01,14821900.0,2020-03-01,16423400.0
CTRI,3093647423.307692,monthly,2026-08-01,30677973,2026-07-01,10615601,2026-05-01,30026849,2026-04-01,20472800,2026-03-01,32201300,2026-02-01,9668000,2026-01-01,22475000,2025-12-01,42850300,2025-11-01,43189300,2025-10-01,38729000,2025-09-01,65025600,2025-08-01,37971000,2025-07-01,14841300.0,2025-06-01,19666700.0,2025-05-01,16077900.0,2024-11-01,9822200.0,2024-10-01,8930200.0,2024-07-01,17888500.0,2024-06-01,12875300.0,2024-05-01,8948500.0
KEX,7317730160.917646,monthly,2026-04-01,14907400,2026-03-01,17829700,2026-01-01,19264500,2025-12-01,14192800,2025-11-01,13879400,2025-10-01,24796200,2025-09-01,25902200,2025-08-01,15377600,2025-07-01,13937100,2025-01-01,15517600,2024-12-01,13053800,2022-04-01,12775400,2022-03-01,13937100.0,2022-01-01,13194000.0,2020-11-01,16134800.0,2020-10-01,16094000.0,2020-09-01,17865000.0,2020-08-01,12741100.0,2020-04-01,12935600.0,2020-03-01,19080100.0
DNLI,4058207773.456126,monthly,2026-05-01,27309524,2026-04-01,30549200,2026-03-01,43275300,2026-01-01,35310100,2025-12-01,36854600,2025-11-01,27416900,2025-10-01,36855900,2025-09-01,51415200,2025-08-01,37585800,2025-07-01,32158600,2025-06-01,34605700,2025-05-01,27305900,2025-04-01,36440800.0,2025-03-01,29321200.0,2024-06-01,29441400.0,2024-04-01,24630500.0,2024-03-01,22522900.0,2024-02-01,30082500.0,2023-12-01,22985300.0,2023-11-01,22700500.0
CVI,2724379247.099963,monthly,2026-03-01,34903100,2026-01-01,29386400,2025-12-01,24258100,2025-10-01,29235200,2025-09-01,49406300,2025-08-01,42129800,2025-04-01,24184300,2024-12-01,39063700,2024-11-01,30417300,2024-10-01,34547600,2024-09-01,29001400,2024-07-01,26471000,2023-08-01,27635500.0,2023-06-01,24416000.0,2023-05-01,30672100.0,2023-03-01,30278500.0,2022-06-01,23716700.0,2022-03-01,26266900.0,2020-04-01,26274700.0,2020-03-01,32077400.0
IRDM,4601271481.330784,monthly,2026-05-01,30194529,2026-04-01,59953300,2026-03-01,45322000,2026-01-01,45106200,2025-12-01,62749100,2025-11-01,34664600,2025-10-01,69580100,2025-09-01,82048600,2025-08-01,32044000,2025-07-01,43067300,2025-04-01,34025200,2025-03-01,29548500,2025-02-01,28976500.0,2024-10-01,29083500.0,2024-04-01,32021600.0,2023-06-01,30043400.0,2022-02-01,35383200.0,2021-03-01,29397600.0,2021-02-01,56375900.0,2020-03-01,26572800.0
KGS,7697085536.295566,monthly,2026-08-01,16459206,2026-05-01,39628673,2026-04-01,22312200,2026-03-01,29091400,2026-02-01,17143100,2026-01-01,26508700,2025-12-01,39068900,2025-11-01,30486500,2025-10-01,27519000,2025-09-01,47067200,2025-08-01,45330000,2025-07-01,23852500,2025-06-01,21184400.0,2025-05-01,20213400.0,2025-04-01,23130100.0,2025-03-01,26781600.0,2025-02-01,19083100.0,2025-01-01,22255900.0,2024-12-01,22257100.0,2024-09-01,17403700.0
BRKR,9272063134.60371,monthly,2026-08-01,30910289,2026-05-01,37532716,2026-04-01,40133100,2026-03-01,46519000,2026-01-01,53257800,2025-12-01,42644900,2025-11-01,51506600,2025-10-01,74348000,2025-09-01,112389300,2025-08-01,67144000,2025-07-01,71024100,2025-06-01,45920100,2025-05-01,54565300.0,2025-04-01,57408600.0,2025-03-01,42613900.0,2025-02-01,34636600.0,2025-01-01,29954100.0,2024-11-01,36016000.0,2024-05-01,34507500.0,2021-12-01,33897300.0
NE,6115395756.119223,monthly,2026-03-01,39267800,2026-01-01,39283300,2025-12-01,36937200,2025-10-01,47167000,2025-09-01,86673300,2025-08-01,36971200,2025-07-01,41285600,2025-06-01,50220900,2025-05-01,44231200,2025-04-01,73025300,2025-03-01,58491300,2025-02-01,41280000,2024-11-01,44746900.0,2024-10-01,45906500.0,2024-09-01,62777200.0,2024-08-01,37110200.0,2023-03-01,43089600.0,2023-02-01,40358100.0,2023-01-01,40642600.0,2022-10-01,38188600.0
AEO,2996211080.4698057,monthly,2026-03-01,149109400,2025-12-01,219602400,2025-10-01,145447300,2025-09-01,363009300,2025-08-01,322030100,2025-07-01,248468400,2025-06-01,155684600,2025-05-01,183771500,2025-04-01,175769700,2025-03-01,160626800,2024-12-01,136273400,2022-09-01,197333400,2022-06-01,171129300.0,2022-05-01,185412200.0,2022-03-01,143996400.0,2020-09-01,166514900.0,2020-08-01,141385300.0,2020-07-01,140193500.0,2020-06-01,215870700.0,2020-04-01,205196800.0
VSAT,8460446729.21,monthly,2026-03-01,37080600,2025-11-01,44165300,2025-10-01,56616600,2025-09-01,79822200,2025-08-01,111332100,2025-07-01,54691300,2025-06-01,99893700,2025-05-01,58595600,2025-04-01,50261300,2025-03-01,59168400,2025-02-01,80224300,2025-01-01,89025700,2024-12-01,56935600.0,2024-11-01,76262400.0,2024-10-01,42623600.0,2024-09-01,50706900.0,2024-08-01,51315800.0,2024-07-01,43543200.0,2024-06-01,47378800.0,2023-10-01,38879900.0
FUN,2249508847.9141083,monthly,2026-05-01,34912739,2026-04-01,33871900,2026-03-01,39185600,2026-01-01,54563800,2025-12-01,63774700,2025-11-01,95634200,2025-10-01,97470100,2025-09-01,89940800,2025-08-01,108520400,2025-07-01,58992000,2025-06-01,42572300,2025-05-01,49763600,2025-04-01,42312100.0,2025-03-01,36793600.0,2024-10-01,31963800.0,2024-09-01,37622300.0,2024-08-01,40508800.0,2024-07-01,57076400.0,2020-04-01,32449800.0,2020-03-01,32195900.0
KYIV,3405238471.211616,monthly,2026-08-01,3335420,2026-07-01,7069139,2026-05-01,12285664,2026-04-01,11011100,2026-03-01,22445300,2026-02-01,6416500,2026-01-01,19070700,2025-12-01,11968700,2025-11-01,14817200,2025-10-01,12861400,2025-09-01,15498700,2025-08-01,40661100,2025-07-01,12307800.0,2025-06-01,9916100.0,2025-05-01,5844900.0,2025-04-01,5252200.0,2025-03-01,11008200.0,2025-02-01,17126400.0,2025-01-01,4770800.0,2024-12-01,3009500.0
IT,9035826748.590384,monthly,2026-08-01,19119444,2026-05-01,27932692,2026-04-01,27062900,2026-03-01,33824100,2026-02-01,25560900,2026-01-01,19836600,2025-12-01,21007200,2025-11-01,19141800,2025-10-01,25013800,2025-09-01,35795600,2025-08-01,38230000,2025-07-01,19191800,2025-06-01,17700800.0,2025-04-01,15500900.0,2025-03-01,16763700.0,2022-05-01,14846100.0,2021-06-01,15530300.0,2021-05-01,15299900.0,2020-03-01,35919100.0,2020-02-01,17555100.0
BLSH,3500538111.3313527,monthly,2026-08-01,17841478,2026-07-31,3253087,2026-07-17,1228663,2026-07-01,10004318,2026-06-01,14004403,2026-05-01,22765970,2026-04-01,21916500,2026-03-01,30707900,2026-02-01,33938500,2026-01-01,36827200,2025-12-01,34414100,2025-11-01,52787100,2025-10-01,69298100.0,2025-09-01,101401100.0,2025-08-01,150505600.0,,,,,,,,,,
IBP,6285806591.629812,monthly,2026-05-01,9719769,2026-03-01,8142900,2025-11-01,6980600,2025-10-01,8255800,2025-09-01,8253200,2025-08-01,13634800,2025-07-01,10143600,2025-06-01,8761800,2025-05-01,9138400,2025-04-01,8362500,2025-03-01,8543400,2025-02-01,8376000,2024-11-01,6982100.0,2024-08-01,6570900.0,2024-07-01,7702900.0,2024-06-01,6992000.0,2024-05-01,7496700.0,2023-03-01,6657400.0,2021-05-01,6539700.0,2020-03-01,9634800.0
AVTR,7018725162.194444,monthly,2026-05-01,162305206,2026-04-01,194850900,2026-03-01,216240200,2026-01-01,246928300,2025-12-01,228195700,2025-11-01,159191000,2025-10-01,308002200,2025-09-01,184407200,2025-08-01,330632600,2025-07-01,261280900,2025-06-01,240003100,2025-05-01,257233100,2025-04-01,310836000.0,2025-03-01,171879000.0,2024-07-01,305883000.0,2024-01-01,155447400.0,2023-10-01,238943500.0,2023-03-01,153957100.0,2023-02-01,160935200.0,2022-10-01,158246800.0
FLR,7491892822.771355,monthly,2025-12-01,62486400,2025-11-01,68095300,2025-10-01,88205400,2025-09-01,76662300,2025-08-01,114194900,2025-07-01,64463500,2025-06-01,95934100,2025-05-01,75210800,2025-03-01,61009000,2025-02-01,72954500,2024-11-01,64998900,2021-07-01,60385500,2021-05-01,86233500.0,2021-03-01,66998800.0,2020-09-01,61599800.0,2020-06-01,71049100.0,2020-05-01,63718000.0,2020-04-01,69421100.0,2020-03-01,101671300.0,2020-02-01,85071000.0
CAVA,9713920421.59664,monthly,2026-05-01,65989084,2026-03-01,70269800,2026-01-01,73751300,2025-12-01,79158400,2025-11-01,96812700,2025-10-01,84704700,2025-09-01,88037500,2025-08-01,128066500,2025-07-01,81935100,2025-06-01,81498700,2025-05-01,76169000,2025-04-01,66102200,2025-03-01,94261700.0,2025-02-01,63556000.0,2024-12-01,56211600.0,2024-11-01,71012000.0,2024-08-01,98074500.0,2024-06-01,61612800.0,2024-05-01,77214800.0,2023-12-01,62641500.0
BMNR,7723460989.594595,monthly,2026-08-01,278065309,2026-07-31,31427582,2026-07-17,35777055,2026-07-01,261484888,2026-06-01,293143720,2026-05-01,536496052,2026-04-01,830279500,2026-03-01,1089761000,2026-02-01,428289600,2026-01-01,874110400,2025-12-01,1023322900,2025-11-01,890094100,2025-10-01,941492500.0,2025-09-01,1012654900.0,2025-08-01,1321873700.0,2025-07-01,664041600.0,2025-06-01,112371000.0,,,,,,
ARR,2141035949.8343055,monthly,2026-08-01,42449370,2026-05-01,49599138,2026-04-01,61703800,2026-03-01,74037400,2026-01-01,85991700,2025-12-01,62489400,2025-11-01,53344200,2025-10-01,70076000,2025-09-01,72356300,2025-08-01,99348200,2025-07-01,64467500,2025-06-01,48876800,2025-05-01,48018700.0,2025-04-01,75435800.0,2025-03-01,63731700.0,2025-02-01,50431500.0,2025-01-01,45865700.0,2024-12-01,39225800.0,2024-11-01,36244000.0,2023-10-01,48420000.0
ROAD,6946424190.426471,monthly,2026-08-01,9930192,2026-05-01,9975121,2026-04-01,9436700,2026-03-01,12367700,2025-12-01,10842100,2025-11-01,9085700,2025-10-01,9895600,2025-08-01,13843900,2025-07-01,10119500,2025-06-01,11418600,2025-05-01,11459800,2025-04-01,9652100,2025-03-01,11548400.0,2025-02-01,12136600.0,2025-01-01,12327200.0,2024-05-01,9268100.0,2023-10-01,9810700.0,2022-03-01,9125900.0,2021-03-01,10517500.0,2021-02-01,9638800.0
CROX,6348349240.150067,monthly,2025-10-01,42582400,2025-09-01,47639500,2025-08-01,61496200,2025-04-01,43805600,2025-02-01,42327600,2024-01-01,39938100,2023-11-01,38118100,2023-07-01,44093900,2023-06-01,39787400,2022-11-01,48438900,2022-08-01,39518500,2022-05-01,45527100,2022-03-01,38665200.0,2022-01-01,45677100.0,2021-12-01,41754700.0,2021-10-01,39063600.0,2021-09-01,39756000.0,2021-06-01,39562300.0,2020-04-01,38245700.0,2020-03-01,47046100.0
MRX,4620119982.045852,monthly,2026-08-01,8161504,2026-05-01,15473317,2026-04-01,28113000,2026-03-01,23558900,2026-01-01,10849700,2025-12-01,13141800,2025-11-01,11328300,2025-10-01,22180400,2025-09-01,21475300,2025-08-01,28312000,2025-07-01,26883300,2025-06-01,24925100,2025-05-01,24239800.0,2025-04-01,27498100.0,2025-03-01,10161800.0,2025-02-01,7677800.0,2024-11-01,9001400.0,2024-10-01,12062300.0,2024-05-01,8210000.0,2024-04-01,9434300.0
MIAX,3598876988.42025,monthly,2026-08-01,14197906,2026-07-31,951019,2026-07-17,1035254,2026-07-01,14619091,2026-06-01,11972953,2026-05-01,20940136,2026-04-01,23061800,2026-03-01,29934800,2026-02-01,10338400,2026-01-01,18274400,2025-12-01,24035100,2025-11-01,10801900,2025-10-01,11390800.0,2025-09-01,14734400.0,2025-08-01,35253900.0,,,,,,,,,,
RAL,8078215625.885911,monthly,2026-08-01,15221862,2026-07-31,1707862,2026-07-17,1707243,2026-07-01,11401113,2026-06-01,7019785,2026-05-01,33938896,2026-04-01,21821500,2026-03-01,31244600,2026-02-01,33218200,2026-01-01,25334300,2025-12-01,29773000,2025-11-01,29377800,2025-10-01,21394900.0,2025-09-01,23782400.0,2025-08-01,28514100.0,2025-07-01,54506400.0,2025-06-01,27737900.0,,,,,,
VCTR,5216969918.830512,monthly,2026-05-01,8158494,2026-04-01,10121100,2026-03-01,19124000,2025-12-01,7985900,2025-11-01,8240300,2025-10-01,8784900,2025-09-01,14590400,2025-08-01,13408300,2025-07-01,19564800,2024-12-01,8716800,2024-11-01,10474800,2024-06-01,9639200,2024-05-01,9762500.0,2024-04-01,12145200.0,2023-12-01,9776100.0,2023-11-01,9649700.0,2023-06-01,10255300.0,2023-03-01,9848100.0,2022-06-01,8796100.0,2022-03-01,8324100.0
FSS,7647853196.779318,monthly,2026-04-01,10346600,2026-03-01,11933700,2025-12-01,13084200,2025-10-01,11968000,2025-09-01,9145800,2025-08-01,11308500,2025-07-01,18023800,2025-06-01,10155200,2025-05-01,9466900,2025-04-01,14567000,2025-03-01,14718500,2025-02-01,9641000,2024-11-01,10342600.0,2024-03-01,8526800.0,2023-06-01,7944600.0,2023-03-01,11265000.0,2022-04-01,8152800.0,2022-03-01,9213300.0,2020-05-01,8282900.0,2020-03-01,14811000.0
NTST,2070568544.123314,monthly,2026-04-01,29736200,2026-03-01,25701200,2026-01-01,28000800,2025-12-01,27946100,2025-10-01,27823800,2025-09-01,26877700,2025-08-01,22746800,2025-07-01,34514800,2025-04-01,23955200,2024-11-01,19768600,2024-10-01,24109700,2024-09-01,21719800,2024-08-01,28299100.0,2024-04-01,21788100.0,2024-03-01,20479400.0,2024-02-01,26043300.0,2024-01-01,24447700.0,2023-10-01,22321300.0,2023-09-01,22543400.0,2022-09-01,22552300.0
HRI,5051032916.998431,monthly,2026-04-01,14244100,2026-03-01,13471400,2026-01-01,9752500,2025-12-01,9452900,2025-11-01,7995300,2025-10-01,11211900,2025-09-01,9811500,2025-08-01,9076700,2025-07-01,14333200,2025-06-01,9317800,2025-05-01,10097300,2025-04-01,12105200,2025-03-01,12584900.0,2025-02-01,11582300.0,2024-10-01,9054200.0,2023-05-01,8298100.0,2023-04-01,9755600.0,2023-03-01,10849200.0,2021-06-01,7813600.0,2020-03-01,7726500.0
FBK,2879646287.7756352,monthly,2026-04-01,6756000,2026-03-01,7556600,2026-01-01,6072300,2025-12-01,7791700,2025-11-01,5339000,2025-10-01,10853300,2025-09-01,7378800,2025-08-01,8733700,2025-07-01,12744600,2025-06-01,4186700,2025-05-01,4287000,2025-04-01,7098200,2024-07-01,4912300.0,2023-10-01,4964300.0,2023-06-01,4089400.0,2023-03-01,4529500.0,2022-10-01,4117400.0,2021-06-01,7234300.0,2020-08-01,11506700.0,2020-03-01,4153300.0
SFNC,3326322212.8136706,monthly,2026-08-01,15633537,2026-04-01,27163900,2026-03-01,30091600,2026-01-01,23593500,2025-12-01,21770000,2025-11-01,20952500,2025-10-01,28387700,2025-09-01,16112900,2025-08-01,20187700,2025-07-01,41372700,2025-04-01,16792100,2025-03-01,17283300,2024-11-01,15787300.0,2023-03-01,18874000.0,2022-06-01,16437000.0,2022-05-01,15987200.0,2022-04-01,26307800.0,2021-12-01,18706000.0,2020-06-01,22844800.0,2020-03-01,26660200.0
INDB,4110157875.1922216,monthly,2026-04-01,7684400,2026-03-01,7437500,2026-01-01,7173500,2025-12-01,6794500,2025-10-01,6769700,2025-09-01,6401400,2025-08-01,6638400,2025-07-01,11527000,2025-06-01,6637800,2025-04-01,7970600,2025-03-01,7481300,2024-10-01,6810700,2024-07-01,7406900.0,2024-06-01,6357900.0,2024-04-01,6418200.0,2024-03-01,6258300.0,2023-03-01,9087800.0,2021-12-01,6559400.0,2021-11-01,10060800.0,2020-03-01,6809700.0
LB,5015347201.436874,monthly,2026-05-01,5999246,2026-03-01,9868900,2026-01-01,10654100,2025-12-01,8239700,2025-11-01,10540700,2025-10-01,8634500,2025-09-01,8606100,2025-08-01,11502800,2025-07-01,16877800,2025-06-01,8177900,2025-05-01,9164300,2025-04-01,10674800,2025-03-01,14133900.0,2025-02-01,11131800.0,2025-01-01,14883600.0,2024-12-01,10106100.0,2024-11-01,11597600.0,2024-10-01,7664300.0,2024-08-01,6551000.0,2024-07-01,9945300.0
REXR,7753417572.729851,monthly,2026-04-01,53434100,2026-03-01,61398400,2026-01-01,44813500,2025-12-01,49449000,2025-10-01,51704000,2025-09-01,59363200,2025-08-01,49729600,2025-07-01,70082900,2025-06-01,55085100,2025-05-01,55113800,2025-04-01,66224800,2025-03-01,53711800,2025-02-01,41557800.0,2024-12-01,43079000.0,2024-10-01,44002400.0,2024-04-01,59454600.0,2024-03-01,43129300.0,2023-06-01,44244000.0,2022-06-01,42641100.0,2020-07-01,46903500.0
SIGI,5765434741.152258,monthly,2026-04-01,12950200,2026-03-01,12256600,2026-01-01,11072000,2025-12-01,9999900,2025-10-01,13930700,2025-09-01,10475600,2025-08-01,11638000,2025-07-01,15365000,2025-05-01,8131500,2025-04-01,8946700,2025-03-01,8079000,2025-02-01,9212600,2025-01-01,7984000.0,2024-11-01,8009600.0,2024-10-01,8617800.0,2024-08-01,7809200.0,2024-07-01,11692600.0,2024-05-01,7838500.0,2023-06-01,7995700.0,2020-03-01,11818200.0
HWKN,3378265174.047369,monthly,2026-04-01,3931000,2026-03-01,4027500,2026-01-01,3201100,2025-12-01,3923900,2025-11-01,3195600,2025-10-01,2906000,2025-09-01,3028100,2025-08-01,3760700,2025-07-01,4941200,2025-06-01,3137800,2025-05-01,2784500,2025-01-01,3530400,2024-08-01,2912700.0,2024-07-01,2975200.0,2024-04-01,2640400.0,2024-03-01,4230000.0,2024-02-01,2944800.0,2023-12-01,2785100.0,2023-09-01,3122700.0,2020-08-01,3061400.0
KSS,2184083900.118387,monthly,2025-08-01,190798700,2025-07-01,439298900,2025-06-01,162294300,2025-05-01,230041500,2025-04-01,277407500,2025-03-01,303894800,2024-12-01,211505300,2024-11-01,229992700,2024-09-01,153581500,2024-08-01,154096900,2022-01-01,156210800,2020-11-01,227403000,2020-10-01,180032100.0,2020-09-01,192445000.0,2020-08-01,215944100.0,2020-07-01,186647200.0,2020-06-01,244341400.0,2020-05-01,237567200.0,2020-04-01,260886300.0,2020-03-01,185576100.0
USLM,3050049923.962669,monthly,2026-05-01,2300499,2026-04-01,2953600,2026-03-01,3346300,2025-09-01,2442200,2025-08-01,2807800,2025-07-01,3151500,2025-06-01,4196700,2025-05-01,1986000,2025-04-01,1906200,2025-03-01,2193000,2025-02-01,2287900,2025-01-01,2789600,2024-12-01,2415800.0,2024-11-01,2365500.0,2024-07-01,1867800.0,2024-06-01,2428000.0,2024-05-01,2870500.0,2024-04-01,2847000.0,2024-03-01,2446500.0,2024-01-01,2369000.0
HLIO,2989704102.7041345,monthly,2026-05-01,5991798,2026-04-01,7339000,2026-03-01,9506900,2026-01-01,6869100,2025-12-01,5723100,2025-11-01,7286700,2025-10-01,6969400,2025-08-01,8721100,2025-07-01,8230100,2025-06-01,10358000,2025-05-01,8925100,2025-04-01,7009900,2025-03-01,4501200.0,2024-08-01,4963800.0,2024-07-01,6398800.0,2024-04-01,4941100.0,2024-02-01,4944400.0,2023-12-01,4705900.0,2023-11-01,6320700.0,2020-05-01,5730600.0
MMYT,5064010849.286016,monthly,2026-04-01,30927800,2026-03-01,39726000,2026-02-01,25855000,2026-01-01,31364000,2025-12-01,24231100,2025-11-01,18037300,2025-10-01,29570200,2025-09-01,19498200,2025-07-01,29814900,2025-06-01,40579900,2025-04-01,16917200,2025-03-01,18474200,2025-02-01,16909500.0,2024-10-01,16290500.0,2024-07-01,18877300.0,2024-05-01,17852200.0,2024-04-01,18672200.0,2024-02-01,17235100.0,2023-08-01,17249000.0,2021-03-01,16639500.0
CC,3118833603.836142,monthly,2026-05-01,52953305,2026-04-01,49922500,2026-03-01,79786300,2026-01-01,59995600,2025-11-01,62791600,2025-10-01,63690700,2025-09-01,65792500,2025-08-01,86237900,2025-07-01,89093100,2025-06-01,99934800,2025-05-01,89727800,2025-04-01,63353400,2025-03-01,84107500.0,2024-03-01,49886900.0,2024-02-01,50570400.0,2023-06-01,50483600.0,2022-03-01,56374500.0,2020-04-01,62707500.0,2020-03-01,96581300.0,2020-02-01,73654200.0
TXG,4665639971.494543,monthly,2026-05-01,41914953,2026-04-01,52811700,2026-03-01,49392300,2026-01-01,53925100,2025-12-01,42854200,2025-11-01,66969500,2025-10-01,59729900,2025-09-01,54038600,2025-08-01,63099500,2025-07-01,69240900,2025-06-01,95877400,2025-05-01,76647900,2025-04-01,82556500.0,2025-03-01,67477100.0,2025-02-01,63720200.0,2024-11-01,44416100.0,2024-10-01,55164300.0,2024-07-01,52566400.0,2024-05-01,40267400.0,2022-05-01,46426700.0
REYN,5652781010.49715,monthly,2026-05-01,20515479,2026-04-01,22984000,2026-03-01,21201100,2026-01-01,17255700,2025-12-01,16490200,2025-11-01,16270200,2025-10-01,26245900,2025-09-01,34097300,2025-08-01,18556600,2025-07-01,29080900,2025-06-01,34767300,2025-05-01,16933000,2025-04-01,17668200.0,2025-03-01,15457300.0,2025-02-01,15528300.0,2024-09-01,20058800.0,2024-03-01,17410700.0,2020-06-01,18098800.0,2020-03-01,23127500.0,2020-02-01,20123800.0
TTAN,6601512405.022083,monthly,2026-08-01,12975346,2026-07-01,10380884,2026-06-01,18503110,2026-05-01,17268301,2026-04-01,21091700,2026-03-01,28763200,2026-02-01,19624000,2026-01-01,22104300,2025-12-01,26641500,2025-11-01,13614300,2025-10-01,16984700,2025-09-01,38999800,2025-08-01,14732100.0,2025-07-01,22187500.0,2025-06-01,40813500.0,2025-05-01,10443500.0,2025-04-01,10796900.0,2025-03-01,10770800.0,2025-01-01,5937900.0,2024-12-01,10477300.0
FLS,9273677259.152422,monthly,2026-05-01,43917812,2026-04-01,53486600,2026-03-01,38105300,2025-11-01,32552000,2025-10-01,54865100,2025-09-01,46549200,2025-08-01,30881400,2025-07-01,71696200,2025-06-01,73491500,2025-04-01,41834900,2025-03-01,38641600,2024-10-01,30506200,2022-09-01,29747600.0,2022-03-01,40794600.0,2022-02-01,30635900.0,2021-03-01,51705700.0,2020-06-01,33747300.0,2020-05-01,38701700.0,2020-04-01,33740800.0,2020-03-01,45797900.0
ENS,8103293624.956702,monthly,2026-03-01,8619300,2026-01-01,8507000,2025-12-01,9564900,2025-11-01,10463300,2025-10-01,8824000,2025-09-01,7308800,2025-08-01,7414500,2025-07-01,7388500,2025-06-01,10707100,2025-05-01,8705100,2025-03-01,8066400,2023-11-01,7161600,2023-08-01,8245800.0,2023-06-01,7596500.0,2022-05-01,7838000.0,2022-02-01,6679600.0,2021-10-01,7045800.0,2021-03-01,6817900.0,2020-06-01,7617500.0,2020-03-01,9837000.0
UFPT,2010056706.4859736,monthly,2026-08-01,2365621,2026-05-01,3686610,2026-04-01,4225500,2026-03-01,4339300,2026-01-01,3158400,2025-12-01,3361100,2025-11-01,2959000,2025-10-01,2344300,2025-09-01,2512200,2025-08-01,2527000,2025-07-01,1980100,2025-06-01,5194200,2025-05-01,3474500.0,2025-04-01,2502300.0,2025-03-01,2465300.0,2025-02-01,1972500.0,2025-01-01,2077500.0,2024-12-01,2205700.0,2023-06-01,4427300.0,2023-03-01,2126600.0
PVH,3429520078.2630186,monthly,2026-04-01,28249600,2025-07-01,25932400,2025-06-01,49834200,2025-05-01,25980700,2025-04-01,40082600,2025-03-01,29397600,2024-04-01,33438600,2023-03-01,29095000,2022-09-01,46697200,2022-06-01,32374500,2022-05-01,38349400,2022-04-01,32451500,2022-03-01,43210400.0,2022-01-01,26027300.0,2020-09-01,33270100.0,2020-07-01,28856400.0,2020-06-01,48601100.0,2020-05-01,40336700.0,2020-04-01,47279600.0,2020-03-01,37390200.0
HLNE,4318864846.3217,monthly,2026-08-01,8811214,2026-05-01,11539036,2026-04-01,19398800,2026-03-01,17595800,2026-01-01,9349300,2025-12-01,11721100,2025-11-01,11172500,2025-10-01,12110300,2025-09-01,8351200,2025-08-01,7864500,2025-07-01,8668400,2025-06-01,19520800,2025-05-01,11799100.0,2025-04-01,12954300.0,2025-03-01,11087800.0,2025-02-01,12239800.0,2025-01-01,7586900.0,2024-12-01,11560300.0,2024-09-01,14758800.0,2020-09-01,9101500.0
WDFC,3341380038.0831914,monthly,2026-04-01,4597600,2026-03-01,3507900,2026-01-01,4251300,2025-10-01,3361900,2025-09-01,3143300,2025-07-01,4350700,2025-06-01,5829000,2025-04-01,3141600,2024-07-01,3047800,2024-04-01,3140200,2024-01-01,3748300,2023-07-01,3592800,2022-10-01,3036300.0,2022-07-01,3214300.0,2022-04-01,2830400.0,2021-10-01,3094800.0,2021-04-01,3284200.0,2020-07-01,3050500.0,2020-04-01,5202500.0,2020-03-01,4770900.0
ZGN,5566308344.55814,monthly,2026-04-01,14597700,2026-03-01,16340200,2026-01-01,15232000,2025-10-01,18632800,2025-09-01,18978400,2025-08-01,14991000,2025-07-01,21268100,2025-06-01,37096000,2025-05-01,20559300,2025-04-01,22096300,2025-03-01,19106000,2025-01-01,18088200,2024-12-01,15657400.0,2024-11-01,25688300.0,2024-10-01,13287000.0,2024-09-01,14724000.0,2024-04-01,22616200.0,2024-03-01,13729800.0,2024-01-01,13002200.0,2023-06-01,20966600.0
GHC,4996045238.941521,monthly,2025-10-01,1075100,2025-09-01,860300,2025-08-01,843800,2025-07-01,905800,2025-06-01,1266700,2025-04-01,604200,2022-12-01,583700,2022-01-01,575600,2021-07-01,555000,2021-06-01,963500,2020-12-01,683100,2020-11-01,499200,2020-09-01,689000.0,2020-08-01,512700.0,2020-07-01,799600.0,2020-06-01,993000.0,2020-05-01,979400.0,2020-04-01,797400.0,2020-03-01,1059500.0,2020-02-01,674400.0
NEU,7292373245.664637,monthly,2026-08-01,1520961,2026-05-01,1287565,2026-04-01,2603500,2026-03-01,3381000,2026-02-01,1367600,2026-01-01,3009600,2025-12-01,2661300,2025-11-01,1214200,2025-10-01,1819000,2025-09-01,1886100,2025-08-01,1978100,2025-07-01,1970300,2025-06-01,4370500.0,2025-03-01,1349400.0,2023-01-01,1176400.0,2021-12-01,1849000.0,2021-10-01,1211200.0,2021-06-01,1172500.0,2020-03-01,2048300.0,2020-02-01,1332800.0
CVCO,4765566555.363832,monthly,2026-05-01,1853086,2026-04-01,3020500,2026-03-01,3567600,2026-02-01,2236600,2026-01-01,4518600,2025-12-01,3606800,2025-11-01,2176400,2025-10-01,3950600,2025-09-01,4088500,2025-08-01,2892000,2025-07-01,3073600,2025-06-01,4665700,2025-05-01,1936200.0,2024-09-01,1604000.0,2024-05-01,1586400.0,2023-05-01,1626200.0,2023-03-01,1717700.0,2022-12-01,2014500.0,2022-11-01,1925200.0,2020-03-01,1698100.0
AGM,2063670532.9411216,monthly,2026-05-01,1777135,2026-04-01,1865300,2026-03-01,2798100,2026-01-01,2254100,2025-12-01,1687500,2025-11-01,1738300,2025-10-01,1707300,2025-09-01,1638300,2025-08-01,1506000,2025-07-01,2111200,2025-06-01,4441600,2024-03-01,1859700,2024-02-01,1531800.0,2023-03-01,2357500.0,2023-02-01,1252300.0,2023-01-01,1261500.0,2021-03-01,1520200.0,2020-12-01,1278500.0,2020-09-01,1263900.0,2020-03-01,1863500.0
IDA,8470810793.748545,monthly,2026-05-01,8254708,2026-04-01,9993300,2026-03-01,10117500,2026-01-01,9675900,2025-12-01,9734500,2025-10-01,10066100,2025-09-01,7832500,2025-07-01,10943800,2025-06-01,9888100,2025-05-01,13235800,2025-04-01,8393800,2024-11-01,9409700,2024-05-01,8148200.0,2024-04-01,7768500.0,2024-03-01,9644700.0,2023-10-01,7587400.0,2021-10-01,8479700.0,2021-04-01,8342800.0,2021-03-01,10088900.0,2020-03-01,9686500.0
OGS,4998407816.376448,monthly,2026-03-01,11717200,2025-12-01,10198300,2025-11-01,9096800,2025-08-01,10396300,2025-07-01,9435500,2025-06-01,12697000,2025-05-01,17120900,2025-04-01,11157500,2024-12-01,9238600,2024-07-01,12035600,2024-02-01,11777900,2023-12-01,11377900,2023-11-01,10989800.0,2023-10-01,10977100.0,2023-07-01,12160700.0,2023-03-01,12044900.0,2023-02-01,11510200.0,2023-01-01,15716400.0,2022-12-01,12218600.0,2020-03-01,11442700.0
NBTB,2579187268.653472,monthly,2026-05-01,4959536,2026-04-01,4836800,2026-03-01,5655600,2025-12-01,5209500,2025-10-01,4586900,2025-07-01,4705900,2025-06-01,4461900,2025-05-01,6877700,2025-04-01,6617000,2025-03-01,5729900,2024-12-01,6084400,2024-09-01,5451800,2024-07-01,5777800.0,2024-03-01,5394500.0,2023-12-01,4646900.0,2023-08-01,5790700.0,2023-05-01,4467000.0,2023-03-01,5857800.0,2022-12-01,4881700.0,2020-03-01,5602400.0
LOAR,7409440497.598293,monthly,2026-05-01,14066544,2026-04-01,19326600,2026-03-01,27217400,2026-01-01,13629300,2025-12-01,14409300,2025-11-01,16900900,2025-10-01,14850100,2025-09-01,18487300,2025-08-01,22772500,2025-07-01,18315000,2025-06-01,22790300,2025-05-01,33768400,2025-04-01,15848300.0,2025-03-01,10321700.0,2025-02-01,8014600.0,2024-12-01,17686100.0,2024-11-01,7325200.0,2024-06-01,7453800.0,2024-05-01,7263300.0,2024-04-01,8987700.0
AAP,3749454001.050338,monthly,2025-10-01,44104100,2025-08-01,42333900,2025-07-01,58301000,2025-06-01,55769900,2025-05-01,91516000,2025-04-01,48077200,2025-03-01,54438000,2025-02-01,49709000,2024-12-01,41596700,2024-11-01,60610300,2024-10-01,64094600,2024-09-01,58523800,2024-08-01,53196000.0,2024-03-01,49956200.0,2023-11-01,49033400.0,2023-09-01,46923600.0,2023-08-01,72011500.0,2023-07-01,42506900.0,2023-06-01,81116200.0,2023-05-01,43323800.0
YETI,3879583625.362927,monthly,2025-12-01,43639300,2025-11-01,44968000,2025-08-01,46121000,2025-07-01,52992200,2025-06-01,40092600,2025-05-01,63490500,2025-04-01,49788400,2025-03-01,37623400,2025-02-01,38271900,2024-11-01,44900100,2024-08-01,36251100,2024-05-01,42801200,2024-02-01,47037900.0,2022-05-01,43360000.0,2021-01-01,37468400.0,2020-06-01,40477500.0,2020-05-01,56608700.0,2020-04-01,48576100.0,2020-03-01,54066400.0,2020-02-01,52492100.0
LIVN,4583105443.955461,monthly,2026-05-01,14156291,2026-04-01,15253900,2026-03-01,19555600,2025-11-01,13127800,2025-08-01,16284300,2025-07-01,13198500,2025-05-01,20801700,2025-04-01,15533100,2025-03-01,15786500,2025-02-01,13020000,2024-08-01,15294800,2024-07-01,17319400,2024-06-01,15350100.0,2024-04-01,13220100.0,2024-03-01,18395200.0,2023-03-01,16162000.0,2021-03-01,13840600.0,2020-07-01,15847200.0,2020-06-01,18885800.0,2020-03-01,16038500.0
APPF,5503260360.23622,monthly,2026-04-01,7370500,2026-03-01,8290300,2026-01-01,7583700,2025-10-01,7576900,2025-08-01,8651800,2025-07-01,5623000,2025-06-01,5846700,2025-05-01,5086000,2025-04-01,8698300,2025-03-01,6812400,2025-02-01,5762100,2025-01-01,5656100,2024-10-01,6916300.0,2024-07-01,7228000.0,2024-06-01,6648600.0,2024-04-01,6193800.0,2024-03-01,8592000.0,2024-01-01,6915400.0,2021-03-01,5103500.0,2020-03-01,4970200.0
ADC,9251523676.046854,monthly,2026-04-01,22109200,2026-03-01,29942700,2026-01-01,28484600,2025-12-01,24909400,2025-10-01,26858400,2025-07-01,25231000,2025-06-01,21743400,2025-05-01,25832700,2025-04-01,35260900,2025-03-01,29690100,2024-10-01,24192300,2024-08-01,23768900,2024-04-01,21672600.0,2024-03-01,23168900.0,2024-02-01,21390300.0,2024-01-01,21549600.0,2023-10-01,21499100.0,2023-06-01,29708600.0,2023-02-01,34884000.0,2022-09-01,23048500.0
FND,6443492052.545268,monthly,2026-05-01,56939891,2026-04-01,60928300,2026-03-01,56728300,2026-01-01,54550800,2025-12-01,50660000,2025-11-01,51404300,2025-10-01,53950100,2025-09-01,44775400,2025-08-01,46893800,2025-07-01,41960600,2025-05-01,49123300,2025-04-01,63115000,2025-03-01,41456200.0,2025-02-01,38461000.0,2024-11-01,43427400.0,2024-07-01,49332000.0,2023-11-01,43951900.0,2023-10-01,58789000.0,2020-05-01,38377600.0,2020-03-01,47188400.0
ATAT,4332748572.0,monthly,2026-04-01,26423200,2026-03-01,28476300,2026-01-01,23481800,2025-12-01,27656000,2025-11-01,24164300,2025-10-01,29897400,2025-09-01,24056000,2025-08-01,28283100,2025-07-01,31486700,2025-06-01,23785900,2025-05-01,32181800,2025-04-01,38244500,2025-03-01,23489900.0,2025-02-01,27512600.0,2024-12-01,29945200.0,2024-11-01,25561900.0,2024-10-01,28234600.0,2024-09-01,32793700.0,2024-07-01,21083000.0,2024-06-01,25189600.0
PII,4127660540.958558,monthly,2026-04-01,42079600,2026-03-01,23659300,2026-01-01,21334500,2025-10-01,35162800,2025-09-01,25135400,2025-08-01,28658300,2025-07-01,38468800,2025-06-01,33336500,2025-05-01,32137300,2025-04-01,46123500,2025-03-01,35222000,2025-02-01,32752800,2025-01-01,33870900.0,2024-07-01,27110600.0,2021-06-01,23659300.0,2021-03-01,22865900.0,2020-07-01,22263300.0,2020-05-01,26622900.0,2020-04-01,30679400.0,2020-03-01,23957800.0
SHOO,3158752420.6784,monthly,2026-03-01,29344900,2026-02-01,21136800,2026-01-01,22456400,2025-12-01,21762300,2025-11-01,24845500,2025-10-01,27402100,2025-09-01,36309900,2025-08-01,32406000,2025-07-01,34957100,2025-06-01,28593900,2025-05-01,41207000,2025-04-01,47259900,2025-03-01,39612500.0,2025-02-01,20657300.0,2024-03-01,23668200.0,2023-06-01,22354400.0,2022-09-01,21075700.0,2020-10-01,23389100.0,2020-06-01,20080000.0,2020-03-01,27353300.0
BUSE,2520399237.6946616,monthly,2026-08-01,7527296,2026-05-01,8592736,2026-04-01,11263300,2026-03-01,14913200,2026-02-01,6609800,2026-01-01,12438200,2025-12-01,10603700,2025-11-01,6751100,2025-10-01,10233400,2025-09-01,11483600,2025-08-01,9970400,2025-07-01,12514400,2025-06-01,12837900.0,2025-05-01,9179400.0,2025-04-01,15301900.0,2025-03-01,11065300.0,2025-02-01,8286000.0,2025-01-01,7090600.0,2024-10-01,7026700.0,2024-08-01,7078200.0
AUB,5990821971.414446,monthly,2026-04-01,22166700,2026-03-01,24802900,2026-01-01,24742700,2025-12-01,27786600,2025-11-01,20233500,2025-10-01,25235400,2025-09-01,20791600,2025-08-01,23764300,2025-07-01,23507700,2025-06-01,38578500,2025-05-01,24934200,2025-04-01,50921400,2025-03-01,37311000.0,2025-02-01,16619300.0,2025-01-01,18932200.0,2024-12-01,17406800.0,2024-11-01,19627800.0,2024-10-01,25784200.0,2024-04-01,14848000.0,2023-03-01,36585300.0
RNST,4000919034.359021,monthly,2026-05-01,10771032,2026-04-01,13834200,2026-03-01,16505200,2026-01-01,13530600,2025-12-01,11633600,2025-10-01,12909300,2025-09-01,11469100,2025-08-01,11409100,2025-07-01,12974500,2025-06-01,10993800,2025-05-01,12151700,2025-04-01,28400400,2025-03-01,22797700.0,2025-02-01,9455700.0,2025-01-01,11298500.0,2024-12-01,11617500.0,2024-09-01,10326500.0,2024-08-01,20428600.0,2024-07-01,14470400.0,2020-10-01,25379300.0
VFC,6815068349.651533,monthly,2025-10-01,180982800,2025-09-01,160334900,2025-08-01,183425400,2025-07-01,202561300,2025-05-01,197699700,2025-04-01,280791400,2025-03-01,226788100,2024-10-01,198334800,2024-08-01,164454500,2024-05-01,204241200,2024-04-01,242840400,2024-03-01,164137700,2024-02-01,211021600.0,2023-11-01,194604100.0,2023-10-01,216925700.0,2023-05-01,165797100.0,2023-03-01,180319700.0,2023-02-01,255002200.0,2022-12-01,163842900.0,2022-10-01,170330400.0
ACT,6315538015.129034,monthly,2026-03-01,7501700,2025-10-01,6990700,2025-09-01,10248600,2025-07-01,7553700,2025-06-01,10359300,2025-05-01,9702800,2025-04-01,16597400,2025-01-01,6451300,2024-11-01,7352500,2024-10-01,10234500,2024-09-01,6208400,2024-02-01,7191500,2024-01-01,7446100.0,2023-11-01,7710700.0,2023-08-01,7093500.0,2023-05-01,7223600.0,2022-09-01,7132100.0,2022-06-01,12806700.0,2022-05-01,6572500.0,2021-09-01,6873800.0
CHA,2174701844.0,monthly,2026-08-01,5466076,2026-07-31,376589,2026-07-17,328038,2026-07-01,6016619,2026-06-01,7073257,2026-05-01,6181293,2026-04-01,10128800,2026-03-01,11562000,2026-02-01,6234500,2026-01-01,15711500,2025-12-01,26134100,2025-11-01,12689400,2025-10-01,18543600.0,2025-09-01,22130000.0,2025-08-01,25069500.0,2025-07-01,22904900.0,2025-06-01,25040200.0,2025-05-01,23728600.0,2025-04-01,39315000.0,,
FELE,4766820879.521675,monthly,2026-04-01,7138700,2026-03-01,6174300,2026-01-01,6142600,2025-12-01,5479100,2025-11-01,4807600,2025-10-01,5362800,2025-09-01,4883100,2025-08-01,4789300,2025-07-01,5447900,2025-06-01,7045200,2025-05-01,5015100,2025-04-01,7179100,2025-03-01,6407600.0,2024-02-01,4459900.0,2022-10-01,4693100.0,2022-05-01,4502400.0,2022-04-01,5884600.0,2021-03-01,4725600.0,2020-07-01,4443100.0,2020-03-01,5989700.0
COLM,3299092577.6639533,monthly,2026-04-01,11333900,2026-03-01,13974300,2026-02-01,11838400,2025-11-01,13082300,2025-10-01,15275500,2025-09-01,15499800,2025-08-01,16527900,2025-07-01,12650400,2025-06-01,14470200,2025-05-01,18501100,2025-04-01,20866700,2025-03-01,17639400,2025-02-01,18203300.0,2024-07-01,12036700.0,2024-04-01,12601900.0,2024-02-01,12075600.0,2023-10-01,11284200.0,2023-08-01,11346100.0,2022-05-01,11313400.0,2020-03-01,12647700.0
JBLU,2232113554.0540543,monthly,2026-05-01,387768276,2026-04-01,564729800,2026-03-01,678693000,2026-01-01,419879300,2025-10-01,565160500,2025-09-01,400323300,2025-07-01,412397700,2025-06-01,446100300,2025-05-01,600906400,2025-04-01,702036300,2025-03-01,495493200,2025-02-01,377298300,2025-01-01,534120900.0,2024-12-01,375214300.0,2024-10-01,410299400.0,2024-08-01,439574500.0,2024-01-01,483429100.0,2023-09-01,407732500.0,2023-08-01,377516200.0,2020-06-01,497274400.0
SMG,4067499405.031012,monthly,2026-04-01,20727300,2026-03-01,20786300,2026-01-01,18553300,2025-12-01,17293400,2025-07-01,18614800,2025-06-01,21215400,2025-05-01,26054700,2025-04-01,35861100,2025-03-01,25991100,2024-11-01,21686100,2024-07-01,20816200,2024-06-01,21376900,2024-05-01,18245400.0,2024-02-01,17233200.0,2023-11-01,19032200.0,2023-08-01,19755600.0,2023-01-01,17259300.0,2022-11-01,21178400.0,2022-10-01,22961300.0,2022-09-01,19463900.0
IOSP,2035263295.7966428,monthly,2026-05-01,3886070,2026-04-01,3867700,2026-03-01,6710000,2026-01-01,2820400,2025-12-01,5716100,2025-11-01,5100000,2025-10-01,3890200,2025-09-01,4751200,2025-08-01,3905800,2025-07-01,4294100,2025-06-01,4914700,2025-05-01,3545700,2025-04-01,4151900.0,2025-03-01,7075500.0,2025-02-01,3172900.0,2024-12-01,2953500.0,2024-08-01,3714200.0,2021-12-01,3275800.0,2020-09-01,2857200.0,2020-03-01,3752300.0
BHE,3302481342.956065,monthly,2026-05-01,6881963,2026-04-01,8158400,2026-03-01,8966700,2025-12-01,7256100,2025-11-01,6020400,2025-09-01,6204500,2025-08-01,5770900,2025-04-01,7621000,2025-03-01,12859500,2024-07-01,6413600,2024-06-01,11499100,2024-05-01,7653700,2024-04-01,6248800.0,2024-03-01,8250300.0,2023-03-01,6434000.0,2021-05-01,6403800.0,2021-03-01,6107300.0,2020-09-01,6019900.0,2020-03-01,8105000.0,2020-02-01,6831100.0
TFX,5748929545.900305,monthly,2026-05-01,11602942,2026-04-01,19874400,2026-03-01,17756200,2026-01-01,21678600,2025-12-01,15959900,2025-11-01,13978300,2025-10-01,10183700,2025-09-01,14091500,2025-08-01,11719500,2025-07-01,12337600,2025-06-01,10535600,2025-05-01,11103500,2025-04-01,19401000.0,2025-03-01,34883200.0,2025-02-01,18841000.0,2025-01-01,10300800.0,2024-11-01,10677000.0,2024-08-01,10153600.0,2024-05-01,13784400.0,2022-07-01,10280200.0
WEX,4784550650.383002,monthly,2026-04-01,12961800,2026-03-01,10567000,2025-07-01,10772100,2025-06-01,11534800,2025-05-01,10486400,2025-04-01,20388800,2025-03-01,31228000,2025-02-01,13726000,2024-10-01,11414100,2022-02-01,10400900,2021-12-01,10695900,2021-11-01,11762200,2020-11-01,10089500.0,2020-10-01,10355100.0,2020-07-01,9480900.0,2020-06-01,16692300.0,2020-05-01,10255100.0,2020-04-01,13422400.0,2020-03-01,23080400.0,2020-02-01,10054800.0
IPAR,3457823457.495592,monthly,2026-05-01,3722075,2026-04-01,5563700,2026-03-01,6344700,2026-01-01,4596400,2025-12-01,6661400,2025-11-01,5569600,2025-10-01,5610600,2025-09-01,6172400,2025-08-01,5128500,2025-07-01,4778900,2025-06-01,3769500,2025-05-01,5577900,2025-04-01,6621300.0,2025-03-01,7818200.0,2024-11-01,3325800.0,2024-07-01,3384100.0,2024-03-01,3395000.0,2023-03-01,3910900.0,2020-05-01,4431100.0,2020-04-01,3439700.0
WSC,5223506256.714138,monthly,2026-05-01,52487806,2026-04-01,50876500,2025-12-01,56276000,2025-11-01,95670100,2025-08-01,57964700,2025-04-01,67420200,2025-03-01,108414900,2024-11-01,74651000,2024-10-01,64835000,2024-09-01,53008200,2023-11-01,50298300,2023-04-01,59195400,2023-03-01,53831700.0,2022-06-01,76769500.0,2022-05-01,56324600.0,2021-11-01,50296600.0,2021-09-01,60604900.0,2021-06-01,64454200.0,2021-03-01,50760200.0,2020-07-01,59349300.0
CENT,2525720980.975281,monthly,2025-04-01,3281400,2025-03-01,7793500,2025-02-01,2730200,2024-12-01,3059700,2024-11-01,2410100,2024-10-01,2407600,2024-09-01,2824500,2024-08-01,2493900,2024-06-01,3054600,2024-02-01,3180804,2023-12-01,3609568,2023-09-01,3189560,2021-12-01,2458223.0,2021-06-01,2848860.0,2021-03-01,2980517.0,2021-02-01,2350700.0,2020-12-01,3462968.0,2020-08-01,2567919.0,2020-05-01,3673034.0,2020-03-01,3810438.0
LCII,2328222281.03276,monthly,2026-07-01,5503726,2026-04-01,8750800,2026-03-01,6328300,2026-01-01,8097200,2025-11-01,6780200,2025-10-01,7273100,2025-09-01,5630000,2025-08-01,6295200,2025-07-01,7140600,2025-06-01,7022200,2025-05-01,8701900,2025-04-01,11851400,2025-03-01,12031300.0,2025-02-01,5870000.0,2024-07-01,5702600.0,2023-10-01,6148200.0,2023-09-01,5189300.0,2022-05-01,5664000.0,2021-06-01,6125200.0,2021-05-01,5530500.0
DIOD,4784684510.915369,monthly,2026-08-01,10107005,2026-05-01,11183678,2026-04-01,12490200,2026-03-01,11525700,2025-09-01,9764900,2025-08-01,10502600,2025-07-01,9138700,2025-06-01,10120300,2025-05-01,10168000,2025-04-01,12699000,2025-03-01,13033600,2025-02-01,9680000,2025-01-01,8904000.0,2024-08-01,10946300.0,2024-01-01,9185500.0,2023-11-01,8603700.0,2022-04-01,8167800.0,2021-03-01,11521100.0,2020-03-01,9385300.0,2020-02-01,9120800.0
FRPT,2822270367.084301,monthly,2026-08-01,20239687,2026-05-01,30662703,2026-04-01,25412800,2026-03-01,41502000,2026-01-01,22916100,2025-12-01,27043400,2025-11-01,23226200,2025-10-01,34451700,2025-09-01,35747700,2025-08-01,30648500,2025-07-01,27271900,2025-06-01,24031300,2025-05-01,29656400.0,2025-04-01,24107800.0,2025-03-01,44629600.0,2025-02-01,31615800.0,2023-03-01,24518800.0,2022-09-01,32650400.0,2022-08-01,24481200.0,2022-05-01,26032600.0
WSBC,3731805739.878064,monthly,2026-08-01,8142122,2026-05-01,8947013,2026-04-01,14574800,2026-03-01,12260500,2026-01-01,9973500,2025-12-01,11783000,2025-11-01,8513500,2025-10-01,14001700,2025-09-01,13494700,2025-08-01,9644200,2025-07-01,13510400,2025-06-01,11266100,2025-05-01,9420400.0,2025-04-01,15336500.0,2025-03-01,16003600.0,2025-02-01,13375000.0,2025-01-01,9138200.0,2024-12-01,10298000.0,2023-05-01,9477300.0,2020-06-01,8281300.0
ADT,4696329550.628572,monthly,2026-05-01,263850211,2026-04-01,163469400,2026-03-01,252362100,2026-02-01,215927400,2025-12-01,121557400,2025-11-01,156181700,2025-10-01,149313400,2025-09-01,212644900,2025-08-01,212771300,2025-07-01,302939200,2025-06-01,393965100,2025-05-01,416468800,2025-04-01,372974900.0,2025-03-01,441218000.0,2025-02-01,186971000.0,2024-10-01,193018600.0,2024-06-01,149744000.0,2024-03-01,215376100.0,2022-10-01,148153300.0,2020-08-01,276309600.0
ATEN,2518496071.381692,monthly,2026-04-01,23203600,2026-03-01,25061600,2025-07-01,18755300,2025-05-01,18755800,2025-04-01,21008600,2025-03-01,37181000,2024-06-01,27744600,2024-05-01,18293200,2024-03-01,19744100,2023-11-01,18566200,2023-10-01,20162000,2022-05-01,22342100,2022-04-01,37141500.0,2022-03-01,21936600.0,2021-12-01,19840700.0,2021-11-01,27686700.0,2021-02-01,24434200.0,2021-01-01,19546700.0,2020-12-01,19909600.0,2020-08-01,21350700.0
YOU,7374093551.678451,monthly,2026-03-01,42658700,2025-12-01,34865200,2025-11-01,32667900,2025-10-01,36162300,2025-09-01,34021200,2025-08-01,38879100,2025-05-01,43784900,2025-04-01,39467300,2025-03-01,57343700,2025-02-01,45256400,2024-12-01,40777100,2024-11-01,57160200,2024-10-01,39194700.0,2024-09-01,55070500.0,2024-08-01,48486600.0,2024-05-01,42140000.0,2024-03-01,34530400.0,2024-02-01,34515400.0,2023-03-01,35700300.0,2022-06-01,36550900.0
WTTR,2763705556.8018765,monthly,2026-08-01,22670239,2026-05-01,30530816,2026-04-01,42595800,2026-03-01,35326100,2025-10-01,26966500,2025-09-01,27776800,2025-08-01,21850300,2025-07-01,25741000,2025-05-01,23854200,2025-04-01,29351400,2025-03-01,47176700,2025-02-01,21489000,2024-11-01,21080900.0,2024-07-01,21730000.0,2024-05-01,28383900.0,2024-03-01,32519300.0,2024-02-01,27451600.0,2023-08-01,21967800.0,2023-06-01,25289800.0,2023-03-01,24548300.0
EFSC,2446126728.8223443,monthly,2026-05-01,3536167,2026-04-01,5849300,2026-03-01,6730200,2025-12-01,4343400,2025-10-01,3874500,2025-09-01,3597800,2025-07-01,3906400,2025-06-01,3977300,2025-04-01,4750400,2025-03-01,7162400,2024-11-01,4206300,2024-07-01,4328800,2023-07-01,4137200.0,2023-06-01,4543400.0,2023-05-01,4333800.0,2023-03-01,5524200.0,2021-12-01,4476300.0,2021-06-01,3722300.0,2021-04-01,4145100.0,2021-03-01,4046900.0
MWA,4177777888.054114,monthly,2026-04-01,26652800,2025-12-01,30224000,2025-11-01,28736200,2025-10-01,26241200,2025-07-01,27064600,2025-06-01,29790300,2025-05-01,34527000,2025-04-01,34425100,2025-03-01,84106200,2025-02-01,33304300,2024-10-01,31541500,2024-08-01,29441900,2024-07-01,28890700.0,2024-05-01,38947100.0,2024-04-01,30851700.0,2024-02-01,27254800.0,2023-08-01,27928500.0,2021-11-01,28392900.0,2021-03-01,27444900.0,2020-03-01,30370400.0
MYRG,7442176613.164591,monthly,2026-05-01,4814431,2026-04-01,5936800,2026-03-01,6531300,2026-01-01,4084700,2025-12-01,5421700,2025-11-01,4543600,2025-10-01,5401700,2025-09-01,5129500,2025-08-01,4251700,2025-05-01,5150600,2025-04-01,3850900,2025-03-01,6943200,2025-01-01,3874700.0,2024-11-01,4938900.0,2024-10-01,5354600.0,2024-09-01,4005600.0,2024-08-01,6713900.0,2024-07-01,4585900.0,2021-06-01,4297600.0,2021-03-01,4491300.0
ALGT,3120266199.025897,monthly,2026-05-01,11191434,2026-04-01,10221300,2026-03-01,11072000,2026-01-01,10696400,2025-09-01,7544700,2025-08-01,10407000,2025-07-01,9436200,2025-05-01,10232000,2025-04-01,10629900,2025-03-01,11554800,2025-02-01,8160500,2024-11-01,8489400,2024-10-01,10469800.0,2024-09-01,7814300.0,2024-08-01,8787400.0,2024-07-01,11376100.0,2024-05-01,9568300.0,2020-06-01,8323000.0,2020-05-01,8949700.0,2020-03-01,8392000.0
MRP,4770275148.521914,monthly,2026-08-01,11774398,2026-07-17,1260101,2026-07-01,9951105,2026-06-01,9145233,2026-05-01,29766375,2026-04-01,23946700,2026-03-01,31849800,2026-02-01,10075600,2026-01-01,24250600,2025-12-01,52412000,2025-11-01,69940900,2025-10-01,35220200,2025-09-01,25016800.0,2025-08-01,21857900.0,2025-07-01,23950400.0,2025-06-01,19349600.0,2025-05-01,22372500.0,2025-04-01,25928800.0,2025-03-01,51748700.0,2025-02-01,117644800.0
NWL,2472917908.105263,monthly,2026-03-01,135215700,2025-12-01,140609700,2025-11-01,220385200,2025-10-01,215610100,2025-09-01,158622100,2025-08-01,178864200,2025-07-01,154667800,2025-06-01,212330500,2025-05-01,203767500,2025-04-01,215197700,2025-03-01,167606600,2025-02-01,248617100,2024-10-01,143629500.0,2024-09-01,189602600.0,2024-07-01,140808100.0,2024-03-01,132987200.0,2023-10-01,131656800.0,2023-09-01,214888700.0,2023-06-01,140643400.0,2023-05-01,200229200.0
ECG,7928292681.4808035,monthly,2026-08-01,6781890,2026-07-01,4933982,2026-05-01,11700157,2026-04-01,11264400,2026-03-01,11649300,2026-01-01,15627000,2025-12-01,11036600,2025-11-01,11696100,2025-10-01,9951200,2025-09-01,8610800,2025-08-01,13513300,2025-07-01,10524400,2025-06-01,6600100.0,2025-05-01,16466000.0,2025-04-01,13759500.0,2025-03-01,14788700.0,2025-02-01,17442600.0,2025-01-01,13067500.0,2024-12-01,11859300.0,2024-11-01,17381900.0
TBBB,5062010797.445047,monthly,2026-03-01,14996000,2026-01-01,13968800,2025-12-01,14506600,2025-11-01,12343300,2025-10-01,14889400,2025-07-01,15353000,2025-04-01,15082200,2025-03-01,16545400,2025-02-01,31076900,2025-01-01,13570300,2024-12-01,16728900,2024-11-01,14876900,2024-10-01,14823200.0,2024-09-01,14540300.0,2024-07-01,13254400.0,2024-06-01,19668400.0,2024-05-01,22693500.0,2024-04-01,22506000.0,2024-03-01,12916200.0,2024-02-01,27327100.0
SAIL,7475471473.662728,monthly,2026-08-01,35950762,2026-07-17,3696148,2026-07-01,37234604,2026-06-01,35626884,2026-05-01,52690884,2026-04-01,60458000,2026-03-01,75682800,2026-02-01,26461900,2026-01-01,49045600,2025-12-01,46747900,2025-11-01,27942200,2025-10-01,44196100,2025-09-01,65467600.0,2025-08-01,47054700.0,2025-07-01,44906600.0,2025-06-01,48723100.0,2025-05-01,34826400.0,2025-04-01,31324300.0,2025-03-01,42430500.0,2025-02-01,77240200.0
TTAM,3561882828.304664,monthly,2026-08-01,2721499,2026-07-31,419039,2026-07-01,1559545,2026-06-01,2041996,2026-05-01,3419092,2026-04-01,3917500,2026-03-01,9407600,2026-02-01,2060000,2026-01-01,9102300,2025-12-01,5672300,2025-11-01,4487500,2025-10-01,3702800,2025-09-01,6017500.0,2025-08-01,6606300.0,2025-07-01,16710400.0,2025-06-01,8264000.0,2025-05-01,3676000.0,2025-04-01,7194800.0,2025-03-01,9519800.0,2025-02-01,17949900.0
GOLF,6914062541.1053,monthly,2026-03-01,8545400,2025-08-01,9290100,2025-07-01,8093000,2025-06-01,7982800,2025-05-01,9144000,2025-04-01,11955800,2025-03-01,10619700,2025-02-01,15015000,2024-04-01,8465300,2024-03-01,8394300,2023-07-01,8887000,2023-06-01,8815300,2023-03-01,8413700.0,2023-01-01,7887400.0,2022-05-01,7654500.0,2021-05-01,8983800.0,2020-06-01,8778300.0,2020-05-01,11834200.0,2020-04-01,12029800.0,2020-03-01,11444700.0
KAI,3832318391.157388,monthly,2026-05-01,2996137,2026-04-01,3263500,2026-03-01,3642000,2026-01-01,2402400,2025-12-01,3452700,2025-11-01,2396600,2025-10-01,3703500,2025-09-01,2459000,2025-08-01,2174300,2025-07-01,2543400,2025-06-01,2524800,2025-05-01,2793600,2025-04-01,3325400.0,2025-03-01,3115400.0,2025-02-01,5184600.0,2024-12-01,2396300.0,2024-11-01,1925800.0,2024-05-01,2001800.0,2024-03-01,2134400.0,2024-02-01,2228300.0
FLYW,2164749564.9075828,monthly,2026-05-01,39181171,2026-04-01,32649400,2026-03-01,39419400,2025-11-01,34397400,2025-10-01,32650100,2025-09-01,46867600,2025-08-01,53801900,2025-07-01,48233600,2025-06-01,51697500,2025-05-01,56634600,2025-04-01,59486500,2025-03-01,56132600,2025-02-01,61256900.0,2024-11-01,34362700.0,2024-05-01,47409200.0,2024-01-01,35446500.0,2023-12-01,34368400.0,2023-11-01,44529900.0,2023-06-01,34132500.0,2021-12-01,35399300.0
JBTM,7253046794.513808,monthly,2026-08-01,9323365,2026-05-01,9222513,2026-04-01,8806200,2026-03-01,15907100,2026-01-01,9739800,2025-12-01,9857900,2025-11-01,10483200,2025-10-01,13007300,2025-09-01,13917600,2025-08-01,9833300,2025-07-01,10659100,2025-06-01,9783500,2025-05-01,10203200.0,2025-04-01,13316300.0,2025-03-01,10399500.0,2025-02-01,9129700.0,2025-01-01,16163800.0,2024-12-01,12854800.0,2024-11-01,8337400.0,2024-10-01,8385600.0
MCY,5952616214.113811,monthly,2025-05-01,7605200,2025-04-01,7699200,2025-03-01,10527000,2025-02-01,16570700,2025-01-01,22818400,2024-09-01,6959300,2023-03-01,7581700,2023-02-01,6834500,2022-12-01,6454900,2022-11-01,9078000,2022-10-01,7040400,2022-09-01,18178600,2022-08-01,14461500.0,2022-07-01,6588200.0,2022-06-01,11175200.0,2021-03-01,8039100.0,2020-06-01,7895500.0,2020-05-01,10841000.0,2020-04-01,7037000.0,2020-03-01,8060100.0
INSW,3936118267.690882,monthly,2026-03-01,15170300,2025-06-01,14186400,2025-05-01,13937300,2025-04-01,17817400,2025-03-01,18182900,2025-02-01,15542700,2025-01-01,20364000,2024-12-01,24646200,2024-10-01,14125100,2024-08-01,13769900,2023-06-01,14160600,2023-03-01,16827900,2023-02-01,14745900.0,2022-11-01,14266400.0,2022-09-01,15297500.0,2022-08-01,13678800.0,2022-04-01,22786400.0,2022-03-01,16464200.0,2020-04-01,14057500.0,2020-03-01,14428500.0
AGCO,8497140282.869762,monthly,2025-12-01,17060000,2025-10-01,18141800,2025-09-01,16908000,2025-08-01,16063600,2025-07-01,20099100,2025-05-01,17983100,2025-04-01,24095200,2025-03-01,21160900,2025-02-01,16312700,2024-12-01,24317000,2024-11-01,21559500,2024-08-01,19846400,2024-07-01,19017600.0,2024-05-01,19102700.0,2024-02-01,18150100.0,2023-02-01,16879400.0,2022-05-01,16766700.0,2022-03-01,23432400.0,2020-12-01,16132400.0,2020-03-01,18893000.0
AMTM,4947405410.652066,monthly,2026-05-01,37245824,2026-04-01,34581100,2026-03-01,41543700,2026-02-01,27431500,2026-01-01,38024400,2025-12-01,45191800,2025-11-01,52359600,2025-10-01,34944400,2025-09-01,36235400,2025-08-01,31060400,2025-07-01,33384500,2025-06-01,52615100,2025-05-01,44907800.0,2025-04-01,52089000.0,2025-03-01,63423900.0,2025-02-01,39303300.0,2025-01-01,46547300.0,2024-12-01,89336200.0,2024-11-01,34007300.0,2024-10-01,70555800.0
TRNO,7014149738.51691,monthly,2026-01-01,16194400,2025-09-01,14986200,2025-08-01,17458500,2025-07-01,18825300,2025-06-01,20296600,2025-05-01,18131700,2025-04-01,23921300,2025-03-01,18428900,2025-02-01,17289800,2025-01-01,16966800,2024-12-01,46622200,2024-11-01,14468300,2024-10-01,16992000.0,2024-08-01,14168400.0,2024-05-01,17025300.0,2024-04-01,16895900.0,2024-03-01,18232700.0,2023-12-01,15820000.0,2023-02-01,15502200.0,2020-03-01,14505500.0
QRVO,8262723753.136623,monthly,2025-10-01,39554800,2025-09-01,47894300,2025-07-01,42621500,2025-06-01,38235700,2025-05-01,40510500,2025-04-01,64436800,2025-03-01,52486800,2025-02-01,40724300,2025-01-01,76917000,2024-12-01,79008800,2024-11-01,37834200,2024-10-01,40169600,2024-05-01,33595400.0,2022-05-01,35510700.0,2021-11-01,35334500.0,2021-02-01,35970600.0,2020-05-01,34997600.0,2020-04-01,37652700.0,2020-03-01,48566800.0,2020-02-01,41401600.0
SKY,4875709445.003564,monthly,2026-05-01,14200791,2026-03-01,13379500,2026-01-01,14952400,2025-12-01,13326400,2025-11-01,15813100,2025-10-01,17512600,2025-09-01,15141500,2025-08-01,16434200,2025-07-01,12554400,2025-06-01,18617200,2025-05-01,15132200,2025-01-01,13363100,2024-12-01,28727400.0,2023-05-01,13236600.0,2022-05-01,14389800.0,2022-02-01,13274700.0,2020-06-01,13961800.0,2020-05-01,12567200.0,2020-04-01,13755700.0,2020-03-01,16754800.0
AKR,2921354999.3932686,monthly,2026-04-01,24137000,2026-03-01,27001500,2026-01-01,31484800,2025-12-01,29548400,2025-10-01,30663800,2025-09-01,35891100,2025-08-01,29808500,2025-07-01,33573000,2025-06-01,34496800,2025-04-01,23388400,2025-03-01,27553700,2024-12-01,36766100,2024-11-01,25856700.0,2024-10-01,24862300.0,2024-04-01,25804700.0,2024-02-01,23669700.0,2024-01-01,27594400.0,2022-06-01,23974600.0,2020-06-01,23659600.0,2020-03-01,28102800.0
BLBD,2494067739.915039,monthly,2026-05-01,9792098,2025-10-01,9990600,2025-09-01,9538900,2025-08-01,18007600,2025-04-01,10432400,2025-03-01,10643000,2025-02-01,15565300,2025-01-01,13972700,2024-12-01,13588900,2024-11-01,20838500,2024-10-01,16342100,2024-09-01,11626700,2024-08-01,13423300.0,2024-07-01,12589500.0,2024-06-01,11376400.0,2024-05-01,16056700.0,2024-02-01,14723800.0,2023-12-01,16242900.0,2023-06-01,11805700.0,2023-05-01,9619700.0
SEDG,3147342068.451233,monthly,2026-05-01,76510232,2026-03-01,80165100,2025-11-01,90712500,2025-10-01,79038700,2025-09-01,89798500,2025-08-01,96091500,2025-07-01,115935800,2025-06-01,129889700,2025-05-01,135184300,2025-04-01,77024400,2025-02-01,103283700,2025-01-01,83641500,2024-12-01,100479000.0,2024-11-01,139128000.0,2024-10-01,84957500.0,2024-09-01,76749600.0,2024-08-01,80186100.0,2024-07-01,117356100.0,2024-06-01,91564400.0,2023-10-01,77400200.0
ZETA,4730909261.799776,monthly,2026-08-01,135007735,2026-05-01,146819751,2026-04-01,147286500,2026-03-01,156179100,2026-01-01,198665200,2025-12-01,113786200,2025-11-01,157341300,2025-10-01,191709000,2025-09-01,137901600,2025-08-01,229264900,2025-07-01,188820200,2025-06-01,191073400,2025-05-01,86906000.0,2025-04-01,100491900.0,2025-03-01,118761000.0,2025-02-01,157726100.0,2025-01-01,81720200.0,2024-12-01,173892400.0,2024-11-01,275415400.0,2024-10-01,80103600.0
PAGS,2517077076.088101,monthly,2025-11-01,100087200,2025-09-01,105534900,2025-08-01,99649800,2025-07-01,104812700,2025-06-01,142793200,2025-05-01,135256700,2025-04-01,100588400,2024-12-01,113841600,2024-11-01,144298300,2024-10-01,100816400,2024-09-01,124365500,2024-08-01,143969400,2023-10-01,102880500.0,2023-08-01,116228900.0,2023-06-01,132044200.0,2023-05-01,124388200.0,2022-12-01,105843300.0,2022-05-01,100671400.0,2022-03-01,114666300.0,2021-10-01,122151500.0
MMS,2865025995.9644094,monthly,2026-05-01,14780717,2026-04-01,14227400,2026-03-01,15826800,2026-01-01,10808100,2025-12-01,14027000,2025-11-01,12302300,2025-10-01,10814700,2025-09-01,13063800,2025-08-01,14055100,2025-05-01,9916600,2025-04-01,10521300,2025-03-01,14490300,2025-02-01,15239600.0,2025-01-01,12161500.0,2024-12-01,19224400.0,2024-11-01,21929700.0,2024-08-01,10123000.0,2020-11-01,10248600.0,2020-06-01,10759000.0,2020-03-01,17688000.0
CON,3861886731.588652,monthly,2026-08-01,12391799,2026-05-01,15311439,2026-04-01,11790500,2026-03-01,17469000,2026-02-01,12164400,2026-01-01,19182500,2025-12-01,18520100,2025-11-01,22377700,2025-10-01,15885800,2025-09-01,23476400,2025-08-01,19069400,2025-07-01,17427100,2025-06-01,16593600.0,2025-04-01,17687300.0,2025-03-01,18309200.0,2025-02-01,13212400.0,2025-01-01,16982500.0,2024-12-01,22912600.0,2024-11-01,23601600.0,2024-07-01,11415800.0
MDU,4573052036.221198,monthly,2024-10-01,153104439,2023-08-01,84658298,2023-07-01,76328582,2023-06-01,76482548,2023-05-01,75985267,2023-03-01,71071592,2022-08-01,72034655,2022-06-01,88342836,2022-05-01,88419362,2022-04-01,95205253,2022-03-01,119135630,2022-02-01,74908069,2021-06-01,63831254.0,2021-03-01,82750909.0,2020-09-01,74803659.0,2020-06-01,74716083.0,2020-05-01,82849266.0,2020-04-01,69012654.0,2020-03-01,125389501.0,2020-02-01,78378987.0
HCI,2303537173.147543,monthly,2026-04-01,4616200,2026-01-01,3699300,2025-11-01,3803300,2025-10-01,3895400,2025-09-01,3648300,2025-08-01,3040700,2025-06-01,3392200,2025-04-01,4030800,2024-11-01,3160000,2024-10-01,4764400,2024-05-01,4362300,2024-03-01,4277200,2023-12-01,3350700.0,2023-11-01,2985700.0,2022-12-01,3492900.0,2022-11-01,3211700.0,2022-10-01,3378200.0,2022-05-01,3258000.0,2022-01-01,3093900.0,2021-03-01,3696000.0
CURB,3341375647.693585,monthly,2026-08-01,12283936,2026-07-01,10656487,2026-05-01,10657558,2026-04-01,16237700,2026-03-01,16972900,2026-01-01,13408400,2025-12-01,18330900,2025-11-01,13325800,2025-10-01,15542200,2025-09-01,11317800,2025-08-01,12787900,2025-07-01,13429500,2025-06-01,11500200.0,2025-04-01,17848700.0,2025-03-01,14375300.0,2025-02-01,8708200.0,2025-01-01,12280700.0,2024-12-01,15765600.0,2024-11-01,9771300.0,2024-10-01,31726300.0
HG,3330038904.1278706,monthly,2026-04-01,8723500,2026-03-01,11174000,2026-01-01,8709900,2025-12-01,9882100,2025-11-01,9813900,2025-09-01,8894800,2025-08-01,11176300,2025-07-01,9800800,2025-06-01,10819100,2025-05-01,10320200,2025-04-01,12447400,2025-03-01,14290100,2025-01-01,9151300.0,2024-10-01,11182300.0,2024-09-01,18057000.0,2024-08-01,14730800.0,2024-07-01,9522400.0,2024-05-01,8753300.0,2024-03-01,10144000.0,2023-11-01,9870800.0
CSW,4612049074.184705,monthly,2026-04-01,2729800,2026-03-01,3195900,2026-01-01,3568700,2025-12-01,3805900,2025-11-01,3250800,2025-10-01,3361900,2025-09-01,3091100,2025-08-01,3980500,2025-07-01,3167200,2025-05-01,2051900,2025-04-01,2556100,2025-03-01,3005000,2025-02-01,2213300.0,2025-01-01,2415300.0,2024-10-01,3041100.0,2024-09-01,8258600.0,2024-07-01,2140700.0,2024-06-01,2642400.0,2024-01-01,2697800.0,2020-03-01,2505700.0
MGRC,3028711734.9999995,monthly,2026-04-01,6085700,2026-03-01,3764400,2025-12-01,2884900,2025-10-01,2879400,2025-06-01,3516500,2025-04-01,3242600,2025-03-01,3112300,2025-02-01,3183400,2024-11-01,4028000,2024-10-01,6443700,2024-09-01,9464600,2024-07-01,3706100,2024-04-01,4697700.0,2024-03-01,5513900.0,2024-02-01,9444900.0,2024-01-01,6096000.0,2023-03-01,4408200.0,2021-06-01,2848300.0,2020-04-01,3188300.0,2020-03-01,4165900.0
SDRL,2431886590.832725,monthly,2026-03-01,17270200,2025-12-01,17848000,2025-10-01,19454200,2025-09-01,17479500,2025-08-01,18298400,2025-07-01,17403900,2025-06-01,28811800,2025-04-01,26256900,2025-03-01,23223300,2025-02-01,21819300,2024-12-01,16887400,2024-11-01,19120000,2024-10-01,27371500.0,2024-09-01,29241900.0,2024-08-01,19160000.0,2024-06-01,17481900.0,2023-11-01,17395700.0,2023-08-01,17147000.0,2023-07-01,25929700.0,2023-06-01,19618100.0
ENSG,9529522825.140884,monthly,2026-05-01,9019854,2026-03-01,7663200,2025-12-01,8054700,2025-11-01,9019300,2025-10-01,8988500,2025-08-01,8253800,2025-07-01,9548000,2025-05-01,9009800,2025-04-01,9666400,2025-03-01,8983100,2025-02-01,9709700,2025-01-01,8015900,2024-11-01,8747900.0,2024-10-01,8331900.0,2024-09-01,19866400.0,2024-07-01,10216500.0,2021-03-01,8004800.0,2020-05-01,8534000.0,2020-04-01,9029000.0,2020-03-01,14110100.0
BIO,8113363287.09169,monthly,2026-05-01,7997454,2026-04-01,5758200,2026-03-01,6954900,2025-10-01,5908900,2025-08-01,6084700,2025-07-01,6053700,2025-06-01,8489200,2025-05-01,7890100,2025-04-01,7990900,2025-03-01,8480200,2025-02-01,5940300,2024-09-01,10129800,2024-06-01,5997700.0,2023-12-01,5791600.0,2023-11-01,6657400.0,2023-05-01,5942400.0,2022-11-01,5777400.0,2022-10-01,6032000.0,2020-06-01,9100000.0,2020-03-01,6184900.0
LUMN,8324912858.634615,monthly,2025-10-01,480596500,2025-09-01,419357400,2024-09-01,421386800,2024-08-01,1474890200,2024-07-01,509037000,2023-11-01,473413800,2023-08-01,506033000,2023-07-01,371516900,2023-06-01,634164800,2023-05-01,443156400,2023-04-01,383566100,2023-03-01,1003255000,2023-02-01,789166600.0,2023-01-01,412843300.0,2022-12-01,489815000.0,2022-11-01,608246200.0,2022-10-01,408672400.0,2022-09-01,382120800.0,2022-02-01,418218600.0,2021-01-01,384214200.0
PCOR,6323808701.1,monthly,2026-08-01,43782356,2026-05-01,46876019,2026-04-01,45479900,2026-03-01,49301000,2026-02-01,34128900,2026-01-01,35485700,2025-09-01,32980300,2025-08-01,49145700,2025-07-01,30798200,2025-04-01,32674700,2025-02-01,32652400,2024-12-01,45743300,2024-11-01,44921300.0,2024-10-01,38833700.0,2024-09-01,34822900.0,2024-08-01,57709300.0,2024-07-01,31055600.0,2024-06-01,32252400.0,2024-05-01,30811400.0,2023-11-01,36335500.0
XP,8339460366.629909,monthly,2026-03-01,138240900,2026-01-01,146435300,2025-12-01,142775900,2025-11-01,144994700,2025-10-01,150170800,2025-09-01,143763400,2025-08-01,143662100,2025-05-01,172717200,2025-04-01,164137900,2025-03-01,196394700,2025-01-01,163248300,2024-12-01,167831600,2024-08-01,222403900.0,2024-05-01,135577000.0,2023-12-01,135445800.0,2023-09-01,128798900.0,2023-06-01,159149500.0,2023-05-01,136861500.0,2023-03-01,154036800.0,2021-10-01,141819900.0
LW,6235367676.300804,monthly,2026-04-01,46623300,2026-03-01,96871200,2026-01-01,59642600,2025-12-01,69071200,2025-10-01,46814700,2025-07-01,64887900,2025-04-01,57019900,2025-03-01,52407500,2025-02-01,58423300,2025-01-01,46978500,2024-12-01,69210700,2024-10-01,67109500,2024-09-01,45940300.0,2024-08-01,57394900.0,2024-07-01,101385800.0,2024-04-01,94849800.0,2023-10-01,71521200.0,2022-10-01,42200200.0,2021-11-01,49242600.0,2020-03-01,49074900.0
SNDR,6355261084.589226,monthly,2026-05-01,18201133,2026-04-01,23361700,2026-03-01,22417700,2026-01-01,18654500,2025-12-01,22173200,2025-10-01,29267500,2025-09-01,19257100,2025-07-01,17838800,2025-04-01,17978500,2025-03-01,17924600,2025-01-01,17642200,2024-08-01,17358200,2024-07-01,29560000.0,2024-04-01,17838400.0,2024-03-01,20715800.0,2022-05-01,21753400.0,2022-04-01,25146700.0,2022-03-01,17432400.0,2020-04-01,17372300.0,2020-03-01,18851500.0
GTES,7312657918.627843,monthly,2026-03-01,55668600,2025-11-01,50010900,2025-10-01,56579100,2025-09-01,49293600,2025-04-01,60476700,2025-03-01,67694600,2025-02-01,52430400,2024-12-01,50176400,2024-11-01,65013800,2024-10-01,62518700,2024-08-01,77539800,2024-07-01,103742100,2024-06-01,54432500.0,2024-05-01,69190000.0,2024-04-01,45431400.0,2024-03-01,82994100.0,2024-02-01,61198400.0,2023-12-01,49199000.0,2023-08-01,46964200.0,2023-05-01,64662600.0
CHWY,7594818893.638369,monthly,2026-05-01,146769966,2026-04-01,149514500,2026-03-01,204692900,2026-01-01,149325200,2025-12-01,180010600,2025-09-01,206286100,2025-06-01,196885900,2024-09-01,141920100,2024-07-01,211506500,2024-06-01,298713100,2024-05-01,240266000,2024-04-01,186766600,2024-03-01,207532500.0,2024-02-01,158209100.0,2024-01-01,187082900.0,2023-12-01,279693300.0,2023-11-01,142486200.0,2023-10-01,141676500.0,2023-09-01,152448800.0,2022-06-01,188667400.0
TTC,9221075712.666668,monthly,2026-03-01,23325700,2026-01-01,19948000,2025-12-01,26731700,2025-09-01,17519600,2025-06-01,24933200,2025-05-01,16386900,2025-04-01,20486100,2025-03-01,27691100,2025-02-01,23015900,2024-12-01,18917900,2024-10-01,18572200,2024-09-01,21570500,2024-07-01,18849100.0,2024-06-01,29399600.0,2024-05-01,22807300.0,2024-01-01,18116600.0,2023-12-01,20500600.0,2023-09-01,17935600.0,2023-02-01,16891800.0,2022-03-01,15967200.0
ABM,2663674594.075619,monthly,2026-03-01,16341500,2026-01-01,14167700,2025-12-01,18504200,2025-09-01,15258800,2025-06-01,14693800,2025-04-01,15265600,2025-03-01,12522700,2024-09-01,16611100,2024-06-01,19136000,2024-03-01,15429100,2023-12-01,13115100,2023-09-01,13737500,2023-07-01,14223000.0,2022-06-01,12663100.0,2022-04-01,13749000.0,2022-01-01,11992800.0,2021-07-01,12561200.0,2020-06-01,14700000.0,2020-04-01,12491100.0,2020-03-01,15914000.0
TDW,3347867591.408758,monthly,2026-03-01,21257100,2025-11-01,18249900,2025-08-01,21185700,2025-07-01,17947000,2025-06-01,19436900,2025-04-01,26969700,2025-03-01,29500100,2025-02-01,21147900,2025-01-01,20215800,2024-12-01,26977600,2024-11-01,22309400,2024-10-01,23491100,2024-09-01,22413900.0,2024-06-01,30731600.0,2024-03-01,20781900.0,2023-11-01,21095800.0,2023-09-01,18273800.0,2023-08-01,18922100.0,2023-07-01,18525400.0,2023-03-01,20875700.0
PFS,3080615745.896698,monthly,2026-05-01,13938881,2026-04-01,20232400,2026-03-01,23111900,2026-01-01,19852200,2025-12-01,18355800,2025-11-01,16573600,2025-10-01,13927900,2025-07-01,13763700,2025-06-01,14120100,2025-04-01,19840700,2025-03-01,13758200,2024-09-01,15489300,2024-08-01,20464600.0,2024-07-01,24483800.0,2024-06-01,19366600.0,2024-05-01,37664900.0,2024-04-01,19990400.0,2024-03-01,14632600.0,2023-10-01,13983200.0,2023-03-01,17405200.0
AZZ,4701802804.838859,monthly,2026-04-01,4284600,2026-03-01,4560800,2025-11-01,4298300,2025-10-01,8317900,2025-09-01,5135100,2025-08-01,5864900,2025-07-01,8259600,2025-06-01,4276600,2025-04-01,5747400,2025-03-01,5890200,2025-02-01,6233700,2024-07-01,6840700,2024-06-01,5290500.0,2024-05-01,6037000.0,2024-04-01,10228700.0,2022-10-01,6030800.0,2020-07-01,4821300.0,2020-06-01,4255500.0,2020-05-01,4407600.0,2020-04-01,4610900.0
LEVI,9437991765.811588,monthly,2026-04-01,75214300,2026-03-01,52449700,2025-10-01,88406100,2025-09-01,48669000,2025-07-01,77998900,2025-04-01,82251800,2024-10-01,65514800,2024-06-01,55343300,2024-04-01,100844500,2023-10-01,68912700,2023-07-01,63775100,2023-04-01,72158200,2023-03-01,47525600.0,2023-01-01,47264200.0,2022-10-01,62542300.0,2022-07-01,56664500.0,2021-10-01,56366500.0,2021-07-01,56163700.0,2020-10-01,70393900.0,2020-07-01,53985900.0
CNS,4029171232.338607,monthly,2026-04-01,7394500,2026-03-01,8881300,2026-01-01,7736900,2025-12-01,8719000,2025-11-01,9154600,2025-10-01,7273100,2025-09-01,5566900,2025-08-01,5113900,2025-07-01,5194100,2025-04-01,4940400,2025-03-01,5399800,2024-10-01,5888900,2024-07-01,4365200.0,2024-04-01,11654100.0,2024-01-01,4878100.0,2023-12-01,4201200.0,2023-06-01,4374100.0,2020-06-01,4194200.0,2020-04-01,4728900.0,2020-03-01,5395600.0
FLG,6368934941.819141,monthly,2025-10-01,121836600,2025-08-01,124243100,2025-07-01,153165600,2025-06-01,145593400,2025-05-01,133810800,2025-04-01,140585200,2025-02-01,124293800,2025-01-01,118093600,2024-12-01,145116100,2024-11-01,119182700,2024-10-01,127218100,2024-09-01,149994000,2024-08-01,130329000.0,2024-07-01,152557366.0,2024-06-01,123314701.0,2024-05-01,131740667.0,2024-04-01,125554900.0,2024-03-01,375418400.0,2024-02-01,342371837.0,2023-03-01,204042435.0
PLGO,2115189821.375684,monthly,2026-05-01,10044000,2026-03-01,10055700,2025-12-01,12863200,2025-09-01,10908200,2025-08-01,14776600,2025-07-01,12529100,2025-06-01,17038800,2025-05-01,10762900,2025-04-01,12280900,2025-03-01,16273800,2025-02-01,12103100,2025-01-01,11697000,2024-12-01,10533800.0,2024-11-01,10760900.0,2024-08-01,14171800.0,2024-07-01,10142700.0,2024-06-01,11725800.0,2024-05-01,16143500.0,2024-04-01,14485000.0,2024-03-01,20239800.0
BGC,5485198506.820808,monthly,2025-09-01,62419600,2025-06-01,65906800,2025-02-01,61848700,2024-11-01,83305100,2024-10-01,67059500,2024-05-01,66989500,2024-04-01,76856800,2024-03-01,201604100,2024-02-01,63040300,2021-08-01,62256500,2021-06-01,91423100,2021-05-01,74765100,2021-04-01,108062700.0,2021-03-01,90116500.0,2021-02-01,71994600.0,2020-07-01,90405000.0,2020-06-01,128329600.0,2020-05-01,80288800.0,2020-04-01,102233200.0,2020-03-01,114102500.0
MGEE,3011417573.409422,monthly,2026-05-01,6591839,2026-04-01,3814900,2026-03-01,5732500,2025-09-01,3094700,2025-07-01,3448400,2025-06-01,3714500,2025-01-01,4368700,2024-12-01,3812500,2024-06-01,4189400,2024-05-01,3015600,2024-04-01,4033100,2024-03-01,19036000,2024-02-01,3246200.0,2024-01-01,3428100.0,2023-12-01,5024600.0,2023-06-01,4183200.0,2022-06-01,3239400.0,2022-05-01,4080700.0,2020-05-01,4678200.0,2020-03-01,5295100.0
ATMU,4399693760.24423,monthly,2026-05-01,20381827,2026-04-01,36605200,2026-03-01,17366100,2025-11-01,16107100,2025-09-01,15810200,2025-08-01,18761100,2025-05-01,15459100,2025-04-01,18765500,2025-03-01,22722200,2024-11-01,16863400,2024-10-01,16627600,2024-09-01,18309900,2024-08-01,24633600.0,2024-07-01,23369200.0,2024-06-01,22004300.0,2024-05-01,32794300.0,2024-04-01,59607200.0,2024-03-01,152959500.0,2024-02-01,39127500.0,2023-09-01,16061000.0
PLUS,2087942301.0491,monthly,2026-03-01,4403700,2025-12-01,4184400,2025-11-01,4329800,2025-09-01,4135200,2025-08-01,3964400,2025-06-01,4123700,2025-04-01,3856000,2025-03-01,5858400,2025-02-01,4854000,2024-12-01,4279000,2024-11-01,3927100,2024-07-01,3933600,2024-06-01,3904800.0,2024-05-01,4551900.0,2024-03-01,6195400.0,2024-02-01,4642300.0,2021-06-01,4251200.0,2021-03-01,3730800.0,2021-02-01,3981400.0,2020-06-01,3681200.0
MGY,5100823846.844853,monthly,2026-03-01,69919300,2026-01-01,55439800,2025-09-01,51154500,2025-07-01,54648400,2025-06-01,57633700,2025-04-01,63694200,2025-03-01,84009700,2024-05-01,57669400,2024-04-01,51149700,2024-03-01,105673300,2024-02-01,57415100,2023-03-01,59678400,2022-06-01,75891200.0,2022-03-01,57746700.0,2021-06-01,50831700.0,2021-03-01,72811100.0,2021-01-01,49613800.0,2020-06-01,52165000.0,2020-05-01,64360300.0,2020-03-01,68367500.0
NWN,2138944332.4213865,monthly,2026-03-01,7995000,2026-01-01,6260500,2025-12-01,6253800,2025-10-01,5363500,2025-08-01,5464400,2025-07-01,5987200,2025-06-01,7054900,2025-05-01,6006900,2025-04-01,7742700,2024-08-01,5487900,2024-05-01,5555800,2024-03-01,6289200,2024-02-01,11497400.0,2022-06-01,7011100.0,2022-05-01,5982200.0,2022-04-01,5623600.0,2022-03-01,8348900.0,2021-03-01,8905900.0,2021-01-01,10753700.0,2020-03-01,7103800.0
CNM,9509573909.875671,monthly,2026-04-01,58722100,2026-03-01,59069700,2025-12-01,57975400,2025-11-01,45073600,2025-10-01,50644500,2025-09-01,86508600,2025-06-01,53166000,2025-03-01,53160000,2024-12-01,59080600,2024-11-01,54205300,2024-09-01,85506300,2024-08-01,47593000,2024-06-01,64523500.0,2024-03-01,60103100.0,2024-02-01,45925800.0,2024-01-01,86561200.0,2023-12-01,64646400.0,2023-11-01,78812100.0,2023-09-01,51476600.0,2022-01-01,45241200.0
SR,4780184065.574726,monthly,2025-12-01,9493200,2025-11-01,8485700,2025-10-01,9257900,2025-09-01,10817200,2025-08-01,9753800,2025-07-01,11630500,2025-06-01,9219900,2025-04-01,10381600,2025-03-01,10401500,2024-10-01,8727100,2024-02-01,11545200,2024-01-01,14119200,2023-12-01,10354900.0,2023-07-01,9126600.0,2022-05-01,8614600.0,2022-04-01,9044600.0,2022-03-01,8856100.0,2021-11-01,8576100.0,2021-02-01,8541200.0,2020-03-01,9639100.0
DNP,4099812480.0,monthly,2026-03-01,17053700,2025-04-01,16574200,2025-03-01,14850500,2025-01-01,14678200,2024-12-01,17769100,2024-08-01,14039900,2024-07-01,15900400,2024-06-01,17611700,2024-05-01,17202200,2024-01-01,15873800,2023-12-01,30797300,2023-10-01,17167600,2022-06-01,14029100.0,2022-05-01,16764800.0,2022-03-01,14438800.0,2021-06-01,13709300.0,2021-05-01,14086900.0,2021-04-01,16209600.0,2021-03-01,25694500.0,2020-03-01,26941600.0
ALK,6001564856.533684,monthly,2026-04-01,98976700,2026-03-01,117807600,2026-01-01,79349500,2025-12-01,69890400,2025-11-01,64726700,2025-10-01,83472800,2025-09-01,64491400,2025-07-01,64079200,2025-05-01,65557900,2025-04-01,85805900,2025-03-01,93789000,2025-01-01,58225600,2024-12-01,69732600.0,2024-01-01,63914800.0,2023-12-01,127707100.0,2023-10-01,58277400.0,2020-06-01,112056000.0,2020-05-01,68508900.0,2020-04-01,64896000.0,2020-03-01,87640100.0
RUSHA,5701738736.489284,monthly,2026-03-01,10488300,2025-12-01,11392300,2025-11-01,15407100,2025-10-01,11839200,2025-07-01,9715100,2025-06-01,9036300,2025-05-01,10007000,2025-04-01,12906800,2024-11-01,9250300,2024-01-01,10440200,2023-12-01,24517900,2022-12-01,9092850,2022-04-01,9630900.0,2021-06-01,8662350.0,2021-03-01,8962500.0,2020-06-01,9288450.0,2020-05-01,9446850.0,2020-04-01,8689725.0,2020-03-01,16287750.0,2020-02-01,11670300.0
PJT,3915803538.560011,monthly,2026-04-01,8062300,2026-03-01,8781600,2025-12-01,5174500,2025-11-01,5140800,2025-07-01,6158200,2025-05-01,5580400,2025-04-01,7748900,2025-03-01,7127000,2025-02-01,5921400,2024-05-01,6023100,2024-04-01,5372800,2024-03-01,6509200,2024-02-01,5714800.0,2023-12-01,10870400.0,2023-07-01,5539300.0,2023-05-01,5401800.0,2023-03-01,5334000.0,2021-04-01,5081800.0,2021-03-01,5070000.0,2020-03-01,6328700.0
HLI,9635181408.100931,monthly,2026-08-01,10127230,2026-05-01,13730632,2026-04-01,10821600,2026-03-01,14335200,2026-01-01,10636700,2025-10-01,11318700,2025-07-01,9593900,2025-04-01,9346500,2025-03-01,9197700,2023-12-01,17386800,2023-06-01,15644500,2023-03-01,12204800,2022-03-01,10225800.0,2022-01-01,9926300.0,2021-03-01,9492400.0,2020-07-01,11736700.0,2020-06-01,10735700.0,2020-05-01,11736300.0,2020-04-01,9087100.0,2020-03-01,15778500.0
AWI,6920800467.018456,monthly,2026-04-01,8967100,2026-03-01,14156500,2026-01-01,10630500,2024-07-01,8823500,2024-02-01,8655100,2023-12-01,19401800,2023-10-01,8627500,2023-05-01,12718400,2023-03-01,9069900,2022-03-01,11651600,2022-02-01,8986100,2020-12-01,9583300,2020-11-01,9909500.0,2020-10-01,11264400.0,2020-09-01,9524200.0,2020-07-01,10769300.0,2020-06-01,10081400.0,2020-05-01,11086500.0,2020-04-01,8939500.0,2020-03-01,12209200.0
NHC,3226080498.687739,monthly,2026-08-01,1469383,2026-05-01,1366110,2026-04-01,2590800,2026-03-01,2786000,2026-01-01,1400600,2025-12-01,1954300,2025-10-01,1508700,2025-09-01,1794600,2025-07-01,1386800,2025-06-01,1655200,2025-03-01,1527800,2024-09-01,1946200,2024-07-01,1310700.0,2024-03-01,1591100.0,2024-02-01,1600200.0,2024-01-01,1820200.0,2023-12-01,5944500.0,2023-03-01,3057300.0,2023-02-01,1335900.0,2020-03-01,2058100.0
ESTA,2601057975.0656786,monthly,2026-05-01,8833255,2026-04-01,8676300,2026-03-01,11600200,2026-01-01,10017100,2025-12-01,9177900,2025-11-01,13655800,2025-10-01,8458000,2025-08-01,10038900,2025-05-01,9325800,2025-04-01,14723400,2025-03-01,10392900,2025-02-01,11362000,2025-01-01,15339400.0,2024-11-01,10777300.0,2024-10-01,10386700.0,2024-09-01,7896400.0,2024-06-01,8080600.0,2024-02-01,8357300.0,2024-01-01,11941700.0,2023-11-01,23108100.0
CPK,3022199617.340122,monthly,2026-04-01,2559600,2026-03-01,4069000,2026-01-01,2391900,2025-12-01,2752300,2025-11-01,2851600,2025-10-01,3144300,2025-09-01,3112500,2025-07-01,2460700,2025-06-01,3025400,2025-04-01,3602300,2024-07-01,2895800,2024-03-01,2829800,2024-02-01,2633600.0,2024-01-01,3720000.0,2023-12-01,4057200.0,2023-11-01,7716500.0,2023-10-01,2552400.0,2020-10-01,2724000.0,2020-09-01,6182600.0,2020-06-01,2772300.0
AX,5474008305.030732,monthly,2025-03-01,9844900,2024-11-01,11773700,2024-09-01,11230700,2024-08-01,12774500,2024-07-01,15094100,2024-06-01,15985500,2024-05-01,11817300,2024-04-01,9644200,2024-03-01,10601300,2024-02-01,11554300,2024-01-01,13329300,2023-12-01,18628700,2023-11-01,21836300.0,2023-10-01,16305100.0,2023-09-01,13814400.0,2023-06-01,11151400.0,2023-05-01,9742100.0,2023-03-01,20131900.0,2020-06-01,9993000.0,2020-03-01,15581000.0
ICUI,3705798980.8978696,monthly,2026-04-01,5501200,2026-03-01,6591000,2025-11-01,6119900,2025-09-01,6254200,2025-08-01,8108000,2025-05-01,6025000,2025-04-01,7051200,2025-03-01,6217000,2024-11-01,5393600,2024-09-01,6146600,2024-08-01,6715100,2024-07-01,5467900,2024-06-01,8703100.0,2024-03-01,5471100.0,2024-02-01,5564900.0,2023-12-01,6628700.0,2023-11-01,13282400.0,2023-08-01,5787900.0,2022-03-01,5323600.0,2021-09-01,6926500.0
ACIW,5007848808.135019,monthly,2026-03-01,17149200,2025-09-01,20253300,2025-08-01,19927900,2025-05-01,20061100,2025-04-01,17392400,2023-11-01,42294900,2023-06-01,16630100,2023-03-01,24472100,2023-01-01,23986900,2022-12-01,21289300,2022-11-01,24537400,2022-09-01,18240300,2021-12-01,18082700.0,2021-11-01,23112800.0,2020-12-01,20255500.0,2020-11-01,20624200.0,2020-10-01,25940500.0,2020-09-01,26047100.0,2020-04-01,18683800.0,2020-03-01,29467900.0
SKWD,2399744256.674188,monthly,2026-04-01,7950200,2026-03-01,11080400,2026-01-01,10193300,2025-10-01,10977600,2025-09-01,11912500,2025-08-01,7998200,2025-07-01,9952900,2025-06-01,8066400,2025-05-01,8401500,2025-04-01,9736700,2025-03-01,9317700,2025-02-01,8507400,2024-10-01,8601500.0,2024-06-01,9564300.0,2024-05-01,10736800.0,2024-02-01,7674200.0,2023-12-01,8069100.0,2023-11-01,14479200.0,2023-09-01,12947200.0,2023-08-01,8971200.0
CALY,3460333105.208333,monthly,2026-05-01,70736800,2026-02-01,70363800,2026-01-01,63183100,2025-11-01,73767000,2025-08-01,63820000,2025-05-01,57948700,2025-04-01,65058500,2025-03-01,65222600,2025-02-01,60349900,2025-01-01,60508200,2024-09-01,76314800,2024-08-01,79501800,2024-02-01,61562400.0,2023-12-01,86575500.0,2023-11-01,93380900.0,2023-09-01,57067600.0,2023-08-01,63536900.0,2023-05-01,76220600.0,2021-06-01,85369800.0,2020-11-01,64475500.0
XIFR,2322447109.3768363,monthly,2026-01-01,30806400,2025-11-01,27958400,2025-10-01,40851500,2025-09-01,43129000,2025-04-01,40356100,2025-03-01,42018300,2025-02-01,63597100,2025-01-01,89979800,2024-12-01,33413100,2024-11-01,48214800,2024-10-01,50395500,2024-08-01,28503300,2024-07-01,39570800.0,2024-05-01,36667200.0,2024-04-01,29208100.0,2024-01-01,33886200.0,2023-12-01,30284300.0,2023-11-01,45519300.0,2023-10-01,91875400.0,2023-09-01,43721100.0
PSMT,6063316343.220448,monthly,2026-04-01,5280100,2026-03-01,5228900,2026-01-01,4592300,2025-12-01,4175200,2025-10-01,4409000,2025-09-01,5326900,2025-08-01,3814900,2025-07-01,5142300,2025-06-01,4693800,2025-05-01,3879400,2025-04-01,6164400,2025-03-01,6041800,2025-02-01,4058900.0,2025-01-01,4995700.0,2024-12-01,3856900.0,2024-07-01,3957000.0,2024-04-01,4486400.0,2023-10-01,8183100.0,2020-04-01,4002400.0,2020-03-01,4499700.0
HASI,5058366133.809086,monthly,2025-11-01,27481200,2025-10-01,26762700,2025-08-01,23725800,2025-07-01,25210800,2025-06-01,35769300,2025-05-01,28717100,2025-04-01,29188900,2024-12-01,25710700,2024-11-01,31677100,2024-07-01,25735700,2024-05-01,32699300,2024-01-01,26319100,2023-12-01,28544200.0,2023-11-01,28992000.0,2023-10-01,57474600.0,2023-09-01,62567400.0,2023-08-01,38013400.0,2023-05-01,30016200.0,2022-07-01,31502000.0,2020-03-01,32909300.0
ST,6813491707.303782,monthly,2026-04-01,42846600,2026-03-01,39179800,2025-07-01,38799900,2025-05-01,38098200,2025-04-01,49134900,2025-03-01,38057700,2025-02-01,37298300,2024-12-01,41736000,2024-07-01,46063000,2024-06-01,37372900,2024-05-01,51353200,2024-04-01,41406400,2024-02-01,53761600.0,2024-01-01,49131600.0,2023-12-01,44225100.0,2023-11-01,50170600.0,2023-09-01,64246600.0,2022-04-01,36709200.0,2022-03-01,52442700.0,2020-03-01,37570100.0
ARCB,3256968277.1261163,monthly,2026-01-01,7645700,2025-12-01,9262100,2025-07-01,9778000,2025-06-01,7804300,2025-05-01,8033100,2025-04-01,10862900,2024-04-01,8486800,2023-10-01,7892600,2023-09-01,11442900,2023-08-01,9058400,2023-07-01,9060300,2023-06-01,7936500,2022-04-01,10472600.0,2022-03-01,7551500.0,2022-02-01,7629100.0,2022-01-01,10298100.0,2021-12-01,10272000.0,2021-11-01,9651100.0,2021-10-01,8217900.0,2021-06-01,11183800.0
HAYW,3577719643.7466,monthly,2026-05-01,49035187,2026-04-01,50266900,2026-03-01,45513000,2025-10-01,45131800,2025-09-01,58285000,2025-08-01,54537500,2025-07-01,47230200,2025-04-01,49020700,2024-11-01,45888400,2024-09-01,44359800,2024-07-01,42154200,2023-11-01,40565400,2023-10-01,62270500.0,2023-09-01,76306800.0,2023-08-01,63840800.0,2023-05-01,52181700.0,2023-03-01,47267000.0,2023-01-01,44535900.0,2022-09-01,40658900.0,2022-05-01,50243100.0
HIW,3297153576.5092406,monthly,2026-04-01,25971800,2026-03-01,32531500,2026-01-01,24426400,2025-12-01,30728300,2025-08-01,25493600,2025-03-01,24785500,2024-02-01,36977400,2024-01-01,28983900,2023-12-01,26330900,2023-11-01,26858200,2023-10-01,32442500,2023-09-01,41962100,2023-06-01,24107000.0,2023-05-01,25824600.0,2023-03-01,34209000.0,2022-10-01,25557600.0,2021-12-01,24880600.0,2020-10-01,27165800.0,2020-06-01,24860900.0,2020-03-01,25338200.0
CATY,4159551410.240439,monthly,2026-03-01,14389300,2025-12-01,10520100,2025-09-01,8968200,2025-07-01,9905000,2025-06-01,10064100,2025-04-01,11972100,2025-03-01,10294500,2024-03-01,9807700,2023-10-01,8677000,2023-09-01,21606000,2023-03-01,12542600,2021-09-01,8505000,2021-06-01,8818000.0,2021-03-01,11086500.0,2020-12-01,8848600.0,2020-11-01,8754400.0,2020-06-01,11263500.0,2020-05-01,8763700.0,2020-04-01,9707200.0,2020-03-01,14195300.0
HE,2342665445.8221555,monthly,2026-03-01,58102000,2026-01-01,71492600,2025-12-01,121582200,2025-03-01,56083500,2025-02-01,68724900,2025-01-01,57452600,2024-12-01,65475600,2024-11-01,61231200,2024-10-01,73732000,2024-09-01,120479100,2024-08-01,68784900,2024-07-01,148291100,2024-06-01,55062100.0,2024-04-01,63012800.0,2024-01-01,52467500.0,2023-12-01,52105000.0,2023-11-01,66106700.0,2023-10-01,48108500.0,2023-09-01,128762200.0,2023-08-01,353660900.0
LLYVA,9414569923.145603,monthly,2026-05-01,4508864,2026-03-01,3336100,2026-01-01,4801500,2025-12-01,5507500,2025-08-01,3404000,2025-07-01,2623800,2025-04-01,3777700,2025-03-01,5048400,2024-11-01,4005900,2024-10-01,3118500,2024-09-01,3099500,2024-06-01,3484400,2024-04-01,3302500.0,2024-02-01,6369600.0,2024-01-01,2962900.0,2023-12-01,3989700.0,2023-11-01,2924100.0,2023-10-01,3019900.0,2023-09-01,3176800.0,2023-08-01,8211400.0
DLB,5060053260.330029,monthly,2026-05-01,15041891,2026-04-01,10844200,2026-03-01,14449500,2026-01-01,16660300,2025-12-01,13001600,2025-11-01,12293300,2025-10-01,11644400,2025-09-01,10849900,2025-03-01,11015500,2024-08-01,15295900,2023-08-01,25362000,2022-05-01,12937700,2022-03-01,11673900.0,2022-02-01,14338800.0,2021-12-01,11713300.0,2021-05-01,11126000.0,2021-03-01,11244200.0,2020-11-01,14344000.0,2020-09-01,10658700.0,2020-03-01,12195200.0
TNET,2293097228.517037,monthly,2026-04-01,8700400,2026-03-01,10939700,2025-10-01,8643900,2025-08-01,9712800,2025-07-01,11883300,2025-04-01,9641700,2025-03-01,12907800,2025-02-01,11368400,2024-10-01,9829200,2024-07-01,8754100,2023-09-01,10639700,2023-08-01,20702600,2023-06-01,10044000.0,2022-05-01,8630200.0,2022-04-01,9860800.0,2022-03-01,18886100.0,2022-02-01,10016700.0,2020-04-01,11268800.0,2020-03-01,14902000.0,2020-02-01,13075200.0
UGI,7595969556.836178,monthly,2026-01-01,51266700,2025-12-01,44688500,2025-11-01,43750100,2025-09-01,44140200,2025-04-01,50709600,2025-03-01,43724600,2025-02-01,42383700,2024-12-01,50323500,2024-11-01,62782100,2024-09-01,44012400,2024-06-01,68951300,2024-05-01,51701500,2024-04-01,50185000.0,2023-12-01,43893700.0,2023-09-01,50192500.0,2023-08-01,76587500.0,2023-07-01,49424600.0,2023-06-01,43315200.0,2023-05-01,52840000.0,2022-03-01,61763200.0
AD,3204444793.6068544,monthly,2026-03-01,7098000,2026-01-01,7284400,2025-08-01,10119700,2025-07-01,7217800,2024-06-01,5323100,2024-05-01,12561100,2024-02-01,5746100,2023-10-01,5565500,2023-09-01,5659900,2023-08-01,22452300,2023-07-01,5583200,2023-06-01,10091600,2023-05-01,8846600.0,2023-03-01,6049300.0,2023-02-01,6637900.0,2023-01-01,6999700.0,2022-12-01,6663000.0,2022-11-01,6716100.0,2021-06-01,5760100.0,2020-03-01,6307400.0
MRCY,6567534117.047457,monthly,2026-03-01,14752500,2026-01-01,14466400,2025-12-01,13387900,2025-10-01,14317400,2025-09-01,14342100,2025-08-01,16550300,2025-07-01,14170200,2025-06-01,15643900,2025-04-01,13476000,2024-08-01,18662000,2024-06-01,18096700,2024-02-01,17442400,2023-08-01,28218400.0,2023-06-01,19923900.0,2022-03-01,17588200.0,2022-01-01,13757800.0,2021-12-01,21323100.0,2021-08-01,14811300.0,2021-05-01,15884500.0,2020-06-01,18702200.0
TDS,4087235301.487648,monthly,2025-08-01,29741000,2025-07-01,30729600,2024-06-01,28852100,2024-05-01,40614400,2024-02-01,25783000,2023-10-01,24764100,2023-09-01,43884200,2023-08-01,73213100,2023-07-01,37642000,2023-06-01,59446200,2023-05-01,62720600,2023-03-01,55222700,2023-02-01,37102200.0,2023-01-01,58718300.0,2022-12-01,59566400.0,2022-11-01,52473000.0,2021-12-01,41004100.0,2021-06-01,36914800.0,2021-03-01,33897000.0,2020-04-01,25638900.0
DRVN,2320930395.232644,monthly,2026-05-01,30595101,2026-04-01,34128500,2026-03-01,53926600,2025-12-01,22204600,2025-11-01,24973400,2025-10-01,25218000,2025-09-01,23569000,2024-07-01,23522700,2024-06-01,33007300,2024-05-01,41040100,2024-04-01,21010600,2024-03-01,21315600,2024-02-01,26046300.0,2024-01-01,22472100.0,2023-12-01,23864800.0,2023-11-01,26043400.0,2023-10-01,29541200.0,2023-09-01,31950200.0,2023-08-01,61703600.0,2021-08-01,24942200.0
PHIN,3140083757.91648,monthly,2025-09-01,9656800,2025-07-01,10189200,2025-06-01,9760600,2025-04-01,11565800,2025-03-01,17464700,2025-02-01,9943900,2024-12-01,13140100,2024-09-01,14947000,2024-08-01,12046100,2024-07-01,16105300,2024-06-01,18368800,2024-05-01,14073100,2024-04-01,12615000.0,2024-03-01,22322100.0,2024-02-01,11449000.0,2023-12-01,12358600.0,2023-11-01,11848100.0,2023-09-01,14210700.0,2023-08-01,11892000.0,2023-07-01,55476100.0
UBSI,6367673313.004546,monthly,2026-04-01,18136400,2026-03-01,25012200,2026-01-01,20214500,2025-10-01,18257800,2025-07-01,19346900,2025-06-01,16785400,2025-04-01,22869900,2025-03-01,18987300,2023-12-01,17185900,2023-07-01,33670500,2023-06-01,18687000,2023-03-01,23654500,2022-10-01,16875300.0,2022-04-01,18172400.0,2022-03-01,18308200.0,2021-12-01,17262300.0,2020-10-01,19011700.0,2020-05-01,22104100.0,2020-04-01,22005400.0,2020-03-01,25204100.0
CBU,3545881156.088292,monthly,2025-08-01,6746700,2024-07-01,8011400,2024-06-01,6677200,2024-03-01,6722300,2024-01-01,7238900,2023-12-01,7229600,2023-10-01,7006400,2023-09-01,7528400,2023-08-01,6738700,2023-07-01,15030900,2023-06-01,7960700,2023-05-01,7218900,2023-04-01,9587400.0,2023-03-01,8549600.0,2021-03-01,6059900.0,2021-01-01,6321100.0,2020-07-01,6585300.0,2020-06-01,6547200.0,2020-04-01,7132900.0,2020-03-01,8509200.0
FHI,4367255194.519567,monthly,2026-04-01,17848800,2026-03-01,18377400,2025-06-01,17448900,2025-05-01,17411200,2025-04-01,19226700,2025-03-01,25543500,2024-04-01,20138700,2023-12-01,18630700,2023-10-01,23317700,2023-07-01,18623600,2023-06-01,34060800,2023-05-01,20802600,2023-04-01,17834600.0,2023-03-01,27310100.0,2022-06-01,19392000.0,2022-05-01,18323100.0,2022-01-01,17316800.0,2021-06-01,19942200.0,2021-05-01,20947300.0,2020-03-01,30881200.0
S,5454006978.667781,monthly,2026-04-01,148076700,2026-03-01,202265400,2026-01-01,154905000,2025-12-01,239137200,2025-09-01,134221900,2025-08-01,143797500,2025-07-01,174919100,2025-06-01,135064600,2025-03-01,147813700,2024-12-01,134947600,2024-07-01,151147300,2024-03-01,157288600,2024-01-01,129339900.0,2023-12-01,173976400.0,2023-09-01,128171000.0,2023-08-01,204464000.0,2023-06-01,277633300.0,2023-05-01,137899300.0,2023-03-01,163614100.0,2022-03-01,146172500.0
KNF,5275838601.455327,monthly,2026-08-01,11309721,2026-04-01,10026600,2026-03-01,17298200,2026-01-01,10715300,2025-12-01,10089900,2025-11-01,13738800,2025-10-01,17425400,2025-09-01,13605000,2025-08-01,16022500,2025-07-01,14366800,2025-06-01,15405700,2025-04-01,10558900,2025-03-01,10644900.0,2024-12-01,10853900.0,2024-06-01,9673700.0,2024-02-01,9973300.0,2023-11-01,20515800.0,2023-09-01,10863900.0,2023-08-01,10297500.0,2023-06-01,20982200.0
PRVA,3222136515.529556,monthly,2026-03-01,19234800,2025-09-01,19380600,2025-08-01,20921900,2025-07-01,18306600,2025-06-01,20959600,2025-03-01,18333500,2024-05-01,25298400,2024-04-01,18182400,2024-02-01,20625200,2024-01-01,23200400,2023-09-01,25616500,2023-06-01,62720100,2023-05-01,47863700.0,2022-11-01,25137200.0,2022-09-01,21322900.0,2022-08-01,25902800.0,2022-07-01,19927000.0,2022-03-01,21682900.0,2021-11-01,19028100.0,2021-06-01,20793200.0
MSGE,3798629898.148148,monthly,2026-05-01,7758061,2025-10-01,7632800,2025-09-01,7923000,2025-06-01,7831800,2025-03-01,7735100,2024-12-01,9838900,2024-11-01,9400800,2024-08-01,9565700,2024-06-01,7805100,2024-05-01,9409300,2024-04-01,7466400,2024-03-01,9507800,2024-02-01,10434400.0,2024-01-01,11688800.0,2023-12-01,10651900.0,2023-11-01,11417900.0,2023-10-01,8103700.0,2023-09-01,12773900.0,2023-06-01,16077800.0,2023-05-01,7988800.0
APAM,2883224557.504018,monthly,2026-04-01,16593700,2026-03-01,19389800,2025-07-01,12899200,2025-05-01,13032800,2025-04-01,15209900,2025-03-01,13359700,2023-11-01,14942100,2023-08-01,13381400,2023-07-01,13544000,2023-06-01,35244100,2023-03-01,16000000,2022-06-01,12936200,2022-03-01,14240200.0,2022-02-01,15238200.0,2021-10-01,12347700.0,2021-04-01,14771100.0,2021-03-01,15858900.0,2021-02-01,13936400.0,2020-06-01,13408600.0,2020-03-01,17960100.0
HMN,2083668408.762581,monthly,2026-03-01,6302300,2025-12-01,5396800,2025-07-01,6106600,2025-06-01,5305100,2025-05-01,7038100,2025-04-01,6406900,2024-11-01,5571800,2024-09-01,6543500,2024-06-01,5962800,2024-05-01,5463500,2023-07-01,5252000,2023-06-01,7321500,2023-03-01,5628100.0,2022-07-01,5319100.0,2022-06-01,5567700.0,2022-02-01,5298800.0,2022-01-01,5562300.0,2021-03-01,6308800.0,2020-10-01,5324700.0,2020-03-01,6454300.0
VVV,5126950550.000001,monthly,2026-05-01,41828714,2026-04-01,39929300,2026-03-01,39256800,2026-01-01,38921100,2025-12-01,61851600,2025-11-01,41615000,2025-07-01,40276800,2025-06-01,41563900,2023-11-01,40209900,2023-08-01,43943600,2023-06-01,79254200,2023-05-01,53057600,2023-03-01,42736700.0,2022-11-01,39401600.0,2022-05-01,44320800.0,2021-01-01,39759800.0,2020-06-01,47455000.0,2020-04-01,46770100.0,2020-03-01,75482300.0,2020-02-01,43166400.0
FULT,4627344361.273889,monthly,2026-04-01,42623900,2026-03-01,51621900,2026-01-01,37993700,2025-12-01,40490100,2025-10-01,41689700,2025-08-01,33062400,2025-07-01,41134900,2025-04-01,42187600,2025-01-01,32832500,2024-10-01,36736700,2024-07-01,45500700,2024-05-01,35185500,2024-04-01,41512400.0,2023-07-01,30108500.0,2023-06-01,62680800.0,2023-05-01,31426400.0,2023-03-01,36343300.0,2022-03-01,31793600.0,2020-06-01,30384500.0,2020-03-01,41853000.0
MC,5249862263.76291,monthly,2026-04-01,25550600,2026-03-01,34361000,2026-01-01,15254500,2025-12-01,17826700,2025-11-01,15839800,2025-10-01,19392200,2025-07-01,19280000,2025-06-01,18116000,2025-05-01,18315300,2025-04-01,25126500,2025-03-01,25931300,2025-02-01,17748700,2024-09-01,15062800.0,2024-02-01,15560600.0,2023-07-01,18631000.0,2023-06-01,35961900.0,2020-06-01,15634200.0,2020-04-01,18052800.0,2020-03-01,18871400.0,2020-02-01,16666500.0
WLY,2474089260.0834064,monthly,2026-03-01,14150416,2026-01-01,11676491,2025-12-01,15650882,2025-11-01,8949617,2025-10-01,9327564,2025-07-01,12083425,2025-06-01,13360305,2025-05-01,9450833,2025-03-01,12462497,2024-12-01,10190166,2024-09-01,9967300,2024-01-01,10564197,2023-12-01,11376855.0,2023-10-01,12990116.0,2023-07-01,12944114.0,2023-06-01,21836419.0,2021-06-01,19580162.0,2021-03-01,12074834.0,2020-06-01,8671307.0,2020-03-01,10433844.0
BRC,4252400354.3116913,monthly,2025-03-01,6941700,2024-12-01,6087800,2024-09-01,6355700,2024-04-01,6383100,2024-03-01,9573500,2024-02-01,6492200,2024-01-01,6628700,2023-12-01,7407700,2023-11-01,7026800,2023-10-01,7545400,2023-09-01,8595500,2023-08-01,7258700,2023-07-01,15020300.0,2023-06-01,17378200.0,2023-03-01,6557200.0,2022-09-01,6109000.0,2022-04-01,7417800.0,2020-12-01,7611300.0,2020-09-01,6816100.0,2020-03-01,8463400.0
IEP,4838763714.364641,monthly,2026-08-01,18798026,2026-05-01,19492789,2026-03-01,25836700,2026-01-01,17816100,2025-12-01,28483200,2025-11-01,26466200,2025-05-01,18330100,2025-01-01,17930100,2024-12-01,30238500,2024-11-01,20862300,2024-10-01,20584000,2024-09-01,33714200,2024-08-01,32248500.0,2024-05-01,19897100.0,2023-12-01,22095600.0,2023-11-01,19313800.0,2023-08-01,38561300.0,2023-07-01,24408300.0,2023-06-01,35404900.0,2023-05-01,138687900.0
STAG,7537303607.995395,monthly,2026-03-01,30100800,2026-01-01,32704800,2025-10-01,35287100,2025-09-01,32620100,2025-07-01,33759500,2025-06-01,30505900,2025-05-01,30658200,2025-04-01,36957100,2025-03-01,35264100,2023-06-01,56053000,2023-05-01,73986600,2023-03-01,29042900,2022-10-01,35152800.0,2022-09-01,31181900.0,2022-05-01,36145900.0,2021-12-01,29971900.0,2021-03-01,30559700.0,2020-12-01,29344200.0,2020-06-01,36544500.0,2020-03-01,49998300.0
BOH,3248527172.5410857,monthly,2026-04-01,8971600,2026-03-01,9569800,2026-01-01,8335100,2025-10-01,11103000,2025-07-01,9780400,2025-04-01,11681600,2025-03-01,12171900,2025-01-01,8996900,2024-01-01,8665100,2023-12-01,9865600,2023-11-01,8206000,2023-10-01,10042100,2023-09-01,8702600.0,2023-08-01,10839100.0,2023-07-01,19297900.0,2023-06-01,31810100.0,2023-05-01,33544600.0,2023-04-01,11418000.0,2023-03-01,21990700.0,2020-03-01,8684300.0
SPB,2029269259.1634483,monthly,2025-08-01,11985200,2025-06-01,17043700,2025-05-01,12311000,2024-05-01,11962900,2023-12-01,14137700,2023-11-01,18126900,2023-09-01,11588800,2023-08-01,15290200,2023-07-01,13192500,2023-06-01,14123400,2023-05-01,24472000,2023-03-01,15547600,2023-02-01,11740500.0,2023-01-01,11865300.0,2022-12-01,15717500.0,2022-10-01,12080600.0,2022-09-01,16683700.0,2021-11-01,13069100.0,2021-09-01,13577300.0,2020-03-01,15639800.0
HRMY,2053453328.006446,monthly,2026-04-01,18153900,2026-03-01,16050700,2026-01-01,12948300,2025-12-01,14895700,2025-11-01,17976900,2025-10-01,19538300,2025-09-01,22265300,2025-06-01,13074900,2025-05-01,15801900,2025-04-01,14680100,2025-03-01,14382300,2025-02-01,13837100,2024-11-01,16160100.0,2024-10-01,20796200.0,2023-10-01,24105400.0,2023-09-01,14553500.0,2023-04-01,13933900.0,2023-03-01,31079900.0,2022-08-01,15069900.0,2021-10-01,16582100.0
VNO,7356503270.559611,monthly,2026-03-01,54240800,2024-08-01,59480300,2023-12-01,64391600,2023-10-01,64964600,2023-09-01,62416900,2023-08-01,58028300,2023-07-01,64195900,2023-06-01,97733400,2023-05-01,80119700,2023-04-01,72070200,2023-03-01,133814500,2023-01-01,122330500,2022-12-01,71677700.0,2022-11-01,84160700.0,2022-10-01,69933300.0,2020-11-01,67595700.0,2020-06-01,61681300.0,2020-05-01,68758900.0,2020-04-01,57779900.0,2020-03-01,63442500.0
NTB,2410478351.5495467,monthly,2026-03-01,4130400,2025-10-01,5495600,2025-03-01,4177900,2024-12-01,4280300,2024-07-01,5365800,2024-02-01,5622200,2024-01-01,4195700,2023-12-01,5011500,2023-11-01,5537000,2023-07-01,4435000,2023-06-01,4296900,2023-05-01,6521700,2023-04-01,7920600.0,2023-03-01,10206600.0,2021-03-01,4222700.0,2020-09-01,4405600.0,2020-06-01,5891600.0,2020-05-01,6581300.0,2020-04-01,8364600.0,2020-03-01,9915300.0
SLG,4016465859.8206096,monthly,2026-03-01,30378800,2025-12-01,31872700,2023-12-01,34908200,2023-11-01,35114000,2023-10-01,38994300,2023-09-01,39437400,2023-08-01,32879400,2023-07-01,49357300,2023-06-01,69554200,2023-05-01,46130600,2023-04-01,59504200,2023-03-01,113570000,2022-12-01,32913200.0,2021-03-01,38033215.0,2020-11-01,39587831.0,2020-09-01,30910478.0,2020-06-01,46270306.0,2020-05-01,43346272.0,2020-04-01,36460726.0,2020-03-01,31298813.0
SWX,6581047876.181135,monthly,2026-03-01,11930800,2024-02-01,11226500,2023-10-01,10821700,2023-09-01,10709700,2023-06-01,10722100,2023-05-01,11987400,2023-04-01,10602200,2023-03-01,19464500,2022-12-01,13386900,2022-11-01,13676200,2022-09-01,12636000,2022-08-01,12954000,2022-05-01,13463300.0,2022-04-01,12919200.0,2022-03-01,16051200.0,2021-10-01,17504400.0,2021-05-01,10923500.0,2021-03-01,18791500.0,2020-04-01,12062700.0,2020-03-01,14087700.0
STWD,6235991103.650813,monthly,2026-08-01,61961526,2026-03-01,77017700,2026-01-01,77178200,2025-12-01,72565800,2025-11-01,65428300,2025-10-01,66743500,2025-07-01,112959600,2025-04-01,79890600,2024-09-01,78530100,2023-06-01,73267100,2023-05-01,76425000,2023-04-01,67209700,2023-03-01,180216900.0,2022-10-01,75696700.0,2021-12-01,84346400.0,2020-11-01,62319100.0,2020-06-01,103126200.0,2020-05-01,85442400.0,2020-04-01,149533700.0,2020-03-01,147613500.0
HGV,4335027397.684513,monthly,2025-10-01,20814500,2025-08-01,25088000,2025-07-01,27524600,2025-05-01,19207000,2025-04-01,27398400,2025-03-01,25755600,2024-11-01,20154100,2024-08-01,22305000,2024-02-01,19493400,2023-11-01,23103000,2023-03-01,35488800,2022-11-01,23029200,2022-05-01,23230700.0,2021-05-01,20304700.0,2021-03-01,23941800.0,2020-07-01,20613300.0,2020-06-01,32635700.0,2020-05-01,20661700.0,2020-04-01,27329000.0,2020-03-01,25705500.0
FCF,2087581956.7726164,monthly,2026-04-01,15832300,2026-03-01,26083500,2025-12-01,15869900,2025-07-01,14829300,2025-04-01,21974500,2025-03-01,19273400,2025-01-01,14518100,2024-07-01,16060900,2023-06-01,13490100,2023-05-01,14988400,2023-03-01,27209100,2023-02-01,14551400,2022-03-01,14010600.0,2021-12-01,13693300.0,2021-03-01,15423900.0,2020-09-01,15868600.0,2020-08-01,13624500.0,2020-07-01,14234100.0,2020-06-01,15133600.0,2020-03-01,14612600.0
SBCF,3252904457.3243995,monthly,2026-04-01,16248000,2026-03-01,18244300,2026-01-01,13261800,2025-12-01,17567200,2025-10-01,13521300,2025-09-01,12170300,2025-08-01,13916000,2025-07-01,14279800,2025-06-01,13476800,2024-07-01,11840100,2023-12-01,12060700,2023-08-01,12057200,2023-07-01,12616700.0,2023-06-01,12564000.0,2023-05-01,17387600.0,2023-04-01,16419800.0,2023-03-01,30196700.0,2023-02-01,12832200.0,2023-01-01,13923100.0,2022-12-01,14911700.0
SSB,9900609396.07294,monthly,2026-04-01,19710500,2026-03-01,19339000,2026-01-01,16155700,2025-12-01,17532600,2025-11-01,15178400,2025-10-01,18460000,2025-09-01,15736000,2025-08-01,15086100,2025-07-01,21599600,2025-06-01,32083300,2025-05-01,15995800,2025-04-01,18451900,2025-03-01,16110700.0,2025-01-01,22673100.0,2024-12-01,12461700.0,2024-07-01,14531400.0,2023-06-01,12371100.0,2023-05-01,12314300.0,2023-04-01,13011100.0,2023-03-01,37138600.0
KMT,2726797225.2028465,monthly,2026-08-01,22057005,2026-05-01,25494942,2026-04-01,20690600,2026-03-01,36319900,2026-01-01,21419300,2025-11-01,19341900,2025-08-01,31850900,2025-06-01,23619300,2025-05-01,20259400,2025-04-01,23160900,2025-03-01,21127400,2025-02-01,23327100,2024-11-01,22075000.0,2023-03-01,36926300.0,2022-05-01,19637600.0,2022-04-01,21958700.0,2022-03-01,22191800.0,2020-04-01,23992200.0,2020-03-01,33239600.0,2020-02-01,21014100.0
LNC,7021348579.713813,monthly,2026-03-01,57041700,2025-04-01,52025700,2025-03-01,47571900,2023-12-01,47138000,2023-09-01,90957200,2023-08-01,47511000,2023-07-01,47024300,2023-06-01,56979700,2023-05-01,81657100,2023-04-01,65516400,2023-03-01,98609500,2023-02-01,71364800,2023-01-01,58712800.0,2022-12-01,70825300.0,2022-11-01,66208100.0,2020-11-01,49511000.0,2020-09-01,49490300.0,2020-06-01,51200400.0,2020-04-01,63991100.0,2020-03-01,95490200.0
WAL,8958658840.565168,monthly,2026-03-01,40943100,2025-10-01,41861900,2025-04-01,34232800,2024-10-01,31694600,2024-09-01,44643200,2024-07-01,29315800,2024-03-01,29214000,2024-02-01,35969000,2024-01-01,29918600,2023-12-01,30684500,2023-11-01,27821500,2023-10-01,42262400,2023-09-01,29559800.0,2023-08-01,36151700.0,2023-07-01,64549600.0,2023-06-01,64739000.0,2023-05-01,269192000.0,2023-04-01,113439400.0,2023-03-01,344007000.0,2020-03-01,39352900.0
WAFD,2804067445.7853203,monthly,2026-04-01,15363000,2026-03-01,16563100,2026-01-01,11673800,2025-12-01,12789300,2025-11-01,17296900,2025-10-01,11797000,2025-07-01,12621300,2025-04-01,13753300,2025-03-01,15141500,2025-01-01,11909900,2024-10-01,11510900,2024-09-01,14156500,2024-07-01,12565400.0,2023-05-01,14985600.0,2023-04-01,15968600.0,2023-03-01,33499300.0,2021-09-01,14954200.0,2021-04-01,11583400.0,2021-03-01,16171300.0,2020-03-01,20661400.0
FFIN,5049255249.307385,monthly,2026-04-01,13632600,2026-03-01,20277100,2026-01-01,17581500,2025-12-01,19187300,2025-10-01,13596400,2025-06-01,12283100,2025-04-01,12464500,2024-07-01,18164600,2024-06-01,14350100,2023-10-01,12873400,2023-09-01,13554000,2023-06-01,12730200,2023-05-01,14377200.0,2023-03-01,22824100.0,2021-09-01,15881700.0,2021-06-01,12632400.0,2021-03-01,16562800.0,2020-06-01,18755900.0,2020-04-01,14247400.0,2020-03-01,22299900.0
CUBI,2740170314.0312147,monthly,2026-03-01,9669800,2025-12-01,9170100,2025-09-01,9299900,2025-07-01,8935700,2024-11-01,8976100,2024-08-01,11540200,2024-07-01,10726000,2023-07-01,8077000,2023-06-01,12619000,2023-05-01,13214000,2023-04-01,10027100,2023-03-01,31524700,2023-02-01,8764000.0,2023-01-01,12650000.0,2022-06-01,9824700.0,2022-05-01,9725100.0,2022-03-01,11685600.0,2022-01-01,13306100.0,2021-12-01,12351300.0,2021-11-01,8453900.0
ASB,5200610379.516817,monthly,2026-04-01,46726600,2026-03-01,58359200,2026-01-01,49206500,2025-12-01,46134100,2025-10-01,38960100,2025-07-01,37956400,2025-04-01,43593600,2025-03-01,35457800,2025-01-01,34949100,2024-11-01,49189100,2024-07-01,34062100,2024-02-01,34603900,2023-11-01,34579100.0,2023-10-01,40794400.0,2023-05-01,40447400.0,2023-03-01,61384000.0,2022-03-01,33854100.0,2021-06-01,52929400.0,2021-03-01,37541700.0,2020-03-01,46761000.0
ALV,8921463410.64556,monthly,2026-04-01,18581900,2026-03-01,19164600,2025-07-01,19276200,2025-04-01,20361000,2025-03-01,23852500,2024-10-01,19327200,2024-09-01,18477100,2024-07-01,20068500,2024-06-01,18000400,2023-10-01,25109700,2023-09-01,17700800,2023-06-01,20541500,2023-05-01,19282900.0,2023-04-01,19257700.0,2023-03-01,40148300.0,2023-02-01,20133800.0,2022-03-01,20906500.0,2021-11-01,22114900.0,2020-04-01,18462600.0,2020-03-01,21844900.0
CUZ,4929628256.583932,monthly,2026-04-01,46617600,2026-03-01,42971300,2026-01-01,32477600,2025-09-01,34873100,2025-08-01,32533500,2025-07-01,35496700,2025-05-01,33778400,2024-12-01,32778700,2024-03-01,34032500,2024-02-01,38327900,2024-01-01,31780700,2023-12-01,32547200,2023-10-01,42926300.0,2023-09-01,32898500.0,2023-08-01,34182400.0,2023-05-01,33470700.0,2023-04-01,34089500.0,2023-03-01,56926000.0,2020-06-01,31992600.0,2020-03-01,31963500.0
OZK,5910936466.909091,monthly,2026-03-01,31745500,2026-01-01,33696800,2025-10-01,32228200,2025-07-01,26866100,2025-04-01,40170000,2025-01-01,30931500,2024-11-01,26688000,2024-10-01,28593800,2024-07-01,34782200,2024-06-01,30537100,2024-05-01,27572800,2024-02-01,28121900,2023-07-01,42752900.0,2023-06-01,30358100.0,2023-05-01,39953100.0,2023-04-01,44998100.0,2023-03-01,57482800.0,2020-06-01,27415100.0,2020-04-01,40671300.0,2020-03-01,36710300.0
EXPO,2950962281.946724,monthly,2026-05-01,9049913,2026-04-01,9350800,2026-03-01,11502300,2025-12-01,9931400,2025-11-01,7235700,2025-10-01,8728700,2025-09-01,9995200,2025-08-01,9632600,2025-06-01,6662000,2025-05-01,6510800,2025-04-01,8097200,2025-03-01,7234800,2024-02-01,8037100.0,2023-03-01,19901100.0,2022-05-01,7038400.0,2022-03-01,6583400.0,2020-11-01,8222000.0,2020-09-01,7482200.0,2020-06-01,7379800.0,2020-03-01,9997800.0
UFPI,5207477395.166722,monthly,2026-05-01,8997791,2026-04-01,8066900,2026-03-01,8461800,2025-12-01,9615500,2025-11-01,8868800,2025-10-01,8703200,2025-09-01,7923400,2025-07-01,8665800,2025-06-01,10657600,2025-05-01,10453300,2025-04-01,11143300,2025-03-01,11224500,2023-06-01,8242900.0,2023-03-01,9863900.0,2023-02-01,25763100.0,2022-04-01,8285500.0,2021-12-01,7815500.0,2021-04-01,8151000.0,2021-03-01,10080000.0,2020-03-01,12221300.0
OTTR,3805023637.789006,monthly,2026-04-01,5654300,2026-03-01,6623000,2025-12-01,5475500,2025-11-01,5092200,2025-04-01,5642500,2025-03-01,6567500,2025-02-01,4799500,2024-12-01,4872700,2024-11-01,5404100,2024-10-01,5590400,2024-09-01,5472900,2024-06-01,4878100,2024-03-01,6864200.0,2024-02-01,5888200.0,2023-12-01,5500900.0,2023-10-01,5149100.0,2023-09-01,5293100.0,2023-03-01,6663400.0,2023-02-01,17219000.0,2022-11-01,4902800.0
AVA,3451807048.9619145,monthly,2026-06-01,20520500,2026-03-01,14711900,2025-12-01,17912500,2025-11-01,14091700,2025-09-01,13454200,2025-08-01,15552200,2025-07-01,14647300,2025-05-01,17179400,2025-04-01,15787000,2025-03-01,24722600,2024-01-01,15128900,2023-09-01,15092000,2023-08-01,16688200.0,2023-07-01,25679400.0,2023-02-01,16339500.0,2023-01-01,32012500.0,2022-12-01,15595200.0,2022-11-01,15975500.0,2021-10-01,13743400.0,2020-03-01,19426700.0
NZF,2439048110.0,monthly,2026-03-01,13129700,2026-01-01,14693600,2025-12-01,14670400,2025-04-01,13218600,2024-12-01,18742000,2024-11-01,12369000,2024-10-01,14243900,2024-09-01,15296000,2024-08-01,15270500,2024-07-01,16754900,2023-12-01,17667900,2023-11-01,15686000,2023-10-01,15751800.0,2023-09-01,12204800.0,2022-12-01,18828300.0,2022-11-01,16136500.0,2022-10-01,16184800.0,2022-06-01,12892300.0,2022-05-01,12485100.0,2020-03-01,17811600.0
CWK,3198201915.3,monthly,2025-10-01,42730400,2025-09-01,45685300,2025-08-01,54582700,2025-07-01,46457600,2025-04-01,65052800,2024-10-01,46503500,2024-07-01,47848000,2024-05-01,76443000,2024-04-01,42997200,2024-02-01,52394600,2023-12-01,59830200,2023-11-01,50868200,2023-10-01,65790500.0,2023-09-01,48796100.0,2023-08-01,53309100.0,2023-06-01,60982500.0,2023-05-01,68847400.0,2023-03-01,53738200.0,2023-02-01,50611700.0,2022-12-01,91968800.0
MBC,2025557770.5431845,monthly,2026-06-01,28560701,2026-05-01,55438992,2026-04-01,38957600,2026-03-01,57837500,2026-01-01,26740200,2025-12-01,30912900,2025-11-01,44057200,2025-10-01,27556700,2025-09-01,35953400,2025-08-01,40189300,2025-05-01,26414700,2025-03-01,23154400,2024-12-01,23812800.0,2024-03-01,36555700.0,2023-06-01,59724800.0,2023-05-01,25870800.0,2023-03-01,34990800.0,2023-02-01,24904000.0,2023-01-01,37994000.0,2022-12-01,103196300.0
CUBE,9344090447.661991,monthly,2026-04-01,46800700,2026-03-01,54937300,2026-01-01,46579900,2025-12-01,48773200,2025-10-01,39445800,2025-07-01,40742400,2025-05-01,41808500,2025-04-01,42575600,2023-11-01,45229000,2023-10-01,39732400,2023-04-01,40646900,2023-03-01,43195400,2023-02-01,48121100.0,2023-01-01,40538400.0,2022-12-01,88193900.0,2022-05-01,41081300.0,2022-01-01,40488600.0,2021-12-01,47903200.0,2020-03-01,58759300.0,2020-02-01,39067400.0
BSTZ,2052014370.0,monthly,2026-01-01,6420900,2025-03-01,5926600,2024-02-01,6828300,2024-01-01,6273800,2023-12-01,8781400,2023-11-01,8511800,2023-10-01,9700000,2023-09-01,7177100,2023-03-01,8359600,2023-02-01,6358800,2023-01-01,7377600,2022-12-01,14296200,2022-11-01,8597200.0,2022-10-01,8148800.0,2022-09-01,5776600.0,2022-05-01,7062300.0,2022-01-01,6298700.0,2021-03-01,7264100.0,2020-07-01,5949200.0,2020-03-01,8898800.0
DLO,3742686540.1094007,monthly,2026-05-01,47758671,2026-03-01,37984600,2025-11-01,55764300,2025-10-01,53270500,2025-09-01,63660100,2025-08-01,65551500,2024-11-01,39471500,2024-08-01,41273400,2024-06-01,55274300,2024-05-01,65934900,2023-08-01,93897200,2023-06-01,44090500,2023-05-01,44690200.0,2023-04-01,42226800.0,2022-12-01,54080200.0,2022-11-01,197163100.0,2022-05-01,57329100.0,2021-11-01,52159900.0,2021-10-01,44786200.0,2021-09-01,39067900.0
MANU,3952069340.1092906,monthly,2024-03-01,19808300,2024-02-01,54159800,2024-01-01,32002800,2023-12-01,19327600,2023-11-01,18244000,2023-10-01,31560500,2023-09-01,26131400,2023-08-01,25506000,2023-07-01,22960300,2023-06-01,58910500,2023-05-01,33546700,2023-04-01,29792300,2023-03-01,49634700.0,2023-02-01,50427000.0,2023-01-01,17558600.0,2022-12-01,26865100.0,2022-11-01,82083500.0,2022-09-01,15845100.0,2022-08-01,22170800.0,2022-06-01,15143100.0
CARG,2978879915.128908,monthly,2026-03-01,29988900,2025-03-01,30768500,2024-03-01,30125300,2023-08-01,30928400,2023-06-01,54029100,2022-11-01,59103200,2022-08-01,34257800,2022-05-01,37698500,2021-05-01,30782900,2021-03-01,29977400,2021-02-01,31026700,2020-12-01,36290600,2020-11-01,33332800.0,2020-10-01,31431300.0,2020-08-01,30117500.0,2020-06-01,34751400.0,2020-05-01,39016400.0,2020-04-01,45865300.0,2020-03-01,47482500.0,2020-02-01,53084400.0
ROG,2865225347.424382,monthly,2026-05-01,4506842,2026-04-01,5143800,2025-10-01,4210000,2025-08-01,6333600,2025-07-01,5105100,2025-05-01,4424900,2025-04-01,8484500,2025-03-01,5095100,2023-03-01,6481800,2023-02-01,6570500,2023-01-01,5705200,2022-12-01,11822100,2022-11-01,19024000.0,2022-09-01,4750000.0,2022-03-01,4745700.0,2022-02-01,6515200.0,2022-01-01,6792400.0,2021-12-01,7706200.0,2021-11-01,14123100.0,2020-03-01,4803900.0
PRM,5611571094.265583,monthly,2026-05-01,24800281,2026-03-01,26840500,2025-10-01,28773300,2025-09-01,25346600,2025-08-01,28303400,2025-07-01,25270000,2025-03-01,28451100,2025-01-01,26550800,2024-11-01,23049100,2023-12-01,27445100,2023-11-01,35084100,2023-10-01,31489700,2023-09-01,22635000.0,2023-08-01,22428200.0,2023-06-01,32686100.0,2023-05-01,26297800.0,2022-11-01,33392000.0,2022-10-01,56750200.0,2022-09-01,38749400.0,2022-06-01,34856600.0
PAYO,2411326037.565341,monthly,2026-05-01,67889015,2026-03-01,95200300,2026-01-01,91990800,2025-08-01,83246400,2025-05-01,89981100,2025-04-01,87328600,2025-03-01,72638200,2024-11-01,90559900,2024-08-01,89883100,2023-08-01,66459200,2023-06-01,96239100,2023-05-01,89522900,2023-03-01,100987000.0,2022-11-01,79834900.0,2022-10-01,163625600.0,2022-08-01,91442900.0,2022-06-01,100847700.0,2022-05-01,74179100.0,2022-03-01,109150200.0,2021-02-01,86539600.0
OUT,5852351412.15166,monthly,2025-11-01,44842200,2024-11-01,45491458,2024-05-01,42200482,2024-02-01,50275225,2023-12-01,64319671,2023-11-01,65654348,2023-10-01,78907746,2023-09-01,74538681,2023-08-01,70325583,2023-05-01,51472777,2023-03-01,42978647,2022-09-01,86526011,2022-06-01,42448973.0,2022-05-01,47025046.0,2021-06-01,52904471.0,2020-11-01,50726821.0,2020-06-01,59170782.0,2020-05-01,52361426.0,2020-04-01,59555325.0,2020-03-01,72417933.0
NEOG,2085307868.8643532,monthly,2026-04-01,59938000,2026-03-01,57362400,2026-01-01,93182400,2025-12-01,77142000,2025-11-01,67315300,2025-10-01,110837100,2025-09-01,155267200,2025-08-01,113331400,2025-07-01,131016700,2025-06-01,132816300,2025-05-01,114978600,2025-04-01,192270300,2025-03-01,93315200.0,2025-01-01,61178500.0,2024-04-01,62316200.0,2022-12-01,70230800.0,2022-11-01,79735500.0,2022-10-01,105187100.0,2022-09-01,204161800.0,2022-08-01,147825500.0
EXLS,3972356428.86598,monthly,2026-05-01,40884885,2026-04-01,47914700,2026-03-01,47372300,2026-02-01,27223200,2025-10-01,31976700,2025-09-01,31738800,2025-08-01,27804500,2025-07-01,47404500,2025-06-01,61418600,2025-05-01,29503200,2025-04-01,33461000,2024-04-01,26835400,2023-10-01,33413300.0,2023-06-01,32250500.0,2023-05-01,29914000.0,2023-03-01,27004000.0,2022-10-01,34723000.0,2022-09-01,73780000.0,2020-05-01,29044500.0,2020-03-01,38330500.0
MTX,2474496943.960924,monthly,2026-05-01,4248567,2026-03-01,5256600,2025-12-01,4168800,2025-10-01,4354600,2025-09-01,4997400,2025-08-01,4353000,2025-07-01,6578000,2025-06-01,5041000,2025-05-01,6549500,2025-04-01,5316700,2025-03-01,4647500,2025-02-01,3962900,2024-07-01,4016300.0,2024-05-01,4120800.0,2023-06-01,4155200.0,2022-12-01,4121600.0,2022-09-01,12747000.0,2020-06-01,5120600.0,2020-04-01,4006400.0,2020-03-01,6990500.0
RNG,3117862937.92381,monthly,2026-05-01,35225094,2026-03-01,43527000,2026-02-01,32901400,2025-09-01,33261800,2025-08-01,46772700,2025-03-01,39223500,2023-11-01,33691600,2023-08-01,40123200,2023-05-01,63568200,2023-03-01,55630900,2023-02-01,50296400,2022-12-01,40597400,2022-11-01,55179300.0,2022-10-01,40064800.0,2022-09-01,37956300.0,2022-08-01,64989500.0,2022-07-01,33553900.0,2022-06-01,44272100.0,2022-05-01,48522900.0,2020-03-01,42791900.0
HR,7103692119.694733,monthly,2026-05-01,81354111,2026-03-01,73912900,2025-10-01,86231400,2025-09-01,98030800,2025-08-01,73923100,2025-07-01,82695000,2025-06-01,81793000,2024-11-01,84352100,2024-09-01,87207000,2024-08-01,79674100,2024-06-01,81805200,2024-05-01,96247900,2024-02-01,84412000.0,2023-11-01,102669700.0,2023-03-01,88097800.0,2022-08-01,79316800.0,2022-07-01,221507800.0,2022-06-01,86632400.0,2022-05-01,106905500.0,2022-03-01,91667700.0
SHO,2220591889.0758624,monthly,2025-04-01,68457800,2024-12-01,69368300,2024-08-01,61834400,2023-11-01,59921300,2022-10-01,61543700,2022-09-01,73196600,2022-08-01,66961000,2022-07-01,145066100,2022-06-01,71610500,2022-05-01,80305000,2022-04-01,60178000,2022-03-01,116395400,2022-02-01,79792500.0,2021-09-01,74783700.0,2020-11-01,82220800.0,2020-06-01,114274600.0,2020-05-01,62201600.0,2020-04-01,73380400.0,2020-03-01,143358400.0,2020-02-01,59857400.0
BSM,2996240492.860215,monthly,2024-12-01,14819700,2024-02-01,13719800,2023-12-01,13667200,2023-05-01,13962100,2023-03-01,13730500,2023-02-01,16904200,2023-01-01,17322000,2022-12-01,20068900,2022-11-01,15368800,2022-10-01,14500300,2022-09-01,12752400,2022-08-01,15772100,2022-06-01,20782100.0,2022-05-01,14201500.0,2022-04-01,16276400.0,2022-03-01,19365100.0,2021-01-01,16188000.0,2020-11-01,14094700.0,2020-03-01,13520600.0,2020-02-01,12878600.0
KEN,3431859042.044445,monthly,2026-05-01,433586,2026-04-01,571500,2026-03-01,479500,2025-07-01,444700,2025-06-01,435800,2025-04-01,898600,2024-04-01,1377800,2023-04-01,780000,2023-03-01,454500,2023-02-01,432800,2022-10-01,460100,2022-09-01,683000,2022-08-01,707300.0,2022-07-01,843500.0,2022-06-01,1732300.0,2022-05-01,848400.0,2022-04-01,1042300.0,2022-03-01,1375300.0,2022-02-01,676000.0,2022-01-01,1163000.0
TTEK,7593692534.7524605,monthly,2026-05-01,58895757,2026-04-01,58077400,2026-03-01,59339100,2026-01-01,45540800,2025-12-01,41221300,2025-11-01,60621800,2025-10-01,50548000,2025-09-01,47430500,2025-08-01,41296200,2025-06-01,40013800,2025-05-01,54399400,2025-04-01,41638400,2025-03-01,52105900.0,2025-02-01,62256200.0,2025-01-01,68642100.0,2024-11-01,59348900.0,2023-06-01,39424000.0,2022-06-01,74221500.0,2022-02-01,42918000.0,2020-03-01,53507500.0
FTDR,5248656109.696231,monthly,2026-03-01,18403800,2025-04-01,20760900,2025-03-01,19099100,2024-08-01,19200200,2024-07-01,17617200,2024-02-01,17779800,2023-11-01,21147300,2023-08-01,16641000,2023-06-01,25792500,2023-05-01,20400300,2023-03-01,36718100,2022-11-01,16655300,2022-09-01,19106600.0,2022-08-01,31093900.0,2022-07-01,38922900.0,2022-06-01,41582400.0,2022-05-01,31700200.0,2022-03-01,16884300.0,2021-11-01,21870100.0,2020-03-01,19405400.0
POR,6079297297.02907,monthly,2026-04-01,24408300,2026-03-01,30602900,2025-12-01,24563000,2025-11-01,25992800,2025-10-01,27469200,2025-09-01,22674600,2025-08-01,22620500,2025-07-01,30852700,2025-06-01,24879900,2025-04-01,26142200,2025-03-01,24811100,2025-01-01,24186200,2024-12-01,23216200.0,2024-07-01,23053600.0,2024-01-01,23562900.0,2023-10-01,26405500.0,2022-10-01,23984600.0,2022-06-01,38227000.0,2020-09-01,37543600.0,2020-03-01,25546600.0
RAMP,2291644128.429068,monthly,2026-05-01,32137271,2026-03-01,17391900,2025-08-01,16122800,2025-03-01,14778300,2024-08-01,22387200,2023-03-01,16272300,2022-11-01,17533200,2022-09-01,18376000,2022-08-01,18828600,2022-06-01,33132400,2022-05-01,17540800,2021-06-01,32876100,2021-03-01,22250300.0,2021-02-01,16215200.0,2020-11-01,18808200.0,2020-08-01,18299200.0,2020-06-01,19746400.0,2020-05-01,15882200.0,2020-03-01,21475700.0,2020-02-01,16965100.0
CLM,2120658300.0,monthly,2026-03-01,43036500,2026-01-01,50827200,2025-10-01,40123300,2025-05-01,37458500,2025-04-01,65050677,2025-03-01,41075764,2025-02-01,55011219,2024-12-01,53818737,2024-11-01,43045076,2024-10-01,37829035,2023-10-01,51581102,2023-08-01,38583210,2022-10-01,39604288.0,2022-09-01,46189901.0,2022-08-01,41574110.0,2022-06-01,68343169.0,2022-05-01,47605798.0,2022-04-01,61815575.0,2022-01-01,38197538.0,2021-04-01,42749824.0
IPGP,4549531634.995917,monthly,2026-05-01,11797463,2026-04-01,8489200,2026-03-01,10381700,2026-01-01,7571600,2025-05-01,7737500,2025-03-01,10527600,2022-09-01,7580600,2022-06-01,18844100,2022-05-01,16287700,2022-04-01,12224600,2022-03-01,17961600,2022-02-01,10428200,2021-08-01,10044300.0,2021-05-01,7652600.0,2021-04-01,7645900.0,2020-08-01,7465000.0,2020-05-01,10046600.0,2020-04-01,7692500.0,2020-03-01,13641100.0,2020-02-01,10645500.0
HOMB,5901413065.980495,monthly,2026-04-01,34778900,2026-03-01,33804600,2026-01-01,28612000,2025-12-01,29426200,2025-10-01,26764000,2025-07-01,24936000,2025-04-01,24987500,2025-03-01,24757900,2025-01-01,24716000,2024-07-01,28318800,2023-12-01,25440700,2023-06-01,24627100,2023-05-01,28370400.0,2023-03-01,38249200.0,2022-10-01,23364700.0,2022-06-01,52574800.0,2022-05-01,26795700.0,2020-06-01,25445100.0,2020-04-01,24942000.0,2020-03-01,30657200.0
ANDE,2420562229.150246,monthly,2026-03-01,8588400,2025-12-01,8521400,2025-11-01,6106900,2025-10-01,6834900,2025-09-01,10607800,2025-08-01,6675000,2025-06-01,6794000,2025-05-01,7145100,2025-03-01,9497700,2024-12-01,10030300,2023-08-01,6045600,2023-06-01,6831200,2023-03-01,6517400.0,2022-06-01,6768600.0,2022-05-01,14084900.0,2022-04-01,10655200.0,2022-03-01,11088900.0,2020-09-01,6330700.0,2020-05-01,7899100.0,2020-03-01,5975400.0
LBRDA,4496778341.483647,monthly,2026-03-01,4105900,2025-06-01,4326260,2025-05-01,4839805,2024-12-01,6220077,2024-11-01,4476387,2024-09-01,4967845,2024-02-01,5088523,2022-12-01,6371163,2022-11-01,4581697,2022-10-01,5911609,2022-09-01,8215687,2022-08-01,5882160,2022-07-01,6167368.0,2022-06-01,7936134.0,2022-05-01,9103860.0,2022-04-01,4879502.0,2022-03-01,6088407.0,2022-01-01,4938293.0,2021-12-01,6383754.0,2020-03-01,5707490.0
BLCO,5818673117.62665,monthly,2025-08-01,14269300,2025-07-01,21223300,2025-06-01,14051400,2025-05-01,19259100,2025-04-01,19679900,2025-03-01,14104600,2025-02-01,15032200,2024-10-01,14984400,2024-09-01,18305000,2024-07-01,19192200,2024-05-01,12269000,2024-04-01,11493100,2023-12-01,17170900.0,2023-08-01,11994200.0,2023-05-01,12780100.0,2022-09-01,20566900.0,2022-08-01,23133100.0,2022-07-01,31178300.0,2022-06-01,21300900.0,2022-05-01,38665600.0
HTH,2337696064.3593,monthly,2025-08-01,10496100,2023-03-01,12005100,2022-09-01,12598300,2022-07-01,12009100,2022-06-01,27178500,2022-05-01,49309900,2022-03-01,10403600,2021-09-01,11103900,2021-08-01,10581500,2021-06-01,12098500,2021-05-01,10866300,2021-04-01,11044600,2021-03-01,16693900.0,2021-02-01,12039000.0,2021-01-01,32228700.0,2020-11-01,13948100.0,2020-10-01,12688100.0,2020-05-01,12845800.0,2020-04-01,10992900.0,2020-03-01,19127600.0
MLCO,2007467350.0,monthly,2025-07-01,94803900,2025-04-01,132135800,2025-02-01,83393200,2024-09-01,79821300,2024-08-01,110935900,2024-05-01,94635700,2023-05-01,80421100,2023-01-01,102964700,2022-12-01,141193600,2022-11-01,105851500,2022-10-01,136507000,2022-09-01,117411700,2022-08-01,80577100.0,2022-05-01,148269800.0,2022-03-01,118122600.0,2022-01-01,96907000.0,2021-09-01,126064400.0,2021-08-01,95195500.0,2021-07-01,84618900.0,2020-03-01,94883300.0
MATX,5885905349.385548,monthly,2025-10-01,7927600,2025-08-01,7709500,2025-07-01,8099100,2025-05-01,13528500,2025-04-01,10849600,2025-03-01,8668100,2024-09-01,8077300,2023-12-01,9485000,2023-03-01,7777500,2022-12-01,7802800,2022-10-01,8751600,2022-09-01,10148400,2022-06-01,9688700.0,2022-05-01,9890400.0,2022-04-01,13770200.0,2022-03-01,10262300.0,2022-02-01,10215900.0,2022-01-01,7551500.0,2021-04-01,7499600.0,2021-03-01,8017400.0
ESAB,6125308829.660899,monthly,2026-08-01,7634372,2026-05-01,8556550,2026-04-01,14684100,2026-03-01,14123100,2026-02-01,6822200,2025-12-01,10416100,2025-11-01,8793400,2025-10-01,10856900,2025-09-01,10634300,2025-08-01,11657300,2025-04-01,7622000,2025-03-01,8168100,2023-03-01,7700500.0,2022-11-01,10641900.0,2022-10-01,7331000.0,2022-09-01,7769800.0,2022-07-01,7473200.0,2022-06-01,10952400.0,2022-05-01,9142000.0,2022-04-01,14861800.0
EE,4292492644.4010696,monthly,2026-04-01,7676500,2026-03-01,13066500,2026-01-01,8266500,2025-11-01,8292900,2025-10-01,11615900,2025-09-01,7579200,2025-08-01,10977400,2025-07-01,10426800,2025-06-01,8600700,2025-05-01,7734000,2025-04-01,16368200,2022-12-01,6870600,2022-11-01,9829900.0,2022-10-01,8651200.0,2022-09-01,10702600.0,2022-08-01,10474100.0,2022-07-01,9656100.0,2022-06-01,22621600.0,2022-05-01,12983700.0,2022-04-01,30705000.0
BKE,2227641936.528639,monthly,2025-09-01,12094100,2025-08-01,11990300,2025-04-01,12831200,2025-03-01,15904000,2024-01-01,13455800,2023-03-01,11931000,2022-05-01,15293900,2022-04-01,18161400,2022-03-01,16994100,2022-01-01,16377500,2021-12-01,16759100,2021-08-01,12842200,2021-06-01,15189200.0,2021-05-01,12165400.0,2020-12-01,11866300.0,2020-08-01,15203500.0,2020-07-01,11843600.0,2020-06-01,14900200.0,2020-04-01,12431300.0,2020-03-01,18102700.0
IRT,4086408666.620525,monthly,2026-03-01,54927600,2025-12-01,59859300,2025-11-01,52406000,2025-10-01,75021100,2025-09-01,54441100,2025-08-01,54650000,2025-07-01,60896800,2025-06-01,51239400,2024-10-01,50288800,2024-06-01,69486700,2024-04-01,52751500,2024-01-01,54853700,2023-11-01,55907700.0,2022-06-01,58313300.0,2022-05-01,132908400.0,2022-04-01,68284900.0,2022-03-01,164275500.0,2022-02-01,66976600.0,2022-01-01,61165400.0,2021-12-01,58982700.0
EPAM,4215082344.355693,monthly,2026-08-01,19804738,2026-06-01,23394978,2026-05-01,31708910,2026-04-01,29444700,2026-03-01,27401800,2025-12-01,17016400,2025-11-01,21602200,2025-09-01,18826400,2025-08-01,18574000,2025-05-01,22839400,2025-03-01,15639500,2025-02-01,15627900,2024-06-01,16249400.0,2024-05-01,22927300.0,2023-06-01,18925600.0,2023-05-01,15946900.0,2022-05-01,22058000.0,2022-03-01,51022000.0,2022-02-01,24308600.0,2021-12-01,27249400.0
VEON,3563853263.0,monthly,2025-08-01,5040300,2025-07-01,4708100,2025-06-01,5837400,2025-05-01,5424200,2022-04-01,6644028,2022-03-01,67993356,2022-02-01,10170928,2022-01-01,3921320,2021-11-01,3916116,2021-10-01,4961348,2021-09-01,7947116,2021-08-01,11627088,2021-07-01,8991360.0,2021-06-01,9721548.0,2021-05-01,3976864.0,2021-03-01,5406040.0,2020-09-01,5695000.0,2020-06-01,8535144.0,2020-03-01,7776128.0,2020-02-01,6740616.0
ASO,3007891041.0386124,monthly,2025-04-01,42001800,2025-03-01,45359900,2024-12-01,43252700,2024-06-01,41903500,2023-06-01,51372400,2022-12-01,42241400,2022-09-01,47000700,2022-06-01,56608200,2022-05-01,61783500,2022-04-01,46405600,2022-03-01,102373200,2022-02-01,44423700,2022-01-01,47615900.0,2021-12-01,72394400.0,2021-11-01,55719700.0,2021-09-01,74778600.0,2021-07-01,42407800.0,2021-06-01,55188100.0,2021-05-01,63155000.0,2021-04-01,57522400.0
MOS,7113407858.609296,monthly,2026-05-01,132255076,2026-04-01,178253200,2026-03-01,281782000,2026-01-01,150676500,2025-12-01,160856400,2025-11-01,146332900,2025-06-01,123056900,2025-03-01,127114200,2025-02-01,124523300,2022-06-01,175638300,2022-05-01,180662700,2022-04-01,178850200,2022-03-01,300650200.0,2022-02-01,155272800.0,2021-11-01,146757900.0,2021-06-01,127833600.0,2021-03-01,145307400.0,2021-02-01,125870900.0,2020-03-01,174971400.0,2020-02-01,123791100.0
BCC,2851072439.812437,monthly,2026-05-01,7987680,2026-03-01,10442300,2025-12-01,9985700,2025-11-01,9972900,2025-10-01,8445100,2025-08-01,8350600,2025-03-01,9557900,2024-09-01,8566900,2022-06-01,10403700,2022-05-01,7965500,2022-03-01,9169000,2022-02-01,12111400,2021-08-01,8080100.0,2021-07-01,9027600.0,2021-06-01,10839500.0,2021-05-01,9353900.0,2021-03-01,8732200.0,2021-02-01,8143700.0,2020-04-01,8134000.0,2020-03-01,9949000.0
ONB,9999332549.0,monthly,2026-04-01,66448800,2026-03-01,76239400,2026-01-01,58867500,2025-12-01,61544300,2025-10-01,130098500,2025-09-01,85595000,2025-08-01,54491000,2025-07-01,76619300,2025-06-01,59778200,2025-05-01,78316000,2025-04-01,77689500,2025-03-01,56346200,2025-01-01,73041900.0,2024-11-01,68879300.0,2024-07-01,59507400.0,2024-04-01,61028200.0,2023-03-01,67675000.0,2022-05-01,56045200.0,2022-03-01,64042500.0,2022-02-01,132623100.0
DOCU,8632605658.81088,monthly,2026-03-01,113390700,2025-06-01,96233100,2024-12-01,96706600,2024-10-01,108500700,2023-12-01,150912400,2023-09-01,110115400,2023-06-01,131627900,2023-03-01,123245200,2022-12-01,177054100,2022-11-01,94518300,2022-10-01,97241700,2022-09-01,140779000,2022-06-01,161964000.0,2022-03-01,193898300.0,2022-01-01,102490300.0,2021-12-01,236916600.0,2020-12-01,94463700.0,2020-09-01,208479300.0,2020-07-01,115534400.0,2020-06-01,136450500.0
HQY,7395446887.201005,monthly,2026-04-01,20664500,2026-03-01,21638500,2026-01-01,22471600,2025-12-01,19640100,2025-09-01,25440300,2025-08-01,20328700,2025-06-01,25734800,2025-05-01,20447500,2025-04-01,22237600,2025-03-01,30362300,2023-03-01,21705900,2022-06-01,20219000,2021-12-01,32018300.0,2021-02-01,21147700.0,2020-12-01,19605200.0,2020-09-01,21367500.0,2020-07-01,24371100.0,2020-06-01,20595200.0,2020-04-01,21466200.0,2020-03-01,31667400.0
HGTY,4037847554.527453,monthly,2026-04-01,3249900,2026-03-01,4442200,2025-11-01,3019100,2025-09-01,4716100,2025-08-01,5677000,2024-06-01,4425000,2023-04-01,2856600,2022-12-01,4874400,2022-11-01,3776900,2022-10-01,5892300,2022-09-01,4981000,2022-08-01,5771500,2022-06-01,4834500.0,2022-05-01,6601200.0,2022-04-01,2994800.0,2022-03-01,7832800.0,2022-01-01,3352900.0,2021-12-01,10245400.0,2021-11-01,3722000.0,2021-08-01,3856900.0
AAMI,2572412966.9628787,monthly,2022-04-01,11089900,2022-03-01,19800200,2022-02-01,15228900,2022-01-01,13091700,2021-12-01,55580000,2021-11-01,35918800,2021-10-01,13294000,2021-06-01,10322800,2021-04-01,13847200,2021-03-01,11249300,2020-12-01,12950600,2020-11-01,12333300,2020-10-01,10928400.0,2020-09-01,11029600.0,2020-08-01,12402600.0,2020-07-01,20822700.0,2020-06-01,41588700.0,2020-05-01,9946700.0,2020-04-01,12853200.0,2020-03-01,19418200.0
Z,7115062002.347841,monthly,2026-03-01,95512000,2024-08-01,97067500,2024-05-01,86724400,2024-03-01,101901700,2023-12-01,93878100,2023-11-01,86433400,2023-01-01,92703900,2022-09-01,87602500,2022-06-01,91551500,2022-05-01,143411700,2022-03-01,85148200,2022-02-01,177860100,2021-12-01,117904400.0,2021-11-01,271357400.0,2021-10-01,104394700.0,2021-03-01,97151900.0,2020-08-01,90209500.0,2020-05-01,104823800.0,2020-03-01,117920500.0,2020-02-01,86403800.0
NWE,4515918592.230964,monthly,2026-04-01,10447900,2026-03-01,11329400,2026-01-01,11794400,2025-12-01,12730500,2025-11-01,10892000,2025-08-01,10917100,2025-07-01,9704700,2025-06-01,9891600,2025-04-01,11388500,2025-03-01,13466900,2024-10-01,10846200,2024-01-01,11351500,2022-10-01,11462900.0,2022-09-01,10654600.0,2022-08-01,10693800.0,2022-03-01,10201800.0,2021-12-01,10586800.0,2021-11-01,15907700.0,2020-04-01,10611200.0,2020-03-01,11817400.0
KN,3426704256.854621,monthly,2025-04-01,21200100,2025-03-01,18789900,2024-09-01,19609100,2023-05-01,18720000,2023-02-01,18784700,2022-12-01,21946400,2022-10-01,23588100,2022-09-01,19603600,2022-08-01,29054400,2022-04-01,18209000,2022-03-01,21594600,2022-02-01,21661800,2022-01-01,23408500.0,2021-12-01,20727300.0,2021-11-01,17962000.0,2021-10-01,30300700.0,2021-09-01,20930000.0,2020-04-01,19720800.0,2020-03-01,24611800.0,2020-02-01,26136800.0
KRG,5935635115.942089,monthly,2026-04-01,40144200,2026-03-01,36988500,2026-01-01,39434400,2025-12-01,43239800,2025-10-01,44339000,2025-09-01,40901200,2025-05-01,37642600,2025-04-01,53185700,2025-03-01,38496800,2025-02-01,40923000,2025-01-01,39389400,2024-04-01,37787200,2024-03-01,38558700.0,2024-02-01,45254900.0,2023-12-01,38603100.0,2023-11-01,44555400.0,2023-10-01,37960400.0,2023-01-01,39244400.0,2022-03-01,39240500.0,2021-10-01,68953400.0
JXN,7444378988.389515,monthly,2025-03-01,29033900,2024-03-01,21743800,2023-09-01,24850900,2023-08-01,37150600,2023-05-01,25736600,2023-03-01,31914800,2023-02-01,22342900,2023-01-01,24185700,2022-11-01,22569800,2022-08-01,23598900,2022-07-01,19914600,2022-06-01,40814000,2022-05-01,32178600.0,2022-04-01,19778900.0,2022-03-01,28734800.0,2022-01-01,20307400.0,2021-12-01,52897800.0,2021-11-01,29707200.0,2021-10-01,29735100.0,2021-09-01,88075400.0
NOV,6696858819.855331,monthly,2026-03-01,113131400,2025-03-01,120722500,2024-12-01,107529900,2024-02-01,122059100,2023-05-01,114109000,2023-03-01,111315900,2022-03-01,143242200,2022-02-01,112871800,2021-09-01,188959300,2021-06-01,115548300,2021-03-01,129297800,2021-01-01,106536300,2020-12-01,110265400.0,2020-11-01,148864800.0,2020-10-01,124709700.0,2020-09-01,117076100.0,2020-07-01,147404600.0,2020-06-01,110825000.0,2020-04-01,113831800.0,2020-03-01,140007300.0
AN,6412560897.060139,monthly,2023-03-01,18252700,2022-12-01,18928700,2022-10-01,25232600,2022-09-01,22315800,2022-05-01,18384000,2022-04-01,24828200,2021-12-01,22722800,2021-10-01,20775300,2021-09-01,30407900,2021-08-01,23521300,2021-07-01,26339300,2021-06-01,19491400,2021-03-01,21668600.0,2020-10-01,20796500.0,2020-07-01,25144400.0,2020-06-01,18334400.0,2020-05-01,18205300.0,2020-04-01,25453900.0,2020-03-01,25791800.0,2020-02-01,17476500.0
GXO,5774288516.859273,monthly,2026-05-01,27987374,2026-03-01,27839200,2025-12-01,22631200,2025-11-01,23591600,2025-08-01,24828100,2025-06-01,32282200,2025-05-01,25681200,2025-04-01,33525500,2025-03-01,34056000,2025-02-01,39338700,2024-12-01,39599000,2024-10-01,38100100,2024-03-01,24404800.0,2022-11-01,26555200.0,2022-09-01,28463200.0,2022-08-01,26408600.0,2022-06-01,26448200.0,2022-05-01,26562000.0,2022-04-01,27860200.0,2021-08-01,43117500.0
STVN,4870385785.848831,monthly,2026-04-01,13048100,2026-03-01,12892700,2026-02-01,8446500,2026-01-01,14000600,2025-09-01,9940800,2025-03-01,8347000,2024-12-01,8418500,2024-11-01,11189000,2024-10-01,12066400,2024-09-01,10253800,2024-08-01,9150100,2024-07-01,14947000,2024-06-01,12217600.0,2024-05-01,19235700.0,2024-03-01,11040800.0,2022-11-01,9819800.0,2022-04-01,9042400.0,2021-09-01,8480900.0,2021-08-01,23931400.0,2021-07-01,23778800.0
TRMK,2730432352.307725,monthly,2026-04-01,8030300,2026-03-01,10286800,2025-07-01,7056200,2025-04-01,9179600,2025-03-01,7195600,2024-11-01,7691800,2024-07-01,7632500,2024-04-01,7012700,2023-12-01,7514700,2023-06-01,9177400,2023-03-01,9012800,2023-01-01,7589000,2022-12-01,7210000.0,2022-06-01,7241000.0,2022-05-01,7212400.0,2021-12-01,7085500.0,2021-09-01,7312500.0,2021-08-01,19881400.0,2020-06-01,12626900.0,2020-03-01,11962800.0
CVSA,4339959224.620651,monthly,2025-12-01,11430000,2025-11-01,15067400,2025-05-01,13780600,2025-04-01,11306500,2024-06-01,10254900,2024-05-01,10022700,2024-02-01,12505000,2024-01-01,14472800,2023-12-01,11424100,2022-06-01,14216800,2022-04-01,10473400,2022-02-01,11803800,2021-07-01,18338100.0,2021-05-01,10174900.0,2021-03-01,11700600.0,2021-02-01,10801100.0,2020-12-01,10255700.0,2020-11-01,11226100.0,2020-09-01,10370300.0,2020-03-01,14186000.0
TAL,4953290950.0,monthly,2025-05-01,173076200,2025-04-01,244666100,2024-10-01,204753800,2024-09-01,182173300,2023-05-01,200645300,2023-03-01,213019300,2022-12-01,351616400,2022-06-01,210635000,2022-04-01,178275400,2022-03-01,291695000,2022-02-01,196836300,2022-01-01,244124400,2021-12-01,289780800.0,2021-11-01,394143000.0,2021-10-01,264502400.0,2021-09-01,383598800.0,2021-08-01,543026200.0,2021-07-01,1175489800.0,2021-06-01,476082400.0,2021-05-01,212875600.0
BNL,4067368736.389154,monthly,2026-08-01,29294722,2026-04-01,88020800,2026-03-01,40077200,2026-01-01,35678300,2025-12-01,41564000,2025-11-01,34331100,2025-10-01,41191700,2025-09-01,30777600,2025-08-01,35859900,2025-07-01,29411800,2025-06-01,35326500,2025-05-01,37407900,2025-04-01,32630700.0,2025-03-01,32811000.0,2024-07-01,26902000.0,2024-03-01,34564900.0,2024-02-01,28191200.0,2022-09-01,26778000.0,2021-06-01,108407300.0,2021-05-01,40041800.0
GEO,4056651156.355949,monthly,2026-03-01,62633300,2025-08-01,77789500,2025-07-01,64674600,2025-06-01,58179500,2025-05-01,66707900,2025-04-01,65443300,2025-03-01,61902000,2025-01-01,62732500,2024-11-01,115139400,2024-02-01,60152000,2023-02-01,66725600,2022-11-01,66711700,2022-08-01,88160700.0,2021-06-01,332307200.0,2021-05-01,82181500.0,2021-04-01,108866700.0,2021-03-01,84225900.0,2021-02-01,102803500.0,2021-01-01,114657500.0,2020-11-01,94616000.0
LPX,5755468989.053677,monthly,2022-09-01,30058700,2022-08-01,28059700,2022-06-01,32913300,2022-05-01,29534800,2021-11-01,28743100,2021-08-01,33311700,2021-07-01,42481800,2021-06-01,67432700,2021-05-01,47837300,2021-04-01,41676600,2021-03-01,33454100,2021-02-01,29150200,2020-12-01,29977500.0,2020-11-01,36203300.0,2020-09-01,30314400.0,2020-08-01,29312100.0,2020-06-01,33233500.0,2020-05-01,33081900.0,2020-04-01,34588600.0,2020-03-01,48703400.0
CCS,2066786856.1127737,monthly,2025-07-01,8968500,2025-04-01,9745200,2025-03-01,11221100,2025-02-01,8712000,2025-01-01,9022900,2024-03-01,9308500,2022-04-01,11973800,2022-03-01,10378100,2022-02-01,9377900,2021-07-01,9533900,2021-06-01,16273300,2021-05-01,10356800,2021-04-01,10874600.0,2021-03-01,10722400.0,2021-02-01,11120300.0,2020-07-01,9039900.0,2020-05-01,9715100.0,2020-04-01,10920200.0,2020-03-01,15375200.0,2020-02-01,10701900.0
CDP,8211238181.916999,monthly,2026-03-01,23646500,2026-01-01,26169000,2025-09-01,22627500,2025-04-01,21682400,2025-03-01,23615200,2025-02-01,23826400,2024-12-01,20939400,2024-11-01,25814100,2024-04-01,20756900,2024-02-01,24732600,2023-12-01,20766300,2023-09-01,24057900,2023-03-01,19637000.0,2022-06-01,21412800.0,2021-06-01,39490400.0,2021-03-01,21947900.0,2020-10-01,24975000.0,2020-06-01,19729500.0,2020-04-01,21484800.0,2020-03-01,27678700.0
CBT,4821440251.951875,monthly,2026-03-01,10005700,2026-01-01,9134900,2025-12-01,12018400,2025-11-01,10137800,2025-10-01,9488800,2025-05-01,10794400,2025-04-01,9431300,2025-03-01,9298900,2025-02-01,9381500,2024-11-01,9418400,2024-08-01,10032000,2023-06-01,8912000,2022-06-01,10111900.0,2022-05-01,9487200.0,2022-03-01,10196300.0,2022-02-01,13133100.0,2021-06-01,15055000.0,2020-06-01,9093100.0,2020-05-01,9651100.0,2020-03-01,12075300.0
GCMG,2493284591.5004086,monthly,2026-03-01,18116500,2026-01-01,9972600,2025-12-01,15313900,2025-11-01,19470600,2025-10-01,17549000,2025-09-01,13584300,2025-08-01,12192300,2025-07-01,9357100,2025-06-01,11676500,2025-05-01,9343100,2025-04-01,9634500,2025-03-01,8785300,2021-08-01,9684100.0,2021-07-01,8825300.0,2021-06-01,43110200.0,2021-03-01,11921400.0,2021-01-01,10108100.0,2020-12-01,39686100.0,2020-10-01,10702200.0,2020-08-01,11285700.0
TX,8906479123.0,monthly,2022-08-01,9186000,2022-05-01,10381700,2022-04-01,10103800,2022-03-01,12928100,2022-02-01,21685100,2022-01-01,15915500,2021-12-01,10875300,2021-11-01,22731400,2021-10-01,12324600,2021-09-01,15029000,2021-08-01,19821800,2021-07-01,19223700,2021-06-01,15687500.0,2021-05-01,23628200.0,2021-04-01,16291600.0,2021-03-01,19053200.0,2021-01-01,9303300.0,2020-12-01,9277000.0,2020-11-01,9653900.0,2020-03-01,10133900.0
TBBK,2592576420.484736,monthly,2026-03-01,12527500,2026-01-01,13897200,2025-12-01,11886200,2025-10-01,13468900,2025-09-01,12892900,2025-08-01,13956400,2025-07-01,19721400,2025-04-01,16125200,2025-03-01,12832000,2024-11-01,12227000,2024-10-01,13390400,2024-09-01,13390800,2024-08-01,12591400.0,2024-07-01,16367800.0,2024-04-01,14494400.0,2024-03-01,22406200.0,2023-03-01,12682300.0,2021-05-01,33579900.0,2021-03-01,13932900.0,2020-03-01,13219000.0
G,4836020900.737622,monthly,2026-05-01,54111882,2026-04-01,56009900,2026-03-01,45425600,2025-12-01,34460000,2025-11-01,48181900,2025-10-01,37122300,2025-09-01,40633100,2025-08-01,43327500,2025-06-01,34833800,2025-05-01,43709100,2025-02-01,33417800,2024-05-01,34147400,2024-04-01,35577100.0,2024-03-01,34976700.0,2023-11-01,33242600.0,2023-05-01,43834100.0,2021-04-01,63688200.0,2021-02-01,33773000.0,2020-04-01,35365800.0,2020-03-01,52997900.0
HAE,3512520218.7871685,monthly,2026-05-01,14753373,2026-03-01,17632400,2026-01-01,16500200,2025-12-01,15973000,2025-11-01,23253600,2025-10-01,14830800,2025-09-01,23571400,2025-08-01,27325600,2025-04-01,14893100,2025-03-01,16476600,2025-02-01,26659300,2024-11-01,14826400,2024-08-01,15052300.0,2024-05-01,15305300.0,2021-06-01,23289100.0,2021-05-01,23810700.0,2021-04-01,27842000.0,2020-08-01,15128400.0,2020-06-01,22509900.0,2020-03-01,15566700.0
WTM,5192487185.650304,monthly,2026-03-01,427300,2025-12-01,441800,2025-11-01,397400,2025-10-01,725800,2025-09-01,742900,2025-08-01,593200,2025-07-01,544100,2025-06-01,455200,2024-06-01,413500,2022-09-01,494300,2021-12-01,401800,2021-06-01,411000,2021-05-01,453500.0,2021-04-01,438600.0,2021-03-01,1252800.0,2021-02-01,431600.0,2020-10-01,419400.0,2020-06-01,497900.0,2020-04-01,462700.0,2020-03-01,651400.0
SLM,4799432231.044291,monthly,2026-04-01,81990400,2026-03-01,97930300,2025-12-01,78019400,2025-10-01,76838600,2025-03-01,79560500,2023-03-01,76704300,2021-04-01,107734600,2021-03-01,171356800,2021-02-01,122422900,2021-01-01,110215500,2020-11-01,79549400,2020-10-01,86130200,2020-09-01,96197500.0,2020-08-01,87393300.0,2020-07-01,106387100.0,2020-06-01,137267900.0,2020-05-01,80577100.0,2020-04-01,89075400.0,2020-03-01,138937000.0,2020-02-01,82076500.0
ATHM,2316591127.52742,monthly,2026-03-01,18219000,2022-11-01,17180300,2022-06-01,17728900,2022-05-01,14523000,2022-04-01,14889900,2022-03-01,23843700,2022-01-01,18329000,2021-12-01,22214400,2021-11-01,21020100,2021-10-01,15691900,2021-09-01,17311100,2021-08-01,22383100,2021-07-01,17214200.0,2021-06-01,19907900.0,2021-05-01,15424600.0,2021-03-01,26130100.0,2020-07-01,16223300.0,2020-06-01,16624300.0,2020-03-01,17417300.0,2020-02-01,15538000.0
AMRX,5496762163.554273,monthly,2026-03-01,49962400,2026-01-01,71963500,2025-12-01,41427800,2025-11-01,35579700,2025-10-01,35014500,2025-09-01,36618400,2025-08-01,35562900,2025-06-01,38520500,2025-05-01,40161000,2025-04-01,41803300,2025-03-01,40870800,2024-04-01,35740500,2024-03-01,35352400.0,2022-12-01,35690700.0,2022-08-01,34742600.0,2021-03-01,74842100.0,2020-06-01,36502300.0,2020-05-01,44819500.0,2020-04-01,34622600.0,2020-03-01,58943000.0
TCBI,4515574683.342022,monthly,2025-10-01,12588600,2025-07-01,12523600,2025-04-01,14375800,2025-03-01,10960900,2024-01-01,11349700,2023-12-01,11109200,2023-05-01,10969500,2023-03-01,23080200,2022-04-01,13149200,2022-03-01,10985000,2021-09-01,12700800,2021-06-01,12163400,2021-04-01,26193200.0,2021-03-01,33324000.0,2020-10-01,11458400.0,2020-07-01,12407400.0,2020-06-01,26352100.0,2020-05-01,19014500.0,2020-04-01,21024000.0,2020-03-01,21424100.0
DGII,2659890000.910076,monthly,2026-04-01,5428600,2026-03-01,6515700,2026-01-01,5452500,2025-12-01,6746000,2023-12-01,6712500,2023-11-01,5697100,2023-10-01,5816300,2023-08-01,7257500,2023-06-01,7657400,2023-05-01,6496600,2023-03-01,7179300,2022-12-01,5824400,2022-11-01,7727100.0,2022-10-01,9712300.0,2022-09-01,7579800.0,2022-08-01,8497800.0,2022-06-01,5456400.0,2021-03-01,10166300.0,2020-03-01,6803100.0,2020-02-01,6969900.0
VIPS,6208059944.0,monthly,2022-05-01,170762600,2022-04-01,200847300,2022-03-01,247757900,2021-12-01,195566500,2021-11-01,185148800,2021-10-01,161681500,2021-09-01,220046600,2021-08-01,244957100,2021-07-01,199914000,2021-06-01,280423500,2021-05-01,278652900,2021-04-01,341106800,2021-03-01,522308500.0,2021-02-01,181972100.0,2020-11-01,182509300.0,2020-10-01,199273400.0,2020-09-01,166612500.0,2020-08-01,193232900.0,2020-05-01,156545500.0,2020-03-01,212889600.0
DBX,5994905433.904306,monthly,2025-03-01,95553300,2024-06-01,98284900,2024-05-01,114217400,2024-02-01,107406000,2023-06-01,134045400,2021-11-01,111932600,2021-06-01,127656800,2021-05-01,129038500,2021-03-01,212823900,2021-02-01,164602700,2021-01-01,132031000,2020-12-01,180003400,2020-11-01,145044400.0,2020-09-01,107936000.0,2020-08-01,153763900.0,2020-07-01,125563400.0,2020-06-01,160099400.0,2020-05-01,157251900.0,2020-03-01,131511600.0,2020-02-01,169311200.0
BOX,3665573660.555957,monthly,2026-03-01,63024600,2026-01-01,52865300,2025-05-01,59711200,2024-09-01,59847000,2024-03-01,94262400,2023-03-01,53102300,2021-10-01,51733100,2021-09-01,61285700,2021-07-01,52202200,2021-06-01,67389200,2021-05-01,51875900,2021-04-01,67796300,2021-03-01,110803900.0,2021-02-01,55159700.0,2021-01-01,53053200.0,2020-12-01,51965400.0,2020-08-01,51410400.0,2020-06-01,73386100.0,2020-05-01,57129500.0,2020-03-01,69550000.0
TDC,3091184957.844081,monthly,2026-08-01,39968249,2026-05-01,43713184,2026-04-01,34245800,2026-03-01,43935500,2025-12-01,31033900,2025-11-01,38355600,2025-10-01,29610700,2025-03-01,50876900,2025-02-01,28616400,2024-02-01,30590600,2023-08-01,30454400,2021-05-01,29975900,2021-04-01,52574600.0,2021-03-01,30921900.0,2021-02-01,87003600.0,2021-01-01,34172700.0,2020-09-01,28618000.0,2020-06-01,37925400.0,2020-03-01,43406900.0,2020-02-01,32757200.0
WSFS,4026127719.4246817,monthly,2026-04-01,8053900,2026-03-01,10034500,2026-01-01,8401300,2025-12-01,9283200,2025-06-01,7528100,2025-04-01,9054800,2025-03-01,7857800,2024-07-01,7573800,2023-03-01,8290900,2022-06-01,7640100,2022-05-01,8002000,2022-04-01,7612900,2022-03-01,7896500.0,2022-01-01,9378400.0,2021-12-01,13707700.0,2021-03-01,14659900.0,2021-02-01,18532700.0,2020-12-01,8213500.0,2020-06-01,7325700.0,2020-03-01,8605100.0
OSK,9452458472.603483,monthly,2026-05-01,15161875,2026-03-01,14059800,2026-01-01,17223000,2025-12-01,13945200,2025-10-01,19165400,2025-07-01,17562800,2025-06-01,17168800,2025-05-01,15029900,2025-04-01,18436500,2025-03-01,16989300,2025-01-01,14323300,2023-10-01,14203600,2023-08-01,16262000.0,2022-04-01,15802400.0,2021-02-01,23928700.0,2021-01-01,15198500.0,2020-12-01,14515800.0,2020-04-01,15134000.0,2020-03-01,20766600.0,2020-02-01,15258500.0
TR,2946964034.370049,monthly,2025-07-01,4944100,2025-06-01,6401100,2024-09-01,6546989,2024-08-01,6076691,2024-07-01,4948944,2024-06-01,5062244,2023-06-01,6726000,2021-12-01,9416905,2021-06-01,8426800,2021-05-01,6133234,2021-03-01,7260564,2021-02-01,11223049,2021-01-01,18892806.0,2020-12-01,5734581.0,2020-08-01,5175231.0,2020-07-01,6774335.0,2020-06-01,5739916.0,2020-05-01,5070316.0,2020-04-01,5386566.0,2020-03-01,7223671.0
PBH,2340658721.138406,monthly,2026-05-01,13441004,2026-04-01,11418300,2026-03-01,10242900,2025-12-01,9725500,2025-11-01,8667900,2025-10-01,8561400,2025-09-01,12521100,2025-08-01,12808000,2025-07-01,9498800,2025-05-01,8384400,2025-04-01,8250700,2021-02-01,8986500,2021-01-01,20092400.0,2020-11-01,8233900.0,2020-09-01,8616800.0,2020-06-01,11325900.0,2020-05-01,9561300.0,2020-04-01,9660900.0,2020-03-01,19202400.0,2020-02-01,9458100.0
LGND,6084266106.923526,monthly,2025-08-01,6353900,2022-12-01,5638700,2022-03-01,5769037,2021-09-01,11271976,2021-08-01,6974494,2021-06-01,6693167,2021-03-01,9757142,2021-02-01,21306275,2021-01-01,29678105,2020-12-01,11156241,2020-11-01,9720594,2020-10-01,13656921,2020-09-01,10472881.0,2020-08-01,7111552.0,2020-07-01,8363172.0,2020-06-01,13093946.0,2020-05-01,11329683.0,2020-04-01,15879800.0,2020-03-01,26733713.0,2020-02-01,13994351.0
FIZZ,3064578645.8121047,monthly,2025-12-01,8004500,2025-11-01,9001600,2021-12-01,7985900,2021-09-01,8950000,2021-06-01,8981700,2021-04-01,11686300,2021-03-01,21166500,2021-02-01,23580400,2021-01-01,37423000,2020-12-01,15109800,2020-11-01,12254400,2020-10-01,14108800,2020-09-01,15437400.0,2020-08-01,12220200.0,2020-07-01,12169000.0,2020-06-01,10293200.0,2020-05-01,8684000.0,2020-04-01,12075000.0,2020-03-01,21540600.0,2020-02-01,9751400.0
FRHC,7895710452.247326,monthly,2023-08-01,11353400,2023-02-01,6685800,2022-03-01,7213600,2022-02-01,6853400,2022-01-01,15338800,2021-12-01,7713800,2021-11-01,11518000,2021-10-01,6972600,2021-09-01,6021500,2021-08-01,11197600,2021-07-01,9975200,2021-06-01,17891500,2021-05-01,8936100.0,2021-04-01,14638000.0,2021-03-01,18787900.0,2021-02-01,19217500.0,2021-01-01,16984700.0,2020-12-01,22378300.0,2020-11-01,11325400.0,2020-09-01,6551800.0
KNSL,7574521308.562949,monthly,2026-05-01,5386540,2026-04-01,5569900,2026-03-01,5203600,2026-01-01,4400100,2025-12-01,5535800,2025-10-01,7089800,2025-09-01,4276300,2025-07-01,5263500,2025-06-01,4686800,2025-04-01,5028200,2025-02-01,4390200,2024-07-01,4264100,2024-05-01,4145600.0,2024-04-01,5654800.0,2024-01-01,4146500.0,2023-12-01,4285000.0,2023-06-01,6436200.0,2021-03-01,4103500.0,2020-12-01,8668000.0,2020-03-01,4824700.0
JOE,3789043260.008997,monthly,2026-03-01,6241600,2025-12-01,5156600,2025-07-01,5366400,2025-06-01,5740800,2025-04-01,5927100,2025-03-01,6155700,2024-12-01,5949800,2024-11-01,6166700,2023-08-01,5132300,2022-09-01,7650400,2022-06-01,5671700,2022-03-01,5703900,2021-03-01,7377100.0,2021-02-01,6711800.0,2021-01-01,7113400.0,2020-12-01,11882200.0,2020-11-01,6557800.0,2020-10-01,5676900.0,2020-03-01,9337800.0,2020-02-01,5956900.0
FBNC,2628580210.858694,monthly,2026-04-01,4291500,2026-03-01,5351100,2026-01-01,6095100,2025-12-01,4442800,2025-10-01,5319500,2025-09-01,4257900,2025-08-01,5372500,2025-07-01,7218800,2025-06-01,4439300,2025-04-01,4764900,2024-11-01,4380600,2024-07-01,5516400,2023-12-01,4181100.0,2023-06-01,4409500.0,2023-05-01,4216800.0,2023-03-01,8643300.0,2021-12-01,4520300.0,2021-10-01,8585800.0,2021-06-01,5542100.0,2020-11-01,12486400.0
INGR,6148258618.673828,monthly,2026-05-01,14718201,2026-03-01,15449800,2026-01-01,10468600,2025-12-01,16307200,2025-11-01,14232300,2025-10-01,11228800,2025-09-01,12510300,2025-03-01,15491500,2025-02-01,12463800,2024-12-01,10830800,2024-11-01,11248800,2021-03-01,10783600,2021-02-01,11911800.0,2021-01-01,11080700.0,2020-12-01,11331200.0,2020-11-01,20814400.0,2020-05-01,10658700.0,2020-04-01,11226300.0,2020-03-01,15444000.0,2020-02-01,11976700.0
MD,2026768980.2770636,monthly,2026-03-01,20597500,2025-12-01,20595100,2025-11-01,24552300,2025-08-01,19694600,2025-05-01,26883100,2024-06-01,39066600,2024-05-01,24287500,2023-12-01,19517700,2021-03-01,24197100,2021-02-01,20182200,2021-01-01,20303700,2020-12-01,25901100,2020-11-01,43156900.0,2020-10-01,20124700.0,2020-09-01,19079300.0,2020-06-01,33624600.0,2020-05-01,27625300.0,2020-04-01,26381300.0,2020-03-01,39927800.0,2020-02-01,34567300.0
TILE,2074928150.182484,monthly,2026-04-01,12075500,2026-03-01,15145000,2025-09-01,11122700,2025-03-01,14724600,2025-02-01,11431600,2024-12-01,12187400,2024-11-01,11841500,2024-09-01,14110300,2024-08-01,10906400,2024-03-01,10964900,2023-06-01,12786300,2023-03-01,10674900,2021-03-01,11129000.0,2020-12-01,13282000.0,2020-11-01,17102300.0,2020-10-01,14212900.0,2020-09-01,13768000.0,2020-06-01,14374700.0,2020-04-01,10806100.0,2020-03-01,12382600.0
LAD,6661580404.339636,monthly,2026-03-01,7822500,2025-04-01,9235000,2025-03-01,7753800,2025-01-01,8764300,2022-12-01,7920400,2022-11-01,9457200,2022-10-01,12071900,2022-09-01,8376200,2022-05-01,8741600,2022-04-01,7995300,2022-01-01,7966900,2021-11-01,8397400,2021-10-01,8041900.0,2021-06-01,12554200.0,2021-05-01,10546100.0,2021-03-01,7820300.0,2020-10-01,12990500.0,2020-08-01,11339300.0,2020-07-01,8520600.0,2020-03-01,8282500.0
TXNM,6324705956.187685,monthly,2026-05-01,24087751,2026-04-01,24420000,2026-03-01,32065600,2025-12-01,19894600,2025-08-01,23390900,2025-07-01,27483300,2025-06-01,25998000,2025-05-01,45492200,2025-04-01,22237600,2025-03-01,29959100,2024-02-01,28644700,2024-01-01,55395100,2022-10-01,19709900.0,2021-12-01,28470300.0,2021-03-01,27034200.0,2021-02-01,20149400.0,2020-12-01,24370900.0,2020-11-01,30944500.0,2020-10-01,67048500.0,2020-03-01,21081800.0
CNK,3905382494.813717,monthly,2025-12-01,96550400,2025-09-01,82431200,2025-08-01,91347000,2025-07-01,96310600,2025-06-01,94094000,2025-03-01,96188000,2021-11-01,81708500,2021-08-01,122691600,2021-03-01,92835300,2021-02-01,82163500,2021-01-01,142328200,2020-12-01,241831600,2020-11-01,234878500.0,2020-10-01,250938000.0,2020-09-01,165002200.0,2020-08-01,193160700.0,2020-07-01,82934300.0,2020-06-01,116233600.0,2020-04-01,124194200.0,2020-03-01,139481500.0
SSD,8641516469.339727,monthly,2026-04-01,6543300,2026-03-01,5800800,2025-12-01,6122600,2025-10-01,6519400,2025-09-01,5619800,2025-08-01,5604200,2025-07-01,7552200,2025-06-01,6045100,2025-04-01,5905200,2024-07-01,6485700,2024-06-01,11476000,2024-05-01,6024200,2024-04-01,8334700.0,2023-10-01,5857800.0,2022-09-01,6218300.0,2021-03-01,6712000.0,2020-10-01,16141600.0,2020-06-01,6066500.0,2020-04-01,7101900.0,2020-03-01,11325300.0
VNT,4169088205.719789,monthly,2026-05-01,40179718,2023-03-01,26777000,2022-12-01,34742700,2022-11-01,31350500,2022-10-01,27676100,2022-09-01,32388100,2022-06-01,27820800,2022-05-01,33129600,2022-04-01,31477800,2022-03-01,46423700,2022-02-01,43573000,2022-01-01,33365500,2021-12-01,30184500.0,2021-06-01,33933100.0,2021-03-01,73379700.0,2021-02-01,36780400.0,2021-01-01,80488900.0,2020-12-01,36884500.0,2020-11-01,47782900.0,2020-10-01,101425900.0
AGO,3532412191.351341,monthly,2022-06-01,9898600,2022-03-01,10988500,2021-12-01,10989500,2021-10-01,10436700,2021-09-01,9881700,2021-06-01,11577100,2021-05-01,10235200,2021-04-01,10744100,2021-03-01,17108200,2021-01-01,14485600,2020-12-01,14069100,2020-11-01,16105900,2020-10-01,49928900.0,2020-09-01,18605200.0,2020-08-01,16244800.0,2020-07-01,13818000.0,2020-06-01,19596700.0,2020-05-01,17273400.0,2020-04-01,23435100.0,2020-03-01,30421600.0
ENVA,5749406783.575029,monthly,2025-07-01,7922900,2025-04-01,7043000,2022-05-01,7491000,2022-03-01,9383800,2022-02-01,8631700,2021-12-01,7807900,2021-11-01,7882200,2021-05-01,6879100,2021-03-01,11217300,2021-02-01,9326600,2021-01-01,7655200,2020-12-01,7091600,2020-11-01,7578900.0,2020-10-01,11812800.0,2020-08-01,7734700.0,2020-07-01,8067100.0,2020-06-01,8816100.0,2020-05-01,8306500.0,2020-04-01,11626200.0,2020-03-01,11476900.0
STC,2089731917.3779435,monthly,2026-03-01,5839600,2026-01-01,5596100,2025-12-01,5536700,2025-07-01,5374700,2024-07-01,4613000,2024-03-01,5743900,2023-12-01,5954900,2023-10-01,4503200,2023-06-01,4772100,2023-03-01,7113300,2023-02-01,6092900,2023-01-01,4524900,2022-12-01,5313700.0,2022-04-01,4671100.0,2020-12-01,4578200.0,2020-10-01,5497900.0,2020-09-01,7379200.0,2020-08-01,6641700.0,2020-07-01,4736300.0,2020-03-01,4474700.0
HRB,4718014501.486305,monthly,2026-05-01,48762119,2026-03-01,48735400,2023-05-01,57456600,2022-08-01,49550700,2022-05-01,76784900,2022-03-01,55814600,2022-02-01,51045400,2021-06-01,48323400,2021-03-01,56371300,2021-01-01,62754400,2020-12-01,77716700,2020-11-01,48458700,2020-10-01,64953000.0,2020-09-01,153877900.0,2020-08-01,52580800.0,2020-07-01,73809800.0,2020-06-01,88462500.0,2020-04-01,70276300.0,2020-03-01,111629200.0,2020-02-01,56497600.0
PBI,2454198557.321143,monthly,2026-05-01,56303308,2026-04-01,71405800,2026-03-01,71056800,2025-12-01,59014000,2025-11-01,59831800,2025-09-01,63290000,2025-08-01,80117300,2025-07-01,73251700,2025-02-01,58851900,2022-02-01,60712000,2021-09-01,58794000,2021-04-01,57125700,2021-03-01,59156900.0,2021-02-01,71946300.0,2021-01-01,131607900.0,2020-12-01,61755200.0,2020-10-01,60850600.0,2020-08-01,139681400.0,2020-04-01,64058700.0,2020-03-01,78450400.0
BKU,3580300999.799403,monthly,2026-04-01,20117600,2026-01-01,20671300,2025-10-01,29734200,2025-04-01,23093900,2024-07-01,22185000,2024-01-01,21985500,2023-07-01,21511800,2023-06-01,22269100,2023-05-01,28715500,2023-04-01,22369600,2023-03-01,38201300,2022-04-01,23216500,2022-03-01,22069800.0,2020-09-01,21661400.0,2020-08-01,39581500.0,2020-07-01,21310300.0,2020-06-01,35764000.0,2020-05-01,21660400.0,2020-04-01,22349100.0,2020-03-01,28222500.0
GFF,4422460801.748332,monthly,2025-08-01,11483400,2025-04-01,10496400,2024-11-01,11346200,2024-09-01,9925600,2024-08-01,10915800,2024-06-01,12282300,2023-12-01,11583600,2023-09-01,9627500,2023-06-01,11131800,2023-05-01,12904400,2023-04-01,9681000,2023-03-01,12601100,2023-01-01,9910700.0,2022-12-01,10107400.0,2022-06-01,9845100.0,2022-05-01,15119300.0,2020-12-01,10735900.0,2020-11-01,9959600.0,2020-09-01,10152700.0,2020-08-01,15407600.0
FHB,3594727241.0017066,monthly,2026-07-01,23542049,2026-05-01,25562900,2026-04-01,38743500,2026-03-01,34406900,2026-01-01,31647400,2025-12-01,26452100,2025-11-01,27877700,2025-10-01,26277300,2025-08-01,22137900,2025-07-01,25217100,2025-04-01,22684200,2023-05-01,27206000,2023-03-01,27974100.0,2020-10-01,24918700.0,2020-09-01,28443500.0,2020-07-01,62901800.0,2020-06-01,29016100.0,2020-05-01,23637100.0,2020-04-01,28936900.0,2020-03-01,38061800.0
MHK,7299748534.347768,monthly,2026-04-01,20031900,2026-03-01,26194000,2025-12-01,31365600,2025-10-01,17756500,2025-08-01,16965400,2025-07-01,20170500,2025-04-01,17058900,2024-10-01,19031000,2024-07-01,21417100,2024-02-01,17501500,2023-12-01,17914000,2023-11-01,19979800,2023-10-01,17869700.0,2023-07-01,18738000.0,2022-03-01,21303100.0,2020-07-01,46237500.0,2020-06-01,20235400.0,2020-04-01,19922700.0,2020-03-01,26808700.0,2020-02-01,16938300.0
LRN,3704764201.025665,monthly,2026-03-01,18218700,2026-01-01,33178500,2025-12-01,26424400,2025-11-01,36754000,2025-10-01,52564900,2025-09-01,18708400,2025-01-01,19620400,2024-10-01,45036700,2024-01-01,17341300,2023-10-01,18978700,2022-07-01,23355700,2022-06-01,18421400,2021-04-01,20127400.0,2021-01-01,18617200.0,2020-11-01,23682400.0,2020-10-01,28014700.0,2020-09-01,31780700.0,2020-08-01,36716000.0,2020-07-01,52845200.0,2020-03-01,21707500.0
PRK,3331671098.677734,monthly,2026-04-01,1736700,2026-03-01,2500600,2025-12-01,1513700,2025-10-01,1343800,2025-07-01,1790700,2025-03-01,1289300,2024-10-01,1304200,2024-07-01,1754400,2023-12-01,1405300,2023-06-01,1283900,2023-03-01,1667800,2022-12-01,1508300,2021-12-01,1323100.0,2020-09-01,1800300.0,2020-08-01,2276600.0,2020-07-01,4871100.0,2020-06-01,1995600.0,2020-05-01,2637200.0,2020-04-01,1368000.0,2020-03-01,1922000.0
BANF,3848328398.324625,monthly,2026-03-01,3941200,2025-12-01,2963600,2025-09-01,2912900,2025-07-01,3301300,2025-01-01,2738000,2024-09-01,3588500,2023-09-01,2922500,2023-03-01,3348500,2022-10-01,2878400,2022-09-01,3910900,2022-07-01,3140000,2022-06-01,3811700,2022-05-01,3235200.0,2022-04-01,2706200.0,2022-03-01,3468800.0,2021-09-01,3811600.0,2021-06-01,2852700.0,2020-07-01,7370200.0,2020-06-01,3280400.0,2020-03-01,3669900.0
HOG,2651708455.2333074,monthly,2026-04-01,66249500,2026-03-01,89794900,2026-01-01,57470400,2025-12-01,61692400,2025-04-01,56217600,2025-03-01,57556600,2025-02-01,49760400,2024-04-01,50874000,2023-03-01,52696900,2022-02-01,49477300,2021-12-01,57467200,2021-04-01,64470200,2021-02-01,64761000.0,2020-10-01,94133300.0,2020-09-01,59545200.0,2020-07-01,87001800.0,2020-06-01,120805100.0,2020-05-01,106116000.0,2020-04-01,89908200.0,2020-03-01,80784000.0
ARLP,3149567419.9918137,monthly,2025-04-01,12776700,2023-05-01,12466900,2022-09-01,13227200,2022-08-01,15736800,2022-05-01,14312800,2022-04-01,17805600,2022-03-01,17104600,2022-01-01,13317600,2021-10-01,18659200,2021-06-01,12000200,2021-02-01,14661500,2021-01-01,12260400,2020-12-01,13579600.0,2020-11-01,15194100.0,2020-09-01,11818500.0,2020-06-01,25823900.0,2020-05-01,13871500.0,2020-04-01,19147800.0,2020-03-01,20824200.0,2020-02-01,21704700.0
DDS,9027428910.633978,monthly,2022-05-01,6495600,2021-11-01,8065000,2021-09-01,6162300,2021-08-01,6689000,2021-06-01,8088600,2021-05-01,8347000,2021-03-01,7135500,2021-02-01,10147700,2021-01-01,17094000,2020-12-01,7078900,2020-11-01,6034600,2020-10-01,14137400,2020-09-01,9759700.0,2020-08-01,13614500.0,2020-07-01,10567500.0,2020-06-01,24018300.0,2020-05-01,15051500.0,2020-04-01,17851100.0,2020-03-01,11026600.0,2020-02-01,8399600.0
AXS,8015190414.361639,monthly,2026-01-01,13978900,2025-10-01,18834700,2025-09-01,14109900,2025-07-01,16723400,2025-06-01,15400100,2025-03-01,18766900,2025-01-01,14029100,2024-05-01,14526800,2024-04-01,13983400,2024-02-01,14552100,2023-03-01,16447600,2022-10-01,14979400,2022-04-01,13835300.0,2020-09-01,15783600.0,2020-08-01,22485900.0,2020-07-01,21124700.0,2020-06-01,23206900.0,2020-05-01,16512000.0,2020-04-01,20689600.0,2020-03-01,22046300.0
NMIH,3085978246.2614417,monthly,2025-04-01,18203100,2022-06-01,16404000,2022-05-01,15416300,2022-03-01,15147700,2022-02-01,15089500,2022-01-01,15171200,2021-12-01,16113300,2021-05-01,14195200,2021-03-01,21330400,2021-02-01,16416600,2021-01-01,15370300,2020-10-01,16649900,2020-09-01,18801200.0,2020-08-01,18338000.0,2020-07-01,21489200.0,2020-06-01,47608300.0,2020-05-01,24241700.0,2020-04-01,27079500.0,2020-03-01,29022700.0,2020-02-01,19572500.0
UA,2622842931.1544995,monthly,2026-01-01,148138516,2025-12-01,118494323,2025-11-01,92736584,2025-10-01,98705043,2025-09-01,122533574,2025-08-01,152343161,2025-04-01,107124765,2024-09-01,94262626,2023-05-01,91271701,2022-09-01,94127803,2022-06-01,163423957,2022-05-01,156032155,2021-03-01,91889445.0,2020-10-01,93614357.0,2020-09-01,103147866.0,2020-08-01,96901066.0,2020-07-01,124379170.0,2020-06-01,209545934.0,2020-05-01,197542470.0,2020-03-01,121188494.0
GAP,7275174188.693375,monthly,2026-03-01,224671600,2025-05-01,262419400,2025-03-01,249655100,2024-03-01,237819800,2023-11-01,264578500,2023-05-01,237415800,2023-03-01,245643600,2022-11-01,223100900,2022-05-01,255691100,2022-04-01,222828800,2022-03-01,246494000,2022-02-01,228327600,2021-11-01,240358900.0,2020-10-01,228547100.0,2020-08-01,237826100.0,2020-07-01,273448700.0,2020-06-01,520196200.0,2020-05-01,263375100.0,2020-04-01,271909300.0,2020-03-01,253121700.0
FR,8711505508.351915,monthly,2025-10-01,26273900,2025-07-01,33031400,2025-06-01,25997500,2025-04-01,38231000,2025-03-01,26140800,2025-02-01,26294400,2024-10-01,30911600,2024-09-01,28386300,2024-04-01,26435200,2024-02-01,28509000,2023-10-01,25548300,2022-10-01,32119200,2022-09-01,30340900.0,2022-01-01,28072600.0,2021-12-01,26774900.0,2021-05-01,25704400.0,2021-03-01,27708900.0,2020-07-01,26037300.0,2020-06-01,50688100.0,2020-03-01,32060300.0
OPLN,4545087875.0630665,monthly,2022-05-01,33465000,2022-02-01,67134100,2021-12-01,58409200,2021-11-01,45868100,2021-09-01,46244100,2021-05-01,58995000,2021-04-01,35937900,2021-03-01,59191000,2021-02-01,57899700,2021-01-01,35642600,2020-11-01,36351100,2020-10-01,41045900,2020-09-01,35059700.0,2020-08-01,43273700.0,2020-07-01,39461800.0,2020-06-01,69455100.0,2020-05-01,51157800.0,2020-04-01,43748200.0,2020-03-01,63764900.0,2020-02-01,53111100.0
CAKE,3993709694.3711576,monthly,2026-03-01,28512800,2025-10-01,34235100,2025-09-01,27900200,2025-08-01,27963400,2025-07-01,34219100,2025-06-01,27659000,2025-04-01,30960800,2025-03-01,28973500,2025-02-01,37399700,2024-05-01,29532200,2021-07-01,30321100,2021-06-01,33403800,2020-10-01,30228300.0,2020-09-01,31810500.0,2020-08-01,32256000.0,2020-07-01,53102900.0,2020-06-01,110257900.0,2020-05-01,67196300.0,2020-04-01,81043200.0,2020-03-01,83012300.0
WOR,2775405958.6977124,monthly,2025-03-01,12312900,2023-12-01,15858500,2023-11-01,17169357,2023-10-01,8745338,2023-09-01,9906040,2023-03-01,9415063,2022-09-01,8854010,2022-06-01,9433066,2022-03-01,10704227,2021-12-01,9465505,2021-10-01,9083362,2021-09-01,11803618,2021-06-01,11331942.0,2021-03-01,12783468.0,2020-12-01,10870806.0,2020-10-01,10185511.0,2020-09-01,11864931.0,2020-07-01,19261576.0,2020-06-01,21481767.0,2020-03-01,10131821.0
M,6828465744.63502,monthly,2023-11-01,355747900,2022-05-01,366354300,2021-12-01,396933900,2021-11-01,415294400,2021-10-01,335331200,2021-09-01,329431000,2021-08-01,494940600,2021-05-01,348558100,2021-03-01,479058400,2021-01-01,602981000,2020-12-01,565086300,2020-11-01,768485100,2020-10-01,416556100.0,2020-09-01,587434600.0,2020-08-01,502753900.0,2020-07-01,604180100.0,2020-06-01,1211860400.0,2020-05-01,820350700.0,2020-04-01,847276700.0,2020-03-01,615780300.0
SAIC,4662710483.385351,monthly,2026-03-01,16012600,2025-12-01,16581300,2025-10-01,11288300,2025-09-01,13884700,2025-06-01,15804300,2025-05-01,11263400,2025-04-01,14105800,2025-03-01,23602200,2025-02-01,13192900,2025-01-01,11528800,2024-12-01,12467100,2022-03-01,12747700,2021-03-01,13851500.0,2020-09-01,13805900.0,2020-07-01,11498200.0,2020-06-01,25571000.0,2020-05-01,11146100.0,2020-04-01,13363400.0,2020-03-01,15918100.0,2020-02-01,11471400.0
FCN,4554764694.757122,monthly,2026-05-01,10486942,2026-03-01,9862700,2025-10-01,11244700,2025-07-01,8367400,2025-06-01,8297600,2025-05-01,8197600,2025-04-01,10525700,2025-03-01,8466100,2022-10-01,9268500,2021-03-01,12521200,2021-02-01,10314100,2020-12-01,7910700,2020-11-01,11108100.0,2020-10-01,10608300.0,2020-09-01,8232100.0,2020-07-01,9104000.0,2020-06-01,17695800.0,2020-05-01,7557700.0,2020-04-01,8445600.0,2020-03-01,14539600.0
MSA,6580453270.077437,monthly,2026-05-01,4564957,2026-04-01,4866400,2026-03-01,4533900,2026-01-01,4749600,2025-12-01,5935200,2025-10-01,5475600,2025-09-01,5498000,2025-08-01,4784600,2025-06-01,4773400,2025-05-01,4851700,2025-04-01,6031100,2025-03-01,4044600,2024-12-01,4630200.0,2024-09-01,4093600.0,2022-05-01,4208900.0,2020-06-01,9855100.0,2020-05-01,5492600.0,2020-04-01,5263000.0,2020-03-01,7726800.0,2020-02-01,4448900.0
NCLH,9751499117.262154,monthly,2026-03-01,526760400,2022-10-01,521297900,2022-09-01,455068900,2022-06-01,498657200,2022-05-01,485218200,2022-03-01,555298500,2022-02-01,458423300,2021-12-01,570592300,2021-11-01,463944300,2021-03-01,604905100,2020-12-01,500414200,2020-11-01,628436300,2020-10-01,453764800.0,2020-09-01,611045900.0,2020-08-01,684450100.0,2020-07-01,923751000.0,2020-06-01,1721091700.0,2020-05-01,1486704100.0,2020-04-01,706845700.0,2020-03-01,584251700.0
WERN,2564066310.104739,monthly,2026-05-01,18328552,2026-04-01,20936400,2026-03-01,23721300,2026-01-01,22558200,2025-12-01,21554600,2025-10-01,37531900,2025-07-01,20602300,2025-06-01,18438600,2025-05-01,21564800,2025-04-01,24519400,2025-03-01,18496700,2024-06-01,27982500,2022-05-01,19887100.0,2022-04-01,24262200.0,2022-03-01,18273100.0,2020-10-01,18215700.0,2020-09-01,19170000.0,2020-07-01,23899000.0,2020-06-01,44057400.0,2020-03-01,20099200.0
GBCI,6772623634.051181,monthly,2026-04-01,18968100,2026-03-01,23012400,2026-01-01,20890000,2025-12-01,18980300,2025-10-01,26910900,2025-09-01,15555300,2025-08-01,16112800,2025-07-01,17283600,2025-06-01,15654600,2025-04-01,15246200,2025-03-01,15779800,2024-02-01,17080300,2024-01-01,17739500.0,2023-12-01,16102400.0,2023-10-01,16792000.0,2023-07-01,15689400.0,2023-06-01,21444800.0,2023-05-01,18337700.0,2023-03-01,21428600.0,2020-06-01,29482000.0
CRVL,3193037679.629816,monthly,2026-04-01,4313900,2026-03-01,5545300,2026-01-01,3430200,2025-12-01,4129300,2025-10-01,3612600,2025-09-01,4568900,2025-07-01,3524500,2025-04-01,3649800,2023-03-01,4875600,2023-02-01,5007000,2023-01-01,4521300,2022-12-01,4826100,2022-02-01,3652800.0,2021-12-01,3316200.0,2021-06-01,3467400.0,2020-06-01,5867100.0,2020-05-01,5333400.0,2020-04-01,3602400.0,2020-03-01,4884600.0,2020-02-01,3795300.0
NNN,9031080372.024368,monthly,2026-05-01,29624104,2026-04-01,34042500,2026-03-01,32624500,2026-01-01,29181100,2025-12-01,33558400,2025-04-01,36149300,2025-03-01,29898900,2024-02-01,35728300,2024-01-01,29121300,2023-12-01,33473900,2023-11-01,32339300,2023-10-01,40548900,2023-08-01,34138900.0,2023-07-01,32762300.0,2020-12-01,29256600.0,2020-11-01,45179700.0,2020-06-01,54210400.0,2020-05-01,40659500.0,2020-04-01,45008600.0,2020-03-01,46117700.0
HHH,4315031378.237708,monthly,2026-04-01,8884400,2026-03-01,13483900,2025-12-01,9058400,2025-07-01,8780200,2025-06-01,9950400,2025-05-01,16476500,2025-02-01,12555800,2025-01-01,7941000,2024-08-01,8330700,2024-04-01,12227669,2022-11-01,8510117,2022-06-01,9558803,2021-01-01,10990584.0,2020-12-01,9755176.0,2020-09-01,8690021.0,2020-07-01,8897725.0,2020-06-01,20742401.0,2020-05-01,12778289.0,2020-04-01,13063095.0,2020-03-01,13303630.0
MIDD,7838385327.399197,monthly,2025-12-01,18766900,2025-11-01,16118700,2025-08-01,25765000,2025-07-01,17913400,2025-05-01,19857900,2025-04-01,23481800,2025-01-01,18264600,2022-05-01,15453600,2021-04-01,17710900,2021-02-01,15713100,2021-01-01,18736400,2020-12-01,15480900,2020-11-01,15797800.0,2020-09-01,16861400.0,2020-08-01,19498300.0,2020-07-01,16138700.0,2020-06-01,40161100.0,2020-05-01,33012200.0,2020-04-01,33163400.0,2020-03-01,31389900.0
BFH,4294058903.4555073,monthly,2025-04-01,29404300,2024-09-01,26121500,2023-06-01,26126400,2022-11-01,24925100,2022-06-01,27996200,2022-01-01,24793900,2021-06-01,25359718,2021-04-01,23620553,2021-03-01,27744180,2021-02-01,23251545,2021-01-01,27062546,2020-12-01,28338476,2020-11-01,27049639.0,2020-10-01,32669844.0,2020-09-01,27123816.0,2020-07-01,34414647.0,2020-06-01,64514464.0,2020-05-01,46084965.0,2020-04-01,54766375.0,2020-03-01,56967145.0
BCO,3874722792.015024,monthly,2026-04-01,8761600,2026-03-01,13939000,2025-08-01,8046600,2025-05-01,7802200,2025-04-01,8305500,2022-03-01,8117000,2022-01-01,8048700,2021-11-01,9596200,2021-03-01,7823600,2020-12-01,9450300,2020-11-01,13556000,2020-10-01,8883000,2020-09-01,11009000.0,2020-08-01,10293200.0,2020-07-01,17422000.0,2020-06-01,15826200.0,2020-05-01,18225600.0,2020-04-01,12397200.0,2020-03-01,12759500.0,2020-02-01,8583000.0
PLMR,3347968996.897488,monthly,2025-10-01,6244900,2025-09-01,6229600,2025-08-01,9219100,2025-07-01,7227200,2025-06-01,5888300,2025-05-01,6827900,2025-04-01,7484500,2022-12-01,5596300,2021-03-01,7187500,2020-12-01,6910800,2020-11-01,7396500,2020-10-01,9110800,2020-09-01,7691400.0,2020-08-01,5660800.0,2020-07-01,6002400.0,2020-06-01,8703800.0,2020-05-01,9893700.0,2020-04-01,5544800.0,2020-03-01,7195300.0,2020-02-01,5548100.0
HP,3377666077.700676,monthly,2025-09-01,37861000,2025-08-01,50842700,2025-07-01,42311700,2025-06-01,49927300,2025-05-01,47615400,2025-04-01,39997000,2025-02-01,43074800,2024-09-01,39118700,2024-07-01,38913000,2023-03-01,37966300,2022-03-01,42890700,2021-06-01,41440300,2020-11-01,42205900.0,2020-10-01,36801100.0,2020-09-01,39769100.0,2020-07-01,44110900.0,2020-06-01,55668900.0,2020-05-01,94634300.0,2020-04-01,81027000.0,2020-03-01,85503800.0
PENN,2928492776.364239,monthly,2025-01-01,112762900,2024-06-01,163895700,2024-05-01,158290400,2024-04-01,117276700,2024-02-01,139506300,2024-01-01,108343200,2023-11-01,142337200,2023-08-01,176275700,2022-09-01,112569400,2021-11-01,167253100,2021-08-01,114225000,2021-03-01,146541700,2020-10-01,131378900.0,2020-09-01,256148900.0,2020-08-01,177194100.0,2020-07-01,200167100.0,2020-06-01,313411200.0,2020-05-01,403445900.0,2020-04-01,199387300.0,2020-03-01,268241400.0
ESNT,5898704586.193694,monthly,2026-03-01,16625500,2025-07-01,17317300,2025-04-01,15872600,2025-03-01,17974000,2025-02-01,16075100,2025-01-01,15952000,2024-11-01,18202900,2023-03-01,16125700,2022-01-01,17698000,2021-05-01,16495300,2021-04-01,19920400,2021-03-01,25373200,2021-01-01,16699500.0,2020-09-01,15861400.0,2020-07-01,23184900.0,2020-06-01,44821500.0,2020-05-01,48759500.0,2020-04-01,32162500.0,2020-03-01,35072300.0,2020-02-01,16826300.0
KTB,4603634781.005757,monthly,2026-05-01,13521607,2026-03-01,22868800,2026-01-01,15176900,2025-12-01,16404800,2025-09-01,13648600,2025-08-01,18577300,2025-07-01,15337700,2025-05-01,15377900,2025-04-01,15663000,2025-03-01,18463400,2025-02-01,16896500,2024-03-01,16922900,2021-06-01,15930200.0,2020-10-01,14822000.0,2020-08-01,12879500.0,2020-07-01,16475100.0,2020-06-01,29156000.0,2020-05-01,47322900.0,2020-04-01,34130200.0,2020-03-01,22168100.0
LBTYA,3801459432.522994,monthly,2024-11-01,79916396,2024-10-01,68473240,2024-09-01,70261872,2024-07-01,73077876,2024-06-01,93421495,2024-05-01,94211093,2023-11-01,85770656,2023-08-01,106611365,2023-06-01,88106263,2023-05-01,73482185,2022-11-01,80822075,2022-10-01,76779557,2022-09-01,92820758.0,2021-09-01,73918328.0,2021-02-01,73914253.0,2020-12-01,72549340.0,2020-11-01,71000421.0,2020-05-01,126093960.0,2020-04-01,77303821.0,2020-03-01,102320982.0
DPZ,9918978162.26822,monthly,2026-04-01,21559000,2026-03-01,23055500,2025-07-01,16092100,2025-03-01,15642200,2024-07-01,19730700,2024-04-01,15548300,2023-10-01,16921800,2023-07-01,16323900,2023-03-01,20551100,2023-02-01,17788300,2022-10-01,19271300,2022-09-01,17133700,2021-03-01,17831800.0,2020-10-01,19538400.0,2020-07-01,15591600.0,2020-06-01,15605100.0,2020-05-01,26397700.0,2020-04-01,18721200.0,2020-03-01,23845100.0,2020-02-01,25497100.0
STNG,3756943301.662603,monthly,2026-03-01,31816000,2024-01-01,32265200,2023-05-01,30914300,2023-03-01,29872700,2023-02-01,30914300,2023-01-01,37122300,2022-06-01,33736400,2022-05-01,32414800,2021-03-01,35244000,2021-02-01,32604100,2021-01-01,38686100,2020-11-01,31636300,2020-10-01,33176500.0,2020-09-01,38909300.0,2020-08-01,38749000.0,2020-07-01,37563000.0,2020-06-01,44794400.0,2020-05-01,73097600.0,2020-04-01,74479200.0,2020-03-01,47834000.0
SXT,5115937852.331308,monthly,2026-04-01,10548600,2025-11-01,6804600,2025-10-01,10209000,2025-09-01,10827300,2025-08-01,10906400,2025-07-01,10672700,2025-06-01,6994300,2025-04-01,12476500,2023-10-01,6304900,2023-09-01,13073700,2022-02-01,7445400,2021-03-01,6649800,2020-10-01,8718400.0,2020-09-01,7962900.0,2020-07-01,6770100.0,2020-06-01,9937200.0,2020-05-01,11006900.0,2020-04-01,14327400.0,2020-03-01,11436200.0,2020-02-01,7929500.0
RITM,5236916117.339057,monthly,2026-04-01,134741600,2026-03-01,361023600,2026-01-01,194329500,2025-12-01,123594900,2025-10-01,151914100,2025-09-01,129936900,2025-04-01,143483500,2022-12-01,130190400,2022-10-01,124227600,2022-06-01,177972800,2022-05-01,145115000,2022-03-01,120634200,2021-07-01,138171900.0,2021-05-01,115753500.0,2021-04-01,185978000.0,2020-07-01,130673600.0,2020-06-01,185140700.0,2020-05-01,223898600.0,2020-04-01,393104300.0,2020-03-01,377161800.0
CPA,6466568870.687214,monthly,2026-03-01,11751400,2023-08-01,16410900,2023-07-01,16819500,2023-06-01,11035500,2023-05-01,10430800,2022-06-01,10974600,2022-05-01,10852500,2022-03-01,11732200,2021-12-01,11048900,2021-11-01,11610100,2021-03-01,11791500,2021-02-01,10627000,2020-11-01,13149000.0,2020-09-01,11178100.0,2020-08-01,10942300.0,2020-07-01,15730400.0,2020-06-01,19448500.0,2020-05-01,19297400.0,2020-04-01,26579100.0,2020-03-01,19168900.0
BBWI,4607702988.96242,monthly,2026-04-01,123428700,2026-03-01,138501300,2025-12-01,155192800,2025-11-01,204561800,2025-10-01,136502600,2025-09-01,157630200,2025-04-01,124562700,2025-03-01,146901000,2024-11-01,139358900,2024-09-01,167880900,2022-05-01,149234300,2021-05-01,126026426,2021-01-01,133469579.0,2020-08-01,169996581.0,2020-07-01,181066247.0,2020-06-01,212140307.0,2020-05-01,269095622.0,2020-04-01,306302599.0,2020-03-01,304812513.0,2020-02-01,256519661.0
DHT,2842384955.566925,monthly,2026-04-01,73694000,2026-03-01,140908900,2023-10-01,71784700,2023-08-01,56886000,2023-05-01,58417700,2023-02-01,62451100,2022-09-01,62492000,2022-06-01,61139100,2022-03-01,63439200,2021-05-01,56302500,2021-03-01,71828400,2021-02-01,67516500,2020-11-01,60251000.0,2020-09-01,58915400.0,2020-08-01,78478900.0,2020-06-01,78815000.0,2020-05-01,109054100.0,2020-04-01,153242100.0,2020-03-01,130592500.0,2020-02-01,76376300.0
BRX,9956848995.707386,monthly,2026-03-01,58051800,2026-01-01,59451400,2025-12-01,63467300,2025-10-01,55235900,2024-02-01,62041700,2023-10-01,59634800,2023-03-01,57436500,2023-02-01,55977800,2022-03-01,68826100,2022-02-01,57770500,2022-01-01,65026100,2021-03-01,62759800,2020-12-01,55276700.0,2020-11-01,98708800.0,2020-09-01,67540500.0,2020-06-01,85916800.0,2020-05-01,85001300.0,2020-04-01,114651600.0,2020-03-01,97802100.0,2020-02-01,58353700.0
SHAK,2432985090.3924303,monthly,2026-05-01,52789103,2026-03-01,29344000,2026-01-01,33091900,2025-12-01,39205700,2025-10-01,31749000,2025-08-01,29016500,2025-07-01,31276100,2025-05-01,35337100,2025-04-01,32678200,2025-03-01,28365800,2025-02-01,31835700,2021-11-01,27863600,2021-05-01,27925000.0,2020-08-01,30586100.0,2020-07-01,32138700.0,2020-06-01,33316100.0,2020-05-01,33133900.0,2020-04-01,53185300.0,2020-03-01,52818700.0,2020-02-01,40508700.0
FRO,7907565456.012477,monthly,2026-04-01,67252100,2026-03-01,112274300,2026-01-01,69931800,2025-06-01,67471700,2025-01-01,85339300,2024-12-01,68776900,2023-10-01,74549700,2023-06-01,99384400,2023-03-01,72390200,2023-01-01,121819800,2022-12-01,106351500,2022-11-01,83964800,2022-10-01,68514800.0,2022-09-01,83870600.0,2022-08-01,68467600.0,2022-03-01,69033300.0,2020-06-01,106764300.0,2020-05-01,101314800.0,2020-04-01,139021800.0,2020-03-01,85163900.0
TNK,2355435824.892288,monthly,2026-03-01,13471100,2025-10-01,11828200,2025-08-01,13192500,2025-06-01,11818100,2025-05-01,11930300,2025-04-01,12353700,2023-05-01,11576200,2023-03-01,12213200,2022-09-01,13571700,2021-06-01,11996500,2021-03-01,12145100,2021-02-01,13247200,2020-09-01,12063800.0,2020-08-01,16007100.0,2020-07-01,19944400.0,2020-06-01,36058200.0,2020-05-01,32548200.0,2020-04-01,42501400.0,2020-03-01,28584900.0,2020-02-01,14461300.0
BDC,4654591457.068249,monthly,2026-05-01,9069377,2026-04-01,7874700,2026-03-01,8043500,2025-07-01,6860700,2025-03-01,7087500,2024-08-01,6553400,2024-02-01,7274000,2023-11-01,7864900,2023-10-01,9412600,2022-11-01,6568900,2022-06-01,8183100,2022-02-01,7934400,2021-03-01,9375200.0,2020-10-01,6608300.0,2020-09-01,7498100.0,2020-07-01,8386700.0,2020-06-01,9679500.0,2020-05-01,7336300.0,2020-04-01,11096200.0,2020-03-01,10756500.0
BLX,2181900444.171779,monthly,2026-03-01,3601100,2026-01-01,3192900,2025-12-01,3012400,2025-10-01,3132400,2025-04-01,3261100,2025-03-01,3093500,2024-12-01,2983700,2024-07-01,3976500,2024-02-01,2910400,2022-06-01,3070300,2021-12-01,3558100,2021-11-01,3172900,2021-03-01,3151000.0,2020-11-01,2835500.0,2020-08-01,3577000.0,2020-07-01,5029100.0,2020-06-01,3437200.0,2020-05-01,2889200.0,2020-04-01,6630600.0,2020-03-01,5201700.0
PCTY,5694410945.26672,monthly,2026-05-01,13734681,2026-04-01,17201600,2026-03-01,15180100,2026-02-01,12221500,2025-12-01,11952800,2025-11-01,14662300,2025-10-01,12840500,2025-09-01,12251600,2025-08-01,12249600,2025-06-01,12282500,2024-08-01,14152800,2024-06-01,11864600,2024-05-01,15115800.0,2024-02-01,13140700.0,2023-11-01,16390300.0,2023-05-01,13881900.0,2023-03-01,12424100.0,2022-11-01,13291800.0,2020-04-01,24568000.0,2020-03-01,12816900.0
TMHC,6606517021.052237,monthly,2026-06-01,59363212,2026-04-01,31625200,2025-10-01,29927700,2025-07-01,29107400,2023-06-01,27572400,2023-05-01,27589200,2022-10-01,25989500,2022-09-01,28857900,2022-06-01,30970400,2022-03-01,26029300,2021-07-01,27095600,2021-06-01,36907900,2021-01-01,28938200.0,2020-09-01,27552000.0,2020-07-01,35835500.0,2020-06-01,44970200.0,2020-05-01,46907100.0,2020-04-01,53549400.0,2020-03-01,91616700.0,2020-02-01,86662600.0
NVST,4387144637.381381,monthly,2026-05-01,69354603,2026-03-01,53589900,2025-07-01,50510900,2025-05-01,60226000,2025-04-01,65145600,2025-03-01,76084900,2024-08-01,69128200,2024-07-01,52010500,2024-06-01,53916500,2024-02-01,61664300,2023-12-01,56375400,2023-11-01,57298100,2023-10-01,50827800.0,2023-08-01,61568800.0,2023-05-01,52695100.0,2022-03-01,51473200.0,2021-04-01,86102400.0,2020-05-01,71302900.0,2020-03-01,92122300.0,2020-02-01,63401400.0
MSGS,9461618179.754547,monthly,2026-04-01,4447300,2026-03-01,5297000,2025-10-01,4494300,2025-09-01,5179100,2025-08-01,4353300,2025-06-01,4328000,2023-09-01,4452400,2023-08-01,5631700,2023-07-01,7821300,2022-10-01,4746100,2021-03-01,6164300,2021-02-01,4501800,2020-11-01,5646300.0,2020-09-01,5058500.0,2020-08-01,4947500.0,2020-06-01,4261100.0,2020-05-01,5282600.0,2020-04-01,8609476.0,2020-03-01,13985653.0,2020-02-01,6139640.0
DK,2930770252.2153907,monthly,2026-03-01,38706100,2025-11-01,31351900,2025-09-01,46946700,2025-08-01,48971400,2025-07-01,38438500,2025-06-01,33861400,2025-05-01,38295600,2025-04-01,32646300,2025-03-01,35851900,2023-05-01,37213100,2023-03-01,43349400,2022-08-01,32500500,2022-06-01,45069400.0,2022-05-01,32161400.0,2022-03-01,35206100.0,2020-09-01,31713200.0,2020-08-01,33654000.0,2020-06-01,37096100.0,2020-04-01,33541600.0,2020-03-01,94421700.0
PEB,2160817521.783069,monthly,2026-04-01,59160100,2026-03-01,54246700,2026-01-01,45653000,2025-09-01,66041300,2025-07-01,50168000,2025-06-01,50690500,2025-04-01,59257200,2025-03-01,51389300,2024-08-01,44253000,2023-06-01,56499000,2023-03-01,94019800,2023-02-01,45036300,2022-12-01,45497100.0,2022-10-01,47202000.0,2020-09-01,47848000.0,2020-07-01,53340100.0,2020-06-01,78336200.0,2020-05-01,61730700.0,2020-04-01,66444000.0,2020-03-01,108992600.0
ANF,4065945647.4210415,monthly,2025-10-01,46706600,2025-08-01,47122400,2025-05-01,69642000,2025-04-01,55497100,2025-03-01,62560600,2025-01-01,47561700,2023-08-01,53080400,2023-05-01,49835000,2022-08-01,56884800,2022-05-01,62356100,2022-03-01,53513000,2021-08-01,51171200,2020-11-01,52771000.0,2020-09-01,49016700.0,2020-08-01,63519200.0,2020-07-01,53321000.0,2020-06-01,57334600.0,2020-05-01,58796500.0,2020-04-01,50263700.0,2020-03-01,86675800.0
LEA,6855013078.093475,monthly,2026-03-01,14225900,2025-12-01,15129800,2025-09-01,16378500,2025-07-01,16432300,2025-06-01,14738500,2025-04-01,14847400,2025-03-01,19373700,2024-12-01,17864800,2024-10-01,17322400,2024-09-01,14237800,2024-07-01,15044300,2024-06-01,16193100,2024-05-01,18497900.0,2023-10-01,14857800.0,2023-06-01,15660500.0,2023-05-01,13897600.0,2023-03-01,14609600.0,2022-03-01,15219900.0,2020-04-01,15653500.0,2020-03-01,21093300.0
ALRM,2292003388.029045,monthly,2026-04-01,9638600,2026-03-01,9545700,2025-12-01,8526100,2025-09-01,9912500,2025-08-01,8512800,2024-12-01,9402100,2024-11-01,9187600,2024-09-01,10477300,2024-08-01,8633100,2024-06-01,12604300,2024-05-01,10497700,2021-01-01,9805700,2020-12-01,9597100.0,2020-11-01,9047400.0,2020-09-01,8632000.0,2020-08-01,14160700.0,2020-06-01,16303300.0,2020-05-01,17078000.0,2020-03-01,18556100.0,2020-02-01,8641700.0
RVT,2190388680.0,monthly,2026-01-01,10859800,2025-12-01,6682000,2025-07-01,7679300,2025-04-01,7575800,2025-03-01,6714000,2024-12-01,6506800,2023-11-01,6290500,2023-10-01,6148200,2023-06-01,6998300,2022-12-01,6656900,2022-11-01,6414500,2022-10-01,6391500,2022-06-01,6205000.0,2022-05-01,6853900.0,2022-01-01,8158800.0,2021-12-01,7301600.0,2020-11-01,6257200.0,2020-06-01,6622600.0,2020-04-01,9789700.0,2020-03-01,15257400.0
LOPE,3851466819.888275,monthly,2025-12-01,8365500,2025-11-01,8655800,2022-06-01,9312000,2022-05-01,8365600,2022-03-01,8442900,2022-02-01,9505200,2022-01-01,7181700,2021-12-01,9600000,2021-11-01,8739800,2021-10-01,7500200,2021-09-01,6719500,2021-05-01,7737200,2021-03-01,7421500.0,2021-02-01,8961200.0,2020-07-01,6921900.0,2020-06-01,7967100.0,2020-05-01,9075700.0,2020-04-01,8608800.0,2020-03-01,17284000.0,2020-02-01,15712300.0
GATX,6470229782.27129,monthly,2026-04-01,4300700,2026-03-01,4221800,2025-09-01,4451300,2025-05-01,4263300,2025-04-01,5007700,2024-07-01,4398200,2023-03-01,4392500,2022-05-01,4208800,2022-04-01,4972000,2022-03-01,4568300,2021-03-01,5783000,2021-01-01,5074700,2020-12-01,4527500.0,2020-09-01,4642900.0,2020-07-01,6288000.0,2020-06-01,5624000.0,2020-05-01,5554500.0,2020-04-01,8125000.0,2020-03-01,8949300.0,2020-02-01,4753400.0
TKR,9814013881.317688,monthly,2026-05-01,18716393,2026-04-01,14249600,2026-03-01,17319000,2026-01-01,14401100,2025-12-01,14462000,2025-09-01,14852400,2025-07-01,15612900,2025-04-01,20015900,2025-02-01,14406200,2024-11-01,13757200,2023-08-01,16997300,2023-03-01,13390700,2023-02-01,13916300.0,2022-03-01,14213500.0,2021-03-01,14367900.0,2021-02-01,15923600.0,2020-06-01,17007400.0,2020-04-01,14680800.0,2020-03-01,21032500.0,2020-02-01,15700700.0
KBH,3898600474.51581,monthly,2025-03-01,36606500,2023-06-01,42954000,2023-03-01,45618700,2022-10-01,36938000,2022-09-01,43187500,2022-06-01,48291800,2022-05-01,41412000,2022-04-01,54257500,2022-03-01,57521800,2022-01-01,64021000,2021-07-01,36681900,2021-06-01,45450200,2021-03-01,36750700.0,2021-01-01,50094700.0,2020-09-01,38021900.0,2020-07-01,37317000.0,2020-06-01,60342400.0,2020-05-01,43672400.0,2020-04-01,62572900.0,2020-03-01,85210200.0
OLLI,4347196511.976474,monthly,2026-04-01,28954000,2026-03-01,35440900,2025-12-01,32032600,2025-06-01,29957700,2025-04-01,31544500,2024-06-01,29017400,2023-03-01,29387400,2022-12-01,36251900,2022-06-01,39284700,2022-05-01,34318600,2022-04-01,30056400,2022-03-01,39299200,2021-12-01,40431500.0,2021-01-01,37383600.0,2020-12-01,32118700.0,2020-06-01,31804000.0,2020-05-01,34148200.0,2020-04-01,34529100.0,2020-03-01,46716900.0,2020-02-01,34196800.0
ACA,7083157778.252622,monthly,2026-08-01,6575729,2026-03-01,8538400,2025-08-01,6617600,2025-07-01,5898800,2025-04-01,6672400,2025-03-01,8204200,2024-08-01,7144300,2024-04-01,5677100,2023-11-01,5977500,2023-06-01,7066700,2023-03-01,8700200,2022-03-01,7283500,2021-08-01,7218300.0,2021-03-01,8145600.0,2021-01-01,5676100.0,2020-09-01,5978400.0,2020-06-01,7798900.0,2020-05-01,7813000.0,2020-04-01,7954100.0,2020-03-01,9146900.0
PFSI,4469693259.911743,monthly,2026-03-01,15191300,2026-01-01,14324900,2022-10-01,15224100,2022-05-01,15134000,2022-04-01,14139500,2021-11-01,14945500,2021-06-01,16016700,2021-05-01,14730400,2021-04-01,14303100,2021-03-01,25075700,2021-02-01,16158800,2021-01-01,19119800,2020-12-01,15113000.0,2020-11-01,18149300.0,2020-10-01,15714600.0,2020-08-01,17587300.0,2020-06-01,23613400.0,2020-04-01,19654000.0,2020-03-01,32521600.0,2020-02-01,18560600.0
CXT,2798860612.383927,monthly,2023-04-01,20492773,2023-03-01,29980181,2023-02-01,17142717,2023-01-01,20899240,2022-06-01,19110228,2022-03-01,21025626,2022-01-01,18110061,2021-06-01,19209265,2021-03-01,18744018,2021-01-01,19551289,2020-12-01,22613970,2020-11-01,23986390,2020-10-01,26274331.0,2020-09-01,19276633.0,2020-07-01,20153292.0,2020-06-01,31865351.0,2020-05-01,25321669.0,2020-04-01,26304561.0,2020-03-01,37779104.0,2020-02-01,17956037.0
HCC,4291743649.206693,monthly,2026-03-01,19831100,2025-08-01,19428600,2025-07-01,27153100,2025-06-01,20442400,2025-05-01,19355100,2025-04-01,23433200,2025-03-01,20377600,2025-02-01,18941900,2024-03-01,20522400,2024-02-01,19216800,2022-06-01,21120600,2022-05-01,21808600,2022-03-01,24707000.0,2021-11-01,18760800.0,2021-09-01,19385000.0,2021-08-01,21546200.0,2020-05-01,21388200.0,2020-04-01,21674000.0,2020-03-01,31854400.0,2020-02-01,19168200.0
AVT,7084419457.85398,monthly,2026-05-01,18572074,2026-04-01,27827200,2026-03-01,18651200,2026-01-01,26927100,2025-10-01,19606000,2025-09-01,24037100,2025-04-01,23607800,2025-03-01,24772600,2024-12-01,20406800,2022-09-01,20322700,2022-08-01,20742700,2022-06-01,20032000,2022-05-01,19672100.0,2021-03-01,18248600.0,2021-01-01,22958800.0,2020-12-01,18224100.0,2020-07-01,19270000.0,2020-06-01,26147000.0,2020-05-01,22645300.0,2020-03-01,28772400.0
WH,6540560456.563399,monthly,2026-04-01,25667500,2026-03-01,28450000,2026-01-01,27111400,2025-12-01,25323200,2025-11-01,22792700,2025-10-01,29632600,2025-07-01,31198900,2025-06-01,21740700,2025-05-01,22398400,2025-04-01,20509300,2025-03-01,25169300,2023-10-01,24884400,2023-05-01,29030800.0,2023-03-01,23338300.0,2022-09-01,23438600.0,2021-12-01,22669000.0,2020-06-01,29455100.0,2020-05-01,24274500.0,2020-04-01,26429400.0,2020-03-01,43780300.0
EPR,4567507823.363821,monthly,2026-03-01,21966100,2025-10-01,20511300,2025-09-01,22339800,2025-08-01,20472600,2025-07-01,16907700,2025-04-01,18527100,2022-09-01,17071500,2021-02-01,19034300,2021-01-01,26648400,2020-12-01,23406500,2020-11-01,27606100,2020-10-01,27607600,2020-09-01,21681100.0,2020-08-01,20124300.0,2020-07-01,18595500.0,2020-06-01,39631200.0,2020-05-01,39448400.0,2020-04-01,46253900.0,2020-03-01,60212000.0,2020-02-01,17924100.0
KBR,4230980802.7475967,monthly,2026-05-01,33426803,2026-03-01,34501500,2025-12-01,32998600,2025-03-01,35289800,2025-02-01,36900700,2024-11-01,39285900,2023-11-01,44216300,2023-10-01,33651400,2023-06-01,39546800,2022-06-01,48613200,2022-04-01,34865600,2022-03-01,44222500,2021-06-01,34070400.0,2021-04-01,33748900.0,2021-03-01,42080800.0,2020-09-01,33311500.0,2020-06-01,35264100.0,2020-05-01,35350900.0,2020-04-01,33589800.0,2020-03-01,57801400.0
FUL,3402053770.8151736,monthly,2026-04-01,11559500,2026-03-01,16574200,2026-01-01,10872900,2025-09-01,10554900,2025-07-01,10419300,2025-06-01,10029500,2025-04-01,11891200,2025-03-01,13734900,2025-01-01,9161500,2023-01-01,9448600,2022-03-01,10506400,2021-06-01,10311600,2021-03-01,9533000.0,2021-02-01,9422600.0,2021-01-01,10084100.0,2020-09-01,9966300.0,2020-07-01,11445700.0,2020-06-01,12966600.0,2020-04-01,13900500.0,2020-03-01,17641300.0
OII,3992777692.329693,monthly,2026-04-01,25771600,2026-03-01,27443000,2025-04-01,25253000,2023-10-01,24725100,2023-09-01,25541100,2022-10-01,32018600,2022-09-01,25320900,2022-06-01,35271000,2022-03-01,27783000,2021-03-01,30097500,2021-01-01,30067800,2020-11-01,26670600,2020-09-01,29798000.0,2020-08-01,25431500.0,2020-07-01,33215300.0,2020-06-01,36334500.0,2020-05-01,38148400.0,2020-04-01,47304600.0,2020-03-01,72555200.0,2020-02-01,25164200.0
NVG,2703188520.0,monthly,2026-03-01,15507900,2026-01-01,13169300,2025-12-01,16383400,2025-04-01,14244400,2024-12-01,18497800,2024-11-01,13211300,2024-10-01,13317700,2024-08-01,14377800,2024-07-01,15269500,2023-12-01,17863400,2023-11-01,18692400,2023-10-01,16663100,2023-03-01,15060600.0,2023-01-01,14713300.0,2022-12-01,21988400.0,2022-11-01,17736800.0,2022-10-01,18215100.0,2022-06-01,13131200.0,2020-04-01,16043300.0,2020-03-01,28523500.0
KWR,2789571775.639249,monthly,2026-04-01,3778000,2026-03-01,3963600,2025-12-01,2890500,2025-11-01,2771400,2025-09-01,2578200,2025-08-01,3341400,2025-07-01,4300000,2025-06-01,3691900,2025-05-01,3287800,2025-04-01,4105100,2025-03-01,3563400,2025-02-01,2594700,2025-01-01,3282600.0,2024-12-01,3119100.0,2023-06-01,2524700.0,2021-03-01,2543100.0,2020-06-01,2984900.0,2020-05-01,3312400.0,2020-04-01,3218600.0,2020-03-01,4412300.0
HSIC,9677228677.344366,monthly,2026-05-01,30344351,2025-11-01,31503700,2025-10-01,31963100,2025-09-01,32030200,2025-08-01,43339300,2025-07-01,36234200,2025-06-01,32916100,2025-05-01,35988300,2025-03-01,35725100,2025-02-01,50139400,2024-11-01,41706500,2024-09-01,38583500,2024-08-01,54398700.0,2023-11-01,30327400.0,2020-08-01,29313300.0,2020-07-01,30961100.0,2020-06-01,36476900.0,2020-05-01,37871500.0,2020-04-01,34692900.0,2020-03-01,65375900.0
EXG,2900273280.0,monthly,2025-04-01,19522900,2023-03-01,14540900,2022-12-01,15746100,2022-10-01,14234600,2022-06-01,16531900,2022-05-01,17715300,2022-03-01,14083700,2022-02-01,18505500,2022-01-01,18976700,2021-03-01,15216300,2021-02-01,14453600,2021-01-01,14543200,2020-12-01,15069800.0,2020-10-01,17819800.0,2020-09-01,14622800.0,2020-06-01,18698500.0,2020-05-01,15791500.0,2020-04-01,21715300.0,2020-03-01,51672100.0,2020-02-01,21235600.0
ZWS,8488773829.715343,monthly,2025-04-01,29733700,2024-09-01,56325400,2023-11-01,37722800,2023-06-01,39131800,2023-02-01,29633200,2023-01-01,34046400,2022-10-01,32707400,2021-10-01,36946820,2021-09-01,36701605,2021-06-01,42348947,2021-03-01,37480933,2021-02-01,33612102,2021-01-01,38478869.0,2020-09-01,32717757.0,2020-07-01,32738726.0,2020-06-01,41265690.0,2020-05-01,36421344.0,2020-04-01,45265519.0,2020-03-01,61481155.0,2020-02-01,31078758.0
FBP,4077479782.836474,monthly,2026-03-01,37389200,2023-03-01,46715000,2022-10-01,34965700,2022-07-01,35596000,2022-06-01,41394400,2022-05-01,40240000,2022-04-01,45924000,2022-03-01,55155500,2022-01-01,37350500,2021-12-01,41827700,2021-09-01,43873000,2021-07-01,40446200,2021-06-01,49289100.0,2021-03-01,58750700.0,2021-01-01,37828300.0,2020-12-01,34683300.0,2020-11-01,37149000.0,2020-06-01,40938900.0,2020-04-01,39942300.0,2020-03-01,60695200.0
PPLI,3330328455.380818,monthly,2026-05-01,28145400,2025-09-01,28400900,2025-08-01,34048900,2025-03-01,30449400,2024-05-01,45069843,2022-12-01,30627374,2022-11-01,37128911,2022-10-01,31877095,2021-05-01,29162369,2021-03-01,28661897,2020-12-01,27880665,2020-11-01,28449549,2020-09-01,32720126.0,2020-08-01,40654465.0,2020-07-01,97757671.0,2020-06-01,134535978.0,2020-05-01,123018390.0,2020-04-01,117736326.0,2020-03-01,186725462.0,2020-02-01,109407560.0
UNFI,2973305408.757853,monthly,2025-12-01,24680300,2025-10-01,23396100,2025-09-01,25238400,2025-07-01,26186600,2025-06-01,32383300,2024-10-01,22328900,2023-12-01,31174900,2023-06-01,29745700,2023-03-01,27316600,2021-09-01,23149500,2021-06-01,33066500,2021-03-01,37180800,2021-01-01,42076500.0,2020-12-01,39782600.0,2020-10-01,35036400.0,2020-09-01,33258200.0,2020-06-01,46935400.0,2020-05-01,62509500.0,2020-04-01,34336200.0,2020-03-01,62553000.0
SKYW,3938662655.150778,monthly,2025-03-01,12600800,2024-03-01,13267400,2024-02-01,11017900,2023-06-01,19824300,2023-05-01,12223300,2023-03-01,19941100,2023-02-01,14315600,2022-12-01,14121500,2022-10-01,10673500,2022-09-01,17996600,2022-05-01,11210400,2022-04-01,11912900,2022-03-01,20265800.0,2022-02-01,15210100.0,2021-08-01,11007900.0,2020-11-01,10810600.0,2020-06-01,18324800.0,2020-05-01,16158600.0,2020-04-01,14922800.0,2020-03-01,25492400.0
FCPT,2807384559.514788,monthly,2026-04-01,16072300,2026-03-01,15146300,2026-01-01,19273200,2025-12-01,19581700,2025-09-01,15456700,2025-06-01,15898800,2025-04-01,18700700,2025-03-01,21336600,2024-12-01,15702900,2024-09-01,13803200,2024-08-01,14776900,2023-12-01,19029900,2023-10-01,16240300.0,2023-06-01,14235400.0,2022-04-01,18555600.0,2021-01-01,13960100.0,2020-06-01,22520500.0,2020-05-01,15262500.0,2020-04-01,17143600.0,2020-03-01,24892200.0
AB,3353048375.050923,monthly,2026-03-01,8603600,2025-04-01,11554900,2025-03-01,20431300,2025-02-01,19099600,2025-01-01,9814900,2024-12-01,8924300,2023-12-01,11207800,2023-11-01,8562400,2022-12-01,9995100,2022-05-01,10709500,2022-04-01,9157100,2022-02-01,9619700,2021-05-01,8746200.0,2021-03-01,12228200.0,2021-02-01,10951000.0,2020-10-01,13250300.0,2020-06-01,9098800.0,2020-04-01,11199600.0,2020-03-01,25119300.0,2020-02-01,10077400.0
QGEN,8121405721.399845,monthly,2026-08-01,35351242,2026-07-01,32648062,2026-05-01,33960680,2026-04-01,41786500,2026-03-01,46491100,2026-01-01,64250900,2025-08-01,31831000,2025-07-01,32834900,2025-05-01,31928000,2025-04-01,33666700,2024-09-01,30617500,2024-01-01,33844360,2023-10-01,29919813.0,2023-08-01,31596960.0,2022-10-01,32699973.0,2020-08-01,44077292.0,2020-07-01,30377860.0,2020-04-01,27561850.0,2020-03-01,77367868.0,2020-02-01,42145008.0
CMPR,2229594524.994314,monthly,2025-12-01,3794900,2025-10-01,3693100,2025-09-01,4889200,2025-08-01,4582600,2025-07-01,6630100,2025-06-01,5428000,2025-05-01,4667800,2025-04-01,4573400,2025-03-01,5190500,2025-02-01,4868700,2024-08-01,4014100,2024-02-01,5271400,2023-03-01,4442300.0,2022-09-01,3614800.0,2020-07-01,4594500.0,2020-06-01,6283100.0,2020-05-01,5772200.0,2020-04-01,8877300.0,2020-03-01,10981400.0,2020-02-01,5126600.0
UTF,2664957672.0,monthly,2026-04-01,6866000,2026-03-01,7717500,2026-01-01,7716100,2025-12-01,9199600,2025-11-01,7767300,2025-10-01,15415500,2025-09-01,11693800,2025-04-01,6137800,2024-01-01,7172100,2023-12-01,5349700,2023-11-01,5456900,2023-10-01,6500500,2023-09-01,5320400.0,2021-01-01,5242600.0,2020-11-01,6013200.0,2020-06-01,6770300.0,2020-05-01,6580500.0,2020-04-01,10021900.0,2020-03-01,18236100.0,2020-02-01,7232900.0
NMZ,2233366160.0,monthly,2026-05-01,11305427,2026-04-01,9606700,2026-03-01,10362200,2025-12-01,14631600,2025-04-01,11505600,2024-08-01,9793500,2024-07-01,11630900,2023-12-01,11740600,2023-10-01,12261500,2023-09-01,9096500,2022-12-01,13448200,2022-11-01,9050600,2022-10-01,12621000.0,2022-09-01,10637800.0,2022-08-01,9529400.0,2022-07-01,9360100.0,2022-06-01,12350900.0,2022-05-01,13850200.0,2022-04-01,14038900.0,2020-03-01,18495100.0
NAD,2793857850.0,monthly,2026-03-01,20723000,2025-12-01,19685200,2025-09-01,15979100,2025-05-01,17101200,2025-04-01,26986900,2024-12-01,23664900,2024-10-01,18332900,2024-09-01,17011400,2024-05-01,16677000,2023-12-01,20909600,2023-11-01,22156100,2023-10-01,20711700,2023-09-01,17891700.0,2022-12-01,27136900.0,2022-11-01,20491700.0,2022-10-01,17408700.0,2022-06-01,19626700.0,2022-05-01,19216700.0,2022-03-01,17819900.0,2020-03-01,29129700.0
ADX,3004304120.0,monthly,2026-04-01,6962500,2026-03-01,6663300,2026-01-01,6800500,2025-12-01,5489800,2025-11-01,6905000,2025-10-01,5976500,2025-07-01,6689600,2025-06-01,6111400,2025-04-01,6958800,2025-03-01,6345800,2025-01-01,7149800,2024-11-01,7182900,2024-08-01,5847000.0,2023-01-01,6698500.0,2022-12-01,6031900.0,2022-01-01,5928800.0,2021-11-01,5974400.0,2020-04-01,8269700.0,2020-03-01,16385200.0,2020-02-01,7099500.0
KYN,2328865020.0,monthly,2025-04-01,14404600,2024-01-01,15501700,2022-06-01,18531800,2022-05-01,17268400,2022-04-01,15835600,2022-03-01,20643500,2022-01-01,16985900,2021-12-01,18562800,2021-03-01,15795900,2021-01-01,20782200,2020-12-01,28385400,2020-11-01,21170000,2020-10-01,37334400.0,2020-09-01,26621200.0,2020-07-01,17626100.0,2020-06-01,26917200.0,2020-05-01,18439200.0,2020-04-01,38106800.0,2020-03-01,69453300.0,2020-02-01,17766000.0
CACC,6577920732.325349,monthly,2026-04-01,2903200,2026-03-01,5020200,2026-01-01,3246100,2025-11-01,2898400,2025-10-01,3279600,2025-06-01,5120100,2023-01-01,3310600,2021-09-01,4546100,2021-08-01,2977100,2021-06-01,2814600,2021-03-01,2789000,2021-01-01,4251200,2020-11-01,4764100.0,2020-10-01,3635900.0,2020-09-01,4928900.0,2020-08-01,2815900.0,2020-06-01,5428800.0,2020-05-01,5210200.0,2020-04-01,7758100.0,2020-03-01,7955500.0
CMC,7673406490.333379,monthly,2026-03-01,31984400,2026-01-01,28234600,2025-10-01,33937400,2025-04-01,26890100,2025-03-01,30539400,2024-01-01,26254700,2023-10-01,30642000,2023-03-01,31201100,2022-10-01,25628200,2022-06-01,28326300,2022-03-01,35315300,2021-06-01,29305600,2021-03-01,38748400.0,2021-02-01,29015300.0,2021-01-01,30865600.0,2020-12-01,25691900.0,2020-06-01,34569800.0,2020-04-01,28383600.0,2020-03-01,47788400.0,2020-02-01,25613700.0
THO,4098997093.085568,monthly,2026-03-01,19815600,2025-04-01,19684500,2025-03-01,25710400,2023-03-01,20378400,2022-10-01,19924400,2022-09-01,21148000,2022-06-01,24660400,2022-05-01,27018300,2022-04-01,21516900,2022-03-01,26990100,2022-01-01,21154500,2021-12-01,18061900,2021-06-01,22898800.0,2021-03-01,18173700.0,2020-09-01,25972100.0,2020-07-01,18333600.0,2020-06-01,27933800.0,2020-05-01,22612500.0,2020-04-01,21713000.0,2020-03-01,32649900.0
ETY,2226748380.0,monthly,2026-04-01,7392600,2025-04-01,8315800,2024-08-01,7003300,2022-12-01,7437200,2022-01-01,7186400,2021-04-01,6800900,2021-03-01,6777500,2021-02-01,6453800,2021-01-01,6612600,2020-12-01,7610900,2020-11-01,8456200,2020-10-01,8547000,2020-09-01,7623800.0,2020-08-01,6864800.0,2020-07-01,6831100.0,2020-06-01,8351700.0,2020-05-01,6798000.0,2020-04-01,10696000.0,2020-03-01,24153500.0,2020-02-01,9126700.0
CFR,9753009317.462736,monthly,2026-04-01,10554000,2026-03-01,12713800,2026-01-01,11589800,2025-08-01,10914600,2025-04-01,11694000,2025-03-01,10861200,2024-10-01,11647300,2024-07-01,14752800,2023-10-01,11477700,2023-07-01,14175400,2023-06-01,10842200,2023-05-01,14555400,2023-04-01,11563500.0,2023-03-01,21567100.0,2022-09-01,10583900.0,2021-03-01,10350400.0,2020-06-01,10338900.0,2020-05-01,11116300.0,2020-04-01,15928100.0,2020-03-01,23184500.0
VAC,3478952435.814848,monthly,2026-03-01,14458100,2026-01-01,10929800,2025-12-01,17579100,2025-11-01,16210100,2025-07-01,11103200,2025-06-01,14924600,2025-05-01,12488100,2025-04-01,14062700,2025-03-01,12108400,2024-03-01,11257300,2023-12-01,15746100,2023-11-01,16371600,2023-10-01,13210800.0,2023-08-01,10847600.0,2022-06-01,11458700.0,2021-06-01,14385400.0,2021-03-01,11563800.0,2021-02-01,11501200.0,2020-04-01,15304400.0,2020-03-01,20751300.0
CVLT,5800693304.913543,monthly,2026-05-01,10330336,2026-04-01,25147800,2026-03-01,23862500,2026-01-01,22334700,2025-12-01,15410400,2025-11-01,14595400,2025-10-01,20133900,2025-09-01,18120700,2025-07-01,11211700,2025-06-01,11059600,2025-05-01,9552200,2025-04-01,10573500,2025-02-01,9797500.0,2025-01-01,10142200.0,2024-10-01,9599900.0,2023-05-01,9501800.0,2020-05-01,10454500.0,2020-04-01,13142400.0,2020-03-01,25582700.0,2020-02-01,10631300.0
MAT,4062588208.535844,monthly,2026-04-01,97896400,2026-03-01,98529000,2025-12-01,87820100,2025-10-01,109952200,2025-07-01,104329400,2025-05-01,100346000,2025-04-01,113020800,2025-02-01,97719500,2024-07-01,113973500,2023-10-01,84518000,2023-07-01,101076600,2022-11-01,98741100,2022-05-01,88157900.0,2022-02-01,86512900.0,2020-10-01,136430800.0,2020-06-01,92114200.0,2020-05-01,109402800.0,2020-04-01,93707100.0,2020-03-01,162802600.0,2020-02-01,139258600.0
GKOS,8482351661.356948,monthly,2026-04-01,15458200,2026-03-01,15894000,2026-01-01,17959000,2025-11-01,21772700,2025-10-01,32662000,2025-09-01,17753700,2025-08-01,17412800,2025-07-01,23764900,2025-06-01,18628800,2025-05-01,22850200,2025-04-01,22220200,2025-03-01,21591300,2025-02-01,17748000.0,2024-01-01,23109300.0,2023-12-01,17808800.0,2022-09-01,16365600.0,2021-07-01,19996000.0,2020-06-01,16622600.0,2020-05-01,15376100.0,2020-03-01,34254100.0
NGVT,2681592695.0562224,monthly,2026-03-01,8798400,2025-12-01,7472700,2025-11-01,6373100,2025-08-01,7528300,2025-05-01,6266800,2024-11-01,6261800,2024-10-01,9225200,2024-09-01,6087700,2024-08-01,6692500,2023-12-01,6944000,2023-06-01,14152500,2023-05-01,9445100,2023-03-01,7432400.0,2021-03-01,6870100.0,2020-07-01,6460000.0,2020-06-01,9189600.0,2020-05-01,9064400.0,2020-04-01,13487500.0,2020-03-01,17267300.0,2020-02-01,11506800.0
BOKF,8451715114.927775,monthly,2026-04-01,7146300,2026-03-01,8437500,2026-01-01,6435500,2025-12-01,6236900,2025-11-01,6834900,2025-10-01,6052600,2025-07-01,5909400,2025-04-01,5554800,2023-10-01,5717900,2023-03-01,6997000,2022-12-01,6163700,2022-06-01,4954900,2021-03-01,6052000.0,2021-01-01,5765400.0,2020-10-01,5152200.0,2020-07-01,5295100.0,2020-06-01,6077800.0,2020-05-01,5982700.0,2020-04-01,8376400.0,2020-03-01,13359700.0
NJR,5814091715.775308,monthly,2026-03-01,12944000,2025-12-01,13277900,2025-09-01,12802300,2025-08-01,13063800,2025-07-01,13231300,2025-06-01,13063300,2025-05-01,13157600,2025-04-01,14412100,2025-03-01,15400800,2024-02-01,12967200,2023-09-01,12668100,2023-07-01,16710600,2023-06-01,13988200.0,2022-11-01,14352000.0,2022-10-01,12661600.0,2022-01-01,12645300.0,2021-03-01,14553700.0,2020-05-01,12777700.0,2020-04-01,12959600.0,2020-03-01,22404000.0
BHF,3627701426.254783,monthly,2025-12-01,16604000,2025-11-01,43602100,2025-10-01,26171700,2025-09-01,36803200,2025-07-01,20580200,2025-05-01,17588100,2025-04-01,24997100,2025-02-01,17277400,2023-03-01,16623500,2021-03-01,21755700,2021-02-01,17928700,2020-11-01,18924300,2020-10-01,17529100.0,2020-09-01,16901200.0,2020-07-01,17474000.0,2020-06-01,29941200.0,2020-05-01,26319000.0,2020-04-01,32027800.0,2020-03-01,47005300.0,2020-02-01,25319000.0
MAIN,4743411488.787408,monthly,2026-05-01,11866277,2026-04-01,14309500,2026-03-01,21961200,2025-12-01,12284900,2025-10-01,15175100,2025-09-01,12220500,2025-08-01,10969700,2025-07-01,10291900,2025-05-01,14114800,2025-04-01,12684700,2025-03-01,12743100,2025-02-01,10247400,2025-01-01,10180900.0,2024-08-01,9663900.0,2022-06-01,9909800.0,2020-12-01,10177000.0,2020-06-01,10540500.0,2020-05-01,11023200.0,2020-04-01,22955300.0,2020-03-01,31602900.0
GDV,2537691626.0,monthly,2025-04-01,4327400,2024-08-01,4119600,2024-01-01,4677500,2023-10-01,4652900,2022-05-01,4399200,2022-03-01,4043100,2022-02-01,5115300,2022-01-01,4059800,2021-01-01,5126400,2020-12-01,5056200,2020-11-01,5059400,2020-10-01,6066500,2020-09-01,5259500.0,2020-08-01,3980100.0,2020-07-01,5827300.0,2020-06-01,5746500.0,2020-05-01,5231300.0,2020-04-01,7987200.0,2020-03-01,18989200.0,2020-02-01,6845100.0
DRH,2557838070.9242544,monthly,2025-11-01,90925800,2025-10-01,62338500,2025-09-01,63215200,2025-08-01,55928500,2025-07-01,61044100,2025-06-01,66503500,2025-05-01,58688500,2025-04-01,66908900,2025-03-01,60086600,2024-12-01,67268500,2023-05-01,59423400,2023-03-01,64144800,2021-03-01,60459000.0,2020-12-01,76148600.0,2020-11-01,60706900.0,2020-06-01,111234800.0,2020-05-01,80530500.0,2020-04-01,58239700.0,2020-03-01,145083000.0,2020-02-01,55637800.0
MTH,5681712799.13319,monthly,2026-04-01,20016200,2026-03-01,23593900,2026-01-01,21832000,2025-10-01,20300800,2025-08-01,20104000,2025-07-01,28782800,2025-04-01,21260300,2025-03-01,21295900,2025-01-01,20310000,2024-12-01,20289200,2024-07-01,20735200,2024-06-01,20419200,2024-03-01,21436800.0,2023-03-01,21744800.0,2021-02-01,22009200.0,2021-01-01,24691200.0,2020-12-01,20367000.0,2020-07-01,22247600.0,2020-04-01,26148000.0,2020-03-01,35823800.0
ACM,9127697606.46963,monthly,2026-08-01,25807833,2026-05-01,25729173,2026-04-01,23682000,2026-03-01,24981900,2026-01-01,26406600,2025-12-01,32591900,2025-11-01,27459500,2025-04-01,24396700,2023-03-01,24397600,2023-02-01,29229800,2021-03-01,23706100,2020-12-01,30700100,2020-11-01,33735500.0,2020-10-01,32286800.0,2020-09-01,29230900.0,2020-06-01,44454000.0,2020-05-01,35797100.0,2020-04-01,41449100.0,2020-03-01,80735700.0,2020-02-01,37069800.0
PLNT,4189805141.673084,monthly,2026-05-01,69791944,2026-03-01,36252000,2026-01-01,39389800,2025-05-01,38360900,2025-02-01,34808900,2024-08-01,37952700,2024-05-01,42096600,2024-04-01,39073000,2024-03-01,39294100,2023-11-01,34246400,2023-10-01,35396300,2023-09-01,58028100,2023-06-01,47213300.0,2020-11-01,42985000.0,2020-08-01,39706800.0,2020-07-01,40588000.0,2020-06-01,52180300.0,2020-05-01,54100300.0,2020-04-01,60019600.0,2020-03-01,88983100.0
URBN,6297604470.892251,monthly,2025-11-01,56498000,2025-05-01,58057800,2025-04-01,57703700,2025-03-01,46492100,2024-08-01,50723600,2023-05-01,49152600,2022-11-01,46360500,2022-08-01,52165200,2022-06-01,65293900,2022-05-01,56541700,2022-01-01,45872700,2021-08-01,49595300,2021-05-01,45804300.0,2020-11-01,47426900.0,2020-08-01,68034400.0,2020-07-01,49109700.0,2020-06-01,55115600.0,2020-05-01,55571100.0,2020-04-01,47526500.0,2020-03-01,69663000.0
AWR,3236137424.691745,monthly,2026-04-01,8052400,2026-03-01,6212900,2026-01-01,4858600,2025-12-01,5518900,2025-11-01,6485000,2025-10-01,6297700,2025-09-01,6050700,2025-07-01,5288400,2025-04-01,5487000,2025-03-01,5112400,2024-11-01,5089100,2024-05-01,5073200,2024-04-01,5304600.0,2023-07-01,5823300.0,2023-06-01,5455400.0,2021-03-01,5403300.0,2020-08-01,5183300.0,2020-05-01,4995800.0,2020-04-01,5854100.0,2020-03-01,10223600.0
HWC,6040587628.720981,monthly,2026-04-01,17027600,2026-03-01,21699600,2026-01-01,17568700,2025-12-01,16462400,2025-11-01,15630100,2025-10-01,23175300,2025-09-01,18355200,2025-07-01,19868000,2025-06-01,13306800,2025-04-01,18833100,2025-03-01,16359300,2025-01-01,14319200,2024-07-01,13335500.0,2023-10-01,15439500.0,2023-06-01,14118700.0,2023-03-01,19738900.0,2020-06-01,14487500.0,2020-05-01,15936500.0,2020-04-01,17748800.0,2020-03-01,31290200.0
CHDN,6198146190.627649,monthly,2026-05-01,13388296,2026-04-01,21063600,2026-03-01,23747000,2026-01-01,15586200,2025-12-01,15247100,2025-10-01,18815600,2025-09-01,12720000,2025-07-01,14825300,2025-06-01,15569100,2025-05-01,18878300,2025-04-01,22614400,2025-03-01,13199800,2025-02-01,12844800.0,2021-06-01,21966000.0,2020-09-01,12826200.0,2020-07-01,12294600.0,2020-06-01,18115600.0,2020-05-01,17707000.0,2020-04-01,19864000.0,2020-03-01,30194200.0
GEF,3819430987.25872,monthly,2026-03-01,5719000,2025-12-01,6146600,2025-08-01,4721700,2025-07-01,4798000,2025-06-01,5878800,2024-12-01,4587100,2023-03-01,5783900,2022-12-01,5525600,2022-10-01,5925000,2022-09-01,7141500,2022-06-01,6026000,2022-05-01,4767600,2022-03-01,5180500.0,2021-12-01,4890000.0,2021-06-01,4631600.0,2020-12-01,5053500.0,2020-09-01,4903100.0,2020-06-01,5816400.0,2020-04-01,4997800.0,2020-03-01,8022900.0
KFY,3745728647.276464,monthly,2026-04-01,9849300,2026-03-01,15600100,2025-12-01,11628100,2025-10-01,9945000,2025-09-01,10717100,2025-07-01,9365000,2025-06-01,13371900,2025-04-01,10076500,2025-03-01,12455600,2024-12-01,9380400,2024-09-01,10583000,2024-03-01,11679200,2023-06-01,9366800.0,2023-03-01,9228500.0,2022-09-01,10248800.0,2022-03-01,10775900.0,2021-12-01,9877100.0,2020-09-01,9401300.0,2020-06-01,10775500.0,2020-03-01,15997300.0
NXST,5008390197.983194,monthly,2026-03-01,9981300,2025-08-01,9280900,2025-05-01,10223400,2025-04-01,11068100,2025-03-01,14001700,2024-03-01,9417600,2023-09-01,16438000,2023-03-01,11115400,2022-11-01,18933400,2022-03-01,9295100,2022-01-01,9267700,2021-06-01,8848500,2021-03-01,12543400.0,2021-02-01,9858100.0,2020-11-01,10694400.0,2020-06-01,11427500.0,2020-05-01,12634900.0,2020-04-01,15226500.0,2020-03-01,26346600.0,2020-02-01,11048200.0
DOX,5590464705.346702,monthly,2026-04-01,18548200,2026-03-01,27010000,2026-01-01,18481100,2025-12-01,25330900,2025-11-01,24159900,2025-10-01,19769200,2025-09-01,17412200,2025-08-01,20038400,2024-06-01,17268800,2024-05-01,19425800,2023-11-01,17480800,2023-10-01,18090200,2021-04-01,20402000.0,2021-03-01,25666600.0,2021-02-01,19284300.0,2020-07-01,18007500.0,2020-06-01,20887400.0,2020-04-01,22062900.0,2020-03-01,29610600.0,2020-02-01,18299500.0
CSQ,3242681400.0,monthly,2026-03-01,7422000,2026-01-01,5485200,2025-04-01,6436000,2022-09-01,5983200,2022-07-01,5777300,2022-06-01,5878400,2022-05-01,7288600,2022-03-01,5472700,2022-01-01,6334900,2021-05-01,5699700,2021-01-01,5760400,2020-11-01,5784100,2020-10-01,6082400.0,2020-09-01,6291300.0,2020-07-01,5792200.0,2020-06-01,7334700.0,2020-05-01,7368300.0,2020-04-01,10770500.0,2020-03-01,21857800.0,2020-02-01,8063800.0
AIR,5691857494.433037,monthly,2026-04-01,8021500,2026-03-01,13066700,2026-01-01,13312100,2025-10-01,13036600,2025-09-01,11187200,2025-07-01,10888100,2024-09-01,7768100,2024-04-01,8650000,2022-06-01,8040000,2022-04-01,9002600,2022-03-01,9830700,2021-12-01,8030700,2021-06-01,8418700.0,2020-12-01,8506300.0,2020-09-01,7915400.0,2020-07-01,8260800.0,2020-06-01,13648100.0,2020-05-01,7898000.0,2020-04-01,8740900.0,2020-03-01,14074600.0
AOS,8506783091.154589,monthly,2026-04-01,34053400,2026-03-01,33340800,2026-01-01,29064100,2025-10-01,28972600,2025-07-01,36892600,2025-06-01,32501900,2025-05-01,38471200,2025-04-01,36814000,2025-03-01,29679300,2025-01-01,29246300,2023-01-01,29207200,2022-10-01,28792200,2022-01-01,27664700.0,2021-03-01,29578400.0,2021-01-01,27959900.0,2020-06-01,28779100.0,2020-05-01,34371100.0,2020-04-01,36138700.0,2020-03-01,70800800.0,2020-02-01,37552800.0
RHP,8338628342.997249,monthly,2026-08-01,14221273,2026-04-01,11668900,2025-10-01,13723200,2025-09-01,13151500,2025-08-01,13844800,2025-07-01,11985300,2025-06-01,13865300,2025-05-01,18037000,2025-04-01,22581000,2025-03-01,31771800,2023-06-01,16787500,2021-07-01,11934100,2021-03-01,13825100.0,2020-11-01,13742000.0,2020-08-01,12647300.0,2020-07-01,14824600.0,2020-06-01,25295100.0,2020-05-01,17954100.0,2020-04-01,27460100.0,2020-03-01,32604000.0
MSM,6598499195.670772,monthly,2026-04-01,13685600,2026-03-01,15253500,2026-01-01,17227900,2025-12-01,12787300,2025-11-01,11740600,2025-10-01,14879400,2025-07-01,17402600,2025-04-01,15552800,2025-03-01,12465700,2025-01-01,16499300,2024-12-01,12198800,2024-11-01,12727500,2024-10-01,15761000.0,2024-09-01,13388100.0,2024-07-01,16746300.0,2024-06-01,15654900.0,2022-03-01,12637500.0,2020-07-01,13618100.0,2020-04-01,13923000.0,2020-03-01,20197900.0
GPI,3590160952.158633,monthly,2026-03-01,4432100,2025-10-01,6601600,2025-04-01,4238500,2025-03-01,4351700,2022-12-01,4665500,2022-10-01,5481300,2022-09-01,4627600,2022-03-01,5213200,2021-07-01,4715000,2021-06-01,4322700,2021-01-01,4451400,2020-12-01,4367400,2020-10-01,6479300.0,2020-08-01,4977800.0,2020-07-01,6172900.0,2020-06-01,6809900.0,2020-05-01,6090200.0,2020-04-01,7218900.0,2020-03-01,10383300.0,2020-02-01,5335600.0
AMG,9032404980.344744,monthly,2026-04-01,7407200,2026-03-01,8194900,2026-01-01,7695700,2025-12-01,9605500,2024-06-01,6883400,2023-03-01,8247000,2021-05-01,7145900,2021-03-01,11216300,2021-02-01,11021000,2021-01-01,7224400,2020-12-01,7577700,2020-11-01,7406300,2020-10-01,9361000.0,2020-09-01,9624900.0,2020-07-01,8605700.0,2020-06-01,10565300.0,2020-05-01,8641800.0,2020-04-01,11478500.0,2020-03-01,21613000.0,2020-02-01,13333900.0
UHS,8817726422.19784,monthly,2026-03-01,17702300,2025-12-01,15846700,2025-08-01,15943500,2025-07-01,22629700,2025-06-01,19535200,2025-04-01,18487500,2025-03-01,22608700,2024-10-01,19760700,2024-07-01,19230200,2024-04-01,16321500,2023-03-01,16818100,2022-12-01,15784600,2022-10-01,17384900.0,2022-07-01,16484800.0,2022-06-01,22973000.0,2022-04-01,17232000.0,2020-09-01,16708300.0,2020-07-01,15981800.0,2020-06-01,19312400.0,2020-03-01,30546800.0
PRI,8852827776.9034,monthly,2026-04-01,4069200,2026-03-01,4378200,2026-01-01,4196700,2025-12-01,5150800,2025-09-01,4469600,2025-04-01,4041300,2025-03-01,4155000,2024-06-01,4222400,2024-04-01,5916600,2023-03-01,5377200,2022-05-01,4283700,2022-03-01,4210000,2022-02-01,4923000.0,2020-10-01,4292100.0,2020-09-01,5268100.0,2020-06-01,4355200.0,2020-05-01,4227300.0,2020-04-01,6033200.0,2020-03-01,9608300.0,2020-02-01,4232800.0
TNL,4871382744.931795,monthly,2026-04-01,20441200,2025-10-01,17381800,2025-07-01,17520000,2025-04-01,19231400,2023-10-01,17899700,2023-03-01,19319000,2022-10-01,21545700,2022-09-01,22442800,2022-06-01,18528200,2022-05-01,17161500,2022-04-01,19604300,2022-03-01,18314800,2021-03-01,18723200.0,2020-09-01,18606400.0,2020-08-01,19702200.0,2020-07-01,22911300.0,2020-06-01,34511600.0,2020-05-01,26362500.0,2020-04-01,34218300.0,2020-03-01,36036800.0
MHO,4171187810.302155,monthly,2025-07-01,7234100,2024-12-01,6618900,2024-09-01,9160800,2023-12-01,7921200,2023-08-01,7053200,2023-07-01,7417900,2023-06-01,7322300,2023-03-01,7527800,2023-02-01,6585900,2022-03-01,7397400,2022-02-01,7032900,2022-01-01,7281300,2021-12-01,7208300.0,2021-11-01,7731900.0,2021-09-01,6743400.0,2021-06-01,7038000.0,2020-10-01,6583200.0,2020-06-01,7193800.0,2020-04-01,9045400.0,2020-03-01,10654400.0
MUSA,9721675777.699732,monthly,2026-04-01,7715000,2026-03-01,8598200,2025-10-01,7874700,2025-07-01,6937600,2025-06-01,7145700,2025-05-01,8201900,2023-06-01,7877100,2023-03-01,7128800,2023-02-01,6886000,2022-10-01,7831900,2022-09-01,6915700,2022-07-01,7083700,2022-06-01,7928000.0,2022-05-01,7873000.0,2022-03-01,7089100.0,2021-03-01,8242400.0,2020-07-01,7839000.0,2020-06-01,9180000.0,2020-04-01,8446500.0,2020-03-01,16274600.0
BYD,6667414667.609504,monthly,2025-07-01,33032000,2022-09-01,25476200,2022-06-01,27327500,2022-03-01,29373600,2022-02-01,25565400,2021-09-01,27462300,2021-07-01,26214800,2021-06-01,33464800,2021-05-01,25051800,2021-03-01,28675300,2020-11-01,25089000,2020-10-01,35790900,2020-09-01,33206200.0,2020-08-01,29520900.0,2020-07-01,52926800.0,2020-06-01,63570300.0,2020-05-01,59793000.0,2020-04-01,51611500.0,2020-03-01,72560100.0,2020-02-01,26651200.0
THG,7438540460.668434,monthly,2026-04-01,6120400,2026-03-01,6657400,2026-01-01,8366000,2025-12-01,5522100,2025-10-01,5385000,2025-09-01,5065000,2025-07-01,6269700,2025-05-01,4730300,2025-04-01,6404100,2025-03-01,5445600,2025-02-01,5088700,2024-07-01,4739900,2021-03-01,6049900.0,2020-10-01,5038700.0,2020-09-01,5560100.0,2020-07-01,6638100.0,2020-06-01,6422900.0,2020-05-01,5621200.0,2020-04-01,5931300.0,2020-03-01,8759600.0
GVA,7016532985.699777,monthly,2026-05-01,14451387,2026-03-01,14456300,2026-01-01,12725700,2025-12-01,14774300,2025-11-01,14011400,2025-10-01,17944000,2025-08-01,14069800,2025-05-01,13212900,2025-04-01,14261800,2025-03-01,17224900,2025-02-01,12170100,2024-12-01,13022100,2024-11-01,12591000.0,2024-10-01,15923300.0,2024-07-01,19595400.0,2024-06-01,12912900.0,2023-05-01,12613000.0,2020-04-01,17580300.0,2020-03-01,29146100.0,2020-02-01,14829500.0
EXP,7224289976.967254,monthly,2026-03-01,10290300,2026-01-01,10147800,2025-12-01,9443000,2025-11-01,8585400,2025-07-01,9649900,2025-06-01,8881400,2025-05-01,8920400,2025-04-01,9382800,2025-03-01,8558500,2024-07-01,8956600,2022-06-01,9899900,2022-03-01,11243900,2021-09-01,9093100.0,2021-06-01,11080900.0,2021-05-01,9861600.0,2021-03-01,8897400.0,2020-06-01,10763100.0,2020-05-01,9184100.0,2020-04-01,9590300.0,2020-03-01,12122600.0
AXTA,7383647408.940397,monthly,2026-03-01,70166600,2026-01-01,71895100,2025-12-01,78939500,2025-11-01,89908700,2025-10-01,101651100,2025-09-01,67443200,2025-07-01,66825900,2023-08-01,60092800,2023-03-01,97095900,2022-03-01,72493800,2021-09-01,60543300,2021-07-01,70106500,2021-06-01,60025600.0,2021-05-01,85271100.0,2021-04-01,69582300.0,2021-03-01,60582400.0,2020-10-01,73402000.0,2020-09-01,62798900.0,2020-04-01,62302100.0,2020-03-01,107136600.0
AVNT,3476732427.896216,monthly,2026-03-01,18220300,2026-01-01,19211500,2025-12-01,16843500,2025-11-01,15339200,2025-08-01,15114000,2025-07-01,17003700,2025-06-01,14404800,2025-04-01,17168000,2025-03-01,13932700,2022-12-01,12790500,2022-11-01,16456900,2022-10-01,13079500,2022-09-01,16470700.0,2021-03-01,17323900.0,2020-10-01,15642200.0,2020-06-01,20747300.0,2020-05-01,14024100.0,2020-04-01,22098500.0,2020-03-01,33573900.0,2020-02-01,25603600.0
ALSN,9939047784.87761,monthly,2026-07-01,21095197,2025-12-01,21992500,2025-08-01,21410500,2025-07-01,20105300,2022-08-01,24543200,2022-01-01,21633700,2021-12-01,26975400,2021-11-01,22181200,2021-09-01,24080700,2021-06-01,20586300,2021-04-01,20103700,2021-03-01,25692900,2021-02-01,27710400.0,2020-11-01,23783000.0,2020-10-01,29077400.0,2020-09-01,29862300.0,2020-06-01,22139600.0,2020-04-01,23229500.0,2020-03-01,39929200.0,2020-02-01,23182800.0
BRSL,2060704369.5483868,monthly,2025-07-01,70359400,2025-05-01,49077800,2022-05-01,52271100,2022-03-01,54830300,2021-11-01,50869200,2021-08-01,47806700,2021-05-01,54330100,2021-03-01,68189300,2021-02-01,47863800,2021-01-01,46263900,2020-12-01,55275500,2020-11-01,57494200,2020-10-01,49105100.0,2020-09-01,57153500.0,2020-08-01,45963300.0,2020-07-01,57703200.0,2020-06-01,86680900.0,2020-05-01,67745400.0,2020-04-01,61884600.0,2020-03-01,121428200.0
ABCB,6123617826.042242,monthly,2026-04-01,12091600,2026-03-01,13497700,2026-01-01,10132700,2025-12-01,10023400,2025-10-01,10566300,2025-07-01,9997000,2025-04-01,11682800,2025-03-01,10988300,2023-12-01,9752000,2023-06-01,10579700,2023-05-01,9880200,2023-03-01,15349800,2022-04-01,11968800.0,2022-03-01,12263300.0,2022-01-01,9774300.0,2021-12-01,9624700.0,2021-03-01,12642400.0,2020-06-01,10845100.0,2020-05-01,9682700.0,2020-03-01,15473500.0
NEA,3453935100.0,monthly,2026-03-01,22308000,2025-12-01,24059500,2025-07-01,21271800,2025-05-01,23477900,2025-04-01,33520700,2024-12-01,30862900,2024-10-01,24414300,2024-09-01,21788200,2024-08-01,24924100,2023-12-01,28073600,2023-11-01,22124200,2023-10-01,22842500,2023-09-01,25366500.0,2023-01-01,24126000.0,2022-12-01,33542600.0,2022-11-01,27390000.0,2022-10-01,24493100.0,2022-09-01,21734000.0,2022-05-01,25589000.0,2020-03-01,37301300.0
OMF,6982690695.202538,monthly,2026-03-01,38356800,2025-10-01,28778400,2025-07-01,27260400,2025-04-01,33837900,2025-03-01,27510200,2023-03-01,32950600,2023-02-01,29152700,2023-01-01,29229000,2022-10-01,32548200,2022-09-01,33284000,2022-06-01,28645500,2022-05-01,31267500,2022-03-01,33507300.0,2021-12-01,29328700.0,2021-11-01,29445000.0,2021-10-01,39748200.0,2021-08-01,35676700.0,2021-02-01,39602300.0,2020-04-01,35691700.0,2020-03-01,40615400.0
VOYA,8263327782.604023,monthly,2026-04-01,28943000,2023-04-01,32057800,2023-03-01,60268700,2023-02-01,32807000,2023-01-01,30276000,2022-02-01,28944800,2022-01-01,31329100,2021-12-01,63829300,2021-11-01,45492900,2021-08-01,30944800,2021-06-01,30718300,2021-03-01,31026200,2021-02-01,29353400.0,2020-11-01,30839500.0,2020-10-01,28989400.0,2020-09-01,28790300.0,2020-06-01,32863500.0,2020-04-01,31046800.0,2020-03-01,65240300.0,2020-02-01,31433000.0
IBOC,4838944304.723736,monthly,2026-04-01,6925700,2026-03-01,11934600,2025-12-01,6861900,2025-04-01,6409500,2025-03-01,7999000,2025-01-01,5964000,2024-12-01,6177000,2024-03-01,5788400,2023-12-01,6550500,2023-03-01,9376600,2022-12-01,5963100,2022-11-01,5499800,2022-09-01,7106900.0,2022-03-01,7811200.0,2022-01-01,5378300.0,2021-03-01,6391100.0,2020-06-01,7850600.0,2020-05-01,5679700.0,2020-04-01,6408500.0,2020-03-01,12515500.0
FAF,6833414484.931663,monthly,2026-04-01,20856900,2026-03-01,23262100,2026-01-01,21989900,2025-07-01,34940300,2025-06-01,22568300,2025-05-01,18945000,2025-04-01,21201500,2023-12-01,17748100,2023-03-01,20285000,2022-04-01,20721700,2022-03-01,19294100,2021-03-01,27226500,2020-11-01,18474300.0,2020-10-01,18613300.0,2020-09-01,17656300.0,2020-07-01,19867400.0,2020-06-01,20006500.0,2020-05-01,18044200.0,2020-04-01,27352300.0,2020-03-01,41948200.0
CHH,5128251762.370211,monthly,2026-04-01,13716300,2026-03-01,13100500,2026-01-01,16512400,2025-12-01,17760100,2025-11-01,12424500,2025-10-01,11367000,2025-05-01,9820200,2024-07-01,11321000,2024-05-01,12110600,2024-04-01,12863000,2024-03-01,15921800,2023-12-01,11129900,2023-11-01,10628900.0,2023-10-01,13797200.0,2023-08-01,10659600.0,2023-05-01,13864200.0,2022-10-01,10024500.0,2022-09-01,11107200.0,2022-08-01,9753000.0,2020-03-01,18368000.0
EVT,2026818732.0,monthly,2025-05-01,2980400,2025-04-01,3729700,2025-03-01,3401900,2023-12-01,3452800,2023-11-01,3940800,2023-10-01,2944400,2022-01-01,3531400,2021-03-01,3640100,2021-01-01,3142700,2020-12-01,3293800,2020-11-01,4010800,2020-10-01,4095500,2020-09-01,3150100.0,2020-08-01,3317500.0,2020-07-01,3672600.0,2020-06-01,3810800.0,2020-05-01,3845600.0,2020-04-01,6590300.0,2020-03-01,11362900.0,2020-02-01,3782300.0
NFG,7455524375.893347,monthly,2026-05-01,13613628,2026-04-01,15661200,2026-03-01,18837800,2026-01-01,17868800,2025-12-01,13269600,2025-10-01,13953900,2025-07-01,15977700,2025-04-01,15296200,2025-03-01,14436500,2025-01-01,13877600,2024-02-01,16081500,2023-07-01,17070800,2023-01-01,12905400.0,2022-04-01,13209000.0,2022-03-01,14251900.0,2020-07-01,12784800.0,2020-06-01,18747100.0,2020-05-01,16009000.0,2020-04-01,17573900.0,2020-03-01,22938100.0
BATRA,3309637776.54351,monthly,2026-04-01,1697100,2025-06-01,1669300,2025-04-01,1402700,2023-12-01,1371000,2023-08-01,2153500,2023-07-01,2397400,2023-03-01,3752800,2022-05-01,1430100,2022-04-01,1871800,2022-03-01,1425400,2021-11-01,1815600,2020-12-01,1416300,2020-10-01,1431200.0,2020-09-01,1803800.0,2020-08-01,1334900.0,2020-07-01,2220800.0,2020-06-01,1991900.0,2020-05-01,1775500.0,2020-04-01,2676200.0,2020-03-01,3963200.0
UTG,3638866686.0,monthly,2026-01-01,6380300,2025-10-01,7664900,2025-04-01,8627200,2025-03-01,6704300,2025-01-01,6593500,2024-10-01,6311400,2024-09-01,7519100,2024-08-01,9693700,2024-07-01,9149100,2024-05-01,6508400,2024-04-01,6257000,2024-02-01,7457900,2024-01-01,6574800.0,2023-12-01,6172900.0,2023-10-01,7142800.0,2023-08-01,6243800.0,2022-10-01,6596900.0,2022-06-01,6161000.0,2020-06-01,8970300.0,2020-03-01,11059500.0
FCFS,9313104629.318892,monthly,2026-04-01,7682500,2026-03-01,7830200,2025-10-01,7500600,2025-09-01,6130400,2025-08-01,6437600,2025-07-01,7464500,2025-06-01,6085000,2025-04-01,9587800,2024-10-01,6342600,2024-08-01,6106100,2024-07-01,7218400,2024-04-01,6126200,2022-03-01,9351200.0,2021-12-01,6612300.0,2021-11-01,7539500.0,2021-01-01,8525000.0,2020-10-01,6239000.0,2020-07-01,7378700.0,2020-06-01,7735500.0,2020-03-01,10758600.0
MUR,4962762334.189318,monthly,2026-03-01,71949400,2026-01-01,61015800,2025-06-01,61740100,2025-05-01,59198700,2025-04-01,77071000,2025-03-01,75128800,2021-06-01,72394200,2021-05-01,55210700,2021-03-01,88251100,2021-02-01,71300100,2021-01-01,111595900,2020-12-01,97271000,2020-11-01,91702400.0,2020-10-01,101488000.0,2020-09-01,132624200.0,2020-07-01,62137900.0,2020-06-01,100693400.0,2020-05-01,96931400.0,2020-04-01,151747600.0,2020-03-01,156397100.0
VIRT,9415292453.189682,monthly,2026-04-01,29868200,2024-09-01,27787800,2024-07-01,33436200,2024-06-01,46037400,2023-03-01,32504200,2023-01-01,28342500,2022-06-01,40571300,2022-05-01,28271500,2022-04-01,30543700,2021-08-01,32087600,2021-06-01,38681100,2021-05-01,31541000,2021-03-01,34863400.0,2021-02-01,38925000.0,2021-01-01,30065600.0,2020-09-01,42689600.0,2020-08-01,36185700.0,2020-06-01,34164200.0,2020-05-01,30961000.0,2020-03-01,46829600.0
EEFT,2681628654.44587,monthly,2026-04-01,15539300,2026-03-01,14220600,2025-12-01,18010300,2025-11-01,17684100,2025-10-01,19530900,2025-09-01,17902700,2025-08-01,17817000,2025-04-01,11763100,2023-10-01,13443900,2023-08-01,11478300,2023-07-01,11755300,2022-03-01,14231200,2022-02-01,11805900.0,2022-01-01,18907900.0,2021-11-01,12021300.0,2020-06-01,16729900.0,2020-05-01,11609700.0,2020-04-01,16316200.0,2020-03-01,25724400.0,2020-02-01,15205800.0
CNX,4772039538.321333,monthly,2025-01-01,87659000,2023-03-01,77198800,2022-10-01,73517000,2022-08-01,74108300,2022-06-01,86615600,2022-03-01,87161800,2021-10-01,72458600,2021-03-01,91818000,2021-01-01,80475600,2020-12-01,95787700,2020-11-01,82520700,2020-10-01,98537600,2020-09-01,113333200.0,2020-08-01,81901400.0,2020-07-01,94819400.0,2020-06-01,90678500.0,2020-05-01,94247500.0,2020-04-01,144063300.0,2020-03-01,174242600.0,2020-02-01,97772800.0
POST,4052292516.070804,monthly,2026-03-01,17393500,2026-01-01,15276800,2025-12-01,17979800,2025-11-01,16542100,2025-09-01,15724900,2025-08-01,15681900,2025-07-01,15177400,2024-02-01,14667800,2024-01-01,16883700,2023-12-01,14540600,2023-11-01,15582200,2023-08-01,14960500,2022-03-01,19498735.0,2021-04-01,14857352.0,2020-11-01,14586593.0,2020-09-01,18037275.0,2020-06-01,19702950.0,2020-05-01,14542737.0,2020-03-01,28444791.0,2020-02-01,22448612.0
NHI,3758931928.659382,monthly,2026-05-01,7251075,2026-04-01,6550500,2026-03-01,7798200,2025-06-01,6960500,2023-03-01,6538800,2022-09-01,6698100,2022-06-01,7892600,2021-12-01,7383700,2021-11-01,6706800,2021-09-01,7438000,2021-08-01,6574800,2021-06-01,9147900,2021-05-01,7229000.0,2021-03-01,8573200.0,2020-11-01,6579700.0,2020-10-01,7181100.0,2020-06-01,8895600.0,2020-05-01,7565800.0,2020-04-01,9310000.0,2020-03-01,14372100.0
MCRI,2376127632.8939075,monthly,2026-04-01,3513000,2026-03-01,2894000,2025-07-01,3844100,2025-03-01,2488700,2024-12-01,2524200,2024-09-01,3509700,2024-07-01,2487800,2024-06-01,3721900,2024-05-01,2590300,2024-03-01,3350200,2023-03-01,2455000,2023-02-01,2496200,2022-06-01,2890100.0,2022-04-01,2599900.0,2022-03-01,3153700.0,2021-03-01,3348900.0,2020-05-01,3110300.0,2020-04-01,3286900.0,2020-03-01,6188300.0,2020-02-01,4985700.0
TRN,2870943718.1539297,monthly,2026-01-01,20361100,2025-08-01,16554500,2022-09-01,16703200,2022-06-01,30272500,2022-04-01,18926300,2022-03-01,19765000,2022-01-01,18109400,2021-06-01,29602000,2021-03-01,22978100,2021-01-01,17251200,2020-12-01,18261600,2020-11-01,17052400,2020-10-01,21991400.0,2020-09-01,21141200.0,2020-07-01,22783200.0,2020-06-01,24281000.0,2020-05-01,30595200.0,2020-04-01,25673000.0,2020-03-01,42435900.0,2020-02-01,23681400.0
APLE,4022591136.042528,monthly,2026-04-01,89188100,2026-03-01,62971500,2025-11-01,57199300,2025-10-01,71319700,2025-08-01,66937100,2025-07-01,67159200,2025-06-01,67107500,2025-05-01,65163300,2025-04-01,71511000,2025-03-01,59909000,2024-05-01,53934600,2023-12-01,63154500,2023-09-01,98763900.0,2022-03-01,54020900.0,2021-06-01,65911900.0,2020-11-01,59020400.0,2020-06-01,66933300.0,2020-05-01,69554900.0,2020-04-01,68874100.0,2020-03-01,120740300.0
UE,2948867636.6894784,monthly,2026-03-01,23185300,2025-08-01,26984600,2025-07-01,22056900,2025-04-01,28575800,2023-12-01,23565600,2023-10-01,23762500,2023-09-01,26105400,2023-08-01,24169800,2023-06-01,25966100,2023-03-01,27296400,2022-06-01,22314200,2022-05-01,24300700,2022-02-01,42669500.0,2021-03-01,21584500.0,2020-12-01,26596700.0,2020-11-01,22740400.0,2020-06-01,29107200.0,2020-05-01,24844100.0,2020-04-01,33497200.0,2020-03-01,45844900.0
OLN,2476747768.1912107,monthly,2026-04-01,48243300,2026-03-01,71551500,2026-01-01,68931800,2025-12-01,50698200,2025-11-01,48987700,2025-10-01,60803800,2025-09-01,57659900,2025-08-01,51813800,2025-07-01,61581100,2022-06-01,48829800,2020-11-01,52276400,2020-10-01,63720900,2020-09-01,72884700.0,2020-08-01,63571700.0,2020-07-01,47076100.0,2020-06-01,65138000.0,2020-05-01,55402700.0,2020-04-01,52179100.0,2020-03-01,86919200.0,2020-02-01,88242400.0
