Symbol,market_cap,timeframe,HVD_date_1,HVD_vol_1,HVD_date_2,HVD_vol_2,HVD_date_3,HVD_vol_3,HVD_date_4,HVD_vol_4,HVD_date_5,HVD_vol_5,HVD_date_6,HVD_vol_6,HVD_date_7,HVD_vol_7,HVD_date_8,HVD_vol_8,HVD_date_9,HVD_vol_9,HVD_date_10,HVD_vol_10,HVD_date_11,HVD_vol_11,HVD_date_12,HVD_vol_12,HVD_date_13,HVD_vol_13,HVD_date_14,HVD_vol_14,HVD_date_15,HVD_vol_15,HVD_date_16,HVD_vol_16,HVD_date_17,HVD_vol_17,HVD_date_18,HVD_vol_18,HVD_date_19,HVD_vol_19,HVD_date_20,HVD_vol_20
HTFL,3074485529.9814177,weekly,2026-08-10,23672458,2026-07-27,6410585,2026-07-06,6222900,2026-06-29,8733400,2026-06-22,18461200,2026-06-15,6198600,2026-06-08,6236800,2026-05-11,6445900,2026-04-27,6124900,2026-04-20,5583600,2026-03-30,6901300,2026-03-23,8282300,2026-03-16,12563000,2026-03-09,6030600,2026-02-23,5635500,2026-02-16,6947200,2026-02-09,9457400,2026-02-02,15686100,2025-12-15,6724300,2025-08-11,5842600
BIRK,8169107575.122192,weekly,2026-08-10,39881130,2026-06-08,12830000,2026-05-18,17195200,2026-05-11,22379500,2026-04-13,13144100,2026-03-16,13970500,2026-02-23,13750000,2026-01-26,13191400,2026-01-12,16901100,2026-01-05,14068100,2025-12-15,26392600,2025-09-29,13499500,2025-09-22,14524500,2025-08-11,16012600,2025-05-26,14647400,2025-05-12,17136400,2025-04-07,14966800,2024-12-16,14928000,2024-08-26,14364300,2023-10-09,27880100
BTDR,4172828921.1866975,weekly,2026-08-10,107870341,2026-08-03,66725200,2026-07-27,81531825,2026-07-06,50450600,2026-06-22,53653500,2026-06-08,56177500,2026-06-01,59647100,2026-05-25,63265500,2026-03-16,50520600,2026-02-23,43524900,2026-02-16,94234800,2026-01-12,44073300,2025-11-17,49431700,2025-11-10,82684200,2025-10-13,73886500,2025-02-24,58945500,2024-12-16,59893800,2024-12-09,62529400,2024-12-02,60046000,2024-11-18,44083000
RNW,2254383196.4740973,weekly,2026-08-10,40902093,2026-07-27,7998762,2026-07-13,8355700,2026-06-15,9478700,2026-05-25,8328400,2025-12-15,27548300,2025-10-27,13631600,2025-10-13,9004400,2025-06-30,8828100,2024-12-16,10285000,2024-12-09,14138600,2024-07-08,8207800,2024-05-13,24183600,2023-03-13,7970600,2022-10-24,11001900,2022-10-17,10492000,2022-03-14,13095700,2022-02-28,8015400,2021-10-04,15727900,2021-02-22,25728000
HUBG,2675466096.3838267,weekly,2026-08-10,14430079,2026-07-27,5260775,2026-05-11,5799100,2026-03-16,5429900,2026-03-02,4965100,2026-02-09,8524500,2026-01-31,10896400,2025-12-13,6076000,2025-12-06,5027500,2025-09-13,4904600,2025-08-23,4963700,2025-05-03,5318200,2025-03-15,6390700,2024-12-14,5646500,2023-10-28,5292600,2022-12-10,5112800,2022-04-30,4777600,2022-04-23,5189200,2022-04-02,6004600,2020-04-25,6246000
ABCL,2253670376.6486487,weekly,2026-08-10,124039185,2026-07-06,36963700,2026-06-22,52015700,2026-06-01,35516700,2026-05-18,33543000,2026-05-11,52587700,2026-05-04,53496600,2026-04-27,49631400,2026-02-02,33912700,2025-11-03,33946600,2025-10-06,35679100,2025-09-29,41047300,2025-07-21,41346500,2025-07-14,39412500,2025-06-23,34383200,2025-06-09,58606400,2025-05-12,34479200,2023-06-19,41076800,2022-06-20,37670700,2021-09-13,33237800
DIOD,4784684510.915369,weekly,2026-08-10,7172905,2026-07-27,3283483,2026-06-22,5432400,2026-05-25,4063500,2026-05-11,3867800,2026-05-04,4156500,2026-04-27,3134300,2026-04-20,3333900,2026-02-09,3670500,2025-11-29,3330700,2025-09-13,3124200,2025-06-21,3056600,2025-05-10,3069500,2025-04-05,4321200,2025-03-15,4477000,2025-03-08,3991000,2025-02-08,3715000,2024-12-14,3017000,2024-08-03,5067800,2021-03-13,3564000
FA,3056790242.695704,weekly,2026-08-10,27105652,2026-08-03,10917400,2026-07-27,11329802,2026-07-13,9057800,2026-07-06,7527000,2026-06-22,9435000,2026-06-15,21439500,2026-05-04,8579000,2026-03-16,7916700,2026-03-02,7909300,2026-02-23,12268500,2025-06-23,10436100,2025-04-07,8126500,2025-03-31,11798500,2025-03-03,9605200,2025-02-24,7938400,2024-11-11,7836500,2024-11-04,8843900,2021-11-08,13805500,2021-06-21,10760900
CLBT,3432291945.425178,weekly,2026-08-10,58292165,2026-06-22,10516200,2026-05-11,16260300,2026-04-06,10358300,2026-03-30,11177600,2026-02-23,13749000,2026-02-09,11569000,2026-02-02,12790100,2025-11-10,10908600,2025-09-08,10172800,2025-08-18,10342100,2025-08-11,22970500,2025-05-12,11332300,2025-02-24,14712000,2025-02-17,13913300,2025-02-10,14280500,2025-02-03,11673100,2024-11-04,10754500,2024-08-12,14209500,2024-07-15,10953300
LMAT,2185901654.7835617,weekly,2026-08-10,2548316,2026-08-03,3975600,2026-07-27,1566562,2026-07-06,1530600,2026-06-22,2232100,2026-06-15,1391700,2026-06-08,1743600,2026-05-25,1453500,2026-05-11,1832600,2026-05-04,1379500,2026-03-23,1388200,2026-03-16,1880500,2026-02-23,2379600,2025-09-15,1429400,2025-03-17,2032000,2025-03-03,1892000,2024-12-16,2382300,2024-02-26,1486800,2021-07-12,1440000,2021-06-21,1402200
ITGR,3188020172.810997,weekly,2026-08-10,5578443,2026-08-03,21089800,2026-07-27,6944308,2026-04-27,5119300,2026-03-16,6147500,2026-03-09,4141500,2026-02-23,4345300,2026-02-16,7024900,2026-02-09,6237300,2025-12-15,5273000,2025-11-17,4039700,2025-11-03,6215600,2025-10-27,11252600,2025-10-20,19849500,2025-04-14,4026800,2025-04-07,3799700,2025-03-31,3985500,2025-03-10,4951500,2024-04-22,3831100,2023-01-30,6856800
DORM,4024912786.327751,weekly,2026-08-03,3771600,2026-06-22,2485000,2026-05-04,1737600,2026-03-16,1933500,2026-03-02,1730300,2026-02-23,1991600,2025-10-25,2675100,2025-08-09,1631000,2025-08-02,1987000,2025-05-03,1602500,2025-04-12,1554500,2025-04-05,2171500,2024-11-02,1868700,2024-09-14,1608900,2023-10-28,1486100,2020-12-12,1713800,2020-04-25,1512500,2020-03-21,1635300,2020-03-14,1879500,2020-02-22,2307500
SUPN,2718580598.8907266,weekly,2026-08-03,11943300,2026-07-06,5753200,2026-06-22,5854300,2026-05-04,6345600,2026-02-23,7717000,2025-11-10,5390700,2025-11-03,8938500,2025-10-27,4996200,2025-10-06,5055100,2025-09-15,4702500,2025-08-11,4656100,2025-08-04,8673800,2025-03-10,4673900,2021-04-05,5118100,2021-03-01,5137200,2020-12-21,6327400,2020-11-09,4712900,2020-11-02,4901500,2020-03-16,4902200,2020-02-24,6309400
OTF,4862369647.094634,weekly,2026-08-10,14561742,2026-08-03,22565400,2026-07-27,11466283,2026-07-06,11148500,2026-06-22,11847400,2026-06-15,16605300,2026-06-01,10218300,2026-05-04,12359700,2026-04-27,9964000,2026-04-20,10429300,2026-04-06,9697800,2026-03-23,9888500,2026-03-16,20028800,2026-03-09,13409900,2026-03-02,10580500,2026-02-23,14869400,2026-02-16,11180300,2026-02-02,14610700,2025-12-29,10589200,2025-09-15,10296200
DOCS,3818368359.29471,weekly,2026-08-10,34069426,2026-08-03,97689200,2026-07-27,21326293,2026-06-22,22612500,2026-05-11,57994700,2026-02-09,19523900,2026-02-02,47136900,2025-05-12,35234300,2025-02-10,23933100,2025-02-03,20557500,2024-05-13,20822700,2023-11-06,18924200,2023-08-07,28603500,2023-06-12,30185500,2022-11-07,31879900,2022-05-16,35305400,2022-03-14,20518800,2022-02-07,27369300,2021-11-08,32842400,2021-06-21,22310100
TTD,8635897246.184652,weekly,2026-08-10,181777551,2026-08-03,278473000,2026-06-08,113813400,2026-05-04,131817200,2026-03-16,129172500,2026-03-02,174328000,2026-02-23,132768500,2025-12-15,119120100,2025-09-15,132346100,2025-08-11,134104600,2025-08-04,152806100,2025-07-14,197329900,2021-05-10,178015000,2020-06-01,117573000,2020-05-11,123832000,2020-05-04,159701000,2020-04-27,116451000,2020-03-16,148804000,2020-03-09,130923000,2020-02-24,144210000
ATKR,2628106229.6938467,weekly,2026-08-10,5057803,2026-08-03,18801800,2026-04-13,4162100,2025-11-17,5708800,2025-08-04,7316700,2025-03-17,5389200,2025-02-03,9666100,2024-11-18,6841800,2024-11-04,5390800,2024-08-12,6984100,2024-08-05,13382200,2024-05-06,5629100,2023-05-08,3920100,2023-01-30,4268400,2022-11-14,3947400,2022-05-02,4061800,2022-02-07,4109400,2021-02-22,5544000,2020-11-16,4010200,2020-03-16,4392500
CAI,5229593062.780748,weekly,2026-08-10,20601208,2026-08-03,37187700,2026-07-27,24263307,2026-07-20,12652700,2026-07-13,17014700,2026-07-06,13667400,2026-06-22,19164400,2026-06-08,13889200,2026-05-11,21983600,2026-05-04,17340400,2026-03-23,14416400,2026-03-16,18928100,2026-02-23,15238500,2026-02-02,13894500,2026-01-26,13945900,2026-01-12,15448200,2026-01-05,13294800,2025-12-15,13287000,2025-12-01,22530500,2025-06-16,20648300
HUBS,9499354003.402864,weekly,2026-08-10,9884415,2026-08-03,18634100,2026-07-27,10192490,2026-06-22,10101300,2026-06-15,7624900,2026-06-08,8749800,2026-06-01,7744100,2026-05-25,11402700,2026-05-11,12966500,2026-05-04,13690000,2026-04-13,8926300,2026-04-06,10823700,2026-03-09,7774100,2026-02-23,11553400,2026-02-09,17757700,2026-02-02,12068400,2026-01-26,8159600,2025-09-29,8205500,2024-07-08,9660200,2020-03-16,8261800
FIG,9838372132.7791,weekly,2026-08-10,105300518,2026-08-03,192011800,2026-07-27,109402021,2026-07-13,94285200,2026-07-06,127156800,2026-06-22,109027300,2026-06-15,81672700,2026-06-08,83886600,2026-05-18,84935500,2026-05-11,164297700,2026-04-20,90497800,2026-04-13,116125400,2026-03-23,82390700,2026-02-23,117256600,2026-02-16,146518600,2026-02-02,101688500,2025-11-03,83628900,2025-10-06,108497900,2025-08-04,115502200,2025-07-28,120759600
CHYM,7742308911.675972,weekly,2026-08-10,52186362,2026-08-03,77136200,2026-07-27,36556840,2026-07-13,24087500,2026-06-22,46592000,2026-06-15,20807400,2026-06-08,20109900,2026-05-11,27422200,2026-05-04,50091100,2026-04-13,23441200,2026-03-23,30828300,2026-03-16,38519300,2026-03-09,25398300,2026-02-23,28138900,2025-12-08,27378200,2025-11-10,25640400,2025-11-03,41437500,2025-06-23,22225800,2025-06-16,21112400,2025-06-09,45615200
ITRI,3718740966.511875,weekly,2026-07-27,14769417,2026-04-27,8453500,2026-04-20,5230400,2026-03-23,5480100,2026-03-16,5817200,2026-03-02,5024200,2026-02-23,12059200,2026-02-16,7509800,2026-02-09,5447000,2025-11-08,4879300,2025-11-01,7362700,2025-10-25,13302400,2025-07-26,6181400,2025-02-22,7691300,2024-06-22,4529400,2024-06-15,7967600,2024-04-27,4553800,2024-02-24,5515400,2021-07-31,4720700,2021-03-06,9558400
PCOR,6323808701.1,weekly,2026-08-10,14770756,2026-08-03,26240800,2026-07-27,28138839,2026-06-22,24253600,2026-06-08,13792100,2026-05-11,13364300,2026-05-04,23492100,2026-04-13,12866100,2026-03-09,15429100,2026-02-09,16361600,2026-02-02,25324300,2026-01-26,13191100,2025-08-04,19183700,2025-07-28,14808900,2025-03-10,13135400,2024-12-02,17386500,2024-10-28,13301400,2024-08-05,15244600,2024-07-29,22858200,2023-10-30,17325000
PSN,5449485886.752816,weekly,2026-08-03,9308200,2026-07-27,23872653,2026-04-27,9624100,2026-03-16,8627800,2026-02-09,10176000,2026-01-05,8648900,2025-12-15,9947200,2025-12-08,15449700,2025-12-01,15074100,2025-09-15,8749700,2025-06-02,11566700,2025-05-12,8909800,2025-04-28,11597100,2025-03-03,9998600,2025-02-17,14494400,2025-01-27,9199200,2025-01-20,9690300,2024-09-16,11734400,2024-07-29,9641000,2024-06-24,9219900
BANC,3208945547.76722,weekly,2026-07-27,35650829,2026-06-22,20900500,2026-04-20,20341800,2026-02-02,27372400,2025-10-20,25051800,2025-10-13,29537700,2025-10-06,27515900,2025-04-07,26308600,2025-03-31,18465000,2024-11-04,18133100,2024-09-16,19307200,2024-07-22,18100900,2024-05-13,19204500,2024-01-29,18469100,2024-01-22,19767000,2023-12-11,19311800,2023-12-04,19144400,2023-11-27,27747400,2023-10-23,23230100,2023-07-24,25701100
WU,2355760645.69146,weekly,2026-08-03,81119000,2026-07-27,152239190,2026-04-20,83621100,2026-02-23,56386800,2026-02-16,55980500,2026-02-02,53572200,2025-10-27,81922400,2025-10-20,66667300,2025-09-29,89147100,2025-09-15,58261900,2025-07-28,67238000,2025-07-21,59883400,2025-04-07,53785900,2023-03-13,110805000,2023-03-06,65616200,2023-02-27,90912700,2021-12-13,113062900,2020-06-01,56487300,2020-03-09,70310000,2020-03-02,55323000
MKTX,3999609748.907324,weekly,2026-08-10,6499250,2026-08-03,5843000,2026-07-27,21144255,2026-06-22,4167500,2026-06-15,4075000,2026-06-08,4082800,2026-02-02,4255300,2025-12-15,5639800,2025-12-08,4049200,2025-11-03,4135800,2025-10-06,4893300,2025-09-29,5473700,2025-09-15,12238300,2025-08-04,4722800,2025-04-07,5796700,2025-03-31,4196300,2025-03-03,5522400,2025-02-24,6704300,2025-02-03,4132900,2024-01-29,5118300
COHU,3022996223.469121,weekly,2026-08-10,5563701,2026-07-27,11865120,2026-07-06,7299700,2026-06-29,4882700,2026-06-22,8103400,2026-06-15,6278700,2026-06-08,7261200,2026-06-01,8628300,2026-05-25,8744800,2026-05-11,5730600,2026-05-04,6515100,2026-04-27,10583500,2026-04-20,8997100,2026-02-09,8304600,2025-11-01,5170100,2025-10-25,7439200,2025-10-04,5285900,2025-09-27,5572800,2025-09-20,10847400,2021-02-27,10942700
LEA,6855013078.093475,weekly,2026-08-03,4756200,2026-07-27,7406037,2026-03-16,5393300,2025-12-15,4920000,2025-07-21,4980500,2025-03-17,5436100,2025-03-03,4786300,2025-02-03,5426200,2024-12-16,6652800,2024-10-21,5543500,2024-05-27,7290200,2024-04-29,6155900,2023-10-23,4887400,2023-06-12,5109800,2023-03-13,5571700,2023-01-30,4650600,2022-09-26,4815000,2020-03-30,5828700,2020-03-16,6527100,2020-03-09,4954900
AMBA,2725530244.552176,weekly,2026-08-03,8630400,2026-07-27,26619920,2026-06-29,13363000,2026-06-01,7883400,2026-05-25,14341600,2026-02-23,8064300,2025-11-24,8194800,2025-08-25,11156100,2025-06-23,12514800,2025-02-24,10000000,2024-11-25,9438800,2024-08-26,11120800,2023-08-28,13666600,2023-05-29,9775900,2022-08-29,9684900,2022-02-28,13680700,2021-11-29,10227300,2021-08-30,10319400,2020-11-30,8132900,2020-08-31,8069200
JBLU,2232113554.0540543,weekly,2026-08-03,142453300,2026-07-27,335101726,2026-06-22,141172100,2026-04-27,144121300,2026-04-20,142092400,2026-04-13,157292900,2026-03-23,226689900,2026-03-16,152790400,2026-02-02,147355500,2025-10-27,157079200,2025-10-13,141704300,2025-05-12,160986600,2025-04-28,209203400,2025-04-07,179517400,2025-03-31,187419400,2025-01-27,279409800,2024-08-12,191991900,2024-01-15,152253400,2023-09-11,149007600,2020-06-01,165840600
PLXS,7690866173.688062,weekly,2026-08-03,1670400,2026-07-27,2930551,2026-06-22,2469100,2026-06-08,1628500,2026-04-27,2387700,2026-04-20,1812700,2026-04-06,1763800,2026-03-23,1879400,2026-03-16,1955500,2026-03-02,1865900,2026-02-09,1749600,2026-01-31,2448800,2026-01-24,2483500,2026-01-10,1729400,2025-07-19,1734800,2024-12-14,2244500,2023-01-21,2166600,2022-12-10,1712200,2020-07-18,1936400,2020-06-20,1919500
UHS,8817726422.19784,weekly,2026-07-27,9286333,2026-05-25,7975100,2026-05-04,5754600,2026-04-27,6662400,2025-07-26,7853100,2025-07-19,6014700,2025-06-14,5863700,2025-03-01,6462200,2025-02-22,6923600,2024-07-20,6657900,2023-02-25,7279000,2022-12-10,5606300,2022-10-22,7084600,2022-07-16,5565700,2022-06-25,6452700,2022-06-11,8408300,2022-04-23,6938500,2020-03-21,8772900,2020-03-14,8434700,2020-02-22,5883600
BDC,4654591457.068249,weekly,2026-07-27,4008583,2026-06-22,3739200,2026-06-15,2723900,2026-06-08,2692000,2026-06-01,2746200,2026-05-11,2686000,2026-05-04,3596500,2026-04-27,3347100,2023-10-28,2787000,2023-10-14,3396700,2023-10-07,2762300,2022-06-25,2651300,2021-03-13,2836900,2021-01-23,2906300,2020-07-11,2601000,2020-06-20,2881000,2020-05-30,2616900,2020-04-25,3922200,2020-03-14,2902300,2020-03-07,3029500
TFSL,4904758532.737862,weekly,2026-08-10,4408440,2026-08-03,6580200,2026-07-27,8126187,2026-07-06,3862700,2026-06-22,4899800,2026-06-15,4330600,2026-06-08,4754700,2026-05-11,6209100,2026-05-04,3873500,2026-03-16,4004900,2026-03-09,5014100,2026-03-02,4182700,2026-02-23,4306700,2026-02-02,4778600,2026-01-26,4235100,2025-12-15,4413900,2025-12-08,4361200,2025-12-01,4092900,2023-12-11,4535900,2021-02-22,3971100
GVA,7016532985.699777,weekly,2026-08-03,5906100,2026-07-27,9552841,2026-06-22,7473300,2025-09-27,8954700,2025-04-05,4804800,2025-03-08,4787700,2024-12-14,5925200,2024-11-02,4867900,2024-10-26,5046100,2024-07-20,6083900,2024-07-06,6567500,2023-05-06,4832200,2022-02-26,5150900,2020-04-18,4932500,2020-03-28,4798200,2020-03-21,5306400,2020-03-14,6980200,2020-03-07,8161500,2020-02-29,6587100,2020-02-22,5403900
SITE,5167668927.074267,weekly,2026-08-03,4854900,2026-07-27,9120421,2026-06-22,5365300,2026-06-01,4225900,2026-05-25,3986200,2026-05-11,4356800,2026-05-04,4908800,2026-04-27,7466900,2026-02-09,4590100,2026-01-12,4963900,2025-11-17,4226100,2025-10-27,4661900,2025-07-28,4962400,2025-07-21,4148300,2025-04-28,4099700,2025-04-07,3918500,2024-07-29,4596800,2023-10-30,4034400,2021-06-21,7454200,2020-03-16,4364400
SLGN,4885575324.381204,weekly,2026-07-27,14775656,2026-07-20,8655800,2026-02-09,6163800,2026-01-31,7965500,2025-12-06,5694000,2025-11-15,7168700,2025-11-08,5565700,2025-11-01,7265800,2025-10-25,13362600,2025-10-04,6010500,2025-09-20,6426200,2025-09-13,6872600,2025-07-26,13926300,2025-04-26,5400000,2025-04-05,5768300,2025-03-15,7165800,2025-01-25,6468100,2024-12-14,10096700,2023-07-22,6683700,2022-03-19,5451800
OLN,2476747768.1912107,weekly,2026-08-03,19501700,2026-07-27,31365903,2026-06-22,20544700,2026-06-15,21043400,2026-01-31,21440700,2026-01-24,24195400,2026-01-03,18542700,2025-10-25,21723100,2025-07-26,20903200,2020-10-31,19944400,2020-09-19,22861500,2020-09-12,20186500,2020-08-15,18611700,2020-03-21,19368200,2020-03-14,23283800,2020-03-07,20568600,2020-02-22,23827200,2020-02-15,19220000,2020-02-08,19649800,2020-02-01,25545400
MTRN,5970441983.309865,weekly,2026-08-10,1552065,2026-08-03,2716700,2026-07-27,3278050,2026-07-06,1525400,2026-06-29,1270000,2026-06-22,3073300,2026-06-15,1925000,2026-06-08,1774700,2026-06-01,1463600,2026-05-11,1577100,2026-05-04,1298100,2026-04-27,1841800,2026-03-16,1590500,2026-03-02,1439200,2026-02-23,1286200,2025-09-13,1271500,2025-07-26,2059100,2025-06-21,1298900,2022-10-29,1366800,2021-03-13,1366400
EXP,7224289976.967254,weekly,2026-07-27,4552634,2026-01-31,3695200,2026-01-24,3315600,2025-12-13,3471100,2025-10-25,2861700,2025-07-26,3062400,2025-05-17,2889100,2025-04-05,2851800,2025-03-29,3153600,2022-06-18,3564900,2022-04-02,2972400,2022-03-19,3150300,2022-03-12,3053500,2021-09-18,2936500,2021-06-19,2939100,2021-06-12,3045600,2021-05-15,3677800,2020-06-20,3047600,2020-05-16,3216400,2020-03-14,3618800
SEI,5648024925.111419,weekly,2026-08-03,17807300,2026-07-27,28855341,2026-07-13,21398400,2026-04-27,17098100,2026-03-16,20821700,2026-02-23,18962500,2026-02-02,18587800,2025-12-15,18846900,2025-12-08,16759400,2025-12-01,14385600,2025-11-17,19760000,2025-11-10,24102500,2025-11-03,27181300,2025-10-20,14248900,2025-10-13,20355900,2025-10-06,27597000,2025-09-29,16194900,2025-09-22,21254000,2025-09-15,19491900,2025-03-17,14725300
BUSE,2520399237.6946616,weekly,2026-08-10,3997696,2026-08-03,3529600,2026-07-27,6522205,2026-07-13,3547900,2026-07-06,4024600,2026-06-22,5387200,2026-06-15,3638700,2026-06-08,3986500,2026-03-16,4149000,2026-03-02,3638500,2026-02-09,3424200,2026-01-31,4192900,2026-01-24,4754700,2025-09-13,4441900,2025-07-19,3493900,2025-04-05,5674400,2025-03-29,3404800,2025-03-01,3340900,2025-02-22,3855100,2024-08-24,4182100
LEGN,5280582329.0,weekly,2026-08-10,15621873,2026-07-27,25114612,2026-06-22,13289800,2026-06-15,18122000,2026-06-01,24620900,2026-05-11,15064300,2026-05-04,17907200,2026-04-20,18382500,2026-04-13,12842700,2026-02-23,13665200,2026-02-02,12312000,2026-01-26,13491300,2026-01-19,21636200,2026-01-05,15899500,2025-12-08,21552700,2025-06-09,12291200,2025-06-02,14081000,2025-05-12,12363800,2024-10-14,12988300,2023-04-17,15528400
MMSI,4279042774.8221097,weekly,2026-08-10,6010641,2026-08-03,7384500,2026-07-27,9616235,2026-06-22,5779500,2026-05-04,5158400,2026-04-27,6062800,2026-03-16,5252900,2026-03-09,5242800,2026-02-23,4750800,2026-01-10,5225200,2026-01-03,5041300,2025-09-13,5369200,2025-07-26,5056400,2025-07-12,5823300,2025-04-05,6283500,2025-03-29,4852800,2023-12-02,8303000,2020-03-14,5679800,2020-01-11,5528100,2020-01-04,4950800
VVX,2269383856.448018,weekly,2026-08-03,5294000,2026-07-27,4923009,2026-07-20,6288500,2026-06-22,4396500,2026-06-15,2737600,2026-06-08,2768000,2026-05-25,3056600,2026-05-11,2675000,2026-05-04,5403700,2026-03-16,3439300,2026-03-09,3324800,2026-03-02,2879000,2026-02-23,3964800,2025-12-15,2715600,2025-09-15,2930200,2025-08-11,3066400,2025-08-04,3623400,2025-03-17,2619400,2024-12-16,2559100,2024-11-11,3268700
CLBK,2170654777.113546,weekly,2026-08-10,30896239,2026-08-03,24223900,2026-07-27,33151816,2026-07-20,90910100,2026-07-13,20247920,2026-07-06,1946100,2026-06-22,2748300,2026-06-15,2167700,2026-06-08,1776000,2026-05-18,2073800,2026-05-11,2179100,2026-04-27,1862000,2026-02-02,2951900,2023-03-13,2590500,2021-12-13,2156200,2021-09-13,1942800,2021-06-21,2592600,2020-03-23,1810400,2020-03-16,2341900,2020-03-09,1785000
MGY,5100823846.844853,weekly,2026-08-03,22083300,2026-07-27,28582825,2026-07-20,82110300,2026-06-22,22986400,2026-03-16,17892300,2026-03-09,20636500,2025-06-23,18432700,2025-04-07,21888900,2025-03-17,40217400,2024-03-11,52712400,2024-03-04,26707500,2024-02-12,18983300,2023-03-13,24667300,2022-10-31,18851000,2022-06-13,24315500,2022-03-07,21445200,2021-03-01,32415700,2021-01-11,19050200,2020-05-11,29897200,2020-03-09,24750200
ROAD,6946424190.426471,weekly,2026-08-10,3364092,2026-08-03,5644100,2026-07-27,4005247,2026-07-20,11277900,2026-07-13,5389900,2026-07-06,3992100,2026-06-22,3506300,2026-06-08,3624700,2026-05-04,4292400,2026-02-09,3380800,2026-02-02,4177800,2025-12-15,3485900,2025-11-17,3489500,2025-08-18,3880600,2025-08-04,3848500,2025-05-12,3515300,2025-02-03,3850400,2025-01-20,4077200,2024-12-16,3769800,2023-10-02,3631900
PEGA,5143831683.549444,weekly,2026-07-27,22573319,2026-07-20,31430500,2026-06-22,13422700,2026-06-15,12360400,2026-04-27,11111900,2026-04-20,21063100,2026-03-09,13614200,2026-02-23,13310100,2026-02-09,24830300,2026-02-07,13301900,2026-01-31,12199800,2026-01-24,10818700,2025-10-18,14682300,2025-07-19,16535900,2025-05-17,25923400,2025-04-19,18321800,2025-03-29,10840400,2025-02-08,18483800,2024-02-10,13818600,2022-05-07,21460000
KRMN,6151870483.829695,weekly,2026-08-03,17462700,2026-07-27,11765640,2026-07-20,13408000,2026-07-13,32940600,2026-06-29,11523100,2026-06-22,14186800,2026-06-15,23546500,2026-06-08,14775400,2026-06-01,14306800,2026-05-25,20649700,2026-05-11,17618000,2026-03-02,15144700,2026-02-16,12752100,2026-02-09,12785700,2026-01-05,12546500,2025-12-15,18532300,2025-11-03,12906900,2025-09-15,10928300,2025-07-21,22575800,2025-02-10,15268700
PATH,5455809721.821752,weekly,2026-08-10,393088922,2026-08-03,330862600,2026-07-27,311227004,2026-07-20,394090600,2026-07-13,402400900,2026-07-06,378026700,2026-06-29,189120300,2026-06-22,298666000,2026-06-15,189175300,2026-06-08,224109200,2026-06-01,173384500,2026-05-25,242897600,2026-05-11,186550600,2026-03-09,361270400,2026-03-02,177564300,2026-02-23,224366300,2026-02-02,180184400,2025-12-01,214668000,2025-10-06,303134100,2025-09-29,172299400
PLBL,2868813795.871324,weekly,2026-08-10,2055668,2026-08-03,468800,2026-07-27,825926,2026-07-20,545900,2026-07-13,969200,2026-07-06,4373900,2026-06-29,1578400,2026-06-22,1051500,2026-06-15,1091300,2026-06-08,673600,2026-04-13,148600,2025-10-20,163100,2025-10-06,273600,2025-09-29,187300,2025-09-22,166000,2025-09-01,182800,2025-08-25,288400,2025-08-18,170400,2025-08-11,464300,2025-08-04,220100
CRNX,3869655835.0671625,weekly,2026-08-10,10727423,2026-08-03,11375900,2026-07-27,14987437,2026-07-20,14283100,2026-07-13,17607200,2026-07-06,121621900,2026-06-22,10174700,2026-05-04,10180000,2026-01-05,17706200,2025-11-10,9106200,2025-11-03,9634400,2025-10-06,10582000,2025-09-29,9374200,2025-09-22,15963800,2025-09-15,7632700,2025-03-31,8149300,2025-01-13,7812100,2024-06-24,8477600,2023-12-18,7471800,2023-09-11,49911800
PENG,3160554702.017073,weekly,2026-07-27,18076590,2026-07-20,12095200,2026-07-13,22317200,2026-07-06,40390900,2026-06-22,19575000,2026-06-08,12657300,2026-06-01,15705700,2026-05-25,12316600,2026-05-18,11903500,2026-05-11,27329900,2026-05-04,20837000,2026-01-05,14522800,2025-10-06,19573300,2025-07-07,11161200,2024-07-08,14622300,2024-04-08,13313900,2022-01-03,13643000,2021-10-11,14003800,2021-07-12,14126000,2021-07-05,16026800
OLLI,4347196511.976474,weekly,2026-07-06,19444000,2026-06-22,11917500,2026-06-01,12703400,2024-12-09,10670100,2024-08-26,10684500,2023-03-20,12582000,2022-12-05,17279700,2022-08-29,11521700,2022-06-06,15207900,2022-05-16,10984700,2022-03-21,12892000,2021-11-29,14207600,2021-08-23,12903000,2021-01-25,16690600,2020-11-30,13069100,2020-05-25,12344100,2020-04-27,11387300,2020-03-16,16092700,2020-02-24,10920300,2020-02-10,10863400
TARS,2707067416.1193657,weekly,2026-07-13,6038400,2026-07-06,9010200,2026-06-29,6214800,2026-06-22,5524600,2026-02-23,5313800,2025-05-12,5253000,2025-04-28,4673400,2025-02-24,5401800,2024-11-11,5196800,2024-11-04,5119000,2024-10-28,7191800,2024-10-21,4611600,2024-08-05,6705100,2024-06-24,5594900,2024-05-06,4714400,2024-02-26,8684800,2024-01-29,4718500,2023-11-06,4907400,2023-07-31,6094000,2023-07-24,5819400
NUVL,9757823209.789362,weekly,2026-07-13,6171695,2026-07-06,7907500,2026-06-29,4445700,2026-06-22,10059900,2026-06-15,14675000,2026-06-08,73017500,2026-06-01,4852600,2025-11-17,7857000,2025-10-27,4230900,2025-06-23,4336700,2025-05-05,4445500,2025-04-07,5050800,2024-09-16,8685400,2024-04-08,4118100,2023-12-11,4694700,2023-10-16,8423900,2023-10-02,10548100,2023-09-18,4084900,2022-10-31,6314600,2022-10-24,5542700
GPOR,2926715318.3165555,weekly,2026-08-03,2542700,2026-07-06,1978000,2026-06-29,4089300,2026-06-22,2090000,2026-05-04,2136600,2026-04-20,2033800,2026-03-16,2147200,2026-03-09,2070100,2026-03-02,2214300,2026-02-23,2009400,2026-01-05,2033900,2025-09-15,2437500,2025-06-23,1903200,2025-01-13,1920200,2023-12-11,1841000,2023-06-19,2460100,2022-06-20,2861300,2022-06-13,1816100,2022-05-09,1770200,2021-09-13,1750300
ALSN,9939047784.87761,weekly,2026-06-29,16819700,2026-02-23,7145400,2025-12-08,7334500,2024-02-12,6759000,2022-08-15,7452400,2021-12-27,8714100,2021-09-27,8814500,2021-08-30,7497600,2021-03-01,7227200,2021-02-22,13370500,2021-02-15,6666400,2020-11-16,7887400,2020-10-26,7234800,2020-10-12,6733400,2020-09-21,10369700,2020-09-14,7240800,2020-03-23,7976600,2020-03-16,12037100,2020-03-09,11491200,2020-02-24,7805300
PATK,3135710940.7315493,weekly,2026-07-27,3442481,2026-07-13,2963100,2026-07-06,3794600,2026-06-29,7670100,2026-06-22,3586800,2026-05-04,3210100,2026-04-27,4430600,2026-04-13,3856800,2025-04-26,3320900,2024-12-14,4534400,2024-11-09,3025500,2024-03-09,3174600,2023-12-09,3082050,2022-12-10,3262800,2021-12-11,2935050,2021-12-04,4558050,2020-11-07,2889750,2020-03-21,2989200,2020-03-14,3324750,2020-03-07,3161700
LCII,2328222281.03276,weekly,2026-07-06,2734300,2026-06-29,5572400,2026-06-22,2458400,2026-05-04,2848600,2026-04-13,4778900,2026-01-24,2865100,2026-01-17,2330500,2025-11-01,2396300,2025-10-25,3151400,2025-06-21,2211600,2025-05-10,2197700,2025-05-03,3339700,2025-04-19,3119700,2025-04-12,2323500,2025-04-05,3255000,2025-03-29,2519200,2025-03-15,3300900,2025-03-08,4885300,2025-02-08,2256400,2021-05-08,2968200
CXT,2798860612.383927,weekly,2026-06-22,12408000,2023-04-01,9058773,2023-03-25,7821380,2023-03-11,9934278,2023-01-21,7109980,2022-01-22,6974665,2021-01-23,6942708,2020-10-24,7912356,2020-10-03,6956527,2020-06-20,8105537,2020-06-13,6906722,2020-05-30,7108252,2020-05-02,7154891,2020-04-25,8133177,2020-03-28,8077898,2020-03-21,9239000,2020-03-14,9205315,2020-03-07,8295263,2020-02-29,7382332,2020-02-22,8548039
SPSC,2161276831.81296,weekly,2026-08-10,4052227,2026-08-03,3186700,2026-07-27,5291771,2026-06-22,7410800,2026-04-27,3009300,2026-04-06,3201200,2026-03-30,3489200,2026-03-23,3243500,2026-03-16,3690500,2026-03-09,2996300,2026-03-02,4184700,2026-02-23,5611000,2026-02-16,5691000,2026-02-09,6405400,2026-02-02,3418500,2026-01-26,3138700,2025-12-15,5169700,2025-11-03,4613500,2025-10-27,5413600,2025-07-28,3470300
NTST,2070568544.123314,weekly,2026-07-06,7892000,2026-06-22,35044400,2026-04-20,8155100,2026-03-16,8181400,2026-02-23,8583500,2026-02-16,8290000,2026-02-09,14398400,2025-12-15,9385700,2025-10-27,8777800,2025-09-15,9028400,2025-07-28,9360700,2025-07-21,14124800,2024-09-30,8318000,2024-08-05,8779200,2024-02-12,10146600,2024-01-08,8621400,2023-09-11,13053300,2022-09-12,10077400,2022-08-01,7655700,2022-01-10,7924500
BWIN,3738123113.030404,weekly,2026-07-27,8367341,2026-06-22,16812100,2026-06-15,10839000,2026-05-25,8363800,2026-05-04,8224100,2026-04-13,7245600,2026-03-23,10653800,2026-03-16,13710400,2026-03-09,9733500,2026-03-02,9371600,2026-02-23,12082100,2026-02-09,7918200,2026-02-02,9192400,2025-12-01,9537300,2025-08-11,7303300,2025-08-04,7825500,2025-06-23,7585400,2024-11-04,9210500,2022-05-09,7047500,2021-09-13,8997600
PRIM,5051676610.981758,weekly,2026-08-10,6275345,2026-08-03,7809100,2026-07-27,7660687,2026-07-13,7604200,2026-07-06,6106800,2026-06-22,28348800,2026-06-08,16913400,2026-05-25,10430300,2026-05-18,7285700,2026-05-11,10978200,2026-05-04,25409500,2025-12-15,14932500,2025-12-08,7389700,2025-11-03,6401100,2025-08-04,7705700,2025-05-12,7032700,2025-05-05,6465300,2025-02-24,7909200,2024-11-04,7271000,2024-06-24,6160800
ACA,7083157778.252622,weekly,2026-08-10,2792129,2026-08-03,3147200,2026-07-27,3757869,2026-07-20,2817400,2026-07-13,4848800,2026-07-06,2516000,2026-06-29,2690100,2026-06-22,12857300,2026-03-02,2487800,2026-02-23,2280900,2025-03-03,2478800,2023-03-13,4347000,2022-12-12,2338500,2021-12-13,2560000,2021-08-09,2934700,2021-02-22,2240600,2020-06-01,2237900,2020-05-04,2358100,2020-04-27,2293400,2020-03-16,2382800
ASH,2927670472.18718,weekly,2026-07-27,6437185,2026-06-22,10035500,2026-06-08,7565300,2026-05-11,7024000,2026-05-04,4789500,2026-04-27,6943000,2026-01-31,4557100,2025-12-13,5677700,2025-12-06,5274200,2025-11-29,7293400,2025-11-08,5357300,2025-11-01,5240800,2025-03-15,5546000,2025-03-01,4963300,2025-01-25,5633100,2024-08-03,4625200,2024-01-27,6189600,2021-01-30,5722500,2020-03-14,5050900,2020-01-25,4860700
DCO,2680100450.316061,weekly,2026-08-10,1176127,2026-08-03,1490400,2026-07-27,1544697,2026-07-13,1702300,2026-07-06,1636500,2026-06-22,1921700,2026-06-15,1217300,2026-06-08,1097200,2026-05-11,1760400,2026-04-20,1124900,2026-04-06,1547600,2026-03-02,1230400,2026-01-31,1081800,2025-10-25,1189800,2025-07-12,1143700,2024-11-30,1260800,2024-04-06,1373500,2023-09-09,1272400,2023-05-13,1775300,2020-02-15,1349000
FRME,2752833355.9160714,weekly,2026-07-27,2381592,2026-07-20,2785500,2026-06-22,3560600,2026-03-16,2707800,2026-03-09,2645700,2026-02-23,2528200,2026-01-31,2447200,2026-01-24,2530500,2025-10-11,2334900,2025-09-27,2580200,2025-09-13,2697800,2025-07-12,2384200,2025-06-21,2390900,2025-03-15,2790300,2024-12-14,2289400,2024-11-02,2243900,2024-03-02,2534300,2023-03-11,2256500,2022-03-26,2240600,2020-03-14,2304900
APGE,9965601123.344135,weekly,2026-08-10,5780179,2026-08-03,8126900,2026-07-27,7255647,2026-07-06,8038700,2026-06-29,12033200,2026-06-22,90785700,2026-05-25,7137000,2026-03-23,11842900,2026-03-16,5588700,2026-01-26,5517700,2026-01-19,6307800,2026-01-05,6179900,2025-12-15,6186600,2025-12-08,5515300,2025-10-06,7950600,2025-07-07,13957400,2025-04-07,5659200,2024-03-11,7266600,2024-03-04,12696900,2023-09-11,5341100
AROC,7352224251.727053,weekly,2026-08-03,12315200,2026-06-22,19733900,2026-05-04,10266100,2026-02-02,11118800,2025-12-15,10366600,2025-12-08,11596800,2025-11-03,11615300,2025-10-27,11091800,2025-08-04,10213700,2025-04-07,11991300,2024-09-16,11022700,2024-08-05,10218300,2024-07-29,14081100,2024-07-22,18856900,2024-06-24,12184200,2024-05-20,10379500,2023-12-11,13940100,2020-11-09,10350300,2020-11-02,10647100,2020-03-09,11460700
NHI,3758931928.659382,weekly,2026-08-10,2619381,2026-07-27,2354975,2026-06-22,5854800,2026-05-25,2419600,2026-05-11,2606700,2026-05-04,3115000,2026-04-20,2421200,2026-02-23,2383600,2024-11-02,2426800,2022-06-11,2510700,2021-06-19,2885900,2021-05-08,2470400,2020-10-17,3070500,2020-06-13,3599100,2020-05-09,2551200,2020-04-04,2601500,2020-03-28,3007100,2020-03-21,3226400,2020-03-14,4049200,2020-03-07,3791900
KALU,3058471282.304958,weekly,2026-07-27,1770536,2026-07-20,1316900,2026-06-22,2564600,2026-04-27,1613200,2026-04-20,2288800,2026-03-16,1737800,2026-02-16,1412200,2025-12-15,1561000,2025-10-20,1908300,2025-04-21,1377700,2025-04-07,1365900,2024-10-28,1326600,2024-10-21,1518100,2024-04-22,1627300,2024-03-11,1929100,2023-12-11,1904700,2023-03-13,1505000,2022-12-12,2409700,2022-09-12,1402500,2022-07-25,1677400
NPO,8012498314.254536,weekly,2026-08-03,1256900,2026-07-27,1235280,2026-07-06,1489500,2026-06-22,2713300,2026-06-15,1308200,2026-05-11,1173400,2026-05-04,1299600,2026-04-27,1284400,2026-04-20,1138500,2026-04-13,1508800,2026-04-06,1502400,2026-03-30,1121000,2026-03-16,1211500,2026-03-09,1362200,2026-02-02,1302100,2025-12-15,1271200,2025-10-27,1290200,2025-10-06,1178300,2023-06-12,1235400,2022-12-12,1272500
FCFS,9313104629.318892,weekly,2026-07-27,2695954,2026-07-20,3091100,2026-06-22,3259300,2026-06-08,2989600,2025-09-27,2414300,2025-07-26,3181600,2025-04-19,2374600,2025-04-05,2439900,2024-06-22,2258000,2024-04-20,2641000,2022-03-05,2620900,2021-11-13,2971400,2021-06-19,2620300,2021-01-23,2470900,2021-01-09,3203400,2020-07-18,2466000,2020-03-21,2269700,2020-03-14,3029900,2020-03-07,3205600,2020-02-22,2433200
ENS,8103293624.956702,weekly,2026-08-10,4359546,2026-07-27,2723054,2026-06-22,4961500,2026-06-08,2900100,2026-05-18,2769100,2026-02-02,4610400,2026-01-26,2770800,2025-12-15,3815500,2025-11-17,3090000,2025-11-10,3201500,2025-10-13,2859900,2025-06-16,2788700,2025-06-09,2621900,2025-06-02,2627500,2025-05-19,3637900,2025-03-17,3259900,2024-12-16,2594700,2023-08-07,2986000,2020-03-16,2940700,2020-03-09,2696900
BBT,2632604400.271813,weekly,2026-07-27,6151755,2026-06-22,8352000,2026-04-27,5554800,2026-03-16,5063500,2026-03-09,4526000,2026-02-23,5207100,2026-02-02,5956200,2025-12-15,6607600,2025-12-08,5521300,2025-12-01,6193100,2025-11-10,6165200,2025-11-03,5918500,2025-10-27,4987600,2025-10-13,4988400,2025-10-06,4907300,2025-09-15,5958700,2025-09-08,4699700,2025-09-01,5666200,2025-08-25,4666300,2024-12-16,7026900
VC,2751619708.2543497,weekly,2026-07-27,3257150,2026-06-22,5849600,2026-04-27,3855100,2026-04-20,5308000,2026-04-13,3091200,2026-03-16,3641600,2026-03-02,2970900,2026-02-23,3236900,2026-02-16,4509100,2026-02-09,2882100,2026-01-26,2930400,2025-10-27,3147400,2025-07-07,3341700,2025-04-07,2842600,2023-10-30,3462000,2023-05-01,2803800,2022-04-25,3143800,2020-03-16,2872800,2020-02-24,3407600,2020-02-17,2950900
FUL,3402053770.8151736,weekly,2026-08-10,3690244,2026-07-27,4280880,2026-07-06,4957900,2026-06-22,6353600,2026-05-25,3831200,2026-05-18,3698700,2026-03-30,4171900,2026-03-23,5003900,2026-03-16,3787300,2026-01-10,4571500,2025-06-21,4752300,2025-03-29,3702300,2025-03-22,4175400,2024-06-22,4122300,2021-06-19,4240600,2020-07-25,3914500,2020-06-20,4177400,2020-04-25,4340400,2020-03-21,6038200,2020-03-14,4450300
DOX,5590464705.346702,weekly,2026-08-10,6503465,2026-08-03,7349900,2026-07-27,7723516,2026-06-22,12307100,2026-06-15,8017200,2026-05-11,8261400,2026-03-23,7268800,2026-02-23,8009400,2026-02-16,8118500,2026-02-09,9651500,2026-01-31,11589700,2025-11-29,8446000,2025-11-08,10561300,2024-11-09,6942800,2023-10-07,6622900,2021-03-27,12107700,2020-03-28,8121500,2020-03-14,7437700,2020-03-07,6441400,2020-02-22,6626700
NESR,2847926560.8539658,weekly,2026-08-10,16133667,2026-07-27,9665827,2026-07-06,10940100,2026-06-22,17003700,2026-06-15,12277800,2026-06-08,9506400,2026-05-18,9754600,2026-05-11,10125100,2026-05-04,8989500,2026-04-27,8633700,2026-04-13,10573400,2026-04-06,10446400,2026-03-23,11616900,2026-03-16,12543000,2026-03-09,13120200,2026-03-02,16161600,2026-02-16,12087700,2025-11-10,8599600,2025-10-27,9756600,2025-06-23,11555600
FRSH,2830961787.9171205,weekly,2026-08-10,42893404,2026-08-03,40652800,2026-07-27,65021982,2026-07-20,61183700,2026-07-13,56277100,2026-07-06,123389400,2026-06-29,92658000,2026-06-22,170516900,2026-06-15,85389700,2026-06-08,74961500,2026-05-25,44673600,2026-05-18,42675700,2026-05-11,61971700,2026-05-04,59169400,2026-04-20,86486900,2026-04-13,56287700,2026-02-09,57946100,2025-07-28,44124400,2024-11-04,41684900,2024-04-29,38211200
PAY,2947255788.390691,weekly,2026-08-03,10245400,2026-07-27,8610412,2026-07-06,5458100,2026-06-22,14788600,2026-02-23,8270300,2025-12-29,4655900,2025-12-15,5784400,2025-11-03,6778000,2025-10-13,4887800,2025-09-29,4514900,2025-09-15,6030600,2025-09-08,4909800,2025-08-04,7468600,2025-06-02,4731200,2025-03-10,5539100,2024-11-11,5128700,2024-03-11,4570700,2024-03-04,5316500,2022-02-14,4233000,2021-05-24,7884300
MIAX,3598876988.42025,weekly,2026-08-03,7329000,2026-07-27,7571919,2026-07-06,7814800,2026-06-29,7370100,2026-06-22,21459800,2026-06-15,13915500,2026-06-08,11412000,2026-06-01,9895400,2026-05-11,7628000,2026-05-04,7823900,2026-03-23,7097300,2026-03-09,7090400,2026-03-02,7026500,2026-02-23,11141100,2026-02-16,8141200,2026-02-09,6937800,2025-12-15,9045400,2025-12-08,7071300,2025-08-18,9257800,2025-08-11,21410200
ESE,8805329212.538292,weekly,2026-06-22,2356600,2026-06-15,1277400,2026-05-11,1575700,2026-05-04,1619700,2026-04-27,1402900,2026-04-20,1879700,2026-04-13,2173500,2026-04-06,1780800,2026-03-30,1850000,2026-03-23,1749000,2026-03-16,1304600,2026-02-09,1589100,2025-12-06,1431300,2025-11-15,1398700,2025-09-13,1346500,2025-08-23,1711500,2025-06-21,1724200,2021-12-11,1826500,2021-06-19,1440700,2020-02-01,1337200
KFY,3745728647.276464,weekly,2026-06-22,5774400,2026-06-15,3548500,2026-03-16,5170400,2026-03-02,3542300,2025-12-13,3628100,2025-12-06,3573200,2025-09-06,3749200,2025-06-21,4968000,2025-06-14,4119100,2025-03-15,4141900,2025-03-08,4078700,2024-09-14,4090500,2024-03-09,5474500,2022-12-10,3874900,2022-06-18,3522200,2021-12-11,4356000,2020-12-12,3838200,2020-06-20,3708200,2020-03-14,4248600,2020-03-07,5311900
BELFA,4291331386.026283,weekly,2026-08-10,1285987,2026-08-03,917900,2026-07-27,1113243,2026-07-20,586200,2026-07-13,762600,2026-07-06,576800,2026-06-29,895900,2026-06-22,1319100,2026-06-15,1020700,2026-06-08,1053800,2026-06-01,464700,2026-05-25,697400,2026-05-18,336800,2026-04-20,416900,2026-04-06,622500,2026-03-16,441500,2026-03-09,545700,2026-01-24,387600,2026-01-10,352700,2026-01-03,366400
SYNA,4675159850.61296,weekly,2026-07-06,5619500,2026-06-29,6138900,2026-06-22,10651200,2026-06-08,5011000,2026-05-11,4835000,2026-05-04,7218500,2026-04-20,4830500,2026-02-02,5544700,2026-01-12,5840900,2025-04-07,5556800,2025-02-03,7661800,2024-11-11,5351900,2023-09-11,4883300,2023-05-01,6051400,2021-02-01,4635500,2020-03-16,5048500,2020-03-09,5094000,2020-02-24,5319900,2020-02-03,8360400,2020-01-06,4335700
WSBC,3731805739.878064,weekly,2026-08-10,4259122,2026-08-03,3883000,2026-07-27,4868657,2026-07-20,5749000,2026-07-13,4595600,2026-07-06,4410500,2026-06-29,4001800,2026-06-22,9727000,2026-06-15,22025400,2026-06-08,7970400,2026-04-20,4372100,2025-10-04,3763800,2025-09-13,4991600,2025-07-12,4191200,2025-04-12,4178400,2025-04-05,3862400,2025-03-15,4978400,2025-03-01,4139100,2025-02-22,6697800,2024-12-14,4391200
POOL,7711704387.130583,weekly,2026-07-27,6176446,2026-07-20,5253600,2026-06-22,4438400,2026-06-15,11132700,2026-06-08,5371000,2026-05-11,4952100,2026-05-04,6384000,2026-04-20,4594300,2026-02-23,4754600,2026-02-16,6765400,2026-01-31,4435700,2026-01-10,4606500,2026-01-03,4479100,2025-11-22,5360000,2025-11-15,4453600,2025-11-01,5884600,2025-06-21,4732600,2024-06-22,4383500,2020-11-28,5140800,2020-10-03,10221700
INGR,6148258618.673828,weekly,2026-08-03,4545900,2026-07-06,4013300,2026-06-22,4773400,2026-06-15,8852500,2026-06-08,4758400,2026-05-11,4897900,2026-05-04,6283500,2026-03-16,5338500,2026-02-09,3983000,2026-01-31,5713600,2025-12-13,5555500,2025-12-06,4239800,2025-11-01,5656700,2025-03-15,5327800,2024-12-14,4338500,2024-11-02,4116500,2021-01-30,4531200,2020-11-28,8814900,2020-03-14,3981000,2020-03-07,4137400
EBC,5105951100.230663,weekly,2026-07-27,27666829,2026-06-22,19647100,2026-06-15,51227300,2026-06-08,19312000,2026-04-27,12746900,2026-04-20,17611200,2026-02-02,16679600,2025-12-15,14636900,2025-11-03,19793100,2025-10-27,20827300,2025-10-20,20566200,2025-10-13,24480500,2025-10-06,24009700,2025-09-15,15501400,2024-03-11,12871800,2023-03-13,20621800,2021-03-15,13070300,2020-12-14,45034600,2020-10-19,35748500,2020-10-12,45492300
PAYO,2411326037.565341,weekly,2026-08-10,30915602,2026-07-27,39226818,2026-06-22,30959700,2026-06-15,119945000,2026-06-08,88027200,2026-02-23,31240600,2026-01-26,33708700,2025-08-04,35181700,2025-05-05,31982700,2025-02-24,31106000,2024-11-04,37374400,2024-08-05,33216200,2023-05-08,35361900,2022-10-10,82929100,2022-10-03,40876600,2022-08-08,31214100,2022-06-20,38777400,2022-03-14,39435400,2021-02-01,49832100,2021-01-18,32609300
LAZ,3949320048.920729,weekly,2026-08-10,8845470,2026-07-27,11071221,2026-07-20,9068200,2026-07-06,7886600,2026-06-22,13923900,2026-06-15,27142700,2026-06-08,17973100,2026-05-04,9115900,2026-04-27,7744300,2026-04-13,7813500,2026-03-16,7685800,2026-03-09,13834900,2025-04-21,7706200,2025-04-07,11820700,2025-03-31,8946000,2025-03-10,8882700,2025-03-03,8607900,2024-06-24,7904000,2024-03-11,10052900,2024-01-01,8780400
LION,4766391545.891276,weekly,2026-08-10,21720909,2026-08-03,15842900,2026-06-22,18282100,2026-06-15,29184300,2026-05-18,24050300,2026-05-11,22865900,2026-05-04,15504800,2026-04-27,19408400,2026-04-20,26645300,2026-04-13,23466600,2026-03-02,19241000,2026-02-02,16118100,2025-12-29,17221500,2025-12-22,18501800,2025-12-15,16226300,2025-12-08,15892400,2025-09-08,20433800,2025-08-04,14739100,2025-07-14,15949300,2025-05-26,18490500
CPB,6778227900.288143,weekly,2026-06-22,51726600,2026-06-15,90821100,2026-06-08,59389800,2026-06-01,40354800,2026-04-20,37949500,2026-04-13,43918000,2026-04-06,45259000,2026-03-23,54067300,2026-03-16,53371200,2026-03-09,74010700,2026-03-02,50271000,2026-01-31,38996000,2026-01-24,38946400,2026-01-10,43787500,2026-01-03,41000800,2025-12-13,39460400,2025-12-06,56744900,2025-08-30,40903300,2025-08-23,48784100,2025-07-05,41376200
IVT,2818940128.9835567,weekly,2026-08-03,3997700,2026-06-22,6315400,2026-06-15,16149100,2026-06-08,8752600,2026-01-05,3737500,2025-11-03,3641400,2025-10-27,3700800,2025-10-06,3776300,2024-12-16,4166400,2024-09-23,8815900,2022-06-20,11575200,2022-05-30,11271500,2022-05-09,3903400,2021-12-20,8252500,2021-12-13,12838500,2021-12-06,7434900,2021-11-29,3659500,2021-11-01,5835200,2021-10-18,3688200,2021-10-11,4703500
NIC,3469373383.2429504,weekly,2026-07-27,993012,2026-07-20,1083800,2026-07-06,1240800,2026-06-22,2112400,2026-06-15,4301800,2026-06-08,1734200,2026-04-20,1081400,2026-04-13,962800,2026-03-16,1267300,2026-03-09,1037900,2026-03-02,996400,2026-02-23,1327800,2026-02-16,1560600,2026-02-09,880900,2026-01-19,1087300,2026-01-12,897800,2025-12-15,1014700,2025-10-27,868000,2025-07-14,977100,2025-03-17,1160700
USLM,3050049923.962669,weekly,2026-07-27,1654812,2026-07-06,1068500,2026-06-22,1115500,2026-06-15,2739600,2026-06-08,1531000,2026-06-01,876800,2026-05-04,799700,2026-04-27,917800,2026-03-23,804000,2026-03-16,1115700,2025-07-26,877200,2025-07-05,842100,2025-06-28,831500,2025-06-21,1108000,2025-06-14,1093500,2025-06-07,1142200,2025-01-25,1024700,2024-05-04,944500,2024-03-09,844500,2024-01-27,1265000
ADPT,3354530368.339753,weekly,2026-08-03,13259700,2026-07-27,18532626,2026-06-22,20493500,2026-06-15,27118400,2026-06-08,15384300,2026-05-04,13774400,2026-03-09,17226500,2026-01-05,13389500,2025-12-15,13433600,2025-12-08,16326600,2025-12-01,17766500,2025-11-17,15549700,2025-09-29,13476800,2025-08-04,18280900,2025-06-23,22344100,2025-05-05,17600600,2025-04-28,22399800,2025-04-07,15601500,2022-06-20,18224200,2020-01-20,17670700
RSI,7353683263.656126,weekly,2026-08-03,20157400,2026-07-27,21899037,2026-06-22,15044300,2026-06-15,27965900,2026-06-08,13819700,2026-05-04,17657800,2026-04-27,14781900,2026-02-16,16090400,2026-01-26,16152900,2025-07-28,21952100,2025-02-24,17678900,2024-11-11,13883400,2024-11-04,16786400,2024-10-28,15329300,2024-09-09,13280700,2024-06-10,13390700,2024-04-29,14354000,2024-03-04,14933700,2021-09-13,25636100,2021-04-19,14401500
VSH,7669578222.385244,weekly,2026-08-03,36045600,2026-07-27,32204286,2026-07-20,17504200,2026-07-13,25303400,2026-07-06,33744300,2026-06-29,41383000,2026-06-22,35657300,2026-06-15,30853300,2026-06-08,51951700,2026-06-01,45263200,2026-05-25,31897100,2026-05-18,26783600,2026-05-11,36619900,2026-05-04,25526300,2026-04-13,17918300,2026-01-31,20316900,2025-04-05,22745100,2025-03-15,19977100,2024-12-14,32302100,2024-11-23,20415900
NRIX,2367993069.799644,weekly,2026-06-22,18811500,2026-06-15,12124400,2026-06-08,36862000,2026-04-06,7779200,2026-03-16,9888700,2026-01-05,7606100,2025-12-15,13372000,2025-12-08,14353800,2025-12-01,8034800,2025-11-17,8590800,2025-11-10,7968400,2025-10-27,12630200,2025-10-20,12303500,2025-07-07,8105400,2024-11-04,8098000,2024-06-24,7555200,2024-06-17,9879100,2024-04-15,8323700,2024-04-08,10981200,2024-03-11,7818100
BKH,5788782087.010093,weekly,2026-08-03,5128100,2026-06-22,5044700,2026-06-08,9199500,2026-05-11,4872000,2026-05-04,4855200,2026-04-13,7330300,2026-03-16,5654300,2026-02-16,4933000,2026-02-09,5792400,2026-01-31,6191800,2026-01-24,5925500,2026-01-03,5999200,2025-12-13,7471800,2025-11-29,5503200,2025-11-15,7160700,2025-11-08,8741200,2025-11-01,5873800,2025-08-16,5251500,2023-07-29,8310800,2023-02-04,5446500
ACM,9127697606.46963,weekly,2026-08-10,20014733,2026-07-27,10378688,2026-06-22,11393500,2026-05-25,21549200,2026-05-11,11361600,2026-02-09,13918900,2026-01-12,10215900,2025-11-17,12156000,2023-02-27,12039200,2020-11-02,10248300,2020-06-01,14649600,2020-04-06,10449000,2020-03-30,15257700,2020-03-23,12810700,2020-03-16,18451800,2020-03-09,20003900,2020-03-02,18962100,2020-02-24,10601100,2020-02-17,11702100,2020-01-13,13650200
UTI,2290002916.205647,weekly,2026-08-10,12367694,2026-08-03,11486400,2026-06-08,8461900,2026-05-25,13226000,2026-05-18,5115100,2026-05-11,5232500,2026-02-23,5606600,2026-02-16,4990500,2025-12-01,6316000,2025-11-17,5621900,2025-08-11,5857600,2025-08-04,6963900,2025-05-19,5484400,2025-05-12,8754800,2025-04-07,5151400,2025-02-03,4985700,2024-02-12,6077400,2024-02-05,7939800,2022-06-20,6171000,2021-06-21,4993500
YMM,7823084203.0,weekly,2026-05-25,145757600,2026-01-12,95957900,2026-01-05,70684800,2025-08-18,87136000,2025-08-04,88031600,2025-07-28,65901600,2025-07-21,68345000,2025-04-07,99694800,2024-12-09,81671700,2024-12-02,67342100,2024-11-18,68801200,2024-10-07,64108500,2024-09-30,114509800,2024-09-23,109869200,2024-05-20,77976500,2024-03-11,92802600,2022-12-05,66154500,2022-11-28,71036000,2022-06-06,108390700,2022-03-14,134922500
CZR,6149508938.163762,weekly,2026-05-25,119574000,2026-02-23,50376200,2025-11-17,57661600,2025-11-03,48489400,2025-10-27,76063600,2025-10-06,51303200,2025-09-22,47077200,2025-09-15,80962900,2025-07-28,46907100,2021-03-15,63780600,2020-09-28,68816500,2020-07-20,70558000,2020-07-13,48529200,2020-06-22,49193300,2020-06-15,60192500,2020-05-18,52335700,2020-05-11,56339000,2020-04-27,45421100,2020-03-30,44159300,2020-03-16,52877500
FLY,4194567476.043072,weekly,2026-08-10,22926502,2026-07-27,20506243,2026-06-22,37150500,2026-06-15,34160200,2026-06-08,40564100,2026-06-01,27212800,2026-05-25,65149400,2026-05-18,24783200,2026-05-11,37822700,2026-05-04,37092600,2026-04-20,26076500,2026-04-13,37409200,2026-04-06,48911100,2026-03-30,32258600,2026-03-23,35325500,2026-03-16,31705000,2026-03-09,28255600,2026-01-05,20130300,2025-09-29,20605700,2025-08-04,39132800
RDW,2610361098.776852,weekly,2026-08-10,96385694,2026-08-03,125434100,2026-07-27,94814811,2026-06-22,142916500,2026-06-15,171209200,2026-06-08,269423700,2026-06-01,207031600,2026-05-25,380987400,2026-05-18,206548400,2026-05-11,226070600,2026-05-04,164476300,2026-04-20,181596800,2026-04-13,114563900,2026-03-23,111833300,2026-03-02,86135000,2026-02-02,142641500,2026-01-26,270588700,2026-01-19,148772900,2026-01-12,149077500,2026-01-05,119383000
JKHY,9591855969.388548,weekly,2026-07-06,8058800,2026-06-22,8153600,2026-06-15,11109900,2026-06-08,7241900,2026-06-01,5670700,2026-05-25,12319800,2026-05-11,8514400,2026-05-04,6501000,2026-02-23,5986100,2026-02-09,7856200,2026-01-31,7057700,2025-11-01,6305600,2025-10-11,5939900,2025-10-04,5834700,2025-09-27,7095000,2025-09-13,6817300,2023-04-29,6269000,2023-03-11,9091000,2021-02-06,5837500,2020-08-15,5628000
TE,2292817884.917648,weekly,2026-08-10,173691183,2026-08-03,269654600,2026-07-27,254483148,2026-07-20,172810300,2026-07-13,175204800,2026-07-06,152931400,2026-06-22,152388900,2026-06-15,175610300,2026-06-08,191582900,2026-06-01,163639800,2026-05-25,226630200,2026-05-18,315834300,2026-05-11,108170600,2026-04-13,146283900,2026-02-02,112403000,2026-01-26,101055400,2026-01-19,140548000,2026-01-12,131481400,2025-12-15,122421200,2025-12-08,146249700
AGYS,2889332947.1641884,weekly,2026-08-10,1985975,2026-07-27,2168658,2026-06-22,3344500,2026-05-18,4379600,2026-02-23,2382200,2026-01-31,2435900,2026-01-24,3874700,2025-10-25,2659900,2025-07-19,2174400,2025-06-21,1934700,2025-05-17,3044500,2025-02-22,2617200,2025-02-01,2259000,2025-01-25,2254800,2025-01-18,3588100,2024-07-20,1935900,2023-05-13,2330500,2020-03-21,1930300,2020-02-29,1963100,2020-01-25,2419100
WIX,2427592829.3456373,weekly,2026-08-10,11145677,2026-07-27,11942829,2026-05-11,22605000,2026-04-13,14257800,2026-04-06,18953000,2026-03-30,17624600,2026-03-23,17304400,2026-03-16,11135100,2026-03-09,12267500,2026-03-02,19872700,2026-02-23,18851100,2026-02-02,12287700,2025-11-17,18811600,2025-09-29,11822500,2025-09-15,11471800,2025-09-08,19241100,2025-08-04,13696900,2022-05-16,11743600,2022-02-14,14749100,2021-05-10,11773000
RELY,4710251330.582798,weekly,2026-08-10,21276277,2026-08-03,21462300,2026-06-22,22755400,2026-06-15,27698600,2026-06-08,23040700,2026-05-11,55031800,2026-05-04,35558100,2026-04-13,24606100,2026-02-23,21224600,2026-02-16,45568300,2025-12-08,25749500,2025-11-17,20957400,2025-11-10,26555600,2025-11-03,47512300,2025-09-15,20217000,2025-08-04,39272500,2025-07-28,20377500,2025-07-14,22534100,2025-06-16,20168500,2023-10-30,19571100
INTR,2393628463.4503818,weekly,2026-08-10,43193719,2026-08-03,35672100,2026-07-13,18971700,2026-07-06,22537500,2026-06-22,30695400,2026-06-15,19675000,2026-06-08,21983800,2026-06-01,20552000,2026-05-25,44288400,2026-05-18,31196300,2026-05-11,63430200,2026-05-04,31307900,2026-04-06,22210700,2026-02-09,22901300,2026-01-26,18610200,2025-08-11,23447900,2025-05-05,21104100,2025-02-24,44642900,2024-08-26,43922500,2024-01-15,23018200
ALHC,4794157224.327609,weekly,2026-08-10,29685805,2026-08-03,40520900,2026-07-27,52391533,2026-07-06,35312700,2026-06-22,22729000,2026-06-15,23971200,2026-06-08,45349500,2026-06-01,28303900,2026-05-11,65387700,2026-05-04,23849600,2026-04-27,30677900,2026-04-06,26859000,2026-03-02,24726600,2026-01-26,21251800,2025-09-15,27918400,2025-09-08,34725300,2025-07-28,33620000,2025-04-28,30732700,2025-04-07,25030800,2024-11-11,19641100
PDFS,2594907506.3627496,weekly,2026-08-10,2732097,2026-08-03,2611500,2026-07-27,4018789,2026-07-06,3429100,2026-06-29,3344000,2026-06-22,4376800,2026-06-15,2935100,2026-06-08,5012200,2026-06-01,3069100,2026-05-25,2840600,2026-05-18,2333300,2026-05-11,10403100,2026-05-04,2927300,2026-04-27,2987100,2026-04-20,2601200,2026-04-13,2593400,2026-03-23,2340400,2025-09-22,2317500,2025-08-11,1963200,2023-11-06,2798600
VNET,2192125597.0,weekly,2026-07-27,39828386,2026-05-25,44901500,2026-05-11,117565900,2026-03-16,43216200,2026-02-23,40796000,2026-02-09,42703100,2026-01-12,45578300,2025-09-22,61957000,2025-09-15,40905600,2025-07-14,56414100,2025-06-30,41234100,2025-04-14,41152400,2025-04-07,64116700,2025-03-24,44661900,2025-03-17,63567400,2025-03-10,71946800,2025-03-03,64575200,2025-02-24,65847700,2025-02-17,89581500,2025-02-10,64550400
BFAM,3689832329.94799,weekly,2026-07-27,5875563,2026-06-22,5953800,2026-06-15,5159400,2026-06-08,4901900,2026-06-01,4852100,2026-05-25,5245200,2026-05-11,17116600,2026-05-04,8797400,2026-03-09,5180300,2026-02-23,6690200,2026-02-16,6820200,2026-02-09,7894300,2025-11-17,5104000,2025-11-03,5091100,2025-10-27,8300400,2025-09-15,5343000,2024-11-04,5825500,2022-05-09,4481400,2020-03-23,5090300,2020-03-16,8651700
OUST,2675537371.0573893,weekly,2026-08-10,19104499,2026-07-27,20212582,2026-07-06,25749500,2026-06-29,21923700,2026-06-22,24808100,2026-06-15,19890500,2026-06-08,20554300,2026-06-01,17930800,2026-05-25,25884300,2026-05-18,20119200,2026-05-11,38637100,2026-05-04,27202700,2025-11-03,20469400,2025-09-15,20642700,2025-08-11,18772500,2025-07-14,19709800,2025-06-23,24098900,2025-06-16,18443900,2025-06-09,34326500,2024-04-01,19136800
KVYO,4459269135.7590885,weekly,2026-08-10,45266927,2026-08-03,52101500,2026-07-27,29769674,2026-06-22,37403500,2026-06-15,28873500,2026-06-08,23819600,2026-06-01,23178000,2026-05-25,26380800,2026-05-18,35686100,2026-05-11,37523800,2026-05-04,69673200,2026-04-27,24847900,2026-04-13,25289900,2026-03-02,26920500,2026-02-23,30704700,2026-02-09,40740700,2026-01-05,26101500,2025-11-03,31936200,2025-09-29,25724000,2023-09-18,24038700
ALG,2054016146.9983337,weekly,2026-08-10,939010,2026-07-06,883000,2026-06-22,1109000,2026-06-15,1052100,2026-05-18,787700,2026-05-11,1138700,2026-05-04,1532700,2026-04-27,778300,2026-04-13,879600,2026-03-16,915500,2026-03-09,1093300,2026-03-02,978400,2026-02-23,766500,2025-12-13,939800,2025-11-15,767400,2025-06-21,837300,2025-06-14,794500,2025-06-07,910900,2025-03-15,1439000,2024-12-14,953000
HESM,7766739072.001848,weekly,2026-05-11,11742100,2026-05-04,22189000,2026-04-27,11932100,2026-04-20,10868700,2026-04-13,11888600,2026-02-02,10316600,2026-01-26,9188700,2025-11-17,9780600,2025-11-10,9477000,2025-11-03,9834900,2025-09-22,11123600,2025-09-15,11214400,2025-08-04,10215400,2025-07-28,11421400,2025-07-21,11806900,2025-05-26,10118000,2025-03-17,10784600,2024-12-16,9159900,2022-06-13,9647100,2022-03-14,11462100
INGM,6377229098.458649,weekly,2026-08-03,6246900,2026-07-27,6330710,2026-07-06,6340000,2026-06-22,9011100,2026-06-15,8967500,2026-06-08,6315500,2026-06-01,5209400,2026-05-25,5010300,2026-05-11,7028000,2026-05-04,16511300,2026-04-27,6982900,2026-04-20,5477500,2026-04-13,5602200,2026-04-06,6977800,2026-03-30,6693400,2026-03-23,6100800,2026-03-16,8017200,2026-03-09,7243200,2026-03-02,14305900,2024-10-21,8933900
GBTG,4917329624.066028,weekly,2026-08-03,9453200,2026-06-22,20615900,2026-06-15,13305400,2026-06-08,14686200,2026-06-01,16405100,2026-05-18,11659600,2026-05-11,12276100,2026-05-04,113350000,2026-03-16,9072700,2026-03-09,10919500,2026-03-02,9263900,2026-02-02,10417500,2025-12-15,15674900,2025-12-08,10851500,2025-11-10,9355000,2025-06-23,10818900,2024-12-16,9489200,2024-09-23,10218700,2024-09-16,15940100,2024-06-24,15914200
VECO,4330325614.759443,weekly,2026-07-27,6405662,2026-06-22,10200200,2026-06-15,8391000,2026-06-08,12138800,2026-05-11,7819200,2026-05-04,14370600,2026-04-27,6015700,2026-04-20,9906900,2026-03-23,6981100,2026-02-23,7091400,2026-02-16,7545900,2025-10-04,6617200,2025-09-27,8750500,2025-08-23,7343000,2025-08-02,6549100,2025-02-08,6304600,2023-05-13,7188600,2023-03-04,7783500,2020-12-26,7673600,2020-05-09,11201100
INOD,2413230919.401476,weekly,2026-08-03,12952600,2026-05-11,23091300,2026-05-04,26111400,2025-09-13,16632700,2025-09-06,21066800,2025-08-09,11723300,2025-08-02,15790600,2025-07-26,19343800,2025-07-19,11463300,2025-06-21,15887400,2025-06-14,12315300,2025-06-07,14134400,2025-05-31,14192100,2025-05-03,17278800,2025-02-22,17762500,2025-02-15,24929500,2024-12-07,13691000,2024-11-09,12813000,2024-11-02,13093500,2024-05-04,24784200
FLNC,3551666507.888029,weekly,2026-08-03,71669200,2026-07-27,42417158,2026-07-06,49704200,2026-06-22,46935500,2026-06-15,38393900,2026-06-08,72008600,2026-06-01,61387600,2026-05-11,99893600,2026-05-04,108197900,2026-02-02,53741100,2025-11-10,50685600,2025-10-27,36639400,2025-10-20,36342100,2025-10-13,62377100,2025-10-06,41180900,2025-09-29,43028000,2025-09-22,57588400,2025-05-12,41731300,2025-05-05,36368600,2025-02-10,107356400
NSIT,3609066264.419842,weekly,2026-08-03,3893100,2026-06-22,3007100,2026-06-01,2850100,2026-05-11,3564200,2026-05-04,4903100,2026-04-27,3212700,2026-01-31,3083400,2025-11-15,2852200,2025-10-25,3116500,2025-09-13,3281100,2025-03-29,2999700,2024-12-14,3219000,2024-11-02,2775300,2023-12-09,3002900,2023-04-15,3496200,2022-09-10,2910700,2022-06-18,2952800,2020-03-14,3993300,2020-02-22,3243400,2020-02-08,3500600
OGN,3545227457.238307,weekly,2026-05-04,36785600,2026-04-27,212666200,2026-04-20,55595300,2026-04-13,47950000,2026-04-06,60470800,2026-01-19,41773700,2026-01-05,33944000,2025-11-10,48311500,2025-11-03,31768600,2025-10-27,83111500,2025-08-04,38756800,2025-05-12,37337300,2025-05-05,51838300,2025-04-28,59269600,2024-12-16,46632500,2023-12-11,38526300,2023-10-30,33684600,2023-10-16,84803800,2021-06-14,33899400,2021-06-07,61511800
WING,4541300568.260912,weekly,2026-08-10,7994925,2026-08-03,7362100,2026-07-27,10158883,2026-05-11,8174500,2026-05-04,8180700,2026-04-27,10751200,2026-03-23,7053300,2026-02-16,7859800,2025-11-03,10217000,2025-07-28,7713400,2025-04-28,7149200,2025-03-31,6318400,2025-02-24,6331000,2025-02-17,9174800,2024-10-28,6515900,2022-10-24,8388800,2022-07-25,7914500,2022-05-02,6583900,2020-09-14,9116800,2020-03-16,7646600
JHG,8001146005.018682,weekly,2026-06-22,29660300,2026-06-15,14373400,2026-05-11,20613600,2026-03-30,13157300,2026-03-23,30746200,2026-03-16,32350700,2026-03-09,12716800,2026-02-23,21517300,2026-02-16,16092000,2025-12-22,20663700,2025-10-27,17178600,2025-04-07,12959600,2022-09-12,15232500,2021-06-21,12820900,2021-02-08,15585100,2021-02-01,15926100,2020-09-28,20544100,2020-06-22,19040100,2020-06-08,13178500,2020-03-16,13300400
LFST,3986938111.663967,weekly,2026-08-10,32080858,2026-08-03,24307500,2026-07-13,17094800,2026-07-06,17378000,2026-06-22,28991300,2026-05-11,36922500,2026-05-04,49196400,2026-04-27,58183500,2026-03-02,17779500,2026-02-23,25152900,2025-12-15,21240600,2025-11-03,21344700,2025-08-11,23555700,2025-08-04,18355100,2025-06-23,15365400,2025-02-24,15309800,2024-05-20,26631300,2024-02-26,18164800,2021-08-09,26459600,2021-06-07,19574500
ERAS,4978862223.028763,weekly,2026-07-13,35769200,2026-07-06,22956200,2026-06-22,41881400,2026-06-01,25857200,2026-05-04,24141000,2026-04-27,109837300,2026-04-20,43042700,2026-04-13,34172000,2026-03-30,22470500,2026-03-23,23036800,2026-03-16,40382400,2026-03-09,26329200,2026-03-02,22450800,2026-02-02,27260200,2026-01-26,27564600,2026-01-19,34243800,2026-01-12,52662600,2026-01-05,78951300,2024-09-16,26863800,2024-05-20,35248600
SXI,4125130973.142781,weekly,2026-07-27,1123886,2026-07-06,1022000,2026-06-22,1492000,2026-06-15,883900,2026-06-08,865000,2026-05-11,878600,2026-05-04,868300,2026-04-27,1539800,2026-04-20,1029100,2026-04-13,967000,2026-04-06,1075900,2026-03-30,962100,2026-03-16,937800,2026-03-09,1002300,2026-03-02,1021600,2026-02-23,930600,2026-01-31,890800,2025-12-06,925200,2025-08-09,872600,2025-06-14,914200
OLED,4074807512.063056,weekly,2026-07-27,7087120,2026-05-11,4577500,2026-05-04,7150200,2026-04-27,9614400,2026-03-16,4635400,2026-02-16,5166000,2026-01-31,5688800,2025-11-01,5168700,2025-09-13,6984800,2025-04-26,5727200,2025-04-05,7389700,2025-03-29,4417200,2025-02-22,4521600,2025-02-15,4445300,2025-01-11,4425300,2024-12-14,4661000,2024-09-14,5005200,2020-08-01,5668100,2020-02-22,5643900,2020-02-15,6020500
CAR,5881256727.454782,weekly,2026-04-20,53962600,2026-04-13,29708500,2026-04-06,24053000,2021-10-30,45495400,2020-07-04,23473900,2020-06-27,26103300,2020-06-13,30628500,2020-06-06,43685600,2020-05-30,51043900,2020-05-23,41320300,2020-05-16,47639200,2020-05-09,43869500,2020-05-02,29281100,2020-04-25,42144000,2020-04-18,25236000,2020-04-11,25432500,2020-04-04,28528400,2020-03-28,26306400,2020-03-21,33751100,2020-03-14,41571100
SRAD,4571090183.304499,weekly,2026-08-03,28857200,2026-07-27,13966292,2026-06-08,23654900,2026-05-11,14065300,2026-05-04,16534400,2026-04-27,33618500,2026-04-20,52423700,2026-03-02,17632100,2026-02-02,15253000,2026-01-26,19462800,2026-01-19,18104500,2026-01-05,13985700,2025-11-03,18871400,2025-10-13,13876700,2025-10-06,14413200,2025-09-29,17712200,2025-08-04,14605600,2025-06-23,13819000,2025-04-21,25266500,2021-09-13,19384200
SEM,2045058663.5347428,weekly,2026-06-22,24095500,2026-05-18,13958400,2026-03-16,20868500,2026-03-09,28307200,2026-03-02,24488400,2025-05-05,11865700,2024-12-02,12016300,2024-01-01,13148832,2022-06-13,11652339,2022-05-09,11594060,2022-01-17,12261107,2021-12-13,12109101,2021-06-14,13252583,2020-04-27,13677050,2020-04-06,11881369,2020-03-23,14700819,2020-03-16,17499481,2020-03-09,12343700,2020-02-24,12939104,2020-01-27,12170164
CWT,2937597955.3842278,weekly,2026-08-03,2637300,2026-07-27,3818719,2026-06-22,4119500,2026-05-25,3051500,2026-04-27,2992200,2026-04-20,4303200,2026-04-13,3686800,2026-03-16,3446300,2025-12-13,3878000,2025-12-06,2829000,2025-11-01,2900600,2025-10-25,2795600,2025-04-05,3028900,2024-12-14,2592000,2024-04-20,3915900,2023-07-29,3854400,2022-04-23,2936900,2020-04-25,2644600,2020-03-21,2695400,2020-03-14,3723900
SON,5448653547.886639,weekly,2026-07-27,7717825,2026-06-22,7157600,2026-06-08,6447500,2026-05-11,6914600,2026-04-27,7846900,2026-04-20,14835700,2026-02-16,8212100,2025-12-13,6287900,2025-11-01,6173600,2025-10-25,12605800,2025-10-18,9501100,2025-10-11,6144200,2025-07-26,7159800,2025-07-19,7165300,2025-04-26,7411200,2024-12-14,6158300,2024-09-14,6757800,2024-06-22,6203200,2024-06-15,7571900,2023-07-29,7086100
BMI,4111662889.630092,weekly,2026-08-10,2231752,2026-07-27,3163392,2026-07-20,4007000,2026-06-22,3223000,2026-06-15,2307100,2026-05-18,2337400,2026-05-11,2419500,2026-05-04,2708100,2026-04-27,3077300,2026-04-20,7278800,2026-04-13,5818400,2026-03-16,2262600,2026-02-09,2560400,2026-01-31,2717000,2026-01-24,3860300,2025-10-18,3338900,2025-09-13,3149600,2025-07-26,3354800,2025-07-19,4085700,2021-01-23,2148900
NN,2348079669.468506,weekly,2026-08-10,24181198,2026-08-03,19474500,2026-07-27,11467581,2026-07-13,14032600,2026-06-22,16102400,2026-06-15,10828800,2026-06-01,13840200,2026-05-25,12964800,2026-05-11,14495500,2026-04-27,12446200,2026-04-20,29611000,2026-04-13,17800100,2026-03-16,10756000,2026-01-26,9838800,2025-01-06,15786000,2024-12-16,9742600,2024-08-05,10884800,2024-03-11,11454300,2022-06-20,11423000,2022-05-16,13640400
MXL,8650139797.1483,weekly,2026-08-10,14215715,2026-07-27,24903482,2026-07-20,26335500,2026-07-13,13379700,2026-07-06,13907800,2026-06-29,15555200,2026-06-22,20604400,2026-06-08,18408100,2026-06-01,21597100,2026-05-25,24202800,2026-05-18,15896300,2026-05-11,27262200,2026-05-04,27356800,2026-04-27,51636100,2026-04-20,55793300,2025-10-20,13378500,2025-07-21,18557500,2025-01-27,22316100,2024-07-22,18048500,2023-07-24,32144400
IFS,6440827299.187432,weekly,2026-08-10,1519735,2026-07-27,2275543,2026-06-22,1647500,2026-06-15,1761400,2026-06-08,2519200,2026-06-01,1742500,2026-05-25,1676000,2026-05-11,1505700,2026-04-20,1734000,2026-04-13,2890800,2026-02-09,1780000,2025-08-04,1828900,2025-06-09,1712400,2025-06-02,1778400,2025-04-07,1768000,2025-02-03,1909600,2024-02-26,2103100,2022-11-28,2520100,2021-08-16,1508800,2021-08-09,1842400
CVBF,3963183635.0,weekly,2026-07-27,8898594,2026-06-22,11130600,2026-06-15,10818000,2026-04-27,11076500,2026-04-20,11587900,2026-04-13,20036800,2026-03-16,10389600,2025-12-13,15089900,2023-12-09,9120800,2023-07-22,9995300,2023-06-10,10316000,2023-06-03,8767900,2023-05-06,8917200,2023-04-29,12062200,2023-03-18,9322300,2023-03-11,13867500,2022-12-10,9393500,2022-03-12,10212900,2020-03-21,9016300,2020-03-14,10074800
PII,4127660540.958558,weekly,2026-04-27,10759500,2026-04-13,17311500,2026-01-24,9135200,2025-10-11,9825800,2025-08-16,8257100,2025-08-09,8490900,2025-07-26,14697500,2025-07-19,8291000,2025-06-21,13872200,2025-04-26,12635600,2025-04-05,13838600,2025-03-29,9144100,2025-03-08,9853900,2025-03-01,10988200,2025-02-01,13739200,2025-01-25,15688400,2024-07-20,10879800,2023-12-09,8955900,2020-07-25,11266900,2020-04-25,9895100
GRC,2357114066.375894,weekly,2026-08-10,872625,2026-07-27,1475935,2026-07-20,911400,2026-07-06,1192300,2026-06-22,1359200,2026-06-15,911900,2026-04-27,804600,2026-04-20,1424300,2026-04-13,1763900,2026-03-23,983100,2026-03-16,1252400,2026-02-09,827100,2026-01-31,808000,2026-01-24,797000,2024-09-14,795600,2024-06-22,1461300,2024-04-20,1013000,2022-10-15,1077800,2022-03-12,1528300,2021-06-19,1256200
IDYA,3493354840.39019,weekly,2026-06-22,10556800,2026-06-08,10363100,2026-04-13,18868300,2025-10-13,8640200,2025-09-22,7300000,2025-09-08,9248900,2025-05-19,7222300,2025-05-05,7798000,2025-04-21,7286700,2025-04-07,11551200,2025-03-31,10502600,2024-11-18,7575400,2024-09-23,7531000,2024-07-08,14065600,2024-01-08,11400100,2023-12-11,8446200,2023-10-23,7781200,2023-04-24,15285800,2022-09-12,7712200,2020-06-15,7546400
KRC,4466366087.590509,weekly,2026-06-08,10633900,2026-04-13,15724700,2026-04-06,14619700,2026-03-23,11885700,2026-03-16,10131700,2026-03-02,11473000,2026-02-23,13246000,2026-02-09,14759000,2026-01-31,10095400,2026-01-03,10602900,2025-09-13,10653700,2025-07-26,14790800,2025-07-19,10193100,2025-04-05,11978100,2025-03-08,11884200,2025-02-08,10508800,2024-09-14,11681400,2023-03-18,10504400,2023-03-11,11623200,2020-11-07,10520900
NSA,6108956184.302629,weekly,2026-07-13,10830459,2026-04-27,6876300,2026-03-23,9656000,2026-03-16,35617800,2026-03-09,10348600,2026-02-23,8538000,2026-02-16,8469400,2026-02-02,6722500,2026-01-19,7288200,2026-01-12,9996500,2026-01-05,8778800,2025-11-03,8805900,2025-10-27,8900800,2025-10-06,7306200,2025-06-23,8137700,2023-08-14,6762500,2023-06-12,6739900,2022-06-20,12579700,2021-07-19,15437300,2021-05-10,19280500
SMR,3691359452.0158887,weekly,2026-08-10,183004135,2026-08-03,149219500,2026-07-27,185520458,2026-07-20,141159900,2026-06-22,167798100,2026-06-15,184879200,2026-06-08,158062800,2026-06-01,197437100,2026-05-25,139016900,2026-05-11,171173600,2026-05-04,161640500,2026-04-27,136134600,2026-04-20,239686300,2026-04-13,261722900,2026-02-02,132459100,2026-01-19,137291200,2026-01-05,229845100,2025-12-01,134264300,2025-10-20,131571300,2025-10-13,186548000
BNL,4067368736.389154,weekly,2026-08-10,12615322,2026-08-03,14394000,2026-07-27,12104012,2026-07-06,12090100,2026-06-22,11772300,2026-04-27,13360500,2026-04-13,13856500,2026-04-06,48910200,2026-01-05,11964700,2025-12-15,12407900,2025-11-24,13729300,2025-08-18,12501000,2025-06-02,11284700,2025-04-07,11983400,2025-03-24,11200800,2024-03-11,13440100,2021-06-21,36553500,2021-06-14,43595400,2021-06-07,11629800,2021-05-24,21502300
AESI,2123394888.4014423,weekly,2026-08-03,23535900,2026-07-27,27359309,2026-06-22,15717700,2026-05-11,17106400,2026-05-04,36788200,2026-04-27,24236300,2026-04-20,26504600,2026-04-13,31280000,2026-04-06,60837300,2026-03-09,20735600,2026-03-02,20604700,2026-02-23,17126600,2026-01-26,16003000,2025-11-17,16415200,2025-11-10,22739200,2025-11-03,28485100,2025-10-27,21407300,2025-01-27,15158700,2024-11-25,16446400,2024-06-24,14853900
SPXX,2475157400.0,weekly,2026-08-10,1424240,2026-08-03,1037200,2026-07-27,1355665,2026-07-20,938400,2026-07-13,1923900,2026-07-06,1138700,2026-06-29,1745700,2026-06-22,1222800,2026-06-15,816900,2026-06-08,1856400,2026-06-01,1028300,2026-05-11,1266200,2026-05-04,1181800,2026-04-27,1200500,2026-04-20,1152800,2026-04-13,1508900,2026-04-06,1968900,2026-03-30,1674800,2020-03-23,1042000,2020-03-09,864200
MNR,2123386007.882027,weekly,2026-08-10,2240428,2026-06-15,2956500,2026-05-18,2686300,2026-05-11,2383900,2026-05-04,3036700,2026-04-27,2952900,2026-04-20,3831900,2026-04-13,8045500,2026-04-06,12831700,2025-12-15,2477000,2025-11-17,2877500,2025-11-03,2293100,2025-06-16,3296400,2025-06-09,2793600,2025-05-19,2450100,2025-02-24,2568200,2025-02-10,2567200,2025-02-03,2902100,2024-09-02,3035300,2023-10-23,2447100
DBD,2942720604.9122515,weekly,2026-08-03,1540200,2026-07-27,2782311,2026-06-22,2179500,2026-05-04,1590700,2026-04-27,2263500,2026-04-20,1598800,2026-04-13,2247000,2026-04-06,9361800,2026-03-16,1514800,2026-03-02,1575700,2026-02-23,1550600,2026-02-09,1883100,2026-02-02,1594200,2025-11-03,1934900,2025-06-30,1724300,2025-06-23,2043700,2024-11-04,1877300,2024-06-24,5482200,2023-12-11,4109200,2023-12-04,1592100
BRZE,2367517626.172713,weekly,2026-07-27,14563513,2026-07-06,12820500,2026-06-22,14981500,2026-05-25,22677300,2026-05-11,14763700,2026-05-04,16213600,2026-04-13,20059500,2026-04-06,17378600,2026-03-23,33721000,2026-03-02,13011500,2026-02-23,17321500,2026-02-09,17237100,2026-02-02,22863600,2026-01-26,14201300,2026-01-12,15760700,2025-12-08,24050700,2025-09-29,12819100,2025-09-15,14917800,2025-09-08,12840100,2025-09-01,19236900
DNLI,4058207773.456126,weekly,2026-07-13,11720600,2026-06-22,12520500,2026-06-08,10434600,2026-05-04,10391000,2026-04-27,9493300,2026-03-23,15193800,2026-01-26,9865200,2025-12-08,13300300,2025-10-13,9514300,2025-09-29,9503400,2025-09-22,11469800,2025-09-15,13457800,2025-09-01,13678800,2025-08-04,10814500,2025-06-02,10561600,2025-04-07,9600000,2025-03-31,13137500,2025-03-03,9755000,2024-02-26,11553000,2020-01-27,9546500
COCO,4209773159.607874,weekly,2026-07-27,7165032,2026-07-20,6664300,2026-06-22,6585900,2026-05-11,7725000,2026-04-27,14609100,2026-03-23,16482400,2026-02-16,10849100,2025-10-27,8779600,2025-09-22,6391600,2025-09-15,9388000,2025-05-12,6370000,2025-03-31,6734700,2024-02-26,6578400,2024-01-22,7901100,2023-10-30,8433100,2023-09-11,7149800,2023-07-31,7040400,2023-05-22,8098900,2021-11-15,12706600,2021-10-18,11542800
MZTI,3178758446.244996,weekly,2026-08-10,1683663,2026-08-03,1452600,2026-07-27,1925373,2026-06-22,2310800,2026-06-15,1956700,2026-06-01,1521100,2026-05-25,1683500,2026-05-11,1741900,2026-05-04,2590900,2026-04-27,1888800,2026-04-20,1768500,2026-04-13,1769100,2026-04-06,1498500,2026-03-16,2603200,2026-01-31,1937500,2025-04-26,1855000,2024-01-27,1587700,2023-03-25,1484800,2022-10-29,2389900,2020-03-21,1602400
LTH,9128938401.969393,weekly,2026-08-10,23938630,2026-07-27,23316623,2026-06-22,22989600,2026-05-11,17901300,2026-05-04,32592800,2026-03-16,36676200,2026-03-09,19403600,2026-02-23,22356900,2025-11-03,17147300,2025-08-04,20391200,2025-07-14,14396100,2025-06-23,25821600,2025-06-16,17412400,2025-06-09,19391100,2025-06-02,20492000,2025-05-05,14353000,2025-03-03,25808100,2025-02-24,19118400,2024-08-12,17824500,2021-10-04,14616200
LAUR,5195994003.77863,weekly,2026-06-22,8855600,2026-04-27,9517500,2026-03-16,29672700,2026-03-09,12938200,2025-12-15,8881600,2025-07-14,8742300,2023-06-19,11833600,2022-12-12,10692600,2022-11-21,14410300,2022-11-14,22425800,2022-03-14,13778000,2022-02-28,14063700,2022-02-21,10533900,2021-12-13,11277800,2021-11-01,12160000,2021-09-27,18567300,2021-09-20,11388200,2020-09-14,10439000,2020-03-16,12354100,2020-01-27,11412800
LIF,4301161713.011034,weekly,2026-08-10,11059811,2026-05-11,5927400,2026-04-06,6169500,2026-03-23,5181400,2026-03-16,20304700,2026-03-09,8962000,2026-03-02,9512000,2026-02-02,5798200,2026-01-26,5930700,2026-01-19,7473800,2025-12-15,7692000,2025-11-17,5428800,2025-11-10,9929200,2025-09-15,10669100,2025-09-08,5609800,2025-08-11,7105100,2025-06-02,7122400,2025-05-26,6238800,2025-05-12,6436500,2025-03-17,7837500
VSEC,6172292890.234118,weekly,2026-08-10,2530086,2026-08-03,2593800,2026-07-06,2503100,2026-06-22,3653100,2026-05-04,2818700,2026-04-27,2873900,2026-04-20,2859000,2026-04-06,2416000,2026-03-30,3133600,2026-03-23,3234700,2026-03-16,9101500,2026-03-09,3622500,2026-02-23,2630700,2026-02-16,2474600,2026-02-09,3073900,2026-01-31,7719400,2026-01-03,2402200,2025-10-25,3031300,2025-09-13,2791900,2024-10-12,2801300
TOWN,3351852435.9158587,weekly,2026-08-10,2482599,2026-08-03,3583500,2026-07-27,4126117,2026-07-20,2768700,2026-07-13,3244400,2026-07-06,3518300,2026-06-22,4426000,2026-06-15,3289200,2026-06-08,2450600,2026-05-25,2538800,2026-05-11,3263900,2026-03-23,2507400,2026-03-16,5570500,2026-03-09,2518600,2026-02-09,2854700,2026-01-31,2762000,2026-01-24,3238800,2025-12-13,2583800,2025-08-16,2556000,2025-03-29,2526600
NBHC,2026784577.347787,weekly,2026-07-27,2370595,2026-07-20,3253900,2026-06-22,3540500,2026-04-20,2314600,2026-04-06,2304100,2026-03-23,2396100,2026-03-16,7190700,2026-03-09,3300600,2026-03-02,2684000,2026-02-23,3131800,2026-02-02,2611100,2026-01-26,3242100,2026-01-12,2586100,2025-12-15,2821200,2025-09-15,3045600,2025-07-28,2556600,2025-04-21,2430200,2023-03-13,2583500,2022-12-12,4460300,2020-03-16,2267400
CAG,6736395142.502177,weekly,2026-07-27,87985225,2026-07-13,85832700,2026-06-22,88496300,2026-06-15,74246000,2026-06-08,76953200,2026-05-11,71478000,2026-04-27,71427600,2026-04-13,95120100,2026-03-30,86275600,2026-03-23,74501900,2026-03-16,96897800,2026-03-09,90541200,2026-01-31,73601900,2026-01-24,68813600,2026-01-03,74553100,2025-10-25,73004400,2025-09-27,76830700,2025-08-23,94306800,2025-07-26,69873100,2025-07-05,81590500
RITM,5236916117.339057,weekly,2026-03-23,62725200,2026-03-16,166627600,2026-03-09,62258200,2026-03-02,53645700,2026-02-02,70759200,2026-01-26,56721500,2022-12-12,63627300,2022-06-13,79447000,2021-04-12,75066000,2020-06-08,56492500,2020-05-18,59602200,2020-05-04,65565900,2020-04-27,59115400,2020-04-20,73191000,2020-04-13,73086900,2020-04-06,121304500,2020-03-30,120304300,2020-03-23,150809700,2020-03-16,90349200,2020-03-09,52987000
CBSH,8424461912.004353,weekly,2026-07-27,7400665,2026-06-22,6871500,2026-06-15,6680300,2026-06-08,7258900,2026-04-20,7162000,2026-04-13,6719600,2026-03-16,9047100,2026-03-09,6799100,2026-03-02,7146800,2026-02-23,6900500,2026-02-09,7033400,2026-01-31,6783700,2026-01-24,7471300,2025-12-13,7165900,2025-11-29,6471390,2025-10-25,7162365,2025-10-11,7368585,2025-07-12,6755070,2020-03-14,8288683,2020-03-07,7427704
MTCH,8670516403.932743,weekly,2026-03-16,95084800,2026-01-31,41576200,2025-08-02,41622800,2025-02-22,39789600,2024-11-02,48434000,2024-07-27,47309500,2024-07-13,45833700,2024-05-04,47352200,2024-03-09,45692400,2024-01-27,40562700,2024-01-06,41584300,2023-12-09,45453500,2023-10-28,57781000,2023-07-29,39932100,2023-04-29,38574700,2023-01-28,42653000,2022-12-10,44070500,2022-10-29,41929100,2021-09-11,71707500,2021-09-04,38652700
GPGI,4365313301.792818,weekly,2026-06-22,11497700,2026-05-18,11648500,2026-05-11,16235200,2026-05-04,32660500,2026-04-27,17353500,2026-04-20,17757000,2026-04-13,15544400,2026-04-06,17275800,2026-03-30,12088300,2026-03-23,21444200,2026-03-16,55521200,2026-03-09,30839700,2026-03-02,18728500,2026-02-23,21395800,2026-02-02,11895100,2026-01-19,10671700,2026-01-12,18908100,2025-11-03,11217300,2024-09-16,13828422,2024-08-05,10900656
BANR,2303497218.356197,weekly,2026-08-10,1833586,2026-08-03,1797000,2026-07-27,1812056,2026-07-20,2212800,2026-07-13,2417500,2026-07-06,1947400,2026-03-16,2860400,2026-03-02,1820800,2026-02-23,2122300,2024-12-14,1766400,2024-09-14,1840200,2023-12-09,1986400,2023-10-14,1771500,2023-06-10,2063900,2023-06-03,1841300,2023-03-11,2562700,2021-12-11,2078000,2020-06-13,1930500,2020-03-28,1890500,2020-03-14,1991700
CTRE,9645688584.744722,weekly,2026-08-10,13755958,2026-06-22,20327800,2026-06-15,18773400,2026-06-08,18763300,2026-05-18,15919900,2026-03-23,15051000,2026-03-16,50400100,2025-12-15,13214000,2025-09-29,12773500,2025-09-22,12510700,2025-09-15,12589200,2025-08-11,39362700,2025-07-07,12758900,2025-02-10,13544900,2024-12-16,24417100,2024-11-04,21983200,2024-10-28,22346100,2024-09-16,12490400,2024-03-11,13726900,2023-12-11,16113800
FCF,2087581956.7726164,weekly,2026-08-03,4658200,2026-07-27,6395214,2026-06-22,4647400,2026-03-16,10471600,2026-03-09,5533700,2026-01-31,5150500,2025-12-13,6668400,2025-09-13,5320500,2025-07-12,5266300,2025-04-12,5365700,2025-04-05,7132700,2025-03-15,8774900,2025-01-11,5239800,2024-07-20,5175800,2024-07-13,4848000,2023-03-18,5298800,2023-03-11,10470600,2023-03-04,5709900,2021-12-11,6565000,2020-12-12,4654800
PIPR,5409286251.03554,weekly,2026-08-10,2468254,2026-08-03,2834400,2026-07-27,4122116,2026-07-13,2522800,2026-07-06,3311800,2026-06-22,4220800,2026-06-01,2454100,2026-05-11,3178000,2026-05-04,3756100,2026-04-27,3573900,2026-04-20,2829500,2026-04-13,2845900,2026-04-06,3212900,2026-03-23,3709900,2026-03-16,4894000,2026-03-09,4044400,2026-03-02,3912000,2026-02-23,4672000,2026-02-16,2854000,2026-02-09,4827200
IBOC,4838944304.723736,weekly,2026-06-22,3225000,2026-04-06,2164700,2026-03-30,2186500,2026-03-16,5182800,2025-12-13,2136200,2025-03-15,3127300,2025-01-25,2473800,2024-12-14,3281000,2024-03-09,2322600,2023-12-09,2616500,2023-03-11,4185400,2022-12-10,2605400,2022-08-06,2177500,2022-03-05,2619300,2021-12-11,2295200,2020-06-13,2640900,2020-05-09,2129100,2020-03-28,2871700,2020-03-21,3772800,2020-03-14,4144000
DX,2827082982.5958757,weekly,2026-08-03,28225700,2026-07-27,29405255,2026-07-20,29701400,2026-07-13,29806400,2026-06-22,28464900,2026-04-20,40230300,2026-04-13,27943000,2026-03-23,32076000,2026-03-16,50525400,2026-03-09,33012700,2026-03-02,28064500,2026-01-31,30592600,2026-01-24,40595100,2026-01-17,31091300,2026-01-10,33472900,2026-01-03,39535900,2025-10-18,29625900,2025-09-20,27798500,2025-09-13,35872600,2025-04-05,36296500
GRDN,2679096112.772891,weekly,2026-08-03,1940700,2026-06-29,2121500,2026-06-22,2905900,2026-06-15,1937800,2026-05-11,1825200,2026-05-04,2801100,2026-04-06,3049200,2026-03-30,3050800,2026-03-23,2788800,2026-03-16,4895100,2026-03-09,2583200,2025-12-15,2142600,2025-11-17,1832700,2025-11-10,2672700,2025-09-15,3506700,2025-06-23,1931600,2025-05-26,1956900,2025-05-19,3101800,2024-12-16,2810100,2024-09-23,3462800
HIMS,7855674156.419443,weekly,2026-05-11,179734100,2026-04-20,248965700,2026-04-13,229136600,2026-03-09,516662000,2026-02-23,198542600,2026-02-02,184259300,2025-11-03,210210300,2025-10-13,212294400,2025-09-15,177738700,2025-08-04,244770700,2025-07-28,178709200,2025-07-21,204891700,2025-06-23,450304000,2025-06-02,289893000,2025-05-19,182809700,2025-05-12,291624500,2025-05-05,459182600,2025-04-28,316603300,2025-02-24,262164700,2025-02-17,200448300
UNF,4622607520.394992,weekly,2026-06-22,1143300,2026-06-08,2166900,2026-05-11,1133700,2026-05-04,1083800,2026-04-06,1276100,2026-03-30,1083100,2026-03-23,2026900,2026-03-16,2595000,2026-03-09,4562300,2026-03-02,1561200,2026-02-09,1738700,2026-02-07,1253100,2026-01-03,1252400,2025-12-20,2073100,2025-12-13,1467800,2025-12-06,1174700,2025-10-18,1199100,2025-03-29,1190300,2025-03-22,1427100,2025-01-04,2247400
HIMX,2631696027.0,weekly,2026-05-11,40966600,2026-05-04,47662700,2026-03-09,58692400,2025-02-10,26665300,2025-01-27,35845800,2025-01-20,45437900,2024-12-09,31507300,2022-02-14,28514800,2022-01-03,40633300,2021-12-27,32787100,2021-08-02,28352300,2021-06-28,33232500,2021-06-14,27589600,2021-05-24,25719300,2021-05-17,29761600,2021-05-10,24238300,2021-05-03,27134400,2021-04-12,25903300,2021-02-08,40659300,2021-02-01,32317400
BKV,2838582672.240046,weekly,2026-08-03,4955300,2026-07-27,6208545,2026-06-22,6118500,2026-05-04,5864500,2026-04-20,4157100,2026-04-13,4692900,2026-03-30,4653100,2026-03-23,7080300,2026-03-16,6851600,2026-03-09,9262200,2026-03-02,4611700,2026-02-23,4243800,2025-12-15,6252700,2025-12-08,4320400,2025-12-01,9173100,2025-11-17,4763500,2025-11-10,5131100,2025-10-27,4261100,2024-12-16,5194100,2024-09-23,7585600
GTLB,4909923047.586395,weekly,2026-08-10,31125418,2026-06-08,30702900,2026-06-01,58580600,2026-05-11,33375200,2026-04-27,32799900,2026-04-13,29173800,2026-04-06,40959500,2026-03-09,34913200,2026-03-02,59449600,2026-02-23,33215300,2026-02-02,28806900,2025-12-01,50546600,2025-10-13,37680200,2025-09-08,32910400,2025-09-01,44491600,2025-06-09,59159100,2024-03-04,47865200,2023-12-04,37825900,2023-06-05,42455500,2023-03-13,43154200
LASR,3461802486.1122675,weekly,2026-08-10,9694908,2026-08-03,9632000,2026-07-06,8382700,2026-06-22,9782500,2026-05-11,7785200,2026-05-04,8737400,2026-04-13,5865500,2026-04-06,6555900,2026-03-30,8627100,2026-03-23,8304600,2026-03-16,12686700,2026-03-09,9192600,2026-03-02,15840100,2026-02-23,11772200,2026-02-02,11409400,2025-08-25,5587200,2025-08-11,5691800,2025-08-04,6144400,2025-07-28,6482000,2025-06-23,5915000
CRGY,3342146494.59802,weekly,2026-08-03,34007800,2026-06-22,38164700,2026-05-11,38286300,2026-05-04,47356100,2026-04-06,40793200,2026-03-30,42752400,2026-03-23,35701500,2026-03-16,50895400,2026-03-09,48516500,2026-03-02,91095300,2026-02-23,35821500,2026-01-26,34448100,2026-01-05,37668500,2025-12-15,43154500,2025-11-10,36326800,2025-11-03,42705700,2025-08-25,44833100,2024-12-16,34017200,2024-12-02,40659300,2024-09-30,62470900
AVAV,6888393617.510608,weekly,2026-08-10,7481127,2026-07-06,10668300,2026-06-29,15157700,2026-06-22,11887200,2026-05-25,9648400,2026-03-16,8571500,2026-03-09,14089400,2026-03-02,25169100,2026-02-02,7544000,2026-01-19,8661400,2026-01-12,8568600,2026-01-05,11431700,2025-12-08,10195300,2025-09-29,7805900,2025-09-08,8509700,2025-07-14,12819600,2025-07-07,12588100,2025-06-30,13133400,2025-06-23,16981500,2024-03-04,7286800
SEB,4538104571.527796,weekly,2026-08-10,119651,2026-08-03,64600,2026-04-06,69600,2026-03-23,68000,2026-03-16,85400,2026-03-09,130000,2026-03-02,151900,2026-02-23,88700,2026-02-16,102300,2026-02-09,114000,2026-02-07,65500,2026-01-31,95100,2026-01-24,107900,2026-01-17,92600,2026-01-10,66500,2026-01-03,82000,2025-12-27,71600,2025-12-13,64800,2025-12-06,72400,2025-11-15,68000
XMTR,5213551452.463958,weekly,2026-06-01,6242300,2026-05-04,8498400,2026-03-09,6001700,2026-02-23,15970700,2026-02-02,5508400,2025-11-03,7510700,2025-08-04,10956200,2025-06-09,6387300,2024-11-04,5629000,2024-08-05,6111000,2024-06-24,5494300,2024-05-06,6729400,2024-03-04,6588800,2024-02-26,9390500,2023-03-06,5806000,2023-02-27,10532000,2022-11-07,6167200,2022-03-14,6651000,2022-01-31,9900800,2021-06-28,6689900
WK,2752653614.9255023,weekly,2026-08-03,4716600,2026-06-22,6504300,2026-06-08,5604900,2026-05-11,8477000,2026-05-04,8475000,2026-04-27,6175800,2026-04-20,6775900,2026-03-02,4983600,2026-02-23,8640600,2026-02-16,8222100,2026-02-02,5419500,2026-01-05,5340300,2025-10-06,4972900,2025-08-04,5855800,2025-07-28,5921800,2025-04-07,6463000,2025-03-31,6165200,2025-02-24,4840700,2025-01-20,6525800,2023-08-14,5355100
ACHC,2521735824.455031,weekly,2026-07-27,25052828,2026-06-22,27742800,2026-04-27,25060300,2026-04-06,15724500,2026-03-23,16158400,2026-03-09,16111200,2026-03-02,17831400,2026-02-23,30603900,2026-02-09,27641100,2026-02-07,18188000,2026-01-31,17669900,2026-01-17,26423000,2025-11-29,27525600,2025-09-20,18616100,2025-09-13,28761400,2025-08-02,18285200,2025-05-10,19785100,2025-04-19,17533200,2025-04-12,15958900,2025-03-01,19977000
EOSE,2013318296.538588,weekly,2026-08-03,183454500,2026-07-27,164544056,2026-07-13,123006600,2026-07-06,152054400,2026-06-15,134231800,2026-05-11,270980700,2026-05-04,123121400,2026-04-13,168690200,2026-04-06,166075500,2026-03-02,144289900,2026-02-23,278508100,2026-01-12,142359700,2025-11-17,181960100,2025-11-10,145728700,2025-11-03,128555200,2025-10-20,130424500,2025-10-13,160609300,2025-10-06,121387200,2025-09-22,119939900,2025-05-26,148682300
STEP,4718878889.489612,weekly,2026-08-03,12497900,2026-07-06,6265000,2026-06-29,7012600,2026-06-22,9178400,2026-06-15,7763600,2026-06-01,7129700,2026-05-25,6185900,2026-03-09,7175600,2026-03-02,8229400,2026-02-23,14872700,2026-02-16,6454800,2026-02-09,6417600,2026-02-02,7792200,2025-09-15,6007900,2025-04-07,6749300,2024-09-09,5886200,2024-06-24,6106100,2024-06-17,12911500,2021-03-15,7262300,2020-09-14,11490500
DUOL,5660598285.747207,weekly,2026-08-03,10135100,2026-06-22,10036400,2026-05-04,18025300,2026-04-06,9889600,2026-03-16,9781400,2026-03-09,12658200,2026-03-02,17288700,2026-02-23,34312400,2026-02-09,11519800,2026-02-02,18504000,2026-01-26,9631900,2026-01-12,14299600,2025-11-17,10625700,2025-11-10,11780900,2025-11-03,23972800,2025-09-08,12891300,2025-08-18,9656600,2025-08-11,10697200,2025-08-04,17513600,2024-04-15,10172000
ESTC,5846239484.432836,weekly,2026-08-10,15147035,2026-06-22,12447800,2026-05-25,17343600,2026-03-16,16239700,2026-03-02,13308300,2026-02-23,21186300,2025-11-17,17882000,2025-08-25,20688900,2025-06-02,12512600,2025-05-26,16256400,2025-03-10,12108900,2024-11-18,17425900,2024-08-26,16463500,2024-02-26,13341300,2023-12-04,13356900,2023-11-27,18954000,2022-11-28,19695800,2021-11-29,15106600,2020-06-01,15693100,2020-02-24,13429400
ATHM,2316591127.52742,weekly,2026-07-27,5698106,2026-06-22,6137600,2026-03-16,5921300,2026-02-23,11810800,2022-11-28,6249000,2022-03-14,6878800,2021-12-13,5389500,2021-12-06,5381100,2021-11-29,6336100,2021-11-15,5303800,2021-11-08,5840700,2021-08-30,6651000,2021-08-23,5870000,2021-07-26,6003300,2021-06-14,6078800,2021-03-15,6596400,2021-03-08,10177400,2021-01-25,6036900,2020-07-06,5724400,2020-02-17,6067300
UCTT,5326504716.377092,weekly,2026-08-10,7032250,2026-08-03,8966500,2026-07-27,10402436,2026-07-13,5988500,2026-07-06,8981100,2026-06-29,6067500,2026-06-22,8388100,2026-06-08,6248800,2026-06-01,5975500,2026-05-04,6564100,2026-04-27,7108700,2026-03-02,9768300,2026-02-23,20532600,2026-02-09,6317000,2026-01-12,7508100,2026-01-05,5808800,2025-04-28,5465100,2025-02-24,6016800,2021-04-12,5543500,2021-04-05,8508200
BFLY,2322687722.786784,weekly,2026-08-10,38659163,2026-08-03,38813400,2026-07-27,47602601,2026-07-13,40220100,2026-07-06,41278500,2026-06-22,77544100,2026-06-15,77576600,2026-02-23,90075600,2026-01-12,43723600,2025-12-15,34719800,2025-11-17,38663500,2025-11-03,40830300,2025-10-27,34705400,2025-10-06,52421400,2025-09-22,40553700,2025-09-15,37194200,2025-06-23,45686400,2023-04-03,60611500,2021-11-15,35734100,2020-11-23,46090500
FSK,2912690909.4071145,weekly,2026-08-03,20783700,2026-05-11,24555300,2026-05-04,20442000,2026-03-30,16793100,2026-03-23,20193300,2026-03-16,24809300,2026-03-09,23189200,2026-03-02,32591200,2026-02-23,38714600,2026-02-02,21862500,2025-12-15,18010800,2025-10-06,18484900,2025-09-29,17902300,2025-09-22,17708700,2025-09-15,25495100,2025-08-04,19792000,2025-04-07,23605500,2025-03-17,20097500,2024-02-26,18270700,2022-06-13,16882000
DNOW,2473498129.743495,weekly,2026-08-10,14642808,2026-08-03,16827800,2026-06-22,22450800,2026-06-15,16462000,2026-05-11,17577400,2026-05-04,22756000,2026-04-27,15446700,2026-04-13,14642400,2026-03-23,14815400,2026-03-16,20328400,2026-03-09,15184300,2026-03-02,21152500,2026-02-23,36019000,2026-02-16,16676600,2026-01-12,16285300,2025-11-10,16755300,2025-11-03,29763100,2024-03-11,14711000,2021-10-25,30282400,2020-06-15,28931200
CECO,5365486195.383531,weekly,2026-08-10,6252736,2026-08-03,4968200,2026-07-27,7663263,2026-07-06,3951000,2026-06-22,5185000,2026-06-08,5249400,2026-06-01,4496300,2026-05-25,6246400,2026-05-04,6148300,2026-04-27,5486900,2026-03-02,4606500,2026-02-23,8266800,2025-10-25,4931100,2025-09-13,4189600,2025-07-26,4116900,2024-06-22,3859000,2023-06-17,5091900,2023-03-04,4137700,2023-01-07,3837900,2022-06-18,4257500
WHR,2526805334.5193424,weekly,2026-08-03,18252700,2026-07-27,12626514,2026-07-06,15088200,2026-06-22,12555100,2026-06-15,12022400,2026-05-25,11824600,2026-05-18,11815400,2026-05-11,21709100,2026-05-04,27339400,2026-04-20,13085300,2026-04-13,12294900,2026-03-16,15749600,2026-03-09,15340600,2026-03-02,21955400,2026-02-23,31899500,2026-01-24,14910200,2025-07-26,27360000,2024-06-22,15763100,2024-04-20,13374100,2024-03-09,18717700
CHE,6149626431.245812,weekly,2026-07-27,1194871,2026-06-22,1078600,2026-06-15,1343800,2026-05-11,1244500,2026-05-04,1049700,2026-04-27,1607700,2026-04-20,1653000,2026-04-13,1046600,2026-04-06,1065000,2026-03-30,994200,2026-03-23,1559500,2026-03-16,1663500,2026-03-09,1282700,2026-03-02,1520400,2026-02-23,1780200,2025-10-25,1480900,2025-09-27,1200000,2025-09-13,1236400,2025-07-26,1361300,2025-06-28,1356100
BSY,9113900174.503656,weekly,2026-08-03,15574500,2026-07-27,19632726,2026-06-22,23488800,2026-06-15,19273700,2026-06-08,15882400,2026-05-11,17734800,2026-03-23,15973800,2026-03-02,17538000,2026-02-23,34734300,2026-02-16,13843000,2026-02-09,19672800,2026-02-02,16422300,2025-12-15,16452300,2025-10-06,14716600,2025-09-29,33424600,2024-04-15,24388000,2021-09-13,24550000,2021-06-21,26014100,2021-06-14,15413600,2021-05-24,18043100
HTGC,2915307609.0958004,weekly,2026-07-27,10795983,2026-05-04,11021300,2026-04-13,11146100,2026-03-09,13967900,2026-03-02,20875100,2026-02-23,27637400,2026-02-16,17175300,2026-02-09,15960500,2026-02-02,18277300,2025-05-12,10757200,2025-03-03,14021600,2024-07-29,10919600,2023-05-01,11493400,2023-04-10,12363000,2023-03-13,22180200,2023-03-06,13984300,2022-06-13,13322700,2022-05-09,13662400,2020-03-23,10865200,2020-03-16,16847900
GTY,2055878967.846608,weekly,2026-07-27,2688951,2026-07-20,3130100,2026-06-22,4359800,2026-06-15,2855600,2026-03-16,3069000,2026-03-02,2973100,2026-02-23,3198500,2026-02-16,6713000,2026-01-10,2687100,2026-01-03,2698500,2025-04-19,2630500,2025-04-05,2899400,2024-07-27,6005800,2023-12-09,4385700,2023-12-02,2812100,2023-06-10,2630600,2023-03-11,2914100,2023-02-25,3617800,2022-12-10,2712900,2022-10-29,3227400
OCUL,2154569970.02459,weekly,2026-06-22,21046000,2026-04-06,19722500,2026-03-09,23678300,2026-03-02,44011800,2026-02-23,34127800,2026-02-16,85855800,2026-02-02,31637300,2026-01-26,20350900,2026-01-12,51020300,2025-12-15,20984500,2025-12-08,32179000,2025-10-06,19172400,2025-09-29,30388700,2025-06-09,22665600,2024-04-22,18570500,2024-04-15,19023100,2024-03-11,20439700,2024-02-19,19304900,2023-06-12,18977100,2023-02-13,44959000
ACLS,5324032758.831212,weekly,2026-05-04,5803400,2026-04-20,5003900,2026-03-23,4510400,2026-02-16,9750800,2025-11-03,4859400,2025-10-06,4667000,2025-09-29,5320100,2025-06-09,4971600,2025-05-05,4764300,2025-04-07,5794700,2025-02-10,6505900,2024-12-16,4650600,2024-09-16,5757200,2024-07-29,5705700,2024-02-05,6139400,2023-12-11,4640800,2023-10-30,5275900,2023-09-11,4723400,2023-02-27,4389300,2022-08-22,4736200
IHS,2764694691.0,weekly,2026-07-27,16377612,2026-06-22,8426600,2026-06-08,9586600,2026-05-11,7210100,2026-03-23,10839300,2026-03-16,7555300,2026-03-09,9011000,2026-03-02,21691800,2026-02-23,13456900,2026-02-16,23009500,2026-02-02,6770600,2026-01-12,7300200,2026-01-05,7433400,2025-12-01,7127600,2025-05-19,7823900,2025-05-05,10250300,2025-03-17,8297900,2024-08-05,9149800,2024-02-05,6979600,2021-10-11,13921500
RIG,5705938821.149713,weekly,2026-08-10,315235205,2026-07-27,336863193,2026-02-16,277089900,2026-02-09,638363500,2026-02-07,433271700,2025-10-25,302007700,2025-10-18,397719500,2025-10-11,287969600,2025-09-20,398437000,2025-06-07,261171000,2025-05-31,260408300,2025-04-05,335585900,2025-03-29,257868800,2022-03-05,370911600,2021-01-23,279526800,2020-12-05,299759200,2020-11-21,332971400,2020-10-31,254416000,2020-06-06,350107400,2020-04-25,272457200
MBIN,2297229641.0574,weekly,2026-07-27,1346509,2026-06-22,1677600,2026-03-16,1592700,2026-02-23,1211500,2026-02-16,1275200,2026-02-09,6837200,2026-01-26,1454300,2025-08-18,1220900,2025-07-28,1339400,2025-06-23,1655500,2025-04-28,1285100,2025-01-27,1471300,2024-10-28,1439700,2024-08-19,1243100,2024-07-29,2179600,2024-07-22,1271400,2024-07-15,1494500,2024-05-13,3395900,2024-04-29,1262800,2023-11-13,1448700
KD,2496254656.7896204,weekly,2026-08-10,21710863,2026-08-03,28401200,2026-07-27,27176961,2026-06-22,24555400,2026-06-15,22363900,2026-05-11,21264300,2026-05-04,34324100,2026-02-23,24774600,2026-02-16,28389200,2026-02-09,67116300,2026-02-02,21757100,2025-11-03,24658100,2025-08-04,35718700,2025-03-24,23738600,2023-08-07,24425200,2022-08-08,28508700,2022-06-13,25516100,2021-11-29,23601300,2021-11-08,41609600,2021-11-01,62070300
LSTR,7098120902.515418,weekly,2026-08-10,2637085,2026-08-03,2592400,2026-07-27,5359510,2026-06-22,2765800,2026-05-11,3113700,2026-04-27,3086000,2026-02-23,3896100,2026-02-16,2742000,2026-02-09,5534900,2026-01-24,2850300,2026-01-03,2687700,2025-12-13,2700700,2025-10-25,3167400,2025-10-04,2803500,2025-05-10,2563100,2025-03-15,2790200,2022-04-02,2946800,2020-03-21,2557500,2020-03-14,3364100,2020-03-07,2816400
MHD,2043990000.0,weekly,2026-08-10,1938498,2026-07-27,1744016,2026-07-06,2273000,2026-06-29,1616100,2026-06-22,1789300,2026-06-08,1610800,2026-05-18,2194900,2026-05-04,2086800,2026-04-13,2388300,2026-04-06,2747300,2026-03-30,2830100,2026-03-23,2185700,2026-03-09,2015200,2026-03-02,1910600,2026-02-23,2214500,2026-02-16,2374000,2026-02-09,2938800,2026-02-07,1686900,2022-12-17,1615900,2022-12-10,1754900
MNDY,3735762873.088985,weekly,2026-08-10,12751989,2026-07-27,10424363,2026-05-25,10727700,2026-05-11,16783400,2026-04-13,9697900,2026-02-23,15200800,2026-02-16,14125800,2026-02-09,25147400,2026-02-02,16596000,2026-01-12,9581000,2025-11-10,14251800,2025-09-15,9984700,2025-08-11,21478700,2025-02-10,11412200,2024-12-16,10152500,2024-11-11,9884100,2024-05-13,10374700,2024-02-12,11136300,2023-05-15,9977500,2022-02-21,9294800
CUZ,4929628256.583932,weekly,2026-07-27,12794161,2026-05-11,11111300,2026-05-04,12202200,2026-04-27,13806400,2026-04-20,12901500,2026-03-02,10761300,2026-02-23,11319500,2026-02-16,14745500,2026-02-09,19271100,2026-01-31,12979600,2025-08-02,10785300,2024-02-24,10985100,2024-02-03,12590300,2023-12-09,11097000,2023-10-21,13460100,2023-07-29,13374900,2023-04-22,11654700,2023-03-18,16056700,2023-03-11,14693400,2023-03-04,12783100
MAT,4062588208.535844,weekly,2026-02-09,87697400,2026-02-07,59414100,2025-07-19,43426400,2025-05-03,32428700,2025-04-05,34136700,2025-03-15,33827700,2025-02-01,39150900,2024-11-16,37519400,2024-07-20,63252500,2024-06-15,35134200,2023-10-21,42553000,2022-02-05,33368100,2020-10-17,45104400,2020-05-02,36341300,2020-03-14,40117600,2020-03-07,47953500,2020-02-29,36363400,2020-02-22,35413100,2020-02-08,41662100,2020-02-01,36740500
RNG,3117862937.92381,weekly,2026-07-27,16996840,2026-07-20,17276000,2026-05-04,14600600,2026-03-02,13296200,2026-02-23,18742200,2026-02-16,24238900,2026-02-09,27916900,2025-08-04,15302500,2025-03-17,14101100,2023-08-07,16033900,2023-05-22,13644300,2023-05-08,19728900,2023-03-20,16185100,2023-02-27,13437500,2023-02-13,23637100,2022-11-07,19311500,2022-08-08,16450400,2022-08-01,17640800,2022-05-09,17893100,2021-11-08,13199500
CCC,2940572014.3496656,weekly,2026-07-27,76802941,2026-06-01,55993400,2026-05-11,52684900,2026-05-04,60857100,2026-04-27,108739700,2026-04-20,57440900,2026-03-16,62642200,2026-03-09,69043600,2026-03-02,67198200,2026-02-23,98494700,2026-02-09,80957200,2026-02-02,134895500,2026-01-26,59267900,2025-11-03,68423600,2025-08-04,53950300,2025-06-02,53394500,2025-04-07,61647800,2025-03-31,56273100,2025-03-10,60129000,2025-03-03,64312200
CVCO,4765566555.363832,weekly,2026-07-27,1026095,2026-05-25,865900,2026-04-06,883700,2026-03-09,884400,2026-02-23,1045800,2026-02-02,1655700,2026-01-26,1519000,2026-01-12,1044800,2026-01-05,1009000,2025-12-15,858100,2025-12-01,1085400,2025-10-27,938400,2025-10-06,1046700,2025-09-29,966800,2025-09-15,1314700,2025-08-18,913800,2025-06-23,1217600,2025-06-16,1067300,2025-06-09,1122000,2025-06-02,1017100
SLAB,7203889671.577426,weekly,2026-06-22,3829600,2026-03-02,5312400,2026-02-23,3367500,2026-02-09,5478600,2026-02-02,13789700,2025-04-07,4366300,2024-04-22,3878300,2023-10-30,7636500,2023-04-24,5564000,2023-03-20,4499000,2023-01-30,5122500,2022-10-24,3968600,2022-09-12,4301500,2021-10-25,4546000,2021-08-30,3763700,2021-08-23,3677400,2020-05-25,4059400,2020-03-16,3795900,2020-03-09,3530100,2020-01-27,3583800
OBDC,5370025127.044945,weekly,2026-08-03,31503800,2026-07-27,27580606,2026-04-13,26218000,2026-03-30,32217500,2026-03-23,26552400,2026-03-16,29063400,2026-03-09,41127400,2026-03-02,34315100,2026-02-23,45169300,2026-02-16,34822200,2026-02-02,59060800,2025-11-24,28137900,2025-11-17,53294200,2025-11-03,31418000,2025-10-13,32294500,2025-10-06,31801200,2025-09-29,28303900,2025-09-15,26175900,2025-04-07,40232300,2025-03-17,33151800
ALGT,3120266199.025897,weekly,2026-08-10,2992473,2026-06-22,4527400,2026-06-08,3040000,2026-05-11,4222600,2026-04-27,3068600,2026-03-09,3056500,2026-02-02,4940400,2026-01-12,4395100,2025-08-11,3055700,2025-08-04,3281500,2025-05-05,3064200,2025-04-07,3150900,2025-03-10,3607800,2025-03-03,3068200,2025-02-03,3132200,2024-10-28,3242000,2024-07-29,3090800,2024-07-15,3040900,2024-07-08,3202500,2020-05-11,3282700
TENB,3332419309.1676383,weekly,2026-08-03,16676400,2026-07-27,24434942,2026-07-20,17081000,2026-07-13,14114500,2026-07-06,20735200,2026-06-29,14703600,2026-06-01,17887700,2026-05-18,21720800,2026-05-11,13920400,2026-05-04,17421800,2026-04-27,23222900,2026-04-13,18722200,2026-04-06,19171600,2026-03-23,14859900,2026-03-16,16503500,2026-02-23,18721800,2026-02-02,26071200,2024-07-29,13941300,2023-04-24,13480500,2020-07-27,13522500
BILL,3537675801.289395,weekly,2026-02-02,41804200,2025-09-08,23072200,2025-09-01,22542500,2025-08-25,37324200,2025-03-03,21128300,2025-02-10,21882300,2025-02-03,39075400,2024-12-16,26596900,2024-12-02,21273000,2024-02-05,32213600,2023-11-06,40919500,2023-10-30,34970700,2023-03-13,20223100,2023-02-06,21467700,2023-01-30,34702300,2022-08-15,19731500,2022-05-09,23904900,2022-05-02,25042400,2022-01-31,25395900,2020-08-31,19616000
GBDC,3279634193.345968,weekly,2026-04-13,12073500,2026-04-06,10044200,2026-03-30,13153200,2026-03-16,12423500,2026-03-09,17952500,2026-03-02,13771000,2026-02-23,18189600,2026-02-16,14527400,2026-02-02,23998000,2025-12-29,10372100,2025-12-15,12435100,2025-11-17,10672400,2025-10-13,10828800,2025-10-06,11544700,2025-09-29,12727900,2025-06-23,11315700,2025-04-07,15999800,2024-08-05,11670200,2020-05-04,10921300,2020-03-16,10793808
FDS,8442549791.893699,weekly,2026-08-10,4735435,2026-07-27,6988138,2026-06-22,5293700,2026-06-08,5315700,2026-05-11,4949000,2026-05-04,4623000,2026-04-06,5912700,2026-03-30,6279200,2026-03-16,5309100,2026-02-23,6174300,2026-02-09,7557000,2026-01-31,8389800,2025-12-13,6865100,2025-11-22,5338000,2025-11-01,4555600,2025-10-25,5073200,2025-10-04,4717800,2025-09-20,4643600,2025-09-13,6954700,2021-12-11,7344500
SIRI,9543175209.742435,weekly,2026-07-27,33606010,2026-06-08,58206000,2026-04-27,34089900,2026-04-20,54758500,2026-01-31,60212500,2025-07-26,34949600,2025-04-05,40689200,2025-02-01,40923100,2025-01-25,38283100,2024-12-14,53296700,2024-12-07,34957300,2024-10-26,37325000,2024-10-12,49287300,2024-09-21,32366800,2024-09-14,50562100,2024-09-07,50165450,2024-06-29,31357970,2024-06-15,47976880,2023-07-15,33677340,2021-01-23,34350130
CRVL,3193037679.629816,weekly,2026-06-22,1637400,2026-03-16,1745600,2026-02-23,1361900,2026-02-09,1742700,2026-01-31,1935800,2025-09-13,1725000,2024-12-14,1289100,2023-03-11,1473600,2023-02-04,1328400,2023-01-28,1419000,2022-12-10,1659900,2021-12-11,1276500,2020-06-20,1310100,2020-06-13,1589700,2020-06-06,1368600,2020-05-23,1476000,2020-05-16,1237800,2020-05-09,1629900,2020-03-21,1237800,2020-03-14,1236000
COLM,3299092577.6639533,weekly,2026-08-03,4436900,2026-07-27,5131631,2026-02-09,5396200,2026-01-31,8109900,2025-11-01,4441500,2025-10-25,5098400,2025-09-13,4754600,2025-07-26,5401200,2025-05-03,6269000,2025-04-26,5818400,2025-04-19,4297700,2025-04-05,6129000,2025-03-29,5735300,2025-03-15,5054300,2025-03-08,4652900,2025-03-01,4775100,2025-02-22,5310300,2025-02-01,5203200,2024-01-27,4362700,2023-07-29,4298400
TEX,8200701982.668544,weekly,2026-07-27,13659160,2026-06-22,12582900,2026-04-27,7757600,2026-03-09,7752600,2026-03-02,9380200,2026-02-16,9217100,2026-02-09,17762900,2026-02-07,10771500,2026-01-31,23716200,2026-01-24,9231300,2025-10-25,13101500,2025-04-05,8813200,2024-07-27,7717500,2024-07-20,9519700,2023-10-14,8254100,2023-04-29,9756500,2020-04-25,8872500,2020-03-28,8736200,2020-03-21,8931400,2020-03-14,7741700
TKR,9814013881.317688,weekly,2026-08-10,6093089,2026-08-03,7217300,2026-06-22,5257200,2026-06-08,6319400,2026-05-18,5564700,2026-05-11,5041900,2026-05-04,6363100,2026-03-02,5087600,2026-01-31,7628300,2025-07-26,7003800,2025-04-05,5899300,2025-03-29,6902500,2025-02-01,5525100,2024-11-02,6142300,2023-07-29,6559500,2023-02-04,5185500,2022-03-05,5079300,2020-03-14,5494100,2020-03-07,5596800,2020-02-01,5028600
IT,9035826748.590384,weekly,2026-08-10,8769744,2026-08-03,10349700,2026-07-27,8777300,2026-06-15,8884800,2026-05-25,11989100,2026-05-11,8617500,2026-05-04,11553000,2026-03-16,8519400,2026-03-09,8679200,2026-02-23,9906000,2026-02-09,10225000,2026-01-31,19296200,2025-12-13,8473900,2025-09-27,8483900,2025-09-13,12488600,2025-08-09,8870400,2025-08-02,13754800,2020-03-21,8298000,2020-03-07,9394500,2020-02-29,8721800
THG,7438540460.668434,weekly,2026-07-27,2440010,2026-06-22,2068200,2026-03-16,1983000,2026-01-31,2718200,2026-01-24,2622600,2026-01-10,2301800,2025-12-13,2114300,2025-09-13,1808100,2025-07-26,2172000,2025-04-05,1918700,2025-02-01,1921100,2021-03-13,1868500,2020-09-12,1768800,2020-07-25,2068500,2020-06-13,1921000,2020-05-09,1776100,2020-03-28,1730800,2020-03-21,1890800,2020-03-14,2430100,2020-03-07,2224900
AMRX,5496762163.554273,weekly,2026-08-10,12791121,2026-06-22,16389600,2026-06-08,12689400,2026-03-16,13530200,2026-03-09,13020300,2026-02-02,12939300,2026-01-26,50214300,2025-04-28,14339700,2025-04-07,12610800,2025-02-24,13677600,2024-06-24,14992800,2024-02-26,14737000,2022-12-05,14237600,2022-08-15,12633200,2021-08-23,15932200,2021-03-08,27203600,2021-03-01,21357200,2020-05-11,21423000,2020-03-23,17914400,2020-03-16,16751400
CVLT,5800693304.913543,weekly,2026-07-27,6699965,2026-06-22,5360200,2026-04-27,5590500,2026-04-13,6012900,2026-04-06,9673000,2026-03-16,7640700,2026-03-09,5990700,2026-02-23,5595600,2026-02-02,6744600,2026-01-26,13422600,2025-12-15,5173900,2025-11-03,5904600,2025-10-27,9157300,2025-09-15,6214000,2025-09-01,4975900,2025-01-27,5093900,2020-03-30,5825600,2020-03-23,6004300,2020-03-16,6265500,2020-03-09,6473800
AUGO,5369213974.861442,weekly,2026-08-03,5852500,2026-07-27,4227821,2026-07-06,5582800,2026-06-22,7416800,2026-06-15,6464300,2026-06-08,4651500,2026-05-25,7076300,2026-05-11,4630200,2026-04-20,3955200,2026-04-13,4887600,2026-04-06,4620600,2026-03-30,5835100,2026-03-23,4803900,2026-03-16,7228000,2026-02-23,5153100,2026-02-02,6781200,2026-01-26,8008700,2026-01-05,4163500,2025-12-15,4279200,2025-10-20,4009400
USAR,4677919396.615682,weekly,2026-08-10,85545800,2026-07-27,69795254,2026-06-22,69678100,2026-06-08,80833300,2026-06-01,75836700,2026-05-18,68611800,2026-05-11,81174000,2026-05-04,95981700,2026-04-27,101324400,2026-04-20,136370400,2026-03-16,79695900,2026-02-02,173572500,2026-01-26,280634000,2026-01-19,104591800,2025-11-03,69334300,2025-10-27,70909700,2025-10-20,92621600,2025-10-13,174151700,2025-10-06,133448500,2025-09-29,85590400
SARO,9355761103.858942,weekly,2026-08-10,19973092,2026-06-22,21775500,2026-06-08,20587500,2026-05-11,22239100,2026-05-04,27602500,2026-04-27,20324300,2026-04-20,21273900,2026-03-16,25311500,2026-03-09,22387500,2026-03-02,26101800,2026-02-23,27638300,2026-02-02,24022000,2026-01-26,50856700,2026-01-19,35782100,2025-05-19,27980500,2025-04-07,20403800,2025-03-31,26432000,2025-03-24,40592700,2024-12-16,20197200,2024-09-30,34394600
PB,7499554509.045517,weekly,2026-07-27,6656566,2026-07-06,8151500,2026-06-29,10265300,2026-06-22,6121300,2026-03-16,7733600,2026-03-09,7227800,2026-02-09,8496300,2026-01-31,9061500,2026-01-24,11777600,2025-11-01,5892500,2025-10-25,7887900,2025-09-27,6387800,2025-09-13,6562700,2025-08-23,6297900,2023-07-29,7483700,2023-04-22,6409900,2023-03-11,9302500,2020-03-14,8293900,2020-03-07,7492100,2020-01-25,8925800
AVT,7084419457.85398,weekly,2026-08-10,6761245,2026-08-03,8716900,2026-06-22,8272800,2026-06-08,7051700,2026-06-01,7219800,2026-05-04,7247000,2026-04-27,10580700,2026-04-13,6874800,2026-01-31,9115200,2026-01-24,13234100,2025-08-30,10453400,2025-04-26,6789900,2025-03-15,10281600,2024-12-14,11237700,2022-09-10,7085700,2022-08-06,7019900,2021-01-23,9493000,2020-06-20,9317800,2020-03-14,8486300,2020-03-07,7500900
FFBC,3544514455.1896086,weekly,2026-07-27,5874684,2026-07-20,6707200,2026-07-13,6835700,2026-07-06,4820600,2026-06-22,6732400,2026-06-01,4304400,2026-04-20,4591600,2026-04-13,7223000,2026-03-16,5902800,2026-03-09,4416600,2026-01-31,4767200,2026-01-24,8474000,2026-01-17,4557300,2026-01-10,6086100,2025-12-27,4327800,2025-12-13,5571100,2025-12-06,4197700,2023-03-11,4425200,2021-12-11,4514600,2020-03-21,4433600
RYN,6626229650.048447,weekly,2026-08-10,15445857,2026-08-03,19564300,2026-07-27,13241039,2026-06-22,15293400,2026-06-15,11838600,2026-06-08,11978800,2026-05-25,12302900,2026-05-18,11965000,2026-05-11,14719500,2026-05-04,13461900,2026-03-23,11182200,2026-03-16,20402000,2026-03-09,18716100,2026-03-02,17165600,2026-02-23,18412900,2026-02-16,13720400,2026-02-09,17769500,2026-01-31,18617900,2026-01-24,31354900,2025-02-08,11213500
CEF,7360094600.0,weekly,2026-02-09,7211200,2026-01-31,14705700,2026-01-24,28483800,2026-01-17,9246200,2026-01-10,10663100,2026-01-03,9048200,2025-11-08,8538500,2025-10-11,8252900,2025-10-04,8016900,2022-03-05,7454900,2020-09-19,7603200,2020-08-08,13302000,2020-08-01,9535500,2020-07-25,9536200,2020-07-18,10015900,2020-04-11,9701700,2020-03-21,19372500,2020-03-14,11162400,2020-03-07,10895400,2020-02-22,9265400
RVT,2190388680.0,weekly,2026-07-13,2939000,2026-06-08,2675000,2026-01-31,2270200,2026-01-10,4762700,2025-12-06,2345500,2025-07-26,2832100,2025-04-05,2452600,2024-12-14,2385400,2023-10-21,2468200,2022-01-22,2488400,2021-12-18,2825800,2020-06-06,2232700,2020-04-11,2165500,2020-04-04,2483200,2020-03-28,2487500,2020-03-21,3681900,2020-03-14,4712300,2020-03-07,3258400,2020-02-29,2685700,2020-02-22,2774700
COMP,8632940953.791855,weekly,2026-08-03,78833400,2026-07-06,73049200,2026-06-22,94092300,2026-06-15,76425400,2026-05-04,99351400,2026-04-06,93694300,2026-03-30,70313000,2026-03-23,69727800,2026-03-09,70174000,2026-03-02,87699700,2026-02-23,130167600,2026-02-09,126414500,2026-02-02,85270600,2026-01-26,97140800,2026-01-12,121702800,2026-01-05,249159600,2025-11-17,74922400,2025-11-03,74484800,2025-09-29,85376400,2025-09-22,110195400
FG,3579744273.636844,weekly,2026-07-27,4226534,2026-07-13,3527700,2026-06-15,5156000,2026-05-25,3178200,2026-05-18,3393400,2026-05-11,5065800,2026-05-04,3399800,2026-04-06,3588500,2026-03-23,3351500,2026-03-16,4997700,2026-02-23,3751100,2026-01-12,4189200,2026-01-05,8191200,2025-12-29,7458700,2025-03-31,3853700,2025-03-24,3272500,2025-03-17,3407600,2023-06-19,3411100,2022-12-05,5494300,2022-11-28,4316100
MBLY,6577473836.468193,weekly,2026-07-27,49938168,2026-07-20,55333400,2026-05-11,42283100,2026-04-20,55663800,2026-03-23,50900700,2026-01-26,46641200,2026-01-19,60537200,2026-01-12,51777600,2026-01-05,106810400,2025-07-21,59822800,2025-07-07,93071800,2025-01-27,42931000,2025-01-06,57352200,2024-12-16,43972500,2024-11-04,40517600,2024-10-28,49167100,2024-09-23,42719100,2024-09-16,54108200,2024-07-29,56383000,2024-01-01,66488000
CALM,3801023769.965619,weekly,2026-03-30,6773600,2026-01-24,7272500,2026-01-10,9120600,2026-01-03,10964500,2025-09-27,8869700,2025-07-19,8791700,2025-04-12,6913600,2025-04-05,9190300,2024-03-30,7071800,2023-12-09,7267900,2023-09-30,9698000,2023-04-22,10124700,2023-03-25,8719700,2022-12-24,10353500,2022-12-10,6856400,2022-09-24,9510100,2022-03-26,6836300,2020-08-15,9822000,2020-03-14,6424200,2020-01-04,7175600
DBRG,2968205264.4147577,weekly,2026-08-03,21762200,2026-07-27,21399304,2026-04-20,22172300,2026-02-23,21201700,2026-02-02,27071200,2026-01-12,26719500,2026-01-05,39708000,2025-12-29,129477800,2025-12-08,40179900,2025-12-01,66157900,2025-10-27,23068400,2025-10-13,36795900,2025-06-23,22219100,2025-05-12,32387300,2025-04-07,22409800,2024-09-30,26808600,2024-09-09,22129300,2024-04-29,22846700,2022-06-13,24357750,2020-05-11,21510375
RARE,3030513523.468718,weekly,2026-08-03,12621400,2026-07-27,11692501,2026-07-06,12271200,2026-06-29,10814000,2026-06-22,24942400,2026-06-15,11032000,2026-03-23,11565200,2026-03-09,10902700,2026-02-09,11713500,2026-02-02,12302900,2026-01-26,10763400,2026-01-19,11344300,2026-01-12,14067700,2026-01-05,17607700,2025-12-29,40062500,2025-07-28,10849400,2025-07-21,13418100,2025-07-14,18067300,2025-07-07,23710200,2023-10-16,13318400
CHRN,3180965614.408707,weekly,2026-07-13,2283800,2026-07-06,1625400,2026-06-29,1849400,2026-06-22,2319500,2026-06-15,1432400,2026-06-08,1861400,2026-06-01,2217000,2026-05-25,1860300,2026-05-18,1178600,2026-05-11,2479400,2026-05-04,2171500,2026-01-05,3069000,2025-12-29,118955200,2025-12-01,5768400,2025-07-28,1180400,2025-06-16,3658000,2025-05-12,7027439,2025-01-06,3276020,2022-06-13,2240933,2020-06-22,10774586
LKQ,6886996203.106543,weekly,2026-08-03,20726300,2026-07-27,28184413,2026-05-11,20348000,2026-05-04,18064600,2026-03-16,24297900,2025-12-15,77098700,2025-12-08,21830000,2025-10-27,23645700,2025-08-25,40530100,2025-07-28,19291100,2025-07-21,30984800,2025-03-17,18234500,2024-04-22,21953400,2020-09-21,18563800,2020-09-14,21585700,2020-04-27,18952500,2020-03-23,22112100,2020-03-16,25528800,2020-03-09,18676600,2020-03-02,18719700
MCHB,3698268986.096264,weekly,2026-07-27,5128767,2026-07-20,4890900,2026-06-22,2967800,2026-04-27,2869500,2026-03-16,2749400,2026-02-02,2948500,2025-12-15,10877400,2025-12-08,6033800,2025-12-01,3663900,2025-11-24,3301900,2025-03-31,4400600,2024-01-15,7314700,2023-10-30,3528300,2023-07-31,6029200,2023-07-24,3460600,2023-06-12,3179700,2023-06-05,3119500,2023-05-29,7042500,2023-05-22,4017800,2023-05-01,5694900
IMNM,2260477721.639176,weekly,2026-06-22,12852100,2026-03-16,9964500,2026-01-19,8978300,2026-01-12,12696400,2026-01-05,11938700,2025-12-22,8415000,2025-12-15,38138400,2025-11-10,8888100,2025-11-03,8581300,2025-10-06,8787900,2025-09-22,13872100,2025-09-08,9856100,2025-06-30,8082300,2025-03-31,11043300,2025-01-27,9438300,2024-06-24,12983300,2024-02-12,8567100,2023-06-26,12208900,2021-07-19,22528000,2021-02-15,10197700
BAH,7462295621.385028,weekly,2026-07-27,16347156,2026-06-22,17961500,2026-03-16,16261800,2026-02-23,18139900,2026-01-26,20837100,2025-12-15,32060100,2025-12-08,16151800,2025-10-27,19826500,2025-10-20,15955000,2025-07-28,13361600,2025-07-21,12917700,2025-05-19,15021700,2025-04-07,17956100,2025-03-31,20727400,2025-03-17,17649400,2025-03-03,20983200,2025-02-24,17452700,2024-11-18,17261100,2024-11-11,12730900,2020-03-16,12959600
ABM,2663674594.075619,weekly,2026-06-22,4721200,2026-06-08,4950400,2026-03-16,5005100,2026-03-09,4750900,2025-12-13,9139400,2025-08-30,4502300,2025-05-31,5015000,2025-04-05,7489300,2025-03-08,5620800,2024-09-14,5966000,2024-06-22,4692200,2024-06-15,8049300,2024-03-09,4908200,2023-12-09,6493700,2023-09-02,4440000,2023-07-29,5793700,2022-04-23,5573700,2021-12-11,4530400,2020-06-13,5647100,2020-03-21,5396600
CWST,6001579299.88411,weekly,2026-07-27,4050190,2026-06-22,5784000,2026-04-27,6238100,2026-04-20,4352100,2026-04-06,4218100,2026-03-30,4802300,2026-03-23,3977000,2026-03-16,3700600,2026-03-09,5001800,2026-03-02,5201700,2026-02-23,6045500,2025-12-13,16374400,2025-12-06,7373200,2025-08-02,4117500,2025-04-05,3732200,2025-03-29,3965300,2024-09-14,6128000,2023-06-10,5345300,2022-03-05,4693600,2020-03-14,4104700
RDNT,4776243091.434094,weekly,2026-08-03,5117400,2026-06-22,6272200,2026-06-15,5729300,2026-05-11,7015800,2026-03-09,5376900,2026-03-02,5634400,2025-12-13,10052000,2025-11-08,6127300,2025-09-13,5542800,2025-08-09,9432200,2025-04-05,5413300,2025-03-15,6696400,2025-03-01,5760600,2025-02-22,6164300,2025-01-11,6121500,2024-11-09,5150000,2024-03-02,6173900,2023-06-17,6597900,2023-06-10,6593500,2020-03-14,5265400
BCPC,5501270558.083555,weekly,2026-08-03,1161600,2026-07-27,1565349,2026-07-06,1411100,2026-06-22,1526000,2026-06-15,1263100,2026-04-27,1342300,2026-04-20,1222700,2026-03-16,1369500,2025-12-13,1958600,2025-09-13,1174100,2025-07-26,1395600,2025-04-19,1184900,2025-04-05,1280000,2025-03-15,1368800,2024-12-14,1327200,2023-12-09,1260700,2020-11-07,1457900,2020-05-09,1259200,2020-04-25,1225200,2020-03-14,1359500
WRBY,3588193371.984,weekly,2026-08-03,21953000,2026-06-22,18422100,2026-06-15,29040500,2026-05-18,20755300,2026-05-11,17481400,2026-05-04,20628600,2026-02-23,30305900,2026-01-12,18778000,2026-01-05,24439100,2025-12-29,18142600,2025-12-15,18076200,2025-12-08,66401600,2025-11-10,19935100,2025-11-03,20364500,2025-05-19,28468200,2025-04-07,19482600,2025-03-03,17188300,2022-06-20,18040800,2022-05-09,18129600,2021-09-27,21869100
COLD,4556337884.310115,weekly,2026-05-04,35522300,2026-02-23,28842300,2026-02-16,35117700,2026-01-05,30118300,2025-12-15,30802200,2025-12-08,46392800,2025-12-01,34676800,2025-11-17,42288000,2025-11-10,41933500,2025-11-03,33093500,2025-10-27,28654500,2025-10-13,29223100,2025-10-06,36207400,2025-09-29,35059200,2025-09-22,33369100,2025-09-15,29804400,2025-09-08,36286300,2025-08-04,32988500,2025-02-24,28890800,2024-02-26,32185700
KYMR,8893689871.007729,weekly,2026-06-22,13740700,2025-12-15,5876000,2025-12-08,17557000,2025-09-15,6782200,2025-08-11,5147100,2025-06-23,7026600,2025-06-02,13299400,2025-04-07,6749700,2025-02-24,5578500,2024-07-08,6346300,2024-01-01,6610600,2023-12-18,6274600,2023-12-11,6925700,2023-10-16,7377600,2022-12-12,11664900,2022-10-17,5203000,2022-06-13,5277200,2022-05-09,5408000,2022-05-02,8063700,2021-06-28,6367300
MTN,4915288420.396281,weekly,2026-07-27,4735010,2026-06-08,6351100,2026-04-20,6185800,2026-03-16,6551200,2026-03-09,6842800,2026-01-31,4921900,2026-01-10,4847600,2025-12-27,5250400,2025-12-13,5367000,2025-12-06,7828100,2025-09-27,6672700,2025-05-31,5792400,2025-05-24,5728200,2025-04-05,5144200,2025-03-08,4964200,2024-06-01,5152300,2024-05-25,6262200,2023-09-09,7612800,2020-03-14,5181500,2020-03-07,7220600
FIBK,3752629448.1693554,weekly,2026-07-27,8298022,2026-05-11,7360500,2026-04-27,9035700,2026-04-06,7969700,2026-03-16,8640100,2026-02-02,6904400,2025-12-15,6610800,2025-12-08,7009600,2025-12-01,21754100,2025-11-24,9440600,2025-06-23,8055100,2025-04-28,7010800,2025-04-07,6697200,2024-07-15,6502700,2024-03-11,7306100,2023-03-13,8745400,2023-01-30,7127200,2022-03-14,7571600,2022-01-31,11125700,2022-01-24,6661400
IMAX,2253450621.2121773,weekly,2026-08-10,7829935,2026-07-27,10094682,2026-07-20,12026200,2026-05-18,7901100,2026-04-27,7981500,2026-02-23,8758800,2025-11-29,16672200,2025-11-01,9623800,2025-07-19,9216400,2025-04-19,8209900,2025-04-05,12129800,2024-07-27,7791100,2024-04-20,7945700,2021-03-13,13127300,2021-01-23,7790200,2020-07-11,8180700,2020-06-13,8031700,2020-03-14,13962300,2020-03-07,9718400,2020-02-29,8546800
PTCT,7003412378.177139,weekly,2026-07-27,14545493,2026-06-29,10374700,2026-06-22,13931400,2026-06-15,15688800,2026-05-04,9666000,2026-04-27,9723700,2026-01-05,9215800,2025-12-01,10162200,2025-11-24,22047000,2025-07-28,9233700,2025-05-05,15278600,2023-10-30,9469900,2023-10-23,9328400,2023-10-16,10122600,2023-10-09,9650400,2023-09-18,10296200,2023-09-11,12099300,2023-05-22,9995100,2022-06-20,10128200,2020-08-03,10821100
TAP,7826054961.405032,weekly,2026-07-27,20176564,2026-07-06,17635400,2026-06-22,17635600,2026-06-08,17912100,2026-05-04,17851600,2026-04-27,22094500,2026-02-16,20307000,2025-11-29,18500100,2025-11-22,27037600,2025-11-01,21724100,2025-08-02,19343100,2025-03-15,17931100,2025-02-08,17651000,2023-07-29,17739800,2023-04-29,20014200,2021-03-13,18078100,2021-02-06,19667200,2020-10-31,19627300,2020-05-30,18502300,2020-03-14,19538200
AGIO,2253974104.850828,weekly,2026-07-27,10319228,2026-07-06,6524800,2026-06-22,7760700,2026-04-27,7241900,2026-04-20,11019600,2026-03-30,7410400,2025-12-22,11496200,2025-12-15,8586300,2025-12-01,6505000,2025-11-24,8924600,2025-11-17,30411500,2025-08-04,8718200,2024-12-16,7756100,2024-12-09,9453900,2024-06-03,6725900,2024-01-15,6841900,2021-12-13,6877100,2021-06-21,10567200,2020-12-21,8488500,2020-12-07,7188200
HNGE,6110708717.702822,weekly,2026-08-10,8926403,2026-08-03,12637400,2026-07-20,7242000,2026-07-06,7947300,2026-06-22,17336100,2026-06-15,8520200,2026-06-08,10110200,2026-06-01,7287100,2026-05-11,7743400,2026-05-04,17393000,2026-02-09,15516100,2025-12-01,7810400,2025-11-17,20597900,2025-11-03,15117700,2025-09-22,9504300,2025-09-15,7855400,2025-08-04,7630900,2025-06-30,7198900,2025-06-23,7305900,2025-05-19,11994700
OSIS,3598050174.0600195,weekly,2026-06-22,1548200,2026-06-08,1665600,2026-05-18,1547700,2026-05-11,2149300,2026-05-04,2831200,2026-03-23,1581100,2026-03-16,1911300,2026-01-31,1710100,2026-01-24,1777500,2026-01-03,1659000,2025-11-15,3304200,2025-08-16,1980600,2025-04-26,1562200,2025-04-05,1499900,2025-03-15,1625700,2025-03-08,2579300,2025-03-01,1937400,2024-11-30,1544200,2024-07-13,1868500,2020-01-25,1504800
AIN,2166635900.394085,weekly,2026-08-03,3094500,2026-03-16,1870900,2026-02-23,2732400,2026-01-03,2069300,2025-12-13,2096000,2025-12-06,2156600,2025-11-15,3973800,2025-11-08,2454100,2025-11-01,3492900,2025-09-27,2029500,2025-08-02,1930000,2025-07-26,3164300,2025-06-21,2230700,2025-03-15,2149000,2020-07-11,2460400,2020-07-04,2028300,2020-03-21,2268500,2020-03-14,2137900,2020-03-07,2544300,2020-02-22,1954400
SGRY,2069068731.5174644,weekly,2026-08-10,13289974,2026-07-27,9635345,2026-05-11,10068800,2026-05-04,12404000,2026-03-09,10074400,2026-03-02,16243400,2026-02-09,12780400,2025-12-15,11649800,2025-12-08,14245300,2025-11-17,10966900,2025-11-10,29717300,2025-08-04,10917700,2025-06-23,11522600,2025-06-16,18090500,2025-01-27,20522000,2024-11-11,10159800,2024-06-24,9586000,2024-02-26,9368600,2022-11-21,13821300,2020-04-13,14333500
BHF,3627701426.254783,weekly,2026-02-23,7550900,2025-11-10,9405700,2025-11-03,23778200,2025-10-13,9467000,2025-09-22,10361100,2025-09-15,13764000,2025-06-23,7303600,2025-04-28,7162500,2025-01-27,8252300,2020-06-15,10193100,2020-05-11,8297400,2020-04-20,7437900,2020-04-13,7682700,2020-03-30,9108900,2020-03-23,10118800,2020-03-16,13141900,2020-03-09,12230700,2020-03-02,7908600,2020-02-24,8315400,2020-02-10,8682200
PRMB,9053570425.3763,weekly,2026-08-03,40786100,2026-05-04,34761800,2026-02-23,51850600,2026-01-10,34701700,2026-01-03,45988000,2025-12-06,42931800,2025-11-29,32832400,2025-11-15,41351200,2025-11-08,80237200,2025-11-01,85554400,2025-09-13,35143900,2025-08-09,36771000,2025-08-02,59106700,2025-06-21,73596600,2025-06-07,47476300,2025-05-31,33990700,2025-05-10,39519100,2025-05-03,42791100,2025-03-08,49188900,2020-06-20,37154100
NOVT,5610648029.585177,weekly,2026-08-03,3294700,2026-07-27,2478197,2026-07-06,3017500,2026-06-22,3550300,2026-06-15,2402200,2026-06-08,2796500,2026-05-11,3927100,2026-03-02,2841900,2026-01-03,2781700,2025-12-13,3136900,2025-11-15,3096600,2025-11-08,6076000,2025-11-01,8708400,2025-10-18,2544600,2025-08-09,2625700,2025-08-02,2816200,2025-04-05,3502400,2025-03-29,2527500,2022-07-23,8108800,2022-07-16,2655300
TREX,5165844680.117647,weekly,2026-08-03,15979100,2026-07-27,13286280,2026-07-13,12918500,2026-06-08,12506200,2026-05-04,14271200,2026-02-23,16353900,2026-01-10,13318100,2026-01-03,14715700,2025-11-15,14262500,2025-11-08,19292000,2025-11-01,44123600,2025-09-13,13769500,2025-06-21,13089600,2025-02-22,13157700,2024-10-26,14595700,2024-08-03,13958300,2022-08-06,13664300,2020-07-04,12605200,2020-06-20,20630000,2020-05-02,14433800
ATR,8040083468.589575,weekly,2026-07-27,3718585,2026-05-11,3060200,2026-05-04,3829800,2026-04-27,2916600,2026-03-16,3557900,2026-03-09,2893800,2026-02-09,3294400,2026-01-31,4927100,2025-12-13,3558200,2025-12-06,2917700,2025-11-15,3253000,2025-11-01,5164500,2025-10-25,5047100,2025-08-09,3011800,2025-08-02,2887800,2025-07-26,2969400,2022-01-22,2928800,2020-03-14,3107100,2020-03-07,3264300,2020-02-22,2955100
EMN,8085685764.130859,weekly,2026-03-16,12260000,2026-03-09,10158700,2026-01-31,12520300,2026-01-24,11719900,2025-12-06,10161800,2025-11-01,42909700,2025-10-25,11863900,2025-08-02,10964700,2025-07-26,15230600,2025-06-28,10651900,2025-06-21,10244100,2025-05-31,11418900,2025-05-24,14822500,2025-04-05,13525500,2024-01-27,10592500,2022-09-10,12985400,2021-12-11,10144600,2020-03-14,9967000,2020-03-07,12893300,2020-02-22,9913200
LRN,3704764201.025665,weekly,2026-08-03,8936100,2026-07-27,9406605,2026-02-02,9075000,2026-01-26,15973300,2025-11-10,10092100,2025-11-03,14184200,2025-10-27,39295700,2024-10-21,17628000,2024-10-14,14201300,2023-10-23,10756400,2022-10-24,8806700,2022-06-27,16616500,2022-01-24,8352700,2020-10-26,10211600,2020-09-07,9500800,2020-08-24,13051800,2020-08-10,8517400,2020-08-03,8888900,2020-07-20,10136500,2020-07-13,28342700
VRNS,4627010327.564833,weekly,2026-07-27,16919784,2026-06-22,23394300,2026-05-04,16822300,2026-04-27,19910100,2026-03-16,13826500,2026-02-23,14993300,2026-02-09,15507200,2026-02-02,48601500,2026-01-26,16200500,2025-12-15,17046000,2025-11-03,13356700,2025-10-27,50008300,2025-02-03,21016600,2024-10-28,17004000,2024-07-29,16934500,2022-11-07,14208600,2022-10-31,24815400,2022-05-02,13526300,2021-02-08,16359600,2020-05-04,14648400
NTLA,2330567643.510917,weekly,2026-06-15,46343600,2026-06-08,31161600,2026-05-11,44657800,2026-04-27,88382600,2026-03-02,36265200,2026-01-26,37747100,2026-01-19,37459300,2026-01-12,31359800,2026-01-05,28777800,2025-11-10,44108200,2025-11-03,55371600,2025-10-27,114979700,2025-10-06,44134000,2025-09-29,29804700,2025-09-22,35618600,2025-09-15,50041000,2025-07-21,30500700,2025-06-02,29232500,2025-05-26,39751900,2021-06-28,63811500
SFM,7724799409.665813,weekly,2026-07-27,17094092,2026-03-16,16394100,2026-02-23,20081900,2026-02-02,16112500,2026-01-19,16532500,2025-11-03,19681600,2025-10-27,27202000,2025-06-23,24096000,2022-05-02,21407600,2021-06-21,24745500,2021-03-29,16640500,2021-03-01,17086300,2021-01-25,20985200,2020-11-02,16831100,2020-10-26,16592300,2020-08-03,16133700,2020-07-27,17643300,2020-05-04,20771400,2020-03-16,22253500,2020-02-17,16145300
KMX,7487229168.24121,weekly,2026-06-15,29541200,2026-04-13,33407500,2026-01-03,22260900,2025-12-13,35461100,2025-11-15,21988900,2025-11-08,26331200,2025-11-01,53744600,2025-10-25,54857300,2025-09-27,27635200,2025-09-20,50686600,2025-06-21,23972200,2025-06-14,25158200,2025-05-24,22256700,2025-04-05,41914800,2024-04-06,25565100,2023-09-23,28027800,2023-04-08,27865100,2022-12-17,36368300,2022-09-24,29120300,2020-03-14,20492400
ARE,9623161152.726591,weekly,2026-08-03,12990800,2026-05-04,14014100,2026-04-27,17137300,2026-04-13,11789200,2026-03-30,14070100,2026-02-23,19567500,2026-01-24,19936700,2026-01-03,14043500,2025-12-13,18505000,2025-12-06,16779400,2025-11-29,22253400,2025-11-15,14055600,2025-11-01,15657400,2025-10-25,32417100,2025-10-04,13920500,2025-04-05,16336400,2025-01-25,12267300,2023-03-11,15443800,2021-06-12,12564100,2020-06-13,12651500
KEX,7317730160.917646,weekly,2026-03-09,5324100,2026-01-24,6069600,2026-01-10,5130900,2026-01-03,5345100,2025-10-25,8797100,2025-10-11,5799000,2025-09-20,5853800,2025-09-13,6343900,2025-09-06,6344300,2025-08-30,6090800,2025-07-26,7493800,2025-01-25,5839700,2024-12-14,5875600,2024-04-20,4537600,2022-04-02,4636900,2022-01-01,5050600,2020-11-07,4886100,2020-10-03,4740400,2020-03-07,6855600,2020-01-25,4880500
PDI,7601959080.0,weekly,2026-08-10,17833472,2026-07-27,16587263,2026-05-11,16471500,2026-03-23,15406500,2026-03-09,18461500,2026-02-23,16723000,2026-02-02,17672700,2026-01-05,15356800,2025-12-29,15235400,2025-12-15,16743800,2025-11-17,22142800,2025-10-27,19879900,2025-10-20,35069000,2025-10-13,18666700,2025-09-08,15483900,2025-04-07,30231900,2025-03-31,25876600,2025-03-10,17210500,2025-03-03,15439200,2024-10-14,18561800
GOF,2249776230.0,weekly,2026-07-13,7806900,2026-06-22,10216700,2026-05-11,8347000,2026-03-23,8037700,2026-03-09,10702500,2026-03-02,10299300,2026-02-02,9499400,2026-01-05,7779300,2025-12-29,11795400,2025-12-15,9900600,2025-12-08,7860100,2025-12-01,8179200,2025-11-17,14553200,2025-11-03,9187000,2025-10-27,14978300,2025-10-20,22424400,2025-10-13,13009700,2025-04-07,11396700,2025-03-31,11087400,2023-10-16,17156700
GNTX,5462214876.356228,weekly,2026-07-27,17319303,2026-07-06,13991600,2026-06-22,16223900,2026-04-27,14956200,2026-01-31,17513800,2026-01-24,15157100,2025-10-25,18053500,2025-10-18,29150400,2025-10-11,14410700,2025-07-26,14606700,2025-07-19,19765200,2025-05-10,14533600,2025-04-05,19844300,2025-03-29,14104100,2025-03-15,14404500,2025-02-01,14140200,2020-12-12,14343400,2020-03-21,14093900,2020-03-14,16216200,2020-03-07,15695400
NVTS,4043237933.853108,weekly,2026-06-08,153932100,2026-06-01,215847900,2026-05-11,229337500,2026-05-04,168226400,2026-04-20,304323600,2026-01-12,153266700,2026-01-05,191033500,2025-11-03,175390000,2025-10-20,269653100,2025-10-13,673105500,2025-10-06,369583600,2025-09-29,202903700,2025-08-04,163551500,2025-07-21,257507700,2025-06-23,193768000,2025-06-16,154679900,2025-06-09,453354000,2025-06-02,363927400,2025-05-26,561596400,2025-05-19,420098600
GRND,2548590670.79646,weekly,2026-08-03,10809300,2026-05-04,11742300,2026-02-02,13615800,2025-11-24,10625300,2025-11-03,11830000,2025-10-27,12992000,2025-10-20,19884300,2025-10-13,29090900,2025-10-06,12145200,2025-09-15,11063800,2025-09-08,10961400,2025-08-11,13808100,2025-08-04,15660800,2025-05-12,12579600,2025-05-05,11845800,2025-04-07,12191600,2025-03-10,13851100,2025-03-03,16783100,2024-06-24,11334200,2022-11-28,11307500
JOBY,8685566547.177002,weekly,2026-08-10,196774496,2026-07-27,216406031,2026-07-20,221254600,2026-07-13,245117500,2026-07-06,197610000,2026-06-22,246860500,2026-05-04,202674100,2026-02-02,192322300,2026-01-26,250410800,2025-11-03,207609000,2025-10-27,222356200,2025-10-20,258878100,2025-10-13,341961000,2025-10-06,266798500,2025-09-22,207014200,2025-09-15,273088300,2025-08-04,232899800,2025-07-21,210465300,2025-07-14,298214100,2025-06-09,194257600
POWI,4422495158.118264,weekly,2026-06-22,6733100,2026-06-08,5833700,2026-05-25,10403400,2026-05-11,6183400,2026-05-04,7521000,2026-04-27,5742500,2026-04-20,8621200,2026-03-16,5806000,2026-03-02,6411800,2026-01-31,6048500,2026-01-03,4910100,2025-12-13,13458700,2025-11-15,5176000,2025-11-01,6191600,2025-10-25,5014300,2025-10-18,5241000,2025-10-11,21504600,2025-04-05,4864800,2021-12-11,13841900,2020-03-14,4738600
VLY,8156815087.415427,weekly,2026-03-16,56982500,2026-01-31,62886100,2026-01-24,58576200,2025-11-01,56409300,2025-10-18,96056700,2025-10-11,99678400,2025-10-04,55370900,2025-09-13,54117600,2025-06-28,55390400,2025-06-21,54229400,2025-04-05,96014200,2025-03-29,56867900,2024-11-09,60938600,2024-11-02,71791000,2024-09-14,58461100,2024-03-02,67112700,2024-02-03,62023500,2023-04-29,89972600,2023-04-22,54291500,2023-03-11,60057500
FNB,6848745760.687565,weekly,2026-07-13,40142800,2026-04-13,51434800,2026-04-06,41677800,2026-03-30,35407300,2026-03-23,47574600,2026-03-16,52048900,2026-02-23,48886000,2026-02-16,37752800,2025-11-01,36169800,2025-10-25,42932200,2025-10-18,63100000,2025-10-11,143834700,2025-10-04,57186200,2025-09-27,53669200,2025-09-20,36932900,2025-09-13,49315800,2025-08-23,44285200,2025-08-16,56872000,2025-07-26,41424100,2025-07-19,37896400
BULL,3627003393.619048,weekly,2026-06-08,86876900,2026-05-18,82692600,2026-04-20,103774100,2026-04-13,101698700,2026-03-02,89489900,2026-02-02,72624600,2025-12-15,99897200,2025-11-24,79014900,2025-11-17,130245000,2025-11-03,93181800,2025-10-27,71410200,2025-10-20,114508100,2025-10-13,156562600,2025-10-06,358550400,2025-09-29,117153300,2025-09-22,118185900,2025-07-28,75788200,2025-07-21,127028900,2025-07-14,107053800,2025-06-30,93424100
ETSY,7405701701.819305,weekly,2026-02-16,35210700,2025-10-27,34497200,2025-09-29,63764000,2025-09-08,35750900,2025-08-25,33271500,2025-07-28,40320500,2025-06-09,39330300,2025-06-02,37249100,2025-04-28,33829100,2024-12-16,35940700,2024-09-16,52223000,2024-04-29,37470500,2023-12-11,41066300,2022-05-09,39011800,2022-05-02,44617400,2022-02-21,38214700,2021-05-03,34294500,2020-09-14,41471000,2020-08-03,34024000,2020-02-24,33313000
AIR,5691857494.433037,weekly,2026-07-20,3052100,2026-06-22,3858400,2026-03-23,4189800,2026-03-16,3535500,2026-01-10,3047100,2026-01-03,6361200,2025-12-13,3024000,2025-09-27,6465800,2025-09-20,5207500,2025-07-12,4303700,2024-09-21,2944600,2024-01-06,2911100,2022-04-02,2875800,2022-03-19,3032300,2020-06-13,2939100,2020-06-06,3119000,2020-05-30,3900100,2020-03-28,2883800,2020-03-21,4544900,2020-03-14,4972100
MBX,2489826960.3585467,weekly,2026-07-13,4195000,2026-07-06,4428600,2026-06-22,6379500,2026-06-15,3912600,2026-06-08,6923600,2026-05-11,5197000,2026-05-04,3934500,2026-02-02,4967600,2026-01-12,5033100,2025-12-15,6872300,2025-12-08,3590100,2025-12-01,5247300,2025-11-03,4304900,2025-10-27,6231000,2025-10-20,4229500,2025-10-13,4688800,2025-10-06,4360900,2025-09-29,5348200,2025-09-22,41350900,2024-12-16,4180700
EQX,7662220554.908751,weekly,2026-08-10,70828077,2026-08-03,121221800,2026-07-27,103584879,2026-06-15,77685600,2026-06-08,76846900,2025-10-14,83186200,2025-10-07,76319200,2025-09-30,79470100,2025-09-16,140200700,2025-09-09,96415400,2025-09-02,95158000,2025-08-12,100322300,2025-07-08,79874000,2025-06-24,88898000,2025-06-17,76124000,2025-06-10,103684800,2025-06-03,99046000,2025-05-06,86875700,2025-04-08,88077100,2025-04-01,86349600
QTWO,2999186275.8079014,weekly,2026-07-27,8967357,2026-04-27,8524700,2026-03-02,8574400,2026-02-23,8843600,2026-02-09,8470400,2026-02-02,5816000,2025-11-03,8932500,2025-09-29,6719900,2025-09-22,5842900,2025-09-15,18825000,2025-09-08,7571000,2025-08-04,7784200,2025-07-28,5750100,2025-03-10,5737100,2025-03-03,5654500,2024-11-04,5884300,2024-04-29,5604800,2023-03-13,11849000,2022-05-16,7951100,2020-05-11,5971000
UNIT,2687969348.858639,weekly,2026-07-27,20902464,2026-06-22,15438700,2026-05-11,16513200,2026-04-27,17741400,2026-03-30,20920100,2025-12-15,23690300,2025-11-03,18757500,2025-10-13,15713000,2025-09-15,24782400,2025-09-08,21184400,2025-08-25,20450100,2025-08-04,16599000,2024-09-16,15711537,2024-05-06,20332550,2024-04-29,17684713,2023-06-12,18438599,2023-03-13,19335097,2022-12-05,18543346,2020-12-14,18218266,2020-03-09,15873355
UEC,5344621732.351275,weekly,2026-06-08,96153900,2025-12-15,91505600,2025-10-13,103151900,2025-10-06,104577000,2025-09-29,90933800,2025-09-22,111120100,2025-09-15,119216400,2025-07-14,101933600,2025-05-19,110466100,2022-12-12,80512100,2022-06-06,108521000,2022-05-23,84252600,2022-05-09,89556300,2022-04-18,87591100,2022-04-04,96070300,2022-03-14,85396500,2022-03-07,113354200,2022-02-28,89130900,2021-09-13,88251900,2021-03-15,97992500
WAY,3817076460.200422,weekly,2026-08-03,17997900,2026-07-27,22704460,2026-06-22,18203300,2026-04-27,19054800,2026-04-13,15509100,2026-02-23,15607200,2026-02-16,24731700,2026-02-09,15016200,2026-01-12,14114500,2025-12-08,22584000,2025-10-27,18077700,2025-09-22,16737500,2025-09-15,39679700,2025-09-08,22889800,2025-05-12,15836900,2025-03-03,13973000,2025-02-24,18226500,2025-02-17,23056900,2024-06-10,14099700,2024-06-03,15748200
NE,6115395756.119223,weekly,2026-07-27,13459941,2026-06-22,13441500,2026-04-27,13225100,2026-02-09,17288700,2026-01-26,13161400,2025-09-22,18583000,2025-09-15,37912000,2025-09-08,16095700,2025-06-23,13885100,2025-04-28,16785100,2025-04-07,25462300,2025-03-31,18677800,2025-03-10,13796900,2025-03-03,23423300,2024-11-04,18133800,2024-09-16,17338300,2024-09-09,14816600,2024-09-02,17893600,2023-03-13,17162900,2022-09-12,13566800
KTOS,8852818623.124784,weekly,2026-08-10,24423461,2026-08-03,28967900,2026-06-22,45383700,2026-05-25,29572900,2026-05-11,30177300,2026-03-02,40543300,2026-02-23,27646600,2026-01-03,26698800,2025-11-01,27223800,2025-10-11,23775400,2025-10-04,30342700,2025-09-20,22487300,2025-09-13,52699800,2025-08-09,23091900,2025-08-02,22483700,2025-07-19,23311000,2025-07-12,34210000,2025-07-05,23229300,2025-06-21,44539000,2025-03-15,47533400
PL,9647816243.766125,weekly,2026-06-22,97289100,2026-06-15,66301500,2026-06-08,89858400,2026-06-01,87035800,2026-04-13,70632900,2026-03-30,78066500,2026-03-23,107875200,2026-03-16,129079600,2026-01-26,66210100,2026-01-19,65163700,2026-01-12,91240300,2025-12-15,78824600,2025-12-08,120886900,2025-10-13,68520500,2025-10-06,79366200,2025-09-29,92752700,2025-09-08,181710200,2025-06-30,84195300,2025-06-09,65320100,2025-06-02,104446300
IRDM,4601271481.330784,weekly,2026-06-29,12863600,2026-06-15,13890800,2026-06-08,14835300,2026-04-20,17944400,2026-04-13,16793500,2026-02-09,17229700,2026-01-19,13671300,2025-12-15,26707800,2025-12-08,14627100,2025-10-27,17627300,2025-10-20,21803100,2025-10-06,13332400,2025-09-22,14154000,2025-09-15,18870000,2025-09-08,38115000,2025-07-21,19176700,2025-04-21,14446000,2023-06-19,17195200,2022-02-07,14837600,2021-02-08,35615500
MIR,4622098826.767732,weekly,2026-08-03,23439300,2026-07-27,34950606,2026-06-22,27015800,2026-06-15,21976700,2026-04-27,29937600,2026-03-16,24778600,2026-02-09,25425100,2025-10-27,34132600,2025-09-29,32102100,2025-09-22,51364100,2025-09-15,33830100,2025-09-08,52343500,2025-07-28,25748300,2025-06-23,27085800,2025-05-19,34212600,2022-06-20,23550700,2021-03-01,22598900,2021-02-22,28633800,2021-02-15,37080400,2021-01-25,21672500
ATRO,3087642325.27642,weekly,2026-08-10,6092982,2026-06-29,3968100,2026-06-15,4189100,2026-06-08,5401808,2026-05-11,4447400,2026-03-09,4342900,2026-02-23,4557800,2026-01-10,6644400,2026-01-03,5735900,2025-12-13,4547300,2025-11-01,4249600,2025-10-11,4046900,2025-09-06,10999000,2025-08-02,4982400,2025-07-05,4139100,2025-05-03,4434400,2025-03-01,6666100,2024-11-23,5738700,2023-01-14,4243500,2020-06-13,4398600
CTRI,3093647423.307692,weekly,2026-08-03,20578000,2026-07-27,10306172,2026-06-22,9562400,2026-05-04,15216100,2026-03-02,9933300,2026-02-23,14352100,2025-12-15,12144800,2025-12-08,11647700,2025-12-01,12366600,2025-11-17,11590600,2025-11-10,13770100,2025-11-03,12502800,2025-10-06,9866800,2025-09-29,11702800,2025-09-22,8810200,2025-09-15,14396400,2025-09-08,15542100,2025-09-01,23277600,2025-08-11,12139300,2025-08-04,11579500
MLYS,2352068200.616553,weekly,2026-06-22,10629700,2026-06-15,8901500,2026-06-08,8962600,2026-06-01,15789900,2026-03-16,8730500,2026-03-09,8327100,2026-01-12,7426100,2025-12-15,11078200,2025-12-08,7880700,2025-12-01,7086500,2025-11-17,8313700,2025-11-10,16370300,2025-10-13,7049100,2025-09-29,7861000,2025-09-15,9020600,2025-09-08,9472200,2025-09-01,32363800,2025-04-07,7157500,2025-03-31,8622000,2025-03-10,26185400
BRKR,9272063134.60371,weekly,2026-08-03,20130800,2026-06-01,16332100,2026-02-09,16580500,2026-01-12,16687300,2025-11-03,17643400,2025-10-13,16110200,2025-10-06,18211700,2025-09-29,21479100,2025-09-22,18646900,2025-09-15,23099600,2025-09-08,16774800,2025-09-01,45459000,2025-08-04,27963500,2025-07-21,26325000,2025-07-07,16351000,2025-06-23,18578500,2025-05-12,15735500,2025-05-05,17285400,2025-04-07,20053400,2021-11-29,25566300
AEO,2996211080.4698057,weekly,2025-11-29,92117900,2025-09-13,58472000,2025-09-06,68438100,2025-08-30,180369100,2025-08-23,55898300,2025-08-09,71866600,2025-08-02,137112600,2025-07-26,78178400,2025-07-19,96420800,2025-05-10,62239800,2025-04-05,52863700,2025-03-29,56356000,2024-11-30,53855100,2023-05-20,54563200,2022-09-10,75003900,2022-09-03,56300100,2022-05-21,69469100,2021-01-23,54199600,2020-05-30,74871100,2020-04-18,99104800
GTLS,9980702124.521164,weekly,2026-06-22,9375300,2026-04-06,7714600,2026-03-30,9748200,2026-03-23,8843800,2026-03-16,11526000,2026-03-09,14207400,2026-03-02,10295300,2025-08-25,7501400,2025-08-18,11075700,2025-08-11,17837200,2025-08-04,27645800,2025-07-28,53157200,2025-06-02,9789600,2025-03-03,7554200,2024-11-04,7634200,2023-03-13,7569100,2022-12-05,12793800,2022-11-07,9981900,2022-03-28,12015600,2020-03-09,7436500
KYIV,3405238471.211616,weekly,2026-07-27,4769308,2026-06-29,4420300,2026-06-22,4652500,2026-05-11,5480000,2026-03-30,4679900,2026-03-16,5710400,2026-03-09,7586600,2026-02-02,4123200,2026-01-26,11014400,2025-11-24,6293800,2025-11-17,4406500,2025-10-13,5101600,2025-09-01,4584700,2025-08-25,6271100,2025-08-18,17760800,2025-08-11,6701600,2025-08-04,8912300,2025-07-28,5262200,2025-03-17,5146700,2025-02-10,8880900
CAVA,9713920421.59664,weekly,2026-08-10,34412516,2026-05-18,24468900,2026-02-23,37266300,2025-12-01,23796800,2025-11-17,26375200,2025-11-03,37868400,2025-10-27,26722300,2025-09-29,26219600,2025-09-15,23109600,2025-08-11,75779100,2025-06-23,23626300,2025-05-12,23387700,2025-03-24,30031400,2025-02-24,32322700,2024-11-11,31206400,2024-08-26,36272800,2024-08-19,34494600,2024-05-27,38884200,2023-12-11,34012000,2023-06-12,25169300
BLSH,3500538111.3313527,weekly,2026-08-10,12944278,2026-07-27,13227387,2026-06-15,10535600,2026-02-09,13333400,2026-02-02,20524900,2026-01-26,13464000,2025-12-15,10228900,2025-11-17,21053300,2025-11-10,11001000,2025-11-03,13056500,2025-10-13,15299800,2025-10-06,20807400,2025-09-29,23051400,2025-09-22,25521800,2025-09-15,32934100,2025-09-08,15859100,2025-09-01,19406900,2025-08-25,14474200,2025-08-18,36312200,2025-08-11,99719200
PGEN,2089154193.5398552,weekly,2026-08-10,35488800,2026-08-03,45422000,2026-07-27,27582338,2026-06-22,36063500,2026-03-30,36898700,2026-03-23,45843500,2026-02-23,28099500,2026-02-16,27396300,2025-12-15,48441400,2025-11-10,31368100,2025-10-13,32450800,2025-09-22,30427900,2025-09-15,39868900,2025-09-08,27292900,2025-09-01,31598700,2025-08-25,51961600,2025-08-18,92640600,2025-08-11,186971600,2022-07-04,30590700,2020-06-01,40546400
WT,2630589743.939919,weekly,2026-08-03,20577600,2026-06-22,20064500,2026-06-08,17426100,2026-05-04,17662700,2026-04-20,19764600,2026-04-13,18797900,2026-03-30,17151400,2026-03-23,24668400,2026-01-31,25335400,2026-01-24,35867100,2026-01-17,20899500,2026-01-10,19841800,2026-01-03,24344400,2025-12-13,17914300,2025-11-29,16936400,2025-10-25,23623400,2025-08-16,20924300,2025-08-09,36361800,2024-08-03,22639900,2020-03-14,17322800
LNTH,7148647625.498576,weekly,2026-08-03,19839000,2025-11-03,9047300,2025-10-13,9361700,2025-10-06,9085700,2025-09-22,10014900,2025-08-18,14454700,2025-08-11,10173400,2025-08-04,22996200,2025-05-05,13372500,2024-11-04,13450800,2024-07-08,16701300,2024-04-29,9373300,2024-01-22,11812600,2023-12-18,19480300,2023-07-31,9061200,2022-12-05,15106100,2022-10-10,20728200,2022-02-21,12183800,2021-05-24,9211900,2020-06-15,11186700
CROX,6348349240.150067,weekly,2025-08-11,14941600,2025-08-04,28515000,2025-03-31,14250300,2025-02-10,18988000,2024-10-28,19319400,2024-01-08,15515200,2023-07-24,20540000,2023-06-19,13890100,2023-04-24,19137500,2023-02-13,13919600,2022-10-31,15120400,2022-08-01,15119900,2022-02-14,15876600,2022-01-10,14820100,2021-12-20,14017200,2021-10-18,15276900,2021-09-13,19032400,2021-05-31,17575400,2021-04-26,18317200,2020-03-16,14716600
KGS,7697085536.295566,weekly,2026-08-03,8321200,2026-07-27,12455554,2026-07-06,8526500,2026-06-22,14526700,2026-06-15,8660800,2026-05-11,18861300,2026-05-04,8981000,2026-03-02,8386000,2026-02-23,10168100,2026-02-09,8874700,2026-02-02,11245600,2025-12-15,8892900,2025-12-01,14708300,2025-11-10,12651000,2025-09-15,11263400,2025-09-08,20905900,2025-08-04,22809400,2025-04-07,9285000,2025-03-03,9500600,2025-01-27,9180100
ICHR,3277503032.852784,weekly,2026-08-03,7045400,2026-07-27,7032442,2026-07-06,5847900,2026-06-29,5653100,2026-06-22,7453900,2026-06-15,5006100,2026-06-08,6047700,2026-06-01,5245700,2026-05-25,4751600,2026-05-04,8638700,2026-02-23,5772200,2026-02-09,10788800,2026-01-12,6830500,2025-11-03,8954700,2025-10-13,5066900,2025-09-29,5014200,2025-09-22,5756500,2025-09-15,7914200,2025-08-11,6777800,2025-08-04,13750000
ARR,2141035949.8343055,weekly,2026-08-10,26054970,2026-07-27,17530836,2026-07-13,26312000,2026-07-06,19941600,2026-06-22,18003300,2026-06-15,18586900,2026-06-08,17862800,2026-04-13,20182800,2026-03-16,21051700,2026-03-09,18966300,2026-01-26,18603600,2026-01-12,27461900,2026-01-05,23440200,2025-12-15,20289000,2025-12-08,17518000,2025-09-15,20914500,2025-09-08,18053200,2025-08-11,26696200,2025-08-04,40272300,2025-04-07,25885300
IBP,6285806591.629812,weekly,2026-06-22,3082100,2026-05-11,4155600,2026-05-04,3556500,2025-11-03,2759400,2025-09-15,2740100,2025-08-25,2686200,2025-08-18,2457800,2025-08-11,2922400,2025-08-04,5225400,2025-07-28,2459700,2025-07-21,2817100,2025-06-16,2361800,2025-05-26,2307800,2025-05-05,2443100,2025-04-07,3074100,2025-03-17,2414700,2025-02-24,3728200,2024-11-04,2599800,2024-07-29,2330600,2020-03-16,3098800
VISN,2837665867.0491285,weekly,2026-08-03,61743100,2026-05-11,42712400,2026-05-04,47703000,2026-04-27,86627800,2026-03-02,36620500,2025-08-04,131974600,2025-06-23,43493800,2025-04-07,36818700,2025-03-31,46677900,2025-02-24,44226300,2024-11-04,44431600,2024-08-05,38360500,2024-07-29,42486900,2024-07-15,57287500,2024-06-17,47682000,2023-12-11,37311700,2023-10-30,44917100,2022-06-20,38643000,2020-07-13,40344600,2020-03-09,37167600
FUN,2249508847.9141083,weekly,2026-08-03,19269200,2026-05-04,16179800,2025-12-27,16856900,2025-11-22,17679700,2025-11-15,24681600,2025-11-08,29914700,2025-11-01,23358200,2025-10-25,17942700,2025-10-18,34753700,2025-10-11,16786200,2025-10-04,19318600,2025-09-27,16208200,2025-09-20,19740800,2025-09-13,21431600,2025-09-06,24118400,2025-08-30,17110700,2025-08-16,18303300,2025-08-09,25059800,2025-08-02,49368400,2024-06-29,26086300
VSAT,8460446729.21,weekly,2026-06-08,17364900,2025-09-13,29141100,2025-09-06,19470300,2025-08-23,28725800,2025-08-02,47766400,2025-06-07,38814900,2025-05-31,27404700,2025-05-17,17395700,2025-03-01,18435800,2025-02-22,17531200,2025-02-08,32179100,2025-02-01,18516200,2025-01-18,30366300,2025-01-11,21471300,2024-11-16,26257600,2024-11-02,20002600,2024-09-14,18373400,2024-08-10,21781000,2024-06-22,26074400,2023-03-11,19663000
INDV,5099999803.839428,weekly,2026-08-03,22477000,2026-06-22,12320500,2026-05-04,16086900,2026-04-27,16364400,2026-03-23,14029700,2026-03-16,22174800,2026-03-09,31038900,2026-02-23,11593600,2026-01-05,12205800,2025-12-15,34666700,2025-12-08,20905100,2025-11-03,13762200,2025-10-27,19341700,2025-09-15,18057900,2025-08-18,12992500,2025-08-04,18893400,2025-07-28,43862800,2025-07-21,17621300,2025-06-23,24110400,2025-02-24,13107000
HRI,5051032916.998431,weekly,2026-07-27,4065273,2026-06-22,4206500,2026-06-08,3253600,2026-04-27,5133800,2026-03-30,3364500,2026-03-09,3185200,2026-03-02,3737100,2026-02-23,3428500,2026-02-16,3958800,2026-02-02,3576600,2025-10-27,3480300,2025-07-28,5286900,2025-04-21,3426800,2025-04-07,3271500,2025-03-10,3247000,2025-03-03,3326000,2025-02-24,3714800,2025-02-17,5141400,2024-10-21,3885700,2023-03-13,3565600
VCYT,4826657233.715116,weekly,2026-07-27,15945501,2026-06-22,7961200,2026-06-15,8581300,2026-05-04,8109400,2025-11-03,9486200,2025-08-11,8715600,2025-08-04,8265400,2025-07-28,23164000,2025-07-21,9024000,2025-04-07,7253000,2025-02-24,8104900,2024-08-05,10780000,2022-12-12,8618600,2022-10-31,7303800,2022-06-13,7428800,2022-05-09,8276900,2022-05-02,8128600,2021-03-01,7361600,2021-02-08,7409200,2020-08-03,9221200
CELC,4874190576.412488,weekly,2026-08-10,6288408,2026-07-27,7774131,2026-07-20,5694600,2026-07-13,15627400,2026-07-06,5775300,2026-06-22,6596500,2026-06-08,7914100,2026-06-01,16664600,2026-05-11,7014100,2026-05-04,8795400,2025-12-15,6313900,2025-11-17,5844400,2025-10-20,13041600,2025-10-13,6879900,2025-09-29,6705500,2025-08-11,5730300,2025-08-04,6078700,2025-07-28,43209600,2021-04-12,6203500,2021-04-05,16407500
FSS,7647853196.779318,weekly,2026-06-22,4650600,2026-03-16,3830100,2025-11-29,5419700,2025-10-25,5113000,2025-07-26,7407200,2025-07-19,3436900,2025-07-05,3424700,2025-04-26,4646200,2025-04-05,4117100,2025-03-29,3439000,2025-03-15,4247300,2025-03-08,3487200,2025-03-01,3413200,2025-02-22,4298900,2024-11-02,3765300,2023-03-11,3554900,2022-12-10,3541200,2020-03-14,3385900,2020-03-07,3800200,2020-02-29,3544300
FLS,9273677259.152422,weekly,2026-07-27,15820523,2026-06-22,13623100,2026-05-11,12284800,2026-05-04,16090400,2026-04-27,24149000,2025-11-01,11928600,2025-10-25,24598900,2025-09-13,14362100,2025-07-26,30075700,2025-07-05,14675900,2025-06-28,16831000,2025-06-21,22845900,2025-06-07,12860700,2025-05-31,21882200,2025-04-26,12821800,2025-03-01,12223500,2021-03-13,29706900,2020-05-23,14210600,2020-03-21,12129100,2020-03-07,12925400
OSCR,7921220840.80537,weekly,2025-11-24,98823600,2025-11-10,106717300,2025-11-03,81771300,2025-10-20,79703800,2025-10-13,92065900,2025-10-06,113822800,2025-09-29,100746700,2025-09-15,101850400,2025-09-08,84746600,2025-08-18,111421300,2025-08-11,84421100,2025-08-04,103675700,2025-07-28,99120300,2025-07-21,252004200,2025-07-14,208135400,2025-07-07,198269300,2025-06-30,143913400,2025-06-23,115152800,2025-06-16,159573100,2023-03-27,120102200
NIQ,2547026655.5633626,weekly,2026-08-10,20536429,2026-07-27,9145941,2026-07-06,7687500,2026-06-22,6596500,2026-05-18,6729900,2026-05-11,12065400,2026-04-13,9754600,2026-03-30,8164400,2026-03-23,7375400,2026-03-16,9321400,2026-02-02,13724100,2025-11-17,9773200,2025-11-10,17209500,2025-09-29,12953000,2025-09-22,7413000,2025-09-15,10252300,2025-08-11,8353000,2025-08-04,7630400,2025-07-28,15892300,2025-07-21,28588400
LB,5015347201.436874,weekly,2026-03-16,3446300,2026-02-23,3384100,2026-02-02,3083100,2026-01-05,3266200,2025-11-17,4718300,2025-08-11,3451400,2025-08-04,3596800,2025-07-28,3135500,2025-07-21,6920800,2025-07-14,3269200,2025-04-07,3151600,2025-03-31,4351700,2025-03-24,4092100,2025-03-17,3148300,2025-03-03,3915100,2025-02-03,3715700,2025-01-27,6629500,2024-12-02,2976200,2024-11-18,4111400,2024-06-24,3203400
KSS,2184083900.118387,weekly,2025-11-22,67904200,2025-08-23,91124600,2025-07-19,311653400,2025-05-24,64065800,2025-04-05,77020800,2025-03-29,94011000,2025-03-08,133182700,2024-12-14,63891300,2024-11-23,108850600,2022-01-22,67058500,2020-11-14,73982400,2020-11-07,63963400,2020-09-12,66272500,2020-08-15,89152800,2020-06-06,65078300,2020-05-30,66251200,2020-05-23,68531500,2020-05-16,78255800,2020-04-25,72460900,2020-04-04,68415300
SIGI,5765434741.152258,weekly,2026-07-27,4796626,2026-07-20,3006500,2026-06-22,5020300,2026-04-20,4671600,2026-03-16,3043600,2026-01-31,4152200,2026-01-24,3813100,2025-12-13,3557100,2025-10-25,3778100,2025-10-18,4687100,2025-09-13,4060800,2025-08-23,3506800,2025-07-26,4505700,2025-07-19,6593600,2025-01-25,3932000,2024-10-19,3244900,2024-07-20,4957900,2024-07-13,3630000,2023-06-17,3026200,2020-03-14,3760800
SFNC,3326322212.8136706,weekly,2026-08-10,9047137,2026-08-03,6586400,2026-07-27,8804662,2026-07-13,9866900,2026-06-22,10393600,2026-06-08,9589500,2026-04-20,7019100,2026-04-13,7111000,2026-03-23,6561900,2026-03-16,8920600,2026-01-17,7903000,2025-12-13,7153500,2025-10-18,6660700,2025-07-26,6791000,2025-07-19,27800300,2024-12-14,6687600,2023-03-11,8343900,2022-04-02,12899500,2021-12-11,8685000,2020-03-14,9645900
MP,9595396478.247034,weekly,2026-01-26,64811000,2025-11-17,66129700,2025-11-10,58232100,2025-11-03,75066700,2025-10-27,72910600,2025-10-20,76800800,2025-10-13,154174400,2025-10-06,114796500,2025-09-22,83133900,2025-09-15,84811100,2025-08-11,68153900,2025-08-04,79763100,2025-07-21,70431500,2025-07-14,206374000,2025-07-07,146605300,2025-06-16,71841600,2025-06-09,87341600,2025-06-02,63519500,2025-04-14,77833700,2021-03-22,71156700
VCTR,5216969918.830512,weekly,2026-08-03,4425900,2026-04-06,3556900,2026-03-23,3945500,2026-03-16,4572300,2026-03-09,3582800,2026-03-02,5750300,2026-02-23,5305100,2025-09-22,3114000,2025-09-15,4557000,2025-09-08,3682300,2025-08-18,3523800,2025-08-11,3785300,2025-07-14,12823500,2024-11-11,3190400,2024-06-24,4138700,2024-04-22,3287000,2024-04-15,4172700,2023-11-27,3409100,2023-06-19,3384600,2022-06-20,3730500
CORZ,8646479881.716171,weekly,2026-07-27,119481100,2026-05-04,121679500,2025-12-15,93998200,2025-11-10,105879200,2025-10-27,119383500,2025-10-13,93632200,2025-10-06,115648600,2025-08-11,138468600,2025-07-07,242464200,2025-06-23,197338000,2025-03-31,126785900,2025-03-24,130855800,2025-03-10,109949600,2025-03-03,142278200,2025-02-24,93141200,2025-01-27,131916300,2024-08-12,114122400,2024-06-24,103522700,2024-06-10,91924900,2024-06-03,136267900
FAF,6833414484.931663,weekly,2026-06-22,6429600,2026-03-16,8771600,2025-07-14,6832900,2025-07-07,15678200,2025-05-19,6704200,2025-04-07,6960100,2023-12-18,8368600,2023-11-13,6608400,2023-03-13,7645600,2022-03-14,7760300,2021-03-15,8056100,2021-03-01,6902800,2021-02-22,7137300,2020-10-19,8084700,2020-09-21,6702800,2020-04-27,6916000,2020-04-20,6562100,2020-03-23,9478600,2020-03-16,13330500,2020-03-09,10434000
RAL,8078215625.885911,weekly,2026-08-03,8678700,2026-07-27,16105662,2026-06-22,10456900,2026-05-11,20018500,2026-03-09,7676300,2026-03-02,8896800,2026-02-23,9842500,2026-02-16,8105200,2026-02-09,12285800,2026-02-02,21577700,2026-01-26,8487800,2025-12-15,8586600,2025-12-01,7930300,2025-11-17,7574300,2025-11-10,8432600,2025-11-03,7834100,2025-07-21,7962400,2025-07-14,8444900,2025-07-07,17770500,2025-06-30,43854700
CLMT,3057121996.920922,weekly,2026-08-10,8512504,2026-08-03,7355900,2026-07-13,6845100,2026-05-04,7073600,2026-03-30,10458400,2026-03-02,8529500,2026-02-23,8106900,2026-02-02,8260100,2026-01-26,7014200,2026-01-05,6862500,2025-06-23,14102700,2025-04-07,10771100,2025-03-31,6947000,2025-03-17,7115600,2025-03-03,8045900,2025-02-10,8671200,2025-01-27,7267300,2025-01-13,10616400,2024-10-14,7117400,2024-09-16,11418300
TXG,4665639971.494543,weekly,2026-08-10,20962620,2026-08-03,16499900,2026-06-22,22431100,2025-11-10,19063500,2025-11-03,18629900,2025-10-20,17724100,2025-08-11,22285700,2025-07-28,16372900,2025-07-21,17570300,2025-06-23,35248700,2025-06-09,21696900,2025-06-02,21750800,2025-05-12,19039200,2025-05-05,23887300,2025-04-21,24884400,2025-04-07,20573000,2025-03-03,20287500,2025-02-10,24752700,2024-10-07,21935500,2024-07-08,18246900
HLNE,4318864846.3217,weekly,2026-08-03,5005600,2026-07-27,4773994,2026-06-22,6761800,2026-06-15,4330200,2026-06-08,4984700,2026-06-01,4446600,2026-05-25,5396600,2026-05-04,4864400,2026-04-27,7618100,2026-04-20,4136600,2026-04-13,4366400,2026-03-09,5136100,2026-03-02,4496900,2026-02-23,5987400,2026-02-02,4119600,2025-06-23,8736200,2025-05-26,5397500,2025-04-07,4329900,2024-12-16,5057600,2024-09-16,8661600
CC,3118833603.836142,weekly,2026-08-03,24104700,2026-05-04,24380800,2026-03-16,24544800,2026-02-16,23836100,2025-11-03,24743900,2025-08-11,26833000,2025-08-04,26854100,2025-07-07,26045300,2025-06-23,39614500,2025-06-02,24652000,2025-05-12,22091700,2025-05-05,26798700,2025-03-17,38791600,2024-02-26,36053800,2020-03-30,20695300,2020-03-23,23074300,2020-03-09,24414600,2020-03-02,20988000,2020-02-24,20573100,2020-02-10,23562500
MRX,4620119982.045852,weekly,2026-06-22,6872000,2026-05-04,7390600,2026-04-13,7717200,2026-04-06,7431900,2026-03-30,8161300,2026-03-23,6179000,2026-03-02,6306600,2025-10-06,6479900,2025-09-15,8020500,2025-08-11,6936100,2025-08-04,9666200,2025-07-14,5855700,2025-07-07,7656100,2025-06-30,8491400,2025-06-23,12247700,2025-05-26,6295000,2025-04-14,8641400,2025-04-07,6489500,2024-10-21,6207000,2024-04-22,8656100
KNSA,4554730502.204255,weekly,2026-07-27,8085914,2026-06-22,9872000,2026-04-27,7484400,2026-03-02,4469800,2026-02-23,4554300,2025-07-28,5264700,2025-06-23,11090400,2025-06-02,4708700,2025-04-28,5804400,2025-04-07,4518000,2025-03-03,5449300,2024-09-16,4752200,2024-07-22,6511900,2023-07-24,8533100,2022-08-01,4723900,2021-12-13,4605700,2021-08-02,6364000,2021-03-15,7710500,2020-10-05,4420000,2020-07-20,4496300
ZGN,5566308344.55814,weekly,2026-07-27,6997305,2026-07-06,6600800,2026-06-22,8090400,2026-06-08,9348900,2026-06-01,6631700,2025-10-13,6042000,2025-09-15,6660300,2025-07-07,5947900,2025-06-23,22982400,2025-06-09,6335800,2025-05-05,6032400,2025-04-21,6468000,2024-12-02,6137100,2024-11-11,5957400,2024-11-04,11269500,2024-09-23,6843400,2024-04-08,6733000,2024-04-01,7202000,2023-06-19,12705000,2022-06-20,6449400
FELE,4766820879.521675,weekly,2026-07-27,2641075,2026-06-22,1891500,2026-06-15,1859700,2026-04-27,1913700,2026-04-20,2277300,2026-02-23,2413700,2026-02-16,2933600,2026-02-09,2126700,2026-01-31,2047100,2026-01-24,2260100,2025-12-13,2044900,2025-11-22,2099900,2025-10-25,2350900,2025-09-13,1839800,2025-06-21,3277200,2025-04-26,1836000,2025-04-05,1997600,2025-03-15,2888800,2022-04-23,2741100,2020-01-25,2659000
SSB,9900609396.07294,weekly,2026-08-03,5308400,2026-07-27,4755975,2026-06-22,5049400,2026-04-20,5246000,2026-03-16,5553300,2026-02-23,5557300,2026-01-31,5118100,2026-01-24,4759500,2025-12-13,5727800,2025-12-06,4988300,2025-10-18,5009000,2025-07-26,5275200,2025-07-19,7205900,2025-06-21,19767500,2025-04-05,5568400,2025-03-15,5603700,2024-12-28,7632600,2023-03-18,5975300,2023-03-11,19563700,2023-03-04,6502800
HLIO,2989704102.7041345,weekly,2026-08-10,2349415,2026-06-22,2583700,2026-05-11,2826600,2026-04-06,2684600,2026-03-30,2228400,2026-03-09,2157500,2026-03-02,2696500,2025-11-01,3460200,2025-10-11,2258500,2025-08-09,2222400,2025-08-02,3186900,2025-07-12,2179200,2025-07-05,2058200,2025-06-21,3747000,2025-05-31,2065100,2025-05-24,2039800,2025-05-03,2350400,2025-04-05,2045700,2024-07-06,2484900,2023-10-28,2101700
NKTR,2150480755.218442,weekly,2026-06-22,10201800,2026-06-01,5242400,2026-05-11,5270300,2026-04-27,5110200,2026-04-20,13191900,2026-02-23,6208600,2026-02-09,20530300,2026-02-07,13460800,2025-12-13,9677200,2025-10-18,5598100,2025-09-20,5795400,2025-09-13,7670700,2025-09-06,9452600,2025-08-30,6104400,2025-07-12,5273000,2025-07-05,7202000,2025-06-28,9411600,2025-06-21,76632800,2023-08-05,17097087,2023-04-01,5959594
MMYT,5064010849.286016,weekly,2026-06-22,8137500,2026-06-08,7329200,2026-04-13,9210900,2026-04-06,8310200,2026-03-30,10604100,2026-03-23,9325400,2026-03-16,7738200,2026-03-02,9938000,2026-02-09,14679000,2026-02-02,17408100,2026-01-26,8205100,2026-01-19,13406000,2025-12-15,8544000,2025-12-08,7171600,2025-10-27,14032100,2025-07-21,8399200,2025-06-23,8718100,2025-06-16,24705500,2024-01-29,7130200,2021-03-01,7208700
RUN,3218029956.816912,weekly,2026-06-22,95480600,2026-02-23,91795400,2025-08-18,117240000,2025-08-11,127743000,2025-08-04,97568800,2025-07-07,114977300,2025-06-30,129863800,2025-06-23,125710400,2025-06-16,228192500,2025-06-09,101545200,2025-06-02,101041100,2025-05-26,88978000,2025-05-19,188644700,2025-05-12,130410700,2025-03-03,87567700,2024-11-04,110354400,2024-03-25,97528900,2024-02-19,90616000,2023-12-18,90115800,2023-12-11,111581500
SLDE,2186935870.0365453,weekly,2026-07-27,8194994,2026-06-29,7071000,2026-06-22,8880000,2026-05-04,6875600,2026-04-27,12629000,2026-04-13,10532300,2026-03-30,7808400,2026-03-23,13587700,2026-03-16,17901700,2026-03-09,11517600,2026-03-02,10804900,2026-02-23,15625200,2025-12-15,11951500,2025-10-13,11099000,2025-10-06,9435100,2025-09-29,12661300,2025-09-22,7226800,2025-09-15,13183900,2025-06-23,7037100,2025-06-16,18538800
SEDG,3147342068.451233,weekly,2026-08-03,38596800,2026-05-11,28894500,2025-11-03,34637600,2025-07-21,28957100,2025-06-30,29458300,2025-06-23,29742100,2025-06-16,59057900,2025-05-19,40380300,2025-05-12,35385900,2025-05-05,41644300,2025-02-17,52587700,2024-12-16,41131700,2024-11-11,40099500,2024-11-04,49469500,2024-07-15,30646000,2024-07-08,38304000,2024-06-24,51377800,2023-12-11,33502000,2023-10-30,29361500,2023-10-16,29223800
TTAN,6601512405.022083,weekly,2026-08-10,8124046,2026-07-27,9999799,2026-07-06,6855900,2026-06-22,15979300,2026-06-08,8080200,2026-06-01,11702500,2026-05-11,7045500,2026-03-09,9346700,2026-02-23,8927400,2026-02-09,8412600,2026-02-02,13778600,2025-12-08,7817500,2025-12-01,9234900,2025-09-15,13661200,2025-09-08,8456500,2025-09-01,7590400,2025-06-30,8345900,2025-06-23,7519000,2025-06-09,18408700,2025-06-02,7480700
NEU,7292373245.664637,weekly,2026-08-10,777261,2026-08-03,743700,2026-07-27,901641,2026-06-22,662400,2026-04-20,818200,2026-03-16,836200,2026-03-09,837500,2026-03-02,862900,2026-02-23,747300,2026-02-09,887800,2026-01-31,801600,2026-01-24,724600,2026-01-10,847000,2026-01-03,779900,2025-06-21,1199600,2025-06-14,900400,2025-06-07,1418200,2025-05-31,734700,2021-12-11,1337700,2020-03-21,719300
CLF,5675626115.195168,weekly,2026-07-27,178081606,2026-07-20,175841400,2026-02-09,189738100,2025-10-25,157733600,2025-10-18,212376100,2025-10-11,260158700,2025-10-04,194465000,2025-07-19,207035100,2025-06-14,160105200,2025-06-07,173186000,2025-05-31,361918700,2025-05-24,177026300,2025-02-08,155997700,2022-03-05,166712400,2022-02-26,167930800,2021-09-18,161468300,2021-06-19,189634100,2021-06-12,233438500,2021-06-05,253136600,2021-02-20,206584200
AGM,2063670532.9411216,weekly,2026-08-03,586700,2026-07-27,879215,2026-06-22,959500,2026-06-08,617100,2026-06-01,790800,2026-05-04,586100,2026-03-16,1228900,2026-02-23,683300,2026-02-16,729500,2026-01-31,611500,2026-01-10,641000,2026-01-03,678300,2025-07-05,896400,2025-06-21,836200,2025-06-14,943500,2025-06-07,877100,2025-05-31,1646600,2024-03-09,623600,2024-03-02,659900,2023-03-11,781200
PVH,3429520078.2630186,weekly,2026-06-01,12038000,2025-05-31,21357900,2025-04-05,11721300,2025-03-29,18020700,2024-03-30,16010400,2023-05-27,10364800,2023-03-25,12520300,2022-09-10,20497200,2022-08-27,10696100,2022-05-07,13034400,2022-04-30,10755400,2022-03-26,13843200,2022-03-05,11272500,2022-01-22,11898600,2020-06-13,10753500,2020-06-06,15406100,2020-05-23,14248700,2020-04-25,12367100,2020-04-04,11896200,2020-03-28,11392000
ANF,4065945647.4210415,weekly,2025-11-22,23543000,2025-05-24,37408300,2025-03-01,22671700,2025-01-11,18812900,2024-08-24,19226800,2024-07-13,18096500,2024-05-25,20445600,2024-03-02,19819800,2023-08-19,24652100,2023-05-20,26094900,2022-08-20,22854900,2022-05-21,32612100,2022-02-26,18074000,2021-08-21,21692700,2020-08-22,29098900,2020-03-21,18702700,2020-03-14,18307500,2020-03-07,23742100,2020-02-29,21988300,2020-02-22,18053700
AAP,3749454001.050338,weekly,2026-05-18,17535400,2025-07-21,16957400,2025-06-23,24777500,2025-05-26,19763600,2025-05-19,47485600,2025-04-07,17853300,2025-03-03,16962100,2025-02-24,24103400,2024-11-11,22710700,2024-09-30,18783600,2024-08-19,24609600,2024-05-27,16842300,2024-03-11,19736900,2024-02-26,17131700,2023-11-13,23523500,2023-09-11,17760200,2023-08-21,35448900,2023-06-12,22421000,2023-06-05,18690000,2023-05-29,40612500
LOAR,7409440497.598293,weekly,2026-06-22,5412900,2026-05-04,6751100,2026-04-20,5348100,2026-03-30,5580300,2026-03-23,5718100,2026-03-09,6571000,2026-03-02,6932500,2026-02-23,9169900,2025-11-10,6755300,2025-09-08,5295800,2025-08-25,5378000,2025-08-18,5555300,2025-08-11,7725100,2025-06-23,6067200,2025-06-09,7521700,2025-05-19,6594500,2025-05-12,16334900,2024-12-16,5427300,2024-12-09,7180800,2024-04-22,7835700
ETOR,3239138353.9816127,weekly,2026-08-10,15058725,2026-05-11,11877100,2026-04-20,6907100,2026-04-13,9105700,2026-02-23,8226500,2026-02-16,10197900,2026-02-09,6650400,2026-02-02,9694100,2026-01-12,7259500,2026-01-05,6893700,2025-12-15,6947500,2025-11-17,10510300,2025-11-10,16727400,2025-08-11,9365500,2025-07-14,6936400,2025-06-30,6968600,2025-06-23,6993700,2025-06-09,14174200,2025-06-02,7818200,2025-05-12,18847600
ECG,7928292681.4808035,weekly,2026-08-03,4010600,2026-06-22,3702000,2026-05-11,3766900,2026-05-04,5509600,2026-04-13,3749400,2026-02-23,6744000,2026-01-12,6333700,2026-01-05,3634800,2025-12-08,3714900,2025-08-11,6274000,2025-05-12,7492600,2025-04-07,4376200,2025-03-31,4151500,2025-03-17,3896200,2025-03-10,3714700,2025-02-24,6522500,2025-02-10,5744100,2025-01-27,4342400,2024-12-16,4760700,2024-11-04,6969800
LIVN,4583105443.955461,weekly,2026-08-03,5485500,2026-05-04,6921100,2026-03-09,5098200,2026-02-23,6685400,2025-08-04,5621700,2025-05-05,9162200,2025-04-07,5965800,2025-02-24,7378800,2024-07-29,6694700,2024-07-08,5292600,2024-06-03,5445700,2024-04-29,6465500,2024-03-18,5153900,2024-03-04,7451300,2021-08-02,5593900,2021-03-01,6364000,2021-02-22,4940900,2020-07-27,5353100,2020-06-08,8532900,2020-03-16,4795800
CGON,6347049889.585392,weekly,2026-06-22,9888900,2026-04-13,7122000,2026-04-06,6180000,2026-03-16,10407400,2026-03-09,11193000,2026-01-19,8454000,2026-01-05,11232100,2025-12-15,6392000,2025-10-06,6419000,2025-09-15,7995200,2025-09-08,7922000,2025-05-05,13705600,2025-04-28,14961300,2025-04-21,6777800,2025-04-07,8896000,2025-03-31,8783400,2024-12-16,6980100,2024-09-16,12967500,2024-03-11,8077300,2024-01-22,10543700
FOUR,3780022858.8499312,weekly,2026-08-03,13512900,2026-03-23,18519900,2026-03-02,18997200,2026-02-23,22480600,2026-02-02,15526200,2025-11-10,16132200,2025-11-03,17512100,2025-10-27,16395800,2025-09-22,13828200,2025-08-04,25430800,2025-04-28,27399100,2025-02-24,13314900,2025-02-17,22809100,2024-12-02,15303900,2024-11-18,22275300,2024-08-12,14560100,2024-02-26,21358700,2023-04-17,20378600,2021-10-25,14535500,2020-11-30,15177300
NBTB,2579187268.653472,weekly,2026-08-03,1869200,2026-07-27,3008611,2026-07-13,1872200,2026-06-22,2534700,2026-06-15,1767600,2026-05-11,1745000,2026-03-16,1803800,2025-12-13,2001300,2025-04-26,3931300,2025-03-15,1921600,2024-12-14,2945000,2024-09-14,2071200,2024-07-20,1852700,2024-07-13,1739500,2024-03-23,1900900,2023-12-09,2295700,2023-08-05,2673600,2023-03-11,2096900,2022-12-10,2567300,2020-03-14,1802200
SMG,4067499405.031012,weekly,2026-07-27,7176874,2026-04-27,6567700,2026-01-24,7535400,2025-07-26,8173800,2025-05-31,8052200,2025-05-10,7063500,2025-04-26,14558300,2025-04-05,9450200,2025-03-29,7411900,2025-03-15,7221400,2025-03-01,6843100,2025-01-25,6356000,2024-11-02,9844500,2024-07-27,8806100,2024-06-15,6586100,2023-10-28,7473200,2023-07-29,6941500,2023-01-28,7663400,2022-10-29,7361200,2022-10-01,7961000
CHA,2174701844.0,weekly,2026-05-25,5427900,2026-01-05,6856500,2025-12-29,5543200,2025-12-22,6783100,2025-12-01,6617400,2025-10-06,5373500,2025-09-15,5420800,2025-09-01,7997500,2025-08-25,9290700,2025-08-18,5840300,2025-08-04,5362600,2025-07-14,5560400,2025-07-07,5806000,2025-06-23,7105700,2025-06-02,8172100,2025-05-26,5524600,2025-05-12,7657300,2025-04-28,10267800,2025-04-21,15929900,2025-04-14,14716000
NG,2790644911.7658534,weekly,2026-08-10,24758606,2026-08-03,28641400,2026-07-27,25944392,2026-07-20,42405400,2026-06-22,35935400,2026-03-16,31035700,2026-02-02,27712900,2026-01-26,38268200,2025-10-13,27734400,2025-09-29,32129500,2025-09-15,26720700,2025-06-23,29219900,2025-06-02,39910500,2025-05-12,31240100,2025-05-05,41750000,2025-04-21,51463500,2025-04-07,27596600,2020-06-01,26799400,2020-05-25,25901400,2020-03-16,29746800
XXI,3466781175.599229,weekly,2026-08-03,8221000,2026-07-27,8340875,2026-07-20,14288000,2026-06-01,10398300,2026-04-27,6861400,2026-04-13,7585300,2026-03-23,8238200,2026-03-16,28584800,2026-02-02,6736300,2026-01-19,6552800,2026-01-05,6871400,2025-12-22,7300400,2025-12-15,8082900,2025-12-08,23947700,2025-05-26,6576000,2025-05-19,16031500,2025-05-12,9123100,2025-05-05,28598100,2025-04-28,46609900,2025-04-21,99327300
PTEN,3640533388.650973,weekly,2026-07-27,69871190,2026-03-09,70825300,2026-01-31,68174200,2026-01-03,71448700,2025-10-18,64459400,2025-06-21,83263000,2025-06-07,61009500,2025-05-24,61796900,2025-05-17,65318200,2025-05-10,66118400,2025-05-03,69654700,2025-04-26,69371300,2025-04-19,89728900,2025-04-05,67213300,2025-03-15,76507100,2025-03-08,72220800,2025-03-01,75709300,2025-02-01,62758400,2024-12-14,76098000,2020-05-23,62043200
ACT,6315538015.129034,weekly,2026-02-02,2633900,2025-09-22,2564400,2025-09-15,3356600,2025-06-16,3442000,2025-05-12,2502700,2025-04-28,2459700,2025-04-14,8166500,2025-04-07,4004700,2024-11-04,2976600,2024-10-28,6147400,2024-01-22,2748900,2023-11-13,3058500,2023-11-06,2554800,2023-08-28,2498500,2023-07-31,2759900,2022-09-12,3481700,2022-06-20,4730600,2022-06-13,4129600,2021-12-13,3151400,2021-09-13,4079200
ATAT,4332748572.0,weekly,2026-05-25,7637000,2026-04-20,7798400,2026-03-16,9902800,2025-12-01,10700100,2025-08-25,11810800,2025-07-07,11681700,2025-05-26,8029000,2025-05-19,9573300,2025-05-05,7585400,2025-04-14,10822900,2025-04-07,15101600,2025-02-24,8122200,2025-02-17,7935500,2024-12-09,11210900,2024-12-02,7308900,2024-09-30,10334300,2024-09-23,11134700,2024-09-02,7523400,2024-07-08,8085000,2024-06-10,11622800
NEA,3453935100.0,weekly,2026-03-23,7255800,2025-04-07,15935900,2024-12-16,8218600,2024-11-04,7068700,2023-12-25,7208300,2023-12-18,8206200,2023-09-25,9035600,2023-09-18,6940300,2023-01-09,9130600,2022-12-26,8783800,2022-12-19,7718500,2022-12-12,7591200,2022-11-14,8396100,2022-10-31,6885800,2022-09-26,8269900,2022-05-23,8252100,2022-01-17,7117600,2020-03-23,8536200,2020-03-16,11274900,2020-03-09,10465100
PTY,2501386656.0,weekly,2026-08-10,6656263,2026-08-03,7842500,2026-03-30,7072000,2026-03-23,7104200,2026-03-16,7287000,2026-03-09,8578200,2026-03-02,8074800,2026-02-02,6880500,2025-12-29,8523100,2025-12-22,7407200,2025-12-15,7426300,2025-11-17,7987900,2025-10-20,8670300,2025-04-07,9720700,2025-03-31,9195700,2021-08-30,8038800,2020-04-13,6591200,2020-03-23,7178900,2020-03-16,7582400,2020-02-24,9309500
VAL,5288065866.094918,weekly,2026-02-16,10256800,2026-02-09,15220500,2025-07-28,8950900,2025-06-09,8992800,2025-05-12,9129800,2025-05-05,10058600,2025-04-28,12008200,2025-04-07,17813800,2025-03-31,12525600,2025-03-10,9387100,2025-03-03,17720800,2025-02-24,14901400,2025-02-17,10779700,2025-01-13,8749200,2024-12-16,10886900,2024-11-18,12950800,2024-10-28,10199700,2023-03-13,15236600,2022-09-12,9725300,2022-06-20,14568200
JPC,2911761520.0,weekly,2026-08-10,6279027,2026-03-30,7786400,2026-03-23,10180400,2026-03-16,6280500,2026-02-02,6369400,2025-12-01,7485700,2025-11-17,7211200,2025-10-13,6473200,2025-04-07,13113100,2025-03-31,9297400,2024-12-16,7162300,2024-09-30,7186500,2024-08-19,6358800,2024-08-12,6989600,2024-07-15,8294800,2024-07-08,6352600,2024-01-22,7771000,2023-12-04,6520100,2020-03-23,6881100,2020-03-16,6913300
UTG,3638866686.0,weekly,2026-07-27,2375931,2025-10-20,2491900,2025-04-07,3196200,2025-03-31,2621200,2025-03-03,2375700,2024-09-16,2144500,2024-08-12,2090100,2024-08-05,2974500,2024-07-29,2439800,2024-07-08,2759200,2024-02-05,2355400,2023-10-30,2088400,2023-10-02,2362200,2022-06-13,2536700,2020-06-08,2081500,2020-06-01,2940900,2020-03-23,2729500,2020-03-16,2944000,2020-03-09,2903000,2020-02-24,3011300
BXSL,5581321093.516694,weekly,2026-05-11,10753200,2026-05-04,14019500,2026-04-27,14052000,2026-04-20,15701200,2026-04-13,13014200,2026-04-06,12936300,2026-03-16,17353600,2026-03-09,15517800,2026-03-02,14569900,2026-02-23,14805800,2026-02-16,12137600,2026-02-02,18169100,2025-12-15,16036400,2025-10-20,10543500,2025-10-13,14387100,2025-10-06,14646500,2025-09-29,14883600,2025-09-22,12445900,2025-09-15,17700800,2025-04-07,18532000
NAD,2793857850.0,weekly,2026-03-23,7182300,2025-04-19,6354800,2025-04-05,9877400,2024-12-21,5597700,2024-12-14,6478700,2023-11-04,6172600,2023-10-21,5791600,2023-10-14,5633200,2023-09-23,6543700,2022-12-24,7145300,2022-12-17,6954400,2022-12-10,5829500,2022-11-26,5728600,2022-11-12,6177600,2022-06-11,5908200,2022-05-21,5834500,2022-03-26,5964100,2020-03-21,6127400,2020-03-14,8506800,2020-03-07,8874600
KWR,2789571775.639249,weekly,2026-07-27,1128686,2026-06-22,1242900,2026-04-27,1026100,2026-03-16,1103600,2026-02-23,1361600,2026-01-31,991900,2025-07-26,1046600,2025-07-12,1267100,2025-07-05,1058400,2025-06-21,1098600,2025-06-07,1108500,2025-04-05,1413300,2025-03-29,1009200,2025-03-15,1045600,2024-12-14,1164300,2020-05-09,1131400,2020-03-14,1336600,2020-03-07,1076400,2020-02-29,1119300,2020-02-22,1002700
SHOO,3158752420.6784,weekly,2026-07-27,9769662,2026-06-22,8906600,2026-02-23,12188700,2026-02-09,9199600,2026-01-31,14932600,2025-11-01,12187900,2025-09-20,8919200,2025-09-13,10589100,2025-09-06,8325600,2025-08-02,9142200,2025-07-26,13676700,2025-05-10,14010800,2025-05-03,12733300,2025-04-19,11153100,2025-04-05,15351700,2025-03-29,13298300,2025-03-15,12059900,2025-03-08,9456800,2025-02-22,8994000,2024-03-09,10644900
BC,5657973644.766713,weekly,2026-03-02,7021400,2026-01-24,6363200,2026-01-03,6626800,2025-10-18,6445900,2025-07-19,7756000,2025-05-31,7541900,2025-04-19,7532400,2025-04-05,9628000,2025-03-29,7978900,2024-07-20,7737600,2024-01-27,9002100,2022-04-02,7303200,2022-03-12,8792100,2021-01-23,6787600,2020-07-25,6610000,2020-05-09,6678600,2020-04-18,6562600,2020-03-28,6371400,2020-03-21,6803000,2020-03-14,7506100
BEAM,3581225381.8670797,weekly,2026-07-06,15619900,2026-06-22,16190700,2026-04-20,12079900,2026-03-23,13143400,2026-03-02,12147300,2026-01-12,15475200,2025-11-03,12938600,2025-10-20,15494900,2025-10-06,13312700,2025-09-15,16972500,2025-09-08,14630100,2025-09-01,18268600,2025-08-18,13450900,2025-08-11,14165900,2025-07-07,15508500,2025-05-05,15287400,2025-04-07,18654400,2025-03-31,21098900,2025-03-10,20184700,2024-02-26,15088400
EWTX,4460806045.526985,weekly,2026-08-03,9622900,2026-06-15,12463400,2026-06-01,8268500,2026-05-04,10845700,2026-04-27,7452200,2025-12-22,11498900,2025-12-15,14901400,2025-11-10,9642400,2025-04-07,14096100,2025-03-31,31165400,2025-03-17,8595800,2025-03-10,8482800,2025-03-03,7252500,2024-12-16,8595500,2024-09-16,23027100,2024-06-24,8911500,2024-03-11,7699200,2024-01-22,8340100,2024-01-15,10212500,2022-01-03,9148900
PCVX,8161357475.441133,weekly,2026-06-22,15399700,2026-05-04,12307700,2026-02-02,12615200,2025-10-06,10236200,2025-09-29,10276300,2025-09-22,10169600,2025-09-15,12191200,2025-06-23,10313500,2025-05-26,11973900,2025-05-19,11117500,2025-05-12,10536600,2025-05-05,14360800,2025-04-28,10046200,2025-04-07,22323200,2025-03-31,38011900,2024-11-11,14218200,2024-09-02,17361600,2024-01-29,10753500,2023-04-17,15497800,2022-10-24,37059500
RH,3006010003.865933,weekly,2026-04-06,8649400,2026-03-30,15787600,2025-12-08,9284700,2025-09-08,10284600,2025-06-09,14700800,2025-04-21,8757700,2025-04-07,24732900,2025-03-31,26886900,2024-09-09,8692700,2024-03-25,9239700,2023-12-11,8156800,2023-03-27,9652400,2022-04-04,9599800,2022-03-28,13169500,2020-09-07,8539800,2020-06-01,11588800,2020-03-30,14443800,2020-03-23,11168500,2020-03-16,10723300,2020-03-09,9532500
EZPW,2001149942.177885,weekly,2026-08-10,7074325,2026-08-03,5967700,2026-06-22,5988500,2026-06-08,5888800,2026-02-09,6558300,2026-01-31,8660700,2025-12-13,6465300,2025-12-06,14055300,2025-10-11,6288000,2025-09-13,6821000,2025-05-10,9698600,2025-05-03,5844000,2025-04-26,13521100,2025-04-19,13814300,2025-04-05,7776500,2025-03-29,15381200,2025-02-01,5878000,2023-06-17,11844800,2022-12-03,10569200,2020-02-01,10035300
WEX,4784550650.383002,weekly,2026-07-27,6024539,2026-07-20,5357600,2026-04-20,5242600,2026-02-02,5155100,2025-07-21,3991600,2025-04-07,6697800,2025-03-31,7918000,2025-03-24,12502600,2025-03-17,9295700,2025-03-10,4671000,2025-02-03,4915000,2024-10-21,4580000,2020-11-09,4343500,2020-06-22,5552300,2020-06-15,5614300,2020-03-30,4184200,2020-03-23,5253800,2020-03-16,5450200,2020-03-09,6402800,2020-03-02,4563400
EFSC,2446126728.8223443,weekly,2026-07-20,1394200,2026-06-22,2181100,2026-06-15,1584500,2026-04-27,1778900,2026-04-20,1383900,2026-04-06,1487200,2026-03-23,1801500,2026-03-16,2281000,2025-12-15,1488900,2025-04-07,1600200,2025-03-17,4354600,2024-11-04,1581000,2024-07-22,1728800,2023-07-24,1941200,2023-06-12,1602200,2023-03-27,1292400,2023-03-13,1810200,2021-12-13,1332400,2021-04-26,2197800,2020-12-14,1379700
WSC,5223506256.714138,weekly,2026-08-10,19471514,2026-05-04,22887900,2025-11-24,19127800,2025-11-17,29810400,2025-11-10,22305700,2025-11-03,24426200,2025-04-07,21225000,2025-03-17,49348500,2025-03-10,23743500,2025-03-03,19848900,2024-11-04,27124700,2024-10-28,32205200,2024-09-16,22441000,2024-01-29,22394800,2023-04-24,19340500,2022-06-20,34617300,2021-09-13,20147500,2021-06-21,27617300,2021-03-01,22584100,2020-06-29,27298400
FRPT,2822270367.084301,weekly,2026-08-03,13402200,2026-05-11,9635000,2026-05-04,12782900,2026-03-23,12652300,2026-03-16,12501600,2026-02-23,9246000,2025-11-03,10859900,2025-09-29,8968600,2025-09-15,8714900,2025-08-04,9223700,2025-03-17,15480600,2025-03-10,12525800,2025-03-03,9986200,2025-02-24,9982700,2025-02-17,11021500,2024-02-26,9750700,2023-03-13,11582900,2022-09-19,10373400,2022-08-08,9284800,2022-05-02,11852300
CE,5419522357.261242,weekly,2026-08-03,16650800,2026-05-04,15323000,2026-03-09,17075800,2026-03-02,15741400,2026-02-16,15344500,2025-11-03,18647300,2025-08-11,25819000,2025-05-05,21774400,2025-04-28,16226300,2025-04-07,25460600,2025-03-31,15690900,2025-03-17,36037900,2025-03-03,21004800,2025-02-24,28794000,2025-02-17,27909700,2024-12-16,18571500,2024-12-02,16004400,2024-11-18,19153000,2024-11-11,16723800,2024-11-04,24669500
MWA,4177777888.054114,weekly,2026-02-02,9728000,2025-12-15,11215500,2025-09-15,9431300,2025-08-04,9794800,2025-05-05,15905500,2025-04-07,9018300,2025-03-31,9339300,2025-03-24,14405700,2025-03-17,43915800,2025-03-10,17013000,2025-02-03,13845500,2024-10-07,10478300,2024-08-05,11095000,2024-05-06,16317500,2024-04-15,11047900,2024-02-12,9037100,2023-07-31,9173500,2022-01-24,9169000,2021-12-13,9799400,2021-11-08,9373400
WTTR,2763705556.8018765,weekly,2026-08-03,15673600,2026-06-22,15148300,2026-05-11,9798200,2026-05-04,10691400,2026-04-20,15621400,2026-04-13,10787300,2026-03-30,9470600,2026-03-02,8752500,2026-02-23,12282200,2026-02-16,16766700,2025-10-13,9475100,2025-07-07,11867100,2025-05-05,10559200,2025-04-07,10973000,2025-03-17,24597500,2025-03-03,8726800,2024-11-04,8933500,2024-07-29,9030700,2024-03-11,15774700,2024-02-19,10935300
IPAR,3457823457.495592,weekly,2026-08-03,1672900,2026-07-06,1954900,2026-06-22,2038200,2026-04-06,1643200,2026-03-16,1882300,2026-03-02,1561800,2026-02-23,1620000,2025-12-13,1904700,2025-12-06,1576700,2025-11-15,2049100,2025-09-27,1467200,2025-09-13,2108100,2025-09-06,1515400,2025-05-03,1818900,2025-04-05,1728400,2025-03-29,2301500,2025-03-22,1458800,2025-03-15,3521100,2024-03-09,1494200,2020-05-09,1714500
RHP,8338628342.997249,weekly,2026-08-10,10529273,2026-06-22,5406200,2025-05-17,5861800,2025-04-05,9003300,2025-03-29,6115800,2025-03-15,16705200,2025-03-08,6991800,2023-06-03,6070400,2020-11-07,6674300,2020-06-13,5819300,2020-06-06,6833600,2020-05-30,6865100,2020-04-25,5985000,2020-04-18,5430400,2020-04-11,8091800,2020-04-04,6036300,2020-03-28,5310900,2020-03-21,7893300,2020-03-14,11630600,2020-03-07,6493500
IOSP,2035263295.7966428,weekly,2026-06-22,1396600,2026-05-11,1376000,2026-05-04,1439800,2026-03-23,2210300,2026-03-16,1662300,2026-03-09,1386200,2025-12-13,2084300,2025-12-06,1701400,2025-11-22,1801200,2025-11-01,1299400,2025-09-20,1282500,2025-09-13,1621600,2025-06-21,1560400,2025-03-22,1263800,2025-03-15,2879000,2025-03-08,1585100,2024-12-14,1357100,2022-12-10,1406800,2021-12-11,1652600,2020-12-12,1280800
BKE,2227641936.528639,weekly,2025-04-05,4385600,2025-03-15,6585700,2024-01-06,4372700,2022-05-21,5163600,2022-04-16,4619600,2022-04-09,4199400,2022-04-02,4387300,2022-03-26,3993000,2022-03-12,4565200,2022-03-05,4002100,2022-01-22,5836200,2022-01-15,4246400,2021-12-11,5802200,2021-05-22,4426600,2021-01-23,5648400,2020-08-15,5600400,2020-06-13,4339900,2020-03-28,4171000,2020-03-14,5289500,2020-03-07,4473800
CENT,2525720980.975281,weekly,2025-04-05,1127500,2025-03-22,1425000,2025-03-15,4125800,2025-03-08,1155000,2025-03-01,927700,2025-02-22,1348200,2024-12-14,1429100,2024-09-14,1063300,2024-06-22,912700,2024-06-15,1053600,2024-03-09,943700,2024-02-10,920700,2023-12-09,1812957,2023-09-09,2062737,2021-12-11,1492685,2021-06-19,1593440,2020-12-12,1115587,2020-05-16,1181352,2020-03-21,1019301,2020-03-14,1338422
OFG,2067280610.5309265,weekly,2026-06-22,3282700,2026-06-15,2682900,2026-03-16,3392400,2026-01-24,2565200,2025-04-26,2427700,2025-03-15,6039000,2024-12-14,3424500,2024-03-09,2742500,2023-03-11,5313000,2022-12-10,2376800,2021-12-11,3163700,2020-06-20,2579600,2020-06-13,2389700,2020-06-06,3090600,2020-05-09,2395400,2020-05-02,3406200,2020-03-28,2705700,2020-03-21,2921000,2020-03-14,3361500,2020-03-07,2989600
PSMT,6063316343.220448,weekly,2026-08-10,1516818,2026-08-03,1437300,2026-07-27,1589534,2026-07-06,2056100,2026-06-22,2393800,2026-04-06,1749700,2026-03-16,1582700,2026-01-31,1453200,2025-12-13,1708100,2025-09-06,1507700,2025-07-05,1426100,2025-06-21,1611800,2025-04-19,1518600,2025-04-05,2115400,2025-03-15,2796500,2023-12-09,1720300,2023-10-28,2025000,2023-10-14,1555800,2023-10-07,1758200,2023-09-30,2507000
TFX,5748929545.900305,weekly,2026-05-04,4585200,2026-04-20,7272000,2026-04-13,5047400,2026-03-23,4668400,2026-02-23,6887400,2026-01-31,5548400,2026-01-24,5803300,2026-01-10,5346500,2026-01-03,6280300,2025-12-06,6474100,2025-11-01,5770400,2025-04-26,4604200,2025-04-05,6334800,2025-03-29,5612500,2025-03-22,4784300,2025-03-15,15827000,2025-03-08,6098300,2025-03-01,7064400,2025-02-22,11376900,2022-07-23,4621300
BHE,3302481342.956065,weekly,2026-07-27,3314346,2026-07-13,2402600,2026-06-22,3847700,2026-06-15,2810700,2026-06-08,2339400,2026-05-04,2609700,2026-04-27,4058600,2026-03-16,3253700,2025-12-13,3233500,2025-09-13,3005600,2025-04-26,2283400,2025-03-15,6373200,2025-03-01,2314500,2024-12-14,2517000,2024-07-27,2404000,2024-06-22,2348300,2024-06-15,6041500,2024-04-27,2449400,2024-03-09,3861600,2023-03-11,2342400
ACI,6656089142.413517,weekly,2026-08-03,46478400,2026-07-27,61714107,2026-07-20,81223700,2026-06-15,50071600,2026-04-13,59463300,2026-01-12,49047600,2026-01-05,80980800,2025-12-15,54185800,2025-12-01,43774500,2025-11-24,54900200,2025-11-03,43730700,2025-10-13,61741900,2025-10-06,43863000,2025-07-14,55096400,2025-04-14,46847300,2025-03-10,82790000,2025-03-03,47250000,2024-12-09,73427700,2022-10-17,66386100,2022-10-10,77225200
THO,4098997093.085568,weekly,2025-04-05,6741000,2025-03-01,9994600,2024-03-02,6784400,2022-09-24,7933400,2022-06-04,6695300,2022-05-14,8773800,2022-04-30,7509300,2022-04-02,6649000,2022-03-26,6620500,2022-03-05,7057500,2022-01-15,6826600,2021-06-05,6627000,2021-01-23,8684100,2020-09-26,8431300,2020-09-12,7124500,2020-06-06,9101700,2020-05-09,7199900,2020-03-21,6742400,2020-03-14,8902700,2020-03-07,8725800
FLYW,2164749564.9075828,weekly,2026-08-03,16756400,2026-06-22,16888400,2026-05-04,21667700,2026-02-23,16943700,2025-11-03,15627800,2025-09-15,13612600,2025-08-04,23223300,2025-06-23,13514500,2025-06-09,13189600,2025-05-05,18990000,2025-04-21,19814600,2025-04-07,15980300,2025-03-24,15752400,2025-03-10,13437000,2025-03-03,16809100,2025-02-24,45355400,2024-05-06,24202300,2024-02-26,16390800,2023-11-06,21231900,2021-12-13,16522800
HSIC,9677228677.344366,weekly,2026-05-11,11255500,2026-05-04,11813700,2026-02-23,13302600,2025-11-01,14068200,2025-09-13,11348800,2025-08-02,15589600,2025-07-12,12074000,2025-03-01,11859900,2025-02-22,26419600,2025-01-25,12124700,2024-11-16,14988000,2024-11-02,11740700,2024-09-07,11405300,2024-08-03,19818100,2020-08-01,11959300,2020-05-02,11152100,2020-03-28,12114500,2020-03-21,20859100,2020-03-14,14236500,2020-03-07,14912000
TTC,9221075712.666668,weekly,2026-06-08,6084900,2026-06-01,7190500,2026-03-09,6468400,2026-03-02,6220300,2025-12-13,10529500,2025-06-14,6688700,2025-05-31,8175900,2025-04-05,6328800,2025-03-08,6636000,2025-03-01,9427300,2025-02-22,12033400,2024-12-14,8320000,2024-08-31,7637400,2024-06-22,7763100,2024-06-08,7735100,2024-06-01,9571400,2024-05-25,7013800,2024-05-18,6910600,2023-12-16,6925200,2023-02-25,8583000
KAI,3832318391.157388,weekly,2026-06-22,982900,2026-06-08,913200,2026-05-11,975100,2026-05-04,1240600,2026-04-27,1091100,2026-04-20,943900,2026-03-30,871100,2026-03-16,983500,2026-02-23,1056400,2026-02-16,983000,2025-12-13,1079700,2025-10-25,1237600,2025-10-11,908500,2025-05-10,887400,2025-04-26,926200,2025-04-05,913700,2025-02-15,3143900,2025-02-08,965800,2024-12-14,1015500,2024-04-27,906200
MRP,4770275148.521914,weekly,2026-06-22,9490700,2026-06-15,13613700,2026-05-11,10502400,2026-05-04,11607200,2026-03-16,9396300,2026-02-23,11028000,2025-12-15,13496000,2025-12-08,10518600,2025-12-01,18905500,2025-11-24,26779300,2025-11-17,29108400,2025-10-06,10084900,2025-03-24,8881000,2025-03-17,23624900,2025-03-10,8948100,2025-03-03,9125500,2025-02-24,10783900,2025-02-17,12356700,2025-02-10,48780000,2025-02-03,45724200
GOLF,6914062541.1053,weekly,2026-06-22,2763200,2025-04-07,3741000,2025-03-31,3608700,2025-03-10,3219600,2025-03-03,2751500,2025-02-24,3090400,2025-02-10,8508300,2024-11-04,2837400,2024-08-05,3150600,2023-07-17,2780100,2023-02-27,2726300,2022-05-02,2779900,2021-05-17,2818700,2020-05-25,2960500,2020-05-04,2907800,2020-04-27,3239600,2020-04-13,3382700,2020-04-06,2847600,2020-03-16,3269600,2020-03-09,2857200
SAIL,7475471473.662728,weekly,2026-08-10,21881862,2026-07-27,19429369,2026-07-13,19539200,2026-07-06,26448900,2026-06-22,24128500,2026-06-15,25367000,2026-06-08,34985300,2026-06-01,23165100,2026-05-11,18390800,2026-04-13,16213300,2026-04-06,19344100,2026-03-16,28592400,2026-02-23,17371900,2026-02-02,20109200,2025-12-08,19151100,2025-09-08,25828200,2025-08-11,16721200,2025-07-28,21370300,2025-06-09,18505400,2025-02-10,54686800
MANH,8155840336.390083,weekly,2026-08-03,5236200,2026-07-27,8096832,2026-02-09,5625800,2026-01-31,7647200,2026-01-24,5608000,2025-07-19,4805400,2025-05-24,8231400,2025-04-19,5565900,2025-04-05,5946400,2025-03-15,5876900,2025-02-22,5264500,2025-02-08,10934200,2025-01-25,7230500,2023-08-26,5398700,2020-04-25,5353600,2020-04-18,5419400,2020-03-28,5022200,2020-03-21,6130700,2020-03-14,6705100,2020-03-07,5317700
TTAM,3561882828.304664,weekly,2026-07-27,2890939,2026-06-22,1983900,2026-03-23,2373600,2026-03-16,2743300,2026-01-26,4837700,2025-07-28,3261400,2025-07-21,3299200,2025-07-14,6175500,2025-07-07,2066500,2025-06-30,3223500,2025-06-23,4619800,2025-04-07,1997800,2025-03-31,2569700,2025-03-24,2346400,2025-03-17,2090500,2025-03-10,2209400,2025-03-03,2314300,2025-02-24,2030500,2025-02-10,4816200,2025-02-03,9742400
TBBB,5062010797.445047,weekly,2026-08-10,7741650,2026-05-25,9506000,2026-03-09,5379600,2026-01-26,5383600,2025-12-15,4688200,2025-07-14,5127800,2025-03-10,4665100,2025-02-10,7866400,2025-02-03,16017400,2024-11-25,4801100,2024-06-24,5562100,2024-06-03,7648100,2024-05-20,5682300,2024-05-06,5373900,2024-04-22,5815800,2024-04-08,5169100,2024-04-01,5507500,2024-03-25,5513500,2024-02-12,7818000,2024-02-05,15493600
ELF,4008074635.7133207,weekly,2026-08-03,22316300,2026-06-29,16391500,2026-06-15,16365800,2026-06-08,21751200,2026-06-01,17929800,2026-05-25,16398400,2026-05-18,29088500,2026-05-11,20211700,2026-02-02,16893500,2025-11-10,17985500,2025-11-03,35118900,2025-08-04,18192900,2025-05-26,32842800,2025-04-07,20103400,2025-03-31,18550300,2025-02-10,22387000,2025-02-03,42925200,2024-11-18,23952700,2024-11-04,23505800,2024-09-09,17563300
SFD,9884148819.978697,weekly,2026-08-10,13794183,2026-07-06,7143100,2026-06-22,6523500,2026-06-15,6304700,2026-05-11,6738700,2026-04-27,9795500,2026-04-20,7296600,2026-04-13,8055100,2026-04-06,9533900,2026-03-30,13065600,2026-03-23,16895600,2026-03-16,7377700,2025-11-03,6440300,2025-10-27,7642500,2025-09-29,6726900,2025-09-15,7365200,2025-09-08,12453700,2025-09-01,16119900,2025-04-28,6392400,2025-01-27,20390900
XIFR,2322447109.3768363,weekly,2026-02-09,11897900,2025-11-03,11906700,2025-09-29,21657500,2025-04-07,16964900,2025-03-17,12111600,2025-02-24,13664800,2025-02-10,18059600,2025-02-03,22574500,2025-01-27,60297500,2025-01-20,15118800,2024-11-11,14138800,2024-11-04,17118900,2024-10-28,14054500,2024-10-21,21895400,2023-11-06,15044600,2023-10-23,18050800,2023-10-16,12522900,2023-10-09,16297500,2023-10-02,41194400,2023-09-25,33326600
CNR,4121830230.998783,weekly,2026-03-23,5558600,2026-03-16,7680200,2026-03-09,5909400,2026-03-02,6136800,2025-11-03,6400900,2025-10-13,6166500,2025-10-06,7899300,2025-05-05,6797400,2025-04-07,7622100,2025-03-03,5565500,2025-02-24,6403500,2025-02-17,6047300,2025-01-13,12787700,2023-09-11,5827200,2023-03-13,6470900,2023-02-27,7096600,2023-02-06,7883000,2022-03-14,5415000,2020-03-16,6653600,2020-02-10,6136300
JBTM,7253046794.513808,weekly,2026-08-10,4641665,2026-08-03,4681700,2026-06-22,4638100,2026-05-04,4311400,2026-03-16,3984100,2026-03-09,4180400,2026-03-02,3780400,2026-02-23,4369200,2025-11-03,3814200,2025-10-06,3481900,2025-09-15,4642300,2025-08-04,3935600,2025-06-23,3595100,2025-05-05,3624600,2025-04-07,5081600,2025-02-24,4083600,2025-01-06,5628000,2024-12-30,5235300,2024-12-23,4627200,2024-10-21,3771700
ACAD,4335692111.620574,weekly,2026-04-13,15473900,2026-03-16,13799800,2025-09-22,17332100,2025-05-12,25432600,2024-12-30,51406100,2024-08-05,18565100,2024-03-11,18647100,2023-12-11,25353700,2023-09-25,19561100,2023-07-10,15157100,2023-03-13,18568900,2022-06-20,37555700,2022-06-13,33838900,2021-12-20,17934000,2021-06-21,21948000,2021-04-05,28287700,2021-03-15,16041200,2021-03-08,46575500,2020-07-20,19898400,2020-06-22,25210900
INSW,3936118267.690882,weekly,2026-06-22,4883700,2025-08-04,4658700,2025-04-07,5530500,2025-03-31,4689300,2025-03-17,4728000,2025-03-03,5853800,2025-02-24,5150000,2025-01-20,4878400,2025-01-13,5166600,2025-01-06,4685900,2024-12-23,11813000,2024-05-06,4697200,2023-10-23,4600800,2023-07-24,6497300,2023-02-27,5409800,2022-11-07,4593700,2022-09-19,4646600,2022-04-25,8362200,2022-04-18,6393000,2022-02-28,4576900
QRVO,8262723753.136623,weekly,2025-10-30,14569700,2025-10-23,16602200,2025-09-18,21450000,2025-07-24,15724400,2025-04-24,14454600,2025-04-10,13615700,2025-04-03,26764100,2025-03-20,19849400,2025-02-27,16637600,2025-01-23,24124200,2025-01-16,19025200,2025-01-09,13916500,2025-01-02,14278600,2024-12-19,39476500,2024-12-12,13819000,2024-10-24,16786900,2024-05-02,13237300,2021-11-04,14336400,2020-02-27,15537700,2020-01-30,15015600
TRNO,7014149738.51691,weekly,2026-07-06,5478700,2026-06-22,7156700,2026-02-02,5045200,2025-07-07,5661400,2025-06-23,5784800,2025-05-05,5481600,2025-04-07,8026500,2025-03-31,5763200,2025-03-03,5698100,2025-02-03,5120800,2024-12-16,28328600,2024-12-09,9086700,2024-11-04,5451400,2024-10-07,4899100,2024-05-13,5084400,2024-03-25,7900500,2023-12-11,6059200,2023-02-13,5320000,2023-02-06,5572800,2020-06-15,5404200
AMTM,4947405410.652066,weekly,2026-08-10,19021310,2026-05-11,17414800,2026-02-09,17127400,2026-02-02,13497400,2025-12-08,12703700,2025-12-01,13447500,2025-11-24,18949200,2025-11-17,20809700,2025-09-15,12990800,2025-06-09,12887400,2025-06-02,18565400,2025-04-07,12589000,2025-03-31,16644600,2025-03-24,12636000,2025-03-17,14027300,2025-03-10,22396000,2024-12-16,55823000,2024-11-18,14175800,2024-10-07,15341800,2024-09-30,47546300
DXPE,2532947845.720103,weekly,2026-06-22,1277500,2026-05-04,1136700,2026-04-27,1366900,2025-11-15,1193300,2025-11-08,1638500,2025-08-02,1140200,2025-07-12,2290000,2025-06-21,1255900,2025-03-01,1173400,2025-01-25,1772100,2025-01-11,2314200,2025-01-04,1344900,2024-12-14,2587000,2024-12-07,1239300,2024-06-15,1523900,2023-06-10,1190900,2022-01-29,1596500,2022-01-22,1240600,2021-12-11,1161700,2020-06-06,1145400
AKR,2921354999.3932686,weekly,2026-08-03,8284300,2026-06-22,12430600,2026-06-08,13383900,2026-01-03,10336200,2025-12-13,9227000,2025-11-01,8417500,2025-10-25,8989300,2025-09-27,9375000,2025-09-20,8764000,2025-09-13,9379900,2025-09-06,8675500,2025-07-26,12133700,2025-07-12,8527000,2025-06-21,12734600,2025-06-14,10198300,2025-03-08,9290600,2024-12-14,17963100,2024-11-02,8628400,2024-02-24,8441000,2024-01-06,10422100
AGCO,8497140282.869762,weekly,2026-07-27,7142630,2026-05-04,5422100,2026-02-09,5463000,2026-01-31,5719800,2025-07-26,7647900,2025-04-05,7921800,2025-03-29,6842200,2025-03-15,5738700,2025-03-01,5775100,2024-12-14,12414800,2024-11-02,7495100,2024-07-27,6745400,2024-04-27,5394200,2024-02-03,5503700,2023-12-09,6121200,2022-03-26,6215600,2022-03-19,5518300,2022-02-05,5822600,2021-05-15,5326800,2020-03-14,6159800
SKY,4875709445.003564,weekly,2026-08-03,4915900,2026-06-22,5708000,2026-06-08,4477300,2026-05-18,4811500,2026-05-11,4541500,2026-01-31,6670000,2025-11-01,6473600,2025-10-04,4985400,2025-09-13,5385600,2025-06-21,5089400,2025-05-31,5194400,2025-05-24,8155800,2025-02-01,4638500,2024-12-14,16498900,2024-12-07,6159200,2023-05-27,4907800,2022-10-29,4798700,2022-05-21,5114800,2020-03-14,5451700,2020-01-25,4993900
CLM,2120658300.0,weekly,2026-03-09,14300100,2026-02-16,23459600,2026-02-09,13746600,2026-02-02,17556700,2026-01-12,15617100,2026-01-05,15806200,2025-04-14,20010730,2025-04-07,21510448,2025-02-24,26811224,2024-12-09,27728266,2024-11-11,17943679,2023-10-16,20869961,2022-06-27,18762980,2022-06-13,22393555,2022-05-16,17220997,2022-04-18,18482971,2022-04-11,21531784,2022-01-24,14329461,2021-05-17,14542008,2021-04-12,14496998
NAMS,3885888120.8811855,weekly,2026-08-10,5662800,2026-08-03,5966900,2026-07-27,5660698,2026-06-22,7585800,2026-06-01,6263600,2026-05-11,9492000,2026-05-04,10600100,2026-03-02,6571100,2025-12-01,6689000,2025-11-10,6515700,2025-10-13,10889700,2025-10-06,6705000,2025-09-08,7907200,2025-04-07,6181400,2025-03-31,8955300,2025-03-17,6051000,2025-03-10,6531300,2025-03-03,8433500,2024-12-09,16366900,2024-11-18,6917400
LBRDA,4496778341.483647,weekly,2024-12-02,3711453,2024-09-23,2624074,2024-02-05,2161208,2022-12-19,1751801,2022-12-12,2343558,2022-09-19,2652136,2022-09-12,2371621,2022-07-25,1756283,2022-06-27,1895953,2022-06-20,1801416,2022-06-13,2623753,2022-05-30,2815600,2022-05-09,2054509,2022-05-02,2229178,2022-04-25,1862983,2022-03-14,1859140,2021-12-13,1745184,2021-11-29,1744012,2020-05-25,2023138,2020-03-16,2036048
CON,3861886731.588652,weekly,2026-08-10,5367699,2026-08-03,6227600,2026-06-22,5905700,2026-05-04,6926200,2026-02-02,9247000,2026-01-26,5874400,2025-12-01,5671400,2025-11-10,5842400,2025-11-03,9364800,2025-09-15,7014600,2025-09-08,6420900,2025-08-11,6258400,2025-06-23,6578700,2025-03-03,5437500,2024-12-16,6620900,2024-12-02,8360200,2024-11-25,14671400,2024-09-16,6110300,2024-07-29,6233900,2024-07-22,6749200
MMS,2865025995.9644094,weekly,2026-08-03,4278700,2026-06-22,6489800,2026-05-11,5076200,2026-05-04,5017800,2026-04-27,4102600,2026-03-16,4044400,2026-02-09,6050400,2026-01-31,5549100,2025-12-13,4290300,2025-12-06,4115200,2025-11-15,5042800,2025-03-01,4181000,2025-02-01,6083700,2024-12-14,5728600,2024-11-30,5829600,2024-11-23,5449800,2024-11-16,7779000,2024-11-09,4500700,2020-03-14,5368100,2020-03-07,4023400
ZETA,4730909261.799776,weekly,2026-08-10,47175235,2026-08-03,87832500,2026-07-06,49413500,2026-06-22,57366500,2026-04-27,58862000,2026-02-23,69019200,2026-02-02,57658700,2026-01-12,47643900,2026-01-05,61889000,2025-11-03,62761800,2025-10-06,65723200,2025-08-11,46904600,2025-08-04,101603200,2025-07-21,46408700,2025-07-14,50695000,2025-06-23,103250200,2025-02-24,67058200,2024-12-02,57121900,2024-11-18,81167600,2024-11-11,135345600
LEU,3256240990.4153075,weekly,2026-02-09,9346700,2026-01-24,8269900,2026-01-03,7141700,2025-11-01,7911600,2025-10-18,9133000,2025-10-11,9863200,2025-10-04,7266900,2025-09-20,9608300,2025-09-13,9035500,2025-08-23,7783800,2025-08-09,11424600,2025-08-02,7800600,2025-06-21,9780300,2025-05-31,7445100,2025-05-24,8108500,2024-11-16,8268800,2024-11-09,7502700,2024-11-02,17340600,2024-10-19,7606100,2024-10-12,9503900
TMDX,2365348630.6654663,weekly,2026-08-03,7979100,2026-05-11,9783000,2026-05-04,16463400,2025-07-28,9804700,2025-05-05,9151400,2025-02-24,9918500,2025-01-13,16243600,2025-01-06,19063100,2024-12-30,9183500,2024-12-09,8397400,2024-12-02,12493600,2024-11-18,9678700,2024-11-11,8954800,2024-10-28,24918900,2024-09-30,11744900,2024-04-29,10384900,2024-02-26,9272300,2023-11-06,14708200,2021-04-05,8140900,2021-02-08,10928800
CVI,2724379247.099963,weekly,2026-03-16,11051800,2026-02-23,8920700,2026-01-05,9351100,2025-09-22,10802700,2025-09-15,13516000,2025-09-08,13650100,2025-08-25,11273600,2025-08-18,11901500,2025-08-04,9159400,2025-04-07,8560500,2024-12-16,17558400,2024-11-04,11404200,2024-10-28,20203100,2024-09-16,9706300,2024-07-29,9706600,2023-09-11,9153800,2023-07-31,8578200,2023-05-01,9971900,2023-03-20,11487300,2020-03-09,9536300
CPRI,2224748724.216331,weekly,2026-05-25,32005200,2026-02-02,34051900,2025-08-04,30385300,2025-06-23,27904200,2025-04-07,45147300,2025-03-31,41046000,2025-02-03,29705500,2024-11-11,35004400,2024-11-04,37859000,2024-10-28,44318900,2024-10-21,73198600,2023-08-07,68605500,2023-02-06,37838400,2022-03-07,29565000,2021-01-04,53339200,2020-09-07,27218000,2020-06-01,30569500,2020-05-11,59041200,2020-04-06,30880800,2020-03-16,49278000
CSTM,4326861294.875779,weekly,2026-07-27,12237720,2026-06-22,12963000,2026-05-25,12575500,2026-04-27,15520100,2026-03-30,12308100,2026-03-16,14031500,2026-03-02,14563500,2026-02-23,15166800,2026-02-16,15896700,2025-07-28,11836000,2025-04-28,16488900,2024-10-21,25583800,2024-07-22,12991400,2021-06-21,22037400,2021-03-08,11877300,2020-04-27,14969200,2020-03-16,17017500,2020-03-09,18702300,2020-03-02,13699100,2020-02-24,13160600
HCI,2303537173.147543,weekly,2026-06-22,1331100,2026-05-11,1105500,2026-04-20,1209500,2026-04-13,1255300,2026-04-06,1272200,2025-11-03,1394100,2025-10-13,1150600,2025-09-15,1253200,2025-04-07,1930500,2024-10-07,2374300,2024-05-06,1617300,2024-03-11,1275500,2024-03-04,1107600,2023-12-04,1510200,2023-11-06,1240900,2022-12-12,1455100,2022-11-07,1238400,2022-05-16,1785300,2021-12-13,1116600,2021-03-01,1436600
MDU,4573052036.221198,weekly,2024-11-02,25383100,2024-10-12,27709820,2024-10-05,86858226,2023-08-26,28333988,2023-07-29,28984692,2023-05-27,27820912,2022-06-11,28491649,2022-04-30,25870967,2022-04-23,29788181,2022-04-02,25673988,2022-03-12,26812202,2022-03-05,31170712,2022-02-26,38117553,2021-03-20,27376841,2020-09-12,26723050,2020-05-09,32212146,2020-03-14,33193883,2020-03-07,31218576,2020-02-29,28278892,2020-02-22,28520313
ENSG,9529522825.140884,weekly,2026-07-27,3398884,2026-06-22,11844600,2026-06-15,4785700,2026-06-08,8071600,2026-05-11,3490100,2026-05-04,3048500,2026-02-02,2769300,2025-11-03,3601800,2025-07-28,2863500,2025-07-21,3478900,2025-05-12,3275400,2025-04-07,2928700,2025-02-03,3645100,2024-11-04,4049800,2024-09-30,13062400,2024-07-08,2839600,2021-10-25,3036100,2020-05-11,2751500,2020-03-16,4802000,2020-03-09,3840600
CURB,3341375647.693585,weekly,2026-08-10,5112036,2026-08-03,6234100,2026-07-27,6532673,2026-07-20,6252500,2026-07-13,5538900,2026-07-06,6863000,2026-06-29,9778800,2026-06-22,6879800,2026-06-15,5073000,2026-06-08,4868200,2026-02-23,5348500,2026-02-09,6852900,2025-12-15,5069400,2025-12-08,6901900,2025-10-27,5152500,2025-07-28,5037500,2025-04-07,5394800,2024-12-16,8303900,2024-10-07,9234100,2024-09-30,13757500
PGNY,2233255712.925859,weekly,2026-05-04,10721000,2026-03-02,11768000,2026-02-23,11261100,2025-11-10,10945200,2025-11-03,10602600,2025-10-13,15277400,2025-03-17,10941300,2025-03-03,11158600,2025-02-24,12263400,2025-01-13,12669200,2024-12-16,13107600,2024-11-11,13286700,2024-10-14,11762800,2024-09-23,12696000,2024-09-16,42953700,2024-08-05,15333100,2024-05-06,13952600,2023-02-27,12162900,2021-09-13,11384200,2021-06-21,11929900
LUNR,4294844899.995721,weekly,2026-08-10,88961455,2026-05-25,125973900,2026-04-13,90015800,2026-04-06,81197100,2026-03-30,84983000,2026-03-23,91386300,2025-03-10,91381500,2025-03-03,139217900,2024-12-30,79424700,2024-12-23,89500500,2024-12-16,80228700,2024-12-02,107592200,2024-11-18,131584100,2024-11-11,172292800,2024-09-23,99415200,2024-09-16,324667300,2024-08-26,80534500,2024-08-19,147161900,2024-02-26,124799400,2024-02-19,238786700
YOU,7374093551.678451,weekly,2026-03-23,15400300,2026-02-23,21002000,2025-12-08,13086000,2025-10-06,12789000,2025-08-04,13521100,2025-05-05,13278700,2025-03-17,17431000,2025-03-10,13399500,2025-03-03,16393900,2025-02-24,20199600,2024-12-16,15876400,2024-11-11,15053800,2024-11-04,22737200,2024-09-16,29107400,2024-08-05,17761300,2024-05-06,16620500,2024-02-26,15078000,2023-07-31,13477900,2022-06-20,14635100,2021-06-28,15335800
ZWS,8488773829.715343,weekly,2025-07-28,12634800,2024-09-16,32978100,2024-09-09,12616200,2024-02-05,12579900,2023-10-30,12242000,2023-06-19,11989800,2023-02-06,11503700,2023-01-16,12388100,2022-10-24,14151100,2021-10-04,14633072,2021-06-21,15257769,2021-02-15,12238851,2021-01-11,13679803,2020-05-11,12495237,2020-04-13,14603830,2020-03-30,12670451,2020-03-16,19514607,2020-03-09,17539501,2020-03-02,11544428,2020-01-27,11267490
HG,3330038904.1278706,weekly,2026-06-22,3439000,2026-03-02,3514800,2026-02-16,4057200,2026-02-02,3872000,2025-08-18,3228400,2025-04-07,4570800,2025-03-31,3576300,2025-03-17,3640700,2025-03-03,4186500,2025-01-06,3121300,2024-11-04,3437200,2024-10-07,4336500,2024-09-23,4045300,2024-09-16,7198000,2024-09-09,3353400,2024-08-12,5285700,2024-06-24,3151000,2024-03-11,4184200,2023-11-13,3257600,2023-11-06,4339000
CSW,4612049074.184705,weekly,2026-08-03,1074600,2026-07-27,1126059,2026-04-13,1003700,2026-03-16,1057200,2026-02-02,1009700,2026-01-26,1341700,2025-12-15,1250900,2025-12-01,1034200,2025-10-27,930000,2025-09-15,898500,2025-08-11,1095800,2025-08-04,1134400,2025-07-28,906900,2025-04-07,889400,2025-03-17,1059900,2025-01-27,892400,2024-09-23,993000,2024-09-16,4131900,2024-09-09,1785600,2024-09-02,1134800
BIO,8113363287.09169,weekly,2026-06-22,2278300,2026-05-25,2203100,2026-05-04,2142600,2026-04-27,2503200,2026-02-09,2159600,2025-07-26,2599100,2025-06-14,2989400,2025-06-07,2167200,2025-05-24,2231000,2025-04-05,2791300,2025-03-29,2124100,2025-03-15,2994200,2025-02-08,2082000,2024-09-14,6783600,2024-06-15,2459300,2023-12-09,2165200,2023-11-04,2324200,2022-11-05,2256800,2020-11-28,2227900,2020-06-13,4920800
MGRC,3028711734.9999995,weekly,2026-07-27,1469494,2026-06-22,1981200,2026-04-27,1652300,2026-04-20,2625100,2024-11-02,1513200,2024-10-26,1847000,2024-10-19,1739800,2024-09-28,1598600,2024-09-21,2619300,2024-09-14,5557000,2024-07-20,1474700,2024-03-30,1415600,2024-03-09,1323000,2024-03-02,1633200,2024-02-24,1376500,2024-02-17,2210000,2024-02-10,2541900,2024-02-03,2444100,2024-01-27,5243100,2023-03-11,2076300
SYBT,2252304048.7396665,weekly,2026-07-27,1745335,2026-06-22,1848800,2026-06-15,982800,2026-03-30,998100,2026-03-23,1230900,2026-03-16,1243600,2025-11-15,1343600,2025-06-21,1314800,2025-01-25,1678000,2024-12-21,1441900,2024-10-19,1885100,2024-09-28,1119100,2024-09-14,2242700,2024-06-22,1282300,2023-06-10,967600,2023-05-20,941400,2023-03-11,1763600,2022-06-18,1255600,2021-09-11,1019700,2020-06-20,931700
MHO,4171187810.302155,weekly,2024-12-14,2715100,2024-09-14,4183000,2023-12-09,3184200,2023-07-22,2356800,2023-04-22,2341000,2023-03-11,2215100,2023-01-28,2867800,2022-09-10,2389300,2022-06-11,2203900,2022-02-26,2308700,2022-01-29,2198400,2021-11-27,2664500,2021-10-23,2404900,2021-06-12,2300700,2020-12-12,2215100,2020-10-24,2950800,2020-04-25,2738100,2020-03-21,2579200,2020-03-14,4029500,2020-02-01,2610000
RLAY,4044972375.008413,weekly,2026-07-06,20225600,2026-06-22,34165900,2026-06-15,17820700,2026-06-01,27071900,2026-05-18,40151600,2026-04-27,19785200,2026-04-13,16403500,2026-04-06,22345400,2026-03-30,15039600,2026-03-09,19566900,2026-02-02,16399800,2025-07-21,22246900,2025-05-05,21511900,2025-04-07,20586300,2025-01-13,18526300,2025-01-06,17383400,2024-12-09,19151100,2024-09-09,48059000,2023-04-17,26156000,2022-09-12,16156500
PAGS,2517077076.088101,weekly,2025-11-17,35256100,2025-09-15,36757600,2025-06-09,42606800,2025-06-02,38980000,2025-05-12,50832300,2024-12-16,36163400,2024-11-25,56310900,2024-11-11,34120400,2024-10-07,36961700,2024-09-02,34372700,2024-08-26,66967400,2024-08-19,42975300,2023-10-16,43570300,2023-06-19,53987600,2023-05-22,34989900,2022-05-09,42450900,2022-03-28,35917200,2022-03-21,36522300,2021-10-11,51503800,2021-10-04,37576300
XP,8339460366.629909,weekly,2026-07-06,50990200,2026-01-26,57443200,2025-12-01,52216500,2025-11-17,47510900,2025-08-25,46433500,2025-08-18,46494700,2025-05-12,58539300,2025-03-10,86166400,2025-01-20,53931000,2024-12-16,48954500,2024-12-02,51494300,2024-08-26,89034300,2024-08-12,49065300,2024-05-20,58206800,2023-12-11,72362600,2023-09-11,53418800,2023-06-19,49099800,2023-04-10,57411600,2023-02-13,50484900,2021-10-04,50074300
LUMN,8324912858.634615,weekly,2025-10-25,238090400,2024-11-02,156124400,2024-08-10,219725900,2024-08-03,819714200,2024-07-27,455499300,2023-10-28,248070300,2023-07-29,170555000,2023-06-17,200446700,2023-06-10,156115200,2023-03-18,149439300,2023-03-11,468155500,2023-03-04,200329600,2023-02-25,223999100,2023-02-04,311713600,2023-01-28,148352800,2022-12-10,172394700,2022-11-26,193193000,2022-10-29,168395900,2022-02-05,162063600,2021-01-23,224234600
CAMT,7077956679.163871,weekly,2026-08-10,3571224,2026-07-27,3586685,2026-05-11,4173400,2025-09-22,3576200,2025-09-15,3696700,2025-06-23,3972900,2025-01-27,4361800,2024-12-16,5090200,2024-11-11,4533400,2024-09-23,3978000,2024-09-16,4558300,2024-08-05,4513600,2024-07-29,6679000,2024-07-22,4433600,2024-07-15,4475200,2024-06-24,3896900,2023-11-13,4317600,2023-10-16,3621700,2023-10-09,4258100,2023-08-28,3770600
MYRG,7442176613.164591,weekly,2026-07-27,2850130,2026-06-22,2030200,2026-05-04,2289200,2026-04-27,1825300,2026-04-06,1543100,2026-03-30,1508000,2026-03-09,1529600,2026-03-02,1635200,2026-02-23,1840500,2025-12-15,1515700,2025-09-29,1817800,2025-09-22,1642600,2025-04-28,1853800,2025-03-17,2079700,2025-03-10,2037600,2025-03-03,1763200,2024-11-04,1736300,2024-10-28,1910100,2024-08-05,1883600,2024-07-29,3616900
SNDR,6355261084.589226,weekly,2026-07-27,6374693,2026-07-13,6556300,2026-06-08,6238700,2026-05-11,7709700,2026-04-13,9437800,2026-03-09,6999400,2026-02-02,7134400,2026-01-26,6348200,2025-12-01,6387700,2025-10-27,6415800,2025-10-06,8944900,2025-09-29,6762200,2025-09-22,6242900,2024-09-16,6291400,2024-07-29,15622600,2024-07-22,7403800,2024-06-24,6085300,2024-03-11,8455600,2022-05-02,7015100,2022-04-04,9071100
LW,6235367676.300804,weekly,2026-03-30,19156900,2026-03-16,48256000,2025-12-22,19518300,2025-12-15,29284700,2025-09-29,20251200,2025-07-21,24732900,2025-03-31,26636200,2025-02-24,29072300,2024-12-16,31423000,2024-10-14,18086200,2024-09-30,21717800,2024-08-05,17817900,2024-07-29,26416300,2024-07-22,52179200,2024-04-08,24619000,2024-04-01,40817800,2023-10-09,22537600,2023-10-02,21280800,2023-07-24,18015000,2021-11-29,19658800
AVTR,7018725162.194444,weekly,2026-07-27,120360776,2026-02-09,98738600,2026-02-02,64600200,2026-01-26,78946000,2025-10-27,114067400,2025-09-29,63912900,2025-08-25,97545700,2025-08-04,80145800,2025-07-28,112143700,2025-07-21,73726500,2025-06-16,64333800,2025-06-02,71125100,2025-05-12,76566500,2025-05-05,71577800,2025-04-28,88707000,2025-04-21,80522400,2025-04-07,72677600,2024-07-22,185700100,2023-10-30,65663500,2023-10-23,79523800
GTES,7312657918.627843,weekly,2026-02-02,18226000,2025-10-27,26113800,2025-04-07,19704900,2025-03-17,18754700,2025-03-03,20368800,2024-11-04,21441900,2024-10-28,28994800,2024-08-19,28484200,2024-08-12,19731600,2024-07-29,22174400,2024-07-15,58649200,2024-05-13,21666500,2024-04-29,18791500,2024-03-18,26607300,2024-03-11,29999800,2024-02-12,27877600,2023-08-07,22343900,2023-05-22,32931700,2023-05-15,21999000,2021-08-09,22393300
QURE,2970772058.1594706,weekly,2026-06-22,17064100,2026-06-15,26276100,2026-05-04,15672300,2026-03-09,27106800,2026-03-02,57490000,2026-02-23,29372400,2025-12-15,25871600,2025-12-01,17973400,2025-11-10,17132700,2025-11-03,58010500,2025-10-06,18969200,2025-09-29,23343200,2025-09-22,101591800,2025-05-05,22012700,2025-04-14,16946400,2024-12-09,74822900,2024-07-15,13719600,2024-07-08,130695800,2023-09-11,15538600,2023-06-19,15909000
CHWY,7594818893.638369,weekly,2026-06-22,66761400,2026-06-08,71931200,2026-03-23,66200500,2025-12-08,65265000,2025-09-08,83037500,2025-06-23,77418600,2024-11-04,58850500,2024-08-26,63868200,2024-07-01,97248900,2024-06-24,156494700,2024-06-17,59287600,2024-05-27,106736500,2024-03-18,81598700,2024-01-08,64173200,2023-12-18,67387300,2023-12-11,75288500,2023-12-04,92943900,2023-11-27,63948400,2023-08-28,57841100,2022-05-30,85723200
WHD,4169998603.07642,weekly,2026-07-27,6452136,2026-06-22,6024300,2026-04-06,5660700,2026-03-16,5718900,2026-03-09,7439500,2026-03-02,7159800,2026-02-23,7104300,2026-01-05,5728800,2025-10-27,5731100,2025-04-07,7164300,2025-03-31,6372300,2025-03-17,6576900,2024-09-16,5616400,2024-07-15,5917400,2024-06-17,19261500,2024-06-10,9415200,2022-03-07,5936700,2021-03-08,8249300,2020-03-16,5945600,2020-03-09,7259000
VIRT,9415292453.189682,weekly,2024-09-30,11979900,2024-07-15,12984600,2024-06-17,20736500,2024-06-10,11367800,2023-05-01,10755500,2023-03-13,10628100,2023-01-23,11198300,2022-06-06,17531900,2022-04-25,11640900,2021-08-02,11930700,2021-06-21,10800500,2021-06-07,11610800,2021-05-03,12248600,2021-02-01,11500200,2021-01-25,16320600,2020-09-21,12042100,2020-08-31,12918700,2020-03-16,12536200,2020-03-09,11597000,2020-03-02,11161000
TDW,3347867591.408758,weekly,2026-03-02,6258900,2025-11-08,7285000,2025-08-02,9281600,2025-04-05,9187100,2025-03-29,6634800,2025-03-15,6819500,2025-03-08,6321000,2025-03-01,10861100,2025-02-22,8536700,2024-12-14,9900500,2024-11-09,6380000,2024-11-02,7635900,2024-10-12,5969500,2024-06-15,13179900,2024-06-08,8001700,2024-03-02,6549100,2023-11-04,8272900,2023-08-05,5869900,2023-03-11,6047700,2022-11-05,6945900
RHI,3351137917.926221,weekly,2026-07-27,16987581,2026-06-22,13124300,2026-04-20,21671700,2026-04-13,15501400,2026-03-23,15878600,2026-03-16,19115700,2026-03-09,16631400,2026-03-02,16288900,2026-02-23,21406200,2026-02-09,20723200,2026-01-31,23920700,2026-01-24,22746800,2025-11-08,16652300,2025-11-01,15282800,2025-10-25,13233800,2025-10-18,19127900,2025-07-05,13111500,2025-04-19,18578000,2024-06-15,34302800,2024-05-25,17303900
PFS,3080615745.896698,weekly,2026-07-27,7442013,2026-06-22,7028300,2026-06-15,6041700,2026-04-27,6355100,2026-03-16,5812300,2026-03-02,5737000,2026-02-02,5874300,2026-01-26,6618100,2025-12-15,5953100,2025-04-07,5520900,2024-09-16,5965600,2024-08-05,5661600,2024-07-29,5496400,2024-07-15,6043500,2024-07-08,6961700,2024-06-03,5485400,2024-05-20,6850200,2024-05-13,21857700,2023-03-13,7651600,2022-09-26,5829300
CNS,4029171232.338607,weekly,2026-06-22,2559700,2026-04-13,2199100,2026-04-06,1891700,2026-03-23,1809900,2026-03-16,2878500,2026-03-09,1846600,2026-03-02,1719000,2026-01-26,2145400,2026-01-19,1710700,2026-01-12,2010700,2025-12-15,1841900,2025-12-08,2158000,2025-12-01,3383500,2025-11-17,3573100,2025-11-10,1810800,2025-11-03,2124300,2025-10-13,1843800,2024-10-14,1909500,2024-04-22,7288700,2024-04-15,2818600
AZZ,4701802804.838859,weekly,2026-07-27,1732206,2026-07-06,2222800,2026-06-22,1776400,2026-04-20,1694000,2025-10-04,3228900,2025-09-13,1941800,2025-08-09,1683000,2025-08-02,1969300,2025-07-12,2114900,2025-07-05,3049400,2025-04-19,1860200,2025-03-15,2205900,2025-02-22,2055800,2025-02-01,1847400,2024-07-13,1892000,2024-07-06,2157700,2024-06-22,2332000,2024-04-27,4318400,2024-04-20,4823000,2022-10-08,2964100
PRI,8852827776.9034,weekly,2026-02-09,1680200,2025-12-15,1970100,2025-03-31,1476800,2025-03-17,1470900,2024-12-16,1832000,2024-04-15,2996400,2023-03-13,1474000,2023-02-27,1614600,2022-05-09,1404300,2022-02-14,1481300,2021-06-21,1412600,2020-09-28,1495300,2020-09-14,1593100,2020-04-27,1424800,2020-03-30,2121600,2020-03-23,2325900,2020-03-16,2847900,2020-03-09,1977000,2020-03-02,1598900,2020-02-24,1605700
LEVI,9437991765.811588,weekly,2026-07-06,29310100,2026-04-06,30384800,2025-10-13,21257500,2025-10-06,32014100,2025-07-07,32224000,2025-04-07,38588800,2025-01-27,20154700,2024-09-30,26001000,2024-06-24,34590500,2024-04-01,52591100,2023-10-09,19613400,2023-10-02,22839300,2023-07-03,26030900,2023-04-10,21645100,2023-04-03,30735300,2022-10-03,27817700,2022-07-04,23408500,2021-10-04,27983200,2020-10-05,35970000,2020-07-06,25301600
KEN,3431859042.044445,weekly,2026-05-04,226300,2025-04-07,396500,2024-04-08,241100,2024-04-01,931900,2023-04-03,370200,2022-06-27,479500,2022-06-20,553700,2022-06-13,297600,2022-06-06,259500,2022-05-30,330000,2022-04-25,228600,2022-04-04,372900,2022-03-28,289100,2022-03-21,372400,2022-03-14,475700,2022-02-07,226700,2022-01-31,251000,2022-01-24,247800,2022-01-17,248600,2022-01-10,390700
IRON,2856528028.6465225,weekly,2026-07-06,3401400,2026-06-22,5305300,2026-05-11,3362600,2026-03-16,3922300,2026-03-02,3203100,2026-02-23,3821600,2026-02-16,6495000,2026-02-09,6113200,2026-01-12,3887000,2025-12-15,6666600,2025-11-24,3098200,2025-11-17,3058600,2025-10-20,4690500,2025-10-13,3725900,2025-04-07,4901700,2025-03-31,3137100,2025-01-20,4103500,2024-11-04,4433000,2024-06-17,3237300,2024-04-01,10266100
XRAY,2205596809.7142854,weekly,2026-08-10,26051934,2026-08-03,29185000,2026-07-27,25660390,2026-06-22,51438800,2026-05-25,32730800,2026-05-18,26147900,2026-05-11,28914900,2026-05-04,36321200,2026-03-02,29051000,2026-02-23,38974600,2026-02-09,26836200,2025-08-02,28852800,2025-05-03,25471100,2024-11-02,48944900,2024-03-30,58885800,2023-11-25,30961700,2023-10-28,25163400,2022-05-07,26629600,2022-04-16,28559700,2020-03-21,28323800
APPF,5503260360.23622,weekly,2026-08-03,2356000,2026-07-27,2503996,2026-07-20,2320500,2026-04-20,2167100,2026-03-16,2266000,2026-02-23,2470300,2026-02-02,2841200,2026-01-26,2934600,2025-10-27,2248200,2025-08-04,3192000,2025-07-28,2461700,2025-04-28,2432000,2025-04-21,2671100,2025-01-27,2296500,2024-10-21,2374700,2024-07-22,2260100,2024-06-24,3364000,2024-03-25,5348600,2024-01-22,2864200,2021-03-01,2283300
ATMU,4399693760.24423,weekly,2026-05-04,7528200,2026-04-27,7571400,2026-04-06,20953500,2024-08-05,7924200,2024-07-29,7631900,2024-07-22,7642400,2024-06-03,7390800,2024-05-06,7203600,2024-04-29,15011800,2024-04-22,11712200,2024-04-15,10461000,2024-04-08,13344300,2024-04-01,20360600,2024-03-25,14298400,2024-03-18,62222500,2024-03-11,43440000,2024-03-04,28763100,2024-02-26,15709500,2024-02-19,8472000,2024-02-12,14755700
BOX,3665573660.555957,weekly,2026-03-02,20174200,2025-05-26,37736200,2024-09-16,21009400,2024-08-26,25824400,2024-03-11,43302900,2024-03-04,30428900,2023-08-28,20862900,2021-11-29,23828600,2021-10-11,20939900,2021-09-27,20006300,2021-06-28,22006000,2021-05-10,21559700,2021-04-05,30440600,2021-03-22,41175300,2021-03-08,25583200,2021-02-22,21948500,2020-08-24,28356000,2020-06-22,27442900,2020-05-25,27338600,2020-02-24,20524800
PLGO,2115189821.375684,weekly,2026-08-10,5048068,2025-12-01,4042400,2025-08-18,3758900,2025-08-11,3990700,2025-06-23,4354300,2025-06-16,4656000,2025-06-09,3867700,2025-03-10,4789700,2025-03-03,4816300,2025-02-24,4163900,2025-02-17,4195600,2025-01-06,4360100,2024-08-12,5826800,2024-06-24,3790800,2024-06-10,3885100,2024-05-20,7066700,2024-04-29,4490800,2024-03-11,8889800,2024-03-04,4126300,2023-06-26,7653100
MTH,5681712799.13319,weekly,2026-03-16,8246600,2026-01-24,6879100,2025-07-26,8056100,2025-07-19,8121500,2024-12-14,9402800,2024-10-26,6940200,2024-05-04,6604200,2024-03-09,10648400,2023-12-09,7681200,2023-03-11,6841200,2022-06-11,6636600,2022-01-22,6794800,2021-01-23,8785400,2020-12-12,7544600,2020-03-28,6577800,2020-03-21,6974400,2020-03-14,10296200,2020-03-07,10257600,2020-01-25,10295000,2020-01-04,7124200
PLUS,2087942301.0491,weekly,2026-08-03,1638200,2026-07-27,1782209,2026-06-22,1473400,2026-06-15,1556800,2026-05-25,1392500,2026-03-16,1690800,2025-12-13,1490800,2025-09-13,1631200,2025-06-21,1564400,2025-03-15,2493200,2025-02-01,1609600,2024-12-14,1505100,2024-09-14,1653200,2024-06-22,1451100,2024-05-18,1988800,2024-03-09,3718300,2024-02-03,1550600,2021-06-19,1864400,2021-03-06,1397600,2021-02-13,1918400
HWKN,3378265174.047369,weekly,2026-07-27,1381219,2026-06-22,1042700,2026-04-20,1295800,2026-03-16,1464300,2026-01-31,1098800,2026-01-24,1325000,2025-12-13,1379700,2025-09-13,1265000,2025-08-09,1191600,2025-07-26,1372300,2025-07-05,1237800,2025-06-21,1058100,2025-01-25,1328600,2024-07-27,1110300,2024-03-09,2377400,2023-12-09,1530500,2023-09-09,1712700,2023-03-11,1212800,2020-11-14,1072000,2020-08-15,1357800
BGC,5485198506.820808,weekly,2026-06-22,27961800,2025-06-21,25198400,2024-11-16,25000900,2024-03-09,101808300,2024-03-02,60315400,2021-06-12,34745100,2021-05-22,23494400,2021-05-01,28592400,2021-04-24,29620000,2021-04-03,35213800,2021-03-27,26589500,2020-07-25,29072500,2020-06-20,47901500,2020-06-06,23982900,2020-05-30,25783700,2020-04-18,23423600,2020-04-11,24147500,2020-03-28,33161200,2020-03-21,39699100,2020-03-14,25055400
CHH,5128251762.370211,weekly,2026-06-08,3721800,2026-04-27,5406000,2026-03-09,3570800,2026-01-31,3686200,2026-01-24,3587600,2026-01-10,4159700,2026-01-03,5268800,2025-12-13,5381200,2025-12-06,4287900,2025-11-29,3926500,2025-11-01,4784200,2024-07-13,3647200,2024-05-04,4223700,2024-03-09,6002000,2024-03-02,4448600,2023-10-14,5932900,2023-05-20,5135500,2020-03-21,4824900,2020-03-14,4815400,2020-03-07,4177800
MGEE,3011417573.409422,weekly,2026-06-22,2106200,2026-06-15,1344700,2026-06-01,1315700,2026-05-18,1667100,2026-05-11,1622900,2026-05-04,3165400,2026-03-23,1445300,2026-03-16,2055500,2025-06-21,2008400,2025-01-25,1696600,2024-06-22,2015400,2024-03-23,2264300,2024-03-16,2062500,2024-03-09,10366800,2024-03-02,4156600,2023-12-23,2060800,2023-06-24,2261700,2022-05-21,2422200,2020-05-23,2057500,2020-03-21,2575200
VSXY,7035017406.596386,weekly,2026-06-01,27885400,2026-03-02,23366700,2025-12-01,26757700,2025-08-25,22608100,2025-06-09,21879400,2025-05-26,22606200,2025-04-07,30107300,2025-03-31,34296500,2025-03-17,24016300,2025-03-10,42144100,2025-03-03,37101900,2024-08-12,25391800,2024-06-24,23260500,2024-06-03,21146400,2024-03-11,19003000,2024-03-04,56071300,2023-11-27,22892200,2023-06-12,30070600,2023-05-29,22571300,2021-08-02,38547200
FLG,6368934941.819141,weekly,2025-07-19,45966100,2025-06-21,65352600,2025-01-25,46847900,2024-12-14,60222500,2024-11-02,44669900,2024-10-19,43866400,2024-09-14,58894500,2024-09-07,42298900,2024-07-20,44553500,2024-07-13,51487600,2024-06-22,60387367,2024-04-27,62276434,2024-03-09,80178634,2024-03-02,179420467,2024-02-24,63861500,2024-02-10,61859701,2024-02-03,174199868,2024-01-27,111706734,2023-03-18,67644001,2023-03-11,69685500
ACMR,7221941893.346436,weekly,2026-05-11,12630800,2025-09-22,22603800,2025-04-07,13532500,2025-02-24,14441700,2024-12-02,17359300,2024-10-07,12973000,2024-09-30,12406200,2024-08-05,12408200,2024-03-04,13377700,2024-02-26,25341500,2023-10-23,12668600,2022-03-14,13204200,2022-03-07,11905200,2020-09-07,12368400,2020-07-06,12752400,2020-05-11,13933500,2020-03-16,12311700,2020-02-17,11926200,2020-01-20,23021700,2020-01-13,18600300
AXTI,4589436423.585288,weekly,2026-08-10,64082306,2026-08-03,85433800,2026-07-27,99568939,2026-07-06,43257000,2026-06-22,64932400,2026-06-08,45478900,2026-05-11,43789900,2026-05-04,60027500,2026-04-27,61796600,2026-04-20,78833000,2026-04-13,54406600,2026-04-06,83949100,2026-03-30,73562100,2026-03-23,54233100,2026-03-16,52165600,2026-03-09,57029200,2026-03-02,54447500,2026-02-23,42664100,2026-01-03,63571400,2024-02-17,103934600
LYFT,5418069611.480113,weekly,2026-03-16,149698300,2026-02-09,163069600,2025-11-10,135770000,2025-11-03,129160600,2025-09-15,207080600,2025-08-04,161736900,2025-05-12,146456100,2025-05-05,180076700,2025-02-10,227436300,2024-11-04,159711900,2024-08-05,167288700,2024-02-12,323540800,2023-08-07,140814400,2023-05-01,190722500,2023-03-27,132566500,2023-02-13,164687400,2023-02-06,242593300,2022-11-07,193810000,2022-08-01,140780400,2022-05-02,220883800
LLYVA,9414569923.145603,weekly,2026-06-22,1353500,2026-06-15,1970200,2026-06-08,1476500,2026-05-25,2877900,2026-05-11,2714600,2026-01-05,2188400,2025-12-15,1729900,2025-12-08,1713300,2025-04-07,1251900,2025-03-31,1588800,2025-03-17,1322600,2025-03-10,1440200,2024-11-11,1951200,2024-09-23,1613200,2024-02-12,3191400,2024-02-05,1381300,2023-12-11,1634500,2023-08-14,1590900,2023-08-07,3024100,2023-07-31,2033200
SSRM,6096087546.581166,weekly,2026-06-22,23867400,2026-04-06,24333900,2026-03-30,22374500,2026-03-16,21967100,2026-03-02,30079100,2026-02-16,29673200,2026-01-24,27525300,2025-09-13,24539600,2025-08-02,24279100,2024-06-22,41445500,2024-04-06,23174200,2024-03-30,21864500,2024-03-09,26863800,2024-03-02,24522900,2024-02-24,22681000,2024-02-17,22379400,2024-02-10,113654000,2023-12-09,23620400,2022-06-25,22038500,2022-06-18,25928000
ZIM,3082892836.3713174,weekly,2026-02-16,66353300,2025-08-18,43642800,2025-08-11,46058900,2025-05-19,47905800,2025-05-12,48885700,2025-04-07,47518300,2025-03-17,44238800,2025-03-10,46930000,2024-11-25,43314000,2024-11-18,61308700,2024-09-30,51043600,2024-08-19,55325900,2024-06-03,53278800,2024-03-11,50014300,2024-01-29,67551200,2024-01-08,65402300,2024-01-01,65940100,2023-12-18,50762100,2023-03-13,44615200,2022-03-21,43765900
SR,4780184065.574726,weekly,2026-07-06,2793100,2026-06-22,5140900,2026-06-08,3638900,2026-05-04,2901600,2025-12-13,3026700,2025-11-08,2852000,2025-09-20,2900500,2025-09-13,2898300,2025-08-02,3121700,2025-07-26,4368700,2025-04-05,2932700,2025-03-15,2904600,2024-12-14,3052700,2024-03-09,2859700,2024-02-03,3443800,2024-01-27,6726000,2024-01-20,3781400,2023-12-09,4418000,2022-12-10,2816600,2021-06-19,2947900
TALO,2223451855.9941688,weekly,2026-03-30,14918300,2026-03-23,16201400,2026-03-16,16791400,2026-02-23,15335400,2025-08-04,16041800,2025-06-23,21914100,2025-06-09,21021100,2025-06-02,18217700,2024-12-16,14801100,2024-09-16,19449100,2024-09-02,21998800,2024-08-05,18448300,2024-06-24,14977000,2024-06-17,16107500,2024-01-15,33992500,2023-09-11,15548900,2023-06-19,17198800,2023-06-12,24380900,2023-05-08,16994100,2020-12-07,14695300
DYN,3461671011.624454,weekly,2026-07-20,20270400,2026-03-09,18812000,2025-12-08,32231100,2025-11-03,17195000,2025-10-27,24889200,2025-08-25,15024700,2025-08-04,24880300,2025-07-14,16049700,2025-07-07,18749100,2025-06-30,18336000,2025-06-16,20824600,2025-05-05,24694400,2025-04-21,15645300,2025-04-07,15651800,2025-03-31,18252600,2025-01-27,19897000,2024-09-02,20212600,2024-05-20,17168600,2024-01-08,15586400,2024-01-01,44803200
RUSHA,5701738736.489284,weekly,2026-07-27,4411868,2026-06-22,4230800,2026-02-16,3360000,2025-12-15,4660700,2025-11-17,5121100,2025-11-10,4385400,2025-11-03,3956300,2025-10-27,3450200,2025-04-28,3496100,2025-04-07,3440100,2024-01-01,3401400,2023-12-25,15873500,2023-12-18,4619000,2022-12-12,3468750,2021-06-21,3842550,2020-03-23,3582225,2020-03-16,4602600,2020-03-09,4114575,2020-02-24,4595400,2020-02-10,3285450
ARQT,3377251165.717497,weekly,2025-10-27,24699300,2025-03-17,19948700,2025-02-10,18133700,2024-11-04,18821400,2024-07-08,19030500,2024-05-13,28654000,2024-04-08,18594800,2024-03-11,28456000,2024-03-04,17792600,2024-02-26,36555800,2024-02-12,26936900,2024-01-29,39316400,2024-01-22,31919400,2024-01-08,21463200,2024-01-01,36681800,2023-12-25,23700200,2023-12-18,78234200,2023-12-11,24768400,2023-10-23,27783800,2023-10-16,23056000
HLI,9635181408.100931,weekly,2026-08-10,4913430,2026-08-03,4455900,2026-07-27,8072962,2026-07-13,3683700,2026-07-06,6216700,2026-06-22,4015700,2026-05-04,6560600,2026-03-16,4386400,2026-01-26,3722600,2025-10-27,4459000,2023-12-11,10533100,2023-06-19,7843500,2023-03-27,4136900,2022-01-10,3441900,2020-07-27,5226000,2020-05-18,4752200,2020-03-30,3685000,2020-03-23,4028000,2020-03-16,4517200,2020-03-09,3379300
PARR,2739381833.324404,weekly,2026-03-23,8712500,2026-03-16,9354300,2026-03-02,9376300,2025-11-17,9839700,2025-09-15,9215100,2025-08-25,8573100,2025-08-18,10630400,2025-06-23,9310500,2025-06-16,9276100,2025-05-05,8407400,2025-04-07,9435500,2025-03-17,9897900,2025-03-10,8579300,2025-03-03,11501400,2025-02-24,8450300,2024-12-16,9631400,2024-09-16,8802500,2023-12-11,12754800,2023-09-11,10006800,2021-03-15,9361300
PJT,3915803538.560011,weekly,2026-08-10,2280216,2026-07-27,2783839,2026-07-13,2416900,2026-07-06,2415700,2026-06-22,3054300,2026-06-15,2391500,2026-04-27,2499200,2026-03-16,2351700,2026-03-02,2157000,2026-02-09,2112100,2026-02-02,2356600,2025-04-28,2169100,2025-04-07,3019900,2025-03-10,2284300,2025-03-03,2091000,2024-04-29,2455500,2023-12-11,5823500,2023-12-04,2587000,2023-07-24,2169200,2023-05-01,2052200
BLBD,2494067739.915039,weekly,2025-08-04,7300600,2025-02-03,5767400,2025-01-27,3844200,2024-12-16,4311600,2024-12-02,3805600,2024-11-25,5302700,2024-11-18,3890100,2024-11-11,4439600,2024-11-04,6795300,2024-10-14,4043400,2024-09-30,4025000,2024-08-05,4861500,2024-06-24,4060100,2024-05-13,4586800,2024-05-06,5291200,2024-02-12,3852400,2023-12-11,9198400,2023-09-11,3907800,2023-06-05,5389400,2023-05-08,4351100
AWI,6920800467.018456,weekly,2026-07-27,5154513,2026-04-27,3594800,2026-03-16,3462500,2026-03-09,3678800,2026-03-02,3652100,2026-02-23,5345700,2026-01-26,3277500,2025-07-28,4084700,2024-07-22,3391900,2023-12-11,11232100,2023-12-04,4624300,2023-05-15,5772700,2021-02-22,3688900,2020-11-09,3704100,2020-10-26,4418400,2020-07-27,5191800,2020-05-11,4177500,2020-03-16,3699000,2020-03-09,3549700,2020-02-24,3714800
SPNT,2803379724.171726,weekly,2026-07-27,5517146,2026-06-22,6177000,2025-12-15,7142400,2025-09-22,5540300,2025-09-15,6421100,2025-09-08,5880000,2025-08-18,5394000,2025-03-31,6436400,2025-02-24,7245300,2024-12-16,7834600,2024-06-24,8352100,2024-01-22,6071300,2023-12-11,8839400,2023-04-10,5387300,2023-03-13,5955100,2022-12-12,5608000,2022-08-15,5664800,2022-08-01,6036800,2021-09-13,6919100,2021-06-14,7513900
USAC,3818572040.85108,weekly,2026-06-15,2887300,2025-09-15,3144700,2025-02-10,3781400,2025-02-03,2883500,2025-01-27,4417300,2024-12-16,2828300,2024-08-05,3637200,2024-06-17,6782800,2024-02-05,6723200,2024-01-22,3117700,2023-12-25,3074800,2023-12-18,4060500,2023-12-11,14612100,2022-12-12,3610700,2020-04-20,4373300,2020-04-13,3855800,2020-03-23,2988900,2020-03-16,6195300,2020-03-09,5218600,2020-02-24,3089300
STC,2089731917.3779435,weekly,2026-06-22,2150700,2026-03-16,1960900,2026-01-10,1836100,2025-12-13,1783000,2025-12-06,1762600,2025-10-18,1707300,2025-07-12,1620100,2024-03-09,2044400,2023-12-09,2787300,2023-03-11,2578900,2023-02-04,2158900,2022-12-10,2506200,2021-12-11,1695000,2020-10-03,1679400,2020-09-19,1564000,2020-09-12,2222800,2020-09-05,1624500,2020-08-15,1810200,2020-08-08,2770300,2020-07-18,1559900
ALK,6001564856.533684,weekly,2026-04-20,28935600,2026-04-13,24365900,2026-04-06,24164000,2026-03-30,23112100,2026-03-16,28713700,2026-03-09,27936000,2026-03-02,26437000,2026-01-24,24556900,2025-11-29,25007600,2025-10-18,24514400,2025-04-19,24274800,2025-04-05,23369600,2025-03-15,37520200,2024-12-07,24047800,2024-01-06,22181800,2023-12-09,51181000,2023-12-02,48868800,2020-06-06,42117600,2020-05-30,27076000,2020-03-21,24646300
DNP,4099812480.0,weekly,2025-04-05,5608100,2025-03-29,4697200,2025-03-01,4948700,2024-12-14,5364700,2024-06-08,6321900,2024-05-11,5693300,2023-12-23,5682300,2023-12-16,6365200,2023-12-09,10217100,2023-12-02,7798400,2023-09-30,7644900,2022-06-11,5525400,2022-04-30,7512800,2021-03-20,4981800,2021-03-13,6497500,2021-03-06,7177000,2020-03-21,8386200,2020-03-14,6804400,2020-03-07,7192500,2020-02-22,7553900
NHC,3226080498.687739,weekly,2026-08-10,825183,2026-08-03,644200,2026-07-06,592300,2026-06-22,1032800,2026-06-15,1074300,2026-06-08,655000,2026-04-20,854300,2026-04-06,680800,2026-03-23,667900,2026-03-16,933800,2025-12-13,801600,2025-09-13,893300,2025-03-15,623400,2024-09-14,1001700,2023-12-16,651900,2023-12-09,3491700,2023-12-02,1230400,2023-03-11,1706000,2022-03-12,771700,2020-03-14,721400
ALKS,9180504030.48041,weekly,2026-07-27,13952410,2026-06-22,20218500,2026-03-30,21804200,2025-11-08,21302000,2025-11-01,15877600,2025-10-25,14531400,2025-10-18,14004900,2025-09-06,15991200,2025-07-26,14442800,2025-07-19,14044900,2025-02-08,16437700,2024-10-19,14206700,2024-07-20,15744600,2024-03-09,17720400,2024-02-10,16160500,2023-12-09,41845700,2023-12-02,16422700,2023-10-21,18225700,2021-06-19,25794700,2020-02-22,14862100
CALY,3460333105.208333,weekly,2026-05-02,24177500,2026-02-07,24115300,2025-05-10,22294300,2025-04-05,27583300,2025-03-01,23505700,2025-02-22,24452000,2024-08-03,23263200,2024-03-16,23875400,2024-02-10,25456700,2023-12-09,43870700,2023-11-11,26118200,2023-11-04,31822600,2023-08-05,24936200,2023-05-06,27879500,2021-09-11,21003900,2021-06-12,42485200,2021-05-08,22005800,2020-10-31,23556400,2020-10-24,36641300,2020-04-25,25867100
SPHR,6079305972.142548,weekly,2026-07-27,6383934,2026-03-16,7822200,2025-11-03,7449900,2025-09-15,7782900,2025-09-08,10924800,2025-04-21,6425000,2025-04-07,6383300,2025-03-10,7882700,2025-03-03,7362000,2024-11-11,6092600,2024-10-14,8271600,2024-02-05,6124800,2023-12-04,20950700,2023-11-06,7431400,2023-10-02,7693300,2021-08-23,7664534,2021-06-21,7258597,2021-03-22,6270274,2020-04-27,6283914,2020-04-20,8155340
CRSP,5296967584.24083,weekly,2026-03-09,22285500,2025-10-06,16407200,2025-09-15,17747300,2025-08-11,19164300,2025-07-28,15427900,2025-07-21,20962300,2025-07-14,21264900,2025-07-07,18789200,2025-06-23,24581600,2025-04-07,17926000,2025-02-17,16444100,2025-02-10,17489100,2024-02-12,18509700,2023-12-11,23241900,2023-12-04,26516000,2023-11-20,16462900,2023-11-13,16557400,2022-06-20,19643900,2022-06-13,15744100,2021-06-28,15421300
WOR,2775405958.6977124,weekly,2025-03-22,4279600,2025-03-15,3950000,2024-06-22,3878400,2023-12-09,7907800,2023-11-25,14050780,2023-09-23,4032616,2022-12-10,3621439,2022-03-19,4019965,2021-12-11,3711299,2021-09-11,3991580,2021-03-13,3751848,2020-12-12,4560254,2020-09-19,3608464,2020-07-18,4226769,2020-07-11,3923619,2020-07-04,5741394,2020-06-27,4150049,2020-06-20,5327135,2020-06-13,3894584,2020-06-06,7081327
ICUI,3705798980.8978696,weekly,2026-08-03,2516400,2026-07-27,2010635,2026-06-22,2214000,2025-11-01,2341600,2025-08-09,2618800,2025-08-02,2352700,2025-04-05,2054600,2025-03-29,2217300,2024-09-28,1972000,2024-09-14,2209600,2024-08-03,2541700,2024-06-22,4603300,2024-02-24,2012000,2023-12-09,2282800,2023-11-25,7622400,2023-11-04,3257700,2023-08-05,2677500,2022-08-06,2068700,2022-05-07,2688300,2021-09-04,4033500
AX,5474008305.030732,weekly,2024-11-04,4558100,2024-08-12,3933200,2024-07-29,5599800,2024-07-15,4609800,2024-06-03,8268000,2024-01-29,4838200,2023-12-11,6375400,2023-12-04,5313100,2023-11-27,3944600,2023-11-13,9942300,2023-11-06,4062700,2023-10-30,4561600,2023-10-23,6234600,2023-09-25,4927300,2023-09-18,3736600,2023-03-27,3727100,2023-03-20,4273200,2023-03-13,8423500,2020-03-16,5257400,2020-03-09,4136000
ESTA,2601057975.0656786,weekly,2026-08-03,4185000,2026-06-22,7736800,2026-05-04,4536700,2026-02-23,4007900,2025-12-15,3754000,2025-11-10,3397100,2025-11-03,5803900,2025-08-04,3391300,2025-04-07,5659100,2025-03-31,3771600,2025-03-03,4122000,2025-02-24,4554500,2025-01-13,8194900,2024-09-30,4636300,2024-09-23,4201900,2024-08-05,3424500,2024-02-26,4000300,2024-01-08,3981200,2023-11-06,15546200,2022-10-17,3874800
KNF,5275838601.455327,weekly,2026-08-03,7849700,2026-06-22,4183800,2026-03-23,4085800,2026-03-16,6519000,2026-02-02,4180900,2025-11-03,6195600,2025-10-27,4715300,2025-10-06,4628700,2025-08-04,5353500,2025-07-28,4144800,2025-06-23,4980300,2025-06-16,4136800,2024-12-16,4395200,2024-06-24,4582900,2023-11-13,4222500,2023-11-06,9671200,2023-09-11,4359700,2023-06-19,8157500,2023-06-12,5325900,2023-06-05,4715000
CNM,9509573909.875671,weekly,2026-06-08,17215400,2026-03-16,19032800,2025-12-08,23529200,2025-11-17,17197800,2025-09-15,18406000,2025-09-08,39802100,2024-12-16,19056400,2024-12-02,23171500,2024-09-16,23907600,2024-09-02,31797300,2024-08-26,18179100,2024-06-03,28616000,2024-03-18,19035100,2024-03-11,18640600,2024-01-22,27696400,2024-01-08,26190100,2023-12-11,20613600,2023-12-04,23854400,2023-11-06,45725800,2022-01-03,20704400
ACIW,5007848808.135019,weekly,2026-08-03,8360300,2026-06-22,7120300,2026-02-23,7480300,2023-11-04,28031300,2023-03-11,9794100,2022-12-31,9377200,2022-12-10,7787500,2022-11-05,7363800,2022-10-29,6748000,2022-03-26,6275400,2021-10-30,9404700,2020-11-28,7066200,2020-11-14,6229900,2020-10-10,7776800,2020-10-03,7266900,2020-09-12,6381100,2020-09-05,9642400,2020-03-21,7053900,2020-03-14,7662000,2020-03-07,6456100
PAYC,6153030961.099453,weekly,2026-08-03,7918500,2026-06-15,7124200,2026-05-04,6459900,2026-03-23,6488100,2026-03-16,21838100,2026-03-02,10589300,2026-02-23,15534700,2026-02-16,10028500,2026-02-09,13804200,2026-02-02,8298800,2026-01-26,7724800,2024-04-29,6968200,2024-02-05,7001200,2023-11-06,7416900,2023-10-30,22374600,2023-07-31,6662200,2020-04-27,6774000,2020-03-09,7502700,2020-02-03,7325000,2020-01-27,13162200
EXTR,4150896499.300387,weekly,2026-05-11,14204800,2026-04-27,20766700,2026-04-20,20966200,2026-01-24,15470000,2025-10-25,17035500,2025-09-20,14760900,2024-06-15,16983800,2024-04-27,20218000,2024-03-09,15335300,2024-01-27,22360200,2023-12-09,20797000,2023-11-04,16505200,2023-10-28,27901000,2023-09-09,14759000,2023-08-19,14723300,2023-07-29,16146400,2023-06-24,14429500,2023-01-21,17917300,2020-03-14,16149400,2020-01-25,14817900
NATL,3190283203.02586,weekly,2026-06-22,6043700,2026-05-11,7130200,2026-04-20,4968900,2026-04-13,4768500,2026-03-30,6919500,2026-03-23,5540200,2026-03-16,7181500,2026-03-09,5704800,2026-03-02,10578400,2026-02-23,9565200,2025-08-04,7317800,2025-07-21,7666800,2025-07-14,4628000,2024-07-15,6691100,2024-06-24,14595300,2024-05-13,6329900,2024-03-18,4773200,2023-12-11,4457500,2023-10-23,8116800,2023-10-16,23795400
FND,6443492052.545268,weekly,2026-07-27,22732859,2026-06-22,14801100,2026-06-08,16450700,2026-05-11,19559600,2026-05-04,18258200,2026-04-27,17911300,2026-04-13,14867100,2026-04-06,17677000,2026-01-12,16756200,2026-01-05,15223700,2025-12-15,16313100,2025-11-03,18309700,2025-10-27,16160200,2025-04-28,18302800,2025-04-07,16850000,2025-03-31,19768800,2024-07-08,14801100,2023-10-30,16210000,2023-10-16,31616500,2020-03-16,16593600
HAYW,3577719643.7466,weekly,2026-08-03,16509600,2026-07-27,21357930,2026-05-11,18656800,2026-04-27,20067400,2026-02-23,18304700,2025-10-27,18553200,2025-09-15,27089000,2025-07-28,19245500,2025-03-31,18028800,2024-10-28,18218300,2024-09-16,16677700,2024-07-29,16641400,2024-02-26,16535900,2023-10-30,27113900,2023-09-25,47817000,2023-08-07,19408500,2023-07-31,26729100,2023-05-08,20476500,2023-02-27,23201300,2022-05-02,27216900
IMVT,7976252259.46522,weekly,2026-06-22,11651500,2026-05-18,27304400,2025-12-15,14224100,2025-12-08,13738300,2025-10-27,14363300,2025-04-07,13997500,2025-03-31,15934300,2025-03-17,18737100,2024-05-27,12147900,2023-12-18,13953600,2023-11-27,12718000,2023-10-02,15388200,2023-09-25,57390700,2022-10-03,22969700,2022-09-26,11747900,2021-08-02,25386300,2021-05-31,29727700,2021-03-08,19749600,2021-02-15,14525900,2021-02-01,21333700
MSGE,3798629898.148148,weekly,2026-08-10,2912248,2026-06-22,4274100,2026-05-11,3000900,2026-05-04,2721500,2025-06-23,3460400,2024-12-16,2811700,2024-11-11,2866800,2024-05-06,3542700,2024-03-18,2832800,2024-03-11,3145000,2024-02-12,2779500,2024-02-05,2958700,2024-01-22,3333000,2024-01-08,2777600,2023-12-11,3567800,2023-11-13,3324200,2023-11-06,3162600,2023-09-18,7978900,2023-06-26,4537000,2023-06-19,7951400
ST,6813491707.303782,weekly,2026-07-27,16136237,2026-05-11,14041100,2026-04-27,14410100,2026-02-02,13927600,2025-07-28,13222300,2025-04-07,17012300,2025-03-31,15567400,2025-02-10,14118300,2024-12-16,16154400,2024-07-29,13461500,2024-05-06,15122300,2024-04-29,28086100,2024-02-26,13325800,2024-02-12,14482700,2024-02-05,15165700,2023-12-18,14381300,2023-11-27,17650700,2023-09-11,32855500,2022-12-12,12923700,2022-03-07,13721200
HASI,5058366133.809086,weekly,2025-06-23,11535400,2025-04-07,11729900,2024-12-16,10186300,2024-11-11,9469700,2024-11-04,13180800,2024-05-06,9609600,2023-12-11,11942900,2023-10-30,9055700,2023-10-16,8996200,2023-10-09,15075600,2023-10-02,23549200,2023-09-18,9804900,2023-09-11,29696600,2023-09-04,13055600,2023-08-07,13717700,2023-05-29,9047400,2023-05-22,15033500,2023-03-13,8983000,2022-07-11,18684400,2020-03-16,10550300
SKWD,2399744256.674188,weekly,2026-08-10,3139545,2026-07-06,3181200,2026-06-22,5186900,2026-03-16,3059200,2026-03-02,3193500,2026-02-23,3384700,2026-01-12,3238800,2025-10-13,3531800,2025-09-15,3637500,2025-09-08,3077200,2025-04-07,3119300,2025-03-31,3554200,2025-02-03,3481300,2024-06-24,3478900,2024-05-06,4570800,2023-11-13,5342800,2023-11-06,3374200,2023-09-18,3068500,2023-09-11,6130300,2023-01-09,4172700
APLE,4022591136.042528,weekly,2026-08-03,21210700,2026-07-27,21586876,2026-04-20,22382900,2026-04-13,25071300,2026-04-06,20360600,2026-01-26,22635300,2025-08-04,20450500,2025-04-07,25816000,2025-03-31,20319700,2023-12-18,22799800,2023-12-11,21524600,2023-09-11,55107700,2021-06-21,31613600,2020-11-09,22383700,2020-04-06,20864900,2020-03-30,22264000,2020-03-23,36355000,2020-03-16,30843300,2020-03-09,25659600,2020-02-24,23635100
WFRD,5951820892.468175,weekly,2026-07-20,8306200,2026-06-22,8189100,2026-04-20,8974800,2026-03-16,10336300,2026-03-09,10054600,2026-03-02,7917600,2026-02-02,7938100,2025-04-28,10235500,2025-04-21,12777200,2025-04-07,11894600,2025-03-31,8550900,2025-03-17,11052700,2025-02-10,8019800,2025-02-03,9906700,2024-10-21,8510900,2024-07-22,8573100,2024-06-24,12661800,2023-09-11,19500000,2022-10-24,7842600,2022-06-20,12815900
MORN,5881032979.207911,weekly,2026-07-27,3589051,2026-06-22,3153500,2026-05-11,2591600,2026-05-04,3333400,2026-04-27,3255100,2026-04-13,2615300,2026-03-23,2645900,2026-03-02,2762900,2026-02-23,3766200,2026-02-16,2723100,2026-02-09,4485900,2026-02-02,4143500,2026-01-12,2760100,2025-12-15,3189800,2025-11-03,2920000,2025-10-27,2539800,2025-09-29,2619100,2025-09-22,3025400,2025-09-15,2765200,2023-09-11,5053300
LBRT,4383321581.613212,weekly,2026-07-27,45858233,2026-07-20,36378900,2026-06-22,28617600,2026-04-27,26116300,2026-03-23,44221300,2026-02-02,43670900,2026-01-26,28602000,2025-12-15,29126900,2025-10-27,30507000,2025-10-20,41013600,2025-10-13,46894900,2025-09-22,26227800,2025-09-08,25431000,2025-07-21,40850300,2025-04-07,27760500,2024-01-22,26215400,2023-10-16,26523100,2023-09-11,57112400,2022-10-24,25999000,2022-07-25,27584000
BXMT,2940153773.692219,weekly,2026-08-03,18861600,2026-07-27,21404813,2024-07-20,20189800,2024-02-10,18055700,2023-12-09,20757000,2023-12-02,34250300,2023-10-21,19235900,2023-09-09,47161800,2023-09-02,20020700,2023-04-29,17781700,2023-04-22,22116100,2023-04-08,17114100,2023-03-18,23697600,2023-03-11,26775300,2022-10-01,17145900,2022-09-24,16525400,2020-06-06,22182200,2020-04-04,16904200,2020-03-21,31009800,2020-03-14,24859400
HIW,3297153576.5092406,weekly,2026-07-27,11773989,2026-06-22,22276100,2026-06-08,11230800,2026-05-11,8483800,2026-04-27,9028300,2026-03-09,8764900,2026-02-09,11764500,2025-12-13,8126500,2025-12-06,9495200,2025-07-26,8876800,2024-02-10,10045900,2024-02-03,11890400,2024-01-27,11161200,2023-12-09,8951600,2023-11-25,8186500,2023-10-21,11495500,2023-09-09,24481600,2023-03-18,8577000,2023-03-11,9693100,2020-03-14,8407900
NWL,2472917908.105263,weekly,2026-08-03,65206800,2026-07-27,116771839,2026-06-22,127334400,2026-06-08,62464600,2026-06-01,55388900,2025-11-08,62132500,2025-11-01,70757900,2025-10-25,97066200,2025-07-26,62515500,2025-05-31,65292600,2025-04-26,63861200,2025-04-05,66783000,2025-03-08,52641600,2025-02-22,87624600,2025-02-08,55818100,2025-02-01,67481400,2024-09-14,86069000,2024-03-09,72845700,2023-09-09,133618000,2023-05-27,72730800
CATY,4159551410.240439,weekly,2026-07-27,3073971,2026-06-22,3503600,2026-03-16,6767100,2026-03-09,3078400,2025-12-13,4465600,2025-09-13,4046600,2025-06-14,3650300,2025-04-05,3383700,2025-03-29,3206800,2025-03-15,4746900,2024-12-14,3344200,2024-03-09,3278500,2023-09-09,14196800,2023-03-11,5322100,2021-12-11,3072600,2021-09-11,3073900,2020-09-12,2967100,2020-06-13,3791500,2020-03-14,4176700,2020-03-07,4304600
SXT,5115937852.331308,weekly,2026-07-20,4888600,2026-06-22,3211500,2026-06-15,3530900,2026-04-27,3691900,2026-04-20,3506900,2026-02-09,3304700,2025-10-25,3208500,2025-09-27,3213600,2025-09-06,3286700,2025-08-16,3991400,2025-04-26,3878800,2025-04-19,3601100,2023-11-18,2986700,2023-09-09,9067300,2020-06-13,3510100,2020-05-09,3373400,2020-04-25,4008200,2020-04-18,4553200,2020-03-21,3134300,2020-03-14,3484600
LNC,7021348579.713813,weekly,2026-07-27,19238285,2026-02-23,21608400,2025-04-05,18417300,2023-09-09,53056800,2023-07-29,18775100,2023-05-06,21000500,2023-04-29,24669800,2023-03-25,20047600,2023-03-18,21097800,2023-03-11,31927800,2023-02-25,26365400,2023-02-04,20845400,2023-01-28,21884400,2022-12-10,22745300,2022-12-03,21293900,2022-10-29,20531500,2020-03-28,18429700,2020-03-21,26629500,2020-03-14,21317000,2020-03-07,25323500
ARCB,3256968277.1261163,weekly,2026-07-27,3564678,2026-06-22,3000400,2026-06-08,2939600,2026-01-31,2850800,2025-12-13,3701800,2025-07-26,3697600,2025-04-26,3552400,2025-04-05,3770600,2023-10-28,2901200,2023-10-21,3016000,2023-09-09,4764500,2023-07-22,3297600,2023-07-15,3004500,2023-02-04,2870100,2022-04-02,3416100,2022-01-01,3804800,2021-12-25,2875200,2021-12-11,3251200,2021-10-30,3972200,2021-06-05,4125300
LBTYA,3801459432.522994,weekly,2026-02-16,31093900,2024-11-11,27886284,2024-06-24,34048439,2024-06-03,28682545,2024-05-20,25861884,2024-04-29,22474064,2023-11-06,24183502,2023-10-30,27680212,2023-08-28,55621879,2023-06-12,24617898,2022-09-26,30535425,2022-09-19,25168171,2022-03-07,23019095,2020-12-14,22628566,2020-11-30,22889437,2020-05-04,53852075,2020-04-27,39493527,2020-04-06,22652440,2020-03-16,28739805,2020-03-09,25246588
UGI,7595969556.836178,weekly,2026-05-04,15683000,2026-01-24,23181700,2025-09-13,14801600,2025-04-19,14298800,2025-03-15,13950100,2024-12-14,15578500,2024-11-30,16393800,2024-11-23,20962300,2024-11-16,20627600,2024-06-08,15506200,2024-06-01,30588400,2024-04-27,16668400,2024-04-13,16477500,2024-01-27,18257100,2023-12-09,14937400,2023-08-26,33370300,2023-07-29,20884000,2023-05-27,16951300,2023-05-20,14120200,2022-03-12,23321600
TNET,2293097228.517037,weekly,2026-02-23,4632800,2026-02-16,3829700,2026-02-09,4175200,2025-11-03,3837900,2025-07-21,3905300,2025-03-17,4013700,2025-03-03,3553900,2025-02-24,4512000,2023-08-28,8655700,2023-08-21,8795300,2023-06-05,3534500,2023-04-24,3643100,2022-03-21,3826200,2022-03-14,8557900,2022-02-14,4376800,2020-07-27,3610900,2020-03-16,4126200,2020-03-09,3891900,2020-02-17,3537100,2020-02-10,5393800
DLB,5060053260.330029,weekly,2026-08-10,4254486,2026-08-03,5299000,2026-07-27,7479151,2026-07-06,5030900,2026-06-22,5234800,2026-06-15,4637700,2026-05-11,5356100,2026-05-04,4235700,2026-04-27,4419400,2026-03-16,4234600,2026-02-23,4390600,2026-01-26,6206100,2025-12-15,4559300,2025-11-17,4986400,2024-11-18,4384100,2023-08-21,14276400,2023-08-14,4983700,2022-05-02,4356200,2021-12-13,4260900,2021-05-03,5297300
HE,2342665445.8221555,weekly,2026-01-03,21287100,2025-12-13,49333100,2025-12-06,32073600,2025-02-08,26515800,2024-12-14,22895800,2024-11-09,20584100,2024-09-28,24032600,2024-09-21,74196600,2024-08-10,22043500,2024-07-20,33856700,2024-07-13,51727100,2024-07-06,38841300,2024-06-22,29385600,2024-04-13,25103400,2023-11-04,22669800,2023-09-09,45312500,2023-09-02,37732400,2023-08-26,124086500,2023-08-19,67434500,2023-08-12,168505900
MRCY,6567534117.047457,weekly,2026-06-22,5246300,2026-01-31,6223500,2025-08-09,8676500,2025-02-01,6155800,2024-08-10,10027200,2024-06-22,10567800,2024-02-03,8655700,2023-09-09,5486700,2023-08-12,20061800,2023-06-24,10901000,2023-06-10,4769800,2023-04-29,4867500,2022-02-26,7839900,2022-01-29,5324500,2021-12-11,5295000,2021-11-27,4806900,2021-07-31,6086200,2021-05-01,9539200,2021-01-30,4847400,2020-06-20,9216400
MSGS,9461618179.754547,weekly,2026-08-10,1814712,2026-06-22,1762100,2026-06-08,1657900,2026-02-16,2007700,2025-08-11,1996000,2023-08-14,1790600,2023-07-31,5471600,2023-07-24,1818700,2021-03-01,1835400,2020-11-16,1650800,2020-11-09,2232000,2020-04-13,2762220,2020-04-06,2219927,2020-03-30,2455323,2020-03-23,3664408,2020-03-16,3331433,2020-03-09,4158052,2020-03-02,1966866,2020-02-24,2172819,2020-02-03,1616787
DRVN,2320930395.232644,weekly,2026-05-18,12428400,2026-04-27,15680100,2026-04-20,8420000,2026-03-23,17040500,2026-03-16,11903300,2026-03-09,9594400,2026-03-02,12463600,2026-02-23,24434000,2025-11-03,9231400,2024-06-24,16942900,2024-05-20,8823100,2024-04-29,16753900,2024-02-19,9922100,2023-10-30,8608100,2023-09-25,9168100,2023-09-18,10532400,2023-08-07,11089500,2023-07-31,33445300,2021-08-02,12413300,2021-01-18,10658400
AD,3204444793.6068544,weekly,2026-06-22,2591500,2026-06-08,2912700,2026-06-01,4211800,2026-03-30,3670700,2026-01-17,2327800,2025-08-16,2897600,2025-08-09,2780400,2025-08-02,3013800,2025-05-31,2241100,2024-06-01,2169800,2024-05-25,3720500,2024-05-04,4602700,2023-08-26,2379500,2023-08-12,3624500,2023-08-05,6956400,2023-07-29,8363100,2023-06-17,3606500,2023-06-03,2325700,2023-05-06,2558800,2021-06-19,2986100
NFG,7455524375.893347,weekly,2026-07-27,5160074,2026-05-18,5067600,2026-04-27,5708300,2026-03-16,5517700,2026-01-24,4807200,2026-01-03,5693300,2025-07-12,4586100,2025-04-26,4642900,2025-01-25,4906800,2024-02-17,5942800,2023-07-29,8473400,2023-01-28,5111500,2022-04-23,4819200,2020-06-06,4704700,2020-05-30,4654900,2020-05-23,4754400,2020-04-25,7048900,2020-03-14,7634400,2020-03-07,5890600,2020-01-25,4509800
CBU,3545881156.088292,weekly,2026-06-22,3138700,2026-06-15,2239800,2025-09-13,2939500,2025-08-09,2705700,2024-12-14,2329900,2024-11-02,2240900,2024-01-20,2399200,2023-12-09,2838400,2023-07-29,6984800,2023-07-22,2873800,2023-07-15,2531100,2023-07-08,2444500,2023-06-10,2691300,2023-04-29,3011200,2023-04-22,5092400,2023-03-11,3453500,2021-04-24,2279600,2021-01-23,2408400,2020-07-25,2285100,2020-03-14,2786100
NJR,5814091715.775308,weekly,2026-08-03,4763900,2026-06-22,5834800,2026-03-16,4421400,2026-01-31,4580300,2025-12-13,4520800,2025-03-29,4695900,2025-03-15,4682700,2024-02-03,4689900,2023-09-09,4422500,2023-07-29,8178200,2023-06-10,4417600,2023-01-28,5573700,2022-11-19,5837200,2022-10-29,4429900,2022-04-23,5434000,2021-03-13,5080200,2020-10-24,6060600,2020-05-09,4653700,2020-03-14,7840700,2020-03-07,5151600
PHIN,3140083757.91648,weekly,2025-09-15,4009400,2025-03-17,5780200,2025-03-10,4854400,2025-03-03,4152200,2024-12-16,6953800,2024-09-23,3844700,2024-09-16,6377100,2024-07-29,5319700,2024-06-24,9711400,2024-04-29,3906800,2024-03-11,14029400,2024-02-19,4111400,2023-12-11,5173400,2023-11-06,3802200,2023-09-11,5839300,2023-07-31,3785700,2023-07-24,6595700,2023-07-17,8469800,2023-07-10,21649500,2023-07-03,17704400
WDFC,3341380038.0831914,weekly,2026-07-06,1869600,2026-04-13,1194700,2026-04-06,1237700,2026-01-10,1241600,2026-01-03,1546800,2025-06-21,1301600,2025-06-07,1236400,2025-05-31,1948000,2025-04-05,1380100,2024-07-06,1292700,2024-04-06,1199600,2024-01-06,1574800,2023-07-08,2023700,2022-10-15,1250300,2022-07-02,1217000,2021-10-23,1266900,2021-04-03,1410500,2020-04-11,1866700,2020-03-28,1529900,2020-03-14,1741900
SDRL,2431886590.832725,weekly,2026-06-22,8730200,2026-02-09,6841800,2025-10-06,6125000,2025-06-23,5820300,2025-06-16,11376600,2025-06-09,7394700,2025-04-07,9357800,2025-03-31,7982900,2025-03-03,8584800,2025-02-24,7865800,2024-11-11,6750500,2024-10-21,8406800,2024-09-30,6059400,2024-09-16,7551100,2024-09-09,11202700,2024-08-05,6032800,2024-06-24,7320600,2023-11-27,6150200,2023-07-10,10599100,2023-06-19,11585700
BRC,4252400354.3116913,weekly,2026-06-08,4394900,2024-12-14,2408500,2024-03-09,4759700,2024-02-24,2373400,2023-12-30,2322000,2023-12-09,3597400,2023-11-25,2355200,2023-09-23,2750800,2023-09-02,2322400,2023-07-29,5032100,2023-07-22,4642100,2023-07-15,2791500,2023-07-08,2449900,2023-06-24,3161200,2023-06-17,9013700,2023-06-10,2857000,2023-03-11,2493200,2022-04-23,2740600,2020-12-12,2594100,2020-09-12,2416600
RLI,5291970470.146925,weekly,2026-07-27,6306591,2026-07-20,4522800,2026-06-22,4231200,2026-06-15,4264900,2026-06-08,5363900,2026-06-01,4483600,2026-05-11,6749100,2026-04-27,5068800,2026-04-20,5069200,2026-03-09,4041500,2026-01-24,6146000,2026-01-17,4967200,2025-12-13,6379300,2025-12-06,4342600,2025-09-13,4237500,2025-07-26,4939300,2025-07-19,6674700,2023-06-17,11293800,2020-04-25,4242600,2020-03-14,5062400
FHI,4367255194.519567,weekly,2026-03-16,6036200,2025-09-13,5951300,2025-03-15,10119400,2025-03-08,6183300,2024-07-27,6669900,2023-12-02,7014700,2023-10-21,8516000,2023-06-24,7642100,2023-06-17,15653100,2023-03-11,11544300,2022-09-10,6428900,2022-06-18,6164800,2022-01-22,6112700,2021-06-12,6004000,2021-05-08,6198000,2021-05-01,6457500,2020-03-21,5933500,2020-03-14,7621300,2020-03-07,7582300,2020-02-29,7790700
DAN,3026076375.268893,weekly,2025-12-16,16669200,2025-10-28,14834200,2025-10-07,12624800,2025-08-12,13188900,2025-08-05,14399600,2025-07-15,12868300,2025-07-08,13371800,2025-06-24,13314300,2025-01-21,13577100,2024-12-03,19070500,2024-11-26,16487700,2024-10-29,19055000,2024-10-15,16292500,2023-06-13,32491800,2022-03-08,12763900,2020-04-28,14586100,2020-03-24,14108700,2020-03-17,20424400,2020-03-10,14264200,2020-03-03,12570700
PRVA,3222136515.529556,weekly,2026-08-03,9722000,2026-06-22,8048900,2025-08-04,8976500,2024-11-04,7515000,2024-05-20,7628300,2024-02-26,8641300,2024-01-29,9069600,2023-10-30,8003900,2023-09-18,10608600,2023-09-11,8337200,2023-06-19,7645700,2023-06-12,33111500,2023-06-05,13163000,2023-05-08,13315100,2023-05-01,23520000,2022-11-14,9009100,2022-08-08,7851100,2022-07-04,7251600,2022-03-14,8800000,2021-04-26,12299100
MC,5249862263.76291,weekly,2026-07-27,10030696,2026-06-15,6495500,2026-04-27,6965200,2026-04-13,6043100,2026-04-06,6274000,2026-03-16,12640900,2026-03-09,6601200,2026-03-02,7271700,2026-02-23,7607700,2026-02-02,7385200,2025-10-27,6597600,2025-07-21,6102300,2025-04-21,7212900,2025-04-07,6876500,2025-03-17,9365400,2025-03-10,6805500,2023-07-24,5707700,2023-06-19,5897500,2023-06-12,20297500,2020-03-16,5867300
APAM,2883224557.504018,weekly,2026-08-03,4703300,2026-07-27,6093389,2026-07-13,4826500,2026-06-08,4922600,2026-04-27,4690400,2026-03-16,5713600,2025-04-28,4994400,2025-04-07,4493500,2023-12-11,5144000,2023-11-13,4399400,2023-07-31,4627800,2023-06-26,4502100,2023-06-19,5252900,2023-06-12,19307100,2023-06-05,5351200,2023-03-13,6437000,2022-01-31,4535500,2021-04-26,4577600,2021-02-22,4472400,2020-03-09,5790300
CRC,4769173916.21216,weekly,2026-03-16,8911300,2026-03-09,6604000,2025-12-15,7608500,2025-09-15,9163500,2025-03-17,18247300,2024-12-16,6386100,2024-06-17,8921600,2024-03-11,15229600,2024-03-04,9127000,2023-12-11,6553300,2023-06-12,23072400,2022-06-20,7083700,2022-03-07,6764600,2021-09-27,6524500,2021-09-13,12871600,2021-09-06,6792700,2021-08-30,6382600,2021-06-21,19024200,2021-06-14,9404000,2021-06-07,6379900
NGVT,2681592695.0562224,weekly,2026-03-16,2748300,2025-12-08,2583300,2025-08-04,2949300,2024-11-04,2600000,2024-10-28,3111900,2024-09-30,3293900,2023-12-11,2791700,2023-06-12,8189600,2023-05-15,2603000,2020-04-27,4476900,2020-04-13,3043000,2020-04-06,2533600,2020-03-30,3748000,2020-03-23,3291200,2020-03-16,4266700,2020-03-09,4572300,2020-03-02,3713200,2020-02-24,3607500,2020-02-03,3733300,2020-01-27,3865400
WLY,2474089260.0834064,weekly,2026-06-22,4815725,2026-06-15,3834575,2026-03-02,4472009,2026-01-24,3518674,2025-12-13,4019291,2025-12-06,5135359,2025-11-29,3730911,2025-06-21,4257623,2025-06-14,4849425,2025-03-01,4230366,2023-12-09,4357206,2023-10-07,4906254,2023-07-29,5579346,2023-06-17,4306980,2023-06-10,12878771,2021-06-19,8463712,2021-06-12,7006751,2021-04-24,3389235,2021-03-13,6324636,2020-06-13,4056969
HMN,2083668408.762581,weekly,2026-06-22,1929000,2026-03-16,1926100,2026-01-31,1735800,2025-12-13,2054100,2025-05-17,2205300,2025-05-10,2254100,2025-04-05,2124200,2024-11-02,1997100,2024-09-21,1742200,2024-09-14,1887000,2024-05-04,1790400,2023-09-09,1748700,2023-06-10,2583800,2023-03-11,2278800,2022-12-10,1918800,2022-07-09,1837600,2022-01-29,2236300,2021-12-11,2167800,2021-01-30,1749700,2020-03-14,1958800
GPK,3257720119.597617,weekly,2026-07-27,34184679,2026-06-08,32810500,2026-05-25,34740900,2026-05-11,44359600,2026-05-04,56432800,2026-04-27,31648800,2026-04-13,32117900,2026-03-23,39161100,2026-03-16,68541300,2026-03-09,36352900,2026-03-02,33970400,2026-02-09,38377800,2026-01-31,74326500,2025-12-06,43491500,2025-11-01,38843300,2025-10-25,34608100,2023-06-10,76957600,2021-05-15,34364600,2020-02-29,31420800,2020-02-22,35644100
UFPT,2010056706.4859736,weekly,2026-08-03,1516500,2026-07-27,1095581,2026-07-13,941300,2026-07-06,1297600,2026-06-22,1068900,2026-06-08,1123300,2026-05-11,1066300,2026-05-04,1729500,2026-04-27,1179100,2026-04-20,949100,2026-04-06,969600,2026-03-09,1040700,2026-03-02,1041300,2026-02-23,1635400,2025-11-01,1179200,2025-06-07,1742700,2025-05-31,2304300,2025-05-24,1059400,2025-05-03,993500,2023-06-10,2322100
FULT,4627344361.273889,weekly,2026-07-27,10886998,2026-06-22,12743800,2026-06-15,11670000,2026-04-20,10961100,2026-03-30,12222800,2026-03-16,12626800,2026-03-09,11008000,2026-01-31,12111700,2026-01-17,10830600,2025-12-13,15584200,2025-10-18,12817900,2025-07-12,17575700,2025-04-12,12166800,2024-07-13,17533300,2024-06-22,12231900,2024-04-27,26005400,2023-06-10,40897500,2023-03-11,12134700,2020-05-09,10978200,2020-03-14,12127600
VVV,5126950550.000001,weekly,2026-08-03,15690000,2026-05-04,20189500,2026-02-02,17671900,2025-12-15,19206200,2025-12-08,15468200,2025-12-01,15566000,2025-11-17,16533900,2023-06-19,16128200,2023-06-12,14159700,2023-06-05,34220500,2023-05-08,17314900,2022-08-01,16188300,2022-05-23,20558100,2020-06-15,14256800,2020-03-23,18157700,2020-03-16,16194800,2020-03-09,19581000,2020-03-02,16525000,2020-02-24,16839500,2020-02-03,15120800
S,5454006978.667781,weekly,2026-05-25,76956000,2026-03-09,54742500,2026-02-02,56161100,2025-12-15,53534600,2025-12-08,76626500,2025-12-01,70320100,2025-08-25,56281900,2025-07-21,79716100,2025-03-10,70443800,2024-12-02,57132500,2024-07-22,61926100,2024-03-11,75262900,2023-12-04,74685300,2023-08-28,59758400,2023-08-21,77029400,2023-06-12,52531600,2023-06-05,79266700,2023-05-29,96114600,2023-03-13,55882500,2022-03-14,70348100
BOH,3248527172.5410857,weekly,2025-07-26,4046100,2025-04-05,3686000,2025-03-15,4888400,2023-12-09,4508500,2023-07-22,5435400,2023-07-15,5779400,2023-07-08,4028100,2023-07-01,3546900,2023-06-24,3857200,2023-06-17,7633600,2023-06-10,5774100,2023-06-03,4824200,2023-05-27,13025500,2023-05-20,6284400,2023-05-13,7848600,2023-05-06,9348800,2023-04-29,6758300,2023-04-22,3486900,2023-03-18,4592700,2023-03-11,11673800
BOOT,5389104093.170882,weekly,2026-05-11,6632000,2025-05-12,8865800,2025-04-07,7603800,2025-03-31,7385100,2024-10-28,9592500,2024-05-13,7137100,2024-01-29,8077000,2023-10-30,6420100,2023-05-15,10671700,2023-01-23,6406900,2022-07-25,6879500,2020-08-03,6997300,2020-06-15,6402300,2020-05-18,8301100,2020-04-06,6395300,2020-03-16,7957400,2020-03-09,10160200,2020-02-24,6266800,2020-02-10,6199400,2020-02-03,9973300
SPB,2029269259.1634483,weekly,2025-08-02,4474000,2025-06-21,6620200,2025-02-01,4273600,2023-12-09,5314200,2023-11-25,5007200,2023-11-11,6281700,2023-06-17,4675300,2023-05-13,4624000,2023-05-06,10416000,2023-04-29,5642300,2023-04-22,3992400,2023-03-25,4012800,2023-03-11,4534300,2023-02-04,4371300,2022-12-03,4709000,2022-11-26,6182200,2022-09-10,8196400,2021-11-06,5648900,2021-09-04,6313800,2020-03-14,5175400
STAG,7537303607.995395,weekly,2026-07-27,12689209,2026-01-26,10132700,2025-12-15,10161200,2025-09-15,10068200,2025-07-28,10348600,2025-04-07,12207900,2025-03-31,11478700,2023-06-19,29843100,2023-05-01,52769000,2022-10-24,10156800,2022-09-12,10348800,2022-05-09,10246100,2021-12-13,10331200,2020-11-30,10192100,2020-11-16,11526600,2020-06-15,16434400,2020-03-23,13652000,2020-03-16,14806700,2020-03-09,9865600,2020-01-13,10107500
IEP,4838763714.364641,weekly,2026-08-10,11662526,2026-05-11,7533000,2025-11-01,7756800,2024-12-28,8201600,2024-10-26,7854200,2024-09-14,12553300,2024-08-31,8818100,2024-08-24,13990100,2024-05-11,7725100,2023-08-19,7981400,2023-08-05,9385100,2023-07-29,13895400,2023-07-08,13999000,2023-06-10,11517300,2023-06-03,12551100,2023-05-27,11192500,2023-05-20,40493100,2023-05-13,10186800,2023-05-06,23316900,2023-04-29,57584300
OPCH,3426339896.609869,weekly,2026-07-27,23510840,2026-06-08,17562100,2026-05-18,17165800,2026-05-11,25036000,2026-05-04,28567900,2026-04-27,31931600,2025-10-25,20317200,2025-04-26,20583200,2024-10-26,23569900,2023-10-21,20906400,2023-07-22,17866000,2023-06-24,20247500,2023-06-03,33784000,2023-05-13,19747300,2023-05-06,23564200,2023-04-29,47245200,2022-08-13,17525500,2021-08-21,42384200,2021-07-31,25045100,2021-06-05,17559900
PI,4036755961.5072217,weekly,2026-04-27,4906300,2026-03-09,4679000,2026-02-02,6697400,2025-12-15,4621700,2025-07-28,5629300,2025-04-21,6233400,2025-04-07,6271800,2025-02-03,8717900,2025-01-13,5025800,2024-10-21,5489300,2024-09-16,7342000,2024-07-22,5089300,2024-04-22,6197300,2023-10-23,5574500,2023-07-24,7730800,2023-06-12,4843400,2023-04-24,11129700,2022-10-24,4776800,2020-07-27,4521700,2020-03-02,5435000
MIRM,7547646495.803802,weekly,2026-08-03,5794200,2026-06-22,8573400,2026-06-15,5244200,2026-05-11,10419100,2026-05-04,8018800,2026-03-30,5462000,2026-03-16,5978100,2026-02-23,4903000,2025-12-15,7109300,2025-10-06,4795900,2025-09-22,5795400,2025-08-25,5316000,2025-08-11,6036000,2024-06-24,6097800,2024-06-17,9728700,2024-01-08,5270500,2023-12-18,6647600,2023-09-11,7645900,2023-07-17,5941600,2023-04-10,10702300
HRMY,2053453328.006446,weekly,2026-08-03,5993800,2026-05-04,5127400,2026-04-20,8389200,2026-02-23,10500600,2026-02-16,9004400,2025-11-03,6638900,2025-09-22,7968500,2025-02-24,5311600,2024-12-16,5238700,2024-10-28,15624500,2023-12-11,5679700,2023-10-30,5156500,2023-10-16,5515400,2023-10-09,9070300,2023-05-01,5055500,2023-03-27,19576700,2023-01-09,5738000,2022-05-02,5432800,2021-10-18,11645100,2020-08-17,5163700
EXPO,2950962281.946724,weekly,2026-07-27,5083359,2026-06-22,3800100,2026-06-15,3028800,2026-06-08,3162100,2026-05-11,3250300,2026-04-27,2531900,2026-04-13,2532900,2026-03-16,3357400,2026-02-09,3410900,2026-01-31,2906700,2025-12-13,3077500,2025-10-25,2954600,2025-09-13,3363000,2025-08-16,3322300,2024-01-27,3360400,2023-03-18,13706100,2023-03-11,3566200,2020-10-31,3068100,2020-09-19,2591700,2020-03-14,2648900
STWD,6235991103.650813,weekly,2026-08-10,25241626,2026-08-03,36719900,2025-07-21,27006100,2025-07-14,53392200,2025-04-07,31979000,2024-09-02,36204600,2023-05-01,28242900,2023-03-20,29153400,2023-03-13,89246600,2023-03-06,32738500,2022-06-13,24798400,2021-12-06,28303100,2020-06-08,30632300,2020-04-27,32640300,2020-04-20,29513500,2020-04-13,34526800,2020-04-06,36044200,2020-03-30,33718400,2020-03-23,54861900,2020-03-16,43526200
SFBS,4838753271.031206,weekly,2026-06-22,2964500,2026-03-16,2126000,2026-03-09,2580500,2026-03-02,2301800,2026-01-19,2036900,2025-12-15,2640200,2025-09-15,1933300,2025-06-23,2613300,2024-12-16,2064600,2024-09-16,2037200,2024-07-15,2744100,2023-12-11,2162100,2023-10-16,2066200,2023-07-24,2002500,2023-07-17,2326900,2023-06-19,2192700,2023-03-13,3076300,2021-12-13,2348800,2021-03-15,2061600,2020-03-16,2503400
NTB,2410478351.5495467,weekly,2026-06-22,1726200,2025-10-27,1657500,2024-12-16,1738600,2024-02-05,2074100,2023-12-11,1716100,2023-11-13,1944000,2023-05-01,2068300,2023-04-24,3015900,2023-04-17,1951600,2023-03-20,2153400,2023-03-13,4334200,2020-05-11,1993700,2020-04-27,2233800,2020-04-13,2016700,2020-04-06,1922900,2020-03-30,2188100,2020-03-23,2114300,2020-03-16,2700700,2020-03-09,2065200,2020-03-02,2028300
UCB,4264632651.4475183,weekly,2026-07-27,5703238,2026-06-22,7418700,2026-04-20,5330500,2026-03-16,5416800,2026-01-26,5530600,2026-01-19,5551500,2025-04-07,7390400,2025-03-24,5921000,2025-03-17,5929200,2024-12-16,5908400,2023-12-11,6131600,2023-03-20,5451400,2023-03-13,9140100,2022-03-14,5261300,2022-02-14,6203600,2022-01-24,5392300,2021-12-27,8635100,2021-12-13,6197600,2020-12-14,5208800,2020-03-16,5913900
CUBI,2740170314.0312147,weekly,2025-12-15,3838000,2025-09-01,3351500,2024-12-16,3362800,2024-08-05,5203000,2024-07-15,3097300,2023-12-11,3223500,2023-06-12,4146000,2023-05-01,4885100,2023-03-27,3849500,2023-03-20,4860900,2023-03-13,16973200,2023-03-06,4850600,2023-01-30,3806900,2023-01-23,5775800,2022-06-13,4337200,2022-03-14,3849700,2022-01-24,4569400,2022-01-10,3231600,2021-12-13,5151400,2021-11-29,3550400
WAL,8958658840.565168,weekly,2026-03-02,13422400,2025-10-13,15814100,2024-09-16,24751700,2024-01-29,15220800,2023-07-24,17323700,2023-07-17,25363500,2023-06-12,20688200,2023-06-05,16804700,2023-05-22,20606300,2023-05-15,43928400,2023-05-08,51230700,2023-05-01,147943700,2023-04-24,21658800,2023-04-17,36229100,2023-04-10,15435300,2023-04-03,40116200,2023-03-27,31961800,2023-03-20,71469500,2023-03-13,207674800,2023-03-06,30657800
PEB,2160817521.783069,weekly,2026-06-22,18324600,2026-06-15,21137400,2026-04-27,21156900,2025-09-15,36218000,2025-04-07,20005500,2025-03-10,17459400,2023-12-18,16930300,2023-10-30,18186700,2023-03-20,17042900,2023-03-13,44625700,2020-11-09,19150700,2020-09-14,17480200,2020-06-29,16377000,2020-06-08,24433600,2020-06-01,20994500,2020-05-18,17753200,2020-04-20,25904800,2020-03-23,28317900,2020-03-16,35214000,2020-03-09,22886800
HGV,4335027397.684513,weekly,2026-07-27,8704637,2026-06-22,8323500,2026-06-01,8084200,2025-10-27,7211200,2025-08-11,8630200,2025-07-28,7763400,2025-04-28,7692900,2025-04-07,8150100,2025-03-10,8814900,2024-08-05,7852900,2023-10-30,7171600,2023-03-13,16827000,2023-03-06,7550900,2022-11-21,7995000,2022-05-09,7826300,2021-05-03,8300200,2020-06-22,14221300,2020-04-06,8018600,2020-03-16,8179900,2020-02-24,7109600
AXTA,7383647408.940397,weekly,2026-05-25,22869100,2026-01-12,26044400,2025-12-15,23054700,2025-12-08,23730200,2025-11-17,49343600,2025-10-27,29694700,2025-10-20,20736900,2025-10-13,22101300,2025-09-22,23704400,2024-04-29,25384900,2023-07-31,24206100,2023-03-13,54462700,2022-03-07,27022300,2021-07-26,22844800,2021-07-19,20601900,2021-05-24,35570500,2020-03-30,20655000,2020-03-23,27721100,2020-03-16,28195300,2020-03-09,22884600
RDN,4986570167.22973,weekly,2026-03-16,14949300,2025-04-05,13438300,2025-03-15,29586700,2024-03-09,21494900,2023-12-09,14669900,2023-03-11,52357300,2023-03-04,19154300,2022-03-12,19630900,2022-03-05,12538000,2022-02-05,19244200,2021-11-27,13210900,2020-08-08,12703200,2020-07-18,13151100,2020-06-20,13502800,2020-05-30,13089000,2020-04-04,14108000,2020-03-21,16594700,2020-03-14,19907500,2020-03-07,16395800,2020-02-29,13932100
KMT,2726797225.2028465,weekly,2026-08-10,10998905,2026-08-03,11058100,2026-05-11,7959100,2026-05-04,11449600,2026-03-16,7937900,2026-03-09,11223500,2026-03-02,9977700,2026-02-09,11691300,2026-01-31,12445500,2025-08-02,14542700,2025-06-21,9889800,2025-04-05,8696800,2024-12-14,8183800,2024-11-02,10027600,2023-03-11,21978800,2022-04-02,8516600,2020-03-21,8830400,2020-03-14,9391700,2020-03-07,7822800,2020-02-01,8461900
ALV,8921463410.64556,weekly,2026-04-13,6346400,2026-03-16,6421000,2025-04-12,6197800,2025-03-15,7365500,2025-03-08,6257000,2024-10-12,5810600,2024-09-21,5777400,2024-07-20,5928900,2023-10-28,7059900,2023-10-21,6641400,2023-10-14,7417400,2023-07-15,6237200,2023-06-10,6043800,2023-04-15,8262200,2023-03-11,19233400,2023-03-04,8868200,2023-02-18,5929900,2022-02-26,5734400,2021-11-27,9316800,2020-03-14,6401800
CFR,9753009317.462736,weekly,2026-07-27,4486287,2026-06-15,3868500,2026-03-02,3624900,2026-01-24,3885500,2025-04-05,3663700,2025-03-15,3658000,2024-10-26,3807900,2024-07-20,3852700,2024-07-13,4821100,2023-10-21,4087600,2023-07-29,4703600,2023-07-22,5365900,2023-04-29,4971400,2023-04-22,5137300,2023-03-18,5364400,2023-03-11,8932100,2021-01-23,4570100,2020-04-25,5145500,2020-03-14,6874200,2020-03-07,8324800
SLG,4016465859.8206096,weekly,2023-10-28,12816800,2023-09-16,11792300,2023-07-15,16813400,2023-06-24,25315700,2023-06-17,15331900,2023-06-03,14682300,2023-04-22,13830300,2023-04-15,16787200,2023-04-08,13706100,2023-04-01,15180600,2023-03-25,22816800,2023-03-18,34920900,2023-03-11,38949900,2023-03-04,12883400,2022-12-03,12211500,2021-03-13,18244051,2020-11-07,17601666,2020-06-06,11823954,2020-05-23,13647979,2020-05-09,13406766
OZK,5910936466.909091,weekly,2026-03-16,10974600,2026-01-17,12053300,2025-04-05,11243500,2025-03-29,10867500,2025-01-11,11809100,2024-10-12,9875600,2024-07-13,10854500,2024-05-25,13343200,2023-12-09,11073100,2023-07-29,14854600,2023-07-15,11541900,2023-04-29,15347300,2023-04-22,14341400,2023-04-15,16072300,2023-03-18,16731700,2023-03-11,19321900,2023-03-04,11145300,2021-01-23,11335900,2020-04-25,14617300,2020-03-14,11614400
SBCF,3252904457.3243995,weekly,2026-08-10,4892528,2026-07-27,8300126,2026-07-06,4879200,2026-06-22,8870200,2026-06-15,5113000,2026-04-27,5633600,2026-03-16,5811500,2026-03-09,5172900,2026-01-31,5469100,2025-12-13,7397900,2023-12-09,5038800,2023-04-29,6046900,2023-04-22,4699100,2023-04-15,4722000,2023-03-25,6173700,2023-03-18,5819200,2023-03-11,11660400,2023-03-04,4877900,2023-01-28,7774400,2022-12-10,6448400
WAFD,2804067445.7853203,weekly,2026-04-20,4311000,2026-03-16,5628900,2025-12-13,5125800,2025-11-15,6915600,2025-09-13,4152400,2025-03-15,7313100,2025-01-11,4765000,2024-12-14,4073200,2024-09-14,7017000,2024-07-13,4419800,2023-04-29,4186800,2023-04-15,4709200,2023-04-08,5570000,2023-03-18,4532900,2023-03-11,19556100,2023-03-04,5014300,2022-02-12,4061200,2021-09-11,5049800,2020-03-21,6762200,2020-03-14,5928300
AUB,5990821971.414446,weekly,2026-06-22,8686300,2026-04-20,7345600,2026-01-17,6859600,2025-12-13,8823500,2025-12-06,9002900,2025-09-13,7275000,2025-08-02,7828200,2025-06-21,11494500,2025-06-14,10668500,2025-06-07,9613800,2025-04-26,8060200,2025-04-19,14265600,2025-04-12,7846000,2025-04-05,14560700,2025-03-29,19453000,2025-03-15,8055600,2024-11-02,7994400,2024-10-19,17597000,2023-03-11,21707400,2023-03-04,7169100
ABCB,6123617826.042242,weekly,2026-06-22,4310500,2026-06-15,3894700,2026-04-20,3925100,2026-03-16,3662100,2026-02-23,3455700,2026-01-31,3319700,2025-12-13,3406600,2025-07-26,4318400,2025-04-26,3762000,2024-12-14,4046900,2023-12-09,3561900,2023-03-11,7042600,2022-09-10,3462300,2022-04-23,3331500,2021-12-11,5006000,2021-09-11,3761100,2021-03-13,3651300,2020-03-14,4411800,2020-03-07,3711500,2020-02-29,3396500
FFIN,5049255249.307385,weekly,2026-06-22,8472600,2026-06-15,4981100,2026-03-16,5273500,2026-03-02,5668800,2026-01-24,6114000,2025-12-13,6190000,2025-12-06,5258000,2024-07-13,5566100,2024-06-22,5819100,2023-09-09,5116800,2023-03-18,5199600,2023-03-11,10298800,2022-01-29,4567400,2021-12-11,4719600,2021-09-11,6716900,2021-03-13,4814100,2020-06-20,4653300,2020-06-13,5082600,2020-03-14,6845000,2020-03-07,5916000
BATRA,3309637776.54351,weekly,2026-04-20,653100,2026-02-02,621500,2025-06-23,740900,2025-04-07,593200,2023-08-07,598400,2023-07-31,928600,2023-07-24,962600,2023-07-17,943800,2023-03-13,619100,2023-03-06,2310100,2021-11-01,670100,2020-12-14,579300,2020-07-27,959300,2020-04-27,678300,2020-04-06,644800,2020-03-30,606700,2020-03-23,723200,2020-03-16,1262000,2020-03-09,1157000,2020-03-02,590800
VFC,6815068349.651533,weekly,2026-07-27,81600757,2026-05-18,68451700,2026-01-24,58688300,2025-10-25,62255000,2025-07-26,84738500,2025-05-17,70623900,2025-04-05,91743600,2025-03-29,84555600,2025-03-15,95664400,2024-10-26,79547700,2024-08-03,59754000,2024-07-13,64179800,2024-05-18,78665900,2024-03-30,105677600,2024-03-09,63353400,2024-02-24,57810100,2024-02-03,68954600,2023-10-28,103226000,2023-02-25,118055500,2023-02-04,69198000
COLB,9307115852.73776,weekly,2026-07-27,18521557,2026-03-16,19352900,2025-10-25,29143400,2025-10-18,21374700,2025-10-11,33106400,2025-10-04,27978200,2025-09-27,26135300,2025-09-20,24708300,2025-09-13,32313100,2025-09-06,21004500,2025-08-30,36646100,2025-08-23,37240400,2024-03-09,28076800,2024-03-02,18879000,2024-02-10,18094500,2024-01-27,18966600,2024-01-20,23789200,2023-03-11,24823300,2023-03-04,20799900,2023-02-25,52396000
UFPI,5207477395.166722,weekly,2026-07-27,3751944,2026-06-22,3670900,2026-06-15,2965100,2026-05-04,3268500,2025-12-13,3117200,2025-09-13,2822800,2025-06-21,3573400,2025-05-03,3199700,2025-04-26,3501300,2025-04-05,3480600,2025-03-15,3567900,2025-03-01,2923600,2024-12-14,3187900,2024-06-22,3333800,2023-03-11,3823500,2023-02-18,19697000,2023-02-11,3003500,2021-12-11,3368300,2020-12-12,3236700,2020-03-14,4531100
OTTR,3805023637.789006,weekly,2026-08-03,1793300,2026-06-22,2043600,2026-04-20,1936200,2026-03-16,2049500,2025-12-13,2643200,2025-09-13,1954600,2025-04-05,1899400,2025-03-15,2685200,2024-12-14,1983900,2024-11-02,2393400,2024-10-12,1749600,2024-09-14,1741500,2024-06-22,2268400,2024-03-23,2745300,2024-02-10,2374300,2023-03-11,2255100,2023-02-25,1835600,2023-02-18,12818300,2023-02-11,2413200,2022-10-29,2025000
OGS,4998407816.376448,weekly,2026-06-22,4965900,2026-06-15,3615100,2026-06-08,3747500,2025-06-02,3647000,2025-05-19,3494500,2025-05-12,4413500,2025-05-05,5376200,2025-04-07,3445500,2024-11-04,4119500,2024-07-01,3727400,2023-12-11,4176900,2023-11-27,3459800,2023-10-30,3551500,2023-07-31,5637100,2023-03-06,3644500,2023-01-30,9216600,2023-01-23,4292400,2022-12-12,3879800,2022-11-28,3498000,2020-03-16,3435400
NOG,2085392261.352584,weekly,2026-08-10,15693552,2026-07-27,13253250,2026-07-06,19294300,2026-06-22,20368300,2026-06-15,17648800,2026-05-11,16587600,2026-04-27,14217600,2026-03-23,13936200,2026-03-16,17670300,2026-03-09,21128600,2026-03-02,17449300,2025-12-15,13443300,2025-12-08,14229000,2025-11-03,14134000,2025-04-07,16433800,2025-03-03,15903600,2023-10-09,16355000,2023-05-15,15508000,2023-01-30,25767100,2022-10-10,20983000
TDS,4087235301.487648,weekly,2024-05-04,15670000,2023-09-09,24442100,2023-08-12,12608500,2023-08-05,24588300,2023-07-29,23305500,2023-06-10,23576500,2023-05-20,13098600,2023-05-13,13619900,2023-05-06,15345300,2023-04-29,17069300,2023-03-11,21825100,2023-01-28,26350900,2023-01-21,13228900,2022-12-10,23881400,2022-11-12,14991300,2022-11-05,17576400,2022-10-29,12881900,2021-12-11,24730200,2021-06-19,19628100,2020-03-28,12169400
ADC,9251523676.046854,weekly,2026-08-03,8006800,2026-07-27,7950199,2026-03-16,7339500,2026-02-09,8959200,2026-01-10,7777700,2026-01-03,9028400,2025-12-13,8583200,2025-04-19,11039300,2025-04-05,9597300,2025-03-29,7295000,2025-03-15,9967900,2025-03-08,7737400,2024-12-14,8588300,2024-10-19,7882800,2024-08-03,7520100,2023-06-17,14844800,2023-01-28,23982000,2022-12-10,8972700,2022-09-24,8318100,2020-06-13,8420300
AVA,3451807048.9619145,weekly,2026-06-22,5258300,2026-06-15,5639100,2026-02-23,5132900,2025-12-13,6961800,2025-08-02,5136800,2025-05-03,4979900,2025-03-29,5005800,2025-03-22,5849800,2025-03-15,7575800,2025-03-08,5545100,2025-03-01,4637300,2024-01-20,5754600,2023-09-09,5162200,2023-07-29,13591600,2023-06-10,5111200,2023-01-28,17253100,2023-01-21,6384000,2022-10-29,5214100,2021-10-09,6546900,2020-03-14,6159800
CRK,4199850353.431867,weekly,2024-03-09,24706100,2024-02-17,26999300,2024-02-10,39797000,2024-01-13,25240600,2023-12-09,35055700,2023-06-10,26912400,2023-04-29,24791600,2023-03-11,36594500,2023-02-18,25633300,2023-02-11,37791200,2023-02-04,24633000,2023-01-28,57220600,2022-12-10,28225100,2022-04-30,25630500,2022-01-29,28941700,2022-01-22,32567500,2021-10-09,24423800,2021-09-11,26217300,2021-06-19,29341600,2020-05-09,24584100
SHC,4956202434.590643,weekly,2026-08-03,16101400,2026-07-27,16860819,2026-05-11,40455600,2026-05-04,23119900,2026-03-30,15852500,2026-03-16,15357300,2026-03-09,26595900,2026-03-02,18828600,2025-11-10,25666100,2025-11-03,20219800,2025-09-08,17728900,2025-09-01,16313800,2024-03-18,19176800,2024-02-26,33251700,2023-01-09,65253000,2022-11-21,38949400,2022-09-19,43095800,2022-06-13,19258800,2021-03-15,25536600,2020-11-16,19129600
FRO,7907565456.012477,weekly,2026-03-09,26295800,2026-03-02,38496000,2025-11-24,24750800,2025-01-13,27941900,2024-12-02,24796200,2023-06-19,27276400,2023-01-09,65505500,2023-01-02,23938100,2022-12-12,29849000,2022-12-05,34890800,2022-11-28,28387700,2020-06-22,29338800,2020-06-08,24008200,2020-06-01,33381600,2020-05-18,25341700,2020-05-04,31964600,2020-04-27,39911500,2020-04-20,42009000,2020-03-30,38178400,2020-03-09,25863000
RXO,4472638977.582156,weekly,2026-08-03,13440800,2026-07-27,16514885,2026-06-08,13347900,2026-05-18,18990200,2026-05-11,17234300,2026-05-04,17670900,2026-03-16,12940600,2026-02-09,25686300,2026-02-02,16755900,2025-12-15,13308500,2025-11-10,18245400,2025-11-03,12539200,2025-09-15,15832500,2025-06-23,12713900,2025-05-05,12875300,2025-04-21,14752600,2024-09-09,20827200,2023-06-19,17857100,2023-01-02,29575800,2022-10-31,12947100
VNO,7356503270.559611,weekly,2026-02-09,19507500,2023-12-09,22543700,2023-10-28,21729000,2023-09-30,19990200,2023-09-16,19002900,2023-06-24,36343700,2023-06-03,21474400,2023-04-29,24189700,2023-04-22,23570900,2023-03-25,24779400,2023-03-18,38339900,2023-03-11,40456100,2022-12-31,75783100,2022-12-10,22588600,2022-12-03,21009700,2022-11-26,23647900,2022-10-29,25764200,2021-01-23,18978100,2020-11-07,21007100,2020-05-09,23582000
BSTZ,2052014370.0,weekly,2026-01-12,2871100,2024-07-29,2247900,2024-07-15,2189100,2023-12-18,2255400,2023-12-11,2383000,2023-11-13,2292300,2023-10-30,2746800,2023-10-16,2565600,2023-09-11,2426800,2023-03-27,3183300,2023-01-30,2431300,2022-12-26,3687000,2022-12-19,3815400,2022-12-12,3010300,2022-12-05,2543500,2022-11-28,2975000,2022-10-03,2179800,2021-03-22,2408100,2020-03-23,2738700,2020-03-16,2567600
FBIN,5482725199.571859,weekly,2026-08-03,16945200,2026-07-27,13346781,2026-06-29,15052600,2026-05-11,15679200,2026-05-04,19057500,2026-03-30,15164200,2026-03-23,14500100,2026-03-16,21225300,2026-03-09,14794900,2026-03-02,13507000,2026-02-23,13612500,2026-02-16,15656600,2026-02-09,26153700,2025-05-26,23491000,2025-05-05,15293400,2025-04-07,19117700,2022-12-12,39825380,2022-04-25,14424696,2020-03-09,13993434,2020-01-27,15340455
CUBE,9344090447.661991,weekly,2026-07-27,19008599,2026-04-27,14074600,2026-03-16,18954300,2026-02-23,13149900,2026-02-09,13256500,2026-01-05,13539400,2025-12-15,15373800,2025-07-28,13902000,2025-03-31,13129600,2023-11-06,12992500,2023-10-30,13754100,2023-02-06,16023300,2022-12-12,51780200,2022-12-05,16025900,2022-01-03,16050000,2021-12-27,12869400,2021-11-15,18321100,2020-03-23,14850700,2020-03-16,17236100,2020-02-24,13902000
DHC,2297594729.57158,weekly,2026-03-16,18587500,2023-12-11,18317300,2023-06-12,33100300,2023-06-05,43961400,2023-05-29,25332700,2023-05-15,20697200,2023-04-10,47632400,2023-03-13,39363300,2023-03-06,27229900,2023-02-27,52513100,2023-02-20,22493500,2023-02-13,19714800,2022-12-19,25813600,2022-12-12,76080800,2022-12-05,44938000,2022-06-13,30366000,2020-06-08,25535300,2020-06-01,35147500,2020-05-25,52175500,2020-03-16,19133800
MBC,2025557770.5431845,weekly,2026-06-22,18361200,2026-06-15,15354900,2026-06-08,15449700,2026-06-01,20065200,2026-05-25,29009900,2026-05-11,17076800,2026-05-04,25549700,2026-03-16,13139200,2026-03-09,14040000,2026-03-02,15258400,2026-02-23,14313100,2026-02-09,18083500,2025-11-03,15438200,2025-08-04,15346000,2024-12-16,12576700,2024-03-11,20066800,2023-06-19,24190000,2023-06-12,14111200,2022-12-19,33761200,2022-12-12,62169600
CWK,3198201915.3,weekly,2026-02-09,22544900,2025-08-04,17512700,2025-04-07,21910400,2024-11-04,16466200,2024-09-16,16976600,2024-05-27,16220300,2024-05-20,35803800,2023-12-11,21195800,2023-11-27,18278300,2023-10-30,19131400,2023-10-09,17572600,2023-10-02,18711300,2023-07-31,17223100,2023-06-19,20919100,2023-05-08,21784600,2023-05-01,20098000,2023-03-13,18566200,2023-01-30,18220400,2022-12-12,46626500,2022-12-05,22624500
HTO,2539284413.351555,weekly,2026-07-27,2825309,2026-06-22,2825900,2026-04-27,2794700,2026-04-20,3995500,2026-04-13,3695400,2026-04-06,2704400,2026-03-30,2722400,2026-03-23,2489300,2026-03-16,3320400,2026-03-09,2868600,2026-03-02,7107500,2025-12-13,2628600,2025-11-29,2535600,2025-11-22,2498700,2025-01-25,2595400,2023-07-29,3365100,2023-03-11,2598000,2023-01-28,5144200,2022-12-10,7587200,2022-12-03,3051700
MLCO,2007467350.0,weekly,2025-06-30,38452000,2025-04-21,34967400,2025-04-07,36014200,2024-09-23,31519900,2024-08-12,50075700,2024-04-29,34640900,2024-02-26,33002600,2023-07-24,33074400,2022-12-05,63436400,2022-11-28,38124000,2022-10-24,37887900,2022-10-10,34779500,2022-09-26,61672000,2022-05-30,41336800,2022-05-09,36975100,2022-03-14,31234400,2022-03-07,36820200,2022-01-10,34027500,2021-09-13,55697900,2021-07-26,32532300
BILI,6823830009.205301,weekly,2025-02-17,74763300,2024-10-07,63440200,2024-09-30,106721400,2024-09-23,70790300,2024-04-22,58548700,2023-07-24,58143200,2023-02-27,64430500,2022-12-12,64147600,2022-12-05,131720400,2022-11-28,105623400,2022-11-14,70012300,2022-10-31,60265200,2022-10-24,68770300,2022-06-06,76140900,2022-04-11,68661700,2022-04-04,70436700,2022-03-28,62708100,2022-03-21,111647400,2022-03-14,123159900,2022-03-07,58205900
PHVS,2376063892.6357355,weekly,2026-08-10,4717396,2026-08-03,2161400,2026-07-27,2314480,2026-07-06,5202600,2026-06-29,1885000,2026-06-22,2065800,2026-06-08,1779200,2026-06-01,2190600,2026-05-11,2321600,2026-05-04,2357800,2026-04-27,2692900,2025-12-01,5295300,2025-11-17,2400600,2025-10-13,1911800,2025-07-21,2519500,2023-12-04,3021800,2022-12-19,2162500,2022-12-12,8735500,2022-12-05,100031800,2021-02-01,3813900
NXST,5008390197.983194,weekly,2025-05-05,3889000,2025-04-07,3665300,2025-03-17,4678200,2025-02-24,3623300,2024-12-16,3757100,2024-06-17,3754300,2024-03-11,4107100,2023-09-11,6265100,2022-11-28,11215500,2022-10-31,3618000,2022-01-10,3645700,2021-02-22,4011200,2021-01-25,3684200,2020-05-04,4668400,2020-04-27,4522500,2020-03-23,6345200,2020-03-16,6953500,2020-03-09,6670400,2020-03-02,4983200,2020-02-24,5411600
MANU,3952069340.1092906,weekly,2024-02-19,16319700,2024-02-12,12202700,2024-02-05,18673500,2024-01-22,8952200,2023-12-25,9046800,2023-10-16,13685600,2023-09-04,13403200,2023-06-26,11683500,2023-06-12,30011300,2023-05-15,9613400,2023-05-08,8935400,2023-04-17,10951600,2023-03-27,9373300,2023-03-20,20886700,2023-02-27,12553600,2023-02-13,18012000,2023-02-06,14229700,2022-11-28,24629000,2022-11-21,57921200,2022-08-15,10973800
BKD,3751387640.761194,weekly,2026-08-10,44755283,2026-07-27,29045135,2026-07-06,29358200,2026-06-22,36770100,2026-02-16,34443900,2026-02-02,38783500,2026-01-26,31961700,2026-01-19,23622800,2026-01-12,26624300,2025-11-10,25103000,2023-11-13,24567000,2022-11-14,56709400,2022-10-03,24730800,2022-02-14,28542100,2021-11-01,23868400,2021-09-27,32803200,2020-06-08,40937100,2020-03-23,24806800,2020-03-16,35806000,2020-03-02,29205400
TWST,6217167959.699533,weekly,2026-08-03,10874800,2026-06-22,13785900,2026-06-15,10887100,2026-06-08,9692200,2026-02-02,11416700,2025-11-17,12499600,2025-11-10,11748400,2025-10-20,10159000,2025-10-06,11807200,2025-09-15,10158400,2025-09-08,9430500,2025-08-11,13464500,2025-08-04,14514700,2023-12-11,12722800,2023-11-13,8966400,2023-05-01,10509500,2023-03-13,9855300,2023-01-30,9084000,2022-11-14,18740700,2022-05-09,9624700
DLO,3742686540.1094007,weekly,2026-08-10,18608820,2026-06-29,19694000,2026-06-22,20384500,2026-05-11,20036500,2025-11-10,25658900,2025-09-01,24014100,2025-08-11,37704100,2025-02-24,19056200,2024-11-11,20629300,2024-05-13,31605300,2024-03-18,17618000,2023-08-14,60924000,2023-04-03,24246800,2022-11-28,22089100,2022-11-21,25068300,2022-11-14,151183200,2022-05-16,22730300,2021-11-15,23763900,2021-10-18,19257600,2021-05-31,18984000
CARG,2978879915.128908,weekly,2024-03-11,13275400,2024-02-26,12343200,2023-06-12,28893400,2023-05-08,11750300,2022-11-07,29777700,2022-10-31,11841700,2022-08-08,13322400,2022-05-09,14943800,2022-02-28,12472000,2022-02-21,11670600,2020-12-14,14866600,2020-10-12,11711400,2020-08-03,11595000,2020-05-04,16480500,2020-04-27,15836700,2020-04-20,12160900,2020-03-16,13932600,2020-03-09,11869400,2020-02-17,15711800,2020-02-10,22921600
STEL,2021042515.14519,weekly,2026-06-22,3829200,2026-06-15,2002200,2026-06-08,2265000,2026-06-01,1768800,2026-03-16,2319000,2026-03-02,2179400,2026-02-23,2127500,2026-02-16,1993200,2026-02-09,4494700,2026-02-02,7047000,2026-01-26,5611800,2025-12-15,2207700,2025-08-11,1692900,2024-09-16,1923400,2023-12-11,2205000,2023-03-13,2481200,2022-12-12,2591500,2022-10-10,1955300,2022-10-03,2111900,2022-09-26,7781100
ROG,2865225347.424382,weekly,2026-06-15,2071600,2025-10-25,2029800,2025-07-26,2607700,2025-04-26,1990000,2025-04-05,2472000,2023-02-04,2321300,2023-01-28,2338500,2022-12-10,4053700,2022-12-03,3354200,2022-11-26,2664100,2022-11-12,2369800,2022-11-05,4961500,2022-10-29,9186100,2022-02-05,2219300,2022-01-22,2271800,2021-12-11,3060700,2021-11-27,2254000,2021-11-13,3106700,2021-11-06,2273900,2021-10-30,6395400
NZF,2439048110.0,weekly,2026-01-19,4770800,2025-04-07,5632300,2024-12-16,5592300,2024-09-09,5429700,2024-07-29,4594500,2024-07-15,4497200,2023-12-18,4400000,2023-12-11,4595000,2023-11-06,4554900,2023-10-30,4512300,2023-10-23,4867000,2023-09-25,4860600,2022-12-26,5227100,2022-12-19,5263500,2022-11-14,4366500,2022-11-07,4409900,2022-10-31,5103000,2022-10-24,5785900,2020-03-16,5445800,2020-03-09,5053100
WLK,9816779785.327932,weekly,2026-08-03,8840400,2026-07-27,8020095,2026-06-22,7512000,2026-05-04,7994300,2026-03-02,7846400,2026-02-23,7567500,2026-02-02,8915700,2026-01-12,7875400,2025-12-15,11438800,2025-12-08,8701600,2025-12-01,8738900,2025-11-24,8401200,2025-11-17,8161800,2025-10-27,9067800,2025-08-04,8032800,2025-07-28,7719100,2025-06-09,9326000,2025-05-19,7820800,2022-10-17,12089100,2020-03-16,7942100
CPRX,3856222741.5658817,weekly,2026-07-13,31027728,2026-05-11,16332400,2026-05-04,23685600,2026-04-27,16586900,2023-06-12,15987100,2023-05-08,16303800,2023-03-13,14280400,2023-01-23,34194200,2022-12-12,14591200,2022-11-28,14650900,2022-11-07,16833500,2022-09-26,14143900,2022-09-19,15599300,2022-09-12,65165900,2022-08-22,19424700,2022-08-08,15708100,2020-12-14,14312800,2020-08-10,24391300,2020-03-16,16656300,2020-01-06,16157000
PRM,5611571094.265583,weekly,2026-08-03,10028200,2026-07-27,19311054,2026-06-22,15320800,2026-05-04,10575500,2025-10-27,9227900,2025-08-25,9533800,2025-01-13,9857300,2024-12-16,11046500,2023-12-11,9464200,2023-11-06,12978500,2023-10-30,8502400,2023-10-02,8883600,2023-06-19,11341500,2022-11-21,12844300,2022-10-17,17009900,2022-10-03,24097000,2022-09-26,11458600,2022-09-12,14386500,2022-06-20,18733700,2021-12-06,8521800
DGII,2659890000.910076,weekly,2026-08-03,2332400,2026-06-22,2862800,2026-05-11,2362800,2026-01-31,2331000,2025-12-13,2430600,2024-12-14,2282000,2023-12-09,2284400,2023-07-29,2309800,2023-06-17,2494100,2022-12-10,2412600,2022-11-05,2322800,2022-10-08,2432800,2022-10-01,3979900,2022-09-10,2320500,2022-07-30,2562000,2021-03-13,2582100,2021-03-06,2363000,2021-02-27,3391100,2020-02-01,3010900,2020-01-25,2277100
EXLS,3972356428.86598,weekly,2026-08-03,13372200,2026-07-27,24713503,2026-06-22,21521200,2026-06-15,11293500,2026-05-11,15440500,2026-05-04,11383400,2026-04-27,15464800,2026-04-13,11314000,2026-04-06,11710800,2026-03-16,11483200,2026-03-09,12603500,2026-02-23,15388500,2026-02-09,12923000,2026-02-02,17136600,2025-10-27,13407300,2025-07-28,13295800,2025-07-14,11774400,2025-06-23,38658500,2025-04-28,12816900,2022-09-26,55615000
OUT,5852351412.15166,weekly,2024-09-16,16093557,2024-02-19,22379485,2023-12-11,28016568,2023-10-30,24477983,2023-10-23,16040950,2023-10-02,25956916,2023-09-25,20396252,2023-09-18,19711881,2023-09-11,16107319,2023-09-04,16316866,2023-08-07,17765348,2022-09-12,41541977,2022-09-05,18094747,2021-06-21,24131210,2020-11-09,16865963,2020-11-02,18157992,2020-06-08,17116210,2020-06-01,16665688,2020-03-23,17759687,2020-03-16,21033093
MCY,5952616214.113811,weekly,2025-03-01,2967700,2025-02-22,2877700,2025-02-15,2816600,2025-02-08,7306800,2025-02-01,3569600,2025-01-25,4871200,2025-01-18,5259200,2025-01-11,7175100,2025-01-04,5036500,2023-03-11,3327400,2022-10-29,3336400,2022-09-17,2975700,2022-09-10,9052900,2022-08-27,3674200,2022-08-13,3509300,2022-07-30,4013400,2022-06-18,5217100,2020-12-12,2911200,2020-05-09,4067300,2020-05-02,2863700
MTX,2474496943.960924,weekly,2026-08-03,1553800,2026-07-27,3187939,2026-06-22,2343100,2026-05-11,1676000,2026-05-04,1610300,2026-03-16,1839100,2026-01-24,1889600,2025-12-13,1646200,2025-07-26,1704300,2025-07-19,1670400,2025-05-17,1595600,2025-05-03,1660100,2025-04-26,2090200,2025-03-15,1993800,2022-09-10,7874600,2022-09-03,1935800,2020-06-13,1573000,2020-03-14,1707400,2020-03-07,1686100,2020-02-29,1925800
NEOG,2085307868.8643532,weekly,2026-01-03,42905500,2025-10-04,41844400,2025-09-27,46118600,2025-09-13,40335400,2025-09-06,39509400,2025-08-16,32285100,2025-07-26,35125100,2025-06-28,39327100,2025-06-21,37484400,2025-05-31,43735600,2025-05-10,31872100,2025-04-26,42425700,2025-04-19,37314000,2025-04-12,35079300,2025-04-05,86166900,2025-03-15,48120200,2022-09-10,46695000,2022-09-03,44792600,2022-08-27,96863800,2022-08-20,52682700
BLCO,5818673117.62665,weekly,2025-08-04,5272600,2025-07-28,7917000,2025-04-28,9405900,2025-03-31,5487400,2025-03-24,5890900,2025-02-03,5629900,2024-12-09,6229500,2024-10-14,6843600,2024-09-16,12845900,2024-07-29,6764700,2024-07-22,8480500,2023-12-11,6847900,2023-12-04,5477500,2022-09-12,6628300,2022-08-01,9260200,2022-07-25,21084200,2022-06-20,5897200,2022-06-13,7455100,2022-05-09,13926200,2022-05-02,15225300
GRBK,3461918731.6531954,weekly,2024-06-17,3882600,2023-05-08,4113700,2022-09-12,8137000,2022-08-01,4748300,2022-07-18,12836600,2022-07-11,6251300,2022-06-13,4147400,2021-10-18,7264500,2021-05-10,3976200,2021-05-03,5226600,2021-04-26,4672200,2021-04-19,10297700,2021-04-12,3738400,2021-04-05,7034900,2021-03-29,6847300,2021-03-22,9246800,2021-03-15,6276400,2021-03-01,4001900,2021-01-25,10322000,2020-09-14,5596300
LQDA,6951509457.082424,weekly,2026-08-10,16875725,2026-06-15,18571500,2026-05-11,16820700,2026-01-05,14263100,2025-11-03,19205200,2025-09-22,21146200,2025-09-15,13550500,2025-08-11,26521000,2025-07-21,17177700,2025-06-09,23441300,2025-06-02,13758300,2025-05-19,13930200,2024-08-19,22711300,2023-12-18,23982300,2022-08-29,39271700,2022-08-08,17620100,2022-07-18,42695300,2021-02-22,15094300,2021-01-25,17973400,2020-10-19,15149200
SHO,2220591889.0758624,weekly,2026-06-22,27498500,2024-12-02,33326500,2022-09-26,29205700,2022-07-18,97082300,2022-05-09,26078700,2022-03-28,23384300,2022-03-14,26060300,2022-03-07,29775600,2022-02-28,26328100,2022-02-21,26686400,2022-02-14,24289000,2020-11-16,26264100,2020-11-09,29139400,2020-06-15,34498600,2020-06-08,30489700,2020-03-23,26320200,2020-03-16,36438200,2020-03-09,42518300,2020-03-02,30229200,2020-02-24,30438600
HR,7103692119.694733,weekly,2026-07-27,27870236,2026-06-08,30238400,2026-05-04,44008400,2026-02-09,29945900,2025-09-06,25770300,2025-07-12,24980500,2024-09-14,26389700,2024-09-07,29134700,2024-07-27,29013800,2024-05-04,27834300,2023-11-25,38233900,2023-10-28,25768300,2023-03-11,30630000,2022-07-23,28423700,2022-07-16,90483600,2022-07-09,73985700,2022-07-02,26800500,2022-06-11,27491900,2022-04-30,53838300,2022-02-26,48939900
RYTM,7534317536.838722,weekly,2026-06-22,7226600,2026-06-15,6169200,2026-05-04,6128300,2026-03-16,7002300,2025-12-08,7087300,2025-07-07,9815100,2025-04-07,10016900,2024-11-04,6489300,2023-07-31,8755500,2023-06-19,9384800,2023-02-27,6062000,2022-09-19,6912300,2022-09-12,19166300,2022-08-08,7929200,2022-08-01,11294700,2022-07-25,8059200,2022-07-18,31179800,2022-07-11,48193200,2022-06-20,9909900,2022-06-13,20008700
ORA,7135986857.24469,weekly,2026-08-03,5142000,2026-07-27,5838190,2026-06-22,4826200,2026-05-11,8808500,2026-05-04,5626500,2026-04-13,5783300,2026-03-16,9780100,2024-12-16,6120200,2024-12-09,5510500,2023-03-20,5098700,2023-03-13,5721800,2022-11-14,7549500,2022-07-04,10111800,2022-06-27,5599300,2022-06-20,6812200,2021-04-12,9181900,2021-03-01,7368100,2021-02-22,4919600,2021-01-04,5543600,2020-11-16,5981800
FTDR,5248656109.696231,weekly,2025-04-07,8086200,2025-02-24,6878000,2024-07-29,7780700,2024-02-26,6939600,2023-10-30,8085000,2023-06-19,7239000,2023-06-12,8787500,2023-03-20,12822100,2023-03-13,8292300,2023-02-27,7281100,2022-10-31,6680100,2022-08-15,11107600,2022-07-04,21191600,2022-06-27,16860000,2022-06-20,14749900,2022-05-23,7961600,2022-05-09,8479600,2022-05-02,9732400,2021-11-08,7679100,2021-11-01,7276000
POR,6079297297.02907,weekly,2026-07-27,8217739,2026-06-22,8291700,2026-03-16,8414700,2026-03-09,7978300,2026-02-16,14282600,2025-11-10,8569200,2025-10-27,7932800,2025-07-28,7653300,2025-07-21,8982200,2025-06-23,8527200,2024-09-16,7834000,2024-01-22,7764500,2023-12-11,8158900,2022-10-24,10164900,2022-06-27,25327100,2020-09-21,8706700,2020-09-14,7902400,2020-09-07,14967400,2020-08-24,9494700,2020-03-16,7863100
AMR,2101091591.12112,weekly,2025-08-11,3094400,2023-11-06,4714000,2022-08-15,2831000,2022-08-08,3113300,2022-07-04,3036300,2022-06-27,2871300,2022-06-20,6607700,2022-06-13,4864600,2022-06-06,3717900,2022-05-30,2965700,2022-05-23,3568500,2022-05-16,5292400,2022-05-09,3589100,2022-05-02,3553900,2022-04-25,3337200,2022-04-18,2883800,2022-04-11,2833200,2022-03-14,4271500,2022-03-07,4255200,2021-03-15,3369700
KBR,4230980802.7475967,weekly,2026-07-27,16762822,2026-05-04,14353000,2025-12-15,11560500,2025-05-05,12254800,2025-03-03,13893200,2025-02-24,16136100,2024-12-16,13406500,2024-11-18,13801700,2024-11-11,14340200,2024-02-19,11443000,2023-11-06,11523900,2023-10-30,15408500,2023-06-05,11999900,2022-06-20,24701100,2022-02-28,12733900,2021-06-21,12372600,2021-03-22,13324900,2020-03-23,12858000,2020-03-16,14606700,2020-03-09,17603300
TTEK,7593692534.7524605,weekly,2026-08-10,16603806,2026-07-27,27278641,2026-06-22,22468400,2026-06-15,21183900,2026-06-08,17550500,2026-05-11,26612900,2026-04-27,21635400,2026-03-16,16806600,2026-02-23,18291300,2026-02-09,23375500,2026-01-31,20741500,2025-11-15,17139800,2025-11-08,21679800,2025-05-03,18985100,2025-03-01,17022700,2025-02-01,22952300,2025-01-25,36238100,2025-01-18,16590300,2024-11-09,21121100,2022-06-18,41477000
IPGP,4549531634.995917,weekly,2026-06-01,3627600,2026-05-04,6330600,2026-02-09,5259100,2026-02-02,3586900,2025-03-03,4283600,2024-01-22,3996300,2022-06-20,3528500,2022-06-13,9729400,2022-05-30,3817900,2022-05-02,5228100,2022-04-25,3359100,2022-03-14,4130600,2022-03-07,3917300,2022-02-28,7030800,2022-02-14,3554600,2021-08-02,3600300,2020-05-04,3778400,2020-03-16,4296200,2020-03-09,3236400,2020-02-10,3640700
UA,2622842931.1544995,weekly,2026-01-19,47317528,2026-01-05,40992536,2025-12-15,44479176,2025-09-15,35311983,2025-08-18,37920085,2025-08-11,49934314,2025-03-31,38464017,2022-06-20,36435209,2022-06-13,74709938,2022-05-16,51310496,2022-05-02,38678776,2020-10-26,35770562,2020-07-27,39837937,2020-06-22,44057372,2020-06-15,49286644,2020-06-08,39886030,2020-06-01,57598754,2020-05-25,63083308,2020-05-18,70195173,2020-05-11,40672217
HOMB,5901413065.980495,weekly,2026-07-27,9560049,2026-07-13,11158000,2026-07-06,8628900,2026-06-22,13513700,2026-06-15,8783900,2026-04-20,11198700,2026-04-13,9613300,2026-01-26,8479000,2026-01-12,8447300,2025-12-15,9508500,2025-12-08,8859200,2025-03-17,8827600,2024-12-16,8461800,2024-07-15,9659200,2023-12-11,10260100,2023-05-01,9565200,2023-03-13,15467400,2022-06-20,13603000,2022-06-13,22009600,2020-03-16,9567200
TRN,2870943718.1539297,weekly,2026-07-27,6914806,2026-01-10,6691300,2022-06-11,17107100,2022-04-23,7599900,2021-06-19,15098800,2021-01-23,7816500,2020-10-17,6491500,2020-09-12,7355700,2020-07-18,6589100,2020-05-09,7756900,2020-05-02,9084400,2020-04-25,9927900,2020-04-11,7410800,2020-03-28,8158900,2020-03-21,9012300,2020-03-14,9893500,2020-03-07,10451200,2020-02-29,9381200,2020-02-22,9691700,2020-02-15,6509100
CENX,4585467403.843342,weekly,2026-06-22,17983100,2026-03-30,13994600,2026-03-16,13224300,2025-11-08,22962700,2025-10-18,14860600,2025-05-31,15023500,2023-12-16,14426300,2023-03-11,14256400,2022-12-10,15245300,2022-11-05,17077300,2022-10-08,16868600,2022-09-24,13635000,2022-08-06,13403800,2022-06-18,17473000,2022-06-11,24035500,2022-05-14,13680700,2022-03-05,14200400,2022-02-26,15557400,2021-07-31,13642900,2021-06-12,15576900
RAMP,2291644128.429068,weekly,2026-06-22,8644200,2026-06-15,6159400,2026-06-08,6560100,2026-06-01,10081100,2026-05-25,14744200,2026-05-18,15307500,2026-02-23,6678900,2024-08-03,8122600,2022-11-05,8419500,2022-06-11,17324200,2022-05-21,6264600,2021-06-19,9525000,2021-06-12,8549200,2021-06-05,9723300,2021-03-06,5959300,2021-02-27,6451600,2021-02-06,6586000,2020-11-07,6826400,2020-08-08,7055400,2020-06-20,6306900
COGT,6510070367.97948,weekly,2026-07-06,15053800,2026-06-22,25402700,2026-03-30,16805700,2026-03-16,13832900,2025-12-15,16453600,2025-12-08,15512000,2025-11-17,17733900,2025-11-10,51694300,2025-11-03,15841200,2025-10-20,17133700,2025-07-14,17057500,2025-07-07,59663000,2025-06-23,13610800,2024-12-09,14607800,2024-02-19,24531400,2024-02-12,19520700,2023-12-11,37187900,2022-06-13,43642400,2022-06-06,108159700,2020-07-06,34384475
BSM,2996240492.860215,weekly,2024-12-16,5668000,2023-08-07,4787100,2023-05-15,5030500,2023-01-30,5180900,2023-01-02,5560500,2022-12-26,5060700,2022-12-19,5733300,2022-12-12,4787400,2022-10-31,5515300,2022-08-08,4889200,2022-06-13,5513500,2022-06-06,5740100,2022-05-30,4792600,2022-05-09,4801400,2022-04-04,5163100,2022-03-07,5462900,2021-01-11,5374300,2020-11-02,4933400,2020-03-16,4886700,2020-02-24,4787100
GLBE,6169140257.226041,weekly,2026-08-10,14154173,2026-05-11,12824800,2026-02-16,21472300,2025-08-11,17229600,2025-05-26,18870500,2025-05-12,20840600,2025-04-07,16897200,2025-03-31,13558900,2025-03-10,13009700,2025-02-24,13721400,2025-02-17,12987600,2024-11-18,14644600,2023-11-13,22580700,2023-08-28,17340800,2022-08-15,18151000,2022-05-16,38812000,2022-05-09,15364400,2022-01-17,13297400,2021-11-08,14275400,2021-05-10,13474200
GFF,4422460801.748332,weekly,2025-08-02,5111100,2024-11-09,4783800,2024-09-14,3620600,2024-08-03,3820300,2024-06-15,4843000,2024-03-09,3549300,2023-12-09,4513500,2023-09-09,4272100,2023-06-10,3940900,2023-04-29,3610700,2023-04-15,4081300,2023-03-11,4322400,2023-01-07,3572000,2022-12-10,3784700,2022-05-14,7116000,2020-12-12,4171600,2020-11-07,4487400,2020-09-12,3572200,2020-08-15,4608000,2020-08-08,5741000
BLTE,6005949258.0,weekly,2026-08-10,1462623,2026-07-27,1057142,2026-06-22,1189000,2026-06-15,1130900,2026-06-01,1208900,2026-05-25,1399500,2026-03-02,1236600,2026-02-23,1071600,2026-02-02,1470300,2026-01-26,1486000,2026-01-12,1081900,2026-01-05,1796700,2025-12-15,1185700,2025-12-08,1305100,2025-12-01,2683900,2023-11-06,1126400,2023-10-30,1181900,2023-10-23,1158400,2022-05-02,11931800,2022-04-25,3434000
ANDE,2420562229.150246,weekly,2026-05-04,2993500,2026-03-16,2623900,2025-12-13,3439100,2025-09-13,6078700,2025-08-02,2640200,2025-05-03,2653400,2025-03-15,5064500,2024-12-14,5874700,2023-06-10,3070200,2022-12-10,2657900,2022-05-07,2670600,2022-04-30,7182800,2022-04-16,2821900,2022-04-02,2703300,2022-03-26,2491300,2022-03-19,2521100,2022-03-05,2517200,2022-02-26,2483100,2020-09-12,2714800,2020-05-16,2611100
ATEN,2518496071.381692,weekly,2026-08-03,8216500,2026-07-27,10293445,2026-03-16,10944300,2025-12-15,7475700,2025-03-17,12918400,2025-03-10,11517400,2024-12-16,7817300,2024-06-17,13796500,2024-03-11,11302700,2023-12-11,8901500,2023-11-06,7707200,2023-10-02,7960200,2022-05-02,7863600,2022-04-25,22632500,2022-04-18,8783000,2022-03-14,11706900,2021-12-13,8027600,2021-11-01,12783800,2021-10-25,10060600,2021-02-08,10044600
EE,4292492644.4010696,weekly,2026-03-02,4383600,2026-02-23,2998700,2025-08-11,4233800,2025-06-23,3180200,2025-04-07,2984500,2025-03-31,9036100,2022-11-07,2957300,2022-09-12,2947000,2022-08-29,3232300,2022-07-04,3667700,2022-06-27,4139400,2022-06-20,5151100,2022-06-13,5487900,2022-06-06,4290200,2022-05-30,4416500,2022-05-09,3530800,2022-05-02,4127000,2022-04-25,7002300,2022-04-18,8695900,2022-04-11,15006800
RCUS,3898968048.132232,weekly,2026-06-22,14573700,2026-04-20,12064200,2026-01-12,9135700,2026-01-05,8907500,2025-12-15,14467900,2025-12-08,13794200,2025-12-01,10663700,2025-11-24,8298100,2025-11-17,8510000,2025-11-03,12805000,2025-10-27,12717700,2025-02-17,12151400,2023-06-12,10251700,2023-03-13,9150900,2022-12-19,10968800,2022-12-12,8818100,2022-05-09,17237500,2022-04-04,24274000,2021-06-21,10439600,2020-04-13,8688800
ESAB,6125308829.660899,weekly,2026-08-10,4217772,2026-08-03,3416600,2026-07-06,3706200,2026-06-22,4628000,2026-06-15,5216600,2026-06-08,4146400,2026-05-18,3660300,2026-04-20,3318000,2026-04-13,3417900,2026-04-06,3598700,2026-03-30,3833100,2026-03-23,3784000,2026-03-16,4255900,2026-02-02,5591000,2025-12-08,3463600,2025-09-15,3516300,2025-08-04,4043100,2022-11-14,5967200,2022-04-11,3797800,2022-04-04,7527500
MATX,5885905349.385548,weekly,2025-12-13,2869400,2025-05-10,4627100,2025-05-03,4723800,2025-04-26,2865400,2025-04-05,3788400,2025-03-15,3768400,2024-09-14,3359700,2023-12-09,4878500,2022-12-10,2748100,2022-09-10,2867500,2022-06-11,3085600,2022-04-30,3115600,2022-04-23,2807700,2022-04-16,3237300,2022-04-02,4958500,2022-03-12,3538700,2022-01-29,3331400,2022-01-22,2658800,2021-12-11,2868100,2020-07-04,3247400
HYMC,2168900662.436729,weekly,2026-06-22,19104400,2026-05-11,15328000,2026-03-16,29766600,2026-03-09,16761900,2026-03-02,24728400,2026-02-23,22840800,2026-02-16,21720900,2026-02-02,25144100,2026-01-26,40367500,2026-01-19,30228000,2026-01-12,22976100,2026-01-05,20888800,2025-12-29,19074100,2025-12-22,47788300,2022-05-02,14925260,2022-04-04,16739020,2022-03-28,113067620,2022-03-21,33320500,2022-03-14,60242410,2022-03-07,81824390
SWX,6581047876.181135,weekly,2026-06-22,5054100,2026-02-09,6178600,2026-02-07,4419200,2026-01-31,6174600,2024-03-09,3935500,2024-02-17,4050500,2023-03-18,5448900,2023-03-11,4253900,2023-03-04,4685100,2022-12-10,6309300,2022-11-05,4568400,2022-09-10,4102900,2022-07-30,4078700,2022-05-07,4247200,2022-04-16,4212900,2022-03-26,9456400,2021-10-09,5528700,2021-10-02,5873800,2021-03-13,7480500,2021-03-06,4665500
FBP,4077479782.836474,weekly,2026-04-20,12147400,2025-03-15,14422200,2023-12-09,13970600,2023-03-11,20226300,2022-12-10,13448400,2022-06-11,12358900,2022-04-23,13435600,2022-03-26,23486100,2022-03-12,13458300,2022-01-22,11905200,2021-12-11,19698100,2021-09-11,18569000,2021-06-12,19772200,2021-03-20,13491900,2021-03-13,16829600,2021-01-02,12572000,2020-03-28,13999700,2020-03-21,14805400,2020-03-14,16682000,2020-03-07,13633500
ASO,3007891041.0386124,weekly,2024-06-10,16620800,2024-03-18,17515500,2023-11-27,17646100,2023-06-05,16025400,2022-12-05,17135400,2022-05-23,22373200,2022-05-16,20413500,2022-03-28,24911700,2022-03-14,46506500,2021-12-13,22008400,2021-12-06,21700000,2021-11-29,18199700,2021-09-13,26604300,2021-09-06,19545500,2021-07-12,16309300,2021-06-07,17241500,2021-05-03,27998600,2021-04-05,26320400,2021-03-29,15915100,2021-01-25,19135400
KC,2611872611.2382,weekly,2025-03-24,21578600,2025-03-17,25260600,2025-03-03,22832500,2025-02-10,27944900,2025-02-03,36244900,2024-12-23,21606400,2024-12-02,22693600,2024-11-18,32708100,2024-09-30,26999300,2023-06-12,25737000,2023-04-03,23774700,2022-12-05,22838100,2022-06-06,23509400,2022-05-30,26190600,2022-04-25,24660500,2022-03-28,27852600,2022-03-21,41199400,2022-03-14,181681200,2022-01-24,21557200,2021-12-13,21342200
STNE,2673078205.227062,weekly,2026-03-02,52280300,2025-12-01,53508400,2025-11-24,62841900,2025-03-17,50014100,2025-02-24,67858000,2024-08-26,59347900,2023-11-13,70660500,2023-03-13,49616700,2022-08-15,61532200,2022-06-20,67806800,2022-06-06,56177800,2022-05-30,56238900,2022-05-09,52676100,2022-03-28,50342600,2022-03-21,71792000,2022-03-14,120119100,2021-11-29,59034100,2021-11-22,53291700,2021-11-15,87457900,2020-05-25,52316100
BZ,6243110816.588961,weekly,2026-03-23,28904800,2026-03-16,34658600,2025-08-18,28955300,2025-04-07,43590500,2025-03-31,36045700,2025-03-24,34733800,2025-03-17,36973300,2025-03-10,35005900,2025-02-24,34063100,2024-12-09,39683900,2024-09-30,39605300,2024-09-23,54317000,2024-08-26,37502500,2024-03-11,38523200,2022-12-05,31450900,2022-06-27,37539400,2022-06-06,31099600,2022-03-14,64217800,2022-03-07,30726200,2021-12-06,44972200
PECO,5872557872.60886,weekly,2026-06-22,8980600,2026-03-16,6522500,2025-12-15,7435000,2025-04-07,7656700,2023-12-11,8476900,2023-06-19,11642700,2023-06-12,30940600,2022-06-20,6574100,2022-06-13,13582000,2022-05-30,15921200,2022-05-23,7210500,2022-03-21,10092000,2022-03-14,34021600,2022-03-07,14146500,2022-02-28,9564500,2022-02-07,8303500,2022-01-31,6765100,2022-01-24,10666300,2022-01-17,16797300,2021-07-12,7436600
IRT,4086408666.620525,weekly,2026-08-03,20996700,2026-06-22,20748500,2026-02-23,22376400,2025-12-15,18892400,2025-10-27,26524800,2025-10-06,18540800,2024-06-10,30853400,2023-12-11,19568600,2022-06-13,19464600,2022-05-30,20010100,2022-05-16,66958900,2022-05-09,20503800,2022-05-02,20314900,2022-03-21,26476700,2022-03-14,79376200,2022-03-07,26861900,2022-02-28,22972800,2022-02-14,18866200,2022-01-03,22266800,2021-12-20,25111600
MOS,7113407858.609296,weekly,2026-07-27,49927431,2026-06-15,57605800,2026-06-08,55591900,2026-05-11,56911100,2026-04-13,52498900,2026-03-23,60226400,2026-03-16,73208500,2026-03-09,80885300,2026-03-02,46951400,2025-12-13,52465200,2025-12-06,47256500,2025-11-01,50408300,2025-02-22,53542900,2022-04-02,48045400,2022-03-19,53014400,2022-03-12,64070900,2022-03-05,89919800,2022-02-26,70679900,2021-10-30,54281600,2020-03-14,47263100
BTU,2863518135.9590545,weekly,2025-04-07,60344800,2024-01-22,43594600,2023-02-13,45415600,2022-04-25,67144700,2022-04-04,47544400,2022-03-21,43483900,2022-03-14,65887900,2022-03-07,96018600,2022-02-28,103843300,2022-02-21,60402500,2022-02-07,46829400,2021-10-18,80678100,2021-10-04,50884100,2021-09-27,45856900,2021-07-26,46740700,2021-07-19,43275800,2021-07-05,76452200,2021-06-14,42472200,2021-05-17,90120700,2021-05-10,45949900
EPAM,4215082344.355693,weekly,2026-08-03,13211700,2026-07-27,11487687,2026-07-06,8665800,2026-06-22,12433100,2026-06-15,9297000,2026-05-18,7268500,2026-05-11,10281800,2026-05-04,10696300,2026-04-06,8192200,2026-03-09,7138900,2026-02-23,7745600,2026-02-16,10631800,2024-05-06,8537100,2022-05-02,7728700,2022-03-21,7855000,2022-03-14,12622800,2022-03-07,11120500,2022-02-28,24336300,2021-12-13,15863100,2021-12-06,7704700
VEON,3563853263.0,weekly,2025-06-07,2117100,2022-04-02,2741908,2022-03-26,4878328,2022-03-19,7441724,2022-03-12,15646048,2022-03-05,19376416,2022-02-26,23085444,2022-02-19,4911484,2021-10-02,2121184,2021-08-28,4819580,2021-08-21,5633860,2021-07-10,2114100,2021-06-26,4993912,2021-06-19,2925604,2021-06-05,2561588,2020-09-12,2424796,2020-06-13,2980516,2020-03-07,2312040,2020-02-29,2209336,2020-02-15,2181268
BCC,2851072439.812437,weekly,2026-07-13,2850300,2026-05-11,2909500,2026-05-04,3294200,2026-03-16,2996900,2026-03-09,3023200,2026-02-23,3591400,2025-12-15,3360900,2025-12-08,2821900,2025-11-03,3532400,2025-03-17,3715800,2024-12-16,3236800,2024-09-16,4225700,2022-06-13,3364300,2022-02-21,4704400,2022-01-31,3582600,2021-11-01,2851900,2021-07-12,3270500,2021-06-14,2844200,2021-05-10,3217600,2021-02-22,3193300
SBLK,2777877591.677852,weekly,2026-03-02,14162300,2025-04-07,14323900,2025-03-10,16597400,2025-02-17,19936100,2024-12-02,15320700,2022-11-14,14025600,2022-08-29,16358000,2022-08-22,20234100,2022-08-15,14827600,2022-06-20,18304100,2022-06-06,18759100,2022-05-30,14376100,2022-05-23,17995100,2022-02-28,18591800,2022-02-21,17742400,2022-02-14,23062900,2022-02-07,14546200,2022-01-03,14167000,2021-11-22,14144900,2021-11-15,16970400
UE,2948867636.6894784,weekly,2026-06-22,9316300,2025-07-28,8752700,2025-04-07,9774300,2024-02-12,8024400,2023-12-11,8057900,2023-09-25,10037500,2023-03-13,8027900,2022-02-14,32010100,2020-12-14,8862900,2020-12-07,8512500,2020-11-23,7692600,2020-06-15,9084600,2020-05-11,9304900,2020-04-27,8597100,2020-04-20,7676700,2020-04-06,7428000,2020-03-30,13610600,2020-03-23,10439100,2020-03-16,11964300,2020-03-09,9702700
ONB,9999332549.0,weekly,2026-07-27,27689717,2026-07-20,25157500,2026-07-13,21574300,2026-07-06,21431700,2026-06-22,27478900,2025-10-25,22157200,2025-10-18,22606900,2025-10-11,40845700,2025-10-04,28161600,2025-09-27,31525800,2025-09-13,26442300,2025-07-19,22289300,2025-06-21,21768100,2025-05-17,33763100,2025-01-11,22095400,2024-11-23,24539300,2024-03-30,28013300,2023-07-22,23603600,2023-03-11,26338600,2022-02-12,96923200
PTON,2476713718.087566,weekly,2026-02-02,163510000,2024-11-04,147711800,2024-10-28,216825500,2024-08-19,257480300,2024-05-20,144982800,2024-01-29,168455100,2023-01-30,190694100,2022-08-22,193280900,2022-05-09,154544300,2022-02-07,493975100,2022-01-24,160774700,2022-01-17,269586700,2021-11-15,148647400,2021-05-10,140454700,2021-05-03,209382400,2020-11-09,142988100,2020-09-28,151328400,2020-09-21,230288500,2020-09-14,221003800,2020-09-07,206050400
EEFT,2681628654.44587,weekly,2026-07-27,6539734,2026-02-09,5283000,2025-12-13,5520700,2025-11-15,5340400,2025-11-01,5534000,2025-10-25,5896700,2025-10-18,5142100,2025-09-13,5978800,2025-08-09,7297800,2023-07-22,6901400,2022-02-26,4937700,2022-01-29,11726100,2022-01-22,6262200,2020-05-30,4915000,2020-03-21,5148700,2020-03-14,7082300,2020-03-07,6495000,2020-02-29,5576600,2020-02-22,5725500,2020-02-08,5382600
KBH,3898600474.51581,weekly,2026-06-22,13952700,2025-06-21,14227800,2025-01-11,14437700,2023-06-17,15277200,2023-03-18,17693600,2022-09-17,15558600,2022-06-18,15303300,2022-04-09,15445100,2022-03-19,21364100,2022-01-08,32731000,2021-06-19,20798100,2021-01-09,17173000,2020-09-19,15419300,2020-06-20,23992200,2020-04-04,14952700,2020-03-28,19445900,2020-03-21,26800600,2020-03-14,21618500,2020-03-07,15493600,2020-01-04,15570100
CALX,2268736426.15767,weekly,2026-07-27,7916849,2026-07-20,10165800,2026-06-22,9454100,2026-04-20,11330000,2026-02-02,9188300,2026-01-26,10560900,2025-04-21,11231500,2024-11-18,9227300,2024-03-11,15073400,2024-01-29,13929600,2023-10-23,10690400,2023-04-17,9124700,2022-01-03,15519000,2021-12-27,8415700,2021-01-25,7922500,2020-12-14,7996800,2020-10-19,11505200,2020-08-31,8781000,2020-07-27,8125400,2020-07-20,11294500
VOYA,8263327782.604023,weekly,2026-04-20,9238300,2023-05-01,13210200,2023-03-27,9313600,2023-03-20,11568400,2023-03-13,22652700,2023-03-06,10689300,2023-02-06,12501000,2022-01-03,9624900,2021-12-27,24050200,2021-12-20,13890300,2021-12-13,11663300,2021-11-29,21804500,2021-11-15,9441100,2021-06-28,11131300,2020-03-23,12611600,2020-03-16,17535300,2020-03-09,18925200,2020-03-02,12966000,2020-02-24,14522200,2020-01-06,10429600
HQY,7395446887.201005,weekly,2026-01-12,8471600,2025-09-01,10377900,2025-06-02,9753000,2025-04-07,7652300,2025-03-24,7400200,2025-03-17,13352000,2023-12-11,7520400,2023-03-13,8661800,2022-12-12,6924600,2021-12-13,7315000,2021-12-06,15163500,2021-03-15,6909900,2021-02-15,9807000,2021-01-25,6910400,2020-09-07,6990900,2020-07-06,11150100,2020-06-01,7809300,2020-03-23,6866500,2020-03-16,9830500,2020-03-09,7221100
TGLS,2075914219.304516,weekly,2026-03-16,4940300,2026-03-09,3358400,2026-03-02,3126600,2025-11-10,3346900,2025-05-12,3484400,2025-03-17,4407100,2024-06-24,7428000,2023-11-06,3941200,2023-08-28,3180200,2023-08-14,3125900,2023-08-07,5170200,2023-05-22,3338700,2023-05-15,4908700,2021-12-13,6386100,2021-12-06,16450100,2021-06-14,3681800,2021-05-31,4711700,2021-05-24,5593500,2021-05-17,5314100,2021-05-10,5052000
OPLN,4545087875.0630665,weekly,2022-02-21,27569700,2022-02-14,16800700,2021-11-29,40158400,2021-11-01,13631300,2021-09-20,16787800,2021-05-10,14896200,2021-05-03,24740600,2021-03-08,18434800,2021-03-01,14594600,2021-02-22,16701600,2021-02-15,28235900,2020-08-03,16079700,2020-06-22,25955200,2020-06-01,14527200,2020-05-25,13762900,2020-03-23,15411300,2020-03-09,17268300,2020-02-24,15866300,2020-02-17,13670000,2020-02-03,14961800
AAMI,2572412966.9628787,weekly,2026-06-15,4738500,2022-03-14,7753500,2022-02-07,4956100,2022-01-31,5606100,2021-12-27,9041800,2021-12-20,6066900,2021-12-13,7403200,2021-12-06,17073900,2021-11-29,21740400,2021-11-15,8408400,2021-11-08,7057400,2021-11-01,10717500,2021-10-25,6363900,2021-04-05,4770100,2020-07-27,6989400,2020-07-06,4776300,2020-06-29,6352700,2020-06-22,13569000,2020-06-15,20499900,2020-03-16,5498800
HGTY,4037847554.527453,weekly,2025-09-15,1800900,2025-08-04,3312000,2024-06-24,2608400,2022-11-28,2190300,2022-10-24,1411500,2022-10-10,1431300,2022-10-03,1439900,2022-09-12,1456700,2022-08-29,1429900,2022-08-22,2253200,2022-05-23,2162800,2022-05-16,1523400,2022-03-28,1668500,2022-03-14,2717100,2022-03-07,1449500,2021-12-20,1732700,2021-12-13,1819900,2021-12-06,2952400,2021-11-29,4063100,2021-08-16,2839000
PSNY,2763834037.0,weekly,2026-03-02,1721100,2026-02-23,1796400,2026-02-02,3269700,2025-12-08,3860743,2025-11-10,2229866,2025-08-25,1853618,2024-09-16,1710354,2024-09-02,1662433,2024-08-26,2878370,2024-08-19,2571500,2024-08-12,2258380,2024-07-15,1958137,2024-07-08,2951470,2024-07-01,3503960,2024-06-24,3004640,2024-06-17,2989727,2024-05-20,3781206,2021-11-15,8254603,2021-11-08,2899324,2021-09-27,2027146
NWE,4515918592.230964,weekly,2026-06-22,3719800,2026-06-08,3909400,2026-03-16,3297600,2026-02-02,4024200,2026-01-26,4219300,2025-12-15,4520000,2025-12-08,3416900,2025-08-18,4926000,2025-03-17,4654900,2025-03-10,3398200,2024-12-16,3848500,2024-10-21,3646900,2024-01-22,4332600,2023-09-11,3248300,2022-09-12,3323900,2021-12-13,3524100,2021-11-29,3604200,2021-11-22,5810300,2021-11-15,6313400,2020-03-16,3302100
INDB,4110157875.1922216,weekly,2026-07-27,2518118,2026-07-13,2417200,2026-06-22,2826000,2026-06-15,2236300,2026-04-13,2225900,2026-01-24,2278100,2025-12-13,2575300,2025-09-13,2580600,2025-07-26,2295700,2025-07-12,2555700,2025-07-05,3378600,2025-04-05,2411300,2025-03-15,2969900,2024-09-14,2665100,2024-06-15,2457700,2024-03-09,2690800,2024-01-27,2724600,2023-12-09,2309000,2023-03-11,3285500,2021-11-06,6107400
TX,8906479123.0,weekly,2026-08-03,5210600,2022-02-28,5528400,2022-02-14,7580900,2022-01-31,6471900,2022-01-03,5702200,2021-11-29,4471500,2021-11-01,9357300,2021-09-20,4532300,2021-08-16,5678900,2021-08-02,5216800,2021-07-26,4895500,2021-07-05,4610200,2021-06-14,5173300,2021-05-24,4614000,2021-05-17,4736600,2021-05-10,6294200,2021-05-03,7983400,2021-04-26,5226200,2021-04-12,4685700,2021-03-01,4580000
Z,7115062002.347841,weekly,2026-02-09,42690000,2024-08-05,35064900,2024-03-18,35985400,2023-12-11,38252200,2023-10-30,36951400,2022-05-23,33944400,2022-05-16,34726100,2022-05-02,36206300,2022-02-14,63693600,2022-02-07,75641900,2021-11-29,46023600,2021-11-15,34280700,2021-11-08,36908200,2021-11-01,160175300,2021-10-25,35741100,2021-10-18,33504700,2020-08-03,42248600,2020-05-11,39401200,2020-03-16,35422500,2020-02-17,37746600
ABG,3820019482.96518,weekly,2026-07-27,2128745,2026-04-27,2406600,2025-07-28,1993000,2025-03-31,1999500,2025-01-27,1781500,2023-06-12,1769900,2023-03-13,2255700,2023-01-30,2477900,2022-09-26,1825800,2022-04-04,1940800,2022-03-07,1941600,2022-02-28,1798900,2022-02-14,1880100,2022-01-31,1918400,2021-11-29,1763100,2021-11-01,6354400,2021-01-25,1799200,2020-03-30,1757500,2020-03-23,1984000,2020-03-16,2570200
NTCT,2973486026.1409907,weekly,2026-03-16,5805200,2025-12-13,4766700,2025-09-13,4432400,2025-07-05,4316800,2024-09-14,5476900,2024-06-15,12295600,2024-06-08,5585000,2024-06-01,4657800,2024-03-16,5073600,2024-03-09,10379700,2024-01-20,4408200,2023-12-09,12140000,2023-10-14,7709600,2023-03-11,4289900,2022-12-10,5359800,2022-09-10,10331600,2022-07-09,5641000,2022-05-07,4297700,2021-10-30,21324900,2020-03-14,4989000
OMF,6982690695.202538,weekly,2026-03-16,15896800,2026-02-02,11035500,2025-04-07,10313800,2023-03-13,10884300,2022-10-24,10115100,2022-09-19,10467700,2022-07-25,9853700,2022-06-13,9781100,2022-05-09,10943200,2021-11-29,12305300,2021-10-25,17155500,2021-10-18,11643500,2021-08-09,10436000,2021-07-26,10513300,2021-04-26,14484300,2021-03-01,9403100,2021-02-15,9557300,2021-02-08,14448500,2020-04-06,9443000,2020-03-16,14238500
KRG,5935635115.942089,weekly,2026-08-03,21678600,2026-07-27,14879959,2026-07-13,13405300,2026-07-06,12690700,2026-06-08,12242500,2026-04-27,12793600,2026-02-23,13395100,2026-01-05,12866300,2025-12-15,13318200,2025-09-15,12528000,2025-04-28,15016000,2025-04-07,16089000,2025-02-10,17350800,2024-12-16,12360400,2024-07-29,12716400,2024-02-12,17561800,2023-12-11,12141600,2023-11-13,13796500,2022-12-12,12568200,2021-10-18,51364000
IDA,8470810793.748545,weekly,2026-08-10,3123185,2026-07-27,2974657,2026-06-29,3020800,2026-06-22,3576400,2026-06-08,2909000,2026-05-18,3095400,2026-04-27,2847700,2026-01-24,2820500,2025-11-29,3169700,2025-09-27,3041000,2025-07-19,2905400,2025-05-24,2831000,2025-05-10,3591300,2025-05-03,3864900,2024-11-02,2995500,2024-06-08,2833400,2024-03-09,3159700,2023-11-04,3117500,2021-10-09,4778700,2021-04-10,3231000
XENE,5774799846.526241,weekly,2026-07-06,12064500,2026-06-22,14735700,2026-06-08,6301600,2026-06-01,6659100,2026-05-25,7906000,2026-04-27,6299800,2026-03-23,6556100,2026-03-16,7568700,2026-03-09,27542600,2026-03-02,5957200,2026-01-05,7380800,2025-08-11,6265700,2025-08-04,6464800,2025-06-23,17251300,2025-05-26,6366700,2025-05-12,11498400,2025-04-07,7737200,2023-11-27,8134100,2022-06-20,7309700,2021-10-04,108043900
JXN,7444378988.389515,weekly,2025-03-17,13797500,2024-03-11,10996300,2023-12-11,8112300,2023-09-11,10159900,2023-08-28,23224100,2023-05-08,8883700,2023-03-13,9668200,2023-02-27,12749100,2023-01-02,8949100,2022-06-20,17167500,2022-06-13,9563000,2022-05-09,13876200,2021-12-20,9369100,2021-12-13,20779300,2021-12-06,13456500,2021-11-08,10695400,2021-10-04,11197400,2021-09-27,17445100,2021-09-20,43983100,2021-09-13,18316500
AN,6412560897.060139,weekly,2023-02-11,6299300,2022-10-01,6716700,2022-09-24,6450500,2022-04-16,6861600,2022-04-02,6874100,2021-12-11,7369700,2021-10-16,7502800,2021-09-25,6325100,2021-09-18,7565900,2021-09-11,10551100,2021-08-14,8353400,2021-07-31,6502600,2021-07-17,10534800,2020-10-17,7554800,2020-07-25,7065400,2020-07-18,8090800,2020-04-04,7506100,2020-03-21,6680100,2020-03-14,7368600,2020-02-08,6890900
NOV,6696858819.855331,weekly,2026-01-31,35802300,2025-10-25,36117000,2025-03-15,44760400,2025-02-01,34301300,2024-12-14,45611700,2024-02-03,49362600,2024-01-27,36257700,2023-04-22,34577100,2022-03-05,60543300,2022-01-29,38637100,2021-09-11,113475800,2021-06-19,39685600,2021-03-13,38713000,2021-02-27,34423800,2020-11-28,58165200,2020-10-24,36450300,2020-09-26,34567700,2020-07-25,47657300,2020-07-18,37715700,2020-03-07,37820100
TRMK,2730432352.307725,weekly,2026-07-27,3484892,2026-06-22,3034800,2026-03-16,3030800,2026-02-23,2795400,2025-04-05,2987000,2024-11-02,2642500,2023-12-09,2969700,2023-06-10,3496900,2023-03-11,3463300,2023-01-21,3239400,2022-12-10,3104700,2022-06-11,2664000,2021-12-11,3527800,2021-09-11,2553100,2021-08-21,16537300,2020-08-15,2633700,2020-06-20,2624700,2020-06-13,4903300,2020-03-14,3544800,2020-03-07,2602300
TVTX,5472632326.506014,weekly,2026-08-03,14772200,2026-06-22,13369700,2026-05-04,21245100,2026-04-13,28588500,2026-01-12,33342500,2026-01-05,12926900,2025-11-03,13246200,2025-10-27,14372300,2025-09-15,13066600,2025-09-08,23215000,2025-09-01,12858900,2025-02-10,14344600,2024-10-07,19775600,2024-09-16,14262800,2023-12-04,14123600,2023-11-06,13201100,2023-09-18,27804800,2023-05-01,18640300,2023-02-20,15116000,2021-08-16,39399500
GXO,5774288516.859273,weekly,2026-08-03,14342900,2026-07-27,8850313,2026-05-04,15219500,2026-02-09,10560400,2026-02-02,9011300,2025-11-03,9176600,2025-08-04,9054000,2025-06-23,11225400,2025-06-16,10140500,2025-04-07,11736600,2025-03-10,12437400,2025-02-17,8773800,2025-02-10,17697700,2024-12-16,13073000,2024-12-02,11505700,2024-10-07,14726300,2022-11-07,13630000,2022-09-12,10142500,2021-08-09,10579800,2021-08-02,18455200
TAL,4953290950.0,weekly,2024-09-30,90294300,2022-12-19,133435000,2022-12-12,90137700,2022-03-14,96713300,2021-11-15,103873900,2021-11-08,127694200,2021-09-13,83921000,2021-09-06,116593700,2021-08-30,135328800,2021-08-23,165081000,2021-08-09,86762900,2021-08-02,156075800,2021-07-26,602272200,2021-07-19,352962400,2021-07-12,86912600,2021-07-05,103130700,2021-06-21,84262400,2021-06-14,139901500,2021-06-07,129734900,2021-05-24,109175800
HAPN,2318553533.487544,weekly,2026-04-27,29618800,2026-01-26,23743300,2025-10-20,19438700,2025-07-28,25135800,2025-01-27,25282000,2024-12-16,19914900,2024-01-29,18381300,2023-07-24,17631300,2023-01-23,19270100,2022-04-25,18889700,2022-01-31,18000000,2022-01-24,45706700,2021-12-13,17467400,2021-10-25,35776200,2021-07-26,54027400,2021-03-29,28902800,2021-03-22,22885700,2021-03-15,28910100,2021-03-08,19130300,2020-12-28,25034400
EDU,7361246175.539711,weekly,2025-01-20,25969200,2022-10-24,26381600,2022-06-20,26899500,2022-06-13,84706900,2022-06-06,27551800,2022-04-18,60564300,2022-04-11,37060600,2022-04-04,31369710,2022-03-14,24513320,2021-12-06,24626050,2021-11-08,24420710,2021-10-11,26551500,2021-08-30,39642090,2021-08-23,48055590,2021-08-02,40504910,2021-07-26,139619190,2021-07-19,99713870,2021-06-14,23902390,2021-06-07,23986280,2021-05-24,27708460
AEHR,2887723341.1317945,weekly,2026-08-10,18382595,2026-07-13,27512500,2026-04-27,15885400,2026-04-20,17631200,2026-04-13,21127000,2026-04-06,37006100,2025-10-04,18021000,2025-08-23,21852800,2025-07-05,17339000,2024-07-13,25217200,2024-01-06,22006400,2023-02-25,15589000,2021-10-09,22583200,2021-10-02,32355400,2021-09-25,19736100,2021-09-18,74427200,2021-09-04,33120900,2021-08-28,15983800,2021-07-17,226683100,2021-07-10,82461800
STVN,4870385785.848831,weekly,2026-04-13,4378000,2026-03-23,3798300,2026-02-02,6226500,2026-01-26,4343500,2026-01-19,5643500,2024-11-04,4270000,2024-09-30,3752700,2024-07-22,4371600,2024-07-08,3911300,2024-05-13,4422100,2024-05-06,8292200,2024-03-18,4820200,2023-10-30,3870700,2021-08-23,7562000,2021-08-16,4410300,2021-08-09,5977600,2021-08-02,5717400,2021-07-26,4431100,2021-07-19,6809100,2021-07-12,12538600
CVSA,4339959224.620651,weekly,2026-01-24,4191000,2025-11-22,3697000,2025-11-01,5661900,2025-10-25,4983900,2025-05-10,3476100,2025-05-03,4546200,2024-12-14,3825600,2024-01-27,11213700,2023-12-09,6151700,2023-09-09,4158900,2022-06-11,4766500,2022-02-12,3820600,2022-02-05,4495500,2021-10-30,3680600,2021-07-03,12196400,2021-01-23,3570600,2020-11-14,3715400,2020-09-12,3747200,2020-03-14,4267400,2020-03-07,3750100
BLDR,9587887433.32845,weekly,2026-07-27,19480928,2026-05-25,17120100,2026-04-27,17481000,2024-05-06,19650000,2023-12-11,35064600,2023-06-12,18765100,2023-05-29,19659900,2022-09-12,17045700,2022-06-13,24394000,2022-05-16,17419000,2022-05-09,17480400,2021-12-13,19617200,2021-12-06,18101500,2021-06-21,39835100,2021-06-07,21217700,2021-05-10,17586500,2021-01-04,17330500,2020-12-28,22369700,2020-08-24,23223200,2020-08-10,37858600
VAC,3478952435.814848,weekly,2026-03-02,4266300,2026-02-23,4811800,2025-12-15,7182100,2025-11-17,4221300,2025-11-10,4497600,2025-11-03,4758600,2025-06-23,7337200,2025-04-21,4440500,2023-12-11,4855700,2023-11-27,5309900,2023-10-30,4829200,2023-07-31,4205400,2022-12-05,4457200,2022-06-13,4323700,2021-06-21,7853400,2021-02-22,4782200,2020-04-06,4304200,2020-03-23,5802500,2020-03-16,6500000,2020-02-24,4240800
BEPC,5568330506.614833,weekly,2026-08-10,11413024,2026-08-03,10978200,2026-07-27,11479427,2026-07-20,11898200,2026-06-22,8427100,2026-05-04,10899800,2026-04-27,13230200,2026-03-23,9137400,2026-03-09,8106500,2025-10-27,8003400,2025-04-07,7911500,2025-03-31,8467000,2024-10-21,9248700,2024-04-29,8141700,2023-09-25,8288300,2021-06-21,18948000,2021-02-15,9368100,2021-02-08,11905300,2020-08-03,10594350,2020-07-27,13287600
LPX,5755468989.053677,weekly,2026-05-04,10384900,2024-05-04,10123100,2024-03-09,9985000,2022-06-11,11370400,2021-07-17,9874500,2021-07-10,13005400,2021-06-19,23024100,2021-06-12,16996900,2021-06-05,13505200,2021-05-15,10803900,2021-05-08,15856300,2021-05-01,14374400,2021-04-24,10170700,2021-04-17,12193800,2021-02-20,10679000,2020-11-14,12078300,2020-03-21,11439000,2020-03-14,13982800,2020-03-07,10471000,2020-02-08,9863700
KLIC,6553123271.502167,weekly,2026-08-03,6043200,2026-07-27,8519747,2026-06-22,10948200,2026-05-04,6657200,2026-01-31,7053600,2022-07-30,6242300,2022-03-12,6607400,2022-01-29,6004700,2021-12-11,9909500,2021-12-04,8720200,2021-11-13,9963100,2021-10-30,5835100,2021-10-16,7672100,2021-10-09,6486600,2021-09-18,5964500,2021-07-31,6310400,2021-06-19,14121700,2021-05-01,6971500,2020-11-14,7049000,2020-06-27,6901800
ASB,5200610379.516817,weekly,2026-06-22,13027100,2026-06-15,11637300,2026-03-23,12062400,2026-03-16,13425600,2026-03-09,12099700,2026-03-02,15307000,2026-01-31,13692500,2026-01-24,12565400,2026-01-03,13865800,2025-12-13,14215200,2025-04-19,11912500,2024-11-16,14591600,2024-11-09,14692900,2024-11-02,11678800,2023-09-09,12347300,2023-04-29,13017900,2023-03-18,14108800,2023-03-11,25932000,2021-06-19,26352800,2020-03-07,14390100
CBT,4821440251.951875,weekly,2026-08-03,4040300,2026-06-22,5079700,2026-01-31,3846300,2026-01-24,3315500,2025-12-13,3642700,2025-12-06,3468800,2025-11-01,4020100,2025-05-03,3915200,2024-12-14,3249300,2024-11-02,3252200,2024-09-21,3236300,2024-08-03,3590500,2022-12-10,3317400,2022-09-10,3382700,2022-02-05,4558200,2022-01-29,3533600,2021-06-19,8578200,2020-05-09,3409300,2020-03-14,3425700,2020-03-07,3378900
GHC,4996045238.941521,weekly,2025-10-25,225200,2025-10-11,229700,2025-10-04,304900,2025-09-13,356500,2025-07-26,288400,2025-06-21,353600,2025-06-14,365800,2025-06-07,336300,2021-06-19,570300,2020-07-18,281100,2020-06-20,269300,2020-05-16,217700,2020-05-09,379200,2020-04-18,226200,2020-03-21,217600,2020-03-14,249700,2020-03-07,251500,2020-02-29,252900,2020-02-22,236000,2020-01-25,233100
CDP,8211238181.916999,weekly,2026-06-22,9605300,2026-04-27,6697400,2026-02-16,6772700,2026-02-09,7302200,2026-01-31,7538300,2026-01-24,7287900,2026-01-03,8225300,2025-08-30,6981600,2025-03-08,7251800,2024-11-16,6947700,2024-11-09,8008000,2024-09-14,6580000,2024-02-03,7828200,2024-01-27,7334100,2023-09-02,11251700,2022-06-11,7178400,2022-05-14,6861900,2021-06-26,8482000,2021-06-19,17307100,2020-03-21,9269500
CHDN,6198146190.627649,weekly,2026-08-03,6213600,2026-07-27,10240445,2026-06-22,7167800,2026-06-15,6104900,2026-05-04,5712700,2026-04-20,8410800,2026-03-09,6223700,2026-03-02,6329900,2026-02-23,7122000,2025-10-18,6587600,2025-07-19,5581000,2025-04-26,6250600,2025-04-19,8467500,2021-06-19,11841000,2020-05-23,5492400,2020-04-25,5564600,2020-03-28,5613600,2020-03-21,5492200,2020-03-14,9953200,2020-03-07,7814200
CLOV,2849367371.238004,weekly,2023-06-19,110399700,2022-03-07,143746700,2022-02-21,123923800,2021-11-29,124659100,2021-11-15,194025700,2021-09-06,332612400,2021-08-09,275729100,2021-07-19,147570400,2021-07-12,162229200,2021-07-05,170801100,2021-06-28,198254900,2021-06-21,491384700,2021-06-14,254794100,2021-06-07,1530931300,2021-04-26,192974400,2021-04-19,327239800,2021-04-12,274636600,2021-04-05,116298500,2021-03-01,133908200,2021-02-01,165778300
GEO,4056651156.355949,weekly,2025-08-02,29710900,2025-05-03,30031100,2024-11-09,30942600,2024-11-02,54327100,2023-02-11,32615800,2022-11-26,22217200,2022-08-13,47362400,2022-01-29,26967200,2021-06-26,22409900,2021-06-12,43877200,2021-06-05,231245500,2021-05-22,23447300,2021-04-10,21874000,2021-04-03,52038500,2021-03-13,24761100,2021-02-20,36276400,2021-02-13,39314200,2021-01-23,63905500,2020-11-07,42670700,2020-10-31,29536500
PVLA,2125752862.665933,weekly,2026-06-22,2171500,2026-06-08,1661700,2026-06-01,1353600,2026-05-04,1421400,2026-03-30,1531400,2026-03-16,1491700,2026-03-09,1428100,2026-03-02,1413000,2026-02-23,3999700,2026-02-09,1342000,2026-02-05,1621000,2026-01-29,1819300,2025-12-18,1888900,2025-12-11,2090600,2025-11-20,1717400,2025-11-13,1540300,2025-07-17,1696300,2025-06-26,1451300,2024-07-18,5949500,2021-05-20,6005532
FLR,7491892822.771355,weekly,2026-05-04,23120800,2025-11-03,23679700,2025-10-20,22017600,2025-10-13,26219400,2025-09-15,23444100,2025-08-04,29883800,2025-07-28,39038300,2025-06-23,23327200,2025-06-16,24177300,2025-06-09,28708200,2025-02-17,23787200,2024-11-04,26504400,2021-05-10,45900100,2021-02-22,26254300,2020-06-22,23066800,2020-04-27,23271100,2020-03-23,22039600,2020-03-16,32834000,2020-02-24,34506300,2020-02-17,32511100
TBBK,2592576420.484736,weekly,2026-02-02,4395600,2026-01-05,4623700,2025-12-15,4393800,2025-11-03,4584900,2025-07-28,4417000,2025-07-21,6650800,2025-07-14,4730900,2025-04-07,6309000,2025-03-31,4493600,2024-10-21,4403300,2024-09-16,5096600,2024-07-22,4565500,2024-07-15,5122900,2024-04-29,4519600,2024-03-18,7083300,2024-03-11,6085400,2024-03-04,5148800,2023-03-13,5349100,2021-05-03,24465500,2020-03-16,4512600
ADMA,2028011364.822248,weekly,2026-05-04,67284900,2026-04-13,40421200,2026-03-30,29292100,2026-03-23,117276900,2024-10-07,41051800,2024-09-23,30751700,2024-09-16,69674900,2024-09-09,30405100,2022-12-05,30060400,2022-06-20,35973200,2021-10-18,29083800,2021-09-06,63983800,2021-08-16,46892900,2021-04-26,269267300,2021-04-19,29119600,2020-12-07,35175100,2020-08-31,29207300,2020-08-24,119125700,2020-08-03,36050800,2020-07-27,80053700
G,4836020900.737622,weekly,2026-07-27,13706446,2026-06-22,15428000,2026-06-15,12651500,2026-05-11,21902500,2026-05-04,17149700,2026-04-27,16953600,2026-04-13,14169000,2026-03-16,12743000,2026-02-23,12907000,2026-02-09,14431700,2026-02-02,20864200,2025-11-03,18653000,2025-08-04,13673000,2025-05-05,16463800,2023-12-11,14307100,2023-05-08,13965300,2021-04-26,49519900,2021-02-22,13082600,2020-03-23,18218200,2020-03-16,13057000
SGHC,6996217231.144354,weekly,2026-08-03,16476000,2026-06-22,19533800,2026-06-08,24114900,2026-05-11,31508500,2026-05-04,17098000,2026-04-27,15572400,2026-04-20,16621100,2026-04-13,24157600,2026-02-23,22943500,2026-02-09,19968400,2025-11-03,22844900,2025-10-27,15690700,2025-09-29,14653600,2025-09-15,26212200,2025-09-08,23490400,2025-09-01,15258700,2023-06-19,19738000,2021-11-08,19144400,2021-10-25,25622400,2021-04-26,34011000
GNW,3623267327.876597,weekly,2025-07-28,48078600,2025-06-16,56782900,2025-05-19,48351100,2025-04-07,48724300,2021-05-10,40869300,2021-05-03,45689500,2021-04-26,175279800,2021-02-22,44983500,2021-02-15,47323900,2021-02-08,71119500,2021-02-01,43973300,2021-01-04,85463200,2020-09-14,48932200,2020-08-31,79199400,2020-06-29,50914600,2020-06-15,43904600,2020-03-30,45424900,2020-03-23,48728400,2020-03-16,56306600,2020-03-02,49980700
HAE,3512520218.7871685,weekly,2026-06-08,7186200,2026-05-04,5839500,2026-02-09,5963200,2026-01-31,6693000,2025-11-08,6448500,2025-11-01,9487200,2025-09-13,9096000,2025-08-16,5988900,2025-08-09,6793400,2025-08-02,10418100,2025-04-05,5834700,2025-02-08,7606800,2025-02-01,10205700,2024-06-22,5534600,2024-05-18,5933500,2022-02-05,6253200,2021-06-19,9748600,2021-05-08,10307500,2021-04-17,18756800,2020-06-20,9610300
IRTC,3907011577.52677,weekly,2026-08-03,4891700,2026-04-27,3966700,2026-03-02,4657400,2026-02-02,4103400,2026-01-12,6745900,2024-10-21,5415900,2024-07-29,3984600,2024-04-01,4000100,2024-03-04,5690000,2023-06-05,4074100,2022-01-10,5224500,2021-11-01,9302200,2021-09-13,8522600,2021-05-31,6180600,2021-04-12,12687700,2021-02-22,3966200,2021-02-01,5018700,2021-01-25,9561000,2020-11-30,5328700,2020-08-03,6058100
NVST,4387144637.381381,weekly,2026-08-03,23288900,2026-05-04,26716500,2026-02-02,31063600,2025-07-28,21939000,2025-03-31,22034100,2025-03-17,21586000,2024-08-05,23155400,2024-02-05,24254000,2023-12-11,24336400,2023-10-30,24545700,2023-08-07,26288800,2021-04-05,61733500,2020-05-18,31198400,2020-03-23,19504500,2020-03-16,27317400,2020-03-09,21248500,2020-03-02,20812000,2020-02-10,19816000,2020-01-27,21646600,2020-01-06,23878000
TH,2018597572.9791973,weekly,2026-07-27,7824731,2026-06-22,9206200,2026-05-25,10087000,2026-05-11,9688500,2026-05-04,6232000,2026-04-20,14083900,2026-03-30,12708600,2025-02-24,20141900,2024-06-10,14614200,2024-03-25,7313000,2023-12-11,6475600,2023-11-13,6157400,2023-11-06,10366900,2022-12-05,6086900,2022-11-07,5975900,2022-08-22,7367600,2022-07-18,7940800,2022-07-11,26029900,2022-07-04,7278100,2021-04-05,44742300
IDCC,7129610247.419108,weekly,2026-03-16,7232900,2025-09-27,2850200,2025-09-20,3269400,2025-02-01,2827200,2024-12-14,2730800,2024-10-26,2883100,2024-08-10,3483500,2024-07-27,3231000,2024-05-04,2933400,2024-04-27,3200200,2024-03-30,4861400,2024-03-09,5203500,2024-02-10,4691000,2023-12-09,3519300,2023-11-11,2741200,2023-02-18,3160900,2023-02-11,4453700,2022-06-25,3109700,2022-05-21,3664600,2021-04-03,9679600
TCBI,4515574683.342022,weekly,2025-04-07,4496500,2023-03-20,4902700,2023-03-13,10246600,2022-04-18,4689300,2021-04-19,7113400,2021-04-12,5393400,2021-04-05,8027300,2021-03-29,18351400,2021-03-22,8028100,2020-10-26,4842300,2020-06-22,10600400,2020-06-08,4530100,2020-06-01,6000900,2020-05-25,10014300,2020-04-27,5780600,2020-04-20,7041700,2020-03-30,4738200,2020-03-23,5396600,2020-03-16,5480800,2020-03-09,6327500
VIPS,6208059944.0,weekly,2022-03-14,77352000,2021-11-15,62859500,2021-09-20,63791300,2021-08-30,68921600,2021-08-23,60315100,2021-08-16,82695600,2021-07-26,71286700,2021-06-21,95136900,2021-05-17,113281700,2021-05-10,64901600,2021-04-19,76677500,2021-04-12,92631800,2021-04-05,105167700,2021-03-29,174074600,2021-03-22,242274300,2021-02-01,74824200,2020-11-09,58946600,2020-10-12,64498600,2020-08-17,90536700,2020-03-02,77764600
VCEL,2360884165.1377625,weekly,2026-06-22,4696600,2026-05-04,4584000,2026-03-23,4776200,2025-11-01,5301100,2025-09-13,6641600,2025-09-06,5019400,2024-01-06,4704800,2023-12-30,5877600,2022-11-05,5097700,2021-12-11,5567900,2021-06-26,5058100,2021-03-20,5137300,2021-03-13,17484500,2020-12-05,4714000,2020-04-18,4636300,2020-03-21,4547000,2020-03-14,6678800,2020-03-07,4732400,2020-02-22,6578700,2020-01-04,5198100
SKT,4651323175.366424,weekly,2021-02-27,97736200,2021-01-30,22673800,2021-01-23,83948300,2021-01-16,19610600,2020-06-13,20299700,2020-06-06,27646600,2020-05-30,28467400,2020-05-09,24997900,2020-04-25,23505400,2020-04-04,25003400,2020-03-28,24371300,2020-03-21,19863900,2020-03-14,27647600,2020-03-07,24285400,2020-02-22,23648400,2020-02-01,32299000,2020-01-25,69332700,2020-01-18,34260800,2020-01-11,19927100,2020-01-04,28709200
WTM,5192487185.650304,weekly,2025-10-11,166700,2025-10-04,173800,2025-09-27,229400,2025-09-20,164800,2025-09-13,178000,2025-09-06,211300,2025-08-09,160900,2025-08-02,149400,2025-07-05,191200,2024-06-22,212500,2022-09-17,162600,2021-05-08,159700,2021-04-03,179000,2021-03-13,177700,2021-03-06,389200,2021-02-27,498900,2021-02-20,192100,2020-06-13,150500,2020-03-21,190400,2020-03-14,219600
DBX,5994905433.904306,weekly,2023-06-12,67304300,2021-05-31,39374900,2021-03-22,40935300,2021-03-15,45921300,2021-03-08,59072900,2021-03-01,50944300,2021-02-22,71351800,2021-01-25,42127900,2021-01-11,41930200,2020-12-14,51448200,2020-12-07,49048200,2020-11-30,39925700,2020-11-02,41923100,2020-08-10,40491500,2020-08-03,53925900,2020-06-22,47167900,2020-05-11,41188800,2020-03-09,41760400,2020-02-24,42756400,2020-02-17,71297000
WSFS,4026127719.4246817,weekly,2026-06-22,3646500,2026-03-16,3003000,2026-01-31,3344500,2026-01-24,3173300,2025-12-13,3538100,2025-09-13,2790100,2025-04-05,2887100,2025-03-15,2687400,2024-07-13,2680700,2023-12-09,3060200,2023-03-11,3165700,2022-12-10,2982500,2021-12-25,7178100,2021-12-11,3085900,2021-03-13,3701500,2021-03-06,3667500,2021-02-27,3784800,2021-02-20,16056100,2020-12-12,2823400,2020-03-14,2689400
OSK,9452458472.603483,weekly,2026-07-27,7309655,2026-05-11,5668400,2026-01-31,6359700,2026-01-24,5794500,2025-11-01,4994400,2025-10-25,6689200,2025-07-05,5456300,2025-05-31,6296500,2025-04-26,6415300,2025-04-05,4892800,2025-02-01,4985000,2025-01-25,6240100,2024-10-26,4704400,2023-07-29,5301300,2022-01-22,4926800,2021-02-20,15454800,2021-01-23,5137700,2020-03-14,4802300,2020-02-29,5118700,2020-01-25,5522800
TDC,3091184957.844081,weekly,2026-08-10,14954049,2026-08-03,25014200,2026-07-27,17197148,2026-07-13,12255600,2026-07-06,15929700,2026-06-22,31933400,2026-05-11,13343600,2026-05-04,20291400,2026-02-09,21802100,2025-11-03,16791900,2025-03-17,25005300,2024-02-12,15738300,2021-05-03,14607500,2021-04-19,34857900,2021-02-08,47486400,2021-02-01,21529800,2021-01-25,19020700,2020-06-08,17854200,2020-03-09,12729200,2020-02-03,13477100
HNI,2851638841.9391303,weekly,2026-07-27,5252012,2026-06-22,6201900,2026-05-11,4089100,2026-05-04,5366200,2026-03-23,3953300,2026-03-16,6077100,2026-03-09,5315700,2026-03-02,4723800,2026-02-23,4868600,2025-12-13,7704100,2025-12-06,10305400,2025-10-25,4010900,2025-09-20,3895500,2025-08-16,3805600,2025-08-02,9113000,2025-03-15,3961900,2024-12-14,4571700,2023-03-11,4477000,2023-03-04,4292600,2021-02-06,10366100
GME,9763521785.907663,weekly,2024-06-10,615925200,2024-06-03,776367000,2024-05-13,698268100,2021-06-07,301923600,2021-03-22,548246000,2021-03-15,449788400,2021-03-08,913575600,2021-03-01,664766000,2021-02-22,1410623600,2021-02-08,466461600,2021-02-01,1208144400,2021-01-25,2236962400,2021-01-18,1446274000,2021-01-11,1228216800,2020-12-21,290485200,2020-10-12,384572800,2020-10-05,657021600,2020-09-21,273990000,2020-09-14,278212000,2020-08-31,384608800
TRVG,2470467321.0,weekly,2025-04-28,3092400,2023-11-13,2075620,2021-11-01,2221700,2021-05-31,2046900,2021-05-24,1898440,2021-05-17,1881000,2021-05-10,1971500,2021-04-12,2104320,2021-03-22,3014000,2021-03-15,6961580,2021-03-08,3763340,2021-03-01,4567020,2021-02-22,7739620,2021-02-15,5339900,2021-02-08,7619060,2021-02-01,4258020,2021-01-25,13417240,2020-11-30,1858700,2020-11-23,3146360,2020-11-09,1981380
PBF,5100278469.637739,weekly,2022-11-28,56776700,2021-10-04,32870100,2021-09-27,30520300,2021-09-20,32577700,2021-09-13,34658300,2021-07-19,32147400,2021-02-22,32762600,2021-02-08,41009200,2021-01-25,62883500,2021-01-11,35973900,2021-01-04,37456800,2020-12-14,35227100,2020-12-07,31415000,2020-11-09,37469000,2020-10-26,38508600,2020-09-28,41514100,2020-09-14,44309300,2020-06-22,31872200,2020-03-30,29229500,2020-03-23,42119500
PBH,2340658721.138406,weekly,2026-08-10,3333231,2026-08-03,3950200,2026-06-22,4719000,2026-06-15,3577600,2026-06-08,3138600,2026-05-11,6821200,2026-05-04,3087600,2026-04-06,3252600,2026-03-30,3159500,2026-03-16,3043700,2025-12-15,3038000,2025-09-15,3546100,2025-08-11,3805900,2021-01-25,15327800,2020-06-29,3057200,2020-05-11,3302400,2020-03-23,3440800,2020-03-16,8067200,2020-03-09,4377500,2020-02-03,4417700
AUPH,2215806665.6148148,weekly,2024-02-12,32723900,2023-07-31,25576700,2023-01-02,38815800,2022-06-20,25361600,2022-02-28,48601800,2021-11-29,29931800,2021-11-22,36813400,2021-11-01,25686500,2021-10-25,46042900,2021-09-13,29159100,2021-08-23,27664700,2021-08-02,28574500,2021-07-26,36141800,2021-05-10,34253600,2021-05-03,35830100,2021-04-26,24954900,2021-02-01,26198500,2021-01-25,70397600,2021-01-18,26028200,2020-07-20,28964000
FIZZ,3064578645.8121047,weekly,2021-03-20,4145200,2021-03-13,3970200,2021-03-06,4837800,2021-02-27,6289300,2021-02-20,5434800,2021-02-06,4849000,2021-01-30,9331600,2021-01-23,26615000,2021-01-09,4183400,2020-12-12,4777600,2020-12-05,4306400,2020-11-14,4475600,2020-10-17,4106400,2020-09-12,4065200,2020-08-29,4354200,2020-08-22,3970000,2020-03-28,4341000,2020-03-14,4949600,2020-03-07,5434000,2020-02-29,5519200
TR,2946964034.370049,weekly,2026-06-22,3844700,2025-09-13,1973900,2025-06-21,3578900,2024-09-21,3504266,2024-08-24,3549586,2024-07-20,3113999,2024-06-22,3671126,2023-06-17,3439332,2021-12-11,5579373,2021-06-19,2033007,2021-06-12,2374375,2021-05-15,3125200,2021-02-27,2010628,2021-02-20,2551910,2021-02-13,2459284,2021-01-30,4545282,2021-01-23,16062554,2020-12-05,1960912,2020-07-25,1967637,2020-03-14,2601527
MAC,7321802189.785713,weekly,2023-06-10,53615200,2021-06-12,40903600,2021-03-20,46932200,2021-03-13,44416300,2021-03-06,43272700,2021-02-27,42797600,2021-02-20,52032500,2021-01-30,83452800,2021-01-23,133415800,2020-11-28,44930200,2020-11-21,40326600,2020-11-07,46285200,2020-06-20,45556900,2020-06-06,61499400,2020-05-30,61468800,2020-05-02,40796300,2020-04-25,47888200,2020-04-18,44724200,2020-04-04,55255500,2020-03-14,42958300
LGND,6084266106.923526,weekly,2026-06-22,5628600,2025-08-09,3651100,2021-08-28,8650751,2021-02-13,3844636,2021-02-06,4982765,2021-01-30,9471486,2021-01-23,21781405,2020-12-12,4606541,2020-10-24,4763475,2020-10-17,4715386,2020-09-19,3522593,2020-05-30,3683053,2020-05-09,3655321,2020-04-04,3527883,2020-03-28,5394255,2020-03-21,5163583,2020-03-14,7763009,2020-03-07,7093115,2020-02-29,4560696,2020-02-22,6655176
PBI,2454198557.321143,weekly,2026-05-04,22018500,2026-04-20,29446200,2026-03-16,21645800,2025-09-06,22076500,2025-08-02,32062300,2025-07-26,23083200,2025-02-08,27670600,2022-01-29,27936200,2021-07-03,21031200,2021-04-24,31816600,2021-01-30,34437000,2021-01-23,97776000,2020-12-26,28715700,2020-10-24,22481000,2020-10-17,21083700,2020-08-08,29894100,2020-08-01,82787500,2020-04-25,23563100,2020-03-21,22146200,2020-03-14,22580200
NWN,2138944332.4213865,weekly,2026-06-22,2276600,2026-03-16,2684500,2026-03-02,1992700,2026-01-24,2085600,2025-12-13,2356500,2025-06-21,2458900,2025-04-19,2495200,2024-12-14,1987700,2024-03-09,2027800,2024-02-24,2424500,2024-02-17,5559700,2023-12-09,2134000,2023-11-11,1998500,2022-06-11,2658300,2022-03-26,3882400,2021-03-20,3529800,2021-03-13,2039900,2021-01-23,5614700,2021-01-16,2077000,2020-01-25,3521700
HTH,2337696064.3593,weekly,2023-03-13,5505700,2022-09-12,5011700,2022-06-13,7024100,2022-06-06,4570000,2022-05-30,17073500,2022-05-23,18704200,2022-05-16,8516400,2022-05-09,6172300,2022-05-02,8809400,2021-12-13,4726900,2021-06-14,4178800,2021-03-15,4940100,2021-02-22,4604900,2021-01-25,5228900,2021-01-18,22757400,2020-11-09,4831700,2020-04-27,4249300,2020-03-16,5647500,2020-03-09,4520700,2020-03-02,4663700
LMND,4521671571.041258,weekly,2026-02-23,20648500,2025-11-03,28896100,2025-08-11,19372600,2025-08-04,28987800,2025-02-24,25644600,2024-11-18,32551600,2024-02-26,32179600,2023-10-30,21101200,2022-01-24,17737100,2021-05-10,33570000,2021-03-08,19673300,2021-03-01,26284400,2021-01-25,23625000,2021-01-11,44899800,2021-01-04,22786400,2020-12-28,22955500,2020-12-07,27587200,2020-11-30,20510900,2020-07-06,29480200,2020-06-29,18371900
VNT,4169088205.719789,weekly,2026-05-11,14106100,2026-05-04,13375000,2022-12-12,11732800,2022-04-25,11444800,2022-03-07,11868100,2022-02-28,12024100,2022-02-21,16028300,2022-02-14,13499900,2021-06-14,12299200,2021-03-15,39356900,2021-02-08,11672400,2021-01-25,12617600,2021-01-18,16703000,2021-01-11,41547800,2020-11-16,13305000,2020-11-09,12916000,2020-10-26,17405200,2020-10-19,24803300,2020-10-12,37691400,2020-10-05,21418800
DAC,2239402590.334298,weekly,2022-05-16,3044800,2022-04-04,3348000,2022-03-14,3374400,2022-02-07,3354300,2022-01-24,3741200,2022-01-17,3105300,2021-10-04,3090900,2021-05-10,3336800,2021-05-03,3612700,2021-03-22,4334600,2021-03-08,3138600,2021-03-01,3133200,2021-02-22,3448400,2021-02-08,3013100,2021-01-25,3868000,2021-01-11,5130500,2021-01-04,4067200,2020-12-14,3347600,2020-12-07,3007400,2020-11-23,4158900
MGNI,2682416834.289261,weekly,2026-06-15,23047700,2025-11-03,29120600,2024-05-13,26591100,2023-08-07,30319900,2022-11-07,28081500,2021-11-01,24055400,2021-05-10,25353100,2021-03-01,29128100,2021-02-22,28474700,2021-02-08,23960200,2021-02-01,27527600,2021-01-25,23123600,2021-01-18,22957200,2021-01-11,24809000,2021-01-04,51203500,2020-12-21,49474100,2020-12-14,24917500,2020-11-23,23653000,2020-11-16,25446600,2020-11-09,22439800
KNSL,7574521308.562949,weekly,2026-07-27,2080098,2026-07-20,1610600,2026-06-22,2755400,2026-05-11,1529200,2026-05-04,2358900,2026-04-27,1566200,2026-02-09,1694900,2025-12-08,1721400,2025-10-27,1993800,2025-10-20,1838200,2025-09-29,1458800,2025-04-21,1561600,2025-02-10,1564900,2024-04-29,2176400,2024-04-22,1527500,2024-02-12,1461700,2023-06-19,3218700,2020-12-28,4979800,2020-12-21,1684500,2020-03-16,1609700
GCMG,2493284591.5004086,weekly,2026-03-16,5231800,2026-03-09,4743600,2026-02-09,5406600,2025-12-01,4474300,2025-11-24,4631000,2025-11-17,5373200,2025-11-10,5273200,2025-11-03,4193200,2025-10-13,4133600,2025-09-15,5394600,2021-06-28,4571900,2021-06-21,14891500,2021-06-14,14151700,2021-06-07,7845900,2021-03-01,4396100,2021-01-04,4528500,2020-12-28,4579100,2020-12-21,7462700,2020-12-14,15784300,2020-12-07,9275600
FRHC,7895710452.247326,weekly,2023-08-21,3898400,2023-08-14,4881800,2023-02-13,4490900,2022-01-24,4015400,2022-01-10,4701800,2021-06-14,6009000,2021-04-12,3852200,2021-04-05,4485600,2021-03-29,4522400,2021-03-08,4106600,2021-03-01,5080100,2021-02-22,4053200,2021-02-08,7009600,2021-02-01,4656200,2021-01-18,3841800,2021-01-11,5447500,2021-01-04,3859300,2020-12-21,5598900,2020-12-14,7651000,2020-11-30,4075900
JOE,3789043260.008997,weekly,2026-05-04,2013500,2026-03-16,2225900,2025-04-05,2175400,2025-03-15,1884500,2024-12-14,1921000,2022-09-24,1848900,2022-09-17,1801300,2022-09-10,2094200,2022-06-11,2449100,2021-02-27,2669900,2021-02-20,2267300,2021-01-16,1983100,2021-01-02,2114600,2020-12-26,3108200,2020-12-12,4415900,2020-11-14,2032100,2020-10-03,2529400,2020-03-14,2738000,2020-03-07,2449300,2020-02-15,1915400
CAAP,4167574633.3333335,weekly,2026-02-09,1693100,2026-01-26,1720800,2025-09-22,2002900,2025-09-08,1691700,2025-03-10,7467300,2023-03-27,1987700,2021-04-26,6366300,2021-02-22,1768000,2020-12-07,2398800,2020-11-30,23449800,2020-11-09,2799700,2020-06-15,1848600,2020-06-01,1750000,2020-04-27,2007700,2020-04-20,3207500,2020-04-13,2490500,2020-04-06,2896000,2020-03-30,1903600,2020-03-23,1927800,2020-03-16,2462900
CTOS,2715548060.922306,weekly,2026-08-03,6594800,2026-07-27,10437901,2026-06-22,7343900,2026-05-04,6542400,2026-04-27,10582800,2026-03-09,6829700,2026-01-05,6774900,2025-11-17,5613000,2025-10-27,6057700,2025-09-08,6384700,2025-07-28,5914500,2025-07-14,6167500,2025-03-03,6659200,2025-01-27,5653500,2025-01-20,6167200,2024-05-06,5865300,2022-01-31,5876400,2021-11-15,8618400,2021-09-13,9600200,2020-11-30,28762200
AVPT,2308867356.4000006,weekly,2026-08-03,12160100,2026-07-27,13450538,2026-07-06,12987100,2026-06-22,14991600,2026-06-15,14945600,2026-05-04,16881500,2026-02-02,13634600,2026-01-12,12353800,2025-12-15,17270200,2025-12-01,13289000,2022-06-20,19390800,2022-03-14,12560600,2021-02-01,13872000,2021-01-25,13893800,2021-01-11,14985300,2020-12-21,13048400,2020-12-14,12279200,2020-12-07,21872700,2020-11-30,48223600,2020-11-23,60450100
JOYY,3346861608.0,weekly,2025-03-17,10292600,2022-03-14,16742700,2021-11-29,10120700,2021-08-23,22479400,2021-08-16,12518200,2021-05-31,8961400,2021-05-24,7734000,2021-03-29,9084500,2021-03-22,10107000,2021-02-15,9205300,2021-02-08,11059200,2021-02-01,9145600,2021-01-25,8106300,2020-11-30,8318000,2020-11-23,9637700,2020-11-16,54977200,2020-08-10,8157700,2020-07-06,8969500,2020-06-15,12810900,2020-03-16,11361200
CNK,3905382494.813717,weekly,2025-12-01,34465200,2021-08-23,53941900,2021-01-25,73843100,2020-12-14,38312200,2020-12-07,73054800,2020-11-30,94321400,2020-11-16,50587800,2020-11-09,107788800,2020-11-02,39392900,2020-10-19,57302000,2020-10-12,59319800,2020-10-05,89781400,2020-09-21,42139300,2020-09-14,35428800,2020-08-31,40561800,2020-08-24,42113800,2020-08-17,72125100,2020-08-03,42467500,2020-06-22,34156200,2020-03-16,63161900
HALO,8891230663.697664,weekly,2026-08-10,16731882,2026-08-03,14600500,2026-05-11,14575600,2026-02-16,13658800,2026-01-05,14181500,2025-12-08,16568700,2025-11-03,20653900,2025-08-04,13673400,2025-06-23,29003000,2025-05-12,31432300,2025-05-05,20727000,2024-11-18,16978300,2024-11-11,14261700,2023-03-13,17606400,2022-08-15,15537200,2021-02-22,20595700,2020-11-09,32456200,2020-11-02,20227000,2020-03-16,15879800,2020-02-24,13691100
ADEA,3399253187.3206058,weekly,2026-06-22,12036327,2026-06-08,11870453,2026-06-01,14124333,2026-05-11,16523112,2026-05-04,15113357,2022-06-13,14829854,2021-06-14,11422970,2021-03-15,11578106,2021-03-01,11591863,2021-02-22,12170212,2020-11-09,30989696,2020-09-14,18415295,2020-08-31,15509371,2020-08-10,14886961,2020-07-27,22771669,2020-06-15,21682415,2020-05-25,14440314,2020-03-02,12685768,2020-02-24,16680395,2020-01-06,11436636
MD,2026768980.2770636,weekly,2026-02-16,7499700,2025-11-01,8888800,2024-12-14,8671800,2024-06-15,12584500,2024-06-08,8577400,2024-06-01,10622700,2023-12-09,7729600,2020-12-12,7604800,2020-11-28,8036700,2020-11-14,7344600,2020-11-07,23931900,2020-06-20,13747400,2020-05-09,10036300,2020-05-02,7704300,2020-03-28,7591500,2020-03-21,8514300,2020-03-14,9139500,2020-02-29,11947500,2020-02-22,12414500,2020-02-15,9510300
MTG,5887889106.421052,weekly,2025-03-15,37095200,2023-03-11,44603800,2020-11-07,96248300,2020-10-31,43029900,2020-06-20,35190800,2020-06-13,39158100,2020-06-06,31375200,2020-05-30,35109100,2020-05-23,36608600,2020-05-16,33914600,2020-05-09,38256600,2020-05-02,34570300,2020-04-25,32924400,2020-04-18,31854300,2020-04-11,34485000,2020-04-04,43353500,2020-03-28,37044700,2020-03-21,40947600,2020-03-14,49858100,2020-03-07,30867100
FBNC,2628580210.858694,weekly,2026-07-13,1610900,2026-06-22,2026900,2026-01-17,1890000,2026-01-10,1507700,2025-12-13,1781800,2025-10-11,1500800,2025-09-13,1665800,2025-07-26,2461900,2025-07-19,2029200,2024-12-14,1533500,2024-07-20,1867200,2023-12-09,1835800,2023-03-11,3543000,2023-03-04,2039900,2021-12-11,2225900,2021-10-23,1640600,2021-10-09,4547100,2020-11-07,8264100,2020-10-31,2112300,2020-07-25,1864900
KNTK,8316206948.9015,weekly,2026-06-22,8526200,2026-05-04,7426700,2026-03-02,7492900,2026-02-23,11959100,2026-02-16,11367400,2026-02-02,7406300,2025-12-08,8274600,2025-11-03,7453700,2025-09-29,8287900,2025-09-15,7003400,2025-08-25,13578000,2025-07-14,7963900,2025-06-23,8163100,2025-06-02,8577200,2025-05-12,9237400,2025-04-07,7303000,2025-03-03,7020000,2025-02-24,7052300,2024-03-11,8327800,2020-11-02,26151600
SRRK,6561799934.438372,weekly,2026-06-22,16790700,2026-03-30,10764700,2026-03-02,10752100,2025-11-17,12934100,2025-11-10,13282700,2025-10-20,13168100,2025-10-13,27538600,2025-10-06,14971200,2025-09-29,9832200,2025-09-22,24607800,2025-09-15,11773900,2025-08-18,12999100,2025-08-04,12954900,2025-06-16,10212700,2024-10-07,64633500,2023-12-11,11100400,2022-06-20,10694900,2022-06-13,35203900,2020-11-02,13463600,2020-10-26,108138700
TILE,2074928150.182484,weekly,2026-06-22,3791100,2026-03-23,5516900,2026-03-16,3732800,2025-09-13,4044200,2025-03-15,4102500,2025-03-08,4051900,2025-02-22,4661000,2024-12-14,5578800,2024-11-02,3872500,2024-09-14,6357000,2024-03-09,3838600,2023-06-10,4688400,2021-12-11,3668600,2020-12-12,4477900,2020-11-21,3730300,2020-11-14,6750000,2020-10-24,7516600,2020-09-12,3722000,2020-09-05,3794600,2020-03-21,4533900
HOG,2651708455.2333074,weekly,2026-06-22,24282100,2026-05-04,22649300,2026-03-02,24355000,2026-02-09,30377400,2025-07-26,25174500,2025-02-01,21791400,2022-02-05,22136600,2021-12-11,31465800,2021-04-17,32503800,2021-01-30,36231900,2020-10-24,57543100,2020-07-25,26788900,2020-07-11,24206500,2020-06-20,22402900,2020-06-13,45739000,2020-06-06,26782300,2020-05-23,35831400,2020-05-16,28240500,2020-04-25,34220500,2020-03-21,22938100
TXNM,6324705956.187685,weekly,2026-06-29,10106800,2026-06-22,10052200,2026-06-15,9215700,2026-06-08,14415800,2026-05-04,10783500,2026-03-16,8840400,2025-06-21,9094700,2025-05-17,25095400,2025-03-15,9011100,2025-03-08,9498300,2024-02-24,8741300,2024-02-03,9815500,2024-01-20,10303100,2024-01-13,8945900,2023-12-30,24781600,2021-12-04,11539600,2020-11-07,8555300,2020-10-31,10726800,2020-10-24,14232000,2020-10-17,48871600
AGO,3532412191.351341,weekly,2021-01-11,4582100,2020-11-09,5387400,2020-10-26,4580800,2020-10-12,6051800,2020-10-05,29029100,2020-09-28,9103300,2020-09-21,5049500,2020-09-14,5282900,2020-08-03,4771600,2020-06-22,4579400,2020-06-15,5012900,2020-05-18,4865700,2020-05-11,4922900,2020-04-20,4709300,2020-04-13,6255000,2020-04-06,4887400,2020-03-30,6145000,2020-03-23,7496000,2020-03-16,10926800,2020-03-09,5711500
RNST,4000919034.359021,weekly,2026-08-10,4211516,2026-07-06,4352900,2026-06-22,4457700,2026-05-11,4349500,2026-03-16,4652600,2026-03-02,4373900,2026-02-23,4991800,2026-01-31,4985100,2025-10-25,4142200,2025-04-19,6826200,2025-04-12,5999400,2025-04-05,7160600,2025-03-29,14574100,2025-03-22,4372700,2025-03-15,4323000,2024-12-14,6142400,2024-08-03,6957200,2024-07-27,13505100,2020-10-03,14643400,2020-09-26,4654800
SSD,8641516469.339727,weekly,2026-07-27,2132660,2026-06-22,2336500,2026-04-27,2038000,2026-04-20,1997100,2025-11-29,1935800,2025-10-25,1922300,2025-07-26,2837100,2024-12-14,2295400,2024-07-20,2177600,2024-06-22,6860800,2024-04-20,3650600,2022-09-10,2010200,2020-10-03,10488400,2020-09-26,2075600,2020-07-25,1951800,2020-03-28,2380800,2020-03-21,2543400,2020-03-14,2955500,2020-03-07,2698600,2020-02-29,2349100
CPK,3022199617.340122,weekly,2026-07-27,1357709,2026-07-06,1462100,2026-06-22,1586800,2026-03-16,1250700,2025-09-13,993700,2025-06-21,1112600,2025-04-05,1151000,2024-09-14,1021000,2024-06-22,1121100,2024-01-27,1239600,2024-01-20,937300,2023-12-16,1083100,2023-12-09,1238700,2023-11-25,1226500,2023-11-11,3283200,2023-11-04,2534100,2021-06-19,969100,2020-12-12,940300,2020-09-26,5315200,2020-06-20,1596500
GTX,6572188168.811483,weekly,2026-07-27,16200749,2026-06-22,19145200,2026-05-04,18981700,2026-04-27,17973100,2025-12-15,16798600,2025-11-03,19267800,2025-10-27,24941500,2025-10-20,25933900,2025-09-22,16441800,2025-09-15,28970600,2025-08-18,35837300,2025-08-11,19648900,2025-06-23,34527000,2025-05-26,16549000,2023-12-11,18045100,2020-09-28,16665200,2020-09-21,77544900,2020-09-14,35800900,2020-08-31,36419900,2020-08-24,19461300
GLNG,5055081694.916284,weekly,2026-03-23,19030300,2026-03-16,24357000,2026-03-02,16493900,2025-06-23,15983600,2025-04-07,14249000,2025-03-10,14149600,2025-03-03,14429400,2024-03-11,12221600,2022-03-28,13236700,2022-03-21,12112000,2021-05-17,16049200,2021-03-15,12507400,2021-01-11,21021100,2020-11-30,13664300,2020-09-28,21304900,2020-09-21,27443500,2020-04-06,15555900,2020-03-09,15212700,2020-02-24,12580100,2020-01-27,12310800
HRB,4718014501.486305,weekly,2026-08-10,25171833,2026-01-31,20182800,2022-05-14,24938000,2022-05-07,23804400,2021-06-12,20801300,2021-01-23,25176700,2020-12-12,20576000,2020-12-05,26690900,2020-09-26,21372800,2020-09-19,33444800,2020-09-12,68212900,2020-08-29,22718800,2020-06-20,25030300,2020-06-13,27805800,2020-04-25,22028400,2020-03-21,27133400,2020-03-14,23130900,2020-03-07,29913600,2020-02-29,22813800,2020-01-25,21101600
DOCU,8632605658.81088,weekly,2026-02-23,43152700,2025-06-02,38073600,2024-10-07,61033200,2023-12-11,63656300,2023-12-04,48007900,2023-06-12,38620800,2023-06-05,56193000,2023-03-06,48529900,2022-12-12,71413700,2022-12-05,55779200,2022-09-05,54882400,2022-06-13,45140500,2022-06-06,65720400,2022-03-14,49252000,2022-03-07,74161300,2021-12-06,83210700,2021-11-29,90132600,2020-11-30,42033000,2020-08-31,108674500,2020-06-15,40083000
BKU,3580300999.799403,weekly,2026-07-20,8668200,2026-06-22,7591100,2026-04-20,6907800,2025-10-27,7274100,2025-10-13,7140000,2025-10-06,7803700,2024-07-15,8332200,2023-07-24,7176500,2023-05-01,9655400,2023-04-24,8278700,2023-03-20,7678400,2023-03-13,18184100,2022-04-04,6779900,2020-08-31,24115300,2020-08-24,11261000,2020-06-22,13684600,2020-06-01,7162700,2020-04-27,7198300,2020-03-16,7879700,2020-03-09,6865400
CORT,9373941102.047903,weekly,2026-07-27,11941408,2026-03-23,19133600,2026-02-16,15972900,2026-01-26,12111600,2026-01-19,12914700,2026-01-05,14365000,2025-12-29,30304500,2025-06-23,15268600,2025-06-02,11948900,2025-03-31,29334500,2024-01-22,12676800,2024-01-15,11194000,2024-01-01,12602000,2021-12-13,29985300,2021-12-06,24504100,2020-11-16,12808400,2020-09-14,12767500,2020-09-07,13163700,2020-08-31,110667700,2020-03-16,11311900
LAD,6661580404.339636,weekly,2026-07-27,4285511,2025-07-26,2931000,2025-01-18,3497600,2023-04-15,2870400,2023-03-11,2878100,2022-11-05,3557700,2022-10-15,3896800,2022-10-01,2723900,2022-05-07,2768000,2022-02-05,2985400,2021-12-11,2979200,2021-11-13,2865700,2021-10-16,2702200,2021-07-17,2751400,2021-06-19,5444200,2021-05-15,5462400,2020-10-03,3027400,2020-09-26,5576800,2020-08-29,6355500,2020-07-18,3216000
URBN,6297604470.892251,weekly,2025-11-22,22332300,2025-08-23,18224300,2025-05-17,24861000,2025-04-05,18605100,2025-03-29,17304500,2024-11-23,17744700,2024-08-17,22064900,2024-02-24,20489900,2023-11-18,17557700,2023-05-20,24243800,2022-06-11,25804900,2022-05-21,27437100,2022-02-26,16960800,2021-08-21,21192500,2021-05-22,18482000,2020-08-22,30886700,2020-06-20,18621400,2020-05-16,24980900,2020-03-07,17254800,2020-02-29,21769000
FBK,2879646287.7756352,weekly,2026-07-27,2292918,2026-07-13,2349000,2026-06-22,2557700,2026-04-13,2414200,2026-03-16,2304500,2025-12-15,3121700,2025-10-13,3583500,2025-10-06,2822500,2025-09-29,2415800,2025-09-15,2625800,2025-08-18,2105100,2025-08-11,2338100,2025-07-28,2376700,2025-07-21,2244200,2025-07-14,4758300,2025-06-30,2482500,2021-06-14,2073900,2021-06-07,2832500,2020-08-17,2610200,2020-08-10,7049800
CXW,3042797773.0224643,weekly,2026-08-10,11451448,2025-02-08,11385100,2024-11-02,18339400,2024-06-08,12202100,2021-06-05,25220000,2021-04-10,12325300,2021-04-03,29260200,2021-03-13,15331200,2021-02-20,21080700,2021-02-06,11559200,2021-01-23,26928300,2021-01-16,11966100,2021-01-02,17859500,2020-12-26,18111800,2020-10-31,18824300,2020-10-17,12106900,2020-08-08,40311500,2020-06-20,12515300,2020-06-13,20268400,2020-03-14,11574800
ALRM,2292003388.029045,weekly,2026-06-22,4333500,2026-06-15,3214000,2026-02-23,3708100,2025-09-22,3310100,2024-12-16,3174900,2024-09-09,3263500,2024-06-24,5741600,2024-05-27,5568400,2021-01-11,3491800,2020-08-03,7659400,2020-06-22,3114200,2020-06-15,4987400,2020-06-01,4099600,2020-05-25,5246300,2020-05-18,6147500,2020-03-23,3322800,2020-03-16,5918800,2020-03-09,3947900,2020-03-02,4579800,2020-02-24,3969300
ADT,4696329550.628572,weekly,2026-05-04,150875800,2026-02-02,174245000,2025-07-28,84287600,2025-07-21,90425100,2025-06-16,85480700,2025-06-09,86935400,2025-06-02,134598100,2025-05-19,100155900,2025-05-12,106258900,2025-05-05,119681200,2025-04-28,96624900,2025-04-21,90352900,2025-04-07,85469500,2025-03-31,93651300,2025-03-17,124088700,2025-03-10,89257400,2025-03-03,141515000,2025-02-24,93004500,2024-03-11,86325200,2020-08-03,236851800
REXR,7753417572.729851,weekly,2026-07-27,18074000,2026-07-20,16011100,2026-04-20,15704200,2026-04-13,15295000,2026-03-16,15917800,2026-02-09,15308500,2025-10-13,15726100,2025-09-08,15733400,2025-07-14,27583500,2025-07-07,16659500,2025-05-26,16710600,2025-04-07,20359400,2025-03-10,15319800,2025-02-03,15548300,2024-12-16,15717600,2024-04-15,25163700,2024-03-25,18815500,2022-06-27,15392500,2020-07-27,31455100,2020-06-22,18203100
PRK,3331671098.677734,weekly,2026-07-27,979867,2026-06-22,883700,2026-06-15,548500,2026-03-16,1050600,2025-07-05,583200,2024-09-14,584600,2024-07-13,532200,2023-12-09,589400,2023-03-11,706200,2023-01-14,536500,2022-12-03,687800,2022-01-29,605700,2021-12-11,874200,2020-09-19,523400,2020-08-01,1030300,2020-07-25,4032600,2020-05-23,1610400,2020-05-16,508900,2020-04-18,538200,2020-03-14,557800
BANF,3848328398.324625,weekly,2026-07-27,1105192,2026-06-22,1757100,2026-06-15,1090500,2026-03-16,1392800,2025-09-13,1160400,2025-07-12,1145500,2025-01-25,1048500,2024-09-14,2052100,2023-09-09,1544800,2023-03-11,1304800,2022-09-10,1535100,2022-07-23,990100,2022-06-18,1171100,2022-05-07,1124500,2022-03-12,1288700,2021-09-11,1760700,2020-07-25,5944400,2020-06-13,1252700,2020-03-14,997500,2020-03-07,1097700
FHB,3594727241.0017066,weekly,2026-08-10,8633088,2026-07-27,13307152,2026-07-20,12043400,2026-07-13,14593500,2026-06-22,10318000,2026-05-04,10505800,2026-04-27,10006000,2026-04-20,12236000,2026-04-06,8539300,2026-03-23,8760500,2026-03-16,8506100,2026-02-02,9529800,2026-01-26,12044700,2025-11-17,8580600,2023-05-01,8650500,2023-03-13,12546400,2020-09-14,8567400,2020-07-20,43898800,2020-03-09,8925500,2020-03-02,10294100
NNI,4829892161.895642,weekly,2026-08-10,849184,2026-08-03,806400,2026-06-22,1060200,2026-05-11,848200,2026-04-20,755800,2026-03-30,818500,2026-03-23,987100,2026-03-16,1168300,2025-12-15,1237600,2025-12-08,771600,2025-09-15,793000,2024-06-24,757700,2022-06-20,910700,2022-06-13,862700,2020-07-13,787700,2020-07-06,1449400,2020-06-29,1058300,2020-06-22,920100,2020-06-15,948700,2020-03-16,829000
MHK,7299748534.347768,weekly,2026-08-03,6146300,2026-07-27,8465739,2026-05-04,6093600,2026-04-27,6518700,2026-03-16,6074700,2026-03-02,6551700,2026-02-09,6260400,2025-12-13,17460500,2024-10-19,6552700,2024-07-20,7431200,2023-12-09,7480600,2023-11-25,7351000,2023-07-22,6047800,2020-07-18,6029400,2020-07-11,12832100,2020-07-04,20324300,2020-06-20,6613200,2020-03-28,6071800,2020-03-21,6177700,2020-03-14,7546600
SAIC,4662710483.385351,weekly,2026-03-16,5624100,2026-02-09,5278600,2025-12-15,4241300,2025-12-01,6302300,2025-06-02,6389800,2025-04-07,4658100,2025-03-31,5216000,2025-03-17,7493200,2025-03-10,5502200,2025-03-03,5751600,2024-12-16,4244500,2024-11-11,4163800,2022-09-12,4515000,2022-03-14,4205600,2021-03-22,5211700,2020-06-22,11550600,2020-06-15,4236200,2020-06-08,4549000,2020-04-27,4030400,2020-03-23,4084400
CRUS,7391323369.064165,weekly,2026-01-31,6069100,2025-08-02,5185500,2025-04-05,5408900,2025-02-01,6875300,2024-11-02,5586200,2024-02-03,5825400,2023-04-08,5986200,2023-01-28,5363700,2022-10-29,5221000,2022-01-29,7469100,2021-05-01,5150700,2021-04-24,5825300,2021-02-27,5399400,2021-01-30,6744900,2020-08-01,8030800,2020-06-20,14309800,2020-06-06,5340500,2020-03-21,4980000,2020-03-14,6162700,2020-01-25,6657200
FCN,4554764694.757122,weekly,2026-07-27,2929167,2026-06-22,3886400,2026-06-15,3316400,2026-05-11,4507600,2026-02-23,5144300,2025-10-18,3689900,2025-07-19,2943100,2025-04-19,3102200,2022-10-22,4220200,2021-03-20,3185100,2020-11-28,3353300,2020-11-07,4093900,2020-10-31,3112800,2020-10-24,5290300,2020-06-20,7067800,2020-06-13,3354700,2020-03-21,3515000,2020-03-14,4693500,2020-03-07,3203000,2020-02-22,3093500
FR,8711505508.351915,weekly,2025-10-11,8485400,2025-07-12,11331400,2025-06-28,8697600,2025-04-12,8564300,2025-04-05,12101100,2025-03-01,7956400,2025-02-01,12108400,2024-10-12,9051000,2024-09-21,10680800,2024-07-13,9192800,2024-04-13,8844900,2024-02-24,8152000,2022-10-08,8560700,2022-10-01,8956900,2022-09-24,9459300,2021-12-11,10394000,2021-08-28,9909200,2020-06-20,21334400,2020-06-13,10499400,2020-03-21,8766600
GAP,7275174188.693375,weekly,2025-08-23,85231300,2025-05-24,112783600,2025-03-01,79705600,2024-11-16,77099400,2024-05-25,99391600,2024-03-02,78754000,2023-11-11,104599600,2023-05-20,82379300,2022-05-21,122575700,2022-02-26,86175100,2022-01-29,99728100,2021-11-27,77051700,2021-11-20,96554200,2020-11-21,88364100,2020-10-17,87586900,2020-08-22,94342900,2020-06-27,87451600,2020-06-20,190198400,2020-06-06,93257500,2020-05-30,109374700
MSA,6580453270.077437,weekly,2026-08-03,2151000,2026-07-27,2371709,2026-06-22,1631600,2026-06-15,1803700,2026-06-08,2014000,2026-05-25,1756400,2026-05-11,1767200,2026-05-04,1777400,2025-11-29,1623100,2025-10-25,2138600,2025-09-13,1958800,2025-08-09,1580300,2025-04-26,1572100,2025-04-05,1814700,2024-12-14,1599100,2020-06-20,5442900,2020-05-09,1629600,2020-03-14,2079900,2020-03-07,2367500,2020-02-15,1574500
RGEN,8292501280.211389,weekly,2026-07-27,8231520,2026-07-20,8983400,2026-06-22,7072700,2026-05-11,8759500,2026-05-04,6936000,2026-04-20,6211600,2026-03-09,5907000,2026-02-23,5786800,2025-11-08,5862400,2025-10-25,6602400,2025-10-18,6265000,2025-09-27,6037000,2025-07-26,6779200,2025-07-19,6263900,2025-04-05,6082600,2024-11-09,5833400,2024-07-27,7237300,2023-10-28,7159700,2022-11-26,5721200,2020-06-20,9536200
EAT,7353540745.406493,weekly,2025-10-25,14055000,2025-04-26,17294100,2024-08-10,19814100,2020-08-08,21036000,2020-06-27,15484100,2020-06-20,27855300,2020-06-13,18361300,2020-06-06,16962700,2020-05-30,18485600,2020-05-16,16422700,2020-05-09,16210100,2020-05-02,24521700,2020-04-25,26313800,2020-04-18,14865000,2020-04-11,13990900,2020-04-04,15280200,2020-03-28,14894400,2020-03-21,21167500,2020-03-14,22116000,2020-03-07,14126000
REZI,4688157327.050093,weekly,2026-08-10,22342288,2026-07-13,10136400,2026-05-11,14157000,2026-02-23,10557200,2026-01-26,9988900,2025-11-10,15345500,2025-11-03,15349300,2025-09-15,19824600,2025-08-11,13358200,2025-07-28,12495200,2024-12-16,13573800,2024-09-16,12360200,2024-03-11,15615400,2020-11-16,25572500,2020-11-02,10438200,2020-06-22,22038800,2020-06-15,33313000,2020-03-16,11509900,2020-03-09,10305100,2020-02-24,12046600
QLYS,4341200505.586625,weekly,2026-08-03,5628900,2026-07-27,4501860,2026-07-06,3993700,2026-06-22,3984700,2026-05-04,5412700,2026-04-27,4030000,2026-04-13,5725100,2026-04-06,5316900,2026-03-16,4006900,2026-02-23,5266100,2026-02-02,5045800,2025-11-03,4403700,2024-11-04,6859300,2024-05-06,4026500,2024-02-05,6372000,2022-03-14,3960700,2021-02-08,4674700,2020-12-14,4946500,2020-06-15,9377700,2020-03-16,3876700
FCPT,2807384559.514788,weekly,2026-06-22,6615600,2026-04-06,5702700,2026-01-12,6360800,2025-12-15,5702800,2025-06-16,6676800,2025-04-07,6465600,2025-03-31,6078800,2025-03-17,6376000,2025-03-10,6263400,2025-02-24,5627400,2024-12-16,6608500,2024-09-16,5471600,2023-12-11,5502100,2023-12-04,6367600,2021-06-21,6018600,2020-06-15,7529600,2020-06-08,5869900,2020-05-11,5378400,2020-03-23,6850000,2020-03-16,7274400
ENPH,6270959079.627197,weekly,2026-05-18,49117600,2026-05-11,59756400,2026-04-27,47199100,2026-02-02,90344700,2025-11-03,46842700,2025-10-27,65125400,2025-09-15,71916900,2025-08-11,52520900,2025-07-21,75600800,2025-06-23,57648300,2025-06-16,68583100,2025-05-19,56598800,2025-05-12,54307800,2024-11-04,46452100,2023-12-11,48482100,2023-04-24,50014200,2021-01-04,53073300,2020-06-15,115797400,2020-04-27,49521300,2020-02-17,72156300
BFH,4294058903.4555073,weekly,2025-04-07,10122800,2024-09-09,10083000,2023-06-05,9922500,2022-10-31,15865500,2022-06-20,11408200,2020-10-26,10095546,2020-07-20,10032646,2020-06-22,12128288,2020-06-15,21523909,2020-06-08,14595571,2020-06-01,12828088,2020-05-25,13187324,2020-05-11,12445799,2020-04-27,13235438,2020-04-20,13856551,2020-04-13,11443273,2020-04-06,12148964,2020-03-23,13292201,2020-03-16,20350725,2020-03-09,11919914
LXP,3277759666.6274366,weekly,2026-08-03,5314000,2026-07-20,5017100,2026-06-22,4159000,2025-12-13,4446600,2025-11-15,4234700,2025-11-08,5933120,2025-11-01,4566380,2025-10-04,4008800,2025-09-27,4416500,2025-09-13,4222140,2025-07-26,4542540,2025-07-12,4127420,2025-06-21,4947940,2025-04-05,4544200,2023-06-10,3920100,2022-04-09,4146860,2022-04-02,5678960,2021-05-08,5028300,2020-06-13,5997820,2020-05-09,5168320
HXL,7280231832.144268,weekly,2026-04-20,9147800,2026-01-24,10730500,2025-12-06,9415000,2025-10-18,10605000,2025-07-19,9416000,2025-04-19,11442400,2025-01-18,10593500,2024-04-06,11017200,2020-11-07,18464800,2020-06-20,10262200,2020-06-13,23125600,2020-05-30,9078900,2020-05-09,9337900,2020-05-02,10050600,2020-04-25,11059500,2020-04-18,9141300,2020-04-11,9359500,2020-04-04,11424000,2020-03-21,9608900,2020-01-11,14096600
DDS,9027428910.633978,weekly,2021-05-15,3200900,2021-02-20,3379600,2021-01-23,8112400,2021-01-09,3840100,2020-10-10,6681500,2020-10-03,3420100,2020-08-15,4087400,2020-08-08,4477900,2020-06-20,4829600,2020-06-13,8139100,2020-06-06,5504100,2020-05-30,4395100,2020-05-16,4023200,2020-05-09,5170700,2020-04-25,4574300,2020-04-18,4990600,2020-04-11,3348500,2020-03-28,3379800,2020-03-14,3225200,2020-02-22,3443100
MIDD,7838385327.399197,weekly,2025-08-09,6800600,2025-08-02,10067700,2025-04-05,9753400,2025-01-25,6572000,2021-04-17,8826900,2021-02-27,6143200,2020-09-19,7507600,2020-08-15,6894200,2020-06-20,8754600,2020-06-13,16570500,2020-05-30,6666900,2020-05-23,8654000,2020-05-09,7944000,2020-05-02,9562700,2020-04-25,7449900,2020-04-18,8566400,2020-04-11,7350500,2020-04-04,6829900,2020-03-21,10240700,2020-03-14,11524600
NNN,9031080372.024368,weekly,2026-06-22,10378400,2026-04-27,12078700,2025-04-05,13798600,2025-02-08,12131000,2024-11-02,9827500,2023-12-09,12238800,2023-10-28,14111200,2023-09-30,10275600,2023-07-29,18835100,2020-11-28,17838400,2020-11-07,11143300,2020-06-20,11415800,2020-06-13,19443100,2020-05-30,10091500,2020-05-23,11687300,2020-05-09,9986700,2020-04-25,14739100,2020-03-28,12833200,2020-03-21,10505000,2020-03-14,14848000
ARLP,3149567419.9918137,weekly,2023-01-28,6335900,2022-04-23,4998800,2022-02-26,5753500,2021-10-16,4978800,2021-10-02,5373700,2021-09-25,5282000,2021-04-24,5054800,2021-01-30,5355700,2020-10-31,4804500,2020-06-13,7860600,2020-06-06,6750400,2020-05-30,6794800,2020-04-25,5609400,2020-03-28,4994800,2020-03-14,5631100,2020-03-07,5758500,2020-02-22,5511900,2020-02-08,5069200,2020-02-01,7757200,2020-01-25,5488000
GBCI,6772623634.051181,weekly,2026-08-03,5943200,2026-07-27,6767659,2026-07-20,6495600,2026-06-22,9511400,2026-06-08,5480900,2026-03-09,7007900,2026-03-02,6062600,2026-01-31,8122200,2026-01-24,6330800,2025-12-13,7077700,2025-10-11,6958100,2025-09-27,7413300,2024-09-14,5261800,2024-01-27,7358500,2024-01-20,6208800,2023-12-09,6911200,2023-06-10,6817000,2023-04-29,6129800,2023-03-11,8816900,2020-06-13,18438600
PK,2976127809.7652707,weekly,2026-06-22,49392300,2025-04-07,37874600,2020-11-09,56662800,2020-09-14,36355100,2020-08-03,39840300,2020-07-13,44517000,2020-06-22,38908400,2020-06-15,42935500,2020-06-08,59554900,2020-06-01,59013300,2020-05-25,38895400,2020-05-18,55267000,2020-05-11,51438100,2020-05-04,34632600,2020-04-27,56263300,2020-04-20,39494400,2020-04-13,44173700,2020-04-06,46788600,2020-03-23,58730500,2020-03-16,57790500
NCLH,9751499117.262154,weekly,2021-11-29,190155000,2021-03-01,207787500,2020-11-16,211178300,2020-11-09,189109000,2020-08-24,199314300,2020-08-10,184617700,2020-07-20,198736600,2020-07-13,301014300,2020-06-29,192350400,2020-06-22,299415800,2020-06-15,374716400,2020-06-08,551713200,2020-06-01,401484400,2020-05-25,335058000,2020-05-18,376293600,2020-05-11,248797500,2020-05-04,483219400,2020-04-27,229434300,2020-04-06,179320400,2020-03-23,217047400
CLDX,2767630508.9052505,weekly,2026-06-22,9784400,2026-03-30,7619900,2026-02-23,8767200,2025-09-06,7671800,2025-08-16,10353000,2025-08-09,7943300,2025-06-07,7525800,2024-09-21,18214500,2024-03-02,7684900,2024-02-24,12104700,2023-11-04,12123700,2022-07-02,7445900,2022-06-25,8507500,2021-07-10,18380000,2021-06-19,7600300,2021-03-27,11318200,2020-09-26,8963200,2020-06-13,31325100,2020-06-06,109017900,2020-02-15,8936700
M,6828465744.63502,weekly,2021-11-13,166469200,2021-08-14,239809000,2021-01-23,272713900,2020-11-28,168108500,2020-11-21,209045100,2020-11-14,233387200,2020-11-07,160883600,2020-08-29,253062700,2020-06-20,187680500,2020-06-13,228136600,2020-06-06,395950100,2020-05-30,327255800,2020-05-23,289453000,2020-05-16,194204100,2020-05-09,164495200,2020-04-25,218714400,2020-04-18,169858700,2020-04-04,169745300,2020-03-28,246332100,2020-03-21,208539100
HHH,4315031378.237708,weekly,2026-03-09,4663700,2025-06-23,3324300,2025-05-19,3400100,2025-05-12,4126500,2025-05-05,6556200,2025-02-24,3434900,2025-02-17,7313900,2025-01-13,3574100,2024-08-05,3276900,2024-04-08,3821192,2022-06-13,3206479,2021-01-04,5417667,2020-06-08,4380939,2020-06-01,10150754,2020-05-25,3053744,2020-05-04,3285783,2020-04-13,3060038,2020-04-06,3310330,2020-03-30,4045785,2020-03-23,5481340
NMRK,2710840236.235686,weekly,2026-07-27,10446350,2026-06-22,9809300,2026-04-27,9707300,2026-03-23,10527100,2026-03-16,9966000,2026-03-02,10264300,2026-02-09,10588000,2025-07-28,12442100,2024-10-07,10083700,2022-12-12,9842800,2022-06-20,12262500,2022-06-13,12932000,2022-05-09,13583600,2022-05-02,10991300,2022-02-21,9760200,2020-10-05,10654900,2020-06-01,17285000,2020-04-06,11541400,2020-03-30,11834500,2020-03-16,16525000
NMIH,3085978246.2614417,weekly,2025-04-28,6161200,2023-10-02,5866300,2021-12-13,7599800,2021-05-03,6180600,2021-02-22,6348000,2020-08-03,6443700,2020-07-06,6120300,2020-06-22,8034800,2020-06-15,8374500,2020-06-08,9814800,2020-06-01,19440100,2020-05-18,6079300,2020-05-04,6025400,2020-04-20,5913800,2020-04-13,5843100,2020-04-06,7606600,2020-03-30,6076700,2020-03-23,7570200,2020-03-16,9314800,2020-02-10,8545100
PPC,6806946706.819946,weekly,2026-07-27,11330890,2026-06-22,8867100,2026-04-27,8783500,2025-11-01,10806000,2025-10-25,11640200,2025-10-04,12722000,2025-09-20,9964400,2025-09-13,8984600,2025-04-26,10069300,2025-03-15,15667600,2025-02-08,9330200,2024-12-14,10235400,2024-09-28,11931300,2024-09-21,12737100,2024-09-14,15428100,2022-03-05,8853200,2022-02-26,9892000,2022-02-12,12457000,2021-08-07,10256600,2020-05-30,19099100
WERN,2564066310.104739,weekly,2026-07-27,12867875,2026-06-22,7054500,2026-04-27,7194800,2026-03-09,6588800,2026-02-09,8494100,2026-01-31,10601300,2026-01-10,6857700,2025-10-25,11051800,2025-10-18,6966700,2025-10-11,9347900,2025-07-26,7590300,2025-04-26,9773800,2025-04-05,6604500,2024-06-15,15407900,2022-04-02,8211900,2020-10-24,6631900,2020-07-25,7500000,2020-06-13,6710000,2020-06-06,11660100,2020-05-30,17574600
CAKE,3993709694.3711576,weekly,2026-07-27,14800951,2025-10-25,13714100,2025-02-22,14922500,2021-07-24,14917700,2021-01-23,13751600,2020-06-27,13890200,2020-06-20,20557800,2020-06-13,22100100,2020-06-06,25166100,2020-05-30,34889800,2020-05-23,16205900,2020-05-09,17649200,2020-05-02,19123900,2020-04-25,21925800,2020-04-18,17898800,2020-04-11,15626500,2020-04-04,19742800,2020-03-28,18644400,2020-03-21,29500400,2020-03-14,22137400
PLMR,3347968996.897488,weekly,2026-06-22,2041900,2026-05-04,2377900,2026-02-09,2005100,2025-09-15,2015300,2025-08-04,4408600,2025-05-05,2085000,2025-04-07,2320500,2020-12-14,2402000,2020-12-07,2016000,2020-11-16,2137600,2020-11-09,2168500,2020-10-05,5130200,2020-09-14,2348500,2020-06-22,2205600,2020-06-01,2140200,2020-05-25,6051400,2020-04-20,2087100,2020-03-16,2325900,2020-01-13,2325400,2020-01-06,3514200
ESNT,5898704586.193694,weekly,2026-06-22,6693000,2025-03-17,6127900,2022-01-24,6179000,2021-05-10,6416100,2021-03-01,6110400,2020-07-13,6165500,2020-07-06,5804400,2020-06-22,8360900,2020-06-15,7129500,2020-06-08,11075600,2020-06-01,15421200,2020-05-25,30263000,2020-05-18,5831500,2020-05-11,6552200,2020-04-20,7103100,2020-04-13,8469800,2020-04-06,8349800,2020-03-30,6122600,2020-03-23,9525600,2020-03-16,11915200
KTB,4603634781.005757,weekly,2026-08-10,5725856,2026-05-04,5851900,2026-03-02,7973200,2025-12-15,6164700,2025-08-04,6101100,2025-03-17,6087300,2025-02-24,6813900,2024-03-11,8197300,2020-10-26,5953800,2020-07-27,6196600,2020-06-01,11174800,2020-05-25,22299100,2020-05-18,8139700,2020-05-11,7355300,2020-05-04,8611500,2020-04-27,9127300,2020-04-13,6725900,2020-04-06,7081500,2020-03-30,9332800,2020-03-23,6721400
HP,3377666077.700676,weekly,2025-08-02,16652200,2025-06-07,15527100,2025-05-17,14937000,2025-02-01,16397800,2024-01-27,16295100,2021-06-19,18774800,2020-06-13,14611000,2020-05-30,14905600,2020-05-23,14265300,2020-05-16,45747600,2020-05-02,15160700,2020-04-25,35196900,2020-04-18,18083700,2020-04-11,14250300,2020-03-28,15201100,2020-03-21,16820900,2020-03-14,23545700,2020-03-07,25195000,2020-02-29,14286500,2020-01-25,25874300
PENN,2928492776.364239,weekly,2024-06-15,62752700,2023-08-05,100073900,2021-10-30,82008900,2021-03-13,63408000,2020-09-26,54235200,2020-09-19,73484600,2020-09-12,78717300,2020-08-08,58310600,2020-08-01,54939900,2020-07-11,51119300,2020-06-20,83849200,2020-06-06,68654500,2020-05-30,88013400,2020-05-23,95828400,2020-05-16,145430700,2020-05-09,103441300,2020-04-25,53583900,2020-03-28,50527900,2020-03-21,90142300,2020-03-14,102598300
DPZ,9918978162.26822,weekly,2026-06-22,6273300,2026-04-27,9029900,2026-03-16,5712900,2026-03-09,5800300,2026-02-23,6727300,2024-10-07,6467400,2024-07-22,6113100,2024-07-15,6852000,2023-02-27,6151500,2023-02-20,7699700,2022-10-10,7042600,2021-07-19,6167600,2021-02-22,6001900,2020-10-05,8933800,2020-07-13,5720300,2020-05-11,13578400,2020-04-20,6064100,2020-03-16,6597100,2020-02-24,7934500,2020-02-17,8704500
YETI,3879583625.362927,weekly,2026-08-10,18049000,2025-11-03,15878000,2025-08-04,17782800,2025-07-21,19595400,2025-05-12,17520700,2025-05-05,17747500,2025-04-07,15340200,2025-02-10,15981100,2024-11-04,19642900,2024-05-06,18717800,2024-02-12,17882000,2023-11-06,14594400,2021-06-21,14489000,2021-01-18,24387000,2020-05-11,26830100,2020-04-13,21655400,2020-03-09,15346600,2020-02-24,14936300,2020-02-17,16801300,2020-02-10,14816900
BCO,3874722792.015024,weekly,2026-07-27,3911433,2026-05-11,3352600,2026-03-16,3287400,2026-03-02,4447600,2026-02-23,4664800,2021-10-30,4892600,2020-11-14,4431500,2020-11-07,3466300,2020-09-19,3492800,2020-07-25,6526100,2020-07-18,3346100,2020-07-04,3408200,2020-06-20,4057800,2020-06-13,3337200,2020-06-06,3541100,2020-05-30,3820100,2020-05-09,7073200,2020-05-02,5096800,2020-03-14,3964400,2020-02-01,3471300
UNFI,2973305408.757853,weekly,2025-09-27,12076000,2025-06-07,12090300,2024-09-28,12679800,2023-12-09,18861800,2023-09-23,10702900,2023-06-10,10413500,2023-03-04,10361100,2021-09-25,17480000,2021-06-05,12672600,2021-03-06,15721400,2021-01-23,17100800,2021-01-09,10296900,2020-12-12,13333000,2020-12-05,14671700,2020-09-26,20292900,2020-06-06,19172900,2020-05-09,38843600,2020-03-21,12792700,2020-03-14,25450500,2020-03-07,11785000
TNL,4871382744.931795,weekly,2026-04-20,7104700,2023-07-24,5932900,2022-10-24,6185400,2022-09-26,6514400,2021-07-26,7539100,2020-07-20,7583700,2020-06-22,7883200,2020-06-15,8777700,2020-06-08,7812400,2020-06-01,7730900,2020-05-25,6565100,2020-05-18,6579900,2020-05-04,6986700,2020-04-27,10536700,2020-04-13,9157000,2020-04-06,7418100,2020-03-30,6031600,2020-03-23,8566600,2020-03-16,9827600,2020-03-09,9343000
TNK,2355435824.892288,weekly,2021-06-21,5347200,2020-08-10,5748300,2020-06-29,5926500,2020-06-22,10111300,2020-06-15,9243200,2020-06-08,7384500,2020-06-01,6338100,2020-05-25,6846800,2020-05-18,10118500,2020-05-11,5983000,2020-05-04,7801800,2020-04-27,12674000,2020-04-20,12021900,2020-04-13,6532600,2020-04-06,6484800,2020-03-30,10222700,2020-03-23,6330000,2020-03-16,6124800,2020-03-09,8442400,2020-02-24,5395700
PCTY,5694410945.26672,weekly,2026-08-10,4504075,2026-08-03,5691300,2026-07-27,4673759,2026-07-06,4408700,2026-06-22,4991900,2026-05-11,4400000,2026-05-04,5528600,2026-04-06,5597900,2026-03-02,4225200,2026-02-23,5620900,2026-02-09,6859800,2026-02-02,7296200,2025-11-03,5989100,2024-08-26,5473700,2024-04-29,4950400,2024-02-05,4898100,2023-10-30,6340500,2022-11-28,4147100,2020-04-27,12963100,2020-03-30,4264100
CPA,6466568870.687214,weekly,2023-08-14,6004300,2023-08-07,4192800,2023-07-17,6623800,2023-07-10,4705900,2022-05-09,4035800,2022-03-07,4878100,2021-11-29,4428300,2020-11-09,5428200,2020-08-03,4022100,2020-07-13,5633300,2020-06-08,5669100,2020-06-01,5812100,2020-05-25,4032800,2020-05-04,6752000,2020-04-27,15462700,2020-04-20,4051100,2020-04-13,4046400,2020-03-23,4569700,2020-03-16,6193900,2020-03-09,4168200
DHT,2842384955.566925,weekly,2026-06-22,28383900,2026-03-23,24170200,2026-03-16,27683600,2026-03-09,35316500,2026-03-02,47175900,2026-02-23,30597900,2021-02-08,24706100,2020-08-24,24361700,2020-08-10,24018000,2020-05-18,24137100,2020-05-04,37456700,2020-04-27,47212200,2020-04-20,41928300,2020-04-06,26319500,2020-03-30,46019700,2020-03-23,31149800,2020-03-09,40622600,2020-02-03,26779000,2020-01-27,24547400,2020-01-13,22931200
SM,6314980945.717195,weekly,2026-03-02,38058500,2026-02-23,47557400,2026-02-16,37784300,2026-01-31,51085000,2026-01-24,58394600,2021-01-02,41471600,2020-12-12,41413500,2020-12-05,53707300,2020-11-28,45094200,2020-11-14,57892900,2020-09-12,46651000,2020-06-06,40746300,2020-05-30,41505700,2020-05-02,41208100,2020-04-25,111590100,2020-04-18,44045600,2020-04-11,60437500,2020-04-04,45904300,2020-03-14,46038400,2020-03-07,85870500
UBSI,6367673313.004546,weekly,2026-06-22,7556400,2026-03-16,6445000,2025-12-13,6598100,2025-06-21,6556200,2025-04-05,6184400,2025-03-15,6587000,2025-02-22,6137300,2023-12-09,7123500,2023-07-29,14322400,2023-07-22,6674600,2023-06-10,6228400,2023-04-22,7323400,2023-03-11,11165200,2022-07-23,6471100,2022-04-23,7928300,2021-11-27,6737900,2020-10-24,8686500,2020-04-25,15159000,2020-03-14,7462900,2020-03-07,6679500
CHRD,6563921917.869016,weekly,2020-11-09,104248600,2020-10-12,134179100,2020-10-05,314715400,2020-09-28,405703100,2020-09-14,190259700,2020-08-03,181395700,2020-06-22,208550000,2020-06-15,235038800,2020-06-08,578711800,2020-06-01,324267700,2020-05-18,144153000,2020-05-11,122023300,2020-05-04,132087500,2020-04-27,346596000,2020-04-20,672570600,2020-04-13,107282200,2020-04-06,109013700,2020-03-30,119512500,2020-03-16,122616000,2020-03-09,218987300
STNG,3756943301.662603,weekly,2023-05-01,10632500,2021-01-25,10946200,2020-10-26,10936200,2020-08-31,10603500,2020-08-24,10089800,2020-08-10,11176400,2020-07-20,10139100,2020-06-22,9917600,2020-06-08,10714100,2020-06-01,10375000,2020-05-18,13620300,2020-05-11,18264600,2020-05-04,25661800,2020-04-27,25153700,2020-04-20,27595100,2020-03-30,13370100,2020-03-16,10314100,2020-03-09,16422700,2020-02-24,10208300,2020-01-27,11011300
DKL,2698817946.700495,weekly,2026-08-10,2992583,2026-06-15,1211700,2025-05-12,1180600,2025-04-07,1798300,2025-03-17,1866200,2025-01-27,1325700,2024-12-16,2349500,2024-11-04,1373500,2024-10-07,2364500,2024-08-05,1216300,2024-06-17,1358900,2024-03-04,1361800,2023-08-07,2793100,2022-09-12,3031000,2021-02-22,1682900,2020-05-04,1522200,2020-04-27,2879500,2020-04-20,5785600,2020-03-16,1378700,2020-03-09,1111900
NWBI,2215203845.6474485,weekly,2026-07-27,8557704,2026-06-22,9005700,2026-06-15,7351800,2026-04-27,7293600,2026-03-23,10552300,2026-03-16,13576200,2026-03-09,7046500,2026-01-24,7013600,2025-10-25,7021800,2025-07-26,8168500,2025-07-19,8846900,2024-03-09,9906700,2023-12-09,7575600,2023-03-11,10573300,2022-12-10,7269800,2022-03-12,11193500,2021-12-11,7305400,2020-06-13,7097300,2020-04-25,8317000,2020-04-18,16375500
BBWI,4607702988.96242,weekly,2025-11-15,97764300,2025-03-15,62708300,2024-09-28,73053600,2022-05-14,66488500,2021-01-23,64115442,2020-08-15,62362241,2020-07-25,76194128,2020-05-30,62053363,2020-05-16,98674996,2020-04-25,64723552,2020-04-18,110116750,2020-03-28,71096574,2020-03-21,67881365,2020-03-14,94134464,2020-03-07,59372042,2020-02-22,83763951,2020-02-15,70662884,2020-02-01,58872170,2020-01-25,77820166,2020-01-04,59909148
BCRX,2526376729.955555,weekly,2026-06-22,51095900,2026-03-16,52900900,2025-10-11,74160400,2025-05-03,65862100,2022-04-02,51427300,2022-01-08,58098900,2021-03-20,45420800,2021-01-30,92899300,2020-12-12,46365400,2020-12-05,70371900,2020-11-28,70369300,2020-07-04,46484400,2020-06-13,44900100,2020-05-09,81967300,2020-05-02,65173100,2020-04-25,73588600,2020-04-18,81732100,2020-04-11,98129800,2020-03-07,46443200,2020-02-29,65155800
BRX,9956848995.707386,weekly,2026-02-23,20649200,2025-12-08,19497300,2025-02-10,19359500,2022-02-28,21739000,2020-11-23,20588400,2020-11-16,26445600,2020-11-09,26757400,2020-06-15,22224900,2020-06-08,20685300,2020-06-01,20971200,2020-05-11,26065000,2020-05-04,24556600,2020-04-27,23217400,2020-04-20,25410700,2020-04-13,24411100,2020-04-06,25150100,2020-03-30,32225700,2020-03-23,24879500,2020-03-16,24282100,2020-02-10,21824500
BLX,2181900444.171779,weekly,2026-06-22,1791700,2025-04-05,1165200,2024-12-14,1149300,2024-07-20,1237700,2023-03-11,1045300,2022-06-18,1217800,2021-11-27,1165100,2021-02-20,1077700,2020-08-08,1276000,2020-08-01,1059100,2020-07-25,1902800,2020-07-11,1485400,2020-06-06,1105100,2020-04-25,1127300,2020-04-18,1138300,2020-04-11,1296700,2020-04-04,2000600,2020-03-28,2577900,2020-03-21,1169600,2020-03-14,1326800
CMPR,2229594524.994314,weekly,2026-06-15,1857300,2025-09-15,1797100,2025-07-28,2125700,2025-06-30,2082900,2025-06-23,1604800,2023-03-27,1998600,2020-07-27,1821100,2020-06-01,2402300,2020-05-04,1799400,2020-04-27,2477100,2020-04-13,2167000,2020-04-06,1932500,2020-03-30,2142200,2020-03-23,3091800,2020-03-16,2740000,2020-03-09,2557600,2020-03-02,1705900,2020-02-24,1918900,2020-01-27,2448800,2020-01-06,1898700
EVT,2026818732.0,weekly,2025-04-07,1301800,2023-12-11,1132500,2023-11-27,1437400,2022-09-26,1059500,2022-01-24,1257500,2021-01-04,1178400,2020-11-16,1329800,2020-10-26,1191600,2020-06-08,1189700,2020-05-11,1103800,2020-04-27,1434400,2020-04-20,1103900,2020-04-13,1165300,2020-04-06,1772100,2020-03-30,2110900,2020-03-23,3735200,2020-03-16,3257300,2020-03-09,2249800,2020-03-02,1349400,2020-02-24,2260900
EXG,2900273280.0,weekly,2025-04-07,7321500,2025-03-31,5352900,2022-06-27,5158600,2022-05-09,5653000,2022-01-31,6169600,2022-01-24,7314300,2022-01-17,5893300,2021-09-27,5014700,2021-01-04,4871700,2020-10-26,5615000,2020-09-28,4731800,2020-06-08,4944600,2020-04-20,4948500,2020-04-13,4779300,2020-03-30,6320100,2020-03-23,16302900,2020-03-16,14782600,2020-03-09,11753900,2020-03-02,6188000,2020-02-24,11983000
CHEF,3911390280.9851623,weekly,2026-08-10,7408918,2026-07-27,6504982,2022-12-05,6811100,2020-11-09,10901400,2020-10-26,6138300,2020-09-14,5984400,2020-08-10,6397300,2020-07-27,6826900,2020-06-22,6525900,2020-06-15,5850800,2020-06-08,7522900,2020-06-01,9080400,2020-05-25,6970500,2020-05-18,9366000,2020-05-11,9830200,2020-04-27,8330300,2020-04-13,6678300,2020-04-06,7356800,2020-03-23,16732900,2020-03-16,15832800
SIG,3442928879.022839,weekly,2025-03-15,16575600,2025-01-11,19944900,2022-03-12,15396400,2021-06-05,13445000,2020-08-29,13382200,2020-06-13,12780200,2020-06-06,21355600,2020-05-30,21435500,2020-05-23,13072400,2020-05-09,13217600,2020-05-02,16196200,2020-04-25,17353600,2020-04-11,18231500,2020-04-04,24889600,2020-03-28,20186000,2020-03-21,38737600,2020-03-14,22966300,2020-03-07,12799300,2020-02-22,12671400,2020-01-11,37163900
SAH,2670862715.787813,weekly,2026-03-16,2718700,2023-03-11,4175400,2022-09-24,2961800,2022-09-10,3814900,2022-08-20,3226700,2022-08-13,3044500,2022-04-16,2653500,2022-04-09,2682600,2022-04-02,3238300,2021-02-20,3193700,2020-08-08,2758500,2020-06-20,3005500,2020-06-13,2793400,2020-04-25,3299500,2020-03-28,2671100,2020-03-21,4442200,2020-03-14,3706300,2020-03-07,3118300,2020-02-22,2939700,2020-02-15,2834700
CACC,6577920732.325349,weekly,2026-06-15,1496300,2026-03-09,1324800,2026-03-02,1699600,2026-01-31,1500300,2025-05-31,1498400,2021-01-30,1403900,2021-01-23,2220500,2020-10-31,1406700,2020-10-24,1478600,2020-08-29,1844200,2020-05-30,1787200,2020-05-23,1740100,2020-04-25,1435200,2020-04-18,1992900,2020-04-11,1806000,2020-04-04,1615100,2020-03-28,1640000,2020-03-21,2816600,2020-03-14,2185700,2020-03-07,1390500
ADX,3004304120.0,weekly,2026-04-13,1892900,2026-01-10,2159400,2025-11-15,2018600,2025-06-07,1931700,2025-04-05,2116400,2025-03-01,1937500,2025-01-11,2080500,2024-11-16,3388000,2024-08-03,2775800,2023-01-28,2437100,2023-01-21,2271500,2021-11-13,2255100,2020-04-04,1994700,2020-03-28,2870200,2020-03-21,4412000,2020-03-14,3496600,2020-03-07,4015700,2020-02-29,3214400,2020-02-22,4298500,2020-01-04,2179200
MAIN,4743411488.787408,weekly,2026-08-03,4017400,2026-06-15,3812900,2026-05-11,5301300,2026-04-13,5003000,2026-03-16,8144800,2026-03-09,4656600,2026-03-02,4105400,2025-12-15,4752000,2025-10-06,5714200,2025-09-15,4684300,2025-05-12,5666700,2025-04-07,4515300,2020-04-20,4122300,2020-04-13,5932100,2020-04-06,6128900,2020-03-30,6084000,2020-03-23,9592600,2020-03-16,10231900,2020-03-09,5820100,2020-02-24,6169100
GDV,2537691626.0,weekly,2025-04-07,1570000,2022-01-31,1531600,2021-01-04,2142600,2020-11-16,1484800,2020-10-26,1648500,2020-09-28,1662300,2020-07-06,1657700,2020-06-08,1516700,2020-06-01,1540000,2020-04-27,1627500,2020-04-13,2395100,2020-04-06,1683400,2020-03-30,1842400,2020-03-23,5359600,2020-03-16,6954400,2020-03-09,3729900,2020-03-02,2330600,2020-02-24,3541200,2020-01-13,1508200,2020-01-06,1778400
RRR,7018677645.118452,weekly,2025-11-10,13448000,2021-12-06,10728500,2020-10-26,11936100,2020-08-17,12328900,2020-08-10,14287400,2020-08-03,14223800,2020-07-27,10727200,2020-07-13,13128600,2020-07-06,12176100,2020-06-22,14916100,2020-06-15,10142100,2020-06-08,15919100,2020-06-01,19794400,2020-05-25,17294300,2020-05-18,22861200,2020-05-11,11250300,2020-04-27,10988700,2020-03-23,13563300,2020-03-16,23884700,2020-03-09,11742600
POST,4052292516.070804,weekly,2026-08-10,5512002,2026-08-03,7661300,2026-05-04,5180000,2026-03-16,5836700,2026-02-02,7167800,2025-12-01,5137800,2025-11-24,5318300,2024-01-29,6334100,2022-08-08,5639100,2022-03-07,7288603,2022-01-31,5555655,2020-11-16,5709525,2020-09-14,6018946,2020-06-22,5735043,2020-03-23,5051874,2020-03-16,9086864,2020-03-09,6385665,2020-03-02,6287720,2020-02-24,7930013,2020-02-03,5131177
WH,6540560456.563399,weekly,2026-07-27,7856515,2026-06-22,7560200,2026-06-08,8211000,2026-04-27,8149700,2026-02-16,10632400,2026-01-26,9566600,2025-12-15,8750800,2025-10-27,7653400,2025-10-20,10778100,2025-07-21,7901800,2025-03-10,8282200,2023-10-16,10032300,2023-05-22,11578300,2020-06-22,8136200,2020-04-06,7743400,2020-03-23,9664300,2020-03-16,13878600,2020-03-09,9483800,2020-03-02,9012300,2020-02-24,10138500
CNO,4902663527.6316,weekly,2025-09-15,7185600,2025-03-17,7212400,2023-03-13,8678900,2022-06-13,7330800,2022-05-02,7759500,2021-12-13,7860300,2021-06-14,8499600,2021-03-15,7629500,2020-09-21,7216500,2020-09-14,8195100,2020-06-22,8417500,2020-06-15,9974400,2020-04-06,8135400,2020-03-30,7709400,2020-03-23,10032400,2020-03-16,13440600,2020-03-09,12544900,2020-03-02,9504500,2020-02-24,11921700,2020-02-10,7612300
HCC,4291743649.206693,weekly,2025-11-03,7417300,2025-08-04,6877900,2025-07-28,6604300,2025-07-21,7630600,2025-06-30,7383500,2025-04-07,8215400,2025-03-17,6421300,2024-03-11,8484100,2024-02-12,6888100,2022-06-13,6604500,2022-05-16,7030400,2022-03-07,7256900,2022-02-28,7127000,2021-08-09,8898100,2021-06-14,7313900,2021-02-22,8144900,2020-03-30,6486700,2020-03-23,7858700,2020-03-16,9419800,2020-02-24,7844400
DK,2930770252.2153907,weekly,2026-03-02,11558700,2025-09-22,11091900,2025-09-08,13149800,2025-08-18,19530000,2025-08-04,11810200,2025-07-07,11714200,2025-04-07,11102200,2025-03-03,12535500,2025-02-24,13016900,2023-05-08,11897200,2023-03-13,11169400,2023-02-27,14829800,2022-06-20,11305100,2022-06-13,11624400,2020-08-03,10773200,2020-03-23,12864300,2020-03-16,30455900,2020-03-09,28227700,2020-03-02,17492700,2020-02-24,13519400
CSQ,3242681400.0,weekly,2025-04-07,2228100,2022-09-26,2016000,2022-07-18,2134000,2022-06-13,2278200,2022-05-09,2455400,2022-01-24,2317400,2021-05-10,2470400,2021-01-04,2003400,2020-06-08,2379200,2020-05-11,2165200,2020-04-27,2164100,2020-04-20,2283100,2020-04-13,2523500,2020-04-06,2633900,2020-03-30,2543500,2020-03-23,6416000,2020-03-16,6695200,2020-03-09,4888000,2020-03-02,2897400,2020-02-24,4067100
DRH,2557838070.9242544,weekly,2025-11-17,24438900,2025-11-10,24436300,2025-11-03,26089200,2025-04-28,21203100,2024-12-09,22116800,2024-12-02,22358300,2020-12-07,21441800,2020-11-30,29373800,2020-11-09,23015300,2020-06-22,26401400,2020-06-15,26750300,2020-06-08,26343400,2020-06-01,24194300,2020-05-11,23010400,2020-05-04,20801500,2020-03-23,40351800,2020-03-16,43746300,2020-03-09,23794500,2020-03-02,28376700,2020-02-24,30679900
UTF,2664957672.0,weekly,2025-11-10,2434700,2025-11-03,2239200,2025-10-27,3131900,2025-10-20,3889800,2025-10-13,2961100,2025-10-06,3103800,2025-09-29,3955800,2025-09-22,3201700,2025-09-15,4012700,2025-04-07,2245700,2023-10-02,2219500,2020-05-11,2244100,2020-04-27,2587600,2020-04-06,2224700,2020-03-30,2715200,2020-03-23,5383100,2020-03-16,5572400,2020-03-09,3783900,2020-03-02,2254400,2020-02-24,3553700
PAGP,4702202243.005526,weekly,2023-10-02,21040100,2023-07-10,25159000,2022-08-01,20739800,2022-02-28,21650900,2022-02-21,20877600,2022-02-14,22174300,2022-02-07,25585700,2021-02-08,20722200,2020-11-30,22456900,2020-11-16,23095300,2020-05-04,20771700,2020-04-27,22716100,2020-04-20,21144400,2020-04-13,24123200,2020-04-06,23978300,2020-03-30,24430300,2020-03-23,28454600,2020-03-16,40833500,2020-03-09,34516000,2020-02-24,23362500
EPRT,6621451102.817763,weekly,2026-06-22,15186000,2026-04-20,15553400,2026-04-06,11580200,2026-03-16,13842500,2026-02-16,14350400,2025-12-15,11335600,2025-10-20,15758100,2025-09-15,12419100,2025-07-14,11461200,2025-06-23,11385800,2025-03-31,12274600,2025-03-17,15315000,2025-03-10,12483200,2024-03-11,15025500,2022-08-01,11969400,2022-02-14,11478800,2021-04-12,12283800,2020-06-15,13945400,2020-03-23,12246900,2020-03-16,16951200
PLNT,4189805141.673084,weekly,2026-05-11,21527500,2026-05-04,34387600,2026-02-23,17891400,2025-02-24,15769200,2024-08-05,15376400,2024-03-18,16779000,2023-11-06,15060900,2023-09-18,22029400,2023-09-11,17529300,2023-06-12,20500100,2020-11-09,15585200,2020-06-01,17683400,2020-05-11,17455900,2020-04-06,16188600,2020-03-30,15121000,2020-03-23,18961400,2020-03-16,34431100,2020-03-09,14968300,2020-03-02,14976200,2020-02-24,15694300
NVG,2703188520.0,weekly,2025-04-07,5962100,2024-12-23,4712800,2024-12-16,4539800,2024-11-04,4512800,2023-12-25,4660700,2023-11-06,4922500,2023-10-30,5797700,2023-10-23,5038600,2023-09-25,4393400,2023-01-09,4916900,2022-12-26,6367000,2022-12-19,5420000,2022-12-12,5206400,2022-11-14,4434800,2022-11-07,4819800,2022-10-24,7107000,2022-09-26,4396200,2020-03-23,6625200,2020-03-16,9546100,2020-03-09,8363700
MUSA,9721675777.699732,weekly,2026-04-27,2416900,2026-03-02,2356700,2026-02-02,2903400,2025-10-27,2977900,2025-07-28,3315300,2025-05-12,2392100,2025-05-05,2718900,2023-06-19,3425800,2023-03-13,2401600,2023-01-30,2774100,2022-10-24,2319800,2022-06-13,2401800,2022-05-16,2357800,2020-07-20,3134400,2020-06-22,2542800,2020-03-23,3198500,2020-03-16,4933900,2020-03-09,4384700,2020-03-02,2894500,2020-01-27,3776200
ETY,2226748380.0,weekly,2026-04-27,2629900,2025-04-07,3451000,2025-03-31,2331100,2025-03-03,2349000,2024-08-05,2197000,2022-12-26,2609000,2022-01-24,2645600,2021-01-04,2231300,2020-11-16,2308300,2020-11-02,2834800,2020-10-26,2873100,2020-06-08,2300700,2020-04-13,2217200,2020-04-06,2538800,2020-03-30,3749000,2020-03-23,6897700,2020-03-16,7366500,2020-03-09,5594500,2020-03-02,2787400,2020-02-24,5494600
CCS,2066786856.1127737,weekly,2025-03-17,5212700,2025-02-03,3334100,2025-01-27,3280600,2024-12-16,3412800,2024-03-11,5316500,2022-12-12,3284500,2022-06-13,3161600,2022-04-04,3548300,2022-03-28,3119900,2021-06-21,3640000,2021-06-14,4661600,2021-06-07,4858800,2021-05-10,3288000,2021-04-26,3279400,2021-02-08,3397500,2021-02-01,3173400,2020-04-27,3348400,2020-03-23,3175600,2020-03-16,5651100,2020-02-10,3385300
KYN,2328865020.0,weekly,2025-04-07,7204100,2022-03-07,7062900,2021-01-04,8266800,2020-12-28,6767600,2020-11-30,8401400,2020-10-12,7815400,2020-10-05,14443100,2020-09-21,7238800,2020-06-08,7690400,2020-06-01,7619600,2020-04-27,7937700,2020-04-20,9032400,2020-04-13,6873600,2020-04-06,9008100,2020-03-30,10519400,2020-03-23,12732100,2020-03-16,24813800,2020-03-09,20147000,2020-03-02,7794900,2020-02-24,8391900
ENVA,5749406783.575029,weekly,2026-06-22,2679800,2026-02-02,3080800,2023-10-23,2993700,2022-03-07,2933300,2022-02-07,2893400,2021-12-13,3560600,2021-11-01,3051600,2021-10-25,2737000,2021-03-15,3215200,2021-03-08,2641100,2021-03-01,2759400,2021-02-01,2712400,2020-10-26,3685700,2020-10-12,4013600,2020-07-27,4128500,2020-06-22,2781600,2020-06-15,2593400,2020-04-27,3894400,2020-03-16,4296900,2020-02-03,2832100
PFSI,4469693259.911743,weekly,2026-07-27,6087527,2026-02-02,9729600,2026-01-26,8017500,2021-03-15,6727700,2021-03-01,5558500,2021-02-22,5666200,2021-01-25,5371900,2021-01-04,5883500,2020-11-09,6057400,2020-08-10,6196800,2020-06-22,8303900,2020-06-15,5734700,2020-04-06,5472000,2020-03-30,5405000,2020-03-23,5268800,2020-03-16,11633700,2020-03-09,7832900,2020-03-02,6310400,2020-02-24,5800100,2020-02-10,6520000
AXS,8015190414.361639,weekly,2026-07-27,6918335,2025-10-27,5372800,2025-07-28,4866300,2025-03-17,5453800,2024-01-29,5518400,2022-10-24,5498300,2022-05-09,5309300,2022-04-25,6161300,2020-08-24,4973800,2020-08-17,6233500,2020-08-10,5892800,2020-07-06,6966400,2020-06-22,5414800,2020-06-15,7235100,2020-05-11,5215000,2020-05-04,4892500,2020-04-27,4914800,2020-04-20,5349300,2020-04-13,5984800,2020-03-16,7288100
GPI,3590160952.158633,weekly,2026-07-27,1894092,2026-03-16,1681300,2025-10-25,1763700,2025-06-21,1754200,2022-12-10,1790700,2020-10-17,1638900,2020-10-03,2300600,2020-07-25,1896000,2020-06-20,1989800,2020-05-30,1636500,2020-05-16,1784500,2020-04-25,1565300,2020-04-18,1636500,2020-04-04,1955600,2020-03-28,2056700,2020-03-21,2016300,2020-03-14,3342600,2020-03-07,2381500,2020-02-29,1669000,2020-02-01,1814200
AMG,9032404980.344744,weekly,2026-02-09,3202000,2025-12-13,2899600,2025-12-06,2885800,2023-07-22,2944300,2022-11-05,2848500,2021-03-13,2778400,2021-02-13,2757000,2021-02-06,4731300,2020-09-12,2725400,2020-04-25,2827500,2020-04-04,2896700,2020-03-28,2928800,2020-03-21,3500300,2020-03-14,6591500,2020-03-07,5265800,2020-02-29,5018200,2020-02-22,5518700,2020-02-01,4372200,2020-01-25,3335600,2020-01-04,2885900
PPLI,3330328455.380818,weekly,2024-04-27,25808912,2020-07-04,32236253,2020-06-27,44901444,2020-06-20,34342373,2020-06-13,37849576,2020-05-09,35280163,2020-05-02,44734163,2020-04-18,27959692,2020-04-11,26538458,2020-04-04,34562273,2020-03-28,24298056,2020-03-21,48382370,2020-03-14,61419669,2020-03-07,40408353,2020-02-29,27628444,2020-02-22,29789390,2020-02-01,37660449,2020-01-18,24135231,2020-01-11,25065187,2020-01-04,26100338
GEF,3819430987.25872,weekly,2026-08-03,1785300,2026-07-27,2112860,2026-03-16,2097500,2025-12-13,1992000,2025-05-31,1875900,2024-12-14,1663400,2023-02-25,1891800,2022-12-10,1901000,2022-10-15,1828200,2022-09-24,1690000,2022-09-10,1716100,2022-08-27,1761900,2022-06-18,1724500,2022-06-04,1661300,2020-12-12,2034400,2020-05-30,1697100,2020-03-14,2604600,2020-03-07,1887400,2020-02-29,1690900,2020-02-22,2117900
BYD,6667414667.609504,weekly,2021-06-19,15637600,2020-10-24,13046300,2020-07-25,13795100,2020-07-11,13121000,2020-06-20,15089800,2020-06-13,12590600,2020-06-06,12811800,2020-05-30,16459500,2020-05-23,14170600,2020-05-16,17106500,2020-05-09,14902500,2020-05-02,11406800,2020-04-25,13018200,2020-04-11,12341300,2020-04-04,12967900,2020-03-21,17240900,2020-03-14,25735500,2020-03-07,14047600,2020-02-29,11513200,2020-02-22,11874200
SKYW,3938662655.150778,weekly,2024-03-09,6776200,2023-06-10,7102600,2023-06-03,5784900,2023-03-11,4705500,2023-03-04,6982300,2023-02-25,4935600,2022-09-10,5215200,2022-09-03,4438000,2022-03-05,6916000,2022-02-26,6419600,2022-02-05,4105600,2020-06-06,5702200,2020-05-30,4577000,2020-05-09,4299200,2020-05-02,4811400,2020-03-28,4209100,2020-03-21,7060500,2020-03-14,7363300,2020-03-07,4964300,2020-02-29,4658300
AB,3353048375.050923,weekly,2026-01-31,4038500,2026-01-24,4326600,2025-04-05,4269900,2025-03-29,4247500,2025-03-22,5165500,2025-03-15,6873700,2025-03-08,4392900,2025-02-22,6161800,2025-02-08,5317300,2025-02-01,5634000,2024-12-14,3566000,2023-12-09,4036000,2022-04-23,4356900,2021-01-23,3551800,2020-10-10,3858000,2020-03-21,5818000,2020-03-14,8511200,2020-03-07,6084300,2020-02-29,3815600,2020-02-22,4521300
AWR,3236137424.691745,weekly,2026-07-27,1840846,2026-06-22,2630900,2026-06-08,2256000,2026-04-20,2867800,2026-04-13,2481800,2026-03-16,1946800,2025-12-13,1952700,2025-11-01,2351500,2025-10-25,1734000,2025-09-13,1894100,2024-09-14,1762600,2024-06-22,1745400,2024-03-09,1883400,2023-07-29,2393300,2022-09-10,2143300,2020-08-22,2393800,2020-04-25,1871700,2020-03-28,1851200,2020-03-21,2630600,2020-03-14,3498600
EPR,4567507823.363821,weekly,2025-09-06,7612700,2021-02-20,8301600,2021-01-23,13303800,2020-11-07,9834900,2020-06-20,7870600,2020-06-13,9414800,2020-06-06,9795400,2020-05-30,10218100,2020-05-16,9326900,2020-05-09,12733600,2020-05-02,9818600,2020-04-25,12686200,2020-04-18,8730600,2020-04-11,11013400,2020-04-04,8986800,2020-03-28,11487000,2020-03-21,15343600,2020-03-14,20446200,2020-03-07,12518600,2020-02-22,7954000
OSW,2862718703.793103,weekly,2026-08-03,6596400,2026-07-27,6660744,2026-06-22,7656400,2026-03-16,6788100,2026-02-16,6479200,2026-02-02,6820900,2025-04-07,9040400,2025-03-31,6490300,2025-03-17,11345300,2025-03-10,6800300,2025-02-17,7537100,2023-09-11,7296800,2021-06-21,7342800,2020-04-27,11116100,2020-03-30,6688800,2020-03-23,6770000,2020-03-16,11609300,2020-03-09,19081600,2020-03-02,8895100,2020-02-24,8968200
NMZ,2233366160.0,weekly,2026-08-10,3551558,2026-08-03,3555900,2026-07-27,4065832,2026-06-08,4032300,2026-05-04,4294100,2026-04-27,3985400,2025-12-29,4140200,2025-04-07,5306700,2023-10-30,3524400,2023-09-25,3811700,2022-12-26,3808400,2022-10-24,3761900,2022-10-03,3587100,2022-09-26,3914500,2022-06-13,3920300,2022-05-23,4448500,2022-04-25,5198700,2022-04-18,3663900,2020-03-16,5360500,2020-03-09,6843600
MTDR,6196493672.224881,weekly,2022-03-28,38640000,2020-11-09,22761900,2020-11-02,22515300,2020-06-22,22784600,2020-06-15,41170900,2020-06-08,30176800,2020-06-01,24426900,2020-05-18,26290300,2020-05-11,28688900,2020-05-04,30881800,2020-04-27,57905200,2020-04-20,32755500,2020-04-13,29363800,2020-04-06,32973400,2020-03-30,44037200,2020-03-23,51542900,2020-03-16,64059200,2020-03-09,106422000,2020-03-02,29804200,2020-02-24,34370400
PRKS,2221026178.677586,weekly,2025-11-03,12394100,2021-02-22,10838600,2020-08-10,12395900,2020-06-22,15559200,2020-06-15,11783400,2020-06-08,13498900,2020-06-01,16615400,2020-05-25,11311200,2020-05-18,14282200,2020-05-11,11095000,2020-05-04,10832300,2020-04-27,17598800,2020-04-20,15712000,2020-04-13,12866000,2020-04-06,11296800,2020-03-23,17963400,2020-03-16,18315100,2020-03-09,19917100,2020-03-02,11701600,2020-02-24,14128400
GKOS,8482351661.356948,weekly,2026-07-27,9422894,2026-05-25,7209700,2026-04-27,6452600,2025-11-10,8089400,2025-10-27,13008600,2025-10-20,10211700,2025-07-28,10827400,2025-04-28,10004000,2025-03-31,6440600,2025-03-10,6887500,2025-03-03,6515200,2025-02-17,7042500,2024-01-22,13242500,2023-12-11,8664000,2022-09-05,7292900,2021-07-12,8363300,2020-06-08,6809400,2020-03-16,6845300,2020-03-09,15891200,2020-02-24,8032000
SBRA,4927794300.010358,weekly,2026-07-20,18025200,2026-06-22,24601000,2026-04-27,16870200,2025-12-15,17412200,2025-11-03,22566900,2025-10-06,22932400,2024-09-16,16847400,2024-08-05,18227000,2023-09-11,17822800,2023-05-29,16847100,2022-11-07,20911500,2022-09-12,18072200,2022-06-13,21584400,2022-03-14,22859400,2021-11-01,17032500,2021-03-15,18148800,2020-03-23,20226000,2020-03-16,28401500,2020-03-09,29414900,2020-03-02,18227100
MUR,4962762334.189318,weekly,2025-04-05,27855200,2021-06-19,30249200,2021-01-23,36953400,2021-01-16,27293000,2021-01-02,29117800,2020-12-05,29244500,2020-10-10,26005900,2020-09-12,31449300,2020-09-05,39560600,2020-08-29,25748700,2020-06-06,27860400,2020-05-09,26924900,2020-04-25,33113100,2020-04-18,30331300,2020-04-11,32379700,2020-04-04,36442100,2020-03-28,37301000,2020-03-21,28610900,2020-03-14,43949300,2020-03-07,54163700
OII,3992777692.329693,weekly,2026-06-22,9250500,2026-02-23,8884600,2022-12-10,9225500,2022-10-22,9332000,2022-06-18,10652300,2022-06-11,10255600,2020-07-18,10335700,2020-05-30,10855700,2020-05-09,9525200,2020-05-02,8890600,2020-04-25,12153800,2020-04-18,11280600,2020-04-11,9588700,2020-04-04,9367900,2020-03-28,12876800,2020-03-21,12962500,2020-03-14,20170500,2020-03-07,24980000,2020-02-29,9271700,2020-02-22,10115400
AOS,8506783091.154589,weekly,2026-07-27,13221739,2026-06-22,10853900,2026-04-27,12155900,2026-01-24,11097000,2025-10-25,10713200,2025-07-19,11364900,2025-05-24,17529900,2025-04-05,10558600,2023-04-22,10924800,2023-01-28,12761700,2022-04-23,10175200,2021-01-23,13434500,2020-05-09,10629500,2020-04-04,10294300,2020-03-21,12317100,2020-03-14,13724400,2020-03-07,21287300,2020-02-29,19660900,2020-02-22,18714300,2020-01-25,17328800
BOKF,8451715114.927775,weekly,2026-04-20,2121500,2026-03-16,2118300,2026-03-02,1898700,2026-01-31,2329500,2026-01-17,1854400,2025-12-13,2048300,2025-11-01,3199700,2025-07-19,1893400,2023-10-21,2201500,2023-03-11,2577600,2022-12-10,1942900,2022-07-23,1844200,2021-09-11,1871300,2020-05-09,2071600,2020-04-18,2334600,2020-04-04,1980800,2020-03-28,1904600,2020-03-21,2260200,2020-03-14,3883900,2020-03-07,5021500
CNX,4772039538.321333,weekly,2025-01-04,28420200,2023-03-11,26428200,2022-10-22,27121100,2020-12-12,29101600,2020-11-07,28147800,2020-10-24,27521300,2020-09-26,30414500,2020-09-19,37916000,2020-07-25,40784200,2020-05-23,28377500,2020-04-25,52807700,2020-04-18,31565700,2020-03-28,30568900,2020-03-21,29144000,2020-03-14,40306400,2020-03-07,61516400,2020-02-29,30338700,2020-02-22,32858300,2020-02-08,26130800,2020-01-25,31030500
PRDO,2089895381.11128,weekly,2026-07-27,4955791,2026-07-13,4538500,2026-03-16,5754500,2025-12-13,5352400,2025-11-22,4352400,2025-11-15,4619200,2025-11-01,5199100,2025-08-02,5674500,2025-03-15,6160900,2024-04-27,4931100,2024-03-09,6718400,2023-12-09,4888100,2022-12-10,5492900,2021-12-11,5204300,2021-06-19,4837200,2020-08-01,4424200,2020-07-11,4325100,2020-03-14,5767300,2020-03-07,7984800,2020-02-22,4893800
MCRI,2376127632.8939075,weekly,2026-06-22,1106900,2026-06-15,1095600,2026-04-20,1440700,2026-01-31,986800,2025-07-19,983400,2025-07-12,1509500,2024-09-14,2000600,2024-06-15,2011800,2024-03-09,1910300,2022-05-28,1345300,2022-04-16,1381100,2022-02-26,1487000,2021-02-27,1669000,2020-11-28,1048800,2020-04-25,1002600,2020-03-21,1081900,2020-03-14,1913500,2020-03-07,2055700,2020-02-08,1914400,2020-02-01,1280000
HWC,6040587628.720981,weekly,2026-07-27,5174305,2026-06-22,5228400,2026-05-11,5482800,2026-04-20,5055000,2026-03-23,5053200,2026-03-16,5514400,2026-03-09,5440400,2026-01-31,5288300,2025-12-13,5671300,2025-11-01,5402100,2025-10-25,5529400,2025-10-11,7202800,2025-09-13,5994200,2025-07-12,6871700,2025-04-05,6086600,2025-03-15,5701100,2023-12-09,5368100,2023-03-11,7256300,2020-03-14,9538500,2020-03-07,10833000
RRC,8852328395.528778,weekly,2022-06-18,52334000,2022-02-26,102246900,2020-06-20,64761000,2020-06-13,66208200,2020-06-06,54308200,2020-04-25,56011700,2020-04-18,64958700,2020-04-11,66959700,2020-04-04,47291400,2020-03-28,66345100,2020-03-21,74692600,2020-03-14,108200100,2020-03-07,142933700,2020-02-29,68420900,2020-02-22,83275800,2020-02-08,52023000,2020-01-25,66844600,2020-01-18,61844500,2020-01-11,58128300,2020-01-04,67096600
MSM,6598499195.670772,weekly,2026-06-29,5002500,2026-05-11,4516000,2026-04-27,4387900,2026-01-31,5390100,2026-01-03,7046500,2025-10-18,4577700,2025-06-28,5967000,2025-04-05,4729200,2025-03-29,4587100,2025-01-04,5948400,2024-10-19,5239400,2024-06-29,4670800,2024-06-15,4460000,2024-06-08,4376800,2020-07-04,5207000,2020-04-04,4547300,2020-03-14,5049600,2020-03-07,7746400,2020-01-11,4983400,2020-01-04,5619800
TMHC,6606517021.052237,weekly,2026-07-06,12587900,2026-06-22,13132800,2026-06-15,15779200,2026-06-08,32299100,2026-06-01,31896000,2020-06-15,11751000,2020-06-01,11317700,2020-05-18,11444000,2020-05-11,11347000,2020-05-04,12065800,2020-04-27,12935900,2020-04-20,12401800,2020-03-30,15123500,2020-03-23,18552400,2020-03-16,27981600,2020-03-09,19958800,2020-03-02,18990300,2020-02-24,17204200,2020-02-10,12440700,2020-02-03,46717700
QGEN,8121405721.399845,weekly,2026-08-10,19828342,2026-08-03,15522900,2026-07-06,24728400,2026-06-22,15813700,2026-05-11,14267500,2026-04-27,19649700,2026-03-09,13721400,2026-01-31,15566800,2026-01-24,13027800,2026-01-17,32280100,2022-10-08,17506148,2020-08-08,12742254,2020-08-01,11988177,2020-07-11,13291675,2020-03-14,11539143,2020-03-07,11795443,2020-02-29,39513882,2020-02-22,15112331,2020-02-01,15704195,2020-01-11,16266410
BRSL,2060704369.5483868,weekly,2025-07-26,21503600,2025-07-05,18746100,2022-02-26,18368300,2021-05-08,25541200,2021-02-27,20160100,2021-01-02,17745000,2020-12-05,18678900,2020-11-07,21937900,2020-09-12,17903700,2020-08-01,17952000,2020-07-04,17728300,2020-06-20,26965500,2020-06-06,20700600,2020-05-30,18366200,2020-05-16,21033800,2020-04-04,18008800,2020-03-21,22779000,2020-03-14,22180300,2020-03-07,32872700,2020-02-29,37829700
TPC,4184447294.7980623,weekly,2026-07-20,12377600,2026-06-22,4521500,2026-03-02,4457800,2026-02-23,5432000,2025-08-02,5526400,2025-06-21,4479700,2025-05-10,4606000,2025-02-22,4689700,2025-01-25,5737200,2020-05-16,5034400,2020-05-09,4580700,2020-05-02,10190300,2020-04-25,5072100,2020-04-11,6576400,2020-04-04,5325300,2020-03-21,4546500,2020-03-14,15009500,2020-03-07,6502700,2020-02-29,10579800,2020-02-22,15734500
KN,3426704256.854621,weekly,2026-07-27,6605307,2026-06-22,9987700,2026-05-11,6726700,2026-04-20,6585300,2025-04-07,6766700,2024-09-16,8980700,2022-12-12,7167900,2022-12-05,7237400,2022-10-31,7627100,2022-10-24,6849500,2022-08-01,9384200,2022-01-31,6474600,2022-01-24,8097200,2021-12-13,6884100,2021-10-25,8491500,2021-10-11,6933400,2021-10-04,7213800,2020-03-16,6449200,2020-03-09,6592400,2020-02-03,12678500
DAR,8343686315.137529,weekly,2026-07-27,15763592,2026-04-27,16047200,2026-04-13,16415800,2026-04-06,15847300,2026-03-30,16064900,2026-03-23,19135300,2026-03-16,16870900,2026-03-09,19061900,2026-02-09,17173000,2025-10-18,16564100,2025-10-11,16255900,2025-09-13,16755200,2025-06-21,22399000,2025-06-07,17984800,2024-11-30,17476000,2024-08-10,17350400,2024-05-25,25271200,2022-11-26,23305200,2021-06-19,33945300,2020-02-01,37301600
REYN,5652781010.49715,weekly,2026-07-27,8114463,2026-06-22,8359900,2026-05-04,9500900,2026-04-20,6521600,2026-02-02,11048600,2025-10-27,8996000,2025-09-29,7613900,2025-09-22,17067300,2025-07-28,9788300,2025-07-21,7739100,2025-06-23,15970300,2024-09-23,6619700,2024-09-16,7647200,2024-03-11,9139800,2022-09-26,6397000,2020-08-03,6419900,2020-06-15,6808400,2020-03-16,7969800,2020-02-03,12718900,2020-01-27,26201800
LOPE,3851466819.888275,weekly,2025-12-15,2708200,2025-11-03,3486500,2022-06-13,3824500,2022-05-02,2915500,2021-12-13,3921700,2021-11-01,4062300,2021-05-03,2910900,2021-02-22,2646600,2021-02-15,2775400,2020-05-11,2675600,2020-03-30,2752400,2020-03-23,4725800,2020-03-16,3726600,2020-03-09,3800700,2020-03-02,4128900,2020-02-24,4114000,2020-02-17,3895800,2020-02-10,3150600,2020-02-03,4551900,2020-01-27,9172600
AVNT,3476732427.896216,weekly,2026-08-10,5616128,2026-08-03,5922300,2026-07-06,5780100,2026-06-22,6989700,2026-03-16,5532600,2026-02-09,5510200,2026-01-24,6272900,2025-12-13,5602900,2025-04-05,6405700,2022-10-29,5736100,2022-09-24,5473600,2020-10-03,5489300,2020-06-20,5629300,2020-04-11,5289300,2020-03-28,6847200,2020-03-21,7895400,2020-03-14,13171900,2020-02-22,8142600,2020-02-01,10667000,2020-01-25,14042700
GATX,6470229782.27129,weekly,2026-07-27,1879376,2026-06-22,1746900,2025-09-13,1542800,2025-05-24,1532000,2022-04-16,1613700,2021-03-13,1974400,2021-01-23,2345300,2020-07-11,1534500,2020-05-02,1553900,2020-04-25,1836500,2020-04-18,1607000,2020-04-11,2220000,2020-04-04,1916300,2020-03-28,1513500,2020-03-21,1927800,2020-03-14,2676800,2020-03-07,2388200,2020-02-22,2008100,2020-01-18,2769700,2020-01-11,2206200
SLM,4799432231.044291,weekly,2026-03-02,30967000,2025-12-06,39334600,2025-03-15,35994900,2021-04-17,30388100,2021-03-20,36466000,2021-03-13,38768500,2021-03-06,35668500,2021-02-27,41407300,2021-02-20,31146600,2021-02-06,38845500,2021-01-30,30740300,2021-01-23,38975800,2020-07-18,30607100,2020-06-20,36214700,2020-06-13,36447300,2020-06-06,35226900,2020-03-14,38285300,2020-03-07,32671000,2020-02-29,32318000,2020-01-18,45984800
SHAK,2432985090.3924303,weekly,2026-08-03,18183100,2026-07-06,11372900,2026-06-08,11328400,2026-06-01,15851300,2026-05-11,16463900,2026-05-04,24665800,2026-02-23,11310800,2025-07-28,17597100,2025-04-28,12997900,2025-02-17,12891900,2024-07-29,12026600,2024-02-12,11570300,2021-11-01,17191000,2020-05-04,13550400,2020-04-20,16133000,2020-03-30,12567200,2020-03-16,14883600,2020-03-09,13634600,2020-02-24,19567500,2020-01-13,26363900
CMC,7673406490.333379,weekly,2026-06-22,10913900,2025-10-11,11396500,2025-04-05,10170900,2025-03-15,9555300,2023-10-14,8817300,2023-03-11,9146900,2022-06-11,9051800,2022-03-12,10580500,2021-10-09,8889400,2021-06-12,8979100,2021-03-13,9242800,2021-02-27,10564400,2021-01-23,9165900,2021-01-02,9527400,2020-06-13,9979100,2020-03-28,10413800,2020-03-21,11334400,2020-03-14,14291000,2020-03-07,10477700,2020-01-04,20720600
