Symbol,market_cap,timeframe,HVE_date_1,HVE_vol_1,HVE_date_2,HVE_vol_2,HVE_date_3,HVE_vol_3,HVE_date_4,HVE_vol_4,HVE_date_5,HVE_vol_5,HVE_date_6,HVE_vol_6,HVE_date_7,HVE_vol_7,HVE_date_8,HVE_vol_8,HVE_date_9,HVE_vol_9,HVE_date_10,HVE_vol_10
TSCO,16368073451.15252,weekly,2026-08-10,91897921,2026-06-22,89921400.0,2026-05-04,87683700.0,2026-04-20,75705500.0,2020-03-07,71881500.0,2020-01-25,68257000.0,2020-01-04,40131000.0,,,,,,
AVB,26972715814.51673,weekly,2026-08-10,11410794,2020-03-21,9380500.0,2020-03-14,7879800.0,2020-03-07,6872400.0,2020-02-22,5313900.0,2020-01-04,3799700.0,,,,,,,,
AAOI,10888140572.174969,weekly,2026-08-10,88930608,2026-06-08,86050700.0,2026-04-06,83125700.0,2022-09-12,80503900.0,2020-08-03,12409400.0,2020-07-20,8692800.0,2020-01-13,6901000.0,2020-01-06,3701300.0,,,,
EA,51466740216.93206,weekly,2026-08-03,48713698,2025-09-27,44562400.0,2025-01-18,32665700.0,2020-03-14,32364200.0,2020-03-07,28346600.0,2020-02-22,21086300.0,2020-01-25,18435600.0,2020-01-04,10852800.0,,,,
FERG,46275505918.77455,weekly,2026-08-03,64830100,2022-12-12,42198200.0,2022-11-28,34125500.0,2022-11-07,7188200.0,2022-05-09,7169200.0,2022-03-07,2969900.0,2022-02-28,1057900.0,2021-12-13,299900.0,2021-04-26,194500.0,2021-03-22,176000.0
APTV,12764950570.991123,weekly,2026-08-03,42949500,2020-06-08,42284200.0,2020-03-16,26283900.0,2020-03-09,14219800.0,2020-02-24,13312100.0,2020-01-13,9544600.0,2020-01-06,8383000.0,,,,,,
GLW,190243984949.3211,weekly,2026-07-27,131667616,2026-06-22,126794800.0,2026-05-04,94708800.0,2024-07-06,91237600.0,2024-06-15,53774000.0,2020-03-07,53556900.0,2020-02-22,49767200.0,2020-01-25,48831400.0,2020-01-04,32077200.0,,
AWK,25909819072.106155,weekly,2026-07-27,19672001,2023-02-27,17713200.0,2020-03-16,13227500.0,2020-03-09,10826600.0,2020-02-24,8661000.0,2020-01-13,5083100.0,2020-01-06,4261800.0,,,,,,
AMT,81806164122.37712,weekly,2026-07-27,25584315,2025-03-29,23930300.0,2024-11-02,20675800.0,2020-03-14,20618900.0,2020-03-07,18182900.0,2020-02-22,14979800.0,2020-02-15,9337500.0,2020-02-08,9181400.0,2020-01-11,8345600.0,2020-01-04,7380100.0
SNDK,309612757718.1487,weekly,2026-07-27,138565714,2026-02-02,138039400.0,2026-01-26,107879500.0,2026-01-05,89706000.0,2025-11-17,89303100.0,2025-11-10,83926900.0,2025-02-24,67826300.0,2025-02-17,2363500.0,2025-02-10,611800.0,,
LFUS,11439688728.25045,weekly,2026-07-27,3630595,2025-04-05,2998400.0,2025-03-29,2047200.0,2025-01-25,1390600.0,2024-01-27,1301100.0,2020-03-07,1212700.0,2020-01-25,890200.0,2020-01-18,607500.0,2020-01-11,596500.0,2020-01-04,537100.0
BE,71685544478.82591,weekly,2026-07-27,168138305,2026-06-22,104149500.0,2025-11-17,96452600.0,2025-09-22,93427500.0,2024-11-11,90991700.0,2024-05-20,89662300.0,2020-10-05,55526000.0,2020-07-13,47266500.0,2020-06-29,34470700.0,2020-03-16,25916800.0
SUI,14941729718.713106,weekly,2026-07-27,15602123,2023-10-07,10636600.0,2020-09-26,7962500.0,2020-04-25,6397200.0,2020-03-14,5979300.0,2020-03-07,3724200.0,2020-02-22,3278500.0,2020-01-04,3138700.0,,,,
LECO,14604051940.125675,weekly,2026-07-27,4182001,2026-02-09,3848100.0,2020-03-14,3840200.0,2020-03-07,3300600.0,2020-02-22,2685200.0,2020-02-08,2194300.0,2020-01-25,1669700.0,2020-01-11,1317900.0,2020-01-04,1095400.0,,
KLAC,324792267453.4924,weekly,2026-07-27,95755225,2026-06-22,75325100.0,2026-06-08,71805600.0,2026-06-01,47650000.0,2022-10-08,15020400.0,2020-02-22,13860600.0,2020-02-01,8893600.0,2020-01-25,6502000.0,2020-01-11,5666300.0,2020-01-04,5090300.0
ALNY,38901560247.15797,weekly,2026-07-27,22919905,2024-06-24,22412700.0,2022-08-01,14075500.0,2021-12-27,7380200.0,2021-01-11,7298600.0,2020-06-22,7002000.0,2020-03-16,6986900.0,2020-03-09,4641000.0,2020-02-10,4082200.0,2020-02-03,3988700.0
TW,22073153141.01333,weekly,2026-07-27,18325098,2022-12-12,12441400.0,2020-06-22,10317000.0,2020-04-20,8801200.0,2020-02-10,6616300.0,2020-01-06,3883500.0,,,,,,,,
CPRT,28283541322.966724,weekly,2026-07-27,84430347,2020-03-07,71732400.0,2020-02-22,60476000.0,2020-02-15,56181600.0,2020-01-04,29784000.0,,,,,,,,,,
WSO,16725013621.767387,weekly,2026-07-27,5185696,2025-10-25,4037700.0,2023-05-27,3593800.0,2022-10-15,3037000.0,2020-03-07,2803100.0,2020-02-29,2660300.0,2020-02-22,1585200.0,2020-02-08,1569300.0,2020-01-11,1067400.0,2020-01-04,833400.0
SWKS,10227606680.64055,weekly,2026-07-27,51396030,2025-02-01,37518800.0,2024-03-09,24397200.0,2021-01-23,22170100.0,2020-03-07,20197900.0,2020-02-22,17098500.0,2020-01-18,16286800.0,2020-01-04,11737500.0,,,,
CTVA,55257910864.833374,weekly,2026-07-27,41103543,2023-12-11,39953000.0,2020-03-16,37288300.0,2020-03-09,34499600.0,2020-03-02,32103400.0,2020-02-03,31129200.0,2020-01-13,30959000.0,2020-01-06,24874000.0,,,,
ROL,20832931918.13902,weekly,2026-07-27,40448690,2026-07-20,39529300.0,2026-02-09,32554000.0,2023-09-02,32476900.0,2020-05-09,24387900.0,2020-03-14,22216200.0,2020-01-25,15187050.0,2020-01-04,12991500.0,,,,
AMKR,19512524834.71338,weekly,2026-07-27,66243371,2021-02-06,46802000.0,2020-02-08,16549600.0,2020-02-01,5383900.0,2020-01-25,5164500.0,2020-01-18,4093300.0,2020-01-11,3927600.0,2020-01-04,3879300.0,,,,
MOD,13520313302.136814,weekly,2026-07-27,17784190,2026-06-22,15182400.0,2026-01-03,14618400.0,2025-07-26,12925800.0,2025-01-25,12542600.0,2024-05-18,7282200.0,2024-01-27,6996200.0,2023-10-28,5010800.0,2023-01-28,4815600.0,2020-10-31,4456700.0
ALLE,12006098955.729635,weekly,2026-07-20,8487600,2026-04-27,7875900.0,2023-04-24,7816000.0,2020-03-16,6361100.0,2020-03-09,6304800.0,2020-02-24,4723300.0,2020-01-13,4293200.0,2020-01-06,3138300.0,,,,
DHR,138857524702.34915,weekly,2026-07-20,57387100,2023-04-22,35654275.0,2020-03-21,34402759.0,2020-03-14,30210095.0,2020-03-07,27863179.0,2020-02-22,23732218.0,2020-01-25,15716763.0,2020-01-11,14675731.0,2020-01-04,13113113.0,,
BTSG,13537904362.723097,weekly,2026-07-13,44243300,2025-10-13,35914500.0,2025-09-08,26992800.0,2025-06-09,25583000.0,2024-01-22,24876200.0,,,,,,,,,,
ISRG,143329702950.23492,weekly,2026-07-13,27118100,2020-03-16,26835000.0,2020-03-09,20094000.0,2020-02-24,16465500.0,2020-01-06,14605500.0,,,,,,,,,,
IBM,255301020658.0168,weekly,2026-07-13,132714800,2022-07-16,66246800.0,2021-01-16,64432972.0,2020-03-07,58188457.0,2020-02-01,45729446.0,2020-01-18,36560315.0,2020-01-11,22177396.0,2020-01-04,17623322.0,,,,
PNR,12349895751.916578,weekly,2026-07-13,26866100,2026-01-31,19572400.0,2023-01-28,17421400.0,2022-10-22,13610500.0,2022-04-23,11665200.0,2022-03-12,10499000.0,2022-01-29,10456600.0,2020-01-25,10087700.0,2020-01-11,4787100.0,2020-01-04,4036300.0
IONS,13416013829.725046,weekly,2026-07-06,38666600,2025-08-30,33903900.0,2024-09-07,22697100.0,2021-05-22,16335200.0,2021-03-20,16155700.0,2020-12-12,10225100.0,2020-10-10,7759900.0,2020-09-19,7748400.0,2020-03-14,6847200.0,2020-02-29,6816700.0
ESI,11123105413.170578,weekly,2026-07-06,63600800,2025-03-17,57813600.0,2025-03-10,21099500.0,2020-03-02,17619600.0,2020-02-24,15550900.0,2020-01-06,10598700.0,,,,,,,,
CRDO,44381737621.36328,weekly,2026-06-22,73390900,2026-06-08,60438000.0,2026-03-02,59986200.0,2025-03-03,57880900.0,2025-01-27,48798900.0,2024-12-02,41444500.0,2023-02-13,40878400.0,2022-09-12,28201200.0,2022-08-22,9055200.0,2022-08-01,8518800.0
TECH,11116381203.804808,weekly,2026-06-22,72539600,2021-08-21,39736400.0,2021-05-22,14844000.0,2020-03-07,8473200.0,2020-02-01,4848400.0,2020-01-25,3074800.0,2020-01-04,2931200.0,,,,,,
ACN,78928296854.51422,weekly,2026-06-22,100067100,2026-03-16,76581900.0,2026-02-23,54046700.0,2025-09-22,38267900.0,2025-09-15,34319000.0,2025-03-17,33078300.0,2024-06-24,30110600.0,2020-03-16,30054200.0,2020-03-09,26750700.0,2020-03-02,18539900.0
FN,18803087801.096497,weekly,2026-06-22,10338000,2024-09-16,9439700.0,2024-02-05,5892300.0,2023-08-21,5215600.0,2023-05-22,4028800.0,2020-03-16,2911500.0,2020-03-02,2080300.0,2020-02-03,1730800.0,2020-01-13,1256500.0,2020-01-06,946000.0
BR,15952747941.31961,weekly,2026-06-22,13067600,2026-03-16,11432300.0,2026-02-02,9942500.0,2020-03-09,9358100.0,2020-03-02,8472100.0,2020-02-24,7440100.0,2020-02-03,5333900.0,2020-01-27,4366000.0,2020-01-06,2869300.0,,
FORM,10191807015.208338,weekly,2026-06-22,16547800,2026-05-11,15620400.0,2026-04-27,14449100.0,2025-10-27,13788800.0,2025-02-03,9056000.0,2024-12-16,8953500.0,2024-07-29,6620400.0,2022-10-24,6568500.0,2020-06-22,5156200.0,2020-06-15,4571200.0
FROG,10607666196.801268,weekly,2026-06-22,33844700,2026-02-23,31222900.0,2026-02-16,25054600.0,2024-02-12,21152600.0,2020-09-14,18529400.0,,,,,,,,,,
MKC,13726525474.869698,weekly,2026-06-22,38167700,2026-01-17,35856200.0,2023-09-30,21689200.0,2020-03-14,21119000.0,2020-03-07,16336000.0,2020-02-22,12588400.0,2020-01-25,11976800.0,2020-01-04,7643800.0,,,,
BALL,16451370360.052795,weekly,2026-06-22,24737700,2022-07-30,24374100.0,2020-03-14,19634900.0,2020-02-22,18093600.0,2020-02-01,15865000.0,2020-01-25,13503100.0,2020-01-04,11256300.0,,,,,,
MU,1276967111827.1174,weekly,2026-06-22,350869000,2026-05-11,290252700.0,2026-03-16,283876000.0,2024-12-14,282552200.0,2024-09-21,252126300.0,2020-03-21,247207200.0,2020-02-22,179761400.0,2020-01-04,139906600.0,,,,
AZO,51077140498.73705,weekly,2026-06-22,4373900,2020-12-05,2563700.0,2020-02-29,2540800.0,2020-02-22,1857400.0,2020-02-01,1341900.0,2020-01-11,1245800.0,2020-01-04,1187900.0,,,,,,
SITM,17743683931.104958,weekly,2026-06-22,5855600,2023-06-12,5085200.0,2021-11-29,4733300.0,2021-11-08,4223300.0,2021-02-22,3151300.0,2021-02-15,3137800.0,2020-06-15,1751800.0,2020-06-08,1291700.0,2020-03-16,1011000.0,2020-02-03,995400.0
AHR,10641594862.824036,weekly,2026-06-22,42241200,2026-01-26,40583400.0,2024-09-16,30868200.0,2024-06-24,18550000.0,2024-02-05,16425200.0,,,,,,,,,,
IESC,14243586588.75636,weekly,2026-06-22,2530000,2024-12-14,1641100.0,2021-09-11,1249900.0,2020-09-12,1107000.0,2020-09-05,422500.0,2020-03-14,418100.0,2020-02-29,315400.0,2020-02-22,238300.0,2020-02-01,228100.0,2020-01-25,169800.0
GH,19786559587.618584,weekly,2026-06-22,28550400,2025-10-27,23778900.0,2025-08-04,21595100.0,2023-05-22,21334000.0,2022-12-12,20461700.0,2020-02-24,16464800.0,2020-01-13,5419800.0,2020-01-06,4175900.0,,,,
SPXC,11608533965.93609,weekly,2026-06-22,10460800,2025-12-13,10246200.0,2025-08-09,6026200.0,2025-04-05,2590700.0,2025-02-22,2555100.0,2022-06-11,2468400.0,2020-12-12,2308700.0,2020-03-14,2304900.0,2020-02-08,1930200.0,2020-01-04,1832600.0
POWL,10192482634.542206,weekly,2026-06-22,6602700,2026-05-04,5306800.0,2026-02-09,4908900.0,2024-07-27,4035000.0,2024-03-09,3179400.0,2024-01-27,3069200.0,2023-12-09,2007900.0,2023-07-29,1415500.0,2022-12-10,968700.0,2020-02-01,833700.0
LDOS,12799929331.5456,weekly,2026-06-15,13847900,2024-11-11,13689200.0,2021-02-22,12365500.0,2020-03-16,9563200.0,2020-03-09,8333500.0,2020-02-24,7199500.0,2020-02-17,6011600.0,2020-02-03,4818700.0,2020-01-13,3648700.0,2020-01-06,3638300.0
MRVL,233370400846.74216,weekly,2026-06-15,415761600,2026-06-01,409068900.0,2026-05-25,183406300.0,2026-03-02,178423700.0,2025-03-03,175951500.0,2023-05-22,168088900.0,2021-03-08,95465100.0,2021-03-01,90755300.0,2020-03-02,81565500.0,2020-02-24,80872000.0
FLEX,53749347588.063614,weekly,2026-06-15,98836500,2024-11-16,88310200.0,2020-10-17,67217063.0,2020-05-23,66473809.0,2020-03-14,63160158.0,2020-01-25,49815713.0,2020-01-11,28723049.0,2020-01-04,17336061.0,,,,
VRSK,23869559834.47041,weekly,2026-06-15,27836200,2026-02-09,15993700.0,2025-10-27,14551100.0,2021-03-01,12325900.0,2021-02-22,11642200.0,2020-03-09,8480100.0,2020-02-24,6206000.0,2020-01-06,4547500.0,,,,
VIAV,11749636638.864395,weekly,2026-06-15,67328200,2026-04-27,51497800.0,2026-01-24,43895900.0,2025-10-25,43487000.0,2025-01-25,26643600.0,2024-01-27,24103000.0,2020-03-14,20078300.0,2020-03-07,19914500.0,2020-02-22,16646700.0,2020-02-01,15579500.0
SANM,12678543511.20504,weekly,2026-06-15,12652500,2026-01-24,10112000.0,2025-10-04,9188800.0,2024-01-27,8991500.0,2020-03-21,4546300.0,2020-03-14,4357100.0,2020-01-25,3382100.0,2020-01-11,1619800.0,2020-01-04,1198900.0,,
CTSH,18968995876.41456,weekly,2026-06-15,96734300,2026-02-23,56762100.0,2026-02-09,53779700.0,2025-12-13,44202400.0,2024-03-16,39032600.0,2023-01-07,35671100.0,2020-03-07,33907000.0,2020-02-22,27939500.0,2020-02-01,25972200.0,2020-01-11,15562100.0
FOX,20199822211.428474,weekly,2026-06-15,26977400,2025-09-08,23073500.0,2021-12-13,21623900.0,2021-01-25,19012000.0,2020-03-09,16579000.0,2020-03-02,14743000.0,2020-02-24,12868600.0,2020-01-20,7907600.0,2020-01-13,7035900.0,2020-01-06,5465900.0
ECHO,28198852370.666733,weekly,2026-06-09,100181100,2025-08-26,86888700.0,2025-06-03,34773400.0,2024-01-09,33035100.0,2024-01-02,26934500.0,2023-12-26,22943300.0,2023-11-07,12206800.0,2023-08-08,10356500.0,2021-06-22,8054800.0,2021-03-02,7693900.0
CPNG,31557228008.437283,weekly,2026-06-08,248315300,2026-01-26,184529500.0,2025-09-15,166654600.0,2022-05-09,152786400.0,2022-03-14,124883100.0,2021-03-08,122105100.0,,,,,,,,
ADBE,80585176526.16142,weekly,2026-06-08,59469900,2022-09-10,52822600.0,2020-03-14,34108100.0,2020-03-07,32300200.0,2020-02-22,22802900.0,2020-02-01,12527400.0,2020-01-25,11971900.0,2020-01-11,11532600.0,2020-01-04,9730700.0,,
BLD,11925014821.38053,weekly,2026-04-20,9761000,2020-06-29,8889000.0,2020-03-16,3954200.0,2020-02-24,3281000.0,2020-01-13,1637300.0,2020-01-06,1220500.0,,,,,,,,
HPE,57880936113.3018,weekly,2026-06-01,284674900,2025-10-13,264724500.0,2024-09-09,216897400.0,2024-06-03,194184800.0,2024-03-04,188050500.0,2023-05-29,101481900.0,2021-04-19,98298600.0,2020-03-16,90880400.0,2020-03-02,90853100.0,2020-02-24,68108700.0
CBOE,25348191145.784397,weekly,2026-06-01,13472800,2021-08-16,9838100.0,2020-03-16,8786400.0,2020-03-09,7703500.0,2020-03-02,6723900.0,2020-02-24,5737200.0,2020-02-17,4427500.0,2020-02-03,4348200.0,2020-01-06,3865300.0,,
TIGO,14954694555.625822,weekly,2026-05-25,20839800,2025-06-23,11430800.0,2025-03-31,7727300.0,2025-03-17,6881400.0,2025-03-10,6366400.0,2025-03-03,5439900.0,2023-01-23,3524600.0,2020-09-14,2351100.0,2020-06-15,1522500.0,2020-06-08,1029100.0
ZBRA,11981227143.623116,weekly,2026-05-25,7750900,2026-05-11,7732800.0,2025-10-25,6806800.0,2023-07-29,6224600.0,2020-03-14,5071500.0,2020-03-07,3884900.0,2020-02-22,3633500.0,2020-02-08,3518900.0,2020-01-04,2638300.0,,
HRL,14588849353.027288,weekly,2026-05-25,64013400,2025-10-25,36673200.0,2025-08-23,35706900.0,2020-03-14,34402800.0,2020-03-07,18770800.0,2020-02-22,15893700.0,2020-02-15,12350700.0,2020-01-25,12095800.0,2020-01-11,12048600.0,2020-01-04,10968800.0
UDR,12990127156.31918,weekly,2026-05-25,41526900,2026-01-24,30687200.0,2026-01-17,28614300.0,2024-07-27,21959300.0,2023-10-28,20714700.0,2023-10-21,20221500.0,2022-12-10,19321500.0,2020-03-07,18757100.0,2020-02-22,13907300.0,2020-02-08,9570600.0
NTAP,29867991382.122063,weekly,2026-05-25,34031400,2020-08-22,28362700.0,2020-08-15,22437800.0,2020-02-08,21883700.0,2020-01-25,12833400.0,2020-01-11,10992900.0,2020-01-04,8185600.0,,,,,,
ZS,21387703452.719223,weekly,2026-05-25,69813700,2020-06-01,39536200.0,2020-05-25,33267200.0,2020-03-23,24029300.0,2020-02-17,22724500.0,2020-01-13,16355900.0,2020-01-06,14767200.0,,,,,,
INTU,73231324343.75113,weekly,2026-05-18,45019600,2026-02-23,35343200.0,2026-01-31,26277600.0,2023-05-20,18678400.0,2022-05-21,16394700.0,2021-11-27,15619100.0,2020-03-14,13846200.0,2020-02-22,13022500.0,2020-01-11,7068700.0,2020-01-04,5518800.0
ZTS,31899067442.14406,weekly,2026-05-11,64823600,2026-05-04,58951700.0,2025-12-15,52983500.0,2025-11-03,37341000.0,2025-02-10,28093300.0,2024-04-15,27906900.0,2020-03-16,26037800.0,2020-03-09,19102000.0,2020-03-02,14610300.0,2020-02-24,14291800.0
JBS,13057178113.9867,weekly,2026-05-11,49125800,2025-10-06,46894400.0,2025-08-25,42827200.0,2025-06-16,37315300.0,2025-06-09,11952600.0,,,,,,,,,,
CSGP,12352760051.74581,weekly,2026-05-11,70658300,2022-09-10,70493700.0,2021-02-27,42198000.0,2020-07-11,30644000.0,2020-05-16,28336000.0,2020-04-25,26684000.0,2020-02-22,23311000.0,2020-02-08,16224000.0,2020-02-01,14540000.0,2020-01-04,11118000.0
SN,20534606634.18761,weekly,2026-05-11,22748000,2023-07-31,20652300.0,,,,,,,,,,,,,,,,
AKAM,16470717798.5935,weekly,2026-05-04,49811100,2026-04-06,32921400.0,2026-02-16,31364600.0,2025-05-10,29061100.0,2025-02-15,27761600.0,2020-04-25,21385500.0,2020-03-14,16920400.0,2020-03-07,12510400.0,2020-02-08,10686600.0,2020-01-04,8592500.0
VEEV,27836283925.940285,weekly,2026-05-04,51039200,2026-02-02,15862300.0,2020-03-09,13921100.0,2020-03-02,13016900.0,2020-02-24,8623900.0,2020-01-06,8326700.0,,,,,,,,
ZBH,18011356580.12313,weekly,2026-04-27,24464100,2025-11-03,21817000.0,2025-05-05,20248500.0,2020-03-16,19181072.0,2020-03-09,15614491.0,2020-03-02,10876182.0,2020-02-24,10311330.0,2020-02-03,8665390.0,2020-01-06,5075325.0,,
QCOM,199617054053.94888,weekly,2026-04-27,184480700,2025-10-25,131052700.0,2021-10-30,102989000.0,2021-01-30,100185500.0,2020-03-14,85099300.0,2020-02-22,78750100.0,2020-02-01,63034100.0,2020-01-11,58416900.0,2020-01-04,43202500.0,,
CHTR,18508581428.09256,weekly,2026-04-27,26771400,2026-04-20,22666000.0,2025-07-28,18399300.0,2020-03-16,17754000.0,2020-03-09,14856600.0,2020-03-02,14481200.0,2020-02-24,10924600.0,2020-01-27,7587200.0,2020-01-13,6558000.0,2020-01-06,4780900.0
MKL,24027074126.79041,weekly,2026-04-27,668600,2023-11-25,622400.0,2022-07-09,579400.0,2022-03-12,554900.0,2020-03-14,551300.0,2020-03-07,422000.0,2020-02-22,278500.0,2020-02-01,238900.0,2020-01-11,192900.0,2020-01-04,170300.0
GEHC,29913684884.452114,weekly,2026-04-27,55886400,2023-01-02,49885800.0,2022-12-19,3809100.0,2022-12-12,3625700.0,,,,,,,,,,,,
NOW,101418823284.496,weekly,2026-04-20,203284200,2026-02-02,161242600.0,2026-01-26,133727000.0,2022-01-24,95442000.0,2020-03-16,90098500.0,2020-03-09,85899500.0,2020-03-02,66480500.0,2020-01-27,65932000.0,2020-01-13,45059500.0,2020-01-06,36576000.0
TEAM,19981681679.34547,weekly,2026-04-13,61480000,2026-02-23,44899000.0,2026-02-02,42516400.0,2022-12-12,41104800.0,2022-10-31,25925400.0,2022-01-24,19731800.0,2022-01-10,14078100.0,2022-01-03,13837300.0,2020-03-09,13399000.0,2020-01-20,12899500.0
DOCN,14535842835.921288,weekly,2026-04-06,38663300,2025-08-11,32617700.0,2021-09-13,25748200.0,2021-08-02,21557300.0,2021-03-22,12326800.0,,,,,,,,,,
SBAC,19490140005.798733,weekly,2026-04-06,12276400,2024-02-24,9852400.0,2023-07-15,8989500.0,2020-06-20,7745000.0,2020-03-14,7550900.0,2020-03-07,6603600.0,2020-02-22,5818000.0,2020-02-08,4630800.0,2020-01-11,2778700.0,2020-01-04,2643600.0
CASY,28813136472.65583,weekly,2026-04-06,10993500,2025-09-06,3978600.0,2025-06-07,3803400.0,2020-03-07,3498400.0,2020-01-25,2440800.0,2020-01-04,1816900.0,,,,,,,,
NKE,60346158405.57458,weekly,2026-03-30,230760300,2025-06-21,197861600.0,2025-04-05,197048100.0,2024-06-22,184373500.0,2022-09-24,95350500.0,2020-03-21,94976900.0,2020-03-14,86536700.0,2020-03-07,85595000.0,2020-02-29,56961500.0,2020-02-22,56652800.0
AGX,10731172954.69441,weekly,2026-03-23,4277900,2025-01-25,3933200.0,2024-10-12,2506400.0,2024-08-31,2139600.0,2020-04-25,1566000.0,2020-04-11,1042800.0,2020-03-14,994500.0,2020-01-25,936700.0,2020-01-11,667500.0,2020-01-04,624800.0
CDE,16572861852.821764,weekly,2026-03-23,352555800,2026-01-24,196321100.0,2025-02-08,170606400.0,2025-02-01,86211600.0,2024-04-06,70970600.0,2024-03-30,65497800.0,2020-07-18,58033400.0,2020-01-04,47412500.0,,,,
VG,27203719886.66205,weekly,2026-03-16,257772300,2026-03-02,206802700.0,2025-09-15,80574000.0,2025-03-03,78428200.0,2025-02-03,45936800.0,2025-01-27,16383800.0,,,,,,,,
MOH,11969453277.94177,weekly,2026-03-16,20032700,2025-07-21,18135100.0,2022-02-28,18032200.0,2020-03-09,7020500.0,2020-03-02,4564700.0,2020-01-27,3977900.0,2020-01-13,3608800.0,2020-01-06,2633700.0,,,,
SNEX,10732237405.94493,weekly,2026-03-16,7120500,2025-08-02,5535500.0,2025-03-01,3108900.0,2021-12-11,2838375.0,2020-12-12,2770425.0,2020-03-14,2012400.0,2020-03-07,1410300.0,2020-02-29,1197225.0,2020-02-22,1039050.0,2020-01-11,936900.0
COHR,74452502664.61447,weekly,2026-03-16,84585400,2025-08-09,56781800.0,2023-08-12,54810200.0,2023-06-10,40997900.0,2020-06-27,22913700.0,2020-05-09,22735300.0,2020-03-07,15214000.0,2020-02-08,11504000.0,2020-01-25,8377700.0,2020-01-04,8240700.0
PKG,21521778114.48982,weekly,2026-03-16,9940300,2026-01-26,9264600.0,2023-03-13,8299200.0,2020-03-16,7222700.0,2020-01-27,6762300.0,2020-01-06,4567800.0,,,,,,,,
ADP,89360598056.5085,weekly,2026-03-16,31711800,2026-02-09,24170200.0,2020-03-14,24079000.0,2020-03-07,20556600.0,2020-02-29,15634300.0,2020-02-22,14436600.0,2020-01-25,13155700.0,2020-01-11,9828800.0,2020-01-04,6918600.0,,
RGLD,17648009056.37645,weekly,2026-03-16,11933900,2025-10-11,11103200.0,2025-09-13,8210400.0,2025-07-05,7930800.0,2020-03-14,6573900.0,2020-03-07,6383400.0,2020-02-22,5167000.0,2020-01-04,4138100.0,,,,
LITE,63561044332.67976,weekly,2026-03-16,54112500,2026-02-02,41461900.0,2025-11-03,35095100.0,2025-08-11,27918800.0,2024-02-05,24633900.0,2021-01-18,22423300.0,2020-06-22,19907500.0,2020-02-03,13027600.0,2020-01-13,8528800.0,2020-01-06,7064300.0
GIS,19217861322.194347,weekly,2026-03-16,78429700,2025-03-15,77592300.0,2020-03-14,59810500.0,2020-03-07,43695000.0,2020-02-29,30511100.0,2020-02-22,26684300.0,2020-02-01,19702000.0,2020-01-04,18418800.0,,,,
ABT,163939377254.45776,weekly,2026-03-16,116873100,2020-03-28,102848100.0,2020-03-14,74822700.0,2020-03-07,63429800.0,2020-02-29,49590500.0,2020-02-22,45398200.0,2020-01-11,30615600.0,2020-01-04,25846600.0,,,,
VRT,116749880192.90611,weekly,2026-03-16,114093000,2025-01-27,113181900.0,2024-04-22,83229300.0,2022-02-21,82358400.0,2021-11-01,36084500.0,2020-06-22,35867700.0,2020-03-16,21016400.0,2020-03-09,18255800.0,2020-03-02,15033900.0,2020-02-24,14355800.0
DT,12641301073.468472,weekly,2026-03-16,64971800,2026-02-23,58362500.0,2022-09-12,47829700.0,2020-06-01,36414500.0,2020-03-09,17902100.0,2020-02-17,17529600.0,2020-02-03,13317300.0,2020-01-27,12712400.0,2020-01-06,11868600.0,,
CF,16238615382.767088,weekly,2026-03-09,45809900,2022-03-07,37263100.0,2022-02-28,29295500.0,2022-01-24,25494800.0,2020-03-09,24329500.0,2020-03-02,19272400.0,2020-02-24,18520400.0,2020-02-10,16942000.0,2020-01-20,13078100.0,2020-01-06,10318700.0
LYB,17988796397.998745,weekly,2026-03-09,65369300,2026-03-02,56720500.0,2026-01-26,43077300.0,2025-04-07,39598700.0,2020-03-16,37603400.0,2020-03-09,31441100.0,2020-01-27,18574900.0,2020-01-20,11272400.0,2020-01-06,11059500.0,,
IOT,18201748821.18012,weekly,2026-03-02,71566900,2026-02-02,65123100.0,2025-06-23,57418000.0,2025-06-09,46685200.0,2024-03-04,40401400.0,2023-05-29,37027600.0,2023-02-27,33787300.0,2021-12-13,18609000.0,,,,
AES,10462023568.074352,weekly,2026-03-02,190581100,2025-07-05,157917900.0,2025-05-17,153561600.0,2025-02-22,123124500.0,2024-11-02,105984500.0,2023-09-30,80896300.0,2023-06-03,55687100.0,2021-01-23,54690900.0,2020-06-20,47848100.0,2020-03-14,44742100.0
VNOM,15283717761.738462,weekly,2026-03-02,39217300,2024-09-16,22329600.0,2024-09-09,15735200.0,2020-03-09,15200100.0,2020-03-02,5797600.0,2020-02-24,4861400.0,2020-01-06,4293000.0,,,,,,
DCI,10260446793.1864,weekly,2026-02-23,6560400,2025-08-23,6179900.0,2020-06-20,5597800.0,2020-03-07,5039600.0,2020-02-29,4858100.0,2020-02-22,2825600.0,2020-01-11,2141600.0,2020-01-04,1642100.0,,,,
BKNG,140609440148.141,weekly,2026-02-23,100187500,2026-02-09,80625000.0,2020-03-14,5127500.0,2020-02-22,5062600.0,2020-01-25,2973300.0,2020-01-18,2017900.0,2020-01-11,1913200.0,2020-01-04,1527400.0,,,,
BXP,10748775548.91427,weekly,2026-02-23,28476400,2023-03-11,18984100.0,2020-05-09,13271800.0,2020-03-21,10000300.0,2020-03-14,8681600.0,2020-03-07,8127300.0,2020-02-22,6433000.0,2020-01-25,3971000.0,2020-01-04,2986400.0,,
PPL,27852011913.05676,weekly,2026-02-23,88092500,2025-08-09,65623800.0,2025-07-12,61680900.0,2020-03-14,51739900.0,2020-02-22,50599200.0,2020-01-25,24116800.0,2020-01-04,22426400.0,,,,,,
CW,27605024357.43179,weekly,2026-02-23,3158800,2020-03-14,2950000.0,2020-03-07,2411800.0,2020-02-29,2077200.0,2020-02-22,1503800.0,2020-02-15,1162400.0,2020-01-04,958200.0,,,,,,
LNT,19951901869.66793,weekly,2026-02-23,23542400,2025-05-10,19123600.0,2024-01-27,18432000.0,2020-03-14,16923800.0,2020-03-07,15348700.0,2020-02-22,11421900.0,2020-01-04,9063500.0,,,,,,
WTRG,10962414188.499868,weekly,2026-02-23,40042700,2025-10-25,16868100.0,2024-03-09,14602100.0,2020-02-22,12471600.0,2020-01-25,7142400.0,2020-01-11,7013500.0,2020-01-04,4639900.0,,,,,,
OWL,13361060565.693396,weekly,2026-02-23,263885100,2026-02-02,251544200.0,2025-11-17,128345200.0,2025-04-07,82600100.0,2021-12-06,77899200.0,2021-09-13,33498900.0,2021-08-02,18746500.0,2021-06-07,15079400.0,2021-01-25,8090600.0,2020-12-21,7731500.0
FLUT,18126163820.204075,weekly,2026-02-23,39900900,2025-06-23,36526900.0,2024-09-16,25817400.0,2024-08-12,16869300.0,2024-06-03,9245200.0,2024-05-27,7245200.0,2024-05-13,6296200.0,2024-05-06,3643900.0,2024-04-01,1860000.0,2024-03-25,1423500.0
AFG,11563920905.071014,weekly,2026-02-23,8367200,2020-05-23,7525900.0,2020-05-09,5749500.0,2020-03-21,5716100.0,2020-03-14,4689200.0,2020-03-07,3678900.0,2020-02-29,3170100.0,2020-02-01,2518000.0,2020-01-25,1933700.0,2020-01-18,1435900.0
MELI,84922849068.02347,weekly,2026-02-23,5922100,2020-02-24,5752600.0,2020-02-10,5153800.0,2020-01-13,2904100.0,2020-01-06,2119200.0,,,,,,,,,,
OMC,20831102884.273323,weekly,2026-02-16,42592700,2025-12-06,35379800.0,2025-11-22,34474800.0,2025-07-12,31967000.0,2025-06-21,30953300.0,2025-03-08,26145400.0,2025-03-01,24624100.0,2020-11-07,23922800.0,2020-07-25,20541200.0,2020-03-21,18774300.0
U,12323382730.813929,weekly,2026-02-09,198784800,2023-06-05,148781700.0,2022-05-09,121770400.0,2021-02-08,50422000.0,2021-02-01,25982900.0,2020-09-21,22461700.0,2020-09-14,20621000.0,,,,,,
WAT,36761766295.44796,weekly,2026-02-09,16365900,2026-02-07,10354800.0,2025-07-12,9023200.0,2020-06-20,6241100.0,2020-06-13,4412100.0,2020-03-07,4018400.0,2020-02-01,3745800.0,2020-01-25,2584600.0,2020-01-04,2427000.0,,
CHRW,21138171698.778866,weekly,2026-02-09,27971000,2023-01-28,19301100.0,2020-03-14,16327300.0,2020-01-25,12568100.0,2020-01-11,10084600.0,2020-01-04,5621300.0,,,,,,,,
CBRE,40232999925.22514,weekly,2026-02-09,28758300,2020-03-16,20367600.0,2020-03-09,15708300.0,2020-02-24,12612800.0,2020-01-27,6518200.0,2020-01-06,5578000.0,,,,,,,,
SPGI,120815364478.87273,weekly,2026-02-09,30114200,2022-02-26,28702500.0,2020-03-07,18450100.0,2020-02-29,11639400.0,2020-02-22,10104500.0,2020-02-01,7011200.0,2020-01-11,6313100.0,2020-01-04,5283900.0,,,,
ICLR,13005727115.123632,weekly,2026-02-09,44073100,2025-07-19,15318700.0,2021-06-26,14872600.0,2021-02-20,7377400.0,2020-03-14,3620600.0,2020-03-07,2212400.0,2020-02-22,1751500.0,2020-01-11,1357500.0,2020-01-04,1119400.0,,
NDAQ,44428888675.70483,weekly,2026-02-02,48370700,2024-03-18,47466400.0,2023-06-12,42216900.0,2020-03-16,29470200.0,2020-03-09,26094300.0,2020-02-24,20259000.0,2020-01-27,15648000.0,2020-01-13,10797900.0,2020-01-06,10201200.0,,
GLXY,11408476968.450811,weekly,2026-02-02,69909400,2025-07-21,69446900.0,2025-07-14,54473800.0,2025-06-16,43545100.0,2025-06-02,27369100.0,2025-05-26,23226800.0,2025-05-19,17546800.0,2025-05-12,6284900.0,,,,
TPG,15253356936.45427,weekly,2026-02-02,33541700,2025-05-19,18569900.0,2022-01-10,17961600.0,,,,,,,,,,,,,,
PYPL,39068454898.33081,weekly,2026-02-02,304926000,2022-01-31,259015600.0,2021-11-08,149461600.0,2021-10-18,106304500.0,2020-11-02,85412600.0,2020-05-04,79594900.0,2020-03-16,77303600.0,2020-03-09,74248800.0,2020-02-24,66752200.0,2020-01-27,45792600.0
STE,21018698400.648148,weekly,2026-01-31,7481600,2021-05-29,6413600.0,2020-02-22,6000600.0,2020-02-08,5063600.0,2020-01-25,3025900.0,2020-01-04,2926900.0,,,,,,,,
EHC,10051843043.036505,weekly,2026-01-31,10533300,2022-01-29,10350390.0,2020-03-07,8869392.0,2020-02-29,7373311.0,2020-01-11,6573231.0,2020-01-04,5138365.0,,,,,,,,
BSX,65741487319.84569,weekly,2026-01-31,187218500,2020-11-28,97037200.0,2020-11-14,95257900.0,2020-03-07,89830300.0,2020-02-29,76705600.0,2020-01-11,72836200.0,2020-01-04,27856600.0,,,,,,
ODFL,45501378310.75444,weekly,2026-01-31,20483000,2022-01-15,19697800.0,2020-03-07,15895800.0,2020-02-29,10496100.0,2020-01-04,8785200.0,,,,,,,,,,
RMBS,12406554872.989248,weekly,2026-01-31,33158000,2023-12-09,27135600.0,2023-07-29,16645300.0,2022-03-12,13487500.0,2020-01-25,10233700.0,2020-01-04,3183300.0,,,,,,,,
CDNS,104057109016.45796,weekly,2026-01-31,19644500,2025-02-15,18619700.0,2024-10-26,17299800.0,2020-03-07,17266500.0,2020-02-22,14864300.0,2020-02-08,9238100.0,2020-01-04,7436800.0,,,,,,
RRX,14628663073.662956,weekly,2026-01-31,13465500,2021-10-02,13114900.0,2021-09-25,2815000.0,2021-03-06,2400900.0,2020-03-07,2200500.0,2020-02-29,2069300.0,2020-02-22,1762800.0,2020-02-01,1629300.0,2020-01-25,1239200.0,2020-01-11,970500.0
CIEN,67874624273.577965,weekly,2026-01-31,48085300,2020-08-29,37728200.0,2020-02-29,16948300.0,2020-01-25,10497900.0,2020-01-04,8432800.0,,,,,,,,,,
NYT,11472827714.97506,weekly,2026-01-31,25528700,2021-05-01,21694900.0,2021-01-23,21598500.0,2020-11-07,18234800.0,2020-02-01,16532500.0,2020-01-11,7629300.0,2020-01-04,6040700.0,,,,,,
IEX,16815480384.448942,weekly,2026-01-31,8073200,2025-07-26,6692700.0,2024-09-14,6243700.0,2020-03-21,5953800.0,2020-03-14,5180500.0,2020-03-07,4497400.0,2020-02-29,3307700.0,2020-02-22,3045600.0,2020-01-25,2579800.0,2020-01-11,1580700.0
WBS,12249203196.784958,weekly,2026-01-31,51922400,2022-01-29,26314000.0,2022-01-22,11018300.0,2021-04-17,8202200.0,2020-03-14,7898700.0,2020-03-07,6438700.0,2020-02-29,5824100.0,2020-02-22,5091700.0,2020-02-01,3130300.0,2020-01-18,2997100.0
EFX,18870593510.76364,weekly,2026-01-31,19443900,2026-01-17,10410800.0,2025-11-29,10142700.0,2023-07-22,9649300.0,2022-04-16,9607000.0,2020-03-07,8082500.0,2020-02-29,7449800.0,2020-02-22,5427500.0,2020-02-08,5115600.0,2020-01-04,3767200.0
PHYS,14447918700.0,weekly,2026-01-26,123521800,2025-04-07,62412600.0,2025-03-31,37216100.0,2022-03-07,35634100.0,2022-02-28,25093500.0,2020-04-20,24539700.0,2020-03-23,23179800.0,2020-03-02,20600800.0,2020-02-24,16349000.0,2020-01-27,8004300.0
BROS,11839703215.67117,weekly,2026-01-26,46697600,2024-08-05,42585700.0,2022-05-09,41961100.0,2021-09-13,37911000.0,,,,,,,,,,,,
STX,201783664001.17865,weekly,2026-01-26,45419600,2021-01-25,40848200.0,2020-07-27,33139300.0,2020-06-15,24430700.0,2020-03-09,23538800.0,2020-02-03,21839500.0,2020-01-27,12719600.0,2020-01-06,10500100.0,,,,
CR,12649770511.33235,weekly,2026-01-26,5575200,2023-04-03,4684300.0,2023-03-27,237500.0,,,,,,,,,,,,,,
TTMI,19886248586.68657,weekly,2026-01-26,30416500,2025-07-28,21919900.0,2025-07-21,15049500.0,2025-07-14,11388000.0,2020-04-27,11226600.0,2020-03-09,10468800.0,2020-01-20,9007200.0,2020-01-06,4110900.0,,,,
ROP,34141352898.978817,weekly,2026-01-24,15102200,2023-12-09,11001000.0,2022-04-23,6213200.0,2020-03-21,5251900.0,2020-03-07,4727300.0,2020-02-22,3348600.0,2020-01-25,2711600.0,2020-01-04,2340400.0,,,,
SCCO,142887093911.28198,weekly,2026-01-24,17791300,2025-07-26,13511069.0,2021-06-12,13194271.0,2021-05-08,11498846.0,2021-02-20,9400162.0,2020-03-14,8038378.0,2020-03-07,7666001.0,2020-02-22,6440626.0,2020-01-18,4896161.0,2020-01-11,3365307.0
APH,201413984416.2097,weekly,2026-01-24,95930100,2025-07-19,66711400.0,2025-04-19,62502900.0,2020-03-14,62291200.0,2020-03-07,62203200.0,2020-02-22,49221600.0,2020-01-18,29947600.0,2020-01-04,18735600.0,,,,
AEIS,13238851064.062803,weekly,2026-01-24,8971100,2025-11-01,4957800.0,2025-08-09,3630000.0,2025-04-05,3086300.0,2021-05-01,2839400.0,2020-03-14,2377400.0,2020-02-29,1885900.0,2020-02-22,1685300.0,2020-02-08,1682000.0,2020-01-11,1531200.0
BEN,17257150425.36294,weekly,2026-01-24,49277700,2020-02-29,47397600.0,2020-02-15,38441800.0,2020-01-25,37755800.0,2020-01-04,18435200.0,,,,,,,,,,
HBAN,36062652876.07878,weekly,2026-01-24,347349500,2023-03-11,346607400.0,2021-06-05,245343100.0,2020-12-12,112345900.0,2020-02-29,104082500.0,2020-02-22,86575700.0,2020-01-18,67739600.0,2020-01-11,51174700.0,2020-01-04,35359000.0,,
PEN,12453508767.552994,weekly,2026-01-12,16159900,2020-12-07,11510600.0,2020-11-30,4881700.0,2020-11-09,3856200.0,2020-09-14,3701000.0,2020-02-24,2999200.0,2020-01-13,1624900.0,2020-01-06,1611600.0,,,,
WMT,920670161552.411,weekly,2026-01-10,562872200,2022-05-14,379006800.0,2020-08-29,285697800.0,2020-03-14,279439800.0,2020-03-07,227946000.0,2020-02-29,164238000.0,2020-02-22,144006900.0,2020-01-11,106701000.0,2020-01-04,92360100.0,,
RVMD,38709564142.75984,weekly,2026-01-05,54760600,2025-06-23,36342600.0,2023-10-23,35035600.0,2023-10-09,20339700.0,2023-02-27,17161000.0,2022-07-18,11032800.0,2020-02-10,8551400.0,,,,,,
STZ,25089018528.688133,weekly,2026-01-03,22457300,2025-04-05,21700700.0,2020-03-21,18847400.0,2020-03-14,16022200.0,2020-01-04,12851200.0,,,,,,,,,,
RPM,14352878708.016651,weekly,2026-01-03,9874500,2020-03-14,8984500.0,2020-03-07,5409200.0,2020-01-04,4938300.0,,,,,,,,,,,,
MDLZ,78033071115.52744,weekly,2025-12-15,96296300,2024-12-16,81922200.0,2020-03-09,77949100.0,2020-03-02,58346200.0,2020-02-24,52162400.0,2020-01-27,50955600.0,2020-01-13,34012500.0,2020-01-06,28351000.0,,,,
CDW,17029536268.812689,weekly,2025-12-15,20730400,2023-12-11,14208700.0,2020-03-09,12793900.0,2020-02-24,9006400.0,2020-02-03,6352200.0,2020-01-13,6210600.0,2020-01-06,4462200.0,,,,,,
GFS,43775351672.13167,weekly,2025-12-15,68774100,2022-12-12,37632000.0,2021-11-01,24918800.0,2021-10-25,23258300.0,,,,,,,,,,,,
CRBG,12753438946.508884,weekly,2025-12-15,82499700,2025-11-03,51770500.0,2024-05-13,41256700.0,2023-11-06,40058000.0,2023-06-05,39340200.0,2022-09-19,22905800.0,2022-09-12,4981700.0,,,,,,
ULS,19964827489.13075,weekly,2025-12-15,18774900,2024-04-08,14953800.0,,,,,,,,,,,,,,,,
MSI,66877958836.71565,weekly,2025-12-13,12488700,2020-05-02,12213800.0,2020-03-14,10038000.0,2020-03-07,9662100.0,2020-02-29,7026200.0,2020-02-22,6863100.0,2020-01-04,6019300.0,,,,,,
FIX,65273394312.5172,weekly,2025-12-13,10151300,2023-12-09,8150400.0,2020-10-24,2863400.0,2020-07-25,2786100.0,2020-04-25,2629400.0,2020-03-14,2491000.0,2020-03-07,2478500.0,2020-02-22,1498100.0,2020-02-08,1015400.0,2020-01-04,987600.0
CMCSA,82768537560.61612,weekly,2025-12-13,364250540,2020-03-07,281702405.0,2020-02-22,184561338.0,2020-01-18,122038658.0,2020-01-11,113108616.0,2020-01-04,96436420.0,,,,,,,,
CRH,75052247963.2559,weekly,2025-12-13,174659800,2025-03-15,85471900.0,2024-06-15,81347400.0,2024-05-25,74007700.0,2023-09-16,63574100.0,2023-09-09,37118900.0,2023-09-02,15966600.0,2023-08-19,14881700.0,2020-03-21,12771500.0,2020-03-07,12100700.0
PSA,56956281214.19255,weekly,2025-12-13,10845500,2020-03-14,10169500.0,2020-03-07,9538000.0,2020-02-22,9335500.0,2020-01-04,5637400.0,,,,,,,,,,
PAYX,35793257668.827545,weekly,2025-12-13,31384600,2020-03-14,29728300.0,2020-03-07,21237800.0,2020-02-29,13311400.0,2020-02-22,12951000.0,2020-01-11,7856400.0,2020-01-04,6352500.0,,,,,,
ARES,24229962515.3472,weekly,2025-12-08,73243600,2025-04-07,22930100.0,2025-03-31,16974300.0,2020-06-22,15641800.0,2020-06-01,8529000.0,2020-03-16,7811500.0,2020-03-02,5806500.0,2020-02-24,4617200.0,2020-02-17,3169000.0,2020-02-10,3144300.0
WY,18249599245.718937,weekly,2025-12-06,48948400,2020-06-13,42705100.0,2020-03-14,40203400.0,2020-03-07,39980300.0,2020-02-22,28903500.0,2020-01-25,24997100.0,2020-01-11,19038000.0,2020-01-04,12240400.0,,,,
ITT,17256882452.47436,weekly,2025-12-06,12198200,2020-03-14,10501700.0,2020-03-07,7552400.0,2020-02-22,5745400.0,2020-02-15,4356600.0,2020-01-04,4187600.0,,,,,,,,
SYM,24855629533.554085,weekly,2025-12-01,35435000,2024-11-25,33917900.0,2024-02-05,21949700.0,2023-11-20,15066700.0,2023-07-31,12158600.0,2021-03-08,10841900.0,,,,,,,,
OC,10902728847.155216,weekly,2025-11-24,13542000,2020-03-09,13319200.0,2020-02-24,10010200.0,2020-02-17,8423400.0,2020-01-13,7961300.0,2020-01-06,4101300.0,,,,,,,,
RVTY,12608485782.69497,weekly,2025-11-22,16186700,2025-07-26,11977500.0,2021-12-11,10575500.0,2021-01-30,7719600.0,2020-07-25,7326700.0,2020-07-11,7291800.0,2020-03-07,6547900.0,2020-01-25,5767900.0,2020-01-18,3180100.0,2020-01-11,2981900.0
JAZZ,14449311234.296022,weekly,2025-11-17,16017900,2020-09-14,11654100.0,2020-06-08,8822200.0,2020-03-02,6221300.0,2020-02-24,5614100.0,2020-01-13,3082100.0,2020-01-06,2690700.0,,,,,,
LEN,22967600947.21073,weekly,2025-11-15,83063400,2020-03-14,43850851.0,2020-01-04,32686186.0,,,,,,,,,,,,,,
ONON,12270078682.9497,weekly,2025-11-10,104180400,2023-03-20,75273300.0,2022-05-16,28462100.0,2021-11-15,25871100.0,2021-09-13,23886400.0,,,,,,,,,,
KMB,36304314269.48216,weekly,2025-11-01,84359800,2020-03-14,22191100.0,2020-03-07,18826300.0,2020-02-29,15068800.0,2020-02-22,12634000.0,2020-01-18,9392700.0,2020-01-11,7899500.0,2020-01-04,7528600.0,,,,
SO,109528583669.12688,weekly,2025-11-01,48547000,2020-03-14,47585500.0,2020-03-07,47216000.0,2020-02-29,41576100.0,2020-02-22,40014000.0,2020-02-01,24448700.0,2020-01-11,23406300.0,2020-01-04,17655400.0,,,,
PFE,138439491505.94043,weekly,2025-11-01,656205900,2025-09-27,495139600.0,2025-03-15,493533700.0,2023-12-09,484800300.0,2020-11-07,456170040.0,2020-03-07,272366881.0,2020-02-22,249270473.0,2020-01-25,202542754.0,2020-01-18,102505716.0,2020-01-11,99537757.0
KHC,28102928011.239883,weekly,2025-10-27,134981300,2025-07-14,113541100.0,2025-07-07,108067600.0,2025-06-23,95864300.0,2020-02-10,82244700.0,2020-02-03,42819200.0,2020-01-27,34875300.0,2020-01-06,31199900.0,,,,
CL,73673429734.69403,weekly,2025-10-25,50164400,2020-03-14,45522800.0,2020-03-07,43506300.0,2020-02-29,34820400.0,2020-02-22,32824600.0,2020-01-25,26823700.0,2020-01-04,21503700.0,,,,,,
CLH,15941006088.332275,weekly,2025-10-25,6293100,2020-03-07,5570900.0,2020-02-29,3117900.0,2020-02-22,2788400.0,2020-01-11,1872200.0,2020-01-04,1671800.0,,,,,,,,
CHD,23594844405.30066,weekly,2025-10-25,17406300,2020-03-14,16879000.0,2020-03-07,14794900.0,2020-01-25,12246600.0,2020-01-18,8046800.0,2020-01-11,7891600.0,2020-01-04,7250200.0,,,,,,
FISV,26369411023.0749,weekly,2025-10-25,207018700,2025-07-19,59136800.0,2020-03-14,48427300.0,2020-03-07,44516200.0,2020-02-22,25698100.0,2020-02-01,19075300.0,2020-01-11,13869700.0,2020-01-04,13347100.0,,,,
PM,281740669593.3367,weekly,2025-10-20,63389300,2020-03-16,57563500.0,2020-03-09,47797300.0,2020-02-24,43133700.0,2020-01-06,27281700.0,,,,,,,,,,
VICR,14901928116.53895,weekly,2025-10-18,8206900,2023-07-22,8034400.0,2021-12-11,6124900.0,2020-06-06,2505900.0,2020-02-22,2189900.0,2020-01-04,1474000.0,,,,,,,,
RF,25652589712.16878,weekly,2025-10-18,268721000,2025-10-11,219814400.0,2023-03-11,171922000.0,2020-02-29,122482100.0,2020-02-22,81745000.0,2020-01-25,71247600.0,2020-01-11,62254900.0,2020-01-04,38307500.0,,,,
F,56303705805.1042,weekly,2025-10-18,1568301500,2025-04-05,983497400.0,2022-01-01,957710500.0,2021-05-22,883340800.0,2020-03-21,724668100.0,2020-03-14,596481500.0,2020-02-22,546539100.0,2020-02-01,470474200.0,2020-01-25,307631600.0,2020-01-18,233420800.0
JBHT,26432065605.910515,weekly,2025-10-11,13807200,2024-04-13,9397300.0,2022-04-02,9326300.0,2020-01-11,6899900.0,2020-01-04,3812600.0,,,,,,,,,,
JEF,10037626403.837383,weekly,2025-10-11,28365500,2023-03-11,27375800.0,2020-05-23,27374551.0,2020-03-14,21771444.0,2020-03-07,17230025.0,2020-02-29,16973756.0,2020-02-22,14787929.0,2020-02-08,10893150.0,2020-02-01,9928738.0,2020-01-04,9889198.0
KNX,12448665542.782406,weekly,2025-10-04,31662700,2025-02-22,23897400.0,2023-10-14,23012200.0,2020-03-07,19885200.0,2020-02-29,13394000.0,2020-02-22,13288700.0,2020-01-11,12508900.0,2020-01-04,8938500.0,,,,
PSLV,11686571490.0,weekly,2025-09-29,499393000,2025-04-07,377742600.0,2025-03-31,281444400.0,2025-03-10,237934400.0,2025-03-03,219137400.0,2025-02-24,203704300.0,2025-02-03,175282800.0,2025-01-27,157386900.0,2025-01-13,92182100.0,2021-02-22,84163200.0
CART,11154514869.812822,weekly,2025-09-29,69767100,2023-09-18,67629200.0,,,,,,,,,,,,,,,,
CIFR,10610736226.787384,weekly,2025-09-22,395130800,2025-06-30,283440000.0,2025-06-23,233298500.0,2025-02-24,150318900.0,2025-01-27,117363100.0,2023-12-25,96469700.0,2023-12-18,95844300.0,2023-12-04,29945700.0,2021-10-11,25521700.0,2021-03-08,11911600.0
INTC,644936296299.3818,weekly,2025-09-20,985383500,2025-08-16,969309300.0,2025-08-09,893937200.0,2025-02-08,865514600.0,2024-09-14,824521800.0,2024-07-27,545277800.0,2023-06-10,364192500.0,2021-01-09,321825900.0,2020-07-25,316661100.0,2020-07-18,281420800.0
FCX,89775609322.05334,weekly,2025-09-20,245895200,2020-02-22,215594500.0,2020-01-25,177621500.0,2020-01-18,136572200.0,2020-01-11,112902900.0,2020-01-04,86286500.0,,,,,,,,
TRU,13563480214.2,weekly,2025-09-15,43513900,2023-10-23,33156000.0,2022-02-21,17356300.0,2020-03-16,12709900.0,2020-03-09,10971800.0,2020-02-10,9416800.0,2020-01-06,5929200.0,,,,,,
APP,160270250004.78894,weekly,2025-09-15,106140800,2025-02-24,72200300.0,2024-11-11,52713700.0,2024-11-04,47765500.0,2024-09-16,40537900.0,2022-05-09,36660600.0,2021-11-29,34620500.0,2021-11-08,17458700.0,2021-04-12,15643700.0,,
AMRZ,30881358782.27523,weekly,2025-09-15,58652700,2025-06-23,37007900.0,,,,,,,,,,,,,,,,
HL,10422870470.336632,weekly,2025-09-13,261022900,2025-09-06,182793500.0,2025-05-31,160616900.0,2025-04-05,148786500.0,2025-03-08,139883300.0,2021-01-30,127187500.0,2020-07-18,92044400.0,2020-03-14,73158600.0,2020-01-04,60273600.0,,
CSL,15715824661.560093,weekly,2025-09-13,5202700,2022-08-27,4918200.0,2020-03-14,4045800.0,2020-03-07,3937200.0,2020-02-22,3427200.0,2020-02-01,2506300.0,2020-01-25,2156900.0,2020-01-04,1794000.0,,,,
EME,35467784048.78735,weekly,2025-09-13,12547700,2023-06-17,7253000.0,2020-03-14,5153900.0,2020-03-07,3816600.0,2020-02-22,2844700.0,2020-02-15,1469100.0,2020-01-25,1342700.0,2020-01-18,1304500.0,2020-01-11,1250600.0,2020-01-04,1122100.0
RBRK,14887557620.904535,weekly,2025-09-08,51274900,2025-06-23,32011200.0,2025-06-09,31601800.0,2024-12-16,26794500.0,2024-12-02,25865400.0,2024-04-22,23681900.0,,,,,,,,
NWS,14503722413.688072,weekly,2025-09-08,16681100,2020-03-09,10393200.0,2020-03-02,7342200.0,2020-02-24,6448700.0,2020-02-03,4122600.0,2020-01-27,3421700.0,2020-01-13,3066000.0,2020-01-06,2569800.0,,,,
WBD,67040834721.71089,weekly,2025-09-08,748119000,2025-07-14,504468600.0,2025-06-09,376695600.0,2022-12-12,321579900.0,2022-04-11,214086500.0,2021-05-17,176700100.0,2021-03-29,159714100.0,2021-03-22,158980400.0,2021-01-25,102184800.0,2021-01-04,56775800.0
ORCL,427836368637.7428,weekly,2025-09-06,313367700,2020-09-12,173859200.0,2020-03-07,129619400.0,2020-02-29,94397100.0,2020-02-22,80195300.0,2020-01-04,55260300.0,,,,,,,,
SNPS,86996714120.59187,weekly,2025-09-06,47086100,2025-07-12,23502100.0,2025-05-24,13728600.0,2020-02-22,11676100.0,2020-02-15,10115300.0,2020-01-04,4819000.0,,,,,,,,
LULU,13952025732.978226,weekly,2025-09-01,60783000,2023-10-16,47834900.0,2023-03-27,24271500.0,2020-03-16,20470100.0,2020-03-09,13521300.0,2020-03-02,12127700.0,2020-02-24,11227700.0,2020-01-13,9504500.0,2020-01-06,7031900.0,,
NVMI,15528524339.700134,weekly,2025-09-01,4483100,2020-10-12,4041300.0,2020-08-03,1581600.0,2020-06-15,1212900.0,2020-02-10,1012600.0,2020-02-03,795500.0,2020-01-20,738800.0,2020-01-13,460500.0,2020-01-06,293400.0,,
UTHR,23034146043.33584,weekly,2025-08-30,7153000,2025-06-07,6417300.0,2020-02-22,5367700.0,2020-02-01,2882700.0,2020-01-11,2774400.0,2020-01-04,1739700.0,,,,,,,,
ELAN,12271476725.43496,weekly,2025-08-25,113099600,2023-05-29,74364100.0,2023-03-13,66511300.0,2020-11-30,62759100.0,2020-07-27,51674400.0,2020-01-20,51201300.0,2020-01-06,47197700.0,,,,,,
MDB,25256431033.303738,weekly,2025-08-25,47328800,2024-12-09,28303700.0,2022-12-05,26857300.0,2022-08-29,16705300.0,2020-03-16,13253900.0,2020-01-06,9803500.0,,,,,,,,
IBKR,152353772169.29996,weekly,2025-08-25,130703200,2025-04-07,73790400.0,2025-03-10,64462400.0,2025-02-24,63809200.0,2023-03-13,42368400.0,2022-09-12,41469200.0,2021-05-31,40968400.0,2021-01-25,32936400.0,2020-04-20,29977200.0,2020-03-02,25667600.0
COO,13851074824.628538,weekly,2025-08-23,29009600,2025-05-31,21665100.0,2025-05-24,17460000.0,2025-03-08,14864300.0,2025-03-01,14636500.0,2020-03-07,12089200.0,2020-02-29,8125600.0,2020-02-22,7371600.0,2020-01-18,6708000.0,2020-01-11,6554800.0
JHX,15454367417.107996,weekly,2025-08-18,142543500,2025-06-30,62597500.0,2025-06-02,41653400.0,2025-03-24,33659000.0,2024-09-23,1458000.0,2022-11-07,1411500.0,2022-09-26,782500.0,2020-03-23,710000.0,2020-03-16,665300.0,2020-03-09,359700.0
CSX,88558898173.6897,weekly,2025-08-16,169111800,2020-03-07,156301800.0,2020-02-22,130514400.0,2020-01-11,86707800.0,2020-01-04,50182200.0,,,,,,,,,,
WULF,12799608185.956251,weekly,2025-08-09,514147000,2025-02-22,391049800.0,2025-01-25,371211800.0,2024-10-19,240946200.0,2023-12-23,190807900.0,2023-12-16,144345300.0,2023-12-02,86229100.0,2023-10-21,55910800.0,2023-07-08,48665800.0,2023-04-08,29750100.0
LLY,1137736553855.2617,weekly,2025-08-02,51947400,2021-06-05,38019000.0,2020-03-14,37931800.0,2020-02-29,34487000.0,2020-02-22,24979100.0,2020-01-11,22666800.0,2020-01-04,18440200.0,,,,,,
ALGN,12778822694.92658,weekly,2025-07-28,26890300,2023-12-11,13192800.0,2023-10-23,11791400.0,2023-01-30,10388300.0,2022-10-24,9603600.0,2022-04-25,9479800.0,2020-10-19,9193000.0,2020-03-16,8601700.0,2020-03-09,7023300.0,2020-01-27,6147700.0
SOFI,22935411840.54797,weekly,2025-07-28,688141800,2024-01-29,645822800.0,2022-01-17,641693900.0,2021-11-29,216413000.0,2021-10-11,204353200.0,2021-06-28,186985900.0,2021-01-04,104315100.0,,,,,,
UNP,159322942630.50052,weekly,2025-07-26,44494700,2020-03-07,41256900.0,2020-02-22,34298700.0,2020-01-25,16367300.0,2020-01-04,16311800.0,,,,,,,,,,
VRSN,23261420565.55352,weekly,2025-07-26,10848900,2022-12-10,10088300.0,2022-04-30,6284600.0,2021-11-27,5855700.0,2020-03-14,5432200.0,2020-03-07,5171400.0,2020-02-22,4702900.0,2020-01-04,3157100.0,,,,
BAX,11382976228.176332,weekly,2025-07-26,91290500,2023-10-07,56123700.0,2023-02-04,48271500.0,2023-01-07,40145500.0,2022-11-26,34262500.0,2021-08-28,31857600.0,2020-03-14,30387400.0,2020-03-07,24009100.0,2020-02-29,18217900.0,2020-01-11,18123800.0
UPS,91919673833.58669,weekly,2025-07-26,81193300,2025-01-25,69316000.0,2024-07-20,55659400.0,2020-07-25,52114000.0,2020-03-14,45680100.0,2020-03-07,43451400.0,2020-02-22,42963000.0,2020-02-01,24541900.0,2020-01-25,24496100.0,2020-01-11,13423400.0
TER,68387006794.28834,weekly,2025-07-26,44499300,2020-09-12,37189300.0,2020-01-18,29064600.0,2020-01-11,8204100.0,2020-01-04,7986100.0,,,,,,,,,,
ESS,18979396745.715164,weekly,2025-07-26,5785400,2020-01-25,4568800.0,2020-01-04,2389200.0,,,,,,,,,,,,,,
NSC,70255246757.28716,weekly,2025-07-26,25856700,2023-02-11,16220200.0,2020-03-07,15511200.0,2020-02-22,13193500.0,2020-01-25,10044500.0,2020-01-11,8417200.0,2020-01-04,7960700.0,,,,,,
IQV,31901263580.37654,weekly,2025-07-21,21821800,2020-03-16,20224200.0,2020-03-09,12751200.0,2020-02-24,12418800.0,2020-02-10,9596200.0,2020-02-03,8713300.0,2020-01-06,5501000.0,,,,,,
PNFP,15267831764.026749,weekly,2025-07-21,16048200,2023-03-13,10404900.0,2020-03-16,6245700.0,2020-03-09,5305700.0,2020-02-24,3624900.0,2020-01-13,3333800.0,2020-01-06,1202900.0,,,,,,
MEDP,15052955689.29466,weekly,2025-07-21,9105100,2022-10-24,7174700.0,2020-09-14,6655100.0,2020-07-27,4073900.0,2020-03-16,3683200.0,2020-02-24,2724100.0,2020-02-03,1253900.0,2020-01-13,931000.0,2020-01-06,777600.0,,
DOW,20930331473.678608,weekly,2025-07-21,140207500,2025-06-23,84593600.0,2025-04-07,82982600.0,2020-03-09,76015100.0,2020-02-24,37365200.0,2020-01-27,30645800.0,2020-01-20,21022500.0,2020-01-06,18990700.0,,,,
CNC,32457274935.624367,weekly,2025-07-21,176333500,2025-06-30,143087400.0,2024-12-16,61805500.0,2020-03-02,50997100.0,2020-01-27,41167800.0,2020-01-20,30703900.0,2020-01-13,19247600.0,2020-01-06,16944600.0,,,,
TMO,190652957603.51205,weekly,2025-07-19,25775800,2020-03-14,20817400.0,2020-03-07,16847600.0,2020-02-29,13795600.0,2020-02-22,13154900.0,2020-01-25,10631200.0,2020-01-11,5741800.0,2020-01-04,4570100.0,,,,
ELV,85818226514.83922,weekly,2025-07-14,21683300,2020-03-02,17780600.0,2020-01-27,13781300.0,2020-01-06,7179500.0,,,,,,,,,,,,
DDOG,85348577297.24994,weekly,2025-07-07,127690300,2020-05-11,68808900.0,2020-03-09,40660100.0,2020-02-24,22058400.0,2020-02-10,17357500.0,2020-01-06,14891500.0,,,,,,,,
APG,17991932200.98728,weekly,2025-06-23,74183250,2024-06-24,53614500.0,2020-06-22,46114950.0,2020-06-15,44110500.0,2020-06-08,15829050.0,2020-06-01,12944700.0,2020-05-11,6698400.0,2020-04-27,5875500.0,,,,
BAM,71248610600.40341,weekly,2025-06-23,31606300,2024-04-29,23362800.0,2022-12-12,17832900.0,2022-12-05,106000.0,2022-11-28,46200.0,,,,,,,,,,
QSR,33924356129.156902,weekly,2025-06-23,46203600,2020-03-16,34844500.0,2020-03-09,19971900.0,2020-02-24,18895900.0,2020-01-06,15763700.0,,,,,,,,,,
EQIX,107628645106.15572,weekly,2025-06-23,8680000,2024-03-18,6093200.0,2021-06-14,6066500.0,2020-03-16,5477800.0,2020-03-09,4413800.0,2020-02-24,3485700.0,2020-01-13,2492300.0,2020-01-06,1335300.0,,,,
DRS,11332053525.359783,weekly,2025-06-21,16186500,2023-11-11,13268400.0,2023-03-25,9849700.0,2022-12-10,8530900.0,2022-11-26,8151400.0,2021-12-11,7112000.0,2021-02-27,6971100.0,2020-01-04,6951400.0,,,,
AIT,12458321212.765556,weekly,2025-06-21,8689400,2024-03-09,8347800.0,2020-03-14,2084400.0,2020-03-07,1844400.0,2020-02-29,1532500.0,2020-02-08,1389100.0,2020-01-25,1177200.0,2020-01-18,1123300.0,2020-01-04,909100.0,,
PEP,193247394605.25812,weekly,2025-06-21,71064400,2020-03-14,62713100.0,2020-03-07,49256000.0,2020-02-22,41539700.0,2020-01-11,26176100.0,2020-01-04,20538800.0,,,,,,,,
AU,41218708353.960175,weekly,2025-06-21,48339200,2020-03-21,35230900.0,2020-03-14,29826600.0,2020-03-07,29056700.0,2020-02-22,24500000.0,2020-01-04,16566700.0,,,,,,,,
NTRS,32174169358.673862,weekly,2025-06-21,29095800,2023-07-15,17611200.0,2020-03-07,15330500.0,2020-02-29,13094500.0,2020-02-22,12329900.0,2020-01-18,7995400.0,2020-01-11,6303700.0,2020-01-04,4701700.0,,,,
SJM,12334408975.317331,weekly,2025-06-07,29497500,2023-09-09,15796200.0,2021-01-23,10482200.0,2020-03-14,9762600.0,2020-02-22,7078100.0,2020-01-11,5586100.0,2020-01-04,4514400.0,,,,,,
AIZ,13101881348.216553,weekly,2025-05-26,7621100,2020-03-16,4867600.0,2020-02-24,3831400.0,2020-02-10,2257100.0,2020-01-13,2231500.0,2020-01-06,1360100.0,,,,,,,,
SEIC,10493817518.494823,weekly,2025-05-24,12453200,2020-03-14,6689700.0,2020-01-25,5158600.0,2020-01-11,2409000.0,2020-01-04,2292600.0,,,,,,,,,,
AS,19759546430.572685,weekly,2025-05-19,45058300,2025-04-07,32555700.0,2024-12-02,32298500.0,2024-01-29,28695800.0,,,,,,,,,,,,
ONTO,16112934989.892168,weekly,2025-05-12,16668600,2023-10-16,13910500.0,2023-08-28,3083600.0,2020-03-23,3039000.0,2020-03-16,2865800.0,2020-03-09,2186400.0,2020-02-03,1897300.0,2020-01-13,1466000.0,2020-01-06,1275800.0,,
AUR,12473251097.326923,weekly,2025-05-12,292731800,2025-01-06,152830300.0,2024-06-24,111290300.0,2023-07-17,84725800.0,2023-06-19,58588400.0,2021-11-15,47998600.0,2021-07-12,26646500.0,2021-05-31,4906600.0,2021-05-17,785800.0,2021-05-10,663100.0
FSLR,25688875073.8452,weekly,2025-05-12,51990300,2024-05-20,33350400.0,2020-10-26,33198000.0,2020-09-14,19657100.0,2020-02-17,17282200.0,2020-01-13,13579500.0,2020-01-06,4956200.0,,,,,,
UNH,388585883986.09406,weekly,2025-05-10,303456200,2024-12-14,51535300.0,2020-03-14,50292500.0,2020-02-29,43857700.0,2020-02-22,41333700.0,2020-01-11,27475000.0,2020-01-04,14267300.0,,,,,,
AMCR,19894734575.46197,weekly,2025-04-28,100761280,2025-04-07,57731000.0,2025-03-31,36011420.0,2025-02-03,31805680.0,2024-11-18,28219260.0,2020-06-22,25818820.0,2020-03-09,23480760.0,2020-01-27,17064600.0,2020-01-06,6037380.0,,
SAIA,11482224858.642649,weekly,2025-04-28,8789600,2021-08-23,8132100.0,2020-03-23,2712500.0,2020-03-16,2307800.0,2020-03-09,2271300.0,2020-02-03,2181000.0,2020-01-06,1534400.0,,,,,,
BDX,42962266133.82745,weekly,2025-04-26,36882149,2020-05-16,33836088.0,2020-02-01,23754063.0,2020-01-25,8891524.0,2020-01-04,8103377.0,,,,,,,,,,
GPN,19093336456.681343,weekly,2025-04-21,30157700,2024-09-23,27462200.0,2020-03-16,26149400.0,2020-03-09,17229800.0,2020-02-24,14465200.0,2020-02-10,9826700.0,2020-01-13,7724600.0,2020-01-06,6760800.0,,,,
NOC,71020990356.09325,weekly,2025-04-19,11194800,2024-01-27,10191500.0,2022-02-26,9726300.0,2020-03-07,9499900.0,2020-02-22,8364800.0,2020-01-04,6225700.0,,,,,,,,
STRL,24694827170.582867,weekly,2025-04-12,10783600,2025-02-22,6986500.0,2020-12-12,5845000.0,2020-08-01,2412100.0,2020-06-06,1735600.0,2020-03-28,1649300.0,2020-02-29,1634500.0,2020-02-22,701300.0,2020-01-04,584700.0,,
CRL,10392188558.62912,weekly,2025-04-07,23750400,2021-05-10,13785100.0,2020-03-16,4116300.0,2020-02-10,3490100.0,2020-01-06,1886900.0,,,,,,,,,,
AGNC,12512428136.308851,weekly,2025-04-07,323413400,2024-10-28,175076300.0,2023-10-23,174086000.0,2022-09-26,143108600.0,2022-06-13,123490300.0,2020-03-16,121608100.0,2020-03-09,82601000.0,2020-02-24,68829000.0,2020-02-03,38833400.0,2020-01-27,35478500.0
EVR,13230198705.47269,weekly,2025-04-07,7487700,2020-02-24,5858000.0,2020-01-27,4716300.0,2020-01-13,2751200.0,2020-01-06,2667600.0,,,,,,,,,,
CGNX,11076878668.022842,weekly,2025-04-05,27373100,2024-02-10,17934700.0,2023-11-25,16313400.0,2020-03-14,10005400.0,2020-03-07,8583700.0,2020-02-22,7075900.0,2020-02-08,6556200.0,2020-01-25,5191400.0,2020-01-11,3912100.0,2020-01-04,3779700.0
TXN,259763245245.45517,weekly,2025-04-05,90951300,2020-03-14,64598300.0,2020-03-07,58495900.0,2020-02-22,39727400.0,2020-01-18,31736700.0,2020-01-11,23294700.0,2020-01-04,21837000.0,,,,,,
SWK,14298802619.444263,weekly,2025-04-05,30262200,2025-03-29,19245600.0,2022-04-23,19163200.0,2020-03-14,16575600.0,2020-03-07,12782600.0,2020-02-22,12378900.0,2020-01-25,7823700.0,2020-01-04,7647800.0,,,,
AVY,12679045325.561266,weekly,2025-04-05,8125500,2025-01-25,6397700.0,2023-07-22,5647700.0,2020-03-07,4985000.0,2020-02-22,4487000.0,2020-01-25,3541100.0,2020-01-04,2750200.0,,,,,,
AMAT,497685517580.6691,weekly,2025-04-05,82940800,2020-03-14,76027900.0,2020-03-07,66970500.0,2020-02-22,62707800.0,2020-02-08,52763800.0,2020-01-25,41882300.0,2020-01-04,31090400.0,,,,,,
MKSI,26248326553.47705,weekly,2025-04-05,14083100,2025-03-29,10596500.0,2024-05-11,10235300.0,2023-10-28,7018200.0,2022-10-29,6892100.0,2022-04-02,5489000.0,2021-02-06,5468000.0,2020-01-25,4138000.0,2020-01-11,2232700.0,2020-01-04,2166900.0
MCHP,47665027524.80674,weekly,2025-04-05,117052400,2025-03-29,86279700.0,2020-03-07,77736000.0,2020-02-29,48795200.0,2020-02-22,39004400.0,2020-01-11,33444400.0,2020-01-04,32969600.0,,,,,,
MAA,16377669804.033602,weekly,2025-04-05,9583600,2020-03-28,7265400.0,2020-03-21,6479300.0,2020-03-14,6196700.0,2020-03-07,6081000.0,2020-02-22,5286100.0,2020-01-25,2859000.0,2020-01-11,2772500.0,2020-01-04,2280100.0,,
BBY,16378712793.325008,weekly,2025-04-05,42566900,2022-05-21,40488400.0,2022-02-26,38250300.0,2021-11-20,29694600.0,2020-03-14,25478600.0,2020-02-22,19774900.0,2020-01-11,13329300.0,2020-01-04,11035900.0,,,,
MTD,25537357357.976383,weekly,2025-04-05,1827300,2023-11-18,1470700.0,2023-11-11,1397500.0,2020-03-14,1387600.0,2020-02-29,1262600.0,2020-02-22,1077600.0,2020-02-01,1044600.0,2020-01-04,777700.0,,,,
IDXX,43503976475.67664,weekly,2025-04-05,8101300,2020-03-14,7563800.0,2020-03-07,4986100.0,2020-02-22,4053000.0,2020-01-04,2860500.0,,,,,,,,,,
DOV,30428091068.266808,weekly,2025-04-05,10320000,2020-03-14,9655600.0,2020-03-07,8414900.0,2020-02-22,6840900.0,2020-01-25,6671900.0,2020-01-04,3680700.0,,,,,,,,
PPG,27470195590.20686,weekly,2025-04-05,17945000,2020-03-14,16410500.0,2020-03-07,15426600.0,2020-02-29,14678200.0,2020-02-22,13192200.0,2020-01-11,11795000.0,2020-01-04,8404700.0,,,,,,
PLD,133255779689.52138,weekly,2025-04-05,62111500,2022-09-24,46704100.0,2022-06-11,41812100.0,2020-02-01,41498400.0,2020-01-25,16428900.0,2020-01-11,16187800.0,2020-01-04,9755300.0,,,,,,
AEP,75461928206.14117,weekly,2025-03-22,44615900,2024-02-24,38284600.0,2020-07-25,36407000.0,2020-03-07,29264700.0,2020-02-29,26887400.0,2020-02-22,22524000.0,2020-02-01,15952700.0,2020-01-11,15946400.0,2020-01-04,9701400.0,,
EXE,21164577060.73779,weekly,2025-03-17,75624200,2023-08-14,33838800.0,2022-06-20,25140600.0,2021-06-21,22463300.0,2021-06-14,11873200.0,2021-02-22,8442000.0,2021-02-15,5917000.0,2021-02-08,5577200.0,,,,
DASH,79775747846.43394,weekly,2025-03-17,98562000,2022-02-14,78040300.0,2021-03-08,39552200.0,2020-12-07,39441900.0,,,,,,,,,,,,
ETR,53073662455.85682,weekly,2025-03-15,33537400,2024-10-26,33418600.0,2020-03-14,32621400.0,2020-03-07,26808800.0,2020-02-22,19957000.0,2020-02-15,15736600.0,2020-01-11,12929000.0,2020-01-04,10584000.0,,,,
WSM,28163811969.12434,weekly,2025-03-15,46782900,2022-05-21,32410600.0,2021-03-13,31592200.0,2020-03-14,29229600.0,2020-03-07,16832600.0,2020-02-22,12776200.0,2020-01-11,8449200.0,2020-01-04,7976800.0,,,,
BWA,13970379112.633078,weekly,2025-03-15,69058900,2020-01-25,36596127.0,2020-01-11,8084003.0,2020-01-04,6043293.0,,,,,,,,,,,,
HII,11111541154.993694,weekly,2025-03-03,6103600,2025-02-24,5981900.0,2025-02-03,5663300.0,2024-12-16,5408700.0,2024-10-28,5386800.0,2022-02-28,4350600.0,2020-08-31,3333300.0,2020-01-06,3287000.0,,,,
ALGM,10785431848.48421,weekly,2025-03-03,38098300,2024-07-22,32326600.0,2023-01-30,18777300.0,2022-12-12,17146900.0,2020-10-26,13107000.0,,,,,,,,,,
ENTG,24618074829.66882,weekly,2025-03-03,40123200,2024-07-29,19401000.0,2022-10-31,19220200.0,2022-06-27,14187400.0,2021-11-29,13196800.0,2020-07-20,8771600.0,2020-03-16,7828300.0,2020-03-09,7308000.0,2020-02-24,6689500.0,2020-01-20,6071600.0
CACI,10027685286.13058,weekly,2025-03-01,4911500,2025-01-18,3168900.0,2024-11-16,2386100.0,2024-11-09,1823100.0,2021-04-17,1672400.0,2020-08-08,1652800.0,2020-03-14,1565000.0,2020-03-07,1301200.0,2020-01-25,1259600.0,2020-01-04,907300.0
SRE,61623362485.11292,weekly,2025-02-22,70544400,2020-03-14,40757600.0,2020-03-07,38601600.0,2020-02-22,26729200.0,2020-01-11,12427400.0,2020-01-04,11672600.0,,,,,,,,
TEM,10080765982.250048,weekly,2025-02-10,121095600,2025-01-20,96352400.0,2024-12-09,32592400.0,2024-06-17,13448800.0,2024-06-10,6338900.0,,,,,,,,,,
IP,20524080277.89134,weekly,2025-02-01,171030300,2025-01-25,77518800.0,2024-06-22,64370500.0,2024-05-04,60361500.0,2024-03-23,43170800.0,2024-03-09,32012800.0,2022-02-26,29317100.0,2021-12-11,29024000.0,2021-12-04,28613300.0,2020-03-21,27372048.0
CEG,94810116251.13708,weekly,2025-01-27,43454000,2022-01-31,39414300.0,2022-01-17,612800.0,,,,,,,,,,,,,,
UMBF,11010077936.78544,weekly,2025-01-25,10440100,2023-03-11,7347000.0,2022-01-29,3187700.0,2020-05-09,2806900.0,2020-03-14,2430700.0,2020-03-07,2274000.0,2020-01-25,1478600.0,2020-01-04,826100.0,,,,
ETN,156360637266.4485,weekly,2025-01-25,34609600,2020-03-07,26129400.0,2020-02-22,24763200.0,2020-02-01,16391800.0,2020-01-25,15078800.0,2020-01-18,14816600.0,2020-01-04,13726600.0,,,,,,
ES,27634360357.2919,weekly,2025-01-25,27569900,2024-02-10,25182100.0,2024-01-20,23205900.0,2020-03-14,23041600.0,2020-03-07,17939300.0,2020-02-22,12241400.0,2020-01-25,11105000.0,2020-01-11,10324200.0,2020-01-04,10099800.0,,
GWRE,10113983753.674845,weekly,2025-01-20,18776300,2022-12-12,11152500.0,2020-03-02,10446900.0,2020-01-06,4558600.0,,,,,,,,,,,,
FTAI,26679778143.794937,weekly,2025-01-13,39351800,2022-12-12,22548100.0,2022-04-25,14707057.0,2020-03-16,10860907.0,2020-02-24,5810971.0,2020-02-10,3402925.0,2020-01-13,1711416.0,2020-01-06,1277327.0,,,,
EIX,29117357841.686157,weekly,2025-01-11,51968600,2025-01-04,29497600.0,2020-06-13,25163500.0,2020-03-14,21885900.0,2020-03-07,20901500.0,2020-02-29,18294400.0,2020-02-22,12256300.0,2020-01-11,8860200.0,2020-01-04,7947800.0,,
APO,68196258295.33841,weekly,2024-12-16,120128000,2023-03-13,41799800.0,2022-06-13,30084600.0,2021-03-08,28277100.0,2020-03-16,27392200.0,2020-03-09,21641200.0,2020-01-27,18408500.0,2020-01-13,10543400.0,2020-01-06,8053300.0,,
WDAY,30679869094.92757,weekly,2024-12-16,63897600,2022-05-23,28131700.0,2020-08-24,26203500.0,2020-03-16,23990600.0,2020-03-09,15984600.0,2020-02-24,14413300.0,2020-01-06,11890300.0,,,,,,
LII,19622657690.74897,weekly,2024-12-14,9173700,2020-04-18,3518000.0,2020-03-14,3491500.0,2020-03-07,3420200.0,2020-02-29,2480200.0,2020-02-22,2311100.0,2020-02-01,2294500.0,2020-01-11,1379600.0,2020-01-04,1286400.0,,
CCI,36059660822.17277,weekly,2024-12-14,35989500,2023-11-25,29415400.0,2023-10-14,27550500.0,2023-07-15,23792000.0,2020-03-14,22526500.0,2020-02-22,18450900.0,2020-01-04,10237700.0,,,,,,
AMGN,193393661936.99423,weekly,2024-12-14,30960600,2024-11-23,30561600.0,2020-08-22,27849100.0,2020-03-14,26966400.0,2020-03-07,23577800.0,2020-02-22,19666300.0,2020-01-25,15499100.0,2020-01-18,12201000.0,2020-01-11,10832700.0,2020-01-04,8943000.0
HSY,36331322030.59129,weekly,2024-12-07,31387200,2024-03-09,20854400.0,2024-02-03,13303500.0,2020-03-14,11251500.0,2020-03-07,8582100.0,2020-02-22,7402600.0,2020-01-25,5475700.0,2020-01-04,4400100.0,,,,
AJG,58061967783.11883,weekly,2024-12-07,29632700,2021-05-08,13021200.0,2020-03-14,9770200.0,2020-03-07,8255000.0,2020-02-22,7462400.0,2020-01-25,4845600.0,2020-01-04,3758600.0,,,,,,
MLI,14175152143.905052,weekly,2024-11-23,26935600,2023-03-11,12265800.0,2022-10-15,6209000.0,2021-12-11,6098600.0,2021-11-06,4609200.0,2020-12-12,4590400.0,2020-03-14,4208200.0,2020-03-07,4064200.0,2020-02-01,2568400.0,2020-01-18,1656600.0
TPL,27299388769.941746,weekly,2024-11-23,16345200,2021-03-13,11838600.0,2020-04-04,5277600.0,2020-03-07,3318300.0,2020-02-22,1232100.0,2020-02-01,1057500.0,2020-01-25,1054800.0,2020-01-04,1029600.0,,,,
SNOW,86289536592.08315,weekly,2024-11-18,100388400,2024-02-26,88614400.0,2022-05-23,80846500.0,2022-02-28,64865600.0,2020-09-14,55482600.0,,,,,,,,,,
TGT,63763896310.45045,weekly,2024-11-16,113578000,2022-05-14,96543200.0,2020-08-15,69708300.0,2020-01-11,50333500.0,2020-01-04,23647800.0,,,,,,,,,,
MSTR,28845343989.39365,weekly,2024-11-16,310158900,2024-03-09,208890000.0,2024-03-02,207651000.0,2024-02-24,156001000.0,2022-05-07,144682000.0,2021-02-06,90974000.0,2021-01-02,80343000.0,2020-12-12,50624000.0,2020-12-05,40501000.0,2020-11-28,33230000.0
RKLB,48937459311.22048,weekly,2024-11-11,261241100,2024-08-19,138480500.0,2024-08-12,121854500.0,2024-01-29,121512600.0,2021-09-06,79331600.0,2021-03-01,67209500.0,2021-01-11,1323400.0,2020-12-07,953300.0,2020-11-30,219100.0,2020-11-23,5500.0
ALAB,67147347875.274414,weekly,2024-11-04,56828700,2024-03-18,32685000.0,,,,,,,,,,,,,,,,
SHW,84859914453.65417,weekly,2024-11-02,31570800,2020-03-14,22688400.0,2020-03-07,16984500.0,2020-02-22,12820200.0,2020-02-01,10570200.0,2020-01-25,10255800.0,2020-01-04,8863800.0,,,,,,
EL,29138963371.66307,weekly,2024-10-26,53523300,2024-08-17,41809100.0,2023-10-28,33194200.0,2023-04-29,25966500.0,2022-10-29,22976200.0,2020-03-14,19312800.0,2020-02-22,16497600.0,2020-02-01,14290100.0,2020-01-25,10642500.0,2020-01-18,9834700.0
GPC,15967199088.084433,weekly,2024-10-19,14831600,2023-03-11,12787100.0,2023-02-25,8648700.0,2020-03-21,8584300.0,2020-03-07,8364700.0,2020-02-22,7147600.0,2020-02-15,6128000.0,2020-01-11,3901200.0,2020-01-04,3349500.0,,
HUM,46084406371.31617,weekly,2024-09-28,37222200,2024-01-20,21509300.0,2024-01-13,16800300.0,2023-06-10,16384100.0,2022-01-01,15172500.0,2020-03-21,14125800.0,2020-03-14,13762500.0,2020-02-29,11492300.0,2020-02-22,7332000.0,2020-01-25,6620600.0
CNH,13676653729.410795,weekly,2024-09-16,190065100,2023-11-27,159249200.0,2023-09-11,103952400.0,2023-06-19,97279700.0,2022-03-07,48297600.0,2022-02-21,42955900.0,2022-02-07,40955400.0,2022-01-03,38008300.0,2020-02-24,33239421.0,2020-02-03,14163608.0
TLN,18343668281.09772,weekly,2024-09-16,12569700,2024-07-29,8456600.0,2024-07-22,6140500.0,2024-05-20,4943600.0,2024-03-04,2756000.0,2023-11-06,885600.0,2023-07-24,862400.0,2023-07-10,861300.0,2023-06-26,420900.0,2023-06-12,121500.0
ERIE,11116812831.49117,weekly,2024-09-14,5985400,2023-08-05,5195100.0,2023-06-17,2469400.0,2020-03-21,1384700.0,2020-03-14,1001000.0,2020-02-22,817300.0,2020-01-11,519900.0,2020-01-04,504000.0,,,,
DLTR,23804666411.01075,weekly,2024-08-31,66211200,2021-09-25,54725400.0,2021-08-21,33368000.0,2020-05-23,25567100.0,2020-03-07,25490400.0,2020-02-29,23109700.0,2020-01-18,20518000.0,2020-01-04,19125900.0,,,,
NU,64014092097.13242,weekly,2024-08-26,709725900,2022-05-16,430457900.0,2021-12-06,140238100.0,,,,,,,,,,,,,,
PDD,104334965008.0,weekly,2024-08-26,256132300,2022-03-14,245098500.0,2020-11-09,92020900.0,2020-08-17,83235200.0,2020-05-18,67428600.0,2020-03-09,64926300.0,2020-02-24,58390900.0,2020-02-10,35800400.0,2020-02-03,34265700.0,2020-01-13,33766400.0
DG,26362308727.908302,weekly,2024-08-26,70140900,2023-08-28,38681000.0,2023-05-29,38419000.0,2021-03-15,26996600.0,2020-03-09,23869300.0,2020-02-24,14199800.0,2020-01-06,13916500.0,,,,,,
ASTS,27731500787.387222,weekly,2024-08-12,173875800,2024-05-27,173395800.0,2024-05-13,130575600.0,2022-03-07,66595400.0,2021-06-28,57398800.0,2021-06-07,34808000.0,2021-02-08,21193000.0,2020-12-14,18160000.0,2020-03-09,2468500.0,2020-02-10,635800.0
SBUX,119212619124.95346,weekly,2024-08-10,253522400,2024-04-27,135709100.0,2020-03-14,130758100.0,2020-03-07,95900100.0,2020-02-29,68279600.0,2020-01-25,64586400.0,2020-01-04,35762200.0,,,,,,
LINE,10013118592.672142,weekly,2024-07-29,32815900,2024-07-22,19060400.0,,,,,,,,,,,,,,,,
CRWD,178472855608.39038,weekly,2024-07-22,117982700,2020-08-31,88487300.0,2020-06-01,71935400.0,2020-01-06,56408400.0,,,,,,,,,,,,
EW,52271123603.36871,weekly,2024-07-22,69559900,2022-10-31,46637100.0,2020-03-09,38832600.0,2020-03-02,31181700.0,2020-01-27,30271800.0,2020-01-20,21276300.0,2020-01-06,17788200.0,,,,,,
LPLA,21495391711.29611,weekly,2024-07-15,15008900,2023-03-13,14062900.0,2020-03-16,9250600.0,2020-03-09,8635900.0,2020-03-02,8519400.0,2020-02-24,4781000.0,2020-01-27,3813900.0,2020-01-06,2855700.0,,,,
FIVE,10415985428.295944,weekly,2024-07-15,30041900,2020-01-13,26580000.0,2020-01-06,7979100.0,,,,,,,,,,,,,,
SW,24562568620.35653,weekly,2024-07-08,144611300,2024-06-17,281200.0,2021-02-22,165200.0,2020-12-07,106800.0,2020-09-28,33900.0,2020-04-20,30800.0,2020-03-30,2700.0,2020-02-03,2100.0,2020-01-06,1300.0,,
RIVN,19700328962.337826,weekly,2024-06-24,540007600,2023-07-10,532293900.0,2023-07-03,529730800.0,2021-11-15,343867500.0,2021-11-08,237984500.0,,,,,,,,,,
RYAN,10251078415.06982,weekly,2024-06-24,23475700,2021-07-19,18462200.0,,,,,,,,,,,,,,,,
RMD,29053346544.59129,weekly,2024-06-22,12047500,2023-08-05,10391900.0,2020-03-14,8449300.0,2020-02-29,5188600.0,2020-01-25,3326200.0,2020-01-11,2305700.0,2020-01-04,2112900.0,,,,,,
GDDY,11195252693.36547,weekly,2024-06-17,37383100,2023-09-11,35591100.0,2020-03-30,21129300.0,2020-03-16,18146400.0,2020-03-09,11708700.0,2020-02-10,9478000.0,2020-02-03,7055400.0,2020-01-06,6440200.0,,,,
ILMN,26712014621.35913,weekly,2024-06-17,44436945,2023-11-13,22329805.0,2020-09-21,21208770.0,2020-09-14,15050948.0,2020-03-16,10683593.0,2020-02-10,10618828.0,2020-01-27,8253402.0,2020-01-13,7748036.0,2020-01-06,4174503.0,,
KKR,80925288045.23355,weekly,2024-06-17,163352200,2020-06-22,47452400.0,2020-03-16,40431700.0,2020-03-09,36755900.0,2020-01-27,24895000.0,2020-01-13,16325500.0,2020-01-06,14124700.0,,,,,,
MNST,94260424183.00156,weekly,2024-06-01,143341800,2020-03-07,71623400.0,2020-02-29,55936600.0,2020-02-22,47989800.0,2020-02-01,39837200.0,2020-01-04,32807800.0,,,,,,,,
INCY,22725219335.5924,weekly,2024-06-01,38323600,2021-12-11,23645900.0,2021-11-27,17822900.0,2021-10-30,15834400.0,2020-03-14,15063600.0,2020-03-07,14903400.0,2020-02-29,9474800.0,2020-01-04,9233300.0,,,,
DELL,258981801547.26395,weekly,2024-05-27,152609500,2024-02-26,96459300.0,2020-07-13,71837522.0,2020-06-22,62739821.0,2020-03-09,53264292.0,2020-02-24,48913630.0,2020-02-03,32347926.0,2020-01-06,30077990.0,,,,
INSM,22407869231.478508,weekly,2024-05-27,70312300,2021-05-10,23781200.0,2020-02-03,19097100.0,2020-01-06,5946600.0,,,,,,,,,,,,
HAS,12073400369.401508,weekly,2024-05-25,19958400,2023-03-11,19129600.0,2023-01-28,17839700.0,2020-03-14,13360300.0,2020-03-07,12481600.0,2020-02-22,10328400.0,2020-02-08,10251300.0,2020-01-11,6551800.0,2020-01-04,4464700.0,,
VST,55125962540.77451,weekly,2024-05-06,127876900,2023-09-11,78071900.0,2021-03-01,64474000.0,2021-02-22,54650300.0,2020-03-09,41342500.0,2020-02-24,37146100.0,2020-01-13,23836900.0,2020-01-06,23464500.0,,,,
AAON,10384766500.94597,weekly,2024-05-04,19049900,2024-04-27,5416500.0,2020-03-07,5189400.0,2020-02-22,2393850.0,2020-02-01,1046700.0,2020-01-11,837450.0,2020-01-04,761550.0,,,,,,
VIK,46070183896.101456,weekly,2024-04-29,51561700,,,,,,,,,,,,,,,,,,
CVS,133130253515.96274,weekly,2024-04-27,147532200,2020-03-21,93493300.0,2020-02-22,87358400.0,2020-02-08,46403600.0,2020-01-25,36027800.0,2020-01-11,33644300.0,2020-01-04,29729000.0,,,,,,
MSCI,40393081512.04165,weekly,2024-04-22,9317200,2020-03-09,7389000.0,2020-02-24,5130600.0,2020-02-17,3005900.0,2020-01-27,2661000.0,2020-01-06,2249400.0,,,,,,,,
GL,13922481457.160032,weekly,2024-04-06,67107800,2024-03-30,7895600.0,2024-03-09,7246200.0,2020-05-09,5599400.0,2020-03-14,5417700.0,2020-03-07,5362900.0,2020-02-29,4013100.0,2020-02-22,3649000.0,2020-01-11,2800400.0,2020-01-04,1831700.0
SOLV,13772584611.587526,weekly,2024-04-01,38175300,2024-03-25,3677800.0,,,,,,,,,,,,,,,,
SNX,21405736015.08792,weekly,2024-04-01,14434300,2024-01-29,11347000.0,2020-06-22,10751000.0,2020-01-06,7200000.0,,,,,,,,,,,,
GEV,280858076095.10614,weekly,2024-04-01,58405000,2024-03-25,7199500.0,,,,,,,,,,,,,,,,
RDDT,32137459206.48045,weekly,2024-03-25,91096200,2024-03-18,64688600.0,,,,,,,,,,,,,,,,
ROIV,24505542371.77072,weekly,2024-03-25,104072400,2023-10-23,79570000.0,2023-09-25,66337500.0,2023-06-19,55188000.0,2023-03-20,28617300.0,2023-03-13,23506300.0,2023-01-30,17538800.0,2023-01-02,16905800.0,2022-12-12,15529900.0,2021-05-03,14224100.0
MO,123221272715.38986,weekly,2024-03-16,117056500,2021-04-17,114393300.0,2020-03-21,96615800.0,2020-03-14,90707400.0,2020-03-07,89201800.0,2020-02-22,83559300.0,2020-01-25,52795000.0,2020-01-11,41607900.0,2020-01-04,31442500.0,,
LIN,240375974934.5677,weekly,2024-03-09,47649600,2021-06-19,33911000.0,2020-03-07,27469400.0,2020-02-29,17979600.0,2020-02-22,16715500.0,2020-02-01,11480800.0,2020-01-04,8615500.0,,,,,,
BMY,117459939252.7821,weekly,2024-03-09,194786200,2020-06-13,120477300.0,2020-03-07,113452300.0,2020-02-22,87992900.0,2020-01-11,83552000.0,2020-01-04,73257400.0,,,,,,,,
DECK,14521391710.559702,weekly,2024-03-09,45562800,2021-06-19,32401800.0,2020-01-25,28646400.0,2020-01-18,13951800.0,2020-01-11,12984600.0,2020-01-04,12690600.0,,,,,,,,
CMI,94642559697.31429,weekly,2024-03-09,51523000,2024-03-02,39744700.0,2024-02-24,14377000.0,2023-03-11,12330000.0,2020-03-07,11625700.0,2020-02-22,9060000.0,2020-02-01,8974300.0,2020-01-25,7055600.0,2020-01-11,6317800.0,2020-01-04,5941300.0
CINF,28474733873.726223,weekly,2024-03-09,14311000,2023-03-11,13781300.0,2020-04-25,11591000.0,2020-03-14,7127200.0,2020-03-07,6940700.0,2020-02-22,6830800.0,2020-02-08,3594700.0,2020-02-01,3397100.0,2020-01-04,2925200.0,,
ITW,77020172004.97,weekly,2024-03-09,17798400,2020-03-14,15846300.0,2020-03-07,14222400.0,2020-02-29,10973700.0,2020-02-22,10074000.0,2020-01-25,8311000.0,2020-01-11,6336800.0,2020-01-04,6321700.0,,,,
XEL,51333688573.29505,weekly,2024-03-02,63170800,2024-02-24,56754000.0,2020-03-14,39523100.0,2020-03-07,37633300.0,2020-02-29,26558400.0,2020-02-22,22160500.0,2020-01-04,18697800.0,,,,,,
ALB,15767862592.674934,weekly,2024-03-02,46885800,2023-10-28,26659400.0,2021-01-30,18049100.0,2020-02-01,14565900.0,2020-01-11,13935700.0,2020-01-04,7728300.0,,,,,,,,
AMH,12266093913.217184,weekly,2024-02-26,85002300,2020-03-09,37539100.0,2020-03-02,19890200.0,2020-02-24,12833200.0,2020-02-10,9011900.0,2020-01-27,8282600.0,2020-01-06,8122900.0,,,,,,
PNW,13097908569.343027,weekly,2024-02-24,16329300,2021-11-27,12765600.0,2021-10-09,10441500.0,2020-03-14,9963000.0,2020-02-29,7263800.0,2020-02-22,6565800.0,2020-01-25,5801400.0,2020-01-11,5006600.0,2020-01-04,4225100.0,,
DOC,15223343727.001884,weekly,2024-02-24,101673200,2023-10-28,52295100.0,2023-03-11,44718400.0,2020-03-07,41054000.0,2020-02-22,25729200.0,2020-01-25,17797400.0,2020-01-11,15830600.0,2020-01-04,12361200.0,,,,
PANW,247922996901.84927,weekly,2024-02-19,177805600,2023-06-12,156693400.0,2020-02-24,139036200.0,2020-01-06,29539800.0,,,,,,,,,,,,
SMCI,19813719747.319126,weekly,2024-02-12,1107603000,2024-02-05,686669000.0,2024-01-29,672780000.0,2024-01-22,523704000.0,2024-01-15,363063000.0,2023-08-07,308091000.0,2023-07-17,185616000.0,2023-05-22,168688000.0,2023-05-01,162769000.0,2022-12-19,151688000.0
ARM,369963430908.0,weekly,2024-02-12,283552100,2023-09-11,205287600.0,,,,,,,,,,,,,,,,
PLTR,270728468331.46265,weekly,2024-02-05,1204844400,2021-02-15,964540100.0,2020-11-23,610582800.0,2020-09-28,517900300.0,,,,,,,,,,,,
APD,61858468529.065735,weekly,2024-02-03,22076100,2020-11-07,14677200.0,2020-03-14,10649700.0,2020-03-07,10295900.0,2020-02-29,8170300.0,2020-02-22,7828500.0,2020-02-01,6926100.0,2020-01-04,6491900.0,,,,
WEC,38712496668.415474,weekly,2024-01-27,24698000,2020-03-14,21872300.0,2020-03-07,15839900.0,2020-02-29,11654200.0,2020-02-22,11011300.0,2020-01-25,9267300.0,2020-01-11,8229800.0,2020-01-04,6070000.0,,,,
ROK,53057649463.57413,weekly,2024-01-27,11550600,2020-03-07,10385400.0,2020-02-29,6819600.0,2020-02-22,6427000.0,2020-01-25,5565400.0,2020-01-04,3840000.0,,,,,,,,
ADM,37009443377.18317,weekly,2024-01-20,109509700,2020-03-07,32696900.0,2020-02-22,24160400.0,2020-01-25,22094000.0,2020-01-11,15879700.0,2020-01-04,14834900.0,,,,,,,,
O,58858927005.94585,weekly,2024-01-20,78791400,2023-10-28,78562100.0,2021-10-23,74180676.0,2020-02-22,31931730.0,2020-01-25,17472276.0,2020-01-04,9416381.0,,,,,,,,
WDC,202138838881.1901,weekly,2024-01-20,106650469,2023-10-28,92021133.0,2020-08-01,77207501.0,2020-04-25,71558953.0,2020-03-21,60309749.0,2020-03-14,58374597.0,2020-03-07,52732532.0,2020-01-25,44887010.0,2020-01-04,41610070.0,,
NXT,16219316123.170612,weekly,2024-01-01,47982000,2023-06-26,21528200.0,2023-02-06,19486500.0,,,,,,,,,,,,,,
P,22989126276.882133,weekly,2024-01-01,75999400,2023-02-27,61306300.0,2020-08-24,46094200.0,2020-02-24,33456100.0,2020-01-06,16774400.0,,,,,,,,,,
UBER,155112643725.11832,weekly,2023-12-11,508275000,2020-03-16,355722500.0,2020-02-03,259358900.0,2020-01-06,158920600.0,,,,,,,,,,,,
EQH,12010159099.81752,weekly,2023-12-11,76553400,2023-03-13,37053600.0,2020-03-02,34351100.0,2020-02-24,28748700.0,2020-01-13,23196700.0,2020-01-06,17593400.0,,,,,,,,
AVGO,1736611896901.1675,weekly,2023-12-11,448588000,2020-03-16,395072000.0,2020-03-09,284030000.0,2020-02-24,171238000.0,2020-01-06,154435000.0,,,,,,,,,,
SUN,13620711327.580343,weekly,2023-12-11,17013900,2020-03-16,8694800.0,2020-03-09,7016400.0,2020-02-24,3728200.0,2020-02-03,1999300.0,2020-01-13,1885100.0,2020-01-06,1154200.0,,,,,,
AEE,32745251025.899235,weekly,2023-12-09,21684500,2020-05-09,16500700.0,2020-03-14,15926400.0,2020-03-07,15365800.0,2020-02-22,14333100.0,2020-02-15,8116300.0,2020-01-11,8071600.0,2020-01-04,6178100.0,,,,
JCI,84440002309.50856,weekly,2023-12-09,65291800,2020-03-21,55885500.0,2020-03-07,53714200.0,2020-02-29,45824500.0,2020-02-22,42510300.0,2020-01-25,30060000.0,2020-01-11,23963900.0,2020-01-04,23347200.0,,,,
JBL,37833242629.64393,weekly,2023-12-09,39874100,2023-11-25,18606600.0,2023-08-26,17134100.0,2020-03-14,16319800.0,2020-03-07,13602900.0,2020-01-25,8819800.0,2020-01-04,5914900.0,,,,,,
CCEP,45026477411.97189,weekly,2023-12-09,41428300,2020-03-21,23830000.0,2020-03-14,15329200.0,2020-03-07,11226700.0,2020-02-22,7984400.0,2020-02-08,5437500.0,2020-01-04,4953700.0,,,,,,
VMI,11041513498.414877,weekly,2023-12-09,1671800,2023-10-21,1420800.0,2021-02-13,1396700.0,2020-06-13,1211900.0,2020-03-14,1113900.0,2020-03-07,1002500.0,2020-02-22,882400.0,2020-02-15,644900.0,2020-01-11,484700.0,2020-01-04,467800.0
EVRG,20103042283.409992,weekly,2023-12-02,27692200,2020-08-01,25950400.0,2020-01-18,19873500.0,2020-01-11,13657600.0,2020-01-04,10179800.0,,,,,,,,,,
CG,14902941790.310265,weekly,2023-11-27,68474100,2020-06-15,31740600.0,2020-03-16,24587300.0,2020-03-09,18859000.0,2020-02-24,16705200.0,2020-02-03,15962200.0,2020-01-27,12382100.0,2020-01-06,11741000.0,,,,
PEG,41649702157.83783,weekly,2023-11-25,31821500,2020-03-14,30736200.0,2020-03-07,30131300.0,2020-02-22,22691900.0,2020-01-04,14531300.0,,,,,,,,,,
ATO,29239346368.83987,weekly,2023-11-25,15543000,2023-05-27,10230200.0,2021-12-04,8892400.0,2020-03-14,8365200.0,2020-03-07,7364300.0,2020-02-29,6892900.0,2020-01-25,6598400.0,2020-01-04,3981500.0,,,,
ARW,11001468307.754662,weekly,2023-11-25,10800400,2020-03-14,5841500.0,2020-03-07,4425700.0,2020-02-22,3972100.0,2020-02-01,3915700.0,2020-01-04,2852800.0,,,,,,,,
WPC,16451509969.29898,weekly,2023-11-25,50838200,2020-06-13,17536084.0,2020-03-28,11642055.0,2020-03-14,9457523.0,2020-03-07,5788967.0,2020-02-22,5717907.0,2020-01-04,3755953.0,,,,,,
BURL,20189972530.875736,weekly,2023-11-06,18376800,2023-08-21,12904700.0,2022-08-22,11606300.0,2020-03-16,10866100.0,2020-03-09,6789200.0,2020-03-02,6353300.0,2020-02-24,4580800.0,2020-01-13,3885500.0,2020-01-06,3065300.0,,
TOST,15706400279.521923,weekly,2023-11-06,100576600,2023-02-13,86153400.0,2022-06-13,59742500.0,2022-05-09,49321600.0,2022-02-14,37056800.0,2022-01-24,26801900.0,2021-12-13,25517100.0,2021-09-20,22762900.0,,,,
NEM,102623842713.48946,weekly,2023-11-04,174429200,2023-10-21,122117800.0,2022-07-23,107892800.0,2020-03-07,70037400.0,2020-02-22,68735200.0,2020-01-04,42018600.0,,,,,,,,
MTZ,31311102863.18978,weekly,2023-10-28,14703900,2020-03-07,14186800.0,2020-02-22,9655600.0,2020-01-25,4013400.0,2020-01-04,3643200.0,,,,,,,,,,
LSCC,19011210011.76283,weekly,2023-10-28,33777100,2021-04-17,32757800.0,2020-02-08,17257200.0,2020-01-11,16998300.0,2020-01-04,10360600.0,,,,,,,,,,
SMTC,13949387898.621124,weekly,2023-10-14,35213500,2022-12-10,19662000.0,2022-08-27,12897400.0,2022-07-30,7485800.0,2020-03-07,6108500.0,2020-02-22,3428300.0,2020-01-25,2157400.0,2020-01-04,1698600.0,,,,
HUBB,27320254839.400497,weekly,2023-10-14,14346427,2022-11-26,5556517.0,2022-10-15,3860396.0,2022-09-17,3821249.0,2021-02-20,2621700.0,2020-06-20,2597437.0,2020-03-07,2474578.0,2020-02-29,2443505.0,2020-02-22,2285683.0,2020-02-01,2054553.0
DVA,13933967377.444317,weekly,2023-10-07,16638500,2020-03-07,13825800.0,2020-02-22,10736500.0,2020-02-08,9024200.0,2020-01-04,6321100.0,,,,,,,,,,
VLTO,22040076915.80589,weekly,2023-10-02,31491300,,,,,,,,,,,,,,,,,,
NEE,184701213885.7149,weekly,2023-09-30,173377600,2020-03-07,122194000.0,2020-02-29,76623200.0,2020-02-22,71001200.0,2020-02-15,52686800.0,2020-02-01,44475200.0,2020-01-18,39074800.0,2020-01-11,37798000.0,2020-01-04,30191600.0,,
NI,23530878550.657185,weekly,2023-09-30,51812600,2022-01-22,46336400.0,2021-04-10,41653700.0,2020-02-22,37304400.0,2020-01-04,17732100.0,,,,,,,,,,
OKE,56211533046.70443,weekly,2023-09-23,91554600,2020-03-07,69037300.0,2020-02-22,25936000.0,2020-01-25,11236900.0,2020-01-04,8800000.0,,,,,,,,,,
ABNB,87729727724.71666,weekly,2023-09-11,105569000,2020-12-07,97428300.0,,,,,,,,,,,,,,,,
GLPI,12994218060.53884,weekly,2023-09-11,46955500,2020-03-16,30750600.0,2020-03-09,12985000.0,2020-03-02,10918300.0,2020-02-24,8549500.0,2020-01-06,5989900.0,,,,,,,,
FNF,12572348474.184126,weekly,2023-09-11,47362487,2020-05-25,34661593.0,2020-03-16,26222486.0,2020-02-10,22851805.0,2020-02-03,14518390.0,2020-01-13,6993727.0,2020-01-06,6267911.0,,,,,,
BX,140962735107.22894,weekly,2023-09-11,143649000,2020-03-16,71172300.0,2020-03-09,56329500.0,2020-02-24,42871700.0,2020-01-27,26416800.0,2020-01-20,21878700.0,2020-01-13,19641400.0,2020-01-06,17446400.0,,,,
GMED,11701209636.901949,weekly,2023-08-28,41483500,2023-02-06,23437100.0,2020-06-22,13953500.0,2020-05-18,12974500.0,2020-03-16,9519600.0,2020-03-09,7830200.0,2020-03-02,5595600.0,2020-02-24,4507600.0,2020-01-06,3664100.0,,
KVUE,36729764025.62447,weekly,2023-08-21,847282900,2023-08-14,446903700.0,2023-08-07,173807500.0,2023-05-01,88296200.0,,,,,,,,,,,,
JNJ,613021903888.567,weekly,2023-08-19,416106300,2023-08-12,359363600.0,2023-08-05,182208900.0,2023-07-29,93878500.0,2020-03-14,93578200.0,2020-03-07,85933500.0,2020-02-22,63598700.0,2020-01-18,37573000.0,2020-01-04,32875300.0,,
SE,54517248612.0,weekly,2023-08-14,106020700,2022-02-28,97277000.0,2022-02-14,68845100.0,2022-01-24,63792300.0,2022-01-03,58751200.0,2020-05-18,52266600.0,2020-03-09,34301300.0,2020-03-02,33913300.0,2020-02-24,32259200.0,2020-02-17,24818300.0
TPR,29498529633.0,weekly,2023-08-07,55717900,2020-09-14,48546500.0,2020-03-16,43253000.0,2020-03-09,32868800.0,2020-02-24,30630100.0,2020-02-03,29675100.0,2020-01-27,20908600.0,2020-01-06,15725100.0,,,,
COR,55669760089.36086,weekly,2023-08-05,19563300,2022-11-05,18943000.0,2020-03-07,18215800.0,2020-02-22,12083800.0,2020-01-25,7814800.0,2020-01-11,7043400.0,2020-01-04,4552800.0,,,,,,
CNA,13082899721.757135,weekly,2023-07-29,5946700,2022-09-24,4061700.0,2022-09-10,2765600.0,2020-05-16,2521100.0,2020-03-21,2462800.0,2020-03-14,2296700.0,2020-02-22,2203000.0,2020-02-08,1467800.0,2020-01-11,780000.0,2020-01-04,662000.0
ORI,10041732921.427391,weekly,2023-07-29,21802600,2020-04-25,19931100.0,2020-03-14,16982900.0,2020-03-07,15825500.0,2020-02-29,11884400.0,2020-01-25,11107900.0,2020-01-18,8725700.0,2020-01-04,6491200.0,,,,
PAG,11980172416.420149,weekly,2023-07-29,7609600,2022-09-24,4442800.0,2020-03-14,4204100.0,2020-03-07,2485500.0,2020-02-01,2000900.0,2020-01-11,1598100.0,2020-01-04,1545300.0,,,,,,
SIMO,10916119492.0,weekly,2023-07-24,32746200,2022-05-02,12760500.0,2022-04-25,7815600.0,2021-02-01,5966300.0,2020-05-18,4728300.0,2020-03-09,2615800.0,2020-02-24,2579500.0,2020-02-03,1901400.0,2020-01-27,1407000.0,2020-01-06,1398800.0
EXR,31522245462.998573,weekly,2023-07-17,32301100,2023-04-03,22547300.0,2020-03-30,11424200.0,2020-03-16,11185000.0,2020-03-09,8488300.0,2020-02-24,7272400.0,2020-01-13,5856800.0,2020-01-06,4349800.0,,,,
VZ,194330518390.5557,weekly,2023-07-15,297133100,2020-03-14,188344500.0,2020-03-07,178695100.0,2020-02-22,126444900.0,2020-02-08,80295400.0,2020-01-04,77235400.0,,,,,,,,
ELS,12456608625.734152,weekly,2023-07-15,43640000,2020-03-14,12096400.0,2020-03-07,7071900.0,2020-02-22,5362000.0,2020-01-04,4559700.0,,,,,,,,,,
PGR,131090029676.71246,weekly,2023-07-08,31454700,2020-03-14,30631300.0,2020-03-07,29688400.0,2020-01-25,22272200.0,2020-01-04,20688700.0,,,,,,,,,,
BWXT,18131455149.056988,weekly,2023-06-12,19392400,2021-11-29,10224500.0,2020-03-09,7328500.0,2020-02-24,6210400.0,2020-01-06,2572000.0,,,,,,,,,,
CCK,12361411364.635033,weekly,2023-06-10,27557900,2022-10-22,24424500.0,2020-03-14,12732700.0,2020-03-07,11580600.0,2020-02-29,8820200.0,2020-02-01,7581400.0,2020-01-04,6166100.0,,,,,,
XYL,27679407690.814533,weekly,2023-05-22,41488500,2023-01-23,24011500.0,2020-02-03,11993100.0,2020-01-13,6067700.0,2020-01-06,4721400.0,,,,,,,,,,
EG,14068495445.506851,weekly,2023-05-13,4679700,2021-05-22,3583700.0,2020-03-14,3314000.0,2020-03-07,2738200.0,2020-02-22,2411300.0,2020-01-18,1555200.0,2020-01-04,1149700.0,,,,,,
TSN,20207273193.836506,weekly,2023-05-06,58212900,2023-02-04,34038700.0,2020-03-14,33343200.0,2020-03-07,20469400.0,2020-02-29,19826300.0,2020-02-22,19179100.0,2020-02-01,17890600.0,2020-01-11,15064100.0,2020-01-04,13406800.0,,
AXON,37466266376.1488,weekly,2023-05-01,21783800,2020-06-22,12951300.0,2020-06-01,12642100.0,2020-05-04,6293500.0,2020-03-16,5434000.0,2020-02-24,5277900.0,2020-01-06,4528900.0,,,,,,
CFG,29770889238.154545,weekly,2023-05-01,87210600,2023-03-13,83668900.0,2022-04-04,73099600.0,2020-03-16,53630000.0,2020-03-09,52589500.0,2020-03-02,43797900.0,2020-02-24,37205400.0,2020-01-27,26180900.0,2020-01-13,24183300.0,2020-01-06,16335400.0
FHN,12140723015.759,weekly,2023-04-29,193456600,2022-02-26,192534400.0,2020-06-27,81281400.0,2020-03-07,59439900.0,2020-02-29,43693000.0,2020-02-22,43366500.0,2020-01-11,28527400.0,2020-01-04,20338800.0,,,,
STT,46527303705.224655,weekly,2023-04-15,29919100,2023-03-11,27538700.0,2020-03-07,26299800.0,2020-02-22,25185100.0,2020-01-11,19193400.0,2020-01-04,12347900.0,,,,,,,,
ASND,16264761841.217793,weekly,2023-04-03,15494500,2022-05-09,7209800.0,2022-03-21,5310100.0,2022-03-14,4222300.0,2021-08-23,3485400.0,2020-07-06,2648500.0,2020-04-20,2531500.0,2020-01-06,1367400.0,,,,
FCNCA,23832236270.20852,weekly,2023-03-25,3332300,2022-01-01,2527800.0,2020-08-08,867500.0,2020-03-14,313400.0,2020-03-07,305700.0,2020-02-22,285600.0,2020-01-04,240900.0,,,,,,
XYZ,46317200517.505394,weekly,2023-03-20,228023400,2022-05-09,160223100.0,2022-02-28,138395300.0,2022-02-21,131440600.0,2020-03-16,129023900.0,2020-02-24,91057200.0,2020-01-27,54873300.0,2020-01-06,43616600.0,,,,
PRU,37562749571.16696,weekly,2023-03-13,38115500,2020-03-09,37283400.0,2020-03-02,21786900.0,2020-02-24,18434000.0,2020-01-06,10749500.0,,,,,,,,,,
ALLY,14458693177.887089,weekly,2023-03-13,82700900,2020-03-16,58364000.0,2020-02-17,39818000.0,2020-01-20,27955900.0,2020-01-06,20117700.0,,,,,,,,,,
FIS,19936029151.68859,weekly,2023-03-13,67715800,2022-10-31,66684400.0,2020-03-16,43953100.0,2020-03-09,32755700.0,2020-02-24,26093400.0,2020-02-10,21827200.0,2020-01-06,16764900.0,,,,,,
BG,21446762707.335182,weekly,2023-03-13,54741000,2020-05-04,12367900.0,2020-03-16,11172800.0,2020-03-09,10724800.0,2020-02-10,9543500.0,2020-01-27,5562300.0,2020-01-06,4417700.0,,,,,,
ARMK,14741175810.373491,weekly,2023-03-13,84236808,2020-03-16,68261665.0,2020-03-09,49931744.0,2020-01-13,25096062.0,2020-01-06,13500427.0,,,,,,,,,,
WMS,11841711677.898363,weekly,2023-03-13,16195800,2023-01-30,9983600.0,2021-06-21,9510300.0,2020-08-03,3809300.0,2020-03-16,3761400.0,2020-03-09,3528300.0,2020-03-02,3028600.0,2020-02-17,2463100.0,2020-02-10,1861600.0,2020-02-03,1745400.0
PFG,23275335575.7611,weekly,2023-03-13,26582300,2020-03-09,18814600.0,2020-03-02,12298800.0,2020-02-24,9100500.0,2020-01-27,8015400.0,2020-01-13,8003500.0,2020-01-06,4962500.0,,,,,,
PODD,10961134759.594007,weekly,2023-03-13,24668400,2020-02-24,7502000.0,2020-01-13,2779900.0,2020-01-06,2695400.0,,,,,,,,,,,,
BAC,410750638723.9905,weekly,2023-03-11,742777800,2020-03-21,684406400.0,2020-03-07,675316600.0,2020-02-29,627714500.0,2020-02-22,543106300.0,2020-01-11,283945500.0,2020-01-04,201237600.0,,,,,,
EWBC,17736906737.120777,weekly,2023-03-11,29155000,2020-03-14,21179500.0,2020-03-07,16042500.0,2020-02-29,11910400.0,2020-02-22,10981900.0,2020-01-11,8253800.0,2020-01-04,4536100.0,,,,,,
TFC,62904442193.06216,weekly,2023-03-11,237325800,2020-03-07,66157600.0,2020-02-29,54107800.0,2020-02-22,39658900.0,2020-01-25,36806600.0,2020-01-04,31908000.0,,,,,,,,
FITB,51034405183.797554,weekly,2023-03-11,195310500,2020-06-13,65564500.0,2020-03-14,65376400.0,2020-03-07,65060000.0,2020-02-29,48638300.0,2020-02-22,38007200.0,2020-01-25,29129300.0,2020-01-18,24290600.0,2020-01-11,22615400.0,2020-01-04,22117900.0
TROW,23627179023.10476,weekly,2023-03-11,19906000,2020-03-14,18089400.0,2020-03-07,14721000.0,2020-02-29,12041000.0,2020-02-22,10217800.0,2020-01-25,7791400.0,2020-01-11,5717600.0,2020-01-04,4207300.0,,,,
DY,14662857953.652176,weekly,2023-03-11,8319700,2020-02-22,7685200.0,2020-01-11,2047300.0,2020-01-04,1285500.0,,,,,,,,,,,,
KEY,25106114690.20163,weekly,2023-03-11,390158600,2023-03-04,113413200.0,2020-03-07,100934300.0,2020-02-29,89112300.0,2020-02-22,63790700.0,2020-01-25,53934400.0,2020-01-18,47802800.0,2020-01-11,47622400.0,2020-01-04,43006500.0,,
SCHW,157687419911.98535,weekly,2023-03-11,478712400,2020-10-03,155647800.0,2020-02-29,133941700.0,2020-02-22,100907800.0,2020-01-11,49444700.0,2020-01-04,44878900.0,,,,,,,,
USB,94550579689.55788,weekly,2023-03-11,206773300,2020-03-07,94407600.0,2020-02-22,68396400.0,2020-01-11,44983300.0,2020-01-04,27563900.0,,,,,,,,,,
PNC,98379319740.07324,weekly,2023-03-11,47373000,2020-03-07,26832700.0,2020-02-29,16374800.0,2020-02-22,16366700.0,2020-01-11,16150700.0,2020-01-04,9064700.0,,,,,,,,
FICO,27429971859.917618,weekly,2023-03-11,6603300,2020-03-14,3017600.0,2020-03-07,2302400.0,2020-02-22,1851400.0,2020-01-25,1257100.0,2020-01-04,1205200.0,,,,,,,,
ZION,10169928159.955286,weekly,2023-03-11,75410800,2020-03-07,42023400.0,2020-02-29,25061700.0,2020-02-22,14232400.0,2020-01-18,13985300.0,2020-01-11,9359700.0,2020-01-04,8173300.0,,,,,,
MTB,34745557545.79068,weekly,2023-03-11,25377200,2022-03-26,19654700.0,2022-01-15,10691800.0,2020-11-07,8526700.0,2020-03-07,8470500.0,2020-02-29,6958900.0,2020-02-22,6243200.0,2020-01-18,4854000.0,2020-01-11,2898700.0,2020-01-04,2149800.0
WTFC,10879998741.764084,weekly,2023-03-11,9058500,2020-04-04,6232700.0,2020-03-14,5224800.0,2020-03-07,3915800.0,2020-02-29,2912600.0,2020-01-18,2845000.0,2020-01-11,1713600.0,2020-01-04,1362000.0,,,,
ALL,61680630412.264114,weekly,2023-03-11,20628200,2022-01-29,20174100.0,2021-03-13,19856400.0,2020-03-14,16529700.0,2020-03-07,15703900.0,2020-02-29,13248200.0,2020-02-22,12817700.0,2020-02-01,8844200.0,2020-01-11,8746300.0,2020-01-04,7497900.0
FWONA,22995480370.186115,weekly,2023-03-06,5967986,2020-03-09,2701726.0,2020-02-24,1344649.0,2020-01-20,567982.0,2020-01-13,467714.0,2020-01-06,288169.0,,,,,,,,
RS,19693499124.08793,weekly,2023-02-25,7320700,2020-03-14,4853100.0,2020-03-07,3839700.0,2020-02-29,3492300.0,2020-02-22,3417600.0,2020-02-15,3358600.0,2020-01-11,2071500.0,2020-01-04,1815300.0,,,,
GGG,12683287972.243353,weekly,2023-02-25,14090600,2020-01-25,9877700.0,2020-01-18,2994300.0,2020-01-04,2697700.0,,,,,,,,,,,,
W,12469709182.262938,weekly,2023-01-23,66215500,2020-05-04,40623800.0,2020-03-23,32397300.0,2020-03-16,30007300.0,2020-02-24,23360300.0,2020-02-10,14147500.0,2020-01-13,11800400.0,2020-01-06,9431900.0,,,,
PCAR,63512225398.7952,weekly,2023-01-21,29778900,2021-09-11,27659550.0,2020-03-14,25356900.0,2020-03-07,25182750.0,2020-02-22,21178500.0,2020-01-25,20014050.0,2020-01-04,12615750.0,,,,,,
MDGL,11819482742.616243,weekly,2022-12-19,16277600,2022-12-12,2799800.0,2022-01-31,2764100.0,2021-01-25,1985500.0,2020-05-11,1697500.0,2020-03-16,1432100.0,2020-03-09,1121200.0,2020-02-24,925500.0,2020-01-27,924000.0,2020-01-13,916100.0
STLD,35402796298.19175,weekly,2022-12-17,47579000,2022-01-22,21078200.0,2020-03-07,19934800.0,2020-02-29,15699800.0,2020-02-22,14221000.0,2020-01-25,12045800.0,2020-01-18,11970300.0,2020-01-04,11272600.0,,,,
TWLO,29075320013.354366,weekly,2022-10-31,64382000,2020-05-04,59053400.0,2020-02-03,32750300.0,2020-01-06,18039700.0,,,,,,,,,,,,
ACGL,34079461016.317825,weekly,2022-10-29,117121300,2021-02-20,26942800.0,2020-03-21,21020600.0,2020-03-14,20521800.0,2020-03-07,11669200.0,2020-01-25,10174900.0,2020-01-04,6626400.0,,,,,,
META,1396767312604.5378,weekly,2022-10-24,513033000,2022-01-31,375523700.0,2021-10-25,221901000.0,2020-05-18,183866200.0,2020-03-16,183359800.0,2020-03-09,153135600.0,2020-01-27,140541200.0,2020-01-06,70208500.0,,,,
GNRC,16401991559.48726,weekly,2022-10-17,26028300,2020-02-10,23185600.0,2020-01-27,2863700.0,2020-01-06,2823300.0,,,,,,,,,,,,
TRGP,58514077728.21493,weekly,2022-10-10,59171900,2021-06-07,56298700.0,2020-03-16,49079600.0,2020-03-09,48508300.0,2020-02-24,16587100.0,2020-02-17,13030400.0,2020-01-06,11880100.0,,,,,,
LRCX,474078986060.7951,weekly,2022-10-08,204992000,2020-03-14,176210000.0,2020-03-07,145425000.0,2020-02-22,140994000.0,2020-01-25,119135000.0,2020-01-11,77509000.0,2020-01-04,72337000.0,,,,,,
PCG,38274667783.10305,weekly,2022-09-24,522255800,2020-06-20,261209700.0,2020-03-21,101017500.0,2020-01-11,80616600.0,2020-01-04,35426600.0,,,,,,,,,,
EQT,32962693015.11908,weekly,2022-09-24,137449600,2021-09-25,108016300.0,2020-03-07,100430700.0,2020-02-29,68654200.0,2020-02-22,67068300.0,2020-02-01,52081300.0,2020-01-25,44961400.0,2020-01-11,43838100.0,2020-01-04,36896000.0,,
INVH,18094517130.46473,weekly,2022-09-12,126946900,2022-09-05,39462800.0,2022-02-21,37261500.0,2020-03-16,35839600.0,2020-03-09,35650500.0,2020-02-24,27169000.0,2020-01-20,16545700.0,2020-01-06,16146400.0,,,,
FDX,76003408795.89421,weekly,2022-09-10,42661500,2020-09-12,42107300.0,2020-08-08,31348500.0,2020-06-27,30823900.0,2020-03-14,26089900.0,2020-03-07,21790900.0,2020-02-29,18682900.0,2020-02-22,18032600.0,2020-02-01,14815200.0,2020-01-25,14746400.0
NLY,16817214426.82181,weekly,2022-09-10,128597525,2022-05-14,77200325.0,2020-03-14,53040725.0,2020-03-07,35495950.0,2020-02-22,35137175.0,2020-02-08,15878525.0,2020-02-01,13420750.0,2020-01-04,11296475.0,,,,
OKTA,21600779001.3396,weekly,2022-08-29,76388900,2022-03-21,31630900.0,2021-03-01,21793200.0,2020-03-16,17706500.0,2020-03-09,13884000.0,2020-03-02,13081300.0,2020-02-24,10142500.0,2020-01-06,6941700.0,,,,
MMM,85542247056.44008,weekly,2022-08-27,191345648,2022-08-20,151547552.0,2020-03-14,44002633.0,2020-02-29,42025886.0,2020-02-22,40415711.0,2020-01-25,34353186.0,2020-01-11,15935743.0,2020-01-04,14088163.0,,,,
MTSI,28166874895.494656,weekly,2022-08-15,15153900,2021-03-22,7951300.0,2020-01-27,7223300.0,2020-01-13,1843400.0,2020-01-06,1184900.0,,,,,,,,,,
COKE,12516084616.661833,weekly,2022-07-16,13480000,2020-03-21,5303000.0,2020-02-22,4866000.0,2020-01-11,1983000.0,2020-01-04,1714000.0,,,,,,,,,,
AXSM,12436281838.845362,weekly,2022-06-27,36112200,2021-08-09,23842100.0,2020-04-27,9994500.0,2020-03-16,7828800.0,2020-01-06,5822300.0,,,,,,,,,,
YUMC,14262670147.25734,weekly,2022-06-20,37939500,2022-03-14,34092900.0,2022-03-07,28806900.0,2020-01-27,26332700.0,2020-01-20,17145000.0,2020-01-13,9204600.0,2020-01-06,7320800.0,,,,,,
EGP,11142921749.540768,weekly,2022-06-18,6393200,2020-03-07,3198600.0,2020-02-22,1275200.0,2020-01-11,974200.0,2020-01-04,755000.0,,,,,,,,,,
ON,35526024281.44939,weekly,2022-06-13,137658400,2020-02-03,94516900.0,2020-01-27,35507700.0,2020-01-06,33976700.0,,,,,,,,,,,,
KDP,45442686211.31611,weekly,2022-06-13,194142800,2020-10-12,77907300.0,2020-08-17,51945600.0,2020-03-02,50594900.0,2020-01-20,21877800.0,2020-01-13,17568700.0,2020-01-06,17211600.0,,,,,,
VICI,29088311171.748966,weekly,2022-06-06,288481400,2022-04-25,137662000.0,2021-09-06,67888800.0,2020-03-16,63476000.0,2020-02-24,44262500.0,2020-01-13,22076600.0,2020-01-06,19113500.0,,,,,,
PWR,103221879339.20578,weekly,2022-05-28,14893600,2020-03-07,14336700.0,2020-02-29,13689900.0,2020-02-22,13675600.0,2020-01-04,6494700.0,,,,,,,,,,
DKS,21406409817.6262,weekly,2022-05-23,58005600,2021-08-23,35991900.0,2020-08-24,35745200.0,2020-04-13,31056700.0,2020-03-09,23301600.0,2020-02-24,12597000.0,2020-02-03,8059800.0,2020-01-06,6702000.0,,,,
ROST,68409771878.29506,weekly,2022-05-14,55467600,2020-03-14,38863500.0,2020-03-07,21292100.0,2020-02-29,18640900.0,2020-02-22,13435000.0,2020-01-25,12344300.0,2020-01-11,8577700.0,2020-01-04,8558200.0,,,,
TTWO,44287067800.08566,weekly,2022-05-14,41669000,2022-01-08,27272800.0,2020-05-16,22628800.0,2020-02-01,17896600.0,2020-01-11,6412700.0,2020-01-04,6193000.0,,,,,,,,
RBLX,34051950242.45484,weekly,2022-05-09,339851300,2022-02-14,276363200.0,2021-11-15,219855200.0,2021-11-08,218309500.0,2021-03-08,176413300.0,,,,,,,,,,
SHOP,151643921778.1421,weekly,2022-05-09,344064000,2022-05-02,332094000.0,2020-04-20,327348000.0,2020-02-10,210681000.0,2020-01-27,92793000.0,2020-01-20,90838000.0,2020-01-13,84743000.0,2020-01-06,83775000.0,,,,
AFRM,26621087802.51633,weekly,2022-05-09,201538500,2022-02-07,191030000.0,2021-10-04,134506900.0,2021-09-13,114317500.0,2021-08-30,79198700.0,2021-01-11,54328400.0,,,,,,,,
COIN,39271496659.99999,weekly,2022-05-09,212759400,2021-04-12,143498100.0,,,,,,,,,,,,,,,,
R,10095648606.88642,weekly,2022-05-07,10417000,2020-04-25,10112300.0,2020-03-28,9200600.0,2020-02-22,7425500.0,2020-02-08,6707000.0,2020-01-25,4404000.0,2020-01-11,3842800.0,2020-01-04,2705400.0,,,,
EXPE,31541683115.18948,weekly,2022-05-02,42058300,2020-05-18,38627100.0,2020-03-16,36520200.0,2020-03-09,30362900.0,2020-02-24,24563000.0,2020-02-10,20876600.0,2020-01-27,10307600.0,2020-01-20,9715800.0,2020-01-06,9548900.0,,
NFLX,310799032152.6545,weekly,2022-04-18,2504161000,2022-01-24,964671000.0,2020-07-13,930394000.0,2020-04-20,795294000.0,2020-01-20,722203000.0,2020-01-13,297299000.0,2020-01-06,268984000.0,,,,,,
HPQ,20924279561.67539,weekly,2022-04-02,174419700,2022-03-12,133287300.0,2020-02-22,132972900.0,2020-02-15,59194700.0,2020-01-11,54451600.0,2020-01-04,43019600.0,,,,,,,,
CPT,15727407131.437449,weekly,2022-03-26,28918500,2020-03-07,9240400.0,2020-02-29,4987300.0,2020-02-22,4617600.0,2020-01-25,4042900.0,2020-01-11,3616200.0,2020-01-04,2993800.0,,,,,,
BABA,232651867063.28128,weekly,2022-03-14,480481200,2021-08-16,238530400.0,2020-12-28,211492100.0,2020-11-09,186384800.0,2020-11-02,174106100.0,2020-05-18,165148800.0,2020-03-09,117331000.0,2020-02-24,110987000.0,2020-02-10,90925400.0,2020-01-27,86200700.0
JD,30551629477.82305,weekly,2022-03-14,218951300,2020-03-02,146516900.0,2020-02-24,84538800.0,2020-01-27,71587900.0,2020-01-13,61319700.0,2020-01-06,52419700.0,,,,,,,,
GRMN,44840996031.90281,weekly,2022-03-14,9958300,2022-03-07,9502000.0,2022-02-28,9314300.0,2022-02-21,8461500.0,2020-11-02,7875100.0,2020-03-16,7611400.0,2020-03-09,6599800.0,2020-02-24,6588500.0,2020-02-17,6433600.0,2020-01-13,4639500.0
FUTU,13755883511.0,weekly,2022-03-14,97382500,2021-02-08,85408200.0,2021-02-01,57982300.0,2021-01-25,48971600.0,2021-01-18,38069800.0,2021-01-11,29587900.0,2021-01-04,27297500.0,2020-11-16,21279300.0,2020-08-17,15817300.0,2020-07-06,10357700.0
PSX,68820495368.32208,weekly,2022-03-07,54911500,2020-03-09,41978800.0,2020-03-02,27290700.0,2020-02-24,26139200.0,2020-01-27,16856700.0,2020-01-06,15096000.0,,,,,,,,
NTRA,37509538196.75926,weekly,2022-03-07,66511700,2021-06-21,17021200.0,2020-04-13,14277300.0,2020-03-16,8100600.0,2020-02-24,5933200.0,2020-01-13,4071200.0,2020-01-06,3408400.0,,,,,,
FTV,18742855551.828285,weekly,2022-03-07,44300701,2020-09-14,40937475.0,2020-03-16,33655801.0,2020-03-09,33655324.0,2020-02-24,24582370.0,2020-01-06,17201745.0,,,,,,,,
BKR,56111402313.56375,weekly,2022-03-05,92639300,2021-10-16,76575600.0,2020-02-22,68585900.0,2020-01-18,30440500.0,2020-01-11,29387500.0,2020-01-04,22615200.0,,,,,,,,
CVX,340682726824.6323,weekly,2022-03-05,198822900,2022-02-26,138411000.0,2020-03-14,121998200.0,2020-03-07,120916900.0,2020-02-29,76005600.0,2020-02-22,71020900.0,2020-01-25,40236800.0,2020-01-04,38844900.0,,,,
OXY,49721787993.10467,weekly,2022-03-05,427454200,2020-03-07,423943800.0,2020-02-29,109409000.0,2020-02-22,104929700.0,2020-01-04,66170400.0,,,,,,,,,,
AER,23465118206.319565,weekly,2022-02-28,38027600,2020-11-30,32257300.0,2020-03-16,29721500.0,2020-03-09,21216600.0,2020-03-02,11632300.0,2020-02-24,10134600.0,2020-02-17,5397400.0,2020-02-10,5088400.0,2020-02-03,4105800.0,2020-01-27,3968600.0
C,243105275883.05807,weekly,2022-02-26,268098700,2020-09-12,250915900.0,2020-03-14,216696200.0,2020-03-07,191323500.0,2020-02-22,154769300.0,2020-01-11,80440800.0,2020-01-04,54779000.0,,,,,,
VTRS,19166226807.987556,weekly,2022-02-26,197070200,2020-11-14,192434000.0,2020-11-07,60466500.0,2020-02-29,59390600.0,2020-02-22,43570400.0,2020-01-04,35450100.0,,,,,,,,
LMT,116987975143.12224,weekly,2022-02-26,24455100,2021-10-23,18309000.0,2020-03-21,15454300.0,2020-03-07,15313500.0,2020-02-29,11545300.0,2020-02-22,9653800.0,2020-01-25,7929900.0,2020-01-04,7297900.0,,,,
NDSN,16797290866.453226,weekly,2022-02-12,14611000,2020-05-23,4322600.0,2020-03-21,2168500.0,2020-03-14,2045500.0,2020-02-29,1901000.0,2020-02-22,1579000.0,2020-01-25,1532900.0,2020-01-18,1458400.0,2020-01-04,1054900.0,,
TSEM,27929097987.99526,weekly,2022-02-12,30495900,2020-07-25,6149900.0,2020-05-09,3882200.0,2020-03-07,3397900.0,2020-02-15,2652600.0,2020-02-01,1897700.0,2020-01-04,1848100.0,,,,,,
WTS,11996010966.027409,weekly,2022-01-29,7025400,2022-01-22,2213300.0,2020-09-19,1966500.0,2020-03-07,1435500.0,2020-02-29,1150900.0,2020-02-22,933400.0,2020-02-08,885900.0,2020-02-01,674800.0,2020-01-25,552700.0,2020-01-11,540000.0
EXC,48500065356.42352,weekly,2022-01-29,96836795,2020-03-07,83500597.0,2020-02-29,66393253.0,2020-02-22,61203888.0,2020-01-11,45061823.0,2020-01-04,41397836.0,,,,,,,,
DKNG,12750510748.541122,weekly,2022-01-24,231464200,2020-09-14,219296400.0,2020-06-15,108164000.0,2020-06-01,92871400.0,2020-05-11,76128600.0,2020-05-04,38349100.0,2020-04-27,28186500.0,2020-04-20,21110000.0,2020-01-06,17770200.0,,
FFIV,22259085952.81021,weekly,2022-01-22,10951100,2020-04-25,9434200.0,2020-01-25,6914200.0,2020-01-18,3395900.0,2020-01-04,2503700.0,,,,,,,,,,
BBIO,13757293738.889366,weekly,2021-12-27,126392200,2020-03-16,13891400.0,2020-03-02,12014600.0,2020-02-24,2535200.0,2020-01-13,2244100.0,2020-01-06,1807900.0,,,,,,,,
MDT,103658063107.9732,weekly,2021-12-11,72468600,2020-03-21,60927800.0,2020-03-14,54730100.0,2020-03-07,51547200.0,2020-02-29,38389500.0,2020-02-22,36785100.0,2020-02-15,27657400.0,2020-02-08,25100800.0,2020-01-25,21758300.0,2020-01-11,21670000.0
AA,14276442029.579882,weekly,2021-12-11,72930200,2021-10-09,62127200.0,2021-06-19,61605100.0,2020-07-11,57573600.0,2020-03-21,56772600.0,2020-03-07,49827400.0,2020-02-29,47613100.0,2020-01-11,47181300.0,2020-01-04,22513500.0,,
KRYS,10973838725.164614,weekly,2021-11-29,14063700,2020-05-18,2350200.0,2020-01-20,1178800.0,2020-01-13,909500.0,2020-01-06,793900.0,,,,,,,,,,
OHI,14312363892.921043,weekly,2021-11-27,31784800,2020-03-14,27462100.0,2020-03-07,24798200.0,2020-02-22,15133800.0,2020-01-25,10527300.0,2020-01-04,9185100.0,,,,,,,,
ED,41297441681.59858,weekly,2021-10-09,36165100,2020-03-07,25373600.0,2020-02-29,16148500.0,2020-02-22,15287300.0,2020-01-25,10347900.0,2020-01-11,9676000.0,2020-01-04,8524600.0,,,,,,
MRK,317767607665.0069,weekly,2021-09-25,155267200,2021-03-13,123730442.0,2020-03-14,106457307.0,2020-03-07,99266351.0,2020-02-29,85685737.0,2020-02-22,83826481.0,2020-02-01,81640353.0,2020-01-04,49515798.0,,,,
CAH,55722257336.54627,weekly,2021-09-25,29059100,2021-07-31,22152600.0,2020-02-01,22124600.0,2020-01-25,15960800.0,2020-01-11,15012700.0,2020-01-04,10001200.0,,,,,,,,
RBC,19941665230.006813,weekly,2021-09-20,7130300,2020-03-23,1351700.0,2020-03-16,1172100.0,2020-02-24,867000.0,2020-02-03,547200.0,2020-01-06,494900.0,,,,,,,,
LVS,31223470123.764904,weekly,2021-09-13,128378900,2020-04-20,81527100.0,2020-03-16,63715400.0,2020-03-09,49523600.0,2020-01-27,37994700.0,2020-01-20,27302400.0,2020-01-13,15759900.0,2020-01-06,13869000.0,,,,
WYNN,10424338662.537333,weekly,2021-09-13,76466600,2020-03-23,49756600.0,2020-03-16,49384400.0,2020-03-09,32473800.0,2020-02-24,24600200.0,2020-01-27,18400100.0,2020-01-20,17169400.0,2020-01-13,9774400.0,2020-01-06,7640700.0,,
BRO,21767231290.698666,weekly,2021-09-11,54402000,2020-03-14,14499100.0,2020-03-07,13443200.0,2020-01-25,12597100.0,2020-01-04,9271300.0,,,,,,,,,,
UNM,14399033537.875843,weekly,2021-09-11,58523000,2020-06-13,28165200.0,2020-05-23,25395300.0,2020-03-07,23449300.0,2020-02-29,16708700.0,2020-02-22,15811900.0,2020-02-01,12231000.0,2020-01-25,10959300.0,2020-01-04,8722000.0,,
PFGC,17349001801.111958,weekly,2021-08-30,41826600,2020-03-16,28521600.0,2020-03-09,12771300.0,2020-02-03,7298100.0,2020-01-20,4532500.0,2020-01-13,4462500.0,2020-01-06,3468100.0,,,,,,
ADI,188458841846.98663,weekly,2021-08-21,57201400,2020-07-11,31645600.0,2020-03-07,28342700.0,2020-02-22,18763900.0,2020-01-25,14915600.0,2020-01-04,9259600.0,,,,,,,,
NUE,54607725225.587296,weekly,2021-08-07,32362800,2021-05-08,24527000.0,2021-05-01,23302500.0,2020-03-28,22631600.0,2020-03-07,19827300.0,2020-02-22,17324200.0,2020-01-25,16344400.0,2020-01-04,11247000.0,,,,
HOOD,88949822441.10205,weekly,2021-08-02,442160300,2021-07-26,143106900.0,,,,,,,,,,,,,,,,
AMD,850488665310.0883,weekly,2021-07-31,780433600,2020-02-29,560502400.0,2020-02-22,468449900.0,2020-01-25,354354900.0,2020-01-04,280409800.0,,,,,,,,,,
WTW,25069326283.64729,weekly,2021-07-26,24333500,2020-03-09,13802600.0,2020-03-02,5155400.0,2020-02-24,5082700.0,2020-02-03,4407900.0,2020-01-27,3288300.0,2020-01-06,3137700.0,,,,,,
AON,70200610432.06923,weekly,2021-07-24,34690400,2020-03-07,24094600.0,2020-02-22,7841900.0,2020-02-01,5515100.0,2020-01-25,4912500.0,2020-01-18,3211400.0,2020-01-11,3180200.0,2020-01-04,2905100.0,,,,
CYTK,10227112803.184034,weekly,2021-07-19,67925600,2020-10-05,37069100.0,2020-05-11,12135900.0,2020-03-16,6482400.0,2020-02-10,6406400.0,2020-02-03,4898900.0,2020-01-13,4489800.0,2020-01-06,3242600.0,,,,
HON,147140598486.69385,weekly,2021-07-17,49323237,2020-03-14,37840565.0,2020-03-07,31457378.0,2020-02-29,29498136.0,2020-02-22,25694873.0,2020-01-25,16387145.0,2020-01-04,13036933.0,,,,,,
XPO,23653415224.140877,weekly,2021-06-28,42832532,2020-07-27,42049832.0,2020-01-13,35986289.0,2020-01-06,9670845.0,,,,,,,,,,,,
DTM,15377607601.23352,weekly,2021-06-28,28277100,,,,,,,,,,,,,,,,,,
UHAL,11720404801.458649,weekly,2021-06-26,6022000,2021-05-22,5723000.0,2020-03-14,5448000.0,2020-02-22,5415000.0,2020-02-01,4136000.0,2020-01-25,2076000.0,2020-01-04,1957000.0,,,,,,
SF,10626140367.630894,weekly,2021-06-19,17835400,2020-03-07,7312650.0,2020-02-29,5994750.0,2020-01-25,4766700.0,2020-01-04,3176850.0,,,,,,,,,,
DE,165536437634.1035,weekly,2021-06-19,15785800,2020-03-21,15111200.0,2020-03-14,14773200.0,2020-03-07,13895600.0,2020-02-22,13202400.0,2020-02-15,10387600.0,2020-01-25,9486400.0,2020-01-04,8202300.0,,,,
BAP,30548662588.22323,weekly,2021-06-05,6164000,2020-11-07,5757000.0,2020-03-21,4781600.0,2020-03-14,2305400.0,2020-03-07,2202400.0,2020-02-29,1829500.0,2020-02-01,1826000.0,2020-01-11,1314300.0,2020-01-04,1212000.0,,
BIIB,31894047116.82011,weekly,2021-06-05,45335700,2020-10-31,22581700.0,2020-06-13,20309400.0,2020-02-01,18924400.0,2020-01-11,10054300.0,2020-01-04,5495000.0,,,,,,,,
DINO,12311009329.9072,weekly,2021-05-29,54996000,2020-08-29,28294300.0,2020-03-07,27748600.0,2020-01-25,23814000.0,2020-01-04,8292700.0,,,,,,,,,,
OGE,10232039372.051888,weekly,2021-05-22,31459200,2020-03-07,15107100.0,2020-02-29,15083400.0,2020-02-22,10355700.0,2020-01-04,6105200.0,,,,,,,,,,
T,157866259599.24353,weekly,2021-05-15,923720775,2020-03-14,492531310.0,2020-03-07,422130125.0,2020-02-22,412108241.0,2020-01-25,285804862.0,2020-01-04,233792317.0,,,,,,,,
PTC,13366330463.481476,weekly,2021-04-17,26291500,2020-03-14,9965700.0,2020-03-07,9848500.0,2020-02-29,7538000.0,2020-01-18,6817100.0,2020-01-11,3976400.0,2020-01-04,2459600.0,,,,,,
PSKY,10788828653.33192,weekly,2021-03-29,515951200,2021-03-22,408898300.0,2021-03-15,161149600.0,2021-01-25,141262100.0,2020-02-24,105589200.0,2020-02-17,78651800.0,2020-01-27,42536900.0,2020-01-20,34548500.0,2020-01-06,31380600.0,,
NBIX,16944683186.543304,weekly,2021-03-27,20537500,2021-03-20,9962700.0,2020-11-07,7924300.0,2020-10-31,6607400.0,2020-03-14,5821900.0,2020-01-11,5253300.0,2020-01-04,4372800.0,,,,,,
BIDU,36443701323.20542,weekly,2021-03-22,181527400,2020-12-14,82074200.0,2020-05-18,63328800.0,2020-03-16,34253400.0,2020-03-09,32515200.0,2020-02-24,31340000.0,2020-01-06,25303700.0,,,,,,
NXPI,69939543285.30016,weekly,2021-03-15,87713300,2020-05-25,56563900.0,2020-03-16,39489500.0,2020-03-09,29647600.0,2020-02-24,24622800.0,2020-02-03,18757100.0,2020-01-27,14749900.0,2020-01-13,11782700.0,2020-01-06,11066100.0,,
NRG,31512938611.24546,weekly,2021-03-15,43653300,2020-03-09,26987700.0,2020-02-24,19594300.0,2020-01-06,12834300.0,,,,,,,,,,,,
HIG,36703371215.014885,weekly,2021-03-13,48808500,2020-03-14,35879300.0,2020-03-07,17001000.0,2020-02-29,15885200.0,2020-02-22,15668700.0,2020-02-01,14975700.0,2020-01-25,12207400.0,2020-01-11,11556900.0,2020-01-04,9375100.0,,
GE,384991441234.6806,weekly,2021-03-06,184339493,2020-09-12,165055826.0,2020-04-25,154294059.0,2020-04-11,134616843.0,2020-03-14,120419314.0,2020-03-07,118837635.0,2020-02-29,115098250.0,2020-01-25,101308214.0,2020-01-04,67405800.0,,
RKT,42441444536.87416,weekly,2021-03-01,692414800,2020-08-03,201535000.0,,,,,,,,,,,,,,,,
FTI,25692350244.689243,weekly,2021-02-08,318514963,2020-03-16,84017876.0,2020-03-09,70180723.0,2020-02-24,54728084.0,2020-01-27,44056052.0,2020-01-13,27141408.0,2020-01-06,22522484.0,,,,,,
MPWR,64523415193.07113,weekly,2021-02-08,12724400,2020-11-30,4621400.0,2020-03-16,2930200.0,2020-03-09,2763800.0,2020-02-03,2343500.0,2020-01-06,1738300.0,,,,,,,,
DD,18527363737.9415,weekly,2021-01-30,443917166,2021-01-23,392737706.0,2021-01-02,191951177.0,2020-03-07,142781707.0,2020-02-29,139722268.0,2020-01-25,121803482.0,2020-01-11,87592066.0,2020-01-04,79676864.0,,,,
IFF,19492420165.746536,weekly,2021-01-30,101722500,2021-01-23,62643000.0,2021-01-09,30901200.0,2021-01-02,26885300.0,2020-03-07,12618400.0,2020-02-22,9422900.0,2020-02-08,7360200.0,2020-01-25,5588600.0,2020-01-11,5384900.0,2020-01-04,5297500.0
NVT,26347497738.77215,weekly,2021-01-25,26747400,2020-10-05,12170600.0,2020-03-16,9415600.0,2020-01-27,9395800.0,2020-01-20,5251300.0,2020-01-06,4385200.0,,,,,,,,
IRM,39404169039.78238,weekly,2021-01-23,63072600,2020-11-07,32903100.0,2020-06-20,31351500.0,2020-03-07,27473900.0,2020-02-22,22587500.0,2020-02-08,16833500.0,2020-01-11,15697400.0,2020-01-04,12392100.0,,,,
KR,35594047700.0469,weekly,2021-01-23,143297700,2020-11-28,114727200.0,2020-03-14,114396100.0,2020-03-07,74403600.0,2020-02-29,71937200.0,2020-02-22,44460100.0,2020-02-15,38780000.0,2020-01-04,30428000.0,,,,
TRMB,11818754013.744028,weekly,2021-01-16,61548000,2020-03-14,21666000.0,2020-03-07,14995100.0,2020-02-29,12006600.0,2020-02-22,7688600.0,2020-02-08,6344000.0,2020-01-11,4932300.0,2020-01-04,4794200.0,,,,
GM,70420047989.74022,weekly,2021-01-11,201116600,2020-03-16,151256100.0,2020-03-09,106202300.0,2020-03-02,84969400.0,2020-02-24,79554300.0,2020-02-03,77634800.0,2020-01-06,58449700.0,,,,,,
DVN,48685142101.40492,weekly,2021-01-02,153013100,2020-09-26,103649400.0,2020-03-07,93578800.0,2020-02-22,58749500.0,2020-02-15,37627000.0,2020-01-04,31780600.0,,,,,,,,
JLL,14616759819.364431,weekly,2020-11-28,7060500,2020-03-07,4974700.0,2020-02-29,3064100.0,2020-02-22,2692400.0,2020-02-08,1841000.0,2020-01-11,1409200.0,2020-01-04,1048700.0,,,,,,
WRB,26532163139.868088,weekly,2020-11-28,33532875,2020-03-14,20861325.0,2020-03-07,18183825.0,2020-02-22,14156100.0,2020-02-15,12593925.0,2020-01-25,9887625.0,2020-01-11,8299575.0,2020-01-04,7733700.0,,,,
RL,24478438836.10797,weekly,2020-11-28,13805700,2020-08-01,11979300.0,2020-02-29,10556300.0,2020-02-22,8265200.0,2020-02-01,7333600.0,2020-01-25,4860700.0,2020-01-04,3774100.0,,,,,,
FRT,10871404302.468084,weekly,2020-11-28,8396600,2020-11-07,8085100.0,2020-07-25,7063000.0,2020-04-25,6954300.0,2020-03-14,5779600.0,2020-03-07,5297000.0,2020-02-22,4296600.0,2020-02-08,3398900.0,2020-01-25,2314900.0,2020-01-11,1994600.0
REG,14979149351.740936,weekly,2020-11-07,13700900,2020-03-21,11167300.0,2020-03-14,10383400.0,2020-03-07,10358300.0,2020-02-22,9462100.0,2020-02-08,6019300.0,2020-01-04,4026500.0,,,,,,
EQR,25620053766.682148,weekly,2020-11-07,29497600,2020-03-07,21186700.0,2020-02-29,11367400.0,2020-02-22,9763800.0,2020-01-25,8317900.0,2020-01-04,7531800.0,,,,,,,,
ANET,198450331886.09973,weekly,2020-11-02,136115200,2020-03-09,114201600.0,2020-02-10,96027200.0,2020-01-27,63376000.0,2020-01-20,56448000.0,2020-01-13,55536000.0,2020-01-06,42473600.0,,,,,,
PINS,11662475215.789528,weekly,2020-10-26,262464600,2020-07-27,149647500.0,2020-01-13,122436900.0,2020-01-06,43525100.0,,,,,,,,,,,,
NET,84249317036.18794,weekly,2020-10-12,78006900,2020-06-15,60526900.0,2020-05-11,36617000.0,2020-05-04,29209400.0,2020-02-17,25156600.0,2020-02-10,10699700.0,2020-01-13,4086500.0,2020-01-06,3946700.0,,,,
VRTX,124704753122.12056,weekly,2020-10-10,26895000,2020-03-14,16258500.0,2020-03-07,13363800.0,2020-02-29,9862000.0,2020-02-22,9277800.0,2020-02-01,8188900.0,2020-01-11,7538300.0,2020-01-04,6719600.0,,,,
ATI,26939262579.22105,weekly,2020-09-12,34437200,2020-03-21,28340300.0,2020-03-14,18380700.0,2020-03-07,15972600.0,2020-02-01,11539900.0,2020-01-18,10059800.0,2020-01-11,9669500.0,2020-01-04,9304000.0,,,,
NTNX,13440334647.768215,weekly,2020-08-24,77622200,2020-02-24,39338600.0,2020-01-06,14369400.0,,,,,,,,,,,,,,
ULTA,20998128589.01693,weekly,2020-08-24,12401300,2020-03-16,12277700.0,2020-03-09,9188400.0,2020-01-13,6363700.0,2020-01-06,6195400.0,,,,,,,,,,
CRM,129705032108.9287,weekly,2020-08-24,146934000,2020-03-16,61919100.0,2020-03-09,58420700.0,2020-02-24,56315600.0,2020-01-06,35398700.0,,,,,,,,,,
BMRN,11403781603.016563,weekly,2020-08-15,49130700,2020-03-07,11902200.0,2020-02-22,11049700.0,2020-01-04,8924700.0,,,,,,,,,,,,
CRS,29402950827.570423,weekly,2020-07-25,14506500,2020-03-28,4204500.0,2020-03-21,3930800.0,2020-03-14,3534800.0,2020-03-07,3021600.0,2020-02-01,2173600.0,2020-01-25,2157800.0,2020-01-18,1748100.0,2020-01-04,1288500.0,,
BNTX,22759583490.0,weekly,2020-07-20,50643500,2020-07-13,25088400.0,2020-06-29,19796300.0,2020-04-20,19732400.0,2020-03-16,10675200.0,2020-01-13,2393900.0,2020-01-06,1693300.0,,,,,,
FE,28036559931.84774,weekly,2020-07-18,271557000,2020-03-07,39403100.0,2020-02-29,31305200.0,2020-02-22,27786800.0,2020-01-25,18664000.0,2020-01-11,15171300.0,2020-01-04,13704900.0,,,,,,
MRNA,26691811365.687527,weekly,2020-07-13,316868800,2020-05-18,263631600.0,2020-02-24,241561800.0,2020-02-10,46998400.0,2020-01-27,26511300.0,2020-01-20,19622000.0,2020-01-13,14312100.0,2020-01-06,10109900.0,,,,
D,61029375097.29218,weekly,2020-07-04,57330500,2020-03-14,39080000.0,2020-03-07,29439500.0,2020-02-22,25242500.0,2020-02-08,16006100.0,2020-01-25,15266700.0,2020-01-11,13616500.0,2020-01-04,11937300.0,,,,
TMUS,197697164747.6837,weekly,2020-06-22,175697800,2020-03-30,54899200.0,2020-02-10,46749400.0,2020-02-03,19947000.0,2020-01-06,14181800.0,,,,,,,,,,
SPOT,94687080820.42184,weekly,2020-06-22,34426300,2020-06-15,30825300.0,2020-05-18,16719400.0,2020-02-03,13659200.0,2020-01-13,5982500.0,2020-01-06,5840100.0,,,,,,,,
LHX,54258402818.66942,weekly,2020-06-20,16751700,2020-03-14,12116500.0,2020-03-07,11448300.0,2020-02-22,10645800.0,2020-01-04,7356000.0,,,,,,,,,,
WCC,16916669804.407156,weekly,2020-06-20,14684700,2020-01-11,9617500.0,2020-01-04,4801600.0,,,,,,,,,,,,,,
RPRX,32381855792.411587,weekly,2020-06-15,53552400,,,,,,,,,,,,,,,,,,
TDY,28922816360.38194,weekly,2020-06-13,8609800,2020-03-14,2613000.0,2020-01-18,2053600.0,2020-01-04,1054900.0,,,,,,,,,,,,
TYL,12414098227.329325,weekly,2020-06-13,10049100,2020-05-23,3072300.0,2020-03-07,2154200.0,2020-02-29,1659900.0,2020-02-15,1560600.0,2020-02-08,1377200.0,2020-01-04,1250500.0,,,,,,
NTES,73997349030.85446,weekly,2020-06-08,41323000,2020-06-01,36272500.0,2020-03-16,32734500.0,2020-03-02,29725000.0,2020-02-24,23476000.0,2020-02-03,22140000.0,2020-01-27,18803500.0,2020-01-13,18506000.0,2020-01-06,13874000.0,,
UAL,44177184911.16,weekly,2020-06-08,478476400,2020-06-01,468683700.0,2020-05-18,309109000.0,2020-05-11,260830400.0,2020-05-04,241222200.0,2020-04-27,241042700.0,2020-04-20,226509100.0,2020-04-13,183544700.0,2020-04-06,162972200.0,2020-03-16,153730300.0
BA,171258672390.1499,weekly,2020-06-06,430739300,2020-05-30,285395800.0,2020-03-21,278796700.0,2020-03-14,224861100.0,2020-03-07,106051500.0,2020-01-18,65610900.0,2020-01-04,38830100.0,,,,,,
RGA,14103673236.580145,weekly,2020-06-01,11305100,2020-03-23,7659000.0,2020-03-16,6080500.0,2020-03-09,4919600.0,2020-02-24,4113000.0,2020-01-27,3968800.0,2020-01-20,1789100.0,2020-01-13,1628700.0,2020-01-06,1580900.0,,
AAL,11818952101.112692,weekly,2020-06-01,1014197100,2020-04-27,490054000.0,2020-04-06,432644800.0,2020-03-23,380089600.0,2020-03-16,355697700.0,2020-03-09,255581100.0,2020-03-02,217664400.0,2020-02-24,132610900.0,2020-01-20,69940900.0,2020-01-06,37714200.0
ZM,25358722790.87065,weekly,2020-06-01,130149200,2020-04-20,93422400.0,2020-03-23,87350400.0,2020-03-02,84418800.0,2020-02-24,67595100.0,2020-02-03,33726500.0,2020-01-06,17046400.0,,,,,,
DAL,60817964950.91956,weekly,2020-06-01,420034200,2020-04-06,353258300.0,2020-03-23,273630800.0,2020-03-16,232561700.0,2020-03-09,147404400.0,2020-03-02,115552700.0,2020-02-24,91605900.0,2020-01-13,43542000.0,2020-01-06,33202700.0,,
WMG,14062755104.429062,weekly,2020-06-01,55500700,,,,,,,,,,,,,,,,,,
ECL,79829750340.9367,weekly,2020-05-30,109304600,2020-05-23,50614600.0,2020-05-16,14186300.0,2020-03-21,12987200.0,2020-03-14,12437000.0,2020-03-07,11654800.0,2020-02-29,10205600.0,2020-02-22,9850500.0,2020-02-01,6513200.0,2020-01-04,5981600.0
RNR,13625093126.030376,weekly,2020-05-30,8669100,2020-03-21,3379400.0,2020-01-04,2985200.0,,,,,,,,,,,,,,
SPG,73576326936.00226,weekly,2020-05-30,72368100,2020-05-09,58180000.0,2020-04-25,54093400.0,2020-03-14,48122700.0,2020-03-07,33075300.0,2020-02-29,19191300.0,2020-02-22,18990500.0,2020-02-08,14969200.0,2020-02-01,14819800.0,2020-01-25,10711400.0
KEYS,56166472082.20891,weekly,2020-05-25,20672600,2020-02-24,17624600.0,2020-01-27,10726600.0,2020-01-13,7778600.0,2020-01-06,5787100.0,,,,,,,,,,
REGN,66352621821.44613,weekly,2020-05-23,24189200,2020-03-14,12697500.0,2020-02-22,12512300.0,2020-02-01,6069200.0,2020-01-18,4649400.0,2020-01-11,3440100.0,2020-01-04,3325900.0,,,,,,
YUM,43109909418.66469,weekly,2020-05-23,26947300,2020-03-14,25810700.0,2020-03-07,19050200.0,2020-02-22,15399800.0,2020-02-01,10749300.0,2020-01-11,10453400.0,2020-01-04,7616700.0,,,,,,
KIM,17459953052.151257,weekly,2020-05-23,69976100,2020-05-09,54299100.0,2020-03-14,48577900.0,2020-03-07,37650400.0,2020-02-29,27329000.0,2020-02-22,27161000.0,2020-01-25,26332000.0,2020-01-11,19087700.0,2020-01-04,17183800.0,,
BJ,11348164124.305874,weekly,2020-05-18,50364000,2020-03-16,24649700.0,2020-03-02,20794200.0,2020-02-24,12738900.0,2020-01-06,7560600.0,,,,,,,,,,
WST,24786707000.70161,weekly,2020-05-16,19746100,2020-03-07,4306300.0,2020-02-22,2571600.0,2020-01-04,2351700.0,,,,,,,,,,,,
DXCM,27065129688.21675,weekly,2020-05-11,126044000,2020-05-04,44861200.0,2020-04-13,37021200.0,2020-03-16,36359200.0,2020-03-09,32434400.0,2020-02-17,27162000.0,2020-02-10,25436800.0,2020-01-13,18308800.0,2020-01-06,17337200.0,,
BLK,157094246962.63376,weekly,2020-05-09,31625800,2020-03-14,8105200.0,2020-03-07,7599000.0,2020-02-29,6525500.0,2020-02-22,6413200.0,2020-01-11,4027700.0,2020-01-04,2552800.0,,,,,,
MRSH,81437721282.1867,weekly,2020-05-09,30568300,2020-03-07,23493200.0,2020-02-29,18754800.0,2020-02-22,12439000.0,2020-01-25,10022300.0,2020-01-11,7998800.0,2020-01-04,6356200.0,,,,,,
WFC,256627481070.1329,weekly,2020-05-09,334796800,2020-03-14,294522900.0,2020-03-07,284938700.0,2020-02-29,225008100.0,2020-01-11,195703300.0,2020-01-04,77659500.0,,,,,,,,
LH,22260539694.22168,weekly,2020-04-25,11433273,2020-03-07,10626388.0,2020-02-29,8632805.0,2020-02-22,5933840.0,2020-01-11,5433320.0,2020-01-04,4097977.0,,,,,,,,
LUV,25372243472.553463,weekly,2020-04-25,268184700,2020-04-11,75958600.0,2020-03-14,68873500.0,2020-03-07,60140300.0,2020-02-22,48383300.0,2020-01-25,31865100.0,2020-01-18,26836700.0,2020-01-11,20013500.0,2020-01-04,19203100.0,,
DGX,23232966589.79616,weekly,2020-04-25,16050100,2020-03-07,15650200.0,2020-02-29,12499900.0,2020-02-22,7769000.0,2020-01-25,6537300.0,2020-01-11,3737000.0,2020-01-04,3160100.0,,,,,,
EXEL,13766717176.594591,weekly,2020-04-20,42104500,2020-03-16,24889200.0,2020-01-13,24320600.0,2020-01-06,18034900.0,,,,,,,,,,,,
PR,15674034618.629902,weekly,2020-04-20,183419700,2020-03-09,95071400.0,2020-02-24,47595600.0,2020-01-20,39556500.0,2020-01-13,30732900.0,2020-01-06,28463300.0,,,,,,,,
IVZ,11596640239.115578,weekly,2020-04-18,77740900,2020-03-14,48969100.0,2020-03-07,45712100.0,2020-02-29,40144600.0,2020-02-22,40005800.0,2020-01-25,28711200.0,2020-01-11,24083200.0,2020-01-04,18767500.0,,,,
OTIS,28084177709.93725,weekly,2020-04-06,62062100,2020-03-30,33350300.0,2020-03-23,389000.0,2020-03-16,10600.0,,,,,,,,,,,,
CARR,61122414899.13554,weekly,2020-04-06,144989300,2020-03-30,86571000.0,2020-03-23,696900.0,2020-03-16,2400.0,,,,,,,,,,,,
RCL,85320866357.76198,weekly,2020-04-04,159523100,2020-03-21,147311700.0,2020-03-07,129576900.0,2020-02-29,58774100.0,2020-02-22,47841600.0,2020-02-01,16417400.0,2020-01-25,15743900.0,2020-01-18,10019300.0,2020-01-04,6221700.0,,
APA,11668051152.85248,weekly,2020-04-04,195495500,2020-03-28,185405400.0,2020-03-07,115387300.0,2020-01-04,67212600.0,,,,,,,,,,,,
WES,16936535016.973116,weekly,2020-03-30,39482700,2020-03-16,38848900.0,2020-03-09,37479100.0,2020-02-24,17258600.0,2020-01-06,12429000.0,,,,,,,,,,
MLM,36991876335.12035,weekly,2020-03-28,7280100,2020-03-14,5996800.0,2020-02-22,4613400.0,2020-01-11,3698500.0,2020-01-04,2428900.0,,,,,,,,,,
CCL,40211888831.85137,weekly,2020-03-28,727847900,2020-03-21,357654900.0,2020-03-14,295013000.0,2020-03-07,220869200.0,2020-02-29,121793100.0,2020-02-22,111429500.0,2020-01-25,45314900.0,2020-01-18,29985400.0,2020-01-04,24394600.0,,
V,633499281870.2192,weekly,2020-03-23,107465600,2020-03-16,106832400.0,2020-03-09,98620600.0,2020-02-24,86266100.0,2020-01-13,50860700.0,2020-01-06,33548200.0,,,,,,,,
MGM,12585322049.555082,weekly,2020-03-21,219743200,2020-03-14,206386800.0,2020-03-07,193169300.0,2020-02-29,88662000.0,2020-02-22,75435400.0,2020-02-08,49070200.0,2020-01-25,33733700.0,2020-01-18,32096000.0,2020-01-11,26201700.0,2020-01-04,17690600.0
WM,90567378429.41504,weekly,2020-03-21,27177400,2020-03-14,25762400.0,2020-03-07,22140000.0,2020-02-22,18824600.0,2020-01-04,8914600.0,,,,,,,,,,
ORLY,74211437423.46489,weekly,2020-03-21,142480500,2020-03-07,98425500.0,2020-02-01,86236500.0,2020-01-25,47583000.0,2020-01-04,46630500.0,,,,,,,,,,
AFL,61154536725.83355,weekly,2020-03-21,44204400,2020-03-14,34716200.0,2020-02-29,33702700.0,2020-02-22,28554100.0,2020-02-01,18546700.0,2020-01-11,17469000.0,2020-01-04,16027000.0,,,,,,
BN,95754245581.51865,weekly,2020-03-21,86881351,2020-03-14,59503698.0,2020-03-07,59092538.0,2020-02-22,41795472.0,2020-01-11,17488773.0,2020-01-04,13148461.0,,,,,,,,
MAS,16132703096.781109,weekly,2020-03-21,29082200,2020-03-07,28415600.0,2020-02-22,26786700.0,2020-02-08,23393500.0,2020-01-11,12984100.0,2020-01-04,11422700.0,,,,,,,,
TXT,15862152052.142826,weekly,2020-03-21,20023900,2020-03-07,16215900.0,2020-02-01,14222400.0,2020-01-25,12810500.0,2020-01-11,7257400.0,2020-01-04,7010900.0,,,,,,,,
KO,355514114424.84546,weekly,2020-03-21,197706000,2020-03-14,189667700.0,2020-03-07,143619900.0,2020-02-29,113626300.0,2020-02-22,110813000.0,2020-01-25,80674500.0,2020-01-11,72882000.0,2020-01-04,63786300.0,,,,
LAMR,15840263260.67958,weekly,2020-03-21,11372400,2020-03-14,8897000.0,2020-03-07,6118100.0,2020-02-29,4194600.0,2020-02-22,3504300.0,2020-02-15,2288600.0,2020-01-25,1703000.0,2020-01-11,1573900.0,2020-01-04,1493200.0,,
THC,16279893412.031096,weekly,2020-03-21,21862100,2020-03-14,19385300.0,2020-03-07,15220200.0,2020-02-29,12150600.0,2020-02-22,11291500.0,2020-01-11,7094700.0,2020-01-04,5631000.0,,,,,,
ABBV,447616966582.3026,weekly,2020-03-17,104721200,2020-03-10,86067400.0,2020-03-03,67410500.0,2020-02-25,65958500.0,2020-01-21,59305100.0,2020-01-07,40330900.0,,,,,,,,
CMG,42766350235.90212,weekly,2020-03-16,369900000,2020-03-09,305030000.0,2020-02-24,241295000.0,2020-02-03,186855000.0,2020-01-06,83510000.0,,,,,,,,,,
TXRH,12921784908.526625,weekly,2020-03-16,14258800,2020-03-09,11123400.0,2020-02-24,8768900.0,2020-02-17,6079800.0,2020-01-27,5662600.0,2020-01-13,4960900.0,2020-01-06,4560900.0,,,,,,
ARCC,13060836169.808784,weekly,2020-03-16,59749000,2020-03-09,39224700.0,2020-02-24,33732000.0,2020-01-13,9644900.0,2020-01-06,8192200.0,,,,,,,,,,
HLT,75775035873.7406,weekly,2020-03-16,62693000,2020-03-09,42210500.0,2020-03-02,33785200.0,2020-02-24,29987900.0,2020-01-27,14062300.0,2020-01-20,9460800.0,2020-01-06,8954800.0,,,,,,
USFD,21649990604.60528,weekly,2020-03-16,58834700,2020-03-09,21058600.0,2020-02-24,13292500.0,2020-02-10,9030300.0,2020-02-03,6986200.0,2020-01-06,5405300.0,,,,,,,,
AM,11014786714.084175,weekly,2020-03-16,66782400,2020-02-24,48302600.0,2020-02-10,47855800.0,2020-01-27,43201300.0,2020-01-20,27863500.0,2020-01-06,22045900.0,,,,,,,,
CQP,29299796612.379185,weekly,2020-03-16,8111800,2020-03-09,3448300.0,2020-02-24,2884000.0,2020-02-03,1759400.0,2020-01-20,1136200.0,2020-01-13,1083200.0,2020-01-06,1042500.0,,,,,,
ET,65967022524.65537,weekly,2020-03-16,337822900,2020-03-09,331609900.0,2020-02-24,181269400.0,2020-02-10,108931700.0,2020-02-03,84301100.0,2020-01-06,72629000.0,,,,,,,,
SGI,16393947311.101412,weekly,2020-03-16,69716000,2020-02-10,36837600.0,2020-01-27,22194400.0,2020-01-20,12196400.0,2020-01-13,10967200.0,2020-01-06,10195200.0,,,,,,,,
FTNT,110886326360.75468,weekly,2020-03-16,95041000,2020-03-09,77554500.0,2020-02-24,66949000.0,2020-02-03,36058000.0,2020-01-27,34259000.0,2020-01-06,27078000.0,,,,,,,,
AMP,40706300775.38039,weekly,2020-03-16,8833000,2020-03-09,8551400.0,2020-03-02,7204500.0,2020-02-24,6502100.0,2020-01-27,3905000.0,2020-01-06,3759000.0,,,,,,,,
H,18613865615.788845,weekly,2020-03-16,19324500,2020-03-09,10558200.0,2020-03-02,8194400.0,2020-02-24,7500300.0,2020-01-27,4270700.0,2020-01-06,3343000.0,,,,,,,,
TDG,74087389036.8767,weekly,2020-03-16,11126700,2020-03-09,6470100.0,2020-03-02,3626600.0,2020-02-24,3267600.0,2020-02-03,2297300.0,2020-01-13,1909500.0,2020-01-06,1615000.0,,,,,,
HCA,86890212619.03552,weekly,2020-03-16,30346900,2020-03-09,21262500.0,2020-03-02,16546400.0,2020-02-24,14481800.0,2020-01-27,11341100.0,2020-01-13,6912700.0,2020-01-06,4653900.0,,,,,,
LYV,41762639067.50316,weekly,2020-03-16,49211100,2020-03-09,49103900.0,2020-02-24,33713000.0,2020-01-27,7922800.0,2020-01-13,7652900.0,2020-01-06,5263100.0,,,,,,,,
MPC,74169415690.0893,weekly,2020-03-16,82566300,2020-03-09,82299000.0,2020-03-02,57018900.0,2020-02-24,52583800.0,2020-01-27,37625900.0,2020-01-06,31162300.0,,,,,,,,
GOOG,4065043637714.511,weekly,2020-03-16,392004000,2020-03-09,330242000.0,2020-02-24,286304000.0,2020-02-03,236154000.0,2020-01-27,163338000.0,2020-01-06,161692000.0,,,,,,,,
SSNC,15331494470.412563,weekly,2020-03-16,20955100,2020-03-09,17317000.0,2020-02-24,13365800.0,2020-01-06,8968900.0,,,,,,,,,,,,
TEL,57719480172.84491,weekly,2020-03-16,24806200,2020-03-09,17422800.0,2020-02-24,12439700.0,2020-01-27,11579200.0,2020-01-13,8108400.0,2020-01-06,8037200.0,,,,,,,,
SYF,26458881888.482166,weekly,2020-03-16,76423200,2020-03-09,65203300.0,2020-02-24,56347900.0,2020-01-20,35627500.0,2020-01-13,27734400.0,2020-01-06,21823600.0,,,,,,,,
CME,80081420701.24443,weekly,2020-03-16,23379500,2020-02-24,18455200.0,2020-02-03,7624600.0,2020-01-06,7315500.0,,,,,,,,,,,,
AMZN,2503071719899.4946,weekly,2020-03-14,993948000,2020-03-07,814544000.0,2020-02-22,712314000.0,2020-01-25,606384000.0,2020-01-04,352714000.0,,,,,,,,,,
ADSK,41410859067.98998,weekly,2020-03-14,21239000,2020-03-07,18349800.0,2020-02-22,14265200.0,2020-01-11,8625500.0,2020-01-04,5107300.0,,,,,,,,,,
AME,54440296565.91459,weekly,2020-03-14,16414600,2020-03-07,14843100.0,2020-02-29,11804200.0,2020-02-22,10608600.0,2020-02-01,8440100.0,2020-01-11,6121100.0,2020-01-04,4902300.0,,,,,,
DUK,100100151456.73828,weekly,2020-03-14,35595200,2020-03-07,32111200.0,2020-02-29,25998300.0,2020-02-22,25221000.0,2020-02-08,21451500.0,2020-01-25,14961600.0,2020-01-11,14643800.0,2020-01-04,14576700.0,,,,
RSG,66575433087.81737,weekly,2020-03-14,12074300,2020-03-07,11288200.0,2020-02-22,9406300.0,2020-01-25,6215300.0,2020-01-11,5902100.0,2020-01-04,5890400.0,,,,,,,,
DIS,171549961856.8755,weekly,2020-03-14,169322800,2020-03-07,156441600.0,2020-02-22,137782300.0,2020-02-01,84437200.0,2020-01-25,56830900.0,2020-01-11,48882300.0,2020-01-04,33969900.0,,,,,,
HST,17163074253.794231,weekly,2020-03-14,141525500,2020-03-07,83283900.0,2020-02-22,78504200.0,2020-01-25,45704700.0,2020-01-04,38240800.0,,,,,,,,,,
TJX,171704218127.43686,weekly,2020-03-14,86558600,2020-03-07,60698900.0,2020-02-22,54209100.0,2020-01-11,23320700.0,2020-01-04,22905600.0,,,,,,,,,,
GS,300792501542.2654,weekly,2020-03-14,37417000,2020-03-07,33287000.0,2020-02-22,26228900.0,2020-01-11,20150000.0,2020-01-04,18378000.0,,,,,,,,,,
NVR,18432438799.443653,weekly,2020-03-14,407700,2020-03-07,243300.0,2020-01-04,178400.0,,,,,,,,,,,,,,
TRV,69613492017.0892,weekly,2020-03-14,23222800,2020-03-07,16393600.0,2020-02-29,13463400.0,2020-02-22,11936100.0,2020-01-18,8653200.0,2020-01-04,6672000.0,,,,,,,,
CB,132430958010.01244,weekly,2020-03-14,21423400,2020-03-07,17133100.0,2020-02-29,14114000.0,2020-02-22,13687900.0,2020-02-01,11775700.0,2020-01-04,9053900.0,,,,,,,,
PAA,15415867746.063828,weekly,2020-03-14,80032500,2020-03-07,57166100.0,2020-02-29,36810400.0,2020-02-22,35213000.0,2020-02-01,28625500.0,2020-01-11,19765100.0,2020-01-04,19439100.0,,,,,,
PG,347007841024.9673,weekly,2020-03-14,96309000,2020-03-07,79358300.0,2020-02-22,59414500.0,2020-01-11,38631500.0,2020-01-04,29514000.0,,,,,,,,,,
CTAS,68774975759.44469,weekly,2020-03-14,38152400,2020-03-07,23462800.0,2020-02-22,18000800.0,2020-01-04,10522800.0,,,,,,,,,,,,
COST,422431311586.9005,weekly,2020-03-14,31348600,2020-02-29,29507700.0,2020-02-22,18135300.0,2020-01-04,12396700.0,,,,,,,,,,,,
COF,125667968180.32211,weekly,2020-03-14,46282300,2020-03-07,29271200.0,2020-02-22,20172500.0,2020-01-18,13441600.0,2020-01-11,11963800.0,2020-01-04,8692500.0,,,,,,,,
WELL,160475524014.83755,weekly,2020-03-14,42826800,2020-03-07,39011400.0,2020-02-29,24558300.0,2020-02-22,19837500.0,2020-02-15,10555400.0,2020-02-08,10274100.0,2020-02-01,10261800.0,2020-01-25,10120300.0,2020-01-11,9685600.0,2020-01-04,8566800.0
MSFT,2770583136248.3843,weekly,2020-03-14,421347800,2020-02-22,382778100.0,2020-02-08,194512400.0,2020-01-25,179472700.0,2020-01-11,124758900.0,2020-01-04,112305200.0,,,,,,,,
TOL,15342330223.558737,weekly,2020-03-14,28219500,2020-02-22,21872900.0,2020-01-04,13894600.0,,,,,,,,,,,,,,
HD,347854131688.9792,weekly,2020-03-14,69554400,2020-03-07,45802000.0,2020-02-22,39797000.0,2020-01-11,26790300.0,2020-01-04,25354600.0,,,,,,,,,,
MCO,78616746720.05757,weekly,2020-03-14,12349700,2020-03-07,11333000.0,2020-02-29,8237100.0,2020-02-22,7013400.0,2020-02-08,4499700.0,2020-01-04,3751200.0,,,,,,,,
RJF,29220761766.638985,weekly,2020-03-14,18800700,2020-02-29,17814750.0,2020-02-22,11012700.0,2020-01-18,10551600.0,2020-01-11,10067250.0,2020-01-04,5462400.0,,,,,,,,
DRI,24478420350.67682,weekly,2020-03-14,43101200,2020-03-07,16707500.0,2020-02-29,11037900.0,2020-02-22,10433900.0,2020-01-11,8841300.0,2020-01-04,8226300.0,,,,,,,,
MAR,99492357626.28188,weekly,2020-03-14,82963000,2020-03-07,38602700.0,2020-02-29,34283000.0,2020-02-22,26892300.0,2020-01-25,9809200.0,2020-01-18,7990800.0,2020-01-04,7710300.0,,,,,,
PHM,26212827341.390327,weekly,2020-03-14,42404100,2020-03-07,28735800.0,2020-01-25,27908400.0,2020-01-04,19273000.0,,,,,,,,,,,,
DHI,47156454207.9824,weekly,2020-03-14,46065700,2020-03-07,33918100.0,2020-02-29,31296200.0,2020-02-22,27484900.0,2020-01-25,23576600.0,2020-01-04,23211800.0,,,,,,,,
J,14841585635.221235,weekly,2020-03-14,11880185,2020-03-07,10532305.0,2020-02-22,9233750.0,2020-02-01,7218035.0,2020-01-25,5507947.0,2020-01-18,4789456.0,2020-01-04,4267785.0,,,,,,
SYY,39603081080.97044,weekly,2020-03-14,79415300,2020-03-07,41534000.0,2020-02-01,20051400.0,2020-01-11,16457000.0,2020-01-04,10072500.0,,,,,,,,,,
SNA,20570540761.198902,weekly,2020-03-14,4931000,2020-02-22,4121800.0,2020-02-01,3101500.0,2020-01-04,1591900.0,,,,,,,,,,,,
MCD,191666066815.73135,weekly,2020-03-14,60450500,2020-03-07,36370700.0,2020-02-22,31193500.0,2020-01-04,22300000.0,,,,,,,,,,,,
LOW,124746109774.579,weekly,2020-03-14,64911200,2020-03-07,43593700.0,2020-02-22,43479400.0,2020-01-11,21009100.0,2020-01-04,17180100.0,,,,,,,,,,
AXP,232236613160.1217,weekly,2020-03-14,64482900,2020-03-07,55769400.0,2020-02-29,48565800.0,2020-02-22,38867300.0,2020-01-25,18614600.0,2020-01-18,18040000.0,2020-01-11,16392800.0,2020-01-04,13932000.0,,,,
BPOP,10699707444.74532,weekly,2020-03-14,14436100,2020-03-07,9181600.0,2020-02-08,5825700.0,2020-01-25,3341700.0,2020-01-04,2734900.0,,,,,,,,,,
VMC,40399182921.025024,weekly,2020-03-14,12190100,2020-03-07,8934100.0,2020-02-22,8521200.0,2020-02-15,5858300.0,2020-01-11,5019100.0,2020-01-04,3758400.0,,,,,,,,
HEI,40974095496.31705,weekly,2020-03-14,8628700,2020-02-22,8250800.0,2020-02-01,2573900.0,2020-01-04,2499500.0,,,,,,,,,,,,
WAB,45733134792.84015,weekly,2020-03-14,18036800,2020-03-07,16530100.0,2020-02-29,14944100.0,2020-02-22,9628200.0,2020-02-15,6223500.0,2020-02-08,5887800.0,2020-01-04,5492900.0,,,,,,
CLX,11794667924.597672,weekly,2020-03-14,30018500,2020-02-22,16305200.0,2020-02-01,8837200.0,2020-01-25,7088300.0,2020-01-11,4058600.0,2020-01-04,3997200.0,,,,,,,,
DTE,32125810635.79877,weekly,2020-03-14,18713874,2020-03-07,16783113.0,2020-02-29,14199759.0,2020-02-22,11963616.0,2020-02-01,7011932.0,2020-01-25,6431951.0,2020-01-18,5959836.0,2020-01-11,5588066.0,2020-01-04,5202079.0,,
AIG,40067684573.43086,weekly,2020-03-14,69091800,2020-03-07,66393000.0,2020-02-29,54351100.0,2020-02-22,43817600.0,2020-02-08,36468700.0,2020-01-11,25052300.0,2020-01-04,20814700.0,,,,,,
SYK,127547948653.75397,weekly,2020-03-14,23463900,2020-03-07,17756200.0,2020-02-29,13693900.0,2020-02-22,10787500.0,2020-01-11,10761800.0,2020-01-04,5368200.0,,,,,,,,
AAPL,4167977919594.3657,weekly,2020-03-14,1620263600,2020-03-07,1616839600.0,2020-02-22,1398039200.0,2020-01-25,866734800.0,2020-01-04,670091600.0,,,,,,,,,,
L,23303325428.189808,weekly,2020-03-14,14165100,2020-03-07,11819700.0,2020-02-22,9212500.0,2020-02-08,4716800.0,2020-02-01,4482000.0,2020-01-11,4276300.0,2020-01-04,3806600.0,,,,,,
VTR,44308582674.1759,weekly,2020-03-14,61973400,2020-03-07,39829600.0,2020-02-29,28853900.0,2020-02-22,23351700.0,2020-01-11,14282300.0,2020-01-04,9551000.0,,,,,,,,
RTX,253162997924.45087,weekly,2020-03-14,129496350,2020-03-07,102193199.0,2020-02-22,71495784.0,2020-01-25,36336934.0,2020-01-11,27871537.0,2020-01-04,21538419.0,,,,,,,,
WMB,95296025335.98865,weekly,2020-03-14,147737200,2020-03-07,147221500.0,2020-02-22,104262100.0,2020-01-25,68094500.0,2020-01-18,57014200.0,2020-01-04,47882700.0,,,,,,,,
FANG,50611080962.29253,weekly,2020-03-09,52561000,2020-02-24,18358700.0,2020-01-27,12907500.0,2020-01-13,9556300.0,2020-01-06,9349500.0,,,,,,,,,,
DLR,67821371770.95719,weekly,2020-03-09,63268900,2020-03-02,19438300.0,2020-02-24,18897100.0,2020-02-17,12704800.0,2020-02-10,10949800.0,2020-01-13,9511100.0,2020-01-06,7740100.0,,,,,,
OVV,14947378333.76975,weekly,2020-03-09,141098200,2020-02-24,37558700.0,2020-01-20,22677580.0,2020-01-13,18907900.0,2020-01-06,17866900.0,,,,,,,,,,
MPLX,57352752065.60513,weekly,2020-03-09,51563200,2020-02-24,29065500.0,2020-01-27,24207500.0,2020-01-06,20277600.0,,,,,,,,,,,,
CPAY,21731529531.70203,weekly,2020-03-09,10975000,2020-03-02,7298000.0,2020-02-24,6599000.0,2020-01-06,5560000.0,,,,,,,,,,,,
BIP,16910020669.760923,weekly,2020-03-09,10777872,2020-02-24,4898880.0,2020-01-06,2166192.0,,,,,,,,,,,,,,
MET,55303388378.64056,weekly,2020-03-09,65500600,2020-02-24,56619500.0,2020-01-06,31051000.0,,,,,,,,,,,,,,
AR,10896932068.009563,weekly,2020-03-09,134833900,2020-03-02,72300000.0,2020-02-24,65896600.0,2020-01-27,63760400.0,2020-01-06,57484400.0,,,,,,,,,,
KMI,73841960683.68344,weekly,2020-03-09,185549300,2020-02-24,112350200.0,2020-01-27,76460300.0,2020-01-06,71650500.0,,,,,,,,,,,,
CNP,29463794851.402985,weekly,2020-03-07,66761900,2020-02-29,44764200.0,2020-02-22,43765200.0,2020-02-15,34742200.0,2020-01-04,27828700.0,,,,,,,,,,
EOG,70626534380.23802,weekly,2020-03-07,72296500,2020-02-29,34715900.0,2020-02-22,34553500.0,2020-01-04,28001600.0,,,,,,,,,,,,
CAT,459471616500.0807,weekly,2020-03-07,42477500,2020-02-22,29377200.0,2020-01-25,18952600.0,2020-01-11,15140300.0,2020-01-04,12210900.0,,,,,,,,,,
CHKP,13555474678.705635,weekly,2020-03-07,16370300,2020-02-22,10982100.0,2020-02-01,6484800.0,2020-01-25,5926200.0,2020-01-11,5416700.0,2020-01-04,5340600.0,,,,,,,,
MS,334431709756.5485,weekly,2020-03-07,143934400,2020-02-22,140318900.0,2020-02-15,101043000.0,2020-01-11,79273300.0,2020-01-04,33194800.0,,,,,,,,,,
JPM,881693237874.0941,weekly,2020-03-07,197850200,2020-02-29,148884000.0,2020-02-22,128178100.0,2020-01-11,79036100.0,2020-01-04,50145500.0,,,,,,,,,,
FAST,54072448000.08952,weekly,2020-03-07,99514800,2020-02-29,70772200.0,2020-02-22,63758000.0,2020-01-11,63678800.0,2020-01-04,36786400.0,,,,,,,,,,
LNG,50636117569.00026,weekly,2020-03-07,29424000,2020-02-22,25254700.0,2020-02-01,10885900.0,2020-01-11,9766400.0,2020-01-04,9452100.0,,,,,,,,,,
SLB,70267705294.03206,weekly,2020-03-07,236953900,2020-02-22,105261600.0,2020-01-11,68777700.0,2020-01-04,58109100.0,,,,,,,,,,,,
PH,122167619392.3541,weekly,2020-03-07,12750300,2020-02-29,9147300.0,2020-02-22,8593200.0,2020-01-25,7338900.0,2020-01-18,3903800.0,2020-01-11,3827000.0,2020-01-04,3534700.0,,,,,,
XOM,565951112204.8378,weekly,2020-03-07,330945100,2020-02-29,209216600.0,2020-02-22,208900100.0,2020-02-01,122578500.0,2020-01-25,107926100.0,2020-01-04,79414700.0,,,,,,,,
EXPD,21022059323.9572,weekly,2020-03-07,17530900,2020-02-22,14657900.0,2020-01-25,11771300.0,2020-01-11,7435100.0,2020-01-04,4757800.0,,,,,,,,,,
URI,70268137563.56467,weekly,2020-03-07,14559700,2020-02-29,9668900.0,2020-02-22,9077100.0,2020-01-25,8492900.0,2020-01-11,5893300.0,2020-01-04,3838000.0,,,,,,,,
GWW,63908146893.50452,weekly,2020-03-07,3278100,2020-01-25,2856200.0,2020-01-11,1460900.0,2020-01-04,1449600.0,,,,,,,,,,,,
CI,74807118833.67719,weekly,2020-03-07,22104400,2020-02-29,20153800.0,2020-02-22,17375300.0,2020-02-01,11487500.0,2020-01-25,9947200.0,2020-01-11,8742900.0,2020-01-04,7134200.0,,,,,,
EPD,79119864944.73044,weekly,2020-03-07,141233300,2020-02-22,64249100.0,2020-01-25,38891400.0,2020-01-04,25360600.0,,,,,,,,,,,,
COP,129090430887.74287,weekly,2020-03-07,102715600,2020-02-22,63679700.0,2020-02-01,44293600.0,2020-01-04,34506900.0,,,,,,,,,,,,
WWD,25717153762.8194,weekly,2020-03-07,7397200,2020-01-11,5706000.0,2020-01-04,1767900.0,,,,,,,,,,,,,,
A,38413567391.17585,weekly,2020-03-07,21437600,2020-02-22,14848200.0,2020-02-15,11919900.0,2020-01-25,10528800.0,2020-01-11,10250000.0,2020-01-04,8855200.0,,,,,,,,
GD,93760849565.57014,weekly,2020-03-07,17905600,2020-02-22,14011900.0,2020-01-25,8907600.0,2020-01-04,7051300.0,,,,,,,,,,,,
VLO,77015451759.48239,weekly,2020-03-07,56589800,2020-02-29,34087700.0,2020-02-22,27732300.0,2020-01-25,20090500.0,2020-01-04,17875600.0,,,,,,,,,,
HAL,28578956068.88982,weekly,2020-03-07,255942700,2020-02-29,135447600.0,2020-02-22,89088700.0,2020-01-04,62715200.0,,,,,,,,,,,,
CSCO,448417043441.5398,weekly,2020-03-07,281381000,2020-02-22,253464700.0,2020-02-08,147659100.0,2020-01-11,99746600.0,2020-01-04,95567600.0,,,,,,,,,,
EMR,80368743472.2684,weekly,2020-03-07,56266000,2020-02-29,26648400.0,2020-02-22,23835600.0,2020-01-25,17912500.0,2020-01-11,14059800.0,2020-01-04,13776500.0,,,,,,,,
SCI,10468818102.605942,weekly,2020-03-07,12533800,2020-02-22,7195100.0,2020-02-01,4705400.0,2020-01-04,3646500.0,,,,,,,,,,,,
CMS,24345952104.910896,weekly,2020-03-07,25374300,2020-02-29,17055800.0,2020-02-22,15051600.0,2020-01-25,10552400.0,2020-01-11,9265500.0,2020-01-04,7858000.0,,,,,,,,
IR,31843078541.325096,weekly,2020-03-02,114349500,2020-02-24,20371800.0,2020-02-17,10272000.0,2020-02-10,8092900.0,2020-02-03,6475500.0,2020-01-13,5328200.0,2020-01-06,4413000.0,,,,,,
MCK,89390027677.0532,weekly,2020-02-29,87767900,2020-02-22,32156100.0,2020-02-08,24118100.0,2020-02-01,9337300.0,2020-01-11,7249800.0,2020-01-04,4712300.0,,,,,,,,
BNY,98536577105.5441,weekly,2020-02-29,57849800,2020-02-22,43132000.0,2020-01-25,35991000.0,2020-01-11,35956200.0,2020-01-04,17576900.0,,,,,,,,,,
TT,105640202001.84932,weekly,2020-02-29,15762800,2020-02-22,15340776.0,2020-01-25,14841031.0,2020-01-04,8393840.0,,,,,,,,,,,,
MA,440926039848.9146,weekly,2020-02-24,56595600,2020-01-27,21342000.0,2020-01-13,20996300.0,2020-01-06,15954200.0,,,,,,,,,,,,
HWM,107576904699.3498,weekly,2020-02-24,57296456,2020-01-27,36522693.0,2020-01-20,32869798.0,2020-01-13,23784178.0,2020-01-06,20278634.0,,,,,,,,,,
GILD,158771944425.49997,weekly,2020-02-22,202374100,2020-02-01,128741300.0,2020-01-18,53501000.0,2020-01-11,47970700.0,2020-01-04,34034800.0,,,,,,,,,,
NVDA,4659226130754.958,weekly,2020-02-22,4699812000,2020-02-08,3112748000.0,2020-01-25,1701284000.0,2020-01-11,1480016000.0,2020-01-04,1426008000.0,,,,,,,,,,
ROKU,20085528877.24486,weekly,2020-02-10,130179300,2020-01-06,63358500.0,,,,,,,,,,,,,,,,
TSLA,1426085802052.2163,weekly,2020-02-03,3200578500,2020-01-13,1623726000.0,2020-01-06,1508389500.0,,,,,,,,,,,,,,
ICE,70044378560.42107,weekly,2020-02-03,56305800,2020-01-13,14164800.0,2020-01-06,11786100.0,,,,,,,,,,,,,,
UI,31854588664.898968,weekly,2020-02-03,2094700,2020-01-13,1478800.0,2020-01-06,1132200.0,,,,,,,,,,,,,,
TKO,41260343942.806274,weekly,2020-02-01,30410900,2020-01-25,22882000.0,2020-01-04,8753800.0,,,,,,,,,,,,,,
EBAY,47894280000.0,weekly,2020-02-01,131106200,2020-01-25,78114600.0,2020-01-11,45219100.0,2020-01-04,35257700.0,,,,,,,,,,,,
GEN,14729508491.0296,weekly,2020-01-11,88431900,2020-01-04,49482400.0,,,,,,,,,,,,,,,,
AYI,10851037473.614738,weekly,2020-01-06,5324600,,,,,,,,,,,,,,,,,,
